chembl_id,smiles,inchi_key,therapeutic_area,indication,is_fda_approved,approval_year,molecular_weight,logp,hbd,hba,tpsa,rotatable_bonds,aromatic_rings,heavy_atoms,num_rings,sp3_fraction,complexity,num_heteroatoms,num_saturated_rings,num_aliphatic_rings,num_aromatic_heterocycles,num_saturated_heterocycles,num_aliphatic_heterocycles,num_stereocenters,molar_refractivity,num_radical_electrons,num_valence_electrons,num_ro5_violations,is_drug_like
CHEMBL153534,Cc1cc(-c2csc(N=C(N)N)n2)cn1C,MFRNFCWYPYSFQQ-UHFFFAOYSA-N,Anti-infective,Infection,True,1993,235.316,1.36192,2,4,82.22,2,2,16,2,0.0,513.651823372169,6,0,0,2,0,0,0,66.7278,0,84,0,True
CHEMBL405398,Brc1cccc(Nc2ncnc3ccncc23)c1NCCN1CCOCC1,VDSXZXJEWIWBCG-UHFFFAOYSA-N,CNS/Neurology,Neurological disorder,True,1992,429.32200000000034,3.2750000000000004,2,7,75.2,6,3,27,4,0.0,910.3453932119412,8,1,1,2,1,1,0,110.50640000000001,0,140,0,True
CHEMBL503634,COc1c(O)cc(O)c(C(=N)Cc2ccc(O)cc2)c1O,OPELSESCRGGKAM-UHFFFAOYSA-N,Pain/Inflammation,Pain management,True,2015,289.287,2.1281699999999995,5,6,114.0,4,2,21,2,0.0,679.4535993726834,6,0,0,0,0,0,0,76.62790000000001,0,110,0,True
CHEMBL503643,CCOC(=O)c1cc2cc(C(=O)O)ccc2[nH]1,CAVYPAYXEMVXMS-UHFFFAOYSA-N,Pain/Inflammation,Pain management,True,2012,233.22299999999998,2.0428,2,3,79.39000000000001,3,2,17,2,0.0,585.2031958020821,5,0,0,1,0,0,0,61.21450000000002,0,88,0,True
CHEMBL503870,C[C@H](NC(=O)OCc1ccccc1)C(=O)N[C@@H](C)C(=O)NN(CC(N)=O)C(=O)/C=C/C(=O)N(Cc1ccco1)Cc1ccco1,QXUSQBUGZMVOOW-TVTVEFKISA-N,Immunology,Immune disorder,True,1998,622.6350000000003,1.1223000000000047,4,9,206.51999999999998,14,3,45,3,0.0,1436.3433364274347,15,0,0,2,0,0,2,156.68949999999975,0,238,1,True
CHEMBL501671,COc1cccc(CNC2(CCC(C)(C)C)C(=O)C(C3=NS(=O)(=O)c4cc(NS(C)(=O)=O)ccc4N3)=C(O)c3ccccc32)c1,BWBRRJGLAOHIOF-UHFFFAOYSA-N,CNS/Neurology,Neurological disorder,True,1991,652.7950000000002,4.942800000000004,4,9,163.25999999999996,9,3,45,5,0.0,1962.682495558902,13,0,2,0,0,1,1,174.3504999999996,0,238,1,True
CHEMBL403325,C[C@H]1CN(CCC(=O)N[C@@H](CCc2ccccc2)C(=O)O)CC[C@@]1(C)c1cccc(O)c1,YJYUIXQWAGWQFA-FPDDQMOCSA-N,Other,Various indications,True,2008,438.56800000000027,3.5840000000000014,3,4,89.87,9,2,32,3,0.0,917.0527141677402,6,1,1,0,1,1,3,124.62630000000006,0,172,0,True
CHEMBL155287,O=C(NO)c1ccc(I)cc1,HXIKIQLHKIBCOH-UHFFFAOYSA-N,Anti-infective,Infection,True,1998,263.034,1.4102000000000003,2,2,49.33,1,1,11,1,0.0,257.6480131294878,4,0,0,0,0,0,0,48.41170000000001,0,58,0,True
CHEMBL265174,C=CCc1ccc(OC(=O)C23CC4CC(CC(C4)C2)C3)c(OC)c1,MBCSWBZTDLYPDX-UHFFFAOYSA-N,Pain/Inflammation,Pain management,True,2003,326.43600000000004,4.545500000000004,0,3,35.53,5,1,24,5,0.0,625.7635327526165,3,4,4,0,0,0,0,93.13500000000006,0,128,0,True
CHEMBL264472,Cc1cccc(N2CCN(CCCON3C(=O)c4ccccc4C3=O)CC2)c1,RHECIYJIUGOBHK-UHFFFAOYSA-N,Pain/Inflammation,Pain management,True,1998,379.46000000000015,2.7349200000000016,0,5,53.09,6,2,28,4,0.0,839.8356289545894,6,1,2,0,1,2,0,107.34300000000006,0,146,0,True
CHEMBL405225,N=c1sc2ccccc2n1CCN1CCC(c2ccc(F)cc2)CC1,YIJMYOZUUPAERG-UHFFFAOYSA-N,CNS/Neurology,Neurological disorder,True,2006,355.482,4.200970000000003,1,4,32.02,4,3,25,4,0.0,904.5860077819768,5,1,1,1,1,1,0,100.48470000000005,0,130,0,True
CHEMBL409812,CCCCCCCCCCCCCC(=O)NCc1ccc(C(=O)N[C@H](C(=O)O)[C@@H](C)CC)cc1,ITPYFRWLCXHEKA-NVQXNPDNSA-N,Other,Various indications,True,2005,474.68600000000015,6.233000000000006,3,3,95.50000000000001,19,1,34,1,0.0,717.6212237351854,6,0,0,0,0,0,2,137.71169999999995,0,192,1,True
CHEMBL499520,O=C(Nc1ncc(F)s1)[C@H](CC1CCOCC1)c1ccc(S(=O)(=O)C2CC2)cc1,DBMFNEZMJWKKPU-QGZVFWFLSA-N,Other,Various indications,True,2016,438.54600000000016,3.7573000000000025,1,6,85.35999999999999,7,2,29,4,0.0,964.6223441724092,9,2,2,1,1,1,1,108.25250000000004,0,156,0,True
CHEMBL1082532,Oc1ccc(/N=C(/Cc2ccc(Cl)cc2)c2ccc(O)c(O)c2O)cc1,SIPOGQRDQZRLJC-XLNRJJMWSA-N,CNS/Neurology,Neurological disorder,True,2012,369.80400000000014,4.5259000000000045,4,5,93.28000000000002,4,3,26,3,0.0,950.7952440014612,6,0,0,0,0,0,0,100.89620000000001,0,132,0,True
CHEMBL501922,COC(=O)C[C@H]1C(C)(C)[C@H](OC(C)=O)[C@H]2C(=O)[C@]1(C)[C@H]1CC[C@]3(C)[C@@H](CC(=O)O[C@H]3c3ccoc3)[C@]13O[C@H]23,OEAILFQKPDJEPG-KQOVNBMPSA-N,Metabolic,Metabolic disorder,True,2021,528.5980000000003,3.793700000000003,0,9,121.64000000000001,4,1,38,6,0.0,1202.5263677907828,9,5,5,1,2,2,10,130.14499999999998,0,206,1,True
CHEMBL500195,CC(C)(C)OC(=O)[C@H](Cc1ccccc1)NC(=O)[C@H](Cc1ccccc1)NC(=O)[C@@H]1CCCN1C(=O)[C@@H](N)Cc1ccc(O)cc1,MUCJBMLSOAIPBH-ORYMTKCHSA-N,CNS/Neurology,Neurological disorder,True,2022,628.7700000000002,3.0497000000000014,4,7,151.06,12,3,46,4,0.0,1473.839670341583,10,1,1,0,1,1,4,174.51959999999957,0,244,1,True
CHEMBL501101,O=S(=O)(CCO)c1no[n+]([O-])c1-c1ccccc1,OULNAFZTLMFEFR-UHFFFAOYSA-N,Anti-infective,Infection,True,2012,270.26599999999996,-0.25900000000000034,1,6,107.34,4,2,18,2,0.0,635.5425798551978,8,0,0,1,0,0,0,60.037600000000026,0,96,0,True
CHEMBL505943,CNc1nc2sc(SC)nc2c2c1ncn2C,YFOQLWYTRVQHIZ-UHFFFAOYSA-N,Pain/Inflammation,Pain management,True,2008,265.367,2.3415999999999997,1,7,55.63,2,3,17,3,0.0,699.4137537055799,7,0,0,3,0,0,0,73.01470000000002,0,88,0,True
CHEMBL506057,O=C(NO)[C@H]1C[C@]1(Cc1ccc(OCc2cc(-c3ccccc3)nc3ccccc23)cc1)C(=O)N1CCC[C@H]1CO,PHCNKOHEKZYJCZ-OYRZRQNVSA-N,CNS/Neurology,Neurological disorder,True,2014,551.6430000000003,4.518300000000004,3,6,111.99000000000001,9,4,41,6,0.0,1558.705031749368,8,2,2,1,1,1,3,153.94699999999972,0,210,1,True
CHEMBL1203224,CCCC1(C)CC(=O)N(CCCCN2CCN(c3nsc4ccccc34)CC2)C(=O)C1.Cl,QCOAOMADZDCMHQ-UHFFFAOYSA-N,Other,Various indications,True,2012,479.0900000000002,4.575700000000006,0,6,56.75000000000001,8,2,32,4,0.0,907.614900385019,8,2,2,1,2,2,0,133.72400000000002,0,176,0,True
CHEMBL441620,CCCCCC(O)/C=C/[C@@H]1[C@@H](C/C=C\CCCC(N)=O)[C@@H]2C[C@H]1OC(=O)O2,YZOCAKDGVCQOFA-OZPHKNKMSA-N,Pain/Inflammation,Pain management,True,1999,379.4970000000001,3.6258000000000017,2,5,98.85000000000001,12,0,27,2,0.0,544.6900562748541,6,2,2,0,1,1,5,102.83020000000005,0,152,0,True
CHEMBL444524,C/C=C(\C)C(=O)O[C@@H]1[C@@H]2[C@H]([C@H](OC(=O)C(C)CC)[C@H](OC(C)=O)/C(C)=C/[C@@]34O[C@@]3(C[C@H](C)[C@@H]4OC(C)=O)C(=O)[C@@H]1C)C2(C)C,OYJIRPDIKPGGLA-JJCNZDQMSA-N,Metabolic,Metabolic disorder,True,2005,616.7480000000002,4.670600000000005,0,10,134.8,7,0,44,4,0.0,1294.5051031152364,10,3,4,0,1,1,11,158.77099999999967,0,244,1,True
CHEMBL444987,CC(C)=CCC/C(C)=C/C=C/C(=O)N1CCCC1,YKCYPKYQYASXOV-HTYBMYLDSA-N,Pain/Inflammation,Pain management,True,2008,247.38199999999995,3.857700000000003,0,1,20.310000000000002,5,0,18,1,0.0,353.29325012980814,2,1,1,0,1,1,0,77.37600000000005,0,100,0,True
CHEMBL1203109,CNC(=O)c1cc(C(O)CNC(C)CCc2ccc3c(c2)OCO3)ccc1O.Cl,PHGBOTFWVBUXCA-UHFFFAOYSA-N,Other,Various indications,True,1991,422.90900000000016,2.5466000000000006,4,6,100.05000000000001,8,2,29,3,0.0,845.8163203093077,8,0,1,0,0,1,2,112.05550000000002,0,158,0,True
CHEMBL263058,COc1ccccc1N1CCN(CCCNC(=O)c2ccccc2I)CC1.O=C(O)C(=O)O,AEAUTYCNVOCIMR-UHFFFAOYSA-N,Immunology,Immune disorder,True,2010,569.3960000000002,2.3975,3,6,119.41000000000001,7,2,33,3,0.0,935.2989020741617,10,1,1,0,1,1,0,133.02780000000004,0,178,1,True
CHEMBL263810,Cc1cc(NC(=O)c2cc(Cl)cc(Cl)c2O)ccc1Sc1nc2ccccc2s1,TXRBTOGSOZZLKW-UHFFFAOYSA-N,CNS/Neurology,Neurological disorder,True,2011,461.39500000000015,7.020620000000004,2,5,62.22,4,4,29,4,0.0,1207.813669193698,8,0,0,1,0,0,0,121.00200000000001,0,146,1,True
CHEMBL4116085,CN(C/C=C/c1ccc(C#N)cc1)Cc1ccc2c(c1)CCO2,HQETUHHOSLHNIO-NSCUHMNNSA-N,Pain/Inflammation,Pain management,True,2017,304.3930000000001,3.6383800000000024,0,3,36.260000000000005,5,2,23,3,0.0,741.2272574856379,3,0,1,0,0,1,0,92.16600000000005,0,116,0,True
CHEMBL266960,COc1ccc(CNc2nnc(N3CCC(O)CC3)c3ccc(C#N)cc23)cc1Cl,VDXZLVXFVYDBNH-UHFFFAOYSA-N,CNS/Neurology,Neurological disorder,True,2009,423.9040000000001,3.7366800000000024,2,7,94.30000000000001,5,3,30,4,0.0,1106.6135828095505,8,1,1,1,1,1,0,117.03750000000004,0,154,0,True
CHEMBL443992,Cc1cccc(NC(=S)Nc2ccc3c(c2)C(=O)OC3)c1,AJJGEERXDGDQEB-UHFFFAOYSA-N,Pain/Inflammation,Pain management,True,2004,298.3670000000001,3.4743200000000014,2,3,50.36,2,2,21,3,0.0,727.96695765811,5,0,1,0,0,1,0,86.58390000000003,0,106,0,True
CHEMBL409297,C=CCn1cc(C[C@@H]2NC(=O)[C@@H]3CCCN3C2=O)c2ccc(OC)cc21,REIZBZBLICQUFC-IRXDYDNUSA-N,Anti-infective,Infection,True,1999,353.4220000000001,1.8677999999999995,1,4,63.57000000000001,5,2,26,4,0.0,885.7989031896941,6,2,2,1,2,2,2,99.05670000000003,0,136,0,True
CHEMBL405416,Cc1ccc(Oc2nc3ccccc3nc2N2CCN(C)CC2)cc1,ZJERWVJNAYLTOX-UHFFFAOYSA-N,CNS/Neurology,Neurological disorder,True,1990,334.4230000000001,3.4823200000000023,0,5,41.49000000000001,3,3,25,4,0.0,870.5034782375175,5,1,1,1,1,1,0,100.50100000000003,0,128,0,True
CHEMBL405667,O=C1CC(c2ccc(-c3ccccc3)cc2)c2c(ccc3ccccc23)N1,FIXJFHRCFOCKFV-UHFFFAOYSA-N,CNS/Neurology,Neurological disorder,True,2004,349.43300000000005,5.980900000000004,1,1,29.1,2,4,27,5,0.0,1130.054450758982,2,0,1,0,0,1,1,110.91570000000003,0,130,1,True
CHEMBL411601,CC(=O)NC(C(=O)N1CCSCC1)[C@H]1CC(C(=O)O)C[C@@H]1N=C(N)N,BDSRBHWIGUHRNH-YECOWLKZSA-N,Cardiovascular,Heart disease,True,1996,371.4630000000001,-1.1806999999999963,4,5,151.11,5,0,25,2,0.0,560.1249700590942,10,2,2,0,1,1,4,94.95730000000003,0,140,0,True
CHEMBL441131,CCCc1cnnn1-c1c(Cl)cc(C(F)(F)F)cc1Cl,QSAXYXZBPFYFMV-UHFFFAOYSA-N,Pain/Inflammation,Pain management,True,2002,324.13300000000004,4.5454000000000025,0,3,30.71,3,2,20,2,0.0,599.6454877327923,8,0,0,1,0,0,0,70.376,0,108,0,True
CHEMBL155374,O=C(O)C(=O)Nc1nc(-c2cc(Cl)no2)cs1,CXUAHUFXAFPMMD-UHFFFAOYSA-N,Anti-infective,Infection,True,2010,273.657,1.4745999999999997,2,6,105.32,2,2,17,2,0.0,578.8422190795903,9,0,0,2,0,0,0,58.886500000000005,0,88,0,True
CHEMBL217730,CCc1c(C)[nH]c2c1/C(=N/OC(=O)NCCc1cccnc1)CCC2,FRDHUVIJKSQWJP-HAVVHWLPSA-N,Pain/Inflammation,Pain management,True,1990,340.4270000000001,3.2898200000000024,2,4,79.36999999999999,5,2,25,3,0.0,765.2313236051539,6,0,1,2,0,0,0,96.80740000000004,0,132,0,True
CHEMBL261894,CCC[C@@H]1NC(=O)[C@@H](C(C)C)NC(=O)[C@@H](Cc2ccc(O)cc2)NCc2ccccc2CCCCNC1=O,JYUPQDZMANQSKY-OYUWMTPXSA-N,Immunology,Immune disorder,True,2023,522.6900000000003,2.9713000000000003,5,5,119.56,5,2,38,3,0.0,1070.1774513872476,8,0,1,0,0,1,3,148.43559999999988,0,206,1,True
CHEMBL262664,COc1cc2c(cc1OC)CC(=O)N(CCCN(C)CCc1ccccn1)CC2,BHVPBHGQPGCMCT-UHFFFAOYSA-N,Pain/Inflammation,Pain management,True,1995,397.5190000000002,2.590600000000001,0,5,54.900000000000006,9,2,29,3,0.0,810.5154004276487,6,0,1,1,0,1,0,113.58900000000006,0,156,0,True
CHEMBL438822,O=C(NC[C@@H]1CCCNC1)[C@H]1CCCN1C(=O)[C@@H]1C[C@@H](O)CN1C(=O)CC(c1ccc(F)cc1)(c1ccc(F)cc1)c1ccc(F)cc1,DKABYCZEFMBXSO-BMSWWXRLSA-N,CNS/Neurology,Neurological disorder,True,2000,662.7530000000003,3.897000000000004,3,5,101.97999999999999,9,3,48,6,0.0,1485.3644620232315,11,3,3,0,3,3,4,173.16219999999953,0,254,1,True
CHEMBL500021,CCC(C)CNc1nc(C#N)nc2c1NCN2Cc1ccccc1,HDACYHCKZGLUJI-UHFFFAOYSA-N,Pain/Inflammation,Pain management,True,2002,322.41600000000005,3.1958800000000016,2,6,76.86999999999999,6,2,24,3,0.0,737.1644721292869,6,0,1,1,0,1,1,95.80640000000002,0,124,0,True
CHEMBL265024,CCOC(=O)COC(=O)CCCNC(=O)NC12CC3CC(CC(C3)C1)C2,GUVIYXHDBVMZJB-UHFFFAOYSA-N,Pain/Inflammation,Pain management,True,2003,366.4580000000002,2.1408999999999994,2,5,93.72999999999999,8,0,26,4,0.0,512.7633569958901,7,4,4,0,0,0,0,94.26340000000006,0,146,0,True
CHEMBL263956,CCCCCCC[C@H]1OC(=O)C[C@@H](O)[C@H](Cc2ccccc2)N(C)C(=O)[C@H](Cc2ccccc2)OC(=O)[C@H]1C,SHKAVHLKQFRDQE-OANXNEKNSA-N,Immunology,Immune disorder,True,2004,537.6970000000002,4.883600000000005,1,6,93.14000000000001,10,2,39,3,0.0,1043.1394549664753,7,1,1,0,1,1,5,149.77379999999977,0,212,1,True
CHEMBL265282,CCCN1c2cc(C)nc3c(-c4ccc(Cl)cc4Cl)nn(c23)C[C@@H]1CC,UOLDHCLTONXNAU-AWEZNQCLSA-N,CNS/Neurology,Neurological disorder,True,2008,389.33000000000015,5.722120000000005,0,4,33.95,4,3,26,4,0.0,979.5919013382879,6,0,1,2,0,1,1,109.43700000000004,0,136,1,True
CHEMBL4116102,N=C(N)NC(=O)OCc1cccc(N2CCC(Oc3cccnc3)CC2)c1F,DCWSCSVWLWCSMR-UHFFFAOYSA-N,Pain/Inflammation,Pain management,True,1991,387.41500000000013,2.3881699999999997,3,6,113.56,5,2,28,3,0.0,825.5737398933106,9,1,1,1,1,1,0,101.73480000000005,0,148,0,True
CHEMBL267740,CCCCc1oc2ccccc2c1Cc1cccc(/C(C)=C/Cn2oc(=O)[nH]c2=O)c1,QCEFMNARTINCQJ-GHRIWEEISA-N,CNS/Neurology,Neurological disorder,True,2012,418.49300000000017,4.9127000000000045,1,5,81.13999999999999,8,4,31,4,0.0,1333.3130581086286,6,0,0,2,0,0,0,121.31370000000008,0,160,0,True
CHEMBL1203199,C[C@H](NC(=O)[C@H]1Cc2c(sc3ccccc23)CN1)c1ccccc1.Cl,OLKLYYGNTKPDGX-OZIFAFRSSA-N,CNS/Neurology,Neurological disorder,True,2020,372.921,4.214800000000004,2,3,41.13,3,3,25,4,0.0,877.7933553009022,5,0,1,1,0,1,2,106.40440000000001,0,130,0,True
CHEMBL444024,COC(=O)c1cc(CCc2ccc(OC)cc2OC)ccc1O,OCROLQUDXVCBIY-UHFFFAOYSA-N,Pain/Inflammation,Pain management,True,1995,316.35300000000007,2.9812000000000016,1,5,64.99000000000001,6,2,23,2,0.0,693.8064548939703,5,0,0,0,0,0,0,86.40030000000006,0,122,0,True
CHEMBL444145,C=C(CO)[C@]12C=C3C(=O)C[C@@H](C(C)C)[C@]3(C)C[C@@H](O)[C@@]1(C)CC(=O)O2,LAUXGJSHPLNZHD-LVQIXTDASA-N,Pain/Inflammation,Pain management,True,2002,348.43900000000014,2.1692,2,5,83.83,3,0,25,3,0.0,677.5739978069821,5,2,3,0,1,1,5,92.53860000000005,0,138,0,True
CHEMBL444231,C=C(CC(O)C(C)(O)[C@H]1CC[C@H]2C3=C[C@H](OC(C)=O)[C@H]4[C@@H](OC(C)=O)[C@@H](O)CC[C@]4(C)[C@H]3CC[C@]12C)C(C)C,VADVFHPNQHOFEA-QFFOTPQNSA-N,Other,Various indications,True,2001,546.7450000000003,4.7237000000000045,3,7,113.29,7,0,39,4,0.0,1013.9876972632017,7,3,4,0,0,0,11,148.29939999999982,0,220,1,True
CHEMBL4116106,O=c1[nH]cnc2c1ncn2C(COCCP(=O)(O)O)COCCP(=O)(O)O,QILJCTJTALGWKS-UHFFFAOYSA-N,Cardiovascular,Heart disease,True,1990,426.2590000000001,-0.9507000000000001,5,8,197.08999999999997,11,2,27,2,0.0,871.6536074734815,15,0,0,2,0,0,0,92.64590000000003,0,152,0,True
CHEMBL444233,CC1(c2ccccn2)ON=C(c2ccccc2Cl)O1,NTRYLBQYVMCCRY-UHFFFAOYSA-N,Pain/Inflammation,Pain management,True,2004,274.707,3.316300000000002,0,4,43.71000000000001,2,2,19,3,0.0,630.3529078008598,5,0,1,1,0,1,1,71.74800000000003,0,96,0,True
CHEMBL441948,c1ccc2cc(CC3=NCCN3)ccc2c1,VIXRKFBKWOHVBR-UHFFFAOYSA-N,Pain/Inflammation,Pain management,True,2019,210.28,2.3840000000000003,1,2,24.39,2,2,16,3,0.0,543.1815681275363,2,0,1,0,0,1,0,67.95670000000004,0,80,0,True
CHEMBL442894,Cn1c(=O)c2c3c(cnc2n(C)c1=O)C(=O)C=CC3=O,NIIGOLPNKWYMTF-UHFFFAOYSA-N,Anti-infective,Infection,True,2017,271.23199999999997,-0.4325999999999999,0,7,91.03,0,2,20,3,0.0,946.7133237133023,7,0,1,2,0,0,0,70.026,0,100,0,True
CHEMBL264812,CN(CCNC(=O)N1CCN(c2ccccc2)CC1)Cc1ccccc1,ZUYIQQYTENCMFY-UHFFFAOYSA-N,Pain/Inflammation,Pain management,True,2018,352.4820000000001,2.6502,1,3,38.82000000000001,6,2,26,3,0.0,668.9251372070257,5,1,1,0,1,1,0,106.40270000000004,0,138,0,True
CHEMBL440981,Cc1ccc[n+](CCC#Cc2ccc(C#CCC[n+]3cccc(C)c3)cc2)c1.[Br-].[Br-],WHZCBTLRGGDXDM-UHFFFAOYSA-L,Immunology,Immune disorder,True,1998,526.316,-2.229959999999995,0,0,7.76,4,3,30,3,0.0,965.3721987059283,4,0,0,2,0,0,0,112.18000000000004,0,154,1,True
CHEMBL444368,CN1CCc2cccc3c2[C@H]1Cc1ccc(CO)c(O)c1-3,HATGKOHTAYTUSG-OAHLLOKOSA-N,Pain/Inflammation,Pain management,True,2014,281.35499999999996,2.6366000000000023,2,3,43.7,1,2,21,4,0.0,723.3985326278217,3,0,2,0,0,1,1,82.24460000000003,0,108,0,True
CHEMBL445177,CCCCCC/C=C\CCCCCCCc1cccc(O)c1C(=O)O,YXHVCZZLWZYHSA-FPLPWBNLSA-N,Pain/Inflammation,Pain management,True,1990,346.511,6.500100000000008,2,2,57.53,14,1,25,1,0.0,520.0036590570138,3,0,0,0,0,0,0,104.37110000000008,0,140,1,True
CHEMBL442595,CN(Cc1ccccc1)C(=S)N1CCC(c2cccc(Cl)c2)=N1,LGCQUBQIDPGHHH-UHFFFAOYSA-N,Pain/Inflammation,Pain management,True,1992,343.883,4.166700000000004,0,2,18.84,3,2,23,3,0.0,730.0563738825732,5,0,1,0,0,1,0,99.81900000000003,0,118,0,True
CHEMBL265130,CCOC(=O)c1ccc2ncc(C(=O)OCC)c(Nc3ccc(NC(C)=O)cc3)c2c1,QDRFZGBUDIQUSQ-UHFFFAOYSA-N,CNS/Neurology,Neurological disorder,True,2009,421.4530000000001,4.290200000000003,2,7,106.62,7,3,31,3,0.0,1120.7601536671777,8,0,0,1,0,0,0,117.68440000000004,0,160,0,True
CHEMBL262924,COCCOc1ccc(N2CCN(Cc3cccc(-c4cc5nc(-c6ccco6)nn5c(N)n4)c3)CC2)c(Cl)c1,AXGPHCKLDUJMDG-UHFFFAOYSA-N,CNS/Neurology,Neurological disorder,True,2012,560.0580000000003,4.634300000000003,1,10,107.18,9,5,40,6,0.0,1597.0458786843813,11,1,1,3,1,1,0,154.6453999999997,0,206,1,True
CHEMBL264478,O=C([O-])c1cc(F)ccc1Cn1nnc(-c2cccc(/C=C/c3ccc4ccc(Cl)cc4n3)c2)n1.[Na+],ZWMVUYITFQYQRW-FCVRUTMISA-M,Immunology,Immune disorder,True,2020,507.8880000000002,1.2670000000000003,0,7,96.62,6,5,36,5,0.0,1604.8940055354876,10,0,0,2,0,0,0,128.76649999999998,0,172,1,True
CHEMBL1205150,COC(=O)/C=C1/C(=O)N2C1S(=O)(=O)[C@@](C)(COC(=O)CSc1nnnn1C)[C@@H]2C(=O)O,WOEKVBCDFRSHHE-VSOFOQCTSA-N,Metabolic,Metabolic disorder,True,2017,475.46100000000024,-2.2465999999999964,1,13,187.95000000000002,7,1,31,3,0.0,1098.104564989357,16,2,2,1,2,2,3,99.96260000000005,0,168,1,True
CHEMBL153812,NC(=O)c1ccccc1-n1cnc2ccccc21,SPSMKSLIWNNIJD-UHFFFAOYSA-N,Pain/Inflammation,Pain management,True,2007,237.26199999999997,2.1243999999999996,1,3,60.910000000000004,2,3,18,3,0.0,730.4921254920199,4,0,0,1,0,0,0,69.58790000000003,0,88,0,True
CHEMBL1203155,CC1CC(=O)NN=C1c1ccc(NC(=O)CCNCC(O)COc2cccc3[nH]ccc23)cc1.Cl,PDRFHVLVHPUYTI-UHFFFAOYSA-N,Other,Various indications,True,2018,499.9990000000002,2.8079000000000014,5,6,127.84,10,3,35,4,0.0,1178.0737114149515,10,0,1,1,0,1,2,138.0675999999999,0,186,0,True
CHEMBL443462,CC(=O)c1cc2c(cc1O)OC(C)(C)C=C2,SVUVYHFYZBCYRF-UHFFFAOYSA-N,Pain/Inflammation,Pain management,True,2009,218.25199999999998,2.7790000000000017,1,3,46.53,1,1,16,2,0.0,484.19622821024456,3,0,1,0,0,1,0,61.85230000000003,0,84,0,True
CHEMBL443602,COC(=O)[C@H]1C[C@H](O)CCN1,XYDFSCGFCFYWNY-PHDIDXHHSA-N,Anti-infective,Infection,True,2008,159.18499999999997,-0.7277000000000002,2,4,58.56,1,0,11,1,0.0,148.6211124509551,4,1,1,0,1,1,2,39.0475,0,64,0,True
CHEMBL437851,C[C@H]1[C@@H](OCC23CC4CC(CC(C4)C2)C3)O[C@@H]2O[C@@]3(C)CC[C@H]4[C@H](C)CC[C@@H]1[C@@]24OO3,BGHFDCMFUPDVPZ-KLOIQOFNSA-N,Other,Various indications,True,2015,432.6010000000003,5.427400000000006,0,5,46.150000000000006,3,0,31,9,0.0,704.0247551434156,5,9,9,0,4,4,8,113.38500000000008,0,174,1,True
CHEMBL263614,CCCCCCO[C@H]1C=C(C(=O)O)O[C@@H]([C@H](O)[C@H](O)CO)[C@@H]1NC(C)=O,FANFLDXHKWDOKU-UDUPFKKZSA-N,Cardiovascular,Heart disease,True,1993,375.4180000000001,-0.4619999999999982,5,7,145.55,11,0,26,1,0.0,495.15454681049494,9,0,1,0,0,1,5,91.17790000000004,0,150,0,True
CHEMBL263193,CC1(C)CCC(C)(C)c2cc3c(ccn3C(=O)c3ccc(C(=O)O)cc3)cc21,QNHDUDVKCSJIOJ-UHFFFAOYSA-N,CNS/Neurology,Neurological disorder,True,2009,375.46800000000013,5.377000000000005,1,3,59.3,2,3,28,4,0.0,1100.8307300425763,4,0,1,1,0,0,0,110.35380000000006,0,144,1,True
CHEMBL438329,C[C@H]1CC[C@@H](NCc2ccc3c(c2)Cc2c(-c4ccc(CC(=O)O)cc4)n[nH]c2-3)CC1,BTBLVKQZYNTQOX-NBEIKUQISA-N,CNS/Neurology,Neurological disorder,True,2004,415.5370000000002,4.943300000000003,3,3,78.00999999999999,6,3,31,5,0.0,1092.3399102892918,5,1,2,1,0,0,0,121.86520000000006,0,160,0,True
CHEMBL443332,C=C(C)N1Cc2cccc3[nH]c(=O)n(c23)C(C)C1,OCSIKSHIPBGUCN-UHFFFAOYSA-N,Pain/Inflammation,Pain management,True,1995,243.30999999999997,2.2398,1,3,41.03,1,2,18,3,0.0,679.8941994094682,4,0,1,1,0,1,1,72.49370000000002,0,94,0,True
CHEMBL443686,Cc1nonc1-c1nc(S)n[nH]1,ZVPLCLVGRZSNMJ-UHFFFAOYSA-N,Anti-infective,Infection,True,2016,183.19600000000003,0.4518199999999999,2,6,80.49000000000001,1,2,12,2,0.0,393.95396710695775,7,0,0,2,0,0,0,41.663700000000006,0,62,0,True
CHEMBL1203252,Cc1ccc(OCCCON/C(N)=N/C(N)=N/C(C)C)cc1C.Cl,MCYZTMGMDFFISS-UHFFFAOYSA-N,Pain/Inflammation,Pain management,True,2013,357.88600000000014,2.0531400000000004,3,3,107.25,7,1,24,1,0.0,561.3987936343799,8,0,0,0,0,0,0,100.74450000000003,0,136,0,True
CHEMBL155263,CC(C#CCN1CCCC1)N(C)S(C)(=O)=O,VFAVZVOJIJSRRA-UHFFFAOYSA-N,Anti-infective,Infection,True,2020,244.35999999999999,0.36549999999999994,0,3,40.620000000000005,3,0,16,1,0.0,374.5240807102118,5,1,1,0,1,1,1,65.51880000000004,0,92,0,True
CHEMBL266873,C/C(=C\CC1OC(=O)NC1=O)c1cccc(OCCc2nc(-c3ccccc3)oc2C)c1,UVWOLJAZRBAHMZ-LFIBNONCSA-N,CNS/Neurology,Neurological disorder,True,1994,432.47600000000017,4.699920000000004,1,6,90.66,8,3,32,4,0.0,1150.1487778964693,7,1,1,1,1,1,1,118.9967,0,164,0,True
CHEMBL444434,CC(=O)O[C@H]1c2c(ccc3ccc(=O)oc23)OC(C)(C)[C@H]1OC(C)=O,YJOWXMGENDGFDH-IRXDYDNUSA-N,Pain/Inflammation,Pain management,True,1995,346.3350000000001,2.4999000000000002,0,7,92.04000000000002,2,2,25,3,0.0,909.2708013839376,7,0,1,1,0,1,2,87.25200000000004,0,132,0,True
CHEMBL6322,CCN(CC)C(=O)OCC1CN(C(=O)c2cc(OC)c(OC)c(OC)c2)CCN1C(=O)c1cc(OC)c(OC)c(OC)c1,QKSXEJNMSRTCRE-UHFFFAOYSA-N,Immunology,Immune disorder,True,1997,603.6690000000003,3.1834000000000024,0,10,125.54,12,2,43,3,0.0,1246.9333002563085,13,1,1,0,1,1,1,157.1929999999997,0,236,1,True
CHEMBL438132,CCN(CC)c1nc(Cc2c(F)cccc2F)cc(=O)[nH]1,SSAFINLTVJLGOE-UHFFFAOYSA-N,Pain/Inflammation,Pain management,True,2010,293.317,2.4851,1,3,48.99,5,2,21,2,0.0,660.6092144683761,6,0,0,1,0,0,0,77.58270000000002,0,112,0,True
CHEMBL1205279,CCCCOP(=O)(OCCCC)OC1=C(C(=O)O)N2C(=O)[C@@H](NC(=O)COc3ccccc3)[C@H]2CC1,ZNIQMXJPFCYRAD-NQIIRXRSSA-N,Other,Various indications,True,2002,524.5070000000002,3.6091000000000024,2,8,140.7,15,1,36,3,0.0,1000.0993766564462,12,1,2,0,1,2,2,128.80900000000003,0,198,1,True
CHEMBL263329,c1cc2c(c(N3CCN(CCCCCc4c[nH]c5ccccc45)CC3)c1)OCCO2,UIIYRSHAVQCSGP-UHFFFAOYSA-N,CNS/Neurology,Neurological disorder,True,2018,405.5420000000002,4.4741000000000035,1,4,40.730000000000004,7,3,30,5,0.0,975.4391186925811,5,1,2,1,1,2,0,121.93870000000005,0,158,0,True
CHEMBL265564,CN(C)CCNC(=O)C(=O)CCCCCCOc1ccc(-c2ccccc2)cc1,VOSOZRNICIGOTL-UHFFFAOYSA-N,Pain/Inflammation,Pain management,True,2005,396.531,3.929800000000003,1,4,58.64,13,2,29,2,0.0,742.4809057419563,5,0,0,0,0,0,0,117.02870000000004,0,156,0,True
CHEMBL262819,Cc1ccccc1-c1cc(C(OCc2ccc(Cl)cc2)c2cncn2C)ccc1C#N,PQXNLUZAJJXKFM-UHFFFAOYSA-N,CNS/Neurology,Neurological disorder,True,1999,427.9350000000001,6.226800000000005,0,4,50.84,6,4,31,4,0.0,1238.2493331996016,5,0,0,1,0,0,1,122.62200000000003,0,154,1,True
CHEMBL4116001,CC(=O)N[C@@H](Cc1cc(F)cc(F)c1)[C@H](O)[C@H]1CO[C@@H](OCC2CCCCC2)CN1,XQHQHHREHKYCIG-CBPXPLCBSA-N,Other,Various indications,True,2014,426.5040000000003,2.284299999999999,3,5,79.82000000000001,8,1,30,3,0.0,671.4651478270381,8,2,2,0,1,1,4,107.73120000000006,0,168,0,True
CHEMBL440085,COc1noc2c1CN(C)CC2.Cl,TUTIKEIKWZZHKM-UHFFFAOYSA-N,Anti-infective,Infection,True,2002,204.65699999999998,1.0929,0,4,38.50000000000001,1,1,13,2,0.0,274.1714358003774,5,0,1,1,0,1,0,50.34100000000003,0,74,0,True
CHEMBL443886,CCNC(=O)Nc1nc2cc(-c3cccnc3)cc(-c3cnn(C)c3)n2n1,YVNQCZCIRMOCOR-UHFFFAOYSA-N,Pain/Inflammation,Pain management,True,2007,362.3970000000001,2.3331999999999997,2,7,102.02999999999999,4,4,27,4,0.0,1099.2126547432586,9,0,0,4,0,0,0,101.11540000000002,0,136,0,True
CHEMBL156037,CCOc1ccc(/C=C/C(=O)NCCCCN2CCN(C(c3ccccc3)c3ccccc3)CC2)cn1.O=C(O)C(=O)O,OJXXSIAWSKGSRI-INTLEYBYSA-N,CNS/Neurology,Neurological disorder,True,1994,588.7050000000003,3.952700000000002,3,7,132.3,12,3,43,4,0.0,1242.4878072986867,10,1,1,1,1,1,0,164.69529999999963,0,228,1,True
CHEMBL268086,CCNc1cccnc1N1CCN(C(=O)c2cnc3ccccc3c2)CC1,SYQITLQHUPVPJU-UHFFFAOYSA-N,CNS/Neurology,Neurological disorder,True,2020,361.44900000000007,3.024000000000002,1,5,61.36000000000001,4,3,27,4,0.0,949.9646486338503,6,1,1,2,1,1,0,108.26020000000003,0,138,0,True
CHEMBL264521,CCCCCn1cc(C(=O)NC2C3CC4CC(C3)CC2C4)c(=O)c2ccccc21,OZNIGHJFOUDOAH-UHFFFAOYSA-N,Pain/Inflammation,Pain management,True,2016,392.5430000000002,4.746200000000004,1,3,51.1,6,2,29,6,0.0,948.4374540340857,4,4,4,1,0,0,0,116.03220000000005,0,154,0,True
CHEMBL500790,OC(/C=C/C=C/c1ccccc1)CCc1ccccc1,OVURIZIJDDTXJS-FNCQTZNRSA-N,Pain/Inflammation,Pain management,True,2001,264.368,4.249700000000003,1,1,20.23,6,2,20,2,0.0,540.4936372007475,1,0,0,0,0,0,1,85.38580000000006,0,102,0,True
CHEMBL500798,Cl.c1ccc(CCC2=NOC(c3ccccc3)C2)cc1,LBPDBJPGQXEYET-UHFFFAOYSA-N,Pain/Inflammation,Pain management,True,1999,287.7900000000001,4.558600000000003,0,2,21.59,4,2,20,3,0.0,553.7173916549199,3,0,1,0,0,1,1,84.33100000000003,0,104,0,True
CHEMBL502052,CCCCCCCCC/C=C/C=C/C=C/C(=O)O[C@@]12C[C@@H](C)[C@@]3(O)[C@H]([C@@H]1C2(C)C)[C@@H]1O[C@]1(CO)[C@@H](O)[C@]1(O)C(=O)C(C)=C[C@H]13,NEZVVESVXBEHTR-YYHKZOSKSA-N,Other,Various indications,True,1992,612.8040000000003,4.501500000000005,4,8,136.82000000000002,13,0,44,5,0.0,1248.3702567509986,8,4,5,0,1,1,10,166.2451999999997,0,244,1,True
CHEMBL444736,CCCC(C)(C)C(=O)N[C@H]1CCCCNC1=O,BSKBSIQSUHKBFE-JTQLQIEISA-N,Anti-infective,Infection,True,2014,240.34699999999995,1.5975999999999997,2,2,58.2,4,0,17,1,0.0,287.1440496828207,4,1,1,0,1,1,1,67.48040000000005,0,98,0,True
CHEMBL444924,O=C(CCc1ccc(F)cc1)N[C@H]1CCOC1=O,JWGPSBVZCVYNKJ-NSHDSACASA-N,Anti-infective,Infection,True,1996,251.25699999999998,1.19,1,3,55.4,4,1,18,2,0.0,444.0545080602875,5,1,1,0,1,1,1,62.227700000000034,0,96,0,True
CHEMBL267832,C#CCN(Cc1ccc2nc(C)nc(O)c2c1)c1ccc(C(=O)N[C@@H](C(=O)O)C(C)C)cc1,AXUMAJPONGIXCH-JOCHJYFZSA-N,CNS/Neurology,Neurological disorder,True,1998,446.5070000000001,3.1226200000000013,3,6,115.64999999999999,8,3,33,3,0.0,1215.544281543438,8,0,0,1,0,0,1,125.99280000000006,0,170,0,True
CHEMBL268339,CN(C)c1cccc2c(S(=O)(=O)Nc3cnc(Br)cn3)cccc12,DFVPVSOUYKGHAX-UHFFFAOYSA-N,CNS/Neurology,Neurological disorder,True,2015,407.293,3.259100000000001,1,5,75.19,4,3,24,3,0.0,988.6349734142291,8,0,0,1,0,0,0,98.81550000000001,0,124,0,True
CHEMBL438024,COC(=O)C1=C(C)NC(C)=C(C(=O)OC)C1c1c(-c2cc(OC)ccc2OC)nc2sccn12,XSPXMNKPLQUBTQ-UHFFFAOYSA-N,CNS/Neurology,Neurological disorder,True,2005,483.5460000000002,3.6608000000000027,1,10,100.39,6,3,34,4,0.0,1311.9247862016443,10,0,1,2,0,1,0,126.91770000000002,0,178,0,True
CHEMBL499809,CC(C)CSc1cc(SCC(C)C)nc(SCC(C)C)n1,LFOJKMYMKNNMCC-UHFFFAOYSA-N,Pain/Inflammation,Pain management,True,2008,344.61500000000007,5.720900000000006,0,5,25.78,9,1,21,1,0.0,345.7308982650466,5,0,0,1,0,0,0,98.71800000000006,0,120,1,True
CHEMBL156224,Cc1ccc(CNC(=O)NC(C(=O)N[C@@H](Cc2ccccc2)[C@@H](O)C[C@H](Cc2ccccc2)NC(=O)OCc2cccnc2)C(C)C)cn1,ZZZRLJNAYRXPIA-QPMRDEQLSA-N,CNS/Neurology,Neurological disorder,True,2010,666.823,4.625020000000003,5,7,154.57,16,4,49,4,0.0,1589.729974697285,11,0,0,2,0,0,4,187.1635999999995,0,258,1,True
CHEMBL4116086,CN1CCN(CCNC(=O)COc2ccc3oc4c(NCCN5CCN(C)CC5)c5ccccc5[n+](C)c4c3c2)CC1,DBBNBMUNWGJUOJ-UHFFFAOYSA-O,Immunology,Immune disorder,True,1996,574.7500000000002,1.9654000000000036,2,8,80.33999999999999,10,4,42,6,0.0,1537.983502918876,10,2,2,2,2,2,0,167.2703999999996,0,224,1,True
CHEMBL216546,COC[C@H]1OC(O)=C2C1=NC1=C(C(=O)COC1)[C@H]2c1ccc(F)c(Br)c1,AROMYTJMBCYGNX-ZIAGYGMSSA-N,Other,Various indications,True,1994,424.222,2.794600000000001,1,6,77.35000000000001,3,1,26,4,0.0,891.567688911841,8,0,3,0,0,3,2,93.53180000000003,0,136,0,True
CHEMBL262244,CC1CCN(C(=O)[C@H](CCCNc2ccccn2)NS(=O)(=O)c2ccc3ccccc3c2)CC1,XPJLGLZCFROROG-DEOSSOPVSA-N,CNS/Neurology,Neurological disorder,True,2016,480.63400000000024,4.032500000000002,2,5,91.4,9,3,34,4,0.0,1208.9575342884748,8,1,1,1,1,1,1,134.99619999999996,0,180,0,True
CHEMBL262399,O=C1NC(Cc2c[nH]c3ccccc23)C(=O)N2C(c3ccccc3)c3[nH]c4ccccc4c3C[C@@H]12,BUICXYYUEPTJQC-AYIJWJHJSA-N,CNS/Neurology,Neurological disorder,True,2003,460.5370000000002,4.233000000000002,3,2,80.99000000000001,3,5,35,7,0.0,1599.120792228682,6,1,2,2,1,2,3,134.8550999999999,0,172,0,True
CHEMBL262267,O=C(O)C(Cc1c[nH]c2ccccc12)NC(=O)C(CS)C1CCc2cc(O)ccc21,ZQUSUQSQDVHXNQ-UHFFFAOYSA-N,CNS/Neurology,Neurological disorder,True,2004,424.5220000000002,3.261400000000002,5,4,102.42,7,3,30,4,0.0,1093.751560476633,7,0,1,1,0,0,3,118.08100000000002,0,156,0,True
CHEMBL1205372,CC(C)(C(=O)O)c1cccnc1Nc1ccc(Cl)cc1,GVIYRGJPLBCCCA-UHFFFAOYSA-N,Pain/Inflammation,Pain management,True,2016,290.75,3.8408000000000015,2,3,62.22,4,2,20,2,0.0,624.0255694156942,5,0,0,1,0,0,0,79.63350000000004,0,104,0,True
CHEMBL438807,CSc1sc(C(=N)N)cc1S(=O)(=O)c1cc(Br)c2c(c1)ncn2Cc1ccccc1,CSMDKHNWKDQKAP-UHFFFAOYSA-N,CNS/Neurology,Neurological disorder,True,1994,521.4870000000002,4.747370000000003,2,7,101.82999999999998,6,4,30,4,0.0,1361.72322142073,10,0,0,2,0,0,0,125.5449,0,154,1,True
CHEMBL498871,CCS(=O)(=O)c1ccc2oc(Cc3ccc(C)cc3)nc2c1,QSJKXUIBIAXQST-UHFFFAOYSA-N,CNS/Neurology,Neurological disorder,True,1991,315.394,3.5206200000000027,0,4,60.17,4,3,22,3,0.0,908.7319757372702,5,0,0,1,0,0,0,85.72080000000004,0,114,0,True
CHEMBL499906,CCCNC(=O)[C@H](N)[C@@H](O)c1ccc([N+](=O)[O-])cc1,BWDAHVYSRZKKRS-MNOVXSKESA-N,Anti-infective,Infection,True,2000,267.28499999999997,0.4817,3,5,118.49000000000001,6,1,19,1,0.0,446.7926471169343,7,0,0,0,0,0,2,69.33230000000002,0,104,0,True
CHEMBL503603,CCOc1cc2cc3[n+](cc2cc1OC)CCc1cc2c(cc1-3)OCO2.[Cl-],OTUQSNFOPIHCDT-UHFFFAOYSA-M,Anti-infective,Infection,True,1999,385.8470000000001,0.4903999999999997,0,4,40.8,3,3,27,5,0.0,1034.6007227657801,6,0,2,1,0,2,0,97.12700000000005,0,140,0,True
CHEMBL503725,CCOC(=O)C(O)(c1ccc[nH]1)C(F)(F)F,ZOQFCCWJBVOJKD-UHFFFAOYSA-N,Anti-infective,Infection,True,2008,237.17699999999996,1.3276999999999999,2,3,62.32,3,1,16,1,0.0,360.5761570817977,7,0,0,1,0,0,1,47.37750000000001,0,90,0,True
CHEMBL504045,C=CCNC(=O)C(=O)C(CCC)NC(=O)[C@@H]1[C@@H]2[C@H](CN1C(=O)[C@@H](NC(=O)N[C@H](CN1Cc3sccc3S1(=O)=O)C(C)(C)C)C(C)(C)C)C2(C)C,XRUFCCPNNXOMGW-YEMQHKNJSA-N,Other,Various indications,True,2004,734.9859999999999,3.0202000000000053,4,8,174.09,13,1,50,4,0.0,1623.520053700417,15,2,3,1,1,2,6,191.38259999999946,0,278,1,True
CHEMBL438139,COc1ccc([C@@]23Oc4cc(OC)cc(OC)c4[C@]2(O)[C@H](O)[C@H](C(=O)N(C)C)[C@H]3c2ccccc2)cc1,DAPAQENNNINUPW-IDAMAFBJSA-N,CNS/Neurology,Neurological disorder,True,1993,505.5670000000002,3.050600000000001,2,7,97.69000000000001,6,3,37,5,0.0,1309.8353824983308,8,1,2,0,0,1,5,136.11659999999992,0,194,1,True
CHEMBL265732,CC(=O)NC[C@H]1CN(c2ccc(N3CCN(S(=O)(=O)c4cccc(NC(C)=O)c4)CC3)c(F)c2)C(=O)O1,BNUOGZNNEKVXOV-FQEVSTJZSA-N,Immunology,Immune disorder,True,2016,533.5820000000003,1.7562999999999998,2,7,128.35999999999999,7,2,37,4,0.0,1312.4579051561593,13,2,2,0,2,2,1,134.41619999999995,0,198,1,True
CHEMBL1203132,COc1ccc(OCC2=NC(c3ccccc3)c3ccccc3CN2C)cc1.Cl,JMXKYLMNVACGOP-UHFFFAOYSA-N,CNS/Neurology,Neurological disorder,True,2012,408.92900000000014,5.129300000000005,0,4,34.06,5,3,29,4,0.0,958.1293845754225,5,0,1,0,0,1,1,119.36600000000003,0,150,1,True
CHEMBL385384,CCc1c(C#N)c(-c2ccc(-c3ccc(OC)cc3)cc2)c(C(=O)O)n1C,LCLAOPHWWQRJEX-UHFFFAOYSA-N,CNS/Neurology,Neurological disorder,True,2010,360.41300000000007,4.499980000000003,1,4,75.25,5,3,27,3,0.0,1023.4052301316168,5,0,0,1,0,0,0,103.88930000000008,0,136,0,True
CHEMBL383917,Cc1c(N2CC[C@@H]([C@H](C)N)C2)c(F)cc2c(=O)n(N)c(=O)n(C3CC3)c12,SMONLCFJGCJROJ-WDEREUQCSA-N,Anti-infective,Infection,True,2007,361.4210000000001,0.8329200000000004,2,7,99.28,3,2,26,4,0.0,1005.5243681783458,8,2,2,1,1,1,2,99.55380000000001,0,140,0,True
CHEMBL527552,CC1=NOC(=O)/C1=C\c1cccs1,CYAUGHRTEGIPJE-YVMONPNESA-N,Pain/Inflammation,Pain management,True,2014,193.227,2.0642000000000005,0,4,38.66,1,1,13,2,0.0,389.7570176380891,4,0,1,1,0,1,0,51.49700000000002,0,66,0,True
CHEMBL503559,CCN(CC)Cc1c[nH]c(C)c(O)c1=O,BUZRUDXKSBGNGS-UHFFFAOYSA-N,Anti-infective,Infection,True,1992,210.277,1.2307199999999998,2,3,56.330000000000005,4,1,15,1,0.0,380.66457829124977,4,0,0,1,0,0,0,60.08950000000003,0,84,0,True
CHEMBL500618,[Br-].[Br-].c1cc2nc(c1)C[n+]1ccn(c1)Cc1cc3ccccc3nc1Oc1ccc3ccccc3c1-c1c(ccc3ccccc13)Oc1nc3ccccc3cc1Cn1cc[n+](c1)C2,ZSEVYHPZOPFFPG-UHFFFAOYSA-L,CNS/Neurology,Neurological disorder,True,2008,965.7499999999998,4.4286000000000065,0,7,74.75,0,11,64,12,0.0,3301.9162112114354,11,0,1,5,0,1,4,240.4229999999994,0,312,1,True
CHEMBL265763,NC(=O)[C@H](Cc1ccccc1)NC(=O)[C@H](Cc1ccc2ccc(OCc3ccccc3)cc2c1)[C@H](O)C(=O)NO,GNWXHESPUNJCNK-PKTNWEFCSA-N,Immunology,Immune disorder,True,1993,541.6040000000004,2.6565999999999996,5,6,150.98,12,4,40,4,0.0,1462.1871277309062,9,0,0,0,0,0,3,149.12309999999982,0,206,1,True
CHEMBL265830,Cn1c(CSCC(=O)Nc2ccccc2)nnc1SCC(=O)Nc1ccccc1,PIDDKWRAGUAFFL-UHFFFAOYSA-N,CNS/Neurology,Neurological disorder,True,1999,427.5550000000002,3.4178000000000015,2,7,88.91,9,3,29,3,0.0,948.0201152602007,9,0,0,1,0,0,0,118.03240000000001,0,150,0,True
CHEMBL262299,Cc1cn(C2C=CC(COP3(=O)OCc4cc(CCC(=O)OCc5ccccc5)ccc4O3)O2)c(=O)[nH]c1=O,CNLZZPOCZLNCTG-UHFFFAOYSA-N,CNS/Neurology,Neurological disorder,True,2004,554.4920000000003,3.708520000000002,1,10,135.15,9,3,39,5,0.0,1546.792770148246,12,0,2,1,0,2,3,139.0861999999999,0,204,1,True
CHEMBL4116111,CC(C)(N)CNC(=O)C[C@@H]1CCC[C@]2(C1)OOC1(O2)C2CC3CC(C2)CC1C3,GRWBNQGMJVDMFS-ZNSBFJAJSA-N,Pain/Inflammation,Pain management,True,2011,392.5400000000002,3.247300000000001,2,5,82.81,4,0,28,6,0.0,602.5165174369201,6,6,6,0,1,1,2,103.61310000000007,0,158,0,True
CHEMBL1203140,COc1ccccc1N1CCN(CC(O)c2ccc(O)c(C(N)=O)c2)CC1.Cl,BWIWGOAPWLFLKA-UHFFFAOYSA-N,Other,Various indications,True,2011,407.8980000000002,1.7771,3,6,99.25999999999999,6,2,28,3,0.0,809.7878502165594,8,1,1,0,1,1,1,110.47950000000003,0,152,0,True
CHEMBL500627,CCCN1CCO[C@H]2c3cc(C(N)=O)ccc3CC[C@@H]21,XKTRZPQOQOCNJU-GJZGRUSLSA-N,Anti-infective,Infection,True,2000,274.364,1.8836,1,3,55.56,3,1,20,3,0.0,513.1983782446571,4,1,2,0,1,1,2,77.62590000000004,0,108,0,True
CHEMBL501070,Fc1ccc(-c2nn3cc(Cl)ccc3c2-c2ccncc2)cc1,LPZJIMZWMCUUIA-UHFFFAOYSA-N,CNS/Neurology,Neurological disorder,True,1996,323.75800000000004,4.855800000000003,0,3,30.19,2,4,23,4,0.0,978.5080058366855,5,0,0,3,0,0,0,88.827,0,112,0,True
CHEMBL1782891,CN1C(=O)[C@@H](N)CCCC/C=C/C[C@@H](C(=O)NCc2ccccc2)NC(=O)[C@@H]1Cc1ccc(O)cc1,OBPIVGRSZAQQJH-IYURWIEGSA-N,Other,Various indications,True,2002,492.6200000000002,2.4105000000000008,4,5,124.76,5,2,36,3,0.0,1039.2750181673214,8,0,1,0,0,1,3,138.78859999999995,0,192,0,True
CHEMBL500056,CC(C)(C)[C@H](NC(=O)NC1(C(=O)OCc2ccco2)CCCCC1)C(=O)N1C[C@H]2[C@@H]([C@H]1C(=O)NC(CC1CC1)C(=O)C(N)=O)C2(C)C,JUEHCCQQWAHGOO-INBFWYNRSA-N,Other,Various indications,True,1998,655.7930000000001,2.5619000000000023,4,8,190.14000000000001,12,1,47,5,0.0,1389.2401839414765,13,4,4,1,1,1,5,168.96549999999968,0,258,1,True
CHEMBL500064,Cl.O=C(Nc1ccc(C2=NCCN2)cn1)c1sc2ccccc2c1Cl,VRZMRENAPPWRGN-UHFFFAOYSA-N,CNS/Neurology,Neurological disorder,True,2021,393.2990000000001,3.973600000000002,2,5,66.38,3,3,25,4,0.0,952.9411805144691,8,0,1,2,0,1,0,105.67989999999999,0,128,0,True
CHEMBL263879,CCN(CC)/C(=N\C#N)C1=CC(C)(C)Oc2ccc([N+](=O)[O-])cc21,ZMLOBWHEHJLRDF-MNDPQUGUSA-N,Pain/Inflammation,Pain management,True,2015,328.37200000000007,3.370580000000002,0,5,91.76,4,1,24,2,0.0,755.5894268123863,7,0,1,0,0,1,0,91.74940000000004,0,126,0,True
CHEMBL264055,CC(C)(C)c1ccc(C(=O)NC(=O)Nc2cccc(C3CN4CCSC4=N3)c2)cc1,RFTUWUSCHKVPJN-UHFFFAOYSA-N,Other,Various indications,True,2010,422.5540000000002,4.4055000000000035,2,5,73.80000000000001,3,2,30,4,0.0,995.0078507134417,7,1,2,0,1,2,1,122.27590000000004,0,156,0,True
CHEMBL265362,COc1cccc(CN2CCC[C@@H]2[C@H](O)CNC(C)(C)Cc2ccc3ccccc3c2)c1,FSGXGDDEFDQJGN-KAYWLYCHSA-N,CNS/Neurology,Neurological disorder,True,2009,432.6080000000002,4.784600000000005,2,4,44.730000000000004,9,3,32,4,0.0,1032.6259257789252,4,1,1,0,1,1,2,132.16649999999998,0,170,0,True
CHEMBL385868,CCN1C(N(C)C)=Nc2ccccc2C1CC(=O)NCc1ccccc1,VCUHJGXHOPADEP-UHFFFAOYSA-N,Pain/Inflammation,Pain management,True,2011,350.46600000000007,3.3188000000000013,1,4,47.94,5,2,26,3,0.0,785.6079035964988,5,0,1,0,0,1,1,105.25070000000004,0,136,0,True
CHEMBL504192,COC(=O)[C@H](CC(C)C)N1C(=O)[C@@H]2Cc3c([nH]c4ccccc34)CN2C1(C)C,MEUZGENGYKTAKJ-OALUTQOASA-N,Pain/Inflammation,Pain management,True,2003,383.49200000000013,3.0606000000000018,1,4,65.64,4,2,28,4,0.0,930.2499585724713,6,1,2,1,1,2,2,107.51770000000006,0,150,0,True
CHEMBL505806,O=C(/C=C/c1ccc(/C=N/OCc2ccccc2)cc1)NO,DHSYUAULSBHRPH-RJXLRZCOSA-N,Pain/Inflammation,Pain management,True,1994,296.32599999999996,2.7558999999999996,2,4,70.92,6,2,22,2,0.0,649.3640848415686,5,0,0,0,0,0,0,84.23020000000004,0,112,0,True
CHEMBL505923,C=C[C@]1(C)CC[C@@H]2[C@@]3(C)CCC[C@](C)(CO[C@@H]4O[C@@H](C(O)OC(C)=O)[C@H](O)[C@]4(O)OC(C)=O)[C@@H]3CC[C@@]2(C)O1,AWXIPZFKVIDDNA-HIFGCTMYSA-N,Metabolic,Metabolic disorder,True,1997,554.6770000000002,2.958500000000001,3,10,140.98000000000002,7,0,39,4,0.0,971.7149387714792,10,4,4,0,2,2,11,138.71339999999992,0,222,1,True
CHEMBL505930,CC(=O)NCC(=O)N(C)[C@@H](Cc1ccccc1)C(=O)N(C)[C@@H](Cc1ccccc1)C(=O)N(C)[C@@H](Cc1ccccc1)C(N)=O,WONBVFQHSPKPHB-DTXPUJKBSA-N,Immunology,Immune disorder,True,1994,599.7320000000002,1.8169000000000022,2,5,133.11999999999998,14,3,44,3,0.0,1417.7473008097645,10,0,0,0,0,0,3,167.99009999999956,0,232,1,True
CHEMBL503623,Cc1cc2c(c(=O)[nH]1)C(=O)O/C2=C\c1cc2ccccc2s1,ZHWHAEPCMQSHKU-JYRVWZFOSA-N,CNS/Neurology,Neurological disorder,True,1992,309.346,3.5665200000000015,1,4,59.16,1,3,22,4,0.0,977.1611118042292,5,0,1,2,0,1,0,86.91120000000002,0,108,0,True
CHEMBL4116124,CCN1CCN(CCCCOC(=O)c2cc(O)c3c(c2)C(=O)c2cccc(O)c2C3=O)CC1,AIWZBPCLDOTORP-UHFFFAOYSA-N,Other,Various indications,True,1991,452.5070000000003,2.4477,2,8,107.38000000000002,7,2,33,4,0.0,1088.5449907639552,8,1,2,0,1,1,0,121.14910000000005,0,174,0,True
CHEMBL269289,COc1ccc([C@]2(C#N)C[C@H]3C[C@@H](C(=O)O)C[C@H]3C2)cc1OCC1CC1,GZVHGBGPVKLJDQ-DOOXAVABSA-N,Pain/Inflammation,Pain management,True,2016,355.4340000000002,3.766180000000002,1,4,79.55,6,1,26,4,0.0,734.8682393359077,5,3,3,0,0,0,4,95.07780000000007,0,138,0,True
CHEMBL386654,C#C[C@H]1CC[C@@H](C#N)N1C(=O)CNC12CC3CC(CC(O)(C3)C1)C2,FLEJLFCEMOMGJU-JMHWRACVSA-N,Anti-infective,Infection,True,2000,327.42800000000017,1.1760799999999991,2,4,76.36,3,0,24,5,0.0,595.5036082387749,5,5,5,0,1,1,4,88.46750000000004,0,128,0,True
CHEMBL402708,CC(=O)c1sc(NC(=O)N[C@@H]2CN(C(=O)C3CC3)CC[C@H]2CN2CCC[C@@H](Cc3ccc(F)cc3)C2)nc1C,QYZCRHUUDLMPAO-UMXIMWEHSA-N,Immunology,Immune disorder,True,2006,555.7200000000003,4.496520000000004,2,6,94.64,8,2,39,5,0.0,1198.0299759883833,10,3,3,1,2,2,3,149.47689999999974,0,210,1,True
CHEMBL439267,Cc1ccc(C(N)=O)cc1Nc1ncnc2c1cnn2-c1ccccc1,OWKREXHHHNVPNK-UHFFFAOYSA-N,Pain/Inflammation,Pain management,True,1999,344.3780000000001,2.966420000000001,2,6,98.72,4,4,26,4,0.0,1103.680512067155,7,0,0,2,0,0,0,99.6396,0,128,0,True
CHEMBL439400,CC(C)C[C@@H](C(=O)O)N1C(=O)C(=C(c2ccccc2)c2ccccc2)SC1=S,HXLIPKYDERBHRB-KRWDZBQOSA-N,Other,Various indications,True,1996,411.54800000000006,4.8056000000000045,1,4,57.61,6,2,28,3,0.0,881.812756226421,6,1,1,0,1,1,1,116.81980000000003,0,144,0,True
CHEMBL525996,COc1ccccc1N1CCN(CCCN2C(=O)C3Sc4ccccc4C3N(C)C2=O)CC1,ASDTZHOGJXDOAQ-UHFFFAOYSA-N,Other,Various indications,True,1996,466.60700000000014,3.316900000000002,0,6,56.330000000000005,6,2,33,5,0.0,1039.8170227420155,8,2,3,0,2,3,2,129.96400000000003,0,174,0,True
CHEMBL4116125,O=C(OCCCN1CCCCC1)c1cc(O)c2c(c1)C(=O)c1cccc(O)c1C2=O,YCIDMANWMQFMMG-UHFFFAOYSA-N,Other,Various indications,True,1997,409.43800000000016,2.906000000000002,2,7,104.14000000000001,5,2,30,4,0.0,1022.5936644178453,7,1,2,0,1,1,0,108.26910000000004,0,156,0,True
CHEMBL154392,CC(C)OC(=O)C(C)CNC(=O)[C@H](N)CC(=O)O,ASAUKESVWCIYIQ-BRFYHDHCSA-N,Anti-infective,Infection,True,1995,260.28999999999996,-0.5076999999999983,3,5,118.72000000000001,7,0,18,0,0.0,316.5554329905009,7,0,0,0,0,0,2,63.62990000000003,0,104,0,True
CHEMBL525428,CC#CCOc1ccc(S(=O)(=O)N[C@H](Cc2cn(Cc3ccc(F)cc3)c3ccccc23)C(=O)O)cc1,OJBSWIIISXMJGA-AREMUKBSSA-N,CNS/Neurology,Neurological disorder,True,2004,520.5820000000002,4.205000000000003,2,5,97.63000000000001,10,4,37,4,0.0,1567.1123167860908,9,0,0,1,0,0,1,138.27629999999994,0,190,1,True
CHEMBL527864,CN1CCN(c2ccc(Nc3ncc(C#N)c(Nc4ccccc4C(N)=O)n3)cc2)CC1,CMHUUCSQZYWFET-UHFFFAOYSA-N,Other,Various indications,True,2015,428.50000000000017,2.686180000000001,3,8,123.2,6,3,32,4,0.0,1147.403135671079,9,1,1,1,1,1,0,124.42430000000003,0,162,0,True
CHEMBL503330,COC(=O)C(C)/C1=C/C=C(\C)CC[C@H]2O[C@]2(C)CC/C=C(\C)CC1,RINNRXYTVAOICT-QLFNBJMJSA-N,Pain/Inflammation,Pain management,True,1993,332.4840000000001,5.126200000000005,0,3,38.83,2,0,24,2,0.0,555.4311656142627,3,1,2,0,1,1,3,97.75700000000006,0,134,1,True
CHEMBL503400,COc1cnc(-c2ccc(O)c(O)c2)o1,UQOHWJRYPOEITP-UHFFFAOYSA-N,Anti-infective,Infection,True,2011,207.18499999999997,1.7613999999999999,2,5,75.72,2,2,15,2,0.0,478.02466940888365,5,0,0,1,0,0,0,51.82060000000003,0,78,0,True
CHEMBL500085,C[C@H](C[C@@H]1CC[C@H]([C@@H](C)C(=O)N2CCN(CC3CCCO3)CC2)O1)n1cc(C#Cc2ccc(Oc3ccccc3)cc2)nn1,MMWHSYHXXOBSFX-HLVTXSBBSA-N,CNS/Neurology,Neurological disorder,True,2019,597.7600000000003,4.928200000000005,0,8,81.95,9,3,44,6,0.0,1418.545520251465,9,3,3,1,3,3,5,167.3409999999995,0,232,1,True
CHEMBL500090,c1csc(CNC23CC4CC(CC2C4)C3)c1,NDQGLSWMMRANBN-UHFFFAOYSA-N,Pain/Inflammation,Pain management,True,2021,233.37999999999997,3.416400000000002,1,2,12.03,3,1,16,5,0.0,369.4494218582833,2,4,4,1,0,0,2,67.44470000000004,0,86,0,True
CHEMBL500236,Cc1cccc(OCc2cn(CCn3c([N+](=O)[O-])cnc3C)nn2)c1,XMVWTCNLIUUNBF-UHFFFAOYSA-N,Other,Various indications,True,1996,342.35900000000004,2.2788399999999998,0,8,100.9,7,3,25,3,0.0,885.6348402629657,9,0,0,2,0,0,0,89.15140000000002,0,130,0,True
CHEMBL501691,COC1=C[C@@H](C)[C@@H]2C[C@H]3OC(OC(=O)c4cccc(Cl)c4)[C@H](O)[C@H]4C(C)=C(OC)C(=O)[C@H]([C@@]2(C)C1=O)[C@]43C,AAHJCAZRAHBCTO-UFUVGSDTSA-N,Other,Various indications,True,2012,545.0280000000001,4.099700000000003,1,8,108.36000000000001,4,1,38,5,0.0,1268.7825863156793,9,2,4,0,1,1,9,136.81529999999998,0,204,1,True
CHEMBL501699,CC(=O)N[C@@H]1Cc2c([nH]c3ccccc23)CN([C@@H](CCCCN)C(=O)NCc2ccccc2)C1=O.O=C(O)C(F)(F)F,UORANSRNDKKBHI-BUDDBBPTSA-N,CNS/Neurology,Neurological disorder,True,2008,589.6150000000005,3.0046000000000017,5,5,157.61999999999998,9,3,42,4,0.0,1393.3078880550372,13,0,1,1,0,1,2,148.83029999999988,0,226,1,True
CHEMBL501701,N=C(N)NC(=O)c1nc(Cl)c(N2CCCCCC2)nc1N,RQQJJXVETXFINY-UHFFFAOYSA-N,Anti-infective,Infection,True,2021,311.777,0.7158699999999998,4,6,134.01,2,1,21,2,0.0,554.7820780046422,9,1,1,1,1,1,0,81.51570000000002,0,114,0,True
CHEMBL501770,Cc1ccc(Cl)c(S(=O)(=O)NC(CCC(N)=O)C(N)=O)c1,KBKSWZVPBQLGMZ-UHFFFAOYSA-N,Anti-infective,Infection,True,2002,333.7970000000001,0.04612000000000027,3,4,132.35,7,1,21,1,0.0,660.466426998507,9,0,0,0,0,0,1,77.92130000000002,0,116,0,True
CHEMBL501957,COc1ccc2c(O[C@@H]3C[C@H]4C(=O)N[C@]5(C(=O)NS(=O)(=O)C6CC6)C[C@H]5/C=C\CCCCCCC(=O)N4C3)cc(-c3cscn3)nc2c1,JQKCRTAXYXOUTE-NNKKGTMLSA-N,CNS/Neurology,Neurological disorder,True,2017,693.8480000000002,4.108900000000003,2,10,156.89,7,3,48,7,0.0,1860.2808438904242,14,3,4,2,1,2,4,179.8441999999996,0,254,1,True
CHEMBL154463,CCC[C@@H](COC(=O)CC)NC(=O)[C@H](N)CC(=O)O,MCDJWDQJRCAKBT-DTWKUNHWSA-N,Anti-infective,Infection,True,1993,274.317,0.026500000000001023,3,5,118.72000000000001,9,0,19,0,0.0,319.2416035163237,7,0,0,0,0,0,2,68.31690000000005,0,110,0,True
CHEMBL541498,CC(=O)/C=C(\O)c1cccnc1,ZBEILIOSFDQFCJ-UITAMQMPSA-N,Anti-infective,Infection,True,2014,163.176,1.5695,1,3,50.19,2,1,12,1,0.0,303.5643909481188,3,0,0,1,0,0,0,45.52380000000002,0,62,0,True
CHEMBL4116121,CN(C/C=C/c1cccc(F)c1)Cc1cccc2cc[nH]c12,OBXMBBUJDPNURD-GQCTYLIASA-N,CNS/Neurology,Neurological disorder,True,2011,294.373,4.452200000000003,1,1,19.03,5,3,22,3,0.0,788.7393366355656,3,0,0,1,0,0,0,90.06670000000005,0,112,0,True
CHEMBL544585,Br.Oc1cc(C2CNCCc3c2cc(O)c(O)c3Cl)ccc1Cl,NXLRGYKOVKHTLO-UHFFFAOYSA-N,Other,Various indications,True,2022,421.11800000000005,3.9657000000000027,4,4,72.72,1,2,23,3,0.0,739.7506667604135,7,0,1,0,0,1,1,96.63709999999999,0,124,0,True
CHEMBL1163234,CC(C)(C)OC(=O)NC(CC(=O)OCc1ccccc1)C(=O)NC(COCc1ccccc1)C(=O)NCC(=O)OCc1ccccc1,IVTCHXBOFLVHPF-UHFFFAOYSA-N,CNS/Neurology,Neurological disorder,True,2015,647.7250000000001,3.5744000000000016,3,9,158.35999999999999,16,3,47,3,0.0,1445.3813504739935,12,0,0,0,0,0,2,171.28909999999954,0,250,1,True
CHEMBL538928,O=c1oc(-c2ccccc2F)cc2c1sc1ccccc12,LLXSZTFVUVLUAW-UHFFFAOYSA-N,CNS/Neurology,Neurological disorder,True,2009,296.322,4.813800000000002,0,3,30.21,1,4,21,4,0.0,1029.7576215255497,4,0,0,2,0,0,0,83.26100000000002,0,102,0,True
CHEMBL539185,CC1CCN(C(=O)c2ccc(C#Cc3ccccc3)cc2)CC1,ZOOFBTWTCRPFRH-UHFFFAOYSA-N,Pain/Inflammation,Pain management,True,2005,303.4050000000001,3.9585000000000026,0,1,20.310000000000002,1,2,23,3,0.0,713.9320410071948,2,1,1,0,1,1,0,93.16550000000005,0,116,0,True
CHEMBL539138,COc1cc(C(=O)N/N=C2\C(=O)Nc3c(Cl)cc(Cl)cc32)cc(OC)c1OC,VZQFREZESZVIEL-UHFFFAOYSA-N,Other,Various indications,True,1995,424.2400000000002,3.1054000000000013,2,6,98.25,5,2,28,3,0.0,981.9509708820093,10,0,1,0,0,1,0,105.19290000000001,0,146,0,True
CHEMBL508166,CS/C=C(/C)n1c(C(=O)c2ccc(Br)cc2)noc1=O,DDTZWTBRUYDWQL-FPLPWBNLSA-N,Pain/Inflammation,Pain management,True,1990,355.2130000000001,3.0111000000000017,0,6,65.1,4,2,20,2,0.0,715.9626536136418,7,0,0,1,0,0,0,81.79950000000002,0,104,0,True
CHEMBL508224,C/C=C/C=C/C(=O)O[C@H]1CCCC[C@H](O)[C@H](O)[C@@H](CCC)OC1=O,FMVRTWDUGYFHPQ-JVYGEWJVSA-N,Pain/Inflammation,Pain management,True,2002,340.4160000000001,2.0382,2,6,93.06,5,0,24,1,0.0,456.4253385004349,6,1,1,0,1,1,4,89.10360000000004,0,136,0,True
CHEMBL503469,Cn1cc(C2=C(c3coc4ccccc34)C(=O)NC2=O)c2ccc(O)cc21,KDHJXFSAMCTHGR-UHFFFAOYSA-N,CNS/Neurology,Neurological disorder,True,2020,358.3530000000001,3.197300000000001,2,5,84.47000000000001,2,4,27,5,0.0,1306.4706850938064,6,0,1,2,0,1,0,100.76150000000001,0,132,0,True
CHEMBL500079,CCCCCOc1ccc(Oc2ccc(O)cc2)cc1,JYQOLNAVBLFGQA-UHFFFAOYSA-N,Pain/Inflammation,Pain management,True,1995,272.344,4.753500000000004,1,3,38.69,7,2,20,2,0.0,502.76325518136787,3,0,0,0,0,0,0,79.64280000000005,0,106,0,True
CHEMBL500207,COc1cc(-n2cc(C(C)=O)c3ccccc32)ccc1C(N)=O,QLXYWBUNZQYRJE-UHFFFAOYSA-N,Pain/Inflammation,Pain management,True,2005,308.3370000000001,2.9406000000000008,1,4,74.32,4,3,23,3,0.0,925.161439898706,5,0,0,1,0,0,0,88.34940000000005,0,116,0,True
CHEMBL500234,CC[C@@]1(C(=O)NCCN2CCOCC2)OC(=O)c2c1cc1n(c2=O)Cc2c-1nc1ccccc1c2C1CCCCC1,PLDOKYJHHKJTAU-JGCGQSQUSA-N,CNS/Neurology,Neurological disorder,True,2023,556.663,3.6970000000000027,1,8,102.76,6,3,41,7,0.0,1601.8517085363248,9,2,4,2,1,3,1,154.0201999999997,0,214,1,True
CHEMBL156735,CN(C)CCNC(=O)c1cccc2c(NCCN3CCN(CCNc4c5ccccc5nc5c(C(=O)NCCN(C)C)cccc45)CC3)c3ccccc3nc12,NABPVYFXMQQNLF-UHFFFAOYSA-N,CNS/Neurology,Neurological disorder,True,2007,754.9839999999998,4.813800000000007,4,10,121.0,16,6,56,7,0.0,2156.601306585546,12,1,1,2,1,1,0,230.13179999999943,0,292,1,True
CHEMBL507116,CC(C)P(=O)(O)C1=CCC(N)C1,GHMDNOGDVOJHGN-UHFFFAOYSA-N,Anti-infective,Infection,True,1991,189.19499999999996,1.6702,2,2,63.31999999999999,2,0,12,1,0.0,247.44241535199075,4,0,1,0,0,0,2,50.25370000000003,0,70,0,True
CHEMBL507127,COc1ccc(C[C@@H]2NC(=O)[C@@H](Cc3c[nH]c4ccccc34)NC(=O)[C@H](Cc3ccccc3)NC(=O)[C@H]3CCCN3C2=O)cc1,OGVYQAXJPKYKOQ-XFBWMNOSSA-N,Immunology,Immune disorder,True,2018,607.7110000000001,2.6634,4,5,132.63,7,4,45,6,0.0,1685.592862863798,10,2,2,1,2,2,4,169.37379999999965,0,232,1,True
CHEMBL540488,N#Cc1c(O)nc(N)nc1-c1ccccc1[N+](=O)[O-],BNTYCCXYIUAXNO-UHFFFAOYSA-N,Anti-infective,Infection,True,1995,257.209,1.21128,2,7,138.96,2,2,19,2,0.0,707.9622248210488,8,0,0,1,0,0,0,64.9146,0,94,0,True
CHEMBL1207940,CC1=C(O)[C@@H](C/C(C)=C\CC[C@H](C)/C=C/C=C(\C)CCCC2=CCN(CC(=O)O)C2=O)OC1=O,CZBZSZPLMKKWSY-CNGQNWGCSA-N,Other,Various indications,True,2001,471.5940000000004,5.022500000000004,2,5,104.14000000000001,13,0,34,2,0.0,936.7669810831958,7,0,2,0,0,2,2,131.02760000000006,0,186,1,True
CHEMBL1163216,CN(C)CC(=O)Nc1ccc(C(=O)Nc2cc(C(=O)NCCn3nc4c5c(cccc53)C(=O)c3c(Cl)cccc3-4)n(C)c2)n1C,SWPRFVHJYVRDFT-UHFFFAOYSA-N,CNS/Neurology,Neurological disorder,True,1996,627.1050000000001,3.760500000000002,3,9,135.29000000000002,9,5,45,6,0.0,2018.4721489981187,13,0,1,3,0,0,0,171.9075999999997,0,230,1,True
CHEMBL547008,COc1ccc2nccc([C@@H](O)CN3CCC(NCc4nc5c(cc4Cl)SCC(=O)N5)C(F)C3)c2c1,WJAKHOJSUXKJOB-ZNIKRAEXSA-N,CNS/Neurology,Neurological disorder,True,2023,532.0410000000002,3.571600000000002,3,8,99.61000000000001,7,3,36,5,0.0,1281.918417453483,11,1,2,2,1,2,3,138.43619999999993,0,190,1,True
CHEMBL547542,O=C(Nc1ccc(C(F)(F)F)cc1)NC1CCN(c2ccnc3cc(Cl)ccc23)C1,QOAMUZZNCVGFBN-UHFFFAOYSA-N,CNS/Neurology,Neurological disorder,True,1999,434.8490000000001,5.307400000000002,2,3,57.260000000000005,3,3,30,4,0.0,1072.0296917598273,9,1,1,1,1,1,1,110.96940000000004,0,156,1,True
CHEMBL549128,CN(C)CCOc1cc(NC(=O)Nc2cccc([N+](=O)[O-])c2)ccc1I,VPHXQYKZEWHKOD-UHFFFAOYSA-N,Other,Various indications,True,2021,470.26700000000005,3.783800000000002,2,5,96.74000000000001,7,2,26,2,0.0,798.0823844890659,9,0,0,0,0,0,0,108.94580000000002,0,138,0,True
CHEMBL7892,CC(=O)Nc1ccc2c(c1)C(=O)N(C(C(=O)NC1CCCCC1)c1ccc([N+](=O)[O-])cc1)[C@@H](c1ccccc1)C(=O)N2,FTCVZLUSWALWFM-MBMZGMDYSA-N,CNS/Neurology,Neurological disorder,True,1998,569.6180000000004,4.879000000000004,3,6,150.75,7,3,42,5,0.0,1518.5256339736513,11,1,2,0,0,1,2,155.5809999999997,0,216,1,True
CHEMBL503770,C/C=C/CCCC(C)/C(O)=C1\C(=O)[C@H]([C@H](C)O)N(C)C1=O,DRDBTDHUTFJYHV-BDYOHYLASA-N,Anti-infective,Infection,True,1993,295.3790000000001,1.9714999999999998,2,4,77.84,6,0,21,1,0.0,464.8974347827345,5,1,1,0,1,1,3,80.72960000000005,0,118,0,True
CHEMBL503802,O=C(O)/C(O)=C/C(=O)c1ccnc2ccccc12,KXUDPIJQOSBVNN-GHXNOFRVSA-N,Anti-infective,Infection,True,2014,243.21800000000002,1.944,2,4,87.49,3,2,18,2,0.0,655.5937605194844,5,0,0,1,0,0,0,64.42110000000002,0,90,0,True
CHEMBL503411,C=CC[C@@H](OC(=O)C=C)c1ccc(C)c2ccccc12,STPSJOLCMFFEOB-QGZVFWFLSA-N,Pain/Inflammation,Pain management,True,1990,266.34000000000003,4.494620000000004,0,2,26.3,5,2,20,2,0.0,655.5158511989791,2,0,0,0,0,0,1,82.52900000000005,0,102,0,True
CHEMBL507207,CC[C@H](C)[C@@H](CO)NS(=O)(=O)c1ccc(C(F)(F)F)cc1,HILPOOWQEBWFGB-JOYOIKCWSA-N,Pain/Inflammation,Pain management,True,1990,325.352,2.3907,2,3,66.4,6,1,21,1,0.0,555.0193714846255,8,0,0,0,0,0,2,72.09430000000003,0,120,0,True
CHEMBL503660,O=C(O)CNC(=O)Sc1ccccn1,HQAGNYXSULTWKJ-UHFFFAOYSA-N,Anti-infective,Infection,True,1999,212.23000000000002,0.9679000000000001,2,4,79.29,3,1,14,1,0.0,328.61809355931683,6,0,0,1,0,0,0,51.12850000000002,0,74,0,True
CHEMBL503664,CC(C)CC(=O)C[C@@H](C)[C@H]1CC[C@@]2(C)[C@@H]3CC[C@H]4[C@](C)(COS(=O)(=O)[O-])[C@@H](OS(=O)(=O)[O-])CC[C@@]45C[C@@]35CC[C@]12C.[Na+].[Na+],LVCDBUUZPQYJQK-JEBIPZLNSA-L,Metabolic,Metabolic disorder,True,1999,662.819,-0.6227999999999918,0,9,149.93,10,0,43,5,0.0,1292.0764710175345,13,5,5,0,0,0,10,149.67239999999978,0,236,1,True
CHEMBL4116113,CCCC(=O)OC(Cn1ccnc1)c1ccc(Cl)cc1,VKINWBBQPLPVDH-UHFFFAOYSA-N,Pain/Inflammation,Pain management,True,2002,292.766,3.621100000000003,0,4,44.120000000000005,6,2,20,2,0.0,537.5109735050478,5,0,0,1,0,0,1,77.42000000000004,0,106,0,True
CHEMBL522887,CC1=CC(C)(C)N=C(Nc2nc(C)c3cc(C)cc(C)c3n2)N1,NXZXRPKKYIPBNO-UHFFFAOYSA-N,Pain/Inflammation,Pain management,True,2002,309.41700000000003,3.6085600000000024,2,5,62.2,1,2,23,3,0.0,846.101034463778,5,0,1,1,0,1,0,95.77840000000005,0,120,0,True
CHEMBL526377,O=c1ccc2ccc(O[C@@H]3O[C@H](CO)[C@@H](O)[C@H](O)[C@H]3O)cc2o1,VPAOSFFTKWUGAD-TVKJYDDYSA-N,Cardiovascular,Heart disease,True,2014,324.2850000000001,-1.0283000000000009,4,8,129.59000000000003,3,2,23,3,0.0,739.5794506009178,8,1,1,1,1,1,5,76.87920000000001,0,124,0,True
CHEMBL503702,C=C1C(=O)O[C@H]2/C=C(\C)CC/C=C(\C)C[C@H](O)[C@@H]12,PDEJECFRCJOMEN-RZPRNJIHSA-N,Pain/Inflammation,Pain management,True,2013,248.32199999999995,2.5216000000000003,1,3,46.53,0,0,18,2,0.0,431.0196679683533,3,1,2,0,1,1,3,69.88180000000003,0,98,0,True
CHEMBL503818,NS(=O)(=O)c1ccc(C(=O)Oc2cncc(Cl)c2)cc1,VKCMFJMCSVRJME-UHFFFAOYSA-N,Anti-infective,Infection,True,2009,312.734,1.6016000000000001,1,5,99.35000000000001,3,2,20,2,0.0,744.3075687896576,8,0,0,1,0,0,0,72.02070000000002,0,104,0,True
CHEMBL500467,CC[C@H](C)[C@H]1NC(=O)[C@@H](Cc2ccoc2)N(C)C(=O)[C@H](C)N(C)C(=O)[C@H](CC(C)C)NC(=O)[C@H](Cc2ccoc2)N(C)C(=O)[C@H](C(C)C)NC(=O)[C@@H](C(C)C)NC1=O,MHYASXKHPXOUMD-ZVIUBLJRSA-N,Immunology,Immune disorder,True,2016,812.0220000000002,2.515700000000007,4,9,203.60999999999999,10,2,58,3,0.0,1708.4179169070524,16,1,1,2,1,1,8,216.48079999999928,0,322,1,True
CHEMBL501963,C/C(=C\c1ccncc1)c1ccc(C(=O)/N=c2\[nH]c3cc(N(C)C(=O)c4ccccc4)ccc3n2CCC(N)=O)s1,VQYXTTQACQASPG-CZIZESTLSA-N,CNS/Neurology,Neurological disorder,True,2006,564.6710000000003,4.879500000000003,2,6,126.44,8,5,41,5,0.0,1834.0268686651543,10,0,0,3,0,0,0,161.2700999999997,0,206,1,True
CHEMBL501964,COc1cc2c(cc1Nc1nc(Nc3cccc(F)c3C(N)=O)c3cc[nH]c3n1)N(C(=O)CN1CCOCC1)CC2,VMSXLNMNMRCQPD-UHFFFAOYSA-N,Immunology,Immune disorder,True,2022,560.5900000000001,2.9130000000000003,4,9,150.73,8,4,41,6,0.0,1635.1318149215983,13,1,2,2,1,2,0,151.68199999999982,0,212,1,True
CHEMBL4116116,COc1ccc(C(=O)C[n+]2c(C)n(Cc3c4c(cc5c3OCC5)OCC4)c3ccccc32)cc1,MDHYNPJMESSYFD-UHFFFAOYSA-N,CNS/Neurology,Neurological disorder,True,2009,455.5340000000003,4.046820000000003,0,5,53.57000000000001,6,4,34,6,0.0,1386.8630678538416,6,0,2,1,0,2,0,128.13650000000004,0,172,0,True
CHEMBL502172,C[C@@H](NC(=O)c1cc(C(=O)N[C@@H](Cc2ccccc2)[C@H](O)CNC2CCN(Cc3ccccc3)CC2)cc(N(C)S(C)(=O)=O)c1)c1ccccc1,NQGQLKZLDUJDEA-NOWQQFBNSA-N,CNS/Neurology,Neurological disorder,True,2022,711.9290000000002,4.529600000000004,4,7,131.07999999999998,15,4,51,5,0.0,1835.267242918914,11,1,1,0,1,1,3,202.16269999999943,0,270,1,True
CHEMBL502461,N#CC1(c2ccccc2)CCN(CCCc2ccccc2)CC1,XYOLVZKHEFSPGO-UHFFFAOYSA-N,Pain/Inflammation,Pain management,True,2014,304.437,4.176580000000004,0,2,27.03,5,2,23,3,0.0,634.5467166437611,2,1,1,0,1,1,0,94.17000000000006,0,118,0,True
CHEMBL503030,O=C(O)c1n[nH]c2c1OCC2,OYBLGJJZUPBHEJ-UHFFFAOYSA-N,Anti-infective,Infection,True,2003,154.12499999999997,0.04279999999999978,2,3,75.21,1,1,11,2,0.0,304.7760821081893,5,0,1,1,0,1,0,34.746,0,58,0,True
CHEMBL531595,Cc1nc2nc(N)nc(N)c2c(C)c1Cc1ccccc1Cl.Cl,KEVPUAYSOOTRLF-UHFFFAOYSA-N,CNS/Neurology,Neurological disorder,True,1996,350.253,3.472040000000002,2,5,90.71,2,3,23,3,0.0,879.9638607066288,7,0,0,2,0,0,0,97.13780000000001,0,120,0,True
CHEMBL529327,COc1cc(Nc2ccnc3cc(-c4ccncc4)ccc23)cc(OC)c1OC,FRCTWSOPAOZQTN-UHFFFAOYSA-N,CNS/Neurology,Neurological disorder,True,1991,387.4390000000002,5.066200000000004,1,6,65.5,6,4,29,4,0.0,1121.6368312725886,6,0,0,2,0,0,0,114.35470000000002,0,146,1,True
CHEMBL154209,COCCn1cnc2c(O)nc(Nc3ccccc3)nc21,GAGYIXNTGLUHEZ-UHFFFAOYSA-N,Anti-infective,Infection,True,2008,285.3070000000001,1.9218999999999997,2,7,85.09,5,3,21,3,0.0,741.7091109258797,7,0,0,2,0,0,0,78.58850000000002,0,108,0,True
CHEMBL541754,O=C(Nc1cccc(OC(F)F)c1)c1ccccn1,DVMQKRGCWAAYQR-UHFFFAOYSA-N,Pain/Inflammation,Pain management,True,2009,264.231,2.9353000000000007,1,3,51.22,4,2,19,2,0.0,561.5794919207875,6,0,0,1,0,0,0,65.26420000000002,0,98,0,True
CHEMBL539434,C[C@H](C(=O)NCCc1ccccc1O)c1cccc(Oc2ccccc2)c1,IWZTTYSBPBBIMY-KRWDZBQOSA-N,CNS/Neurology,Neurological disorder,True,2018,361.4410000000001,4.646900000000003,2,3,58.56,7,3,27,3,0.0,892.8900144701755,4,0,0,0,0,0,1,106.19350000000003,0,138,0,True
CHEMBL526908,COc1ccc2c(O)cc(OC)c(O)c2c1O,ZRXPLYVMTOLAPG-UHFFFAOYSA-N,Anti-infective,Infection,True,2012,236.22299999999996,1.9738000000000007,3,5,79.15,2,2,17,2,0.0,568.6030759741782,5,0,0,0,0,0,0,62.04640000000003,0,90,0,True
CHEMBL525443,CCOC(=O)c1ccc2c(c1)NC(=O)/C2=C(\Nc1ccc(CN2CCCCC2)cc1)c1ccccc1,SRSFGSQMDZJKHV-DQSJHHFOSA-N,CNS/Neurology,Neurological disorder,True,2017,481.59600000000034,5.781700000000005,2,5,70.66999999999999,7,3,36,5,0.0,1276.551087526906,6,1,2,0,1,2,0,143.4768999999998,0,184,1,True
CHEMBL1205831,O=C(NCc1ccc(S(=O)(=O)O)cc1)C(CS)Cc1ccccc1,CZORFETWIUWXKI-UHFFFAOYSA-N,Pain/Inflammation,Pain management,True,2007,365.47600000000006,2.3382000000000005,3,4,83.47,7,2,24,2,0.0,773.9976582829662,7,0,0,0,0,0,1,95.59230000000002,0,128,0,True
CHEMBL1163427,CCCC1C(C(=O)NC(C)c2ccccc2)=CN(CC(=O)OC(C)C)C=C1C(=O)N[C@@H](Cc1ccccc1)[C@H](O)CNC1CC1,KKDBVMXUSPGZQN-ZFWQNNPVSA-N,Immunology,Immune disorder,True,2022,616.8030000000002,4.155500000000003,4,7,120.00000000000001,16,2,45,4,0.0,1339.7281677143214,9,1,2,0,0,1,4,174.60589999999954,0,242,1,True
CHEMBL154556,CCCC[C@H](CC)NC(=O)[C@H](N)CC(=O)O,OZZPTJBKPBBASH-DTWKUNHWSA-N,Anti-infective,Infection,True,1999,230.30799999999996,0.8734000000000004,3,3,92.42,8,0,16,0,0.0,231.26956472744178,5,0,0,0,0,0,2,61.974900000000034,0,94,0,True
CHEMBL501130,NS(=O)(=O)c1ccc(CCNC(=O)Nc2ccc(-c3c4ccc(=O)cc-4oc4cc(O)ccc34)c(C(=O)O)c2)cc1,IYBVEUKFGRJHGL-UHFFFAOYSA-N,CNS/Neurology,Neurological disorder,True,2009,573.5830000000003,3.9802000000000017,5,7,189.02999999999997,7,3,41,5,0.0,1950.099547898869,12,0,2,0,0,1,0,151.7066999999998,0,208,1,True
CHEMBL501251,COc1cc(O)cc2c1C(=O)CC(c1ccc(O)cc1)O2,CWZLMWSCLBFCBY-UHFFFAOYSA-N,Pain/Inflammation,Pain management,True,2012,286.283,2.812900000000001,2,5,75.99000000000001,2,2,21,3,0.0,690.5586782554752,5,0,1,0,0,1,1,75.08210000000003,0,108,0,True
CHEMBL501256,Nc1ncnc2c1ncn2CC(=O)c1cccnc1,REGWEYNSZPBUMQ-UHFFFAOYSA-N,Anti-infective,Infection,True,2005,254.253,0.6864000000000001,1,7,99.58,3,3,19,3,0.0,736.3192396753799,7,0,0,3,0,0,0,68.30290000000001,0,94,0,True
CHEMBL501507,C[C@@H](NC(=O)c1cc(C(=O)N[C@@H](Cc2ccccc2)C(O)C(=O)NC2CCN(Cc3ccccc3)CC2)cc(N(C)S(C)(=O)=O)c1)c1ccc(F)cc1,BWHZOEZGICUPSW-NNCGUGFRSA-N,CNS/Neurology,Neurological disorder,True,2011,743.9020000000003,4.195300000000004,4,7,148.14999999999998,14,4,53,5,0.0,1974.0468201334584,13,1,1,0,1,1,3,202.26069999999947,0,280,1,True
CHEMBL507305,COc1cc2cc(c1Cl)N(C)C(=O)C[C@H](OC(=O)C(C)C)[C@]1(C)O[C@H]1[C@H](C)[C@@H]1C[C@@](O)(NC(=O)O1)[C@H](OC)/C=C/C=C(\C)C2,OPQNCARIZFLNLF-JBHFWYGFSA-N,Metabolic,Metabolic disorder,True,1996,635.1540000000002,4.323600000000003,2,9,136.16,4,1,44,4,0.0,1346.9651228006978,12,2,3,0,2,3,7,163.56049999999965,0,242,1,True
CHEMBL507307,C1=CC(CCNc2ncnc3[nH]cnc23)CCC1,QYEVCPHBAXJOAS-UHFFFAOYSA-N,Pain/Inflammation,Pain management,True,1991,243.31399999999996,2.5112000000000005,2,4,66.49000000000001,4,2,18,3,0.0,545.0601090211078,5,0,1,2,0,0,1,71.27140000000003,0,94,0,True
CHEMBL507464,N#Cc1c(N)nc(Sc2ccc(O)cc2)c(C#N)c1-c1ccc(Cl)cc1,FLPZPZARJKZSQN-UHFFFAOYSA-N,CNS/Neurology,Neurological disorder,True,2011,378.84400000000005,4.584360000000002,2,6,106.72,3,3,26,3,0.0,1051.372835923418,7,0,0,1,0,0,0,100.75519999999997,0,126,0,True
CHEMBL540947,CC(C)(C)OC(=O)N1CCN(C(=O)[C@H](Cc2ccc(OS(=O)(=O)c3cccc4cccnc34)cc2)NS(=O)(=O)c2cccc3cnccc23)CC1,MMAICZPNMGCPGM-PMERELPUSA-N,CNS/Neurology,Neurological disorder,True,2020,731.853,4.519600000000003,1,10,165.17000000000002,9,5,51,6,0.0,2291.923115548028,15,1,1,2,1,1,1,189.9422999999995,0,266,1,True
CHEMBL540951,COc1cc(CNc2ccc(C(C)C)cc2)cc(OC)c1OC.Cl,QFCQZCWNORKKER-UHFFFAOYSA-N,Pain/Inflammation,Pain management,True,1998,351.8740000000001,4.869700000000005,1,4,39.72,7,2,24,2,0.0,616.5553143131509,5,0,0,0,0,0,0,101.20370000000005,0,132,0,True
CHEMBL524505,Cl.O[C@@]12CCCC[C@@]13CCN(CC1CCC1)[C@@H]2Cc1ccc(OCc2ccccc2)cc13,FZQROEGFKHSJGR-OEOXOAKSSA-N,Other,Various indications,True,2009,454.0540000000002,5.660800000000005,1,3,32.7,5,2,32,6,0.0,945.7034886990522,4,3,4,0,1,1,3,130.58280000000002,0,172,1,True
CHEMBL537349,COc1ccc2c(c1)C(C)(CCCN(C)C)C(=O)N2C.O=C(O)C(=O)O,QDFKFRUQECOILZ-UHFFFAOYSA-N,Anti-infective,Infection,True,1998,366.41400000000004,1.4266999999999994,2,5,107.38000000000001,5,1,26,2,0.0,676.2589332101829,8,0,1,0,0,1,1,96.81560000000007,0,144,0,True
CHEMBL154414,CCCCCCCCCCC1(O)CCOC(=O)C1,HYUBWWJKWOLQAZ-UHFFFAOYSA-N,Pain/Inflammation,Pain management,True,1990,256.38599999999997,3.585300000000003,1,3,46.53,9,0,18,1,0.0,239.89321307840655,3,1,1,0,1,1,1,72.36980000000005,0,106,0,True
CHEMBL552528,COc1cc(-c2cc(N3CCOCC3)nc(N)n2)cc(OC)c1OC,RQQNUSTVSRKADP-UHFFFAOYSA-N,Other,Various indications,True,1996,346.38700000000006,1.5882,1,8,91.96000000000001,5,2,25,3,0.0,722.4179728558455,8,1,1,1,1,1,0,94.56840000000004,0,134,0,True
CHEMBL552542,COc1ccc2c(CCCN3CCC[C@@H](C)C3)cccc2c1.Cl,KFIZQAALWFUBHA-PKLMIRHRSA-N,Pain/Inflammation,Pain management,True,1990,333.90299999999996,4.934700000000006,0,2,12.47,5,2,23,3,0.0,628.0678249775602,3,1,1,0,1,1,1,100.90700000000005,0,126,0,True
CHEMBL503982,CC/C=C/C=C/C=C/C=C/C=O,WUGCJUPOLHRZFG-BYFNFPHLSA-N,Pain/Inflammation,Pain management,True,1994,162.23199999999997,2.820100000000001,0,1,17.07,5,0,12,0,0.0,207.0440022382591,1,0,0,0,0,0,0,52.91500000000002,0,64,0,True
CHEMBL503986,CC(=O)N(C)[C@@H](CC1CCCCC1)C(=O)N(C)[C@@H](Cc1ccccc1)C(=O)N(C)[C@@H](Cc1ccccc1)C(=O)N(C)[C@@H](Cc1ccccc1)C(N)=O,DUCBOEVJYHUVRG-ZQWQDMLBSA-N,CNS/Neurology,Neurological disorder,True,2001,709.932,4.498100000000002,1,5,124.32999999999998,16,3,52,4,0.0,1630.1684958288047,10,1,1,0,0,0,4,202.73039999999932,0,278,1,True
CHEMBL504142,O=c1ccc2nccc3c4c(O)cccc4n1c23,KXFAUPPCQVBDBN-UHFFFAOYSA-N,Pain/Inflammation,Pain management,True,1992,236.23000000000002,2.1442999999999994,1,4,54.599999999999994,0,4,18,4,0.0,956.3178182978139,4,0,0,3,0,0,0,69.32480000000002,0,86,0,True
CHEMBL503846,O=C1C(=O)N(Cc2ccc(Br)cc2)c2ccc(Cl)cc21,FBPBKOQLHLKLJW-UHFFFAOYSA-N,Pain/Inflammation,Pain management,True,2014,350.599,3.8320000000000016,0,2,37.38,2,2,20,3,0.0,712.3134947433758,5,0,1,0,0,1,0,81.11450000000002,0,100,0,True
CHEMBL1204461,COc1ccc(C(CCN(C)CC(=O)O)Oc2ccc(C(F)(F)F)cc2)cc1,UWZVQOBARGQNJS-UHFFFAOYSA-N,Pain/Inflammation,Pain management,True,2004,397.393,4.240600000000003,1,4,59.0,9,2,28,2,0.0,760.5154210341921,8,0,0,0,0,0,1,97.55680000000004,0,152,0,True
CHEMBL507700,NC(=O)Nc1sc(-c2ccc(CN3CCCCC3)cc2)cc1C(N)=O,JYHYTJMGGOSNTG-UHFFFAOYSA-N,Pain/Inflammation,Pain management,True,2011,358.4670000000001,2.990500000000001,3,4,101.45000000000002,5,2,25,3,0.0,763.8832963346204,7,1,1,1,1,1,0,100.60700000000004,0,132,0,True
CHEMBL503907,O=C(O)CCCc1ccc(Cn2ccc(=O)[nH]c2=O)cc1,VVWRHEDGSKWKGM-UHFFFAOYSA-N,Anti-infective,Infection,True,1990,288.303,0.9922,2,4,92.16,6,2,21,2,0.0,728.329104086494,6,0,0,1,0,0,0,77.44050000000003,0,110,0,True
CHEMBL504237,CC(C)CNCC(C)(C)NCC(=O)N1C[C@@H](F)C[C@H]1C#N,VUWZQJFITLFLHQ-STQMWFEESA-N,Anti-infective,Infection,True,2004,298.406,1.0627800000000005,2,4,68.16,7,0,21,1,0.0,391.6250809964416,6,1,1,0,1,1,2,80.41640000000004,0,120,0,True
CHEMBL504249,CC[C@@]1([C@@H]2O[C@@H]([C@H]3O[C@@](O)(CO)[C@H](C)C[C@@H]3C)C[C@@H]2C)CC[C@H]([C@]2(C)CCC3(C[C@H](O)[C@@H](C)[C@@H]([C@@H](C)[C@@H](OC)[C@H](C)C(=O)O)O3)O2)O1,GAOZTHIDHYLHMS-ZHWDXKHISA-N,Metabolic,Metabolic disorder,True,2021,670.8810000000005,4.272900000000003,4,10,153.37,10,0,47,5,0.0,1106.8039551987465,11,5,5,0,5,5,17,172.3011999999996,0,272,1,True
CHEMBL504254,COc1ccc(S(=O)(=O)n2cccc2)cc1,PTOXNAYXGVJKDN-UHFFFAOYSA-N,Anti-infective,Infection,True,2015,237.28000000000003,1.7337,0,4,48.300000000000004,3,2,16,2,0.0,555.7869604520141,5,0,0,1,0,0,0,60.009800000000034,0,84,0,True
CHEMBL524910,O=C1NC(NC2CC2)=N/C1=C\c1c[nH]c2ncccc12,ZIXDURCOQNGZDY-WDZFZDKYSA-N,Anti-infective,Infection,True,2019,267.29200000000003,1.1415999999999993,3,4,82.17,2,2,20,4,0.0,753.7649650361477,6,1,2,2,0,1,0,75.80610000000001,0,100,0,True
CHEMBL4116091,CC(C)C(=O)OC([C@H](C[C@@H]1CCNC1=O)NC(=O)[C@H](CC1CCCCC1)NC(=O)OCc1cccc(Cl)c1)S(=O)(=O)O,YGFDVHKFCKBCPR-JXTXVVEESA-N,Other,Various indications,True,2017,630.1600000000005,3.329300000000001,4,8,177.2,13,1,42,3,0.0,1220.732275532888,14,2,2,0,1,1,4,153.68369999999982,0,234,1,True
CHEMBL4116093,O=C1c2cccc3c(-c4cc(=O)c5ccccc5o4)ccc(c23)C(=O)N1CCCCN1CCNCC1,PNGKWGCJYDHKCC-UHFFFAOYSA-N,CNS/Neurology,Neurological disorder,True,2021,481.5520000000004,3.8946000000000023,1,6,82.85999999999999,6,4,36,6,0.0,1529.4930673411202,7,1,2,1,1,2,0,139.33669999999995,0,182,0,True
CHEMBL552742,CCCCCCOc1ccc(C(=O)CCN(C)C)c(N(C)C)c1,YJUFQRISAJWTSK-UHFFFAOYSA-N,Pain/Inflammation,Pain management,True,2006,320.47700000000003,3.8461000000000025,0,4,32.78,11,1,23,1,0.0,484.2579986464499,4,0,0,0,0,0,0,97.90750000000007,0,130,0,True
CHEMBL1208484,O=C(O)c1cn([C@]2(C(=O)O)O[C@H](CO)[C@@H](O)[C@H](O)[C@H]2O)nn1,TYFTYGYYYXOUKP-UTAYWCBXSA-N,Cardiovascular,Heart disease,True,2001,319.226,-3.8124999999999996,6,10,195.45999999999998,4,1,22,2,0.0,587.9523728048915,12,1,1,1,1,1,5,62.570300000000024,0,122,1,True
CHEMBL553887,COc1ccc(C[C@H]2C(=O)N[C@@H](C)C(=O)N(C)[C@H]3Cc4ccc(c(O)c4)Oc4cc(ccc4OC)C[C@@H](C(=O)N[C@H](C)C(=O)N[C@@H](C)C(=O)N2C)N(C)C3=O)cc1,ACJSHPYSQXBJLC-BRVKVQDUSA-N,Immunology,Immune disorder,True,2019,786.883,1.5517000000000043,4,10,196.15,4,3,57,6,0.0,2022.9915988981136,16,1,3,0,1,3,6,207.76889999999946,0,304,1,True
CHEMBL1208034,O=C(CP(=O)(O)OCc1ccc(-c2ccccc2)cc1)c1ccc(-c2ccccc2)cc1,UWZPGHXYLXEZCE-UHFFFAOYSA-N,CNS/Neurology,Neurological disorder,True,2005,442.45100000000014,6.605500000000006,1,3,63.60000000000001,8,4,32,4,0.0,1218.4193377991753,5,0,0,0,0,0,1,127.56779999999999,0,160,1,True
CHEMBL504374,CN(C)C(=O)n1nnc(CCc2ccccc2)n1,LTQAGBUYSHHPOW-UHFFFAOYSA-N,Anti-infective,Infection,True,2004,245.286,0.9879999999999995,0,5,63.910000000000004,3,2,18,2,0.0,520.2738568720023,6,0,0,1,0,0,0,66.14800000000004,0,94,0,True
CHEMBL500758,C#C/C=C/CCCCCCCCCC/C=C\CCCCCC,JJKRBORDDAKFCT-TZXBVGHOSA-N,Pain/Inflammation,Pain management,True,1996,302.5460000000001,7.603400000000007,0,0,0.0,16,0,22,0,0.0,289.65039623965936,0,0,0,0,0,0,0,102.04200000000007,0,126,1,True
CHEMBL501136,COc1ccc(-c2nc3ccc(F)cc3o2)c(OC)c1,NXYWPSIXDZRKNY-UHFFFAOYSA-N,CNS/Neurology,Neurological disorder,True,2001,273.263,3.6511000000000022,0,4,44.49000000000001,3,3,20,3,0.0,766.8996562265904,5,0,0,1,0,0,0,72.50700000000002,0,102,0,True
CHEMBL155439,COc1cc2c(cc1OC)CN(CC1=NCCN1)CC2,VNHFMAABJYHKNE-UHFFFAOYSA-N,Anti-infective,Infection,True,1994,275.35200000000003,1.0635999999999999,1,5,46.09,4,1,20,3,0.0,528.0950653841222,5,0,2,0,0,2,0,78.83170000000004,0,108,0,True
CHEMBL503237,CN1C2CCC1CC(OC1c3ccccc3CCc3ccccc31)C2,ZWPODSUQWXAZNC-UHFFFAOYSA-N,Pain/Inflammation,Pain management,True,2007,333.4750000000001,4.516400000000004,0,2,12.47,2,2,25,5,0.0,708.6930366556213,2,2,3,0,2,2,2,100.81500000000007,0,130,0,True
CHEMBL1204470,CN(CCC(Cc1ccc(C(F)(F)F)cc1)c1ccccc1)CC(=O)O,WQENIDXTBDSAHR-UHFFFAOYSA-N,Pain/Inflammation,Pain management,True,2004,365.39500000000004,4.438200000000004,1,2,40.540000000000006,8,2,26,2,0.0,699.2462750515136,6,0,0,0,0,0,1,94.08080000000007,0,140,0,True
CHEMBL503391,CC1(C)CCC[C@@]2(C)[C@H]1CCC1=CC(=O)[C@@]3(C)C[C@@]12CC3=O,HPMIXSLEZMNNIP-WBCYEJBOSA-N,Pain/Inflammation,Pain management,True,2017,300.44200000000006,4.4775000000000045,0,2,34.14,0,0,22,4,0.0,613.1967839459282,2,3,4,0,0,0,4,86.33400000000005,0,120,0,True
CHEMBL503474,O=C1CCCCCC1S(=O)(=O)c1cc(C(F)(F)F)cc(C(F)(F)F)c1,HGGPZWDJKUWJDH-UHFFFAOYSA-N,Pain/Inflammation,Pain management,True,2009,388.329,4.399700000000003,0,3,51.21,2,1,25,2,0.0,732.2018647344498,10,1,1,0,0,0,1,75.51180000000002,0,140,0,True
CHEMBL8532,CC(C)(CN1C(=O)c2cccc3cccc(c23)C1=O)C[N+](C)(C)CCCCCC[N+](C)(C)CC(C)(C)CN1C(=O)c2cccc3cccc(c23)C1=O.[Br-].[Br-],MJFPGENURPJQLI-UHFFFAOYSA-L,Immunology,Immune disorder,True,2003,864.7640000000004,1.6588000000000052,0,4,74.76,15,4,54,6,0.0,1823.7736342843875,10,0,2,0,0,2,0,208.3447999999993,0,290,1,True
CHEMBL536204,Cc1ccc(OC2CCN(CCCCC3(C)C(=O)Nc4ccccc43)CC2)cc1.Cl,OQMNXRKJBCRHHV-UHFFFAOYSA-N,Other,Various indications,True,2016,429.0040000000001,5.340320000000006,1,3,41.57,7,2,30,4,0.0,846.4820579823554,5,1,2,0,1,2,1,124.79170000000003,0,162,1,True
CHEMBL536883,O=C(Nc1ccc(F)cc1)c1cnc(N2CCN(c3ccncc3)CC2)c(Cl)c1.O=C(O)C(F)(F)F,NSSSDIHQCPVIGN-UHFFFAOYSA-N,CNS/Neurology,Neurological disorder,True,2011,525.8900000000002,4.481300000000004,2,6,98.66000000000001,4,3,36,4,0.0,1188.6035920815655,13,1,1,2,1,1,0,125.95400000000004,0,190,1,True
CHEMBL541537,CC1(C)Oc2ccc([N+](=O)[O-])cc2[C@@H](N2CCCCCC2)[C@@H]1O.Cl,DHMYJCWMXFKHHQ-RCPFAERMSA-N,Pain/Inflammation,Pain management,True,2009,356.8500000000001,3.465600000000003,1,5,75.84,2,1,24,3,0.0,600.253380472076,7,1,2,0,1,2,2,93.84020000000004,0,134,0,True
CHEMBL526533,Nc1ccc2nc(-c3ccc(F)cc3)oc2c1,HVFPDOLMDLRRSY-UHFFFAOYSA-N,CNS/Neurology,Neurological disorder,True,2016,228.226,3.216100000000001,1,3,52.05,1,3,17,3,0.0,673.4522523288844,4,0,0,1,0,0,0,63.815400000000004,0,84,0,True
CHEMBL539191,CC(C)(CO)NC(=O)Cn1cccc(NC(=O)c2ccccc2)c1=O,HFFHBACRJQDFIF-UHFFFAOYSA-N,Anti-infective,Infection,True,1999,343.38300000000004,0.9876999999999992,3,5,100.42999999999998,6,2,25,2,0.0,812.5709325218056,7,0,0,1,0,0,0,94.40470000000005,0,132,0,True
CHEMBL539203,CCCN(NC(=O)[C@@H]1[C@@H]2[C@H](CN1C(=O)[C@@H](NC(=O)N[C@H](CN1C(=O)C3CCC(C3)C1=O)C(C)(C)C)C(C)(C)C)C2(C)C)C(=O)c1ccccc1,BDBPTLLQRDIVHP-YKMQXRHZSA-N,Other,Various indications,True,2005,692.9020000000002,3.9667000000000057,3,6,148.23,9,1,50,5,0.0,1491.3472303564035,12,4,4,0,2,2,7,187.8785999999994,0,274,1,True
CHEMBL498970,CC[C@H](C)[C@@H]1C(=O)O[C@H]1C(=O)N[C@H]1C[C@H]1C[C@H](NC(=O)[C@H](C)NC(=O)CCCCCNS(=O)(=O)c1cccc2c(N(C)C)cccc12)C(=O)OCc1ccccc1,JJLWKDNIDQRNSQ-UYWNJUBWSA-N,CNS/Neurology,Neurological disorder,True,1991,805.9950000000001,3.9599000000000073,4,10,189.30999999999997,21,3,57,5,0.0,2026.1172831573847,15,2,2,0,1,1,7,215.18459999999936,0,308,1,True
CHEMBL499087,N[C@@H](C(=O)NCc1ccc(F)cc1)[C@@H](O)c1ccc([N+](=O)[O-])cc1,NPHOMPMAGRLJOP-CABCVRRESA-N,Anti-infective,Infection,True,2000,333.3190000000001,1.4109999999999998,3,5,118.49000000000001,6,2,24,2,0.0,719.1073114343678,8,0,0,0,0,0,2,84.27830000000002,0,126,0,True
CHEMBL499101,N[C@@H](CC(=O)O)C(=O)N1CCCC1,MGJPXVYXTDEHEJ-LURJTMIESA-N,Anti-infective,Infection,True,2009,186.21099999999993,-0.5892000000000004,2,3,83.63000000000001,3,0,13,1,0.0,211.43467881229336,5,1,1,0,1,1,1,46.04220000000002,0,74,0,True
CHEMBL504547,O=C1NC(=O)c2ccc(I)cc2/C1=C/NCc1ccc(-c2ccoc2)c(O)c1,CUISPPCDYZFGCY-ZDLGFXPLSA-N,CNS/Neurology,Neurological disorder,True,2000,486.2650000000002,3.6575000000000015,3,5,91.57000000000001,4,3,28,4,0.0,1103.5983042825528,7,0,1,1,0,1,0,112.25769999999999,0,140,0,True
CHEMBL504560,CC1(NC(=O)N[C@H]2CCCCCCCCCC[C@@H](C(=O)C(N)=O)NC(=O)[C@@H]3[C@H]4[C@@H](CN3C2=O)C4(C)C)CCCCC1,HOSMWPIMMSIMTO-BAHGYDIPSA-N,Other,Various indications,True,2013,573.7789999999999,3.313800000000003,4,5,150.7,4,0,41,4,0.0,1006.8576238304572,10,4,4,0,2,2,5,155.5094999999998,0,230,1,True
CHEMBL501593,CC(=O)OC1C=C[C@]2(C)[C@H]3CC[C@@]4(C)[C@@H](c5ccoc5)OC(=O)[C@H]5O[C@]54[C@]3(C)[C@H](OC(C)=O)C[C@H]2C1(C)C,DQDMCINGPLFPLI-AUPXFUGGSA-N,Other,Various indications,True,1992,526.6260000000003,4.923300000000005,0,8,104.57000000000002,3,1,38,6,0.0,1216.7134439773497,8,4,5,1,2,2,10,134.32599999999996,0,206,1,True
CHEMBL501513,CC(C)(C)OC(=O)N[C@@H](Cc1ccc(O)cc1)C(=O)N[C@H](Cc1c[nH]c2ccccc12)C(=O)NC(=O)C1C2CC3CC(C2)CC1C3,LSWRMAAUUGPACW-JFZXTBNCSA-N,CNS/Neurology,Neurological disorder,True,2009,628.7699999999999,4.751900000000004,5,6,149.61999999999998,9,3,46,7,0.0,1578.387970649385,10,4,4,1,0,0,2,172.5865999999996,0,244,1,True
CHEMBL501542,C=CCNC(=O)C(=O)[C@@H]1CCCCCCCCC[C@H](NC(=O)N[C@H](CN2C(=O)c3ccccc3C2=O)C(C)(C)C)C(=O)N2C[C@@H]3[C@H]([C@H]2C(=O)N1)C3(C)C,IJIYLULZQBQFEU-UXKKAOFESA-N,Other,Various indications,True,2023,732.9229999999998,3.7287000000000035,4,7,174.09,8,1,53,5,0.0,1597.710327197226,13,3,4,0,2,3,6,198.4667999999994,0,288,1,True
CHEMBL501544,O=C1Nc2ccc(OC(F)(F)F)cc2/C1=N/NC(=S)NC1CCCCC1,KCYDKNMVGCRCOM-UHFFFAOYSA-N,Pain/Inflammation,Pain management,True,1993,386.39900000000017,3.0382000000000016,3,4,74.75,3,1,26,3,0.0,745.5006705334159,10,1,2,0,0,1,0,94.03410000000002,0,140,0,True
CHEMBL498936,CCOc1cc2c(cn1)[nH]c1ccccc12,FNNPSIGQQWCKKB-UHFFFAOYSA-N,CNS/Neurology,Neurological disorder,True,2015,212.252,3.1148000000000007,1,2,37.91,2,3,16,3,0.0,642.521041139669,3,0,0,2,0,0,0,64.76870000000004,0,80,0,True
CHEMBL553153,Cc1cc(Cl)ccc1C(OCCN1CCCC(C(=O)O)C1)c1ccc(Cl)cc1C.Cl,YVIKRRCGVRRLLO-UHFFFAOYSA-N,Other,Various indications,True,1997,472.8400000000001,5.934640000000006,1,3,49.769999999999996,7,2,30,3,0.0,823.2669877287587,7,1,1,0,1,1,1,124.22080000000003,0,164,1,True
CHEMBL553669,O=C(c1ccccc1)c1nccc2ccccc12,MDWCIKACMBMJFA-UHFFFAOYSA-N,CNS/Neurology,Neurological disorder,True,1999,233.26999999999998,3.4658000000000015,0,2,29.96,2,3,18,3,0.0,699.1285795298066,2,0,0,1,0,0,0,71.61750000000004,0,86,0,True
CHEMBL554586,O=C(NCCc1c[nH]c2ccc(O)cc12)c1ccc(O)cc1,ISSNDLXFBIARRB-UHFFFAOYSA-N,Pain/Inflammation,Pain management,True,2014,296.326,2.5516000000000005,4,3,85.35000000000001,4,3,22,3,0.0,806.3870439821332,5,0,0,1,0,0,0,84.10750000000002,0,112,0,True
CHEMBL554708,CCCCCCCCC[C@@H]1C[C@@H]2CC[C@H]3[C@H](C(=O)O[C@H](C)CCCCC[C@@H]4C[C@@H]5CC[C@@H]6C[C@H](C)NC(=[N+]65)N4)[C@H](C)NC(=[N+]23)N1.[Cl-].[Cl-],AWLOVFDTTPZPDQ-YKZBGKLUSA-N,Cardiovascular,Heart disease,True,2014,697.8810000000002,-0.47019999999999523,4,6,80.44,16,0,47,6,0.0,1087.0626720998403,10,2,6,0,2,6,10,181.78759999999951,0,270,1,True
CHEMBL506162,O=C1C=CC[C@H]([C@@H](O)[C@H](Cl)c2ccccc2)O1,MSNHEIXAOKHXKK-RAIGVLPGSA-N,Pain/Inflammation,Pain management,True,2015,252.697,2.1990999999999996,1,3,46.53,3,1,17,2,0.0,415.9325683848337,4,0,1,0,0,1,3,64.67980000000003,0,90,0,True
CHEMBL504425,C=C(C)[C@@]12O[C@@]3(/C=C/C=C/CCCCC)O[C@@H]1[C@@H]1[C@@H]4O[C@]4(CO)[C@@H](O)[C@]4(O)C(=O)C(C)=C[C@H]4[C@@]1(O3)[C@H](C)[C@H]2OC(=O)c1ccccc1,CGSGRJNIABXQJQ-NSCQCFIPSA-N,Metabolic,Metabolic disorder,True,1996,648.7490000000003,3.7044000000000024,3,10,144.28,10,1,47,7,0.0,1567.3836106281913,10,5,6,0,3,3,12,168.6718999999996,0,252,1,True
CHEMBL504429,O=P(O)(O)C(CSc1ncc[nH]1)P(=O)(O)O,KVMQBCIVXMEYRO-UHFFFAOYSA-N,Anti-infective,Infection,True,2011,288.158,0.1832999999999999,5,4,143.74,5,1,16,1,0.0,402.1371114537182,11,0,0,1,0,0,0,57.18790000000002,0,92,0,True
CHEMBL508095,CCCN1CC(C(=O)N[C@@H](Cc2cc(F)cc(F)c2)[C@H](O)[C@@H]2NCCN(Cc3ccccc3)C2=O)N(C(C)C)C1=O,IMUGWQKSXKEHDO-MBKURTIGSA-N,Immunology,Immune disorder,True,2013,571.6690000000001,2.278200000000001,3,5,105.22,11,2,41,4,0.0,1210.3672357235898,11,2,2,0,2,2,4,149.6721999999998,0,222,1,True
CHEMBL498849,CCNc1ccc(NC(=N)N)cc1,GSWYYWRNPPQUIJ-UHFFFAOYSA-N,Anti-infective,Infection,True,1994,178.23899999999998,1.42377,4,2,73.92999999999999,3,1,13,1,0.0,278.1711052507959,4,0,0,0,0,0,0,56.14250000000001,0,70,0,True
CHEMBL499523,CC(C)(C)C(N)C(=O)N1CCCC1C#N,XGNBIYXILDDDQR-UHFFFAOYSA-N,Anti-infective,Infection,True,2005,209.29299999999995,0.8743799999999998,1,3,70.12,1,0,15,1,0.0,287.1886093548113,4,1,1,0,1,1,2,57.77840000000003,0,84,0,True
CHEMBL509195,Cn1nc(C(F)(F)F)c(Br)c1C(=O)Nc1ccc(S(=O)(=O)N2CCCC2)cc1,DJYUADQYYGUDCR-UHFFFAOYSA-N,Other,Various indications,True,1990,481.2940000000003,3.2382000000000017,1,5,84.3,4,2,28,3,0.0,997.3771907343695,12,1,1,1,1,1,0,98.29800000000003,0,152,0,True
CHEMBL509250,CO[C@H]1[C@H](O[C@H]2CC[C@]3(C)C4=CC[C@]5(C)[C@@H]([C@H](C)CC[C@H](O)C(C)C)C[C@@H](O)[C@H]5C4=CC[C@H]3C2)OC[C@@H](O)[C@@H]1O,PHYFGEXYXFHDRU-YCXGSMKBSA-N,Other,Various indications,True,2018,562.7880000000006,4.367800000000006,4,7,108.61000000000001,8,0,40,5,0.0,962.4456154456868,7,3,5,0,1,1,13,153.22519999999986,0,228,1,True
CHEMBL509252,O=C(CO)N(CCO)CCO,AFRFYMZFIJPPDD-UHFFFAOYSA-N,Anti-infective,Infection,True,2018,163.17299999999997,-2.2080999999999986,3,4,81.0,5,0,11,0,0.0,111.14991061829625,5,0,0,0,0,0,0,37.8374,0,66,0,True
CHEMBL509348,N=C(N)NCCC[C@H](NC(=O)[C@@H](S)Cc1ccccc1)C(=O)O,IQKPVZJOBCBRGC-RYUDHWBXSA-N,Anti-infective,Infection,True,2022,338.43300000000005,0.3601700000000007,6,4,128.29999999999998,9,1,23,1,0.0,538.7833434953498,8,0,0,0,0,0,2,91.63730000000004,0,126,1,True
CHEMBL505127,CCN1CCN(C(=O)C(CC(C)C)NC(=O)Cn2c3ccccc3c3c4c(c5c6ccccc6[nH]c5c32)C(=O)N(C)C4=O)CC1,VMNKEJUNJNLOJR-UHFFFAOYSA-N,CNS/Neurology,Neurological disorder,True,2013,606.727,4.349800000000003,2,6,110.75,7,5,45,7,0.0,2030.2342298005913,10,1,2,2,1,2,1,175.31039999999956,0,232,1,True
CHEMBL500007,O=c1[nH]c(=O)n([C@H]2C[C@H](O)[C@@H](CO)O2)cc1CCC[18F],DDPVNKWPESRRDM-DJNSKVIRSA-N,Anti-infective,Infection,True,1993,287.277938,-0.9206000000000003,3,6,104.55000000000001,5,1,20,2,0.0,569.7014888498774,8,1,1,1,1,1,3,67.23830000000002,0,112,0,True
CHEMBL500109,CCC(=O)N[C@H](C(=O)N[C@H](C(=O)N[C@@H](Cc1ccccc1)[C@H](O)C(=O)N1CSC(C)(C)[C@H]1C(=O)NCC1CC1)C(C)(C)C)c1ccccc1,MNSYLBXUOBLFIQ-WABYMJCHSA-N,Immunology,Immune disorder,True,2018,693.911,3.079500000000004,5,7,156.94000000000003,14,2,49,4,0.0,1477.1124137359966,12,2,2,0,1,1,5,189.99059999999946,0,266,1,True
CHEMBL468771,CCCOC(=O)c1ccc(Cl)cc1NC(=O)c1c(Cl)cccc1Cl,QACMLYZDFWUNRH-UHFFFAOYSA-N,Pain/Inflammation,Pain management,True,1991,386.66200000000003,5.465900000000003,1,3,55.4,5,2,24,2,0.0,757.4212386079628,7,0,0,0,0,0,0,96.4407,0,126,1,True
CHEMBL470546,CC1=CC(=O)[C@@H](O)[C@]2(C)[C@H]3[C@@H](O)[C@@H]4OC(=O)[C@@H](O)C[C@H]5[C@]4(C)OC[C@@]35[C@H](O)C[C@@H]12,JQRXDXNJURQDRN-JBAAVECLSA-N,Cardiovascular,Heart disease,True,1992,408.44700000000023,-0.6779999999999999,4,8,133.52,0,0,29,5,0.0,823.4987345016874,8,4,5,0,2,2,11,97.27220000000003,0,160,0,True
CHEMBL525765,C=C(C)[C@@]12C[C@@H](C)[C@@]34O[C@@]5(/C=C/CCCCCCCCCCCC(C)(O)[C@H]6[C@H](C)C(=O)[C@@](O)([C@H](O)[C@@]7(CO)O[C@H]7[C@H]3[C@H]1O5)[C@@H]64)O2,MWTHSQSNLZBUIN-DPEISZEJSA-N,Metabolic,Metabolic disorder,True,2001,630.8190000000005,4.094100000000003,4,9,138.21,2,0,45,7,0.0,1248.7494683853276,9,6,7,0,3,4,14,164.66919999999973,0,252,1,True
CHEMBL1207990,O=S(=O)(O)NS(=O)(=O)O,VKHQYTLHHOQKSC-UHFFFAOYSA-N,Anti-infective,Infection,True,2023,177.159,-1.8183999999999996,3,4,120.77,2,0,9,0,0.0,236.17972125264015,9,0,0,0,0,0,0,26.2329,0,56,0,True
CHEMBL2310848,CCCC[C@H](CN(O)C=O)C(=O)N1Cc2ccccc2C[C@H]1C(=O)N(C)C,JIRNYLOGFFOWSZ-MSOLQXFVSA-N,Anti-infective,Infection,True,2005,375.46900000000016,1.6820999999999997,1,4,81.16,8,1,27,2,0.0,676.9455992916368,7,0,1,0,0,1,2,100.74950000000005,0,148,0,True
CHEMBL501925,Cc1ccc(NC(=O)Nc2ccccc2)c(C)c1,JGKIBRQNDVAOOU-UHFFFAOYSA-N,Pain/Inflammation,Pain management,True,2015,240.30600000000004,3.947440000000002,2,1,41.13,2,2,18,2,0.0,549.6749890908637,3,0,0,0,0,0,0,74.99940000000004,0,92,0,True
CHEMBL502411,O=C1N[C@H](Cc2c[nH]c3ccccc23)C(=O)N[C@@H](Cc2ccccc2)C(=O)N2CCC[C@@H]2C(=O)N[C@H]1Cc1ccccc1,GIZJWWQFOGQPRY-RRGQHJHPSA-N,Immunology,Immune disorder,True,2017,577.6850000000004,2.6548000000000007,4,4,123.4,6,4,43,6,0.0,1619.576561282877,9,2,2,1,2,2,4,162.82179999999963,0,220,1,True
CHEMBL502429,CC(=O)O[C@@H]1C[C@H]2C(C)(C)C(=O)C3OC(C)(C)OC3[C@]2(C)[C@H]2CC[C@@]3(C)[C@@H](c4ccoc4)OC(=O)[C@H]4O[C@]43[C@@]21C,PAAPNDHNFMDORQ-BMQDYCMHSA-N,Metabolic,Metabolic disorder,True,2014,556.6520000000003,4.524600000000004,0,9,113.80000000000001,2,1,40,7,0.0,1299.635215996593,9,6,6,1,3,3,11,138.4639999999999,0,218,1,True
CHEMBL502983,C=C1C[C@H](C(=O)OC)[C@]2(C)CC[C@]3(C)[C@H]4[C@H](O)[C@@H](O)[C@]5(COC(C)=O)[C@@H](C)[C@@H](OC(C)=O)CC[C@H]5[C@]4(C)CC[C@@]3(O)[C@]2(O)C1,LEPHNIMCHVHFLZ-SMDOXGPFSA-N,Metabolic,Metabolic disorder,True,2015,620.7800000000002,3.0732000000000017,4,10,159.82,4,0,44,5,0.0,1234.30551253475,10,5,5,0,0,0,13,158.58019999999973,0,248,1,True
CHEMBL502985,CC1(C)SCN(C(=O)[C@@H](O)[C@H](Cc2ccccc2)NC(=O)COc2ccccc2O)[C@@H]1C(=O)N[C@H]1c2ccccc2C[C@H]1O,ZHDZQXHOQVYYCG-OIRZSGMBSA-N,Immunology,Immune disorder,True,1995,619.7400000000002,2.3140000000000005,5,8,148.43,10,3,44,5,0.0,1501.4620483749347,11,1,2,0,1,1,5,165.89279999999965,0,232,1,True
CHEMBL501499,O=[N+]([O-])c1ccc(-c2nnc(N3CCS(=O)(=O)CC3)s2)o1,SUNUMAWCUIYWTC-UHFFFAOYSA-N,Other,Various indications,True,1996,330.34700000000004,0.9410999999999997,0,9,119.43999999999998,3,2,21,3,0.0,766.9782053384328,11,1,1,2,1,1,0,75.13220000000003,0,112,0,True
CHEMBL501597,CN(C)C(=O)c1nc2ccc(Cl)cc2n1C,XNRNRBVNCHTIBY-UHFFFAOYSA-N,Anti-infective,Infection,True,2001,237.69,1.9284999999999999,0,3,38.13,1,2,16,2,0.0,559.6001713975364,5,0,0,1,0,0,0,63.74150000000004,0,84,0,True
CHEMBL501606,CC(C)CCC[C@@H](COS(=O)(=O)[O-])[C@H]1CC[C@H]2[C@@H]3CC=C4[C@@H](O)[C@H](OS(=O)(=O)[O-])CC[C@]4(C)[C@H]3CC[C@]12C.[Na+].[Na+],KURJUQGKEGKWDS-MFXHLVCKSA-L,Metabolic,Metabolic disorder,True,2017,622.7540000000001,-1.6910999999999923,1,9,153.09,10,0,40,4,0.0,1113.0380045017785,13,3,4,0,0,0,9,138.98119999999994,0,220,1,True
CHEMBL501276,COc1cc(/C=C2\S/C(=N\c3ccccc3)N([C@@H](C)C(=O)N[C@@H](Cc3ccc(O)cc3)C(N)=O)C2=O)cc(OC)c1O,LDGVEPWDMYVAGW-ALYXFNGMSA-N,CNS/Neurology,Neurological disorder,True,2012,590.6580000000004,3.320300000000002,4,9,163.77999999999997,10,3,42,4,0.0,1515.9571631245526,12,1,1,0,1,1,2,159.55969999999974,0,218,1,True
CHEMBL501650,CC1=CC=C(C=O)C(c2ccc(N(C)C)cc2)C1,SZFYGFSGVSVCAV-UHFFFAOYSA-N,Pain/Inflammation,Pain management,True,1991,241.334,3.3115000000000023,0,2,20.310000000000002,3,1,18,2,0.0,494.3331749529548,2,0,1,0,0,0,1,76.03100000000005,0,94,0,True
CHEMBL502237,CC1=C(C)C(=O)O[C@@H]([C@]2(C)OC(=O)[C@]34CC[C@H]5[C@@H](C[C@H]6O[C@]67[C@@H](O)CCC(=O)[C@]57C)[C@@H]3CC[C@H]24)C1,PGJRQHKPPYIVQE-BGDMQGTOSA-N,Other,Various indications,True,2001,484.58900000000034,3.264000000000001,1,7,102.43,1,0,35,7,0.0,1094.8639424644675,7,6,7,0,2,3,11,122.80480000000007,0,190,0,True
CHEMBL476536,CCOCCc1cc(-c2ccc(S(C)(=O)=O)cc2)n(-c2ccc(F)cc2)c1C,DXYIALDWAIZLFY-UHFFFAOYSA-N,CNS/Neurology,Neurological disorder,True,2023,401.5030000000001,4.574320000000005,0,4,48.300000000000004,7,3,28,3,0.0,1052.411366051217,6,0,0,1,0,0,0,109.20680000000006,0,148,0,True
CHEMBL153717,O=C(NCC/C=C/c1ccccc1)c1ccccc1CN1CCc2ccc(O)cc2C1,LKEWOJMGTPDGIX-UXBLZVDNSA-N,CNS/Neurology,Neurological disorder,True,2023,412.5330000000003,4.783800000000005,2,3,52.57000000000001,7,3,31,4,0.0,1059.8414037746213,4,0,1,0,0,1,0,124.79300000000005,0,158,0,True
CHEMBL503814,NC(=S)N/N=C/CC(=O)c1ccccc1,QBNWHVLIBMFFSA-KPKJPENVSA-N,Anti-infective,Infection,True,1999,221.28500000000003,1.0784,2,3,67.47999999999999,4,1,15,1,0.0,375.51370765387674,5,0,0,0,0,0,0,63.80260000000002,0,78,0,True
CHEMBL504349,CCC[C@H]1C(=O)N([C@@H](Cc2ccc3ccccc3c2)C(=O)NC)CCN1C(=O)[C@@H](Cc1ccc(F)cc1)NC(=O)[C@H](C)NC,AHYGIWNTGDKMRR-SUAIOLNFSA-N,Immunology,Immune disorder,True,1993,603.7390000000003,2.8109,3,5,110.85,12,3,44,4,0.0,1480.0311718236085,10,1,1,0,1,1,4,168.1850999999996,0,234,1,True
CHEMBL526183,CC(=O)N[C@H]1CN(CCCCCCO)C(=O)[C@H](O)[C@@H]1O,IDBGAAOAJFHYIS-QJPTWQEYSA-N,Cardiovascular,Heart disease,True,2021,288.34399999999994,-1.3921999999999985,4,5,110.10000000000002,7,0,20,1,0.0,336.72320508747623,7,1,1,0,1,1,3,71.75210000000003,0,116,0,True
CHEMBL536166,Br.CCCCCCCn1c2c(c(=N)c3c1CCC3)CCCC2,OOJPLVZRYCGZCN-UHFFFAOYSA-N,Pain/Inflammation,Pain management,True,1995,367.3750000000003,4.883370000000003,1,2,28.78,6,1,22,3,0.0,559.5341027876498,3,0,2,1,0,0,0,98.03470000000006,0,124,0,True
CHEMBL537860,COc1ccccc1C/N=C(\N)c1cc2cc(F)ccc2[nH]1.Cl,RZBZEJPPOPUDGK-UHFFFAOYSA-N,CNS/Neurology,Neurological disorder,True,2018,333.7939999999999,3.6429000000000014,2,2,63.4,4,3,23,3,0.0,844.7256917219638,6,0,0,1,0,0,0,92.92710000000001,0,120,0,True
CHEMBL538195,Cn1nc(C(=O)NCCO)c2c1-c1nc(Nc3ccccc3)ncc1CC2,NXZVLIWBXMLTSL-UHFFFAOYSA-N,Anti-infective,Infection,True,2006,364.40900000000016,1.4414,3,7,104.96000000000001,5,3,27,4,0.0,983.364997771672,8,0,1,2,0,0,0,100.78570000000002,0,138,0,True
CHEMBL501618,C/C=C/C(=O)Cc1cc2c(Nc3cccc(Br)c3)ncnc2cn1,HHNDBIRJOUXEKG-DUXPYHPUSA-N,CNS/Neurology,Neurological disorder,True,2002,383.249,4.218600000000003,1,5,67.77000000000001,5,3,24,3,0.0,923.7907530155017,6,0,0,2,0,0,0,98.28270000000002,0,120,0,True
CHEMBL506172,Nc1nc(N)nc(SCC(=O)NCc2ccc(F)cc2)n1,KRGHQSAXKPXGBM-UHFFFAOYSA-N,Anti-infective,Infection,True,2005,308.342,0.5835999999999997,3,7,119.80999999999999,5,2,21,2,0.0,615.8948198152844,9,0,0,1,0,0,0,77.62250000000002,0,110,0,True
CHEMBL506304,CC(C)=CCc1c2c(cc3c4c([nH]c13)[C@@]1(C)[C@@H](CC[C@@H]3[C@]1(C)CC[C@]1(O)O[C@H](/C=C(\C)C(=O)[O-])C[C@@]31C)C4)C1=CC(C)(C)OC(C)(C)[C@H]1[C@@H]2O.[Na+],UMNWUNUUHHQQKU-SKVHFMDOSA-M,Immunology,Immune disorder,True,2004,705.9120000000003,4.134700000000004,3,6,114.84,4,2,51,8,0.0,1930.7189298740946,8,3,6,1,1,2,9,193.0252999999994,0,270,1,True
CHEMBL506308,Cc1cccc(N/C(=N\C(=O)C2CCN(C(=O)c3ccccc3)CC2)N[C@H]2CCCCN(CC(=O)N3CCCC3)C2=O)c1,HNKHWIMDPOUBTP-NDEPHWFRSA-N,Immunology,Immune disorder,True,2009,586.7370000000002,3.4350200000000024,2,4,114.41999999999999,6,2,43,5,0.0,1331.9130551089727,10,3,3,0,3,3,1,165.48189999999963,0,228,1,True
CHEMBL506415,CO[C@H]1[C@@H](OC)C[C@H](C)CC2=C(NCCN(C)C)C(=O)C=C(NC(=O)/C(C)=C/C=C\[C@H](OC)[C@@H](OC(N)=O)/C(C)=C/[C@@H]1C)C2=O,XASSVJXRYGMCHN-BAVALTNYSA-N,Metabolic,Metabolic disorder,True,2008,630.7830000000001,2.567300000000003,3,10,158.52,8,0,45,2,0.0,1248.940948978887,12,0,2,0,0,1,6,170.88579999999965,0,250,1,True
CHEMBL500308,O=C(Cc1ccccc1)Nc1cccc(C(=O)/C=C(\O)C(=O)O)c1,YVNMZKAPRJHYGQ-WJDWOHSUSA-N,Pain/Inflammation,Pain management,True,2020,325.32,2.577,3,4,103.7,6,2,24,2,0.0,796.0662360838236,6,0,0,0,0,0,0,87.89580000000004,0,122,0,True
CHEMBL500548,CN1[C@@H](CCCc2ccccc2)CCC[C@H]1Cc1ccccc1,ULFMUIZKXZLCGU-VXKWHMMOSA-N,Pain/Inflammation,Pain management,True,2021,307.481,5.104900000000005,0,1,3.24,6,2,23,3,0.0,563.041315627699,1,1,1,0,1,1,2,98.71600000000007,0,122,1,True
CHEMBL500816,CC(C)CCC[C@@H](COS(=O)(=O)[O-])[C@H]1CC[C@H]2[C@@H]3CC[C@H]4C[C@H](OS(=O)(=O)[O-])CC[C@]4(C)[C@H]3CC[C@]12C.[Na+].[Na+],VEQCVGZRHVVXNW-QCSXHGAMSA-L,Other,Various indications,True,1990,608.7710000000002,-0.5819999999999927,0,8,132.86,10,0,39,4,0.0,1022.8044244445227,12,4,4,0,0,0,9,137.61539999999997,0,216,1,True
CHEMBL4116099,Cc1ccc(-c2c(CN)c(CC(C)C)nc(C)c2C(=O)OCc2ccc(C(=O)O)cc2)cc1,NJYKWCPERDRYQC-UHFFFAOYSA-N,CNS/Neurology,Neurological disorder,True,2014,446.5470000000002,5.077840000000005,2,5,102.51,8,3,33,3,0.0,1150.2340309002643,6,0,0,1,0,0,0,128.10120000000003,0,172,1,True
CHEMBL502212,CC(C)=C1C=C(CN2CCCC2=O)C(=O)O1,HREXWSQKOMIFNV-UHFFFAOYSA-N,Anti-infective,Infection,True,2003,221.25599999999994,1.3859000000000001,0,3,46.61,2,0,16,2,0.0,402.48693556043804,4,1,2,0,1,2,0,58.36300000000003,0,86,0,True
CHEMBL502494,CCn1ncc2c(-c3cncc(C)c3)c(/C=C/C(=O)O)cnc21,LSLDDOLVNBLFBY-SNAWJCMRSA-N,Pain/Inflammation,Pain management,True,2018,308.341,2.9194200000000006,1,5,80.9,4,3,23,3,0.0,912.0974088574045,6,0,0,3,0,0,0,87.83980000000004,0,116,0,True
CHEMBL538457,CC(=O)NCCCC[C@H](NC(=O)[C@@H]1Cc2ccccc2CN1C(=O)[C@@H](N)Cc1c(C)cc(O)cc1C)C(=O)c1nc2ccccc2[nH]1,NCZYIAFSLYVJAE-MHDHXZMLSA-N,CNS/Neurology,Neurological disorder,True,2015,638.7690000000002,3.382740000000002,5,7,170.51000000000002,12,4,47,5,0.0,1743.4439911256773,11,0,1,1,0,1,3,178.6337999999996,0,246,1,True
CHEMBL538460,N#Cc1c(O)nc(N)nc1-c1cccc(Cl)c1,MSPBCOCUYLPSAA-UHFFFAOYSA-N,Anti-infective,Infection,True,1994,246.657,1.9564799999999998,2,5,95.82,1,2,17,2,0.0,621.3538753516117,6,0,0,1,0,0,0,63.27020000000001,0,84,0,True
CHEMBL541764,CCCCCCS(=O)(=O)NCCCc1c[nH]c(N)n1.Cl,DJKUIGJETKAHAQ-UHFFFAOYSA-N,Anti-infective,Infection,True,2021,324.878,1.846,3,4,100.87,10,1,20,1,0.0,461.7773085108403,8,0,0,1,0,0,0,84.50060000000003,0,118,0,True
CHEMBL541771,CN1CCC[C@H]1c1ccc[n+](C)c1.[I-],DYAGPCQOMOCCFX-MERQFXBCSA-M,Anti-infective,Infection,True,1990,304.17499999999995,-1.7181999999999966,0,1,7.12,1,1,14,2,0.0,301.0939350317387,3,1,1,1,1,1,1,52.22300000000004,0,78,0,True
CHEMBL539442,CC(=O)Nc1cc(F)c(C(=O)O)cc1NC(C)=O,JVNCPOAINVIGSX-UHFFFAOYSA-N,Anti-infective,Infection,True,2000,254.21699999999998,1.4406999999999999,3,3,95.5,3,1,18,1,0.0,528.0196521436176,7,0,0,0,0,0,0,61.96670000000001,0,96,0,True
CHEMBL541185,Cn1c(=O)c2[nH]c3cccnc3c2n(C)c1=O,DTSCLFDGIVWOGR-UHFFFAOYSA-N,Anti-infective,Infection,True,1990,230.22699999999998,0.11349999999999971,1,5,72.68,0,3,17,3,0.0,853.3909897675312,6,0,0,3,0,0,0,64.08170000000001,0,86,0,True
CHEMBL504419,COc1ccc(CC(=O)NC(N/C(=N/C#N)Nc2ccc(F)c(F)c2)C(C)(C)C)cc1OC,AMOWZZLRWWFKJM-UHFFFAOYSA-N,Other,Various indications,True,2018,459.49700000000024,3.551680000000002,3,5,107.77,7,2,33,2,0.0,1061.0379963907842,10,0,0,0,0,0,1,120.80010000000003,0,176,0,True
CHEMBL507542,C=C(C)[C@H]1[C@@H]2C[C@@H](C)CC[C@H]2C(C)=C[C@H]1O,VSKFQHOVPUQNSE-MQFWEAQZSA-N,Pain/Inflammation,Pain management,True,1990,220.356,3.551900000000003,1,1,20.23,1,0,16,2,0.0,315.39664106587225,1,1,2,0,0,0,5,68.06280000000004,0,90,0,True
CHEMBL499823,COc1cccc(N2c3ccc(Cl)cc3S(=O)(=O)c3c(N)n[nH]c32)c1,YDLSYJWBFUYFOK-UHFFFAOYSA-N,CNS/Neurology,Neurological disorder,True,2006,376.82500000000016,3.2699000000000007,2,6,101.31,2,3,25,4,0.0,1094.5093285879927,9,0,1,1,0,1,0,94.69690000000001,0,128,0,True
CHEMBL4116114,O=C(N[C@@H]1CCOC1)c1cccc(-n2ncc3cc(OS(=O)(=O)O)ccc32)c1,DXTCUBINDLCSAM-CQSZACIVSA-N,Other,Various indications,True,1997,403.41600000000017,1.7258,2,7,119.74999999999999,5,3,28,4,0.0,1135.18337790675,10,1,1,1,1,1,1,99.93680000000003,0,146,0,True
CHEMBL500377,CN(C)c1ccc(C2=NC(C)(C)C(C)(C)N2O)cc1,VEQUMYANWOECJX-UHFFFAOYSA-N,Pain/Inflammation,Pain management,True,2010,261.36899999999997,2.7612000000000005,1,4,39.07,2,1,19,2,0.0,500.62690124613,4,0,1,0,0,1,0,79.08950000000004,0,104,0,True
CHEMBL505285,CN(C)c1ccc(/C=N/NC(=O)Nc2nc3c(ccc4ccccc43)s2)cc1,JJYSKSKFMCNHGU-LPYMAVHISA-N,CNS/Neurology,Neurological disorder,True,2006,389.48400000000004,4.671100000000003,2,5,69.62,4,4,28,4,0.0,1164.5803477864333,7,0,0,1,0,0,0,117.64340000000001,0,140,0,True
CHEMBL505397,C[C@H](C[C@@H]1CC[C@H]([C@@H](C)C(=O)N2CCN(CC3CCCO3)CC2)O1)n1cc(C#CCOc2cccc(-c3ccccc3)c2)nn1,JLULSQWEXLKVJD-DDFZGCTMSA-N,CNS/Neurology,Neurological disorder,True,1999,611.7870000000004,4.833600000000004,0,8,81.95,10,3,45,6,0.0,1452.5729004935943,9,3,3,1,3,3,5,172.65399999999943,0,238,1,True
CHEMBL505400,CO[C@H]1/C=C\C=C(/C)C(=O)NC2=CC(=O)C(NCCN3CCCC3)=C(C[C@@H](C)C[C@H](OC)[C@H](O)[C@@H](C)/C=C(\C)[C@@H]1OC(N)=O)C2=O,MNMYYWFEPBLDKF-JEVRCCDFSA-N,Metabolic,Metabolic disorder,True,2014,642.7940000000003,2.447400000000002,4,10,169.51999999999998,7,0,46,3,0.0,1293.5932428226918,12,1,3,0,1,2,6,173.21559999999963,0,254,1,True
CHEMBL500257,CC(C)=CCC/C(C)=C/Cc1c(O)cc(/C=C/c2ccccc2)cc1O,YPGQBVBJFQCVKA-ORSZPIRQSA-N,Pain/Inflammation,Pain management,True,1991,348.48600000000005,6.503400000000008,2,2,40.46,7,2,26,2,0.0,784.3543295395856,2,0,0,0,0,0,0,111.26760000000003,0,136,1,True
CHEMBL500269,CSCCNC(=O)NS(=O)(=O)c1cccc(Cl)c1,ZRUSREPCVJDDDR-UHFFFAOYSA-N,Anti-infective,Infection,True,2023,308.812,1.6908999999999998,2,4,75.27000000000001,5,1,18,1,0.0,519.6090065019179,8,0,0,0,0,0,0,73.55420000000002,0,100,0,True
CHEMBL500286,Cc1ncc(C2CCCN2C)c2c1[nH]c1ccccc12,DIZAFWUMCZPYGF-UHFFFAOYSA-N,CNS/Neurology,Neurological disorder,True,2007,265.36,3.791220000000002,1,2,31.92,1,3,20,4,0.0,787.3803993497374,3,1,1,2,1,1,1,82.94170000000005,0,102,0,True
CHEMBL494682,CC(C)(O)CCN1CCC(CNC(=O)c2cc(Cl)cc(Cl)c2)CC1,AYUNNFKIGORBHC-UHFFFAOYSA-N,Pain/Inflammation,Pain management,True,2005,373.3240000000002,3.5962000000000023,2,3,52.57,6,1,24,2,0.0,544.3774549287305,6,1,1,0,1,1,0,98.87400000000005,0,134,0,True
CHEMBL490449,Cc1nc(C)c(CN2CCN(C(=O)c3ccc(Cl)cc3Cl)CC2)nc1C,JKJKRAGIRKARKE-UHFFFAOYSA-N,Pain/Inflammation,Pain management,True,1992,393.31800000000015,3.666660000000003,0,4,49.330000000000005,3,2,26,3,0.0,832.5291002174757,7,1,1,1,1,1,0,103.88550000000005,0,138,0,True
CHEMBL525206,O=c1[nH]c(=O)n([C@H]2C[C@H](O)[C@@H](CO)O2)cc1CCCCCF,SJGXIZJRNOMSAZ-QJPTWQEYSA-N,Anti-infective,Infection,True,1998,316.32900000000006,-0.14040000000000052,3,6,104.55000000000001,7,1,22,2,0.0,599.6313724763108,8,1,1,1,1,1,3,76.47230000000003,0,124,0,True
CHEMBL503204,NC(=S)N1N=C(c2ccccc2)CC1c1ccccc1Cl,UKUZMFDTYIIYMM-UHFFFAOYSA-N,Pain/Inflammation,Pain management,True,2023,315.82900000000006,3.734700000000003,1,2,41.62,2,2,21,3,0.0,699.6780937342392,5,0,1,0,0,1,1,90.41340000000004,0,106,0,True
CHEMBL503221,C=C1C[C@@]23C[C@H](O)[C@]4(O)[C@@]5(C)C[C@H](O)C[C@@]46[C@@H]2[C@H](OC(=O)/C(C)=C/C)[C@H](OC(=O)/C(C)=C/C)[C@@H]1[C@H]3[C@H]6N(C)C5,PISLVTVZMHAKFK-LHBKFWKVSA-N,Other,Various indications,True,2014,541.6850000000002,2.5216000000000003,3,8,116.53000000000002,4,0,39,6,0.0,1209.2345163737214,8,6,6,0,1,1,12,143.05439999999984,0,214,1,True
CHEMBL501801,C[C@@H](S[C@H]1CO[C@H](/C=C/C=C/c2ccc(C#N)cc2F)OC1)[C@@](Cn1cncn1)(OC(=O)CCN)c1ccc(F)cc1F,XHXAOHKENJZSQE-NGKIKDOMSA-N,CNS/Neurology,Neurological disorder,True,2023,613.6620000000004,4.487380000000003,1,10,125.28000000000002,12,3,43,4,0.0,1489.3971623539105,13,1,1,1,1,1,2,153.64339999999973,0,226,1,True
CHEMBL4116117,O=C(O)[C@H]1NCC[C@@H]1c1cccc(C(F)(F)F)c1,QHAURQAMKRYSBP-ZJUUUORDSA-N,Pain/Inflammation,Pain management,True,1990,259.227,2.2355,2,2,49.33,2,1,18,2,0.0,458.88089938314084,6,1,1,0,1,1,2,58.22850000000002,0,98,0,True
CHEMBL501968,CC(C)(C)[C@H](NC(=O)N[C@H](C(=O)N1C[C@H]2[C@@H]([C@H]1C(=O)NC(CC1CC1)C(=O)C(N)=O)C2(C)C)C(C)(C)C)C(=O)OCc1ccccc1,NQHDPDIXUQHQPW-SFSBKCBNSA-N,Other,Various indications,True,2010,653.8210000000004,2.680700000000005,4,7,177.0,12,1,47,4,0.0,1392.8797347848931,12,3,3,0,1,1,6,174.12649999999957,0,258,1,True
CHEMBL501969,CO[C@H]1C[C@H](C)CC2=C(N3CCC3)C(=O)C=C(NC(=O)/C(C)=C/C=C\[C@H](OC)[C@@H](OC(N)=O)/C(C)=C/[C@H](C)/C1=N\O)C2=O,CTLKMQDBMKOTAF-UEWHUCHOSA-N,Metabolic,Metabolic disorder,True,1995,598.6970000000002,2.937000000000001,3,10,169.85,4,0,43,3,0.0,1304.3619096059595,12,1,3,0,1,2,5,158.94359999999978,0,234,1,True
CHEMBL505405,Nc1ccc(S(=O)(=O)N(CCCNCCN(Cc2ccccc2)S(=O)(=O)c2ccc(N)cc2)Cc2ccccc2)cc1,CCBNADHUJZAKOY-UHFFFAOYSA-N,CNS/Neurology,Neurological disorder,True,2016,607.8020000000002,3.9127000000000036,3,7,138.83,15,4,42,4,0.0,1491.7637392284437,11,0,0,0,0,0,0,167.27109999999962,0,222,1,True
CHEMBL505408,O=C(Nc1ccc([N+](=O)[O-])cc1)c1cc[n+](CCCCCCCCCC[n+]2ccc(C(=O)Nc3ccc([N+](=O)[O-])cc3)cc2)cc1.[Br-].[Br-],LRBQMTRFUBKWRB-UHFFFAOYSA-N,Immunology,Immune disorder,True,2018,786.5220000000005,0.4116000000000031,2,6,152.24,17,4,48,4,0.0,1497.4637691352202,14,0,0,2,0,0,0,172.30919999999958,0,254,1,True
CHEMBL499563,CC(=O)OC[C@@]1(C)CCC[C@]2(C)[C@H]3CC[C@@H]4[C@H](OC(C)=O)O[C@@H](C5=CC(=O)OC5O)C[C@H]4[C@]3(C)CC[C@@H]12,ZSDRTHXMHGHLMW-VEIQJVNDSA-N,Other,Various indications,True,1991,518.6470000000004,4.284400000000004,1,8,108.36000000000001,4,0,37,5,0.0,990.3910718120823,8,4,5,0,1,2,10,132.45880000000002,0,206,1,True
CHEMBL503452,CCN1CCN(c2nc(Nc3ccccc3)nc(N3CCN(CCNc4ccnc5cc(Cl)ccc45)CC3)n2)CC1,OUFMBXOXIZRVJC-UHFFFAOYSA-N,CNS/Neurology,Neurological disorder,True,2008,573.149,4.192800000000003,2,10,88.58,9,4,41,6,0.0,1436.1737497208578,11,2,2,2,2,2,0,167.7743999999996,0,214,1,True
CHEMBL503606,Oc1ccccc1-c1cc[nH]n1,LKTJPAUDNOBJAZ-UHFFFAOYSA-N,Anti-infective,Infection,True,2002,160.17600000000002,1.7822999999999998,2,2,48.91,1,2,12,2,0.0,367.7773776360867,3,0,0,1,0,0,0,45.68850000000001,0,60,0,True
CHEMBL4116118,CCOc1ccccc1C1CN(c2nc(-c3ccncc3)cc(=O)n2C)CCN1,SPBOCAARPDADTI-UHFFFAOYSA-N,Pain/Inflammation,Pain management,True,1993,391.47500000000014,2.3918999999999997,1,7,72.28,5,3,29,4,0.0,1034.8726589477963,7,1,1,2,1,1,1,113.27670000000006,0,150,0,True
CHEMBL504052,C[C@]12C(=O)C[C@@H](O)C=C1C=C[C@@H]1[C@@H]2CC[C@]2(O)C(=O)O[C@@]3(C)[C@H]4C[C@]5(C)[C@@H](CO[C@@]16O[C@@]32[C@H]5C6=O)C(=O)O4,JMNMXSXLYDOMTI-INTHQURXSA-N,Metabolic,Metabolic disorder,True,2003,526.5380000000004,0.5277999999999998,2,10,145.66,0,0,38,8,0.0,1334.3672646993136,10,6,8,0,5,5,12,123.71160000000002,0,202,1,True
CHEMBL152893,CC(C)c1sc(-c2ccccc2)c(C2CCCCC2)c1/C=C/[C@@H](O)C[C@@H](O)CC(=O)[O-].[Na+],QJULSGJSKKBLLH-PHPBIHJASA-M,Other,Various indications,True,1999,464.60300000000024,1.8553000000000004,2,5,80.59,9,2,32,3,0.0,884.7318815225727,6,1,1,1,0,0,2,124.95860000000006,0,168,0,True
CHEMBL505036,O=C([C@@H]1CCCN1C(=O)N1CCOCC1)N1CCC(NS(=O)(=O)c2cc(S(=O)(=O)c3ccccc3)ccc2C(F)(F)F)CC1,RIBOGOWWMKNBLE-DEOSSOPVSA-N,Immunology,Immune disorder,True,2015,658.7210000000001,2.7241000000000017,1,7,133.39999999999998,6,2,44,5,0.0,1590.5102172480922,16,3,3,0,3,3,1,150.77729999999974,0,240,1,True
CHEMBL4115984,O=C(CC(=O)Nc1cccc(C(=O)O)c1)NCCCNCc1ccc(-c2ccccc2)c(Cl)c1,SLEBNFGMRDINFV-UHFFFAOYSA-N,CNS/Neurology,Neurological disorder,True,2011,479.96400000000017,4.329900000000004,4,4,107.53,11,3,34,3,0.0,1151.7924912899646,8,0,0,0,0,0,0,132.86939999999993,0,176,0,True
CHEMBL1207979,O=C(O)c1cccc(Cc2cc(Cl)ccc2OCC2CCCCC2)n1,UGRHPRLUCLRQPR-UHFFFAOYSA-N,Pain/Inflammation,Pain management,True,1994,359.85300000000024,4.983100000000004,1,3,59.42,6,2,25,3,0.0,741.4711667615173,5,1,1,1,0,0,0,97.52430000000005,0,132,0,True
CHEMBL538627,Nc1nc(Cl)nc2c1ncn2[C@@H]1O[C@H](CS[C@H]2CCNC2)[C@@H](O)[C@H]1O,CCGNITMZESBAEB-WFMPWKQPSA-N,Cardiovascular,Heart disease,True,2012,386.8650000000001,-0.2238000000000005,4,10,131.34,4,2,25,4,0.0,770.350195152689,11,2,2,2,2,2,5,94.40170000000002,0,136,0,True
CHEMBL538639,CNc1ncnc2c1ncn2[C@@H]1OC[C@@H](O)[C@H]1O,ZLRVTHOKQKAERD-VISXPRAWSA-N,Other,Various indications,True,2010,251.246,-0.8814000000000006,3,8,105.32000000000001,2,2,18,3,0.0,571.6385353073613,8,1,1,2,1,1,3,61.872300000000024,0,96,0,True
CHEMBL506642,CCNC(=S)N/N=C1\C(=O)Nc2ccc(C)cc21,PYAJZBODSWSFMY-UHFFFAOYSA-N,Anti-infective,Infection,True,2018,262.338,1.1352200000000001,3,3,65.52,2,1,18,2,0.0,538.8789899553105,6,0,1,0,0,1,0,75.75610000000002,0,94,0,True
CHEMBL506649,CCCC[C@H](CN(O)C=O)C(=O)N1CCC[C@H]1c1nc2ccccc2o1,QDDZLTVSNABZIK-ZBFHGGJFSA-N,Pain/Inflammation,Pain management,True,2008,359.42600000000004,3.1453000000000015,1,5,86.88000000000001,8,2,26,3,0.0,727.0771192420214,7,1,1,1,1,1,2,95.26850000000005,0,140,0,True
CHEMBL498905,Cc1ccc(NC(=O)c2cccc(C(F)(F)F)c2)cc1NC(=O)c1cncnc1,RPPNHDGTMFGCPL-UHFFFAOYSA-N,CNS/Neurology,Neurological disorder,True,1993,400.36000000000007,4.308420000000003,2,4,83.98,4,3,29,3,0.0,1053.092001901821,9,0,0,1,0,0,0,100.5614,0,148,0,True
CHEMBL498921,O=C(COc1ccc(F)cc1)N[C@H]1CCOC1=O,KZWSMVUFGPEHFD-JTQLQIEISA-N,Anti-infective,Infection,True,2006,253.22899999999998,0.6361999999999999,1,4,64.63,4,1,18,2,0.0,445.8955618896313,6,1,1,0,1,1,1,59.40170000000003,0,96,0,True
CHEMBL499583,c1cc(-c2nnn[nH]2)c2[nH]ncc2c1,ALKJXNLKWJSZDV-UHFFFAOYSA-N,Anti-infective,Infection,True,2011,186.17800000000003,0.7429999999999999,2,4,83.14,1,3,14,3,0.0,551.9929898067885,6,0,0,2,0,0,0,49.26540000000001,0,68,0,True
CHEMBL501326,CC(C)[C@H](N)C(=O)Nc1cc(Cc2ccc(O)cc2)cc(C(=O)N2CCC[C@H]2C(=O)NCc2ccccc2C(=O)O)c1,YBYTVJPRGHOHDZ-NSOVKSMOSA-N,CNS/Neurology,Neurological disorder,True,2006,572.6620000000004,3.524000000000001,5,6,162.06,10,3,42,4,0.0,1470.0825743014168,10,1,1,0,1,1,2,158.10439999999983,0,220,1,True
CHEMBL501328,O=C(Nc1cc(Cl)ccc1O)c1ccc(F)cc1,PXBIMOHSXYTDEU-UHFFFAOYSA-N,Pain/Inflammation,Pain management,True,2023,265.671,3.437000000000001,2,2,49.33,2,2,18,2,0.0,584.0451574320454,5,0,0,0,0,0,0,67.47000000000001,0,92,0,True
CHEMBL501858,O=C(O)/C(O)=C/C(=O)c1cccc(NC(=O)c2ccc(O)cc2)c1,VASYKLFKKQPIGD-DHDCSXOGSA-N,Pain/Inflammation,Pain management,True,2019,327.29200000000003,2.353700000000001,4,5,123.92999999999999,5,2,24,2,0.0,823.2293410991135,7,0,0,0,0,0,0,85.18010000000002,0,122,0,True
CHEMBL501571,Cc1ccc(Nc2nc3ccc(C(=N)NC(C)C)cc3s2)nc1.Cl.Cl,ZPKMVBSUANWBBS-UHFFFAOYSA-N,CNS/Neurology,Neurological disorder,True,2002,398.3630000000001,4.910290000000003,3,5,73.69,4,3,25,3,0.0,845.8704211219972,8,0,0,2,0,0,0,111.4731,0,134,0,True
CHEMBL505038,O=C1C(=O)N(Cc2ccccc2C(F)(F)F)c2c(F)cccc21,ZSCLWXDPEMLRQW-UHFFFAOYSA-N,Pain/Inflammation,Pain management,True,1990,323.245,3.5740000000000025,0,2,37.38,2,2,23,3,0.0,813.9678015475712,7,0,1,0,0,1,0,73.3645,0,118,0,True
CHEMBL502582,Nc1nc2ccccc2n1CCc1ccccc1,PVVMFRWPQHLCJY-UHFFFAOYSA-N,Pain/Inflammation,Pain management,True,1997,237.30599999999995,2.861200000000001,1,3,43.839999999999996,3,3,18,3,0.0,655.8152558208935,3,0,0,1,0,0,0,74.29140000000004,0,90,0,True
CHEMBL503422,Fc1cccc(-c2nnn[nH]2)c1,SEYSTLGMSOLFBD-UHFFFAOYSA-N,Anti-infective,Infection,True,2009,164.14300000000003,1.0057999999999998,1,3,54.46,1,2,12,2,0.0,370.65521819466426,5,0,0,1,0,0,0,39.5717,0,60,0,True
CHEMBL503430,COc1ccc(S(=O)(=O)N(C[C@@H]2CCC(=O)N2)C[C@@H](O)[C@H](Cc2ccccc2)NC(=O)O[C@@H]2C[C@@H]3CCO[C@@H]3C2)cc1,RPIALZPTIFOQGC-DENFLSRESA-N,Immunology,Immune disorder,True,2017,601.7220000000001,2.2304000000000013,3,8,143.5,12,2,42,5,0.0,1311.8241779862271,12,3,3,0,2,2,6,153.34399999999977,0,228,1,True
CHEMBL503508,Cc1ccc(O)c2c1C(=O)CC2,LQCJCAYSGRFFCU-UHFFFAOYSA-N,Anti-infective,Infection,True,2009,162.18799999999996,1.82952,1,2,37.3,0,1,12,2,0.0,353.1013664846874,2,0,1,0,0,0,0,45.49530000000002,0,62,0,True
CHEMBL538692,Nc1nc(F)nc2c1ncn2[C@@H]1O[C@H](CSCCC(N)C(=O)O)[C@@H](O)[C@H]1O,QELQPHOLOJTLJX-NRJACJQQSA-N,Cardiovascular,Heart disease,True,2016,402.40800000000013,-1.2979999999999985,5,11,182.62999999999997,7,2,27,3,0.0,837.675946404507,13,1,1,2,1,1,5,93.17020000000004,0,148,1,True
CHEMBL538765,CCN(C(=O)c1cccc(C(=O)O)n1)C1CC(C)S(=O)(=O)c2sc(S(N)(=O)=O)cc21.Cl,AHNZRIFOIBXRRK-UHFFFAOYSA-N,Immunology,Immune disorder,True,2021,510.01500000000016,1.6798,2,8,164.79999999999998,5,2,31,3,0.0,1241.4115781563273,14,0,1,2,0,1,2,114.85280000000003,0,170,1,True
CHEMBL547873,COc1ccc2nccc([C@@H](O)CNCCCN(C)CCOc3cc(F)cc(F)c3)c2c1.O=C(O)C(=O)O,WMSHRWLEABERKL-JIDHJSLPSA-N,Immunology,Immune disorder,True,1994,535.5440000000003,2.7011000000000003,4,8,141.45000000000002,12,3,38,3,0.0,1180.425350188192,12,0,0,1,0,0,1,135.36310000000006,0,206,1,True
CHEMBL548334,CC(=O)c1sc(NC(=O)Nc2ccc(C)cc2C)nc1C,YEZKDQMRCWMZNO-UHFFFAOYSA-N,Pain/Inflammation,Pain management,True,1995,303.38700000000006,3.9149600000000015,2,4,71.09,3,2,21,2,0.0,706.9394472114352,6,0,0,1,0,0,0,85.41290000000002,0,110,0,True
CHEMBL546744,CC12CN3CC(C)(CN(C1)C3c1cc(Br)ccc1O)C2O,SUBBLAPVQXFTRZ-UHFFFAOYSA-N,Pain/Inflammation,Pain management,True,1998,353.26000000000005,2.1716,2,4,46.94,1,1,21,5,0.0,567.9398146343779,5,4,4,0,4,4,0,83.91460000000004,0,114,0,True
CHEMBL1205641,O=C(O)c1ccc(-c2ccccn2)nc1,LWMHPOLRJIRLPN-UHFFFAOYSA-N,Anti-infective,Infection,True,2008,200.197,1.8417999999999997,1,3,63.08,2,2,15,2,0.0,465.70641176348636,4,0,0,2,0,0,0,54.42730000000002,0,74,0,True
CHEMBL507756,Cc1c(O)ccc2c3c(c(=O)oc12)CCCC3,OLCPVIMTGKFYJC-UHFFFAOYSA-N,Pain/Inflammation,Pain management,True,1992,230.26299999999992,2.6858200000000005,1,3,50.44,0,2,17,3,0.0,652.5454012088256,3,0,1,1,0,0,0,65.52780000000003,0,88,0,True
CHEMBL507764,CC(=O)OC1N=C(c2ccccc2Cl)c2cc(Cl)ccc2NC1=O,CYDZMDOLVUBPNL-UHFFFAOYSA-N,Pain/Inflammation,Pain management,True,2000,363.20000000000005,3.6721000000000013,1,4,67.75999999999999,2,2,24,3,0.0,864.664201570193,7,0,1,0,0,1,1,92.72670000000002,0,122,0,True
CHEMBL507884,CNCc1cc(C(F)(F)F)ccc1Oc1ccc(Cl)c(Cl)c1,VXVOMNFSZSXTSE-UHFFFAOYSA-N,Pain/Inflammation,Pain management,True,2012,350.16700000000003,5.523900000000002,1,2,21.259999999999998,4,2,22,2,0.0,674.3225150554923,7,0,0,0,0,0,0,80.74370000000003,0,118,1,True
CHEMBL503315,CC(C)=CN1Cc2c(C)ccc3[nH]c(=O)n(c23)C[C@@H]1C,QFUOAWQRTMGCIM-LBPRGKRZSA-N,Pain/Inflammation,Pain management,True,2004,271.36400000000003,2.7658200000000006,1,3,41.03,1,2,20,3,0.0,746.9031369085736,4,0,1,1,0,1,1,81.73170000000003,0,106,0,True
CHEMBL501589,CC(CC(=O)NC(=N)NCCCc1c[nH]cn1)c1ccccn1,YCBUFCVYAPXWON-UHFFFAOYSA-N,Anti-infective,Infection,True,1994,314.393,1.5716699999999995,4,4,106.55000000000001,7,2,23,2,0.0,610.7654024967212,7,0,0,2,0,0,1,88.04980000000003,0,122,0,True
CHEMBL499568,CCc1ccc(Cc2n[nH]c(=O)n2C)c(F)c1Oc1cc(Cl)cc(C#N)c1,WXBKPTUEPVVHBN-UHFFFAOYSA-N,CNS/Neurology,Neurological disorder,True,2021,386.814,3.7180800000000023,1,5,83.69999999999999,5,3,27,3,0.0,1098.0647136379564,8,0,0,1,0,0,0,98.65370000000001,0,138,0,True
CHEMBL154357,[O-][S+]1c2ccccc2SN1C1CC1,PAGJYUKMTFEAPK-UHFFFAOYSA-N,Pain/Inflammation,Pain management,True,2014,211.31099999999995,2.1943,0,3,26.299999999999997,1,1,13,3,0.0,340.1415159733637,4,1,2,0,0,1,1,53.568400000000025,0,68,0,True
CHEMBL541483,CC(C)N1CCC(Oc2ccc3cc(C(=O)N4CCOCC4)ccc3c2)CC1,WPBLHQJDLOPHGT-UHFFFAOYSA-N,Pain/Inflammation,Pain management,True,2006,382.50400000000025,3.5638000000000023,0,4,42.010000000000005,4,2,28,4,0.0,821.7072847505032,5,2,2,0,2,2,0,111.02950000000007,0,150,0,True
CHEMBL547407,CCNC(=O)c1ccc(-n2nc(C)cc2-c2ccccc2)cc1,UYHSAGGOBAGMEV-UHFFFAOYSA-N,CNS/Neurology,Neurological disorder,True,1990,305.381,3.5974200000000023,1,3,46.92,4,3,23,3,0.0,804.3909443154583,4,0,0,1,0,0,0,91.74420000000002,0,116,0,True
CHEMBL526157,C=C1[C@@H]2C[C@@H](OC(C)=O)[C@H]3[C@@]45CO[C@@](O)(C(=O)[C@@H]4C(C)(C)CC[C@@H]5OC(C)=O)[C@]3(C2)[C@@H]1OC(C)=O,KMFANKOEKKLUCM-RNYBVCNRSA-N,Metabolic,Metabolic disorder,True,2003,490.5490000000004,2.087999999999999,1,9,125.43000000000004,3,0,35,6,0.0,1031.8398483757333,9,6,6,0,2,2,9,119.29580000000006,0,192,0,True
CHEMBL4116100,COc1ccc2c3nn(-c4ccccc4OC)c(=O)c-3c[nH]c2c1,NYNKYUIQVVIZFN-UHFFFAOYSA-N,Pain/Inflammation,Pain management,True,2008,321.33600000000007,2.8358000000000008,1,5,69.14,3,2,24,4,0.0,1064.7538025519673,6,0,2,0,0,2,0,91.41670000000002,0,120,0,True
CHEMBL503357,O=C(CCl)Nc1cn(COC(CO)CO)c(=O)[nH]c1=O,JOJMNRCIARIAPR-UHFFFAOYSA-N,Cardiovascular,Heart disease,True,2012,307.69,-1.9587999999999988,4,7,133.65,7,1,20,1,0.0,564.8467358776039,10,0,0,1,0,0,0,69.717,0,112,0,True
CHEMBL503376,Nc1ncnc2c1nc(Br)n2CCc1ccccc1,LQIMXMMBTNEKMZ-UHFFFAOYSA-N,Pain/Inflammation,Pain management,True,1995,318.17799999999994,2.4137000000000004,1,5,69.62,3,3,19,3,0.0,707.6303631413394,6,0,0,2,0,0,0,77.58140000000002,0,96,0,True
CHEMBL503463,CC1=C[C@@H]([C@@H](O)[C@@H](C)[C@H]2CC=C3[C@@H]4CC[C@H]5C(C)(C)O[C@@H]6CC(=O)O[C@@]65C[C@@]4(O)CC[C@@]32C)OC1=O,NBZDXWQJHKPYOE-HNBWECBUSA-N,Other,Various indications,True,2015,500.6320000000004,3.6120000000000028,2,7,102.29000000000002,3,0,36,6,0.0,1059.8409123424094,7,4,6,0,2,3,10,130.51160000000004,0,198,1,True
CHEMBL1204471,COc1ccccc1OC(CCN(C)CC(=O)O)c1ccccc1,VEYFJRLIRRUIHU-UHFFFAOYSA-N,Pain/Inflammation,Pain management,True,2007,329.39599999999996,3.2218000000000018,1,4,59.0,9,2,24,2,0.0,644.8248643218047,5,0,0,0,0,0,1,92.55480000000006,0,128,0,True
CHEMBL504067,C=CCNC(=O)C(=O)C(CCCC)NC(=O)[C@@H]1[C@@H]2[C@H](CN1C(=O)[C@@H](NC(=O)N[C@@H](CN1C(=O)CCN(C)C1=O)C(C)(C)C)C(C)(C)C)C2(C)C,YTFCSSVQWPIYSC-UJJWWUJUSA-N,Other,Various indications,True,2017,701.9099999999999,2.4284000000000043,4,7,177.33,14,0,50,3,0.0,1364.9277602815375,14,3,3,0,2,2,6,188.44079999999943,0,280,1,True
CHEMBL506982,CCOC(=O)c1cnc2c(cnn2CC)c1NC1CCOCC1,YRTXLWSNMNSSQR-UHFFFAOYSA-N,Pain/Inflammation,Pain management,True,1993,318.3770000000002,2.2188,1,7,78.27,5,2,23,3,0.0,691.9353307837879,7,1,1,2,1,1,0,86.62220000000003,0,124,0,True
CHEMBL4116107,N=C(N)N1CCC[C@H]1Cc1nc(-c2ccc(Nc3nc(-c4cccc(F)c4)cs3)cc2)no1,PJADCWQZWHSKDD-SFHVURJKSA-N,CNS/Neurology,Neurological disorder,True,2019,463.54200000000014,4.643170000000003,3,7,116.95,6,4,33,5,0.0,1269.8227647806946,10,1,1,2,1,1,1,125.87079999999999,0,168,0,True
CHEMBL502072,Cl.Clc1cccc2nn(N=C3NCCN3)cc12,WHBYLFKTQXDVTO-UHFFFAOYSA-N,Anti-infective,Infection,True,2015,272.139,1.4233999999999998,2,3,54.24,1,2,17,3,0.0,554.8216410848188,7,1,1,1,1,1,0,70.82940000000002,0,90,0,True
CHEMBL502296,O=C1NC(NCC2CCCO2)=N/C1=C\c1c[nH]c2ncccc12,VHEWCQUGMUYUSP-QPEQYQDCSA-N,Anti-infective,Infection,True,2015,311.345,1.158199999999999,3,5,91.39999999999999,3,2,23,4,0.0,801.6584277528651,7,1,2,2,1,2,1,86.62510000000003,0,118,0,True
CHEMBL539383,C/N=C(\S)[C@]1(c2ccc(-c3ccccc3)cc2)CCCC[S+]1[O-],RMRSWOBFCHZIDB-HWYAHNCWSA-N,Pain/Inflammation,Pain management,True,2018,343.51700000000017,4.439600000000003,1,2,35.42,3,2,23,3,0.0,684.2756175919317,4,1,1,0,1,1,2,102.76140000000005,0,120,0,True
CHEMBL540696,CCCCC[C@@H](C=O)NC(=O)OC(C)(C)C,XLWMVICOJYHICO-JTQLQIEISA-N,Pain/Inflammation,Pain management,True,2003,229.31999999999996,2.658900000000001,1,3,55.400000000000006,6,0,16,0,0.0,220.79398751947122,4,0,0,0,0,0,1,63.363700000000044,0,94,0,True
CHEMBL540902,N/C(=N\O)c1cc[n+](C/C=C/C[n+]2ccc(/C=N\O)cc2)cc1.[Br-].[Br-],NONZBSVXXROULB-SEPHDYHBSA-N,Other,Various indications,True,2000,473.16900000000004,-5.571399999999996,3,4,98.96000000000001,6,2,25,2,0.0,716.309863189155,9,0,0,2,0,0,0,84.30540000000002,0,134,0,True
CHEMBL525627,CCCCCCc1ccc(Cn2cc(Br)c(=O)[nH]c2=O)cc1,VUZIBIVENWGRBZ-UHFFFAOYSA-N,Pain/Inflammation,Pain management,True,2020,365.2710000000001,3.470200000000001,1,3,54.86,7,2,22,2,0.0,716.6741762193345,5,0,0,1,0,0,0,92.41270000000003,0,118,0,True
CHEMBL603409,Cc1nc2c(s1)Cc1cccc(OCP(=O)(O)O)c1-2,DLAWXUQOWZHAQZ-UHFFFAOYSA-N,Pain/Inflammation,Pain management,True,2023,297.272,2.5367200000000016,2,4,79.65,3,2,19,3,0.0,691.0329846595289,7,0,1,1,0,0,0,72.63210000000002,0,100,0,True
CHEMBL601469,N#Cc1cccc(S(=O)(=O)N2C[C@H](n3cncn3)C[C@H]2C(=O)N[C@@H](Cc2ccc(NC(=O)c3c(Cl)cncc3Cl)cc2)C(=O)O)c1,SRARTUKACIVLMP-YNJKOYDBSA-N,Immunology,Immune disorder,True,2011,683.5340000000002,2.9202800000000018,3,10,200.26999999999995,10,4,46,5,0.0,1913.4345068320704,17,1,1,2,1,1,3,164.43549999999976,0,236,1,True
CHEMBL558352,CCn1cc(C(=O)NCc2ccc(OC)cc2)c(=O)c2cc(C(F)(F)F)ccc21,STBOJOLARVYICG-UHFFFAOYSA-N,CNS/Neurology,Neurological disorder,True,2020,404.3880000000001,3.9788000000000023,1,4,60.330000000000005,5,3,29,3,0.0,1103.0849078597994,8,0,0,1,0,0,0,103.04820000000004,0,152,0,True
CHEMBL557192,COc1cc(CN2CCC(N3C(=O)Nc4ccccc4C3c3ccccc3)CC2)cc(OC)c1.Cl,REDCOMHUPQCYMM-UHFFFAOYSA-N,CNS/Neurology,Neurological disorder,True,1996,494.03500000000025,5.727100000000007,1,4,54.040000000000006,6,3,35,5,0.0,1126.944267632419,7,1,2,0,1,2,1,140.67769999999987,0,184,1,True
CHEMBL559340,CCCCCOC(=O)N1CCN(C(=O)[C@H](CCC(=O)O)NC(=O)c2cc(OCCCC)cc(-c3ccccc3)n2)CC1,MSIKIHIZSXJBEF-VWLOTQADSA-N,Immunology,Immune disorder,True,2009,582.6980000000001,4.361700000000004,2,7,138.37,15,2,42,3,0.0,1183.0614755749878,11,1,1,1,1,1,1,157.2259999999997,0,228,1,True
CHEMBL196395,O=C(O)Cc1ccc2oc(-c3ccc(NC(=O)/C=C/c4cccc(Cl)c4F)c(F)c3)nc2c1,JVUXTSUDSGXBII-RMKNXTFCSA-N,CNS/Neurology,Neurological disorder,True,1997,468.8430000000001,5.705400000000002,2,4,92.42999999999999,6,4,33,4,0.0,1415.1140466038682,9,0,0,1,0,0,0,119.81650000000003,0,166,1,True
CHEMBL574221,CCNC1NN=C(Cc2csc3nc(-c4ccc(Br)cc4)cn23)S1,JQJAXXDGYABEDK-UHFFFAOYSA-N,CNS/Neurology,Neurological disorder,True,2009,422.37700000000007,3.910800000000002,2,7,53.72,5,3,24,4,0.0,883.6499725756919,8,0,1,2,0,1,1,105.5354,0,124,0,True
CHEMBL157042,CC(C)C(NC(=O)OCc1cnccn1)C(=O)N[C@@H](Cc1ccccc1)C[C@H](O)[C@H](Cc1ccccc1)NC(=O)OCc1cccnc1,QYMRDXRVBUCQAP-STGRIPECSA-N,CNS/Neurology,Neurological disorder,True,2010,654.7680000000001,4.138600000000002,4,9,164.66000000000003,16,4,48,4,0.0,1546.7849470304043,12,0,0,2,0,0,4,178.17089999999953,0,252,1,True
CHEMBL583947,O=c1[nH]c(CNCCc2cccc(O)c2)nc2c1sc1ccc(Cl)cc12,HETRNUQWOLKNPR-UHFFFAOYSA-N,CNS/Neurology,Neurological disorder,True,2016,385.87600000000015,3.8291000000000013,3,5,78.01,5,4,26,4,0.0,1152.6499892458176,7,0,0,2,0,0,0,106.27420000000002,0,132,0,True
CHEMBL585377,CN1[C@H](CCCc2ccccc2)CC[C@@H]1CCCc1ccccc1,FPNHERGNPFELRS-ZRZAMGCNSA-N,Pain/Inflammation,Pain management,True,2014,321.508,5.495000000000005,0,1,3.24,8,2,24,3,0.0,523.999185132167,1,1,1,0,1,1,2,103.33300000000007,0,128,1,True
CHEMBL584574,CCNc1nc(Nc2ccccc2)c2cnn(C)c2n1,BKVUDQDKUYNPPB-UHFFFAOYSA-N,Pain/Inflammation,Pain management,True,1993,268.324,2.5387000000000004,2,6,67.66,4,3,20,3,0.0,719.1122623594786,6,0,0,2,0,0,0,80.19240000000003,0,102,0,True
CHEMBL553908,COc1cc2ncnc(N(C)c3cccc(Cl)c3)c2cc1OC.Cl,HJAAVYKVKNFYNJ-UHFFFAOYSA-N,CNS/Neurology,Neurological disorder,True,1995,366.2480000000001,4.4901000000000035,0,5,47.480000000000004,4,3,24,3,0.0,858.3584207191153,7,0,0,1,0,0,0,99.40500000000002,0,126,0,True
CHEMBL542914,CCN(CC)CCOC(=O)C1(c2ccc(N3CCCC3)cc2)CCCC1.Cl,BPQIIXPQYBFACP-UHFFFAOYSA-N,Pain/Inflammation,Pain management,True,2017,394.98700000000025,4.405400000000005,0,4,32.78,8,1,27,3,0.0,574.4805032065805,5,2,2,0,1,1,0,114.03000000000007,0,152,0,True
CHEMBL539611,Cl.N[C@@H](CC(=O)N1CCCCCN1C(=O)c1ccccc1)Cc1cc(F)c(F)cc1F,YWYAWJIMMUVLHJ-UNTBIKODSA-N,Other,Various indications,True,1994,455.9080000000001,3.855500000000003,1,3,66.64000000000001,5,2,31,3,0.0,914.3741807535024,9,1,1,0,1,1,1,112.90290000000006,0,168,0,True
CHEMBL260906,O=C(CCCN1CCN(c2cccc(C(F)(F)F)c2)CC1)NCc1nc2ccc(F)cc2c(=O)n1-c1ccccc1,AIOWACZADLHDLR-UHFFFAOYSA-N,CNS/Neurology,Neurological disorder,True,2002,567.5870000000003,4.762200000000004,1,6,70.47,8,4,41,5,0.0,1581.8596799034628,11,1,1,1,1,1,0,148.4756999999998,0,214,1,True
CHEMBL576313,CC(C)Sc1oc(C(=O)O)c(-c2ccc(Cl)cc2)c1C#N,KPCULYSZIGMOGW-UHFFFAOYSA-N,Pain/Inflammation,Pain management,True,2022,321.785,4.670380000000002,1,4,74.22999999999999,4,2,21,2,0.0,713.755339991628,6,0,0,1,0,0,0,81.82130000000002,0,108,0,True
CHEMBL4115992,CCCCc1cc(OC2CCN(CCCCNS(C)(=O)=O)CC2)c2ncccc2c1,WCNMMPUKVKKLKP-UHFFFAOYSA-N,Other,Various indications,True,2015,433.61800000000017,3.7500000000000018,1,5,71.53,11,2,30,3,0.0,909.0493239988785,7,1,1,1,1,1,0,122.52550000000005,0,166,0,True
CHEMBL573919,CCCCNC1=C(F)C(=O)c2c(F)c(NCCCC)c(F)c(F)c2C1=O,XREJXEZWNDEMHJ-UHFFFAOYSA-N,Pain/Inflammation,Pain management,True,2019,372.362,4.2657000000000025,2,4,58.2,8,1,26,2,0.0,775.189977742041,8,0,1,0,0,0,0,89.41940000000002,0,142,0,True
CHEMBL155979,COc1cccc2c1CC[C@@H](N(C)C)[C@H]2C,ZCNTYKAJYPYMNL-GXFFZTMASA-N,Pain/Inflammation,Pain management,True,1999,219.32799999999997,2.6751000000000014,0,2,12.47,2,1,16,2,0.0,372.9981327840821,2,0,1,0,0,0,2,67.20500000000004,0,88,0,True
CHEMBL595330,CCC(=O)N(CC)c1cc2c(NCc3ccc(OC)c(Cl)c3)ncnc2c(CCO)c1OC,SVKBWJJZTHYIAB-UHFFFAOYSA-N,CNS/Neurology,Neurological disorder,True,2007,472.97300000000024,4.210200000000003,2,7,96.81000000000002,10,3,33,3,0.0,1139.1375808096286,9,0,0,1,0,0,0,130.5285,0,176,0,True
CHEMBL594331,CCCCn1c(C)cc2cc(=O)cc3oc(C)cc1c23,VNABPUBBADDZQE-UHFFFAOYSA-N,CNS/Neurology,Neurological disorder,True,1991,269.344,4.164640000000004,0,3,35.14,3,3,20,3,0.0,817.6742441642808,3,0,0,2,0,0,0,82.36200000000004,0,104,0,True
CHEMBL1208039,O=C(c1ccc(-c2ccc(C(=O)C(O)S(=O)(=O)O)cc2)cc1)C(O)S(=O)(=O)O,MFQYILXBRZFYLI-UHFFFAOYSA-N,Other,Various indications,True,2004,430.41200000000003,0.13140000000000018,4,8,183.33999999999997,7,2,28,2,0.0,1009.5198709738775,12,0,0,0,0,0,2,95.64980000000003,0,150,0,True
CHEMBL530730,Cc1cc(NCC2CCN(CC3CCCCC3)C2)nc(Nc2ccc(Cl)cc2)n1,KXVXOJOAPADAIC-UHFFFAOYSA-N,Other,Various indications,True,1992,413.997,5.496120000000005,2,5,53.08,7,2,29,4,0.0,788.3552451938087,6,2,2,1,1,1,1,121.11540000000004,0,156,1,True
CHEMBL260909,Nn1c(CS(=O)(=O)c2ccc(Cl)cc2)nnc1-c1ccccc1,LHKPVQKUCRYDKJ-UHFFFAOYSA-N,Pain/Inflammation,Pain management,True,2012,348.81500000000005,2.2862,1,6,90.87,4,3,23,3,0.0,921.8705473267052,8,0,0,1,0,0,0,87.95020000000001,0,118,0,True
CHEMBL4116005,CN(CC/C=C/c1ccc(-c2ccccc2)cc1)Cc1ccc2c(c1)OCCC2,AYFFXHIGDSLFGU-VMPITWQZSA-N,CNS/Neurology,Neurological disorder,True,1992,383.5350000000002,6.213900000000005,0,2,12.47,7,3,29,4,0.0,944.031634532153,2,0,1,0,0,1,0,122.12100000000005,0,148,1,True
CHEMBL575155,CCCS(=O)(=O)N1C[C@H]2CC[C@H]1[C@H](C(=O)Nc1ccc(OC(C)C)cc1)C2,UJDMCPUQOYKAOH-IPELMVKDSA-N,Pain/Inflammation,Pain management,True,1993,394.53700000000015,3.252600000000002,1,4,75.71000000000001,7,1,27,4,0.0,760.6913196021835,7,3,3,0,2,2,3,106.23850000000006,0,150,0,True
CHEMBL174668,Cc1nc2cnccc2n1CN1CCN(S(=O)(=O)c2cn(C(=O)N(C)C)c3cc(-c4ccc(F)cc4)ccc23)CC1,ZUWVHCOUMRXECJ-UHFFFAOYSA-N,CNS/Neurology,Neurological disorder,True,1993,575.6700000000001,3.994220000000003,0,8,96.57000000000001,5,5,41,6,0.0,1872.077408484407,12,1,1,3,1,1,0,154.40979999999968,0,212,1,True
CHEMBL4116075,Cc1c2c(cc[n+]1CC(=O)c1ccc3ccccc3c1)c1ccccc1n2Cc1ccccc1,RRANOOSONUOPSI-UHFFFAOYSA-N,CNS/Neurology,Neurological disorder,True,2018,441.55400000000014,6.474820000000006,0,2,25.88,5,6,34,6,0.0,1678.7663919042584,3,0,0,2,0,0,0,138.19849999999988,0,164,1,True
CHEMBL583071,CC1=C(C(=O)OC(C)(C)C)C(c2ccccc2)C=CN1c1ccccc1,LIJDRNAIBIRCOF-UHFFFAOYSA-N,Pain/Inflammation,Pain management,True,2002,347.4580000000001,5.419800000000006,0,3,29.54,3,2,26,3,0.0,829.5164694336811,3,0,1,0,0,1,1,105.78900000000003,0,134,1,True
CHEMBL258525,O=C(CCN1CCN(c2ccc(Cl)cc2)CC1)NCc1nc2ccccc2c(=O)n1-c1ccccc1,LNEWMIODYAFAIT-UHFFFAOYSA-N,CNS/Neurology,Neurological disorder,True,1990,502.0180000000002,3.867600000000002,1,6,70.47,7,4,36,5,0.0,1397.3987044637593,8,1,1,1,1,1,0,143.90869999999984,0,184,1,True
CHEMBL595064,COc1ccc(C2=NN(Cc3ccc(CN4CCC(=O)CC4)cc3)C(=O)[C@@H]3CC=CC[C@H]23)cc1OC,ZQJQVLFFFPAOBV-LOSJGSFVSA-N,Other,Various indications,True,1998,487.6000000000003,4.197600000000003,0,6,71.44,7,2,36,5,0.0,1177.505483887043,7,1,3,0,1,2,2,137.94699999999992,0,188,0,True
CHEMBL154228,CCCN(c1ccncc1)n1cc(CC)c2ccccc21,KHGNFQVPPCBUSI-UHFFFAOYSA-N,CNS/Neurology,Neurological disorder,True,2007,279.387,4.278400000000004,0,3,21.060000000000002,5,3,21,3,0.0,715.6664602272571,3,0,0,2,0,0,0,88.58800000000006,0,108,0,True
CHEMBL153086,Cc1ccc(OC(CCN2CCc3ccccc3C2)c2ccccc2)cc1,UBADXEPQIYZMTN-UHFFFAOYSA-N,CNS/Neurology,Neurological disorder,True,2015,357.497,5.563520000000006,0,2,12.47,6,3,27,4,0.0,857.0070503038605,2,0,1,0,0,1,1,111.03000000000003,0,138,1,True
CHEMBL541956,CC(=O)NC[C@@H](NS(=O)(=O)c1ccccc1)C(=O)O,OPIJWCWSWGPAKY-SNVBAGLBSA-N,Anti-infective,Infection,True,2008,286.309,-0.44580000000000025,3,4,112.57000000000001,6,1,19,1,0.0,555.7080939289041,8,0,0,0,0,0,1,66.87100000000002,0,104,0,True
CHEMBL541969,COc1cc(N)c(Cl)cc1C(=O)NC1CCNCC1,RUQHFNWNPDBISK-UHFFFAOYSA-N,Anti-infective,Infection,True,2020,283.75900000000007,1.4126,3,4,76.38,3,1,19,2,0.0,473.2012880480115,6,1,1,0,1,1,0,75.77430000000003,0,104,0,True
CHEMBL540050,CCCCN(C)CC1C[C@@]1(C(=O)OCC)c1ccccc1.Cl,GRCHBMOCWOXXEW-KWNHMLIUSA-N,Pain/Inflammation,Pain management,True,2002,325.87999999999994,3.6611000000000034,0,3,29.540000000000003,8,1,22,2,0.0,465.41477722113046,4,1,1,0,0,0,2,92.51300000000006,0,124,0,True
CHEMBL525924,Cn1c(-c2cccc(-c3ccccc3)c2)nnc1C1(c2ccc(Cl)cc2)CCC1,FXLJWOWLNCXDCJ-UHFFFAOYSA-N,CNS/Neurology,Neurological disorder,True,2009,399.9250000000002,6.2725000000000035,0,3,30.71,4,4,29,5,0.0,1142.4242440248902,4,1,1,1,0,0,0,117.95800000000003,0,144,1,True
CHEMBL531135,O=C(Nc1nccs1)c1cc(-c2cccnc2)nc2ccc(Br)cc12,OYWNAGWAVOHNGV-UHFFFAOYSA-N,CNS/Neurology,Neurological disorder,True,1990,411.2840000000001,4.768100000000001,1,5,67.77000000000001,3,4,25,4,0.0,1051.5697786266628,7,0,0,3,0,0,0,102.7412,0,122,0,True
CHEMBL531989,Cc1ccccc1OCCCN1CCN(CC(c2ccc(F)cc2)N2CCN(C(C)C)CC2)CC1.Cl,OOYXFUPDYLCODI-UHFFFAOYSA-N,Immunology,Immune disorder,True,2004,519.1490000000003,4.709720000000006,0,5,22.190000000000005,10,2,36,4,0.0,896.4021044412442,7,2,2,0,2,2,1,148.8419999999998,0,200,1,True
CHEMBL528112,CN1CCN(Cc2cn3c(-c4ccncc4)c(-c4ccc(F)cc4)nc3s2)CC1,UTWJMSRNZUWNLW-UHFFFAOYSA-N,CNS/Neurology,Neurological disorder,True,1997,407.51800000000014,4.011300000000003,0,6,36.67,4,4,29,5,0.0,1111.5337079150836,7,1,1,3,1,1,0,114.46800000000006,0,148,0,True
CHEMBL582854,CC1(C)CCC[C@]2(C)[C@@H](/C=C/c3ccoc3)C(C=O)=C(O)C(=O)[C@@H]12,KUZVESKWERRMKK-PIOJPPRKSA-N,Pain/Inflammation,Pain management,True,2018,328.40800000000013,4.335300000000003,1,4,67.50999999999999,3,1,24,3,0.0,708.0071183264329,4,1,2,1,0,0,3,91.18680000000005,0,128,0,True
CHEMBL590853,COC(=O)N1CC[C@H](N(Cc2ccccc2C(F)(F)F)c2ccc(C#N)c(Cl)c2)C1,JKKYDDVIHYJRRB-KRWDZBQOSA-N,Other,Various indications,True,1995,437.84900000000016,5.077780000000004,0,4,56.57,4,2,30,3,0.0,974.6994407499017,9,1,1,0,1,1,1,106.17700000000004,0,158,1,True
CHEMBL592162,CC[n+]1ccc2c(c1)[nH]c1ccc(Cl)cc12.[I-],SAJFWDYOOHGTKO-UHFFFAOYSA-N,Anti-infective,Infection,True,2017,358.61,0.28589999999999965,1,0,19.669999999999998,1,3,17,3,0.0,675.5418576032964,4,0,0,2,0,0,0,66.68370000000003,0,88,0,True
CHEMBL159567,C[C@]1(C(=O)N2CCOCC2)CO[C@H](c2nc(-c3ccc(F)cc3)c(-c3ccnc(NCc4ccc(F)cc4)n3)[nH]2)OC1,XUQWOOPGLOCUOQ-CCURTVBJSA-N,CNS/Neurology,Neurological disorder,True,1993,576.604,4.334500000000003,2,8,114.49000000000002,7,4,42,6,0.0,1532.4067759431036,12,2,2,2,2,2,0,148.8853999999998,0,218,1,True
CHEMBL1210578,O=C(Cn1nc(C2CCC(F)(F)CC2)c2cnccc2c1=O)NC1Cc2ccccc2C1,HTQKPVVITWAUOK-UHFFFAOYSA-N,CNS/Neurology,Neurological disorder,True,2013,438.4780000000002,3.368000000000002,1,5,76.88,4,3,32,5,0.0,1205.1414678338333,8,1,2,2,0,0,0,115.73470000000002,0,166,0,True
CHEMBL576723,COc1ccc(C=C2SC(=N)N(c3ccc4c(c3)OCO4)C2=O)cc1OC,FGACEBVWLBEPJX-UHFFFAOYSA-N,Pain/Inflammation,Pain management,True,2001,384.4130000000002,3.488170000000002,1,7,81.08,4,2,27,4,0.0,972.5675255993661,8,1,2,0,1,2,0,102.89170000000003,0,138,0,True
CHEMBL554554,CCCCNCc1cc(OC)c(O)c(OC)c1.Cl,OIPQNIZXEWVFDQ-UHFFFAOYSA-N,Pain/Inflammation,Pain management,True,1990,275.77599999999995,2.7209000000000017,2,4,50.72,7,1,18,1,0.0,333.08474758750003,5,0,0,0,0,0,0,75.07350000000004,0,104,0,True
CHEMBL552967,Cl.[O-][n+]1onc2cc(/C=C/c3ccccc3)ccc21,PUQNSQXQQANICP-UHDJGPCESA-N,CNS/Neurology,Neurological disorder,True,2006,274.70700000000005,3.053400000000001,0,3,52.97,2,3,19,3,0.0,707.7976385449673,5,0,0,1,0,0,0,75.58700000000003,0,96,0,True
CHEMBL553918,CC(C)[C@H](NS(=O)(=O)c1ccc2c(c1)oc1cc(N)ccc12)C(=O)O,SMJNKVQJVSTDHQ-INIZCTEOSA-N,Pain/Inflammation,Pain management,True,2015,362.4070000000001,2.5557,3,5,122.63000000000001,5,3,25,3,0.0,1069.2717684520312,8,0,0,1,0,0,1,94.71570000000006,0,132,0,True
CHEMBL554192,CC(=N)Nc1ccc(F)cc1.Cl,QPLKSNAJOVQICV-UHFFFAOYSA-N,Pain/Inflammation,Pain management,True,2009,188.633,2.6565700000000008,2,1,35.88,1,1,12,1,0.0,258.2652997875347,4,0,0,0,0,0,0,50.67140000000002,0,66,0,True
CHEMBL552980,COc1cccc(-c2cc(C3CC4CCC3N4)cnc2F)c1.Cl,JKWWXGQYJKTLCV-UHFFFAOYSA-N,Pain/Inflammation,Pain management,True,2005,334.82199999999995,3.9260000000000033,1,3,34.15,3,2,23,4,0.0,709.1709828705706,5,2,2,1,2,2,3,90.73470000000003,0,122,0,True
CHEMBL539748,C[C@H]1CC2C3Cc4ccc(O)c5c4C2(CCN3CC2CCC2)C(O5)C1=O.Cl,SFKCBTWXHGDPHR-AOINKIPWSA-N,Pain/Inflammation,Pain management,True,2010,389.9230000000002,3.468400000000003,1,4,49.77,2,1,27,6,0.0,806.9927831717706,5,3,5,0,1,2,5,104.74980000000005,0,146,0,True
CHEMBL540674,O=C(CC(S)C(F)(F)F)NC(Cc1ccc(O)cc1)C(=O)O,WNSYCMPKITTXAY-UHFFFAOYSA-N,Anti-infective,Infection,True,1997,337.3190000000001,1.7549,4,4,86.63000000000001,6,1,22,1,0.0,533.0818942078622,9,0,0,0,0,0,2,74.82330000000003,0,122,0,True
CHEMBL541695,CC(=O)c1cc2ccccc2s1,SGSGCQGCVKWRNM-UHFFFAOYSA-N,Pain/Inflammation,Pain management,True,1995,176.23999999999998,3.103900000000001,0,2,17.07,1,2,12,2,0.0,395.0861294011406,2,0,0,1,0,0,0,51.829500000000024,0,60,0,True
CHEMBL559362,Br.O=C(CC1NCCCC1O)Cn1cnc2cc(Br)c(Cl)cc2c1=O,SJUWEPZBTXEUMU-UHFFFAOYSA-N,Other,Various indications,True,1995,495.59900000000016,2.4624000000000006,2,6,84.22,4,2,25,3,0.0,843.2201266579158,9,1,1,1,1,1,2,105.69050000000003,0,136,0,True
CHEMBL573427,CC[C@H](C)[C@@H](C(=O)N(C)CC(=O)N(C)[C@@H](CC(C)C)C(=O)N[C@@H](CCSC)C(=O)N(C)[C@H](C(=O)N(C)CC(N)=O)C(C)C)N(C)C(C)=O,KMTYEUKZZOUFRN-WLBUNQKXSA-N,Other,Various indications,True,2010,699.9599999999999,0.8755000000000095,2,8,173.73999999999998,20,0,48,0,0.0,1135.6277629957406,15,0,0,0,0,0,5,188.4940999999994,0,276,1,True
CHEMBL577782,CC1(C)CC2(CN(Cc3ccc(NS(C)(=O)=O)cc3)C(=O)O2)c2ccccc2O1,REPFAAVENGCKIA-UHFFFAOYSA-N,Other,Various indications,True,2010,416.4990000000002,3.4669000000000025,1,5,84.94000000000001,4,2,29,4,0.0,1048.9960662505562,8,1,2,0,1,2,1,109.24350000000003,0,154,0,True
CHEMBL573674,Cc1cccc(COc2cc(NC(=O)Cc3ccncc3)ccc2N(C)S(C)(=O)=O)c1,GAOBIYHZWVCVER-UHFFFAOYSA-N,CNS/Neurology,Neurological disorder,True,2011,439.53700000000015,3.546020000000002,1,5,88.6,8,3,31,3,0.0,1164.4489231568582,8,0,0,1,0,0,0,121.77050000000004,0,162,0,True
CHEMBL584146,Cc1ccc(-c2cnc3occ(-c4ccc([S+](C)[O-])cc4)c3c2)o1,BAXUSOFHDHFTKV-UHFFFAOYSA-N,CNS/Neurology,Neurological disorder,True,1997,337.4000000000001,4.800620000000004,0,4,62.230000000000004,3,4,24,4,0.0,999.0641186893329,5,0,0,3,0,0,1,94.21640000000004,0,120,0,True
CHEMBL584766,N#Cc1cc(-c2cnc3nc(N4CCC(N5CCCCC5)CC4)sc3c2)ccc1F,KPJNSSGIUKWMPK-UHFFFAOYSA-N,CNS/Neurology,Neurological disorder,True,2010,421.54500000000013,4.823780000000005,0,6,56.050000000000004,3,3,30,5,0.0,1090.6567982368279,7,2,2,2,2,2,0,118.18300000000006,0,154,0,True
CHEMBL182355,CCCC(NC(=O)[C@@H]1C2CCCC2CN1C(=O)[C@@H](NC(=O)[C@@H](NC(=O)CCCCc1nnn[nH]1)C(C)C)C(C)C)C(=O)C(=O)N[C@@H](C)c1ccncc1,BKDGCMAGCCQTOD-XXHRZFBVSA-N,Immunology,Immune disorder,True,2006,736.919,1.9476000000000055,5,10,221.13,19,2,53,4,0.0,1552.1134260385343,16,2,2,2,1,1,7,194.2424999999994,0,290,1,True
CHEMBL553647,COc1cc([C@@H]2c3cc4c(cc3[C@@H](CC(=O)NCCN3CCCCC3)C3COC(=O)[C@@H]32)OCO4)cc(OC)c1O.Cl,UWQVAXGVQDHEOE-KHRSSVALSA-N,Immunology,Immune disorder,True,2007,589.0850000000005,3.570400000000003,2,9,115.79000000000002,8,2,41,6,0.0,1272.4877164444972,11,2,4,0,2,3,4,151.46449999999982,0,222,1,True
CHEMBL553649,Cl.N=C(N)Nc1ccc(C(=O)Nc2ccccc2)cc1,OGPZAAJYDSBBDH-UHFFFAOYSA-N,Pain/Inflammation,Pain management,True,2017,290.754,2.6660700000000013,4,2,91.0,3,2,20,2,0.0,583.8827155909477,6,0,0,0,0,0,0,83.622,0,104,0,True
CHEMBL525228,O=C1NC(NCc2ccco2)=N/C1=C\c1c[nH]c2ncccc12,LQRRIKFZOZBYKH-QPEQYQDCSA-N,Anti-infective,Infection,True,2017,307.31300000000005,1.7723999999999998,3,5,95.30999999999999,3,3,23,4,0.0,921.0129231443749,7,0,1,3,0,1,0,85.19610000000002,0,114,0,True
CHEMBL1207998,COCC(C)(CS(=O)(=O)O)N(Cl)Cl,IAIZJYMOAXGPAD-UHFFFAOYSA-N,Anti-infective,Infection,True,1993,252.119,0.8889000000000005,1,4,66.84,5,0,13,0,0.0,255.2600009782247,8,0,0,0,0,0,1,50.24160000000002,0,80,0,True
CHEMBL540227,CCCCCCOc1ccc(C(=O)CCNc2cccc(Cl)c2)cc1,KNPWKYPFGSHIOM-UHFFFAOYSA-N,Pain/Inflammation,Pain management,True,2001,359.89700000000005,5.984000000000005,1,3,38.33,11,2,25,2,0.0,655.2005547564311,4,0,0,0,0,0,0,104.96820000000004,0,134,1,True
CHEMBL590751,OC[C@H]1O[C@@H](c2ccc(Cl)c(Cc3nnc(-c4ccoc4)s3)c2)[C@H](O)[C@@H](O)[C@@H]1O,SVMIUKZUEKHGQI-LHKMKVQPSA-N,Other,Various indications,True,2003,438.889,1.5572,4,9,129.07,5,3,29,4,0.0,963.5273971722244,10,1,1,2,1,1,5,104.5892,0,154,0,True
CHEMBL593658,O=C(Nc1ccc(OC(F)(F)F)cc1)N1CCCCC1,OQTHPYIGRUJMPJ-UHFFFAOYSA-N,Pain/Inflammation,Pain management,True,1996,288.26900000000006,3.6030000000000024,1,2,41.57,2,1,20,2,0.0,453.67922719033066,7,1,1,0,1,1,0,67.56770000000003,0,110,0,True
CHEMBL557764,O=C(Cn1cccc(NC(=O)c2ccccc2)c1=O)NCCO,GUPYVMXFUNKTMY-UHFFFAOYSA-N,Anti-infective,Infection,True,2018,315.32900000000006,0.20909999999999995,3,5,100.43,6,2,23,2,0.0,740.4906096337426,7,0,0,1,0,0,0,85.19270000000003,0,120,0,True
CHEMBL572517,CC(C)n1ncc2c(=O)[nH]c([C@@H]3CN(Cc4ccccc4)C[C@H]3C)nc21,PUGMRQMXTZPAIZ-RHSMWYFYSA-N,Pain/Inflammation,Pain management,True,2020,351.45400000000006,2.9360000000000017,1,5,66.81,4,3,26,4,0.0,959.2420358681778,6,1,1,2,1,1,2,102.15770000000006,0,136,0,True
CHEMBL573437,CCOC(=O)/C=C/C(=O)N(CC(N)=O)NC(=O)[C@H](C)NC(=O)[C@@H](C)NC(=O)N1CCN(C(=O)OCc2ccccc2)CC1,VHCWDLOUNVJIHA-ONNQBUSKSA-N,Cardiovascular,Heart disease,True,2020,603.6330000000003,-0.9919999999999922,4,9,209.78,11,1,43,2,0.0,1200.4451541412946,16,1,1,0,1,1,2,150.19449999999978,0,234,1,True
CHEMBL573444,COc1ccccc1NC1=NC(N)=NC(C)(C)N1,FGYZNLXWFDNKDG-UHFFFAOYSA-N,Anti-infective,Infection,True,1998,247.302,1.1171,3,6,84.03,2,1,18,2,0.0,506.94416339194424,6,0,1,0,0,1,0,72.88880000000002,0,96,0,True
CHEMBL154940,CC(NC(=O)C(C)(C)C)C(=O)NCc1ccccc1,PUUZXXABNDXBHV-UHFFFAOYSA-N,Anti-infective,Infection,True,2001,262.35299999999995,1.8535999999999995,2,2,58.2,4,1,19,1,0.0,435.2088381914604,4,0,0,0,0,0,1,75.34840000000004,0,104,0,True
CHEMBL583100,N#CC1=C(N)N2C(=O)CSC2=C(C#N)C1c1ccccc1Cl,FXFMCJVUGANXGK-UHFFFAOYSA-N,Pain/Inflammation,Pain management,True,1990,328.784,2.4416600000000006,1,5,93.91,1,1,22,3,0.0,830.6795815169899,7,1,2,0,1,2,1,82.9624,0,108,0,True
CHEMBL595526,NCCS(=O)(=O)N1CCc2c([nH]c3ccc(Cl)cc23)C1c1cccc(O)c1,HXGBCGAQILBVFM-UHFFFAOYSA-N,Other,Various indications,True,1993,405.9070000000001,2.762900000000002,3,4,99.42,4,3,27,4,0.0,1110.5854090264431,8,0,1,1,0,1,1,106.5097,0,142,0,True
CHEMBL596211,COc1ccc(-c2ccc(Cn3cc(C(=O)O)c(=O)c4cccc(F)c43)cc2)cn1,ANLCRMHUAHFDNE-UHFFFAOYSA-N,CNS/Neurology,Neurological disorder,True,2023,404.39700000000005,3.9577000000000027,1,5,81.42,5,4,30,4,0.0,1296.0865174650964,7,0,0,2,0,0,0,110.45230000000001,0,150,0,True
CHEMBL595765,CC1(C)CC(NC(=S)Nc2ccc(C#N)cc2)c2cc(Cl)ccc2O1,MYSINLZROQQGJK-UHFFFAOYSA-N,Pain/Inflammation,Pain management,True,2016,371.8930000000001,4.800480000000003,2,3,57.08,2,2,25,3,0.0,842.737976838754,6,0,1,0,0,1,1,104.0304,0,128,0,True
CHEMBL564205,Cc1c(O)c(CC[C@H](C)C(=O)O)c(O)c2c1COC2=O,LSZUJXDQMUMSLJ-LURJTMIESA-N,Anti-infective,Infection,True,2014,280.276,1.72992,3,5,104.06,4,1,20,2,0.0,590.0623042341472,6,0,1,0,0,1,1,68.74890000000003,0,108,0,True
CHEMBL563935,CCc1c(C)sc(NC(=S)NCc2ccccn2)c1C(=O)OC,ZZDOENFKIOJDJR-UHFFFAOYSA-N,Pain/Inflammation,Pain management,True,2013,349.4810000000001,3.2871200000000016,2,5,63.25,5,2,23,2,0.0,698.8509527586835,7,0,0,2,0,0,0,97.07090000000005,0,122,0,True
CHEMBL529450,O=C(COc1ccc(F)c(F)c1)N[C@H]1CC[C@@H](Nc2ccn(-c3ccc(C(F)(F)F)cc3)c2)CC1,IMLJSXYNDXYBTJ-HDICACEKSA-N,CNS/Neurology,Neurological disorder,True,2019,493.47600000000017,5.692600000000004,2,4,55.29,7,3,35,4,0.0,1152.6541334808894,10,1,1,1,0,0,0,120.43340000000003,0,186,1,True
CHEMBL155537,CCCCCCCCCCCCCCC[C@@H](O)[C@H](CCO)NC(C)=O,GDNDCQWPSOIIQT-LEWJYISDSA-N,Pain/Inflammation,Pain management,True,2016,357.57900000000006,4.715700000000004,3,3,69.56,18,0,25,0,0.0,296.8657490812498,4,0,0,0,0,0,2,105.62630000000007,0,150,0,True
CHEMBL4116120,CC(C)CCN(CCc1cccc(O)c1)CCc1cccc(O)c1,XQNYRKPKGAELJY-UHFFFAOYSA-N,Pain/Inflammation,Pain management,True,1999,327.468,4.231100000000005,2,3,43.7,9,2,24,2,0.0,575.2407390029739,3,0,0,0,0,0,0,99.51660000000005,0,130,0,True
CHEMBL558744,Cc1cc(C=C2C(=O)NC(=S)NC2=O)c(C)n1-c1cc(C(=O)O)cc(C(=O)O)c1,BKWHPZHBDAHKRZ-UHFFFAOYSA-N,Other,Various indications,True,1998,413.4110000000002,1.4048400000000003,4,6,137.73,4,2,29,3,0.0,1090.8035078694284,10,1,1,1,1,1,0,106.02200000000005,0,148,0,True
CHEMBL558759,COc1ccc(C[C@H]2C(=O)N[C@@H](C)C(=O)N(C)[C@H]3Cc4ccc(cc4)Oc4cc(ccc4OC)C[C@@H](C(=O)N[C@H](C)C(=O)N[C@@H](C)C(=O)N2C)N(C)C3=O)cc1O,FULXMSLXESMSGU-BRVKVQDUSA-N,Immunology,Immune disorder,True,1998,786.883,1.5517000000000043,4,10,196.15,4,3,57,6,0.0,2022.9915988981131,16,1,3,0,1,3,6,207.76889999999943,0,304,1,True
CHEMBL154192,CC1=NN(CCOc2ccc3c(c2)Nc2ccccc2O3)C(=O)C1,YEAURUZVMZWHDM-UHFFFAOYSA-N,Pain/Inflammation,Pain management,True,2003,323.35200000000015,3.522900000000001,1,5,63.160000000000004,4,2,24,4,0.0,832.0087402925815,6,0,2,0,0,2,0,91.17470000000004,0,122,0,True
CHEMBL583284,COc1ccc(F)cc1S(=O)(=O)Nc1cnc2ccccc2c1,OTPRETHMSRRHTI-UHFFFAOYSA-N,CNS/Neurology,Neurological disorder,True,1993,332.35600000000005,3.183300000000001,1,4,68.29,4,3,23,3,0.0,973.97622103946,7,0,0,1,0,0,0,85.50350000000003,0,118,0,True
CHEMBL4116122,N=C(N)c1ccc(CNC(=O)[C@@H]2CCCN2C(=O)NCc2ccccc2)cc1,MANUMRXRFULKLA-SFHVURJKSA-N,Anti-infective,Infection,True,2013,379.464,1.96107,4,3,111.31,6,2,28,3,0.0,835.6342638254539,7,1,1,0,1,1,1,107.71050000000001,0,146,0,True
CHEMBL588522,CC(C)(C)c1ccc(NC(=O)c2cccc(CN3CCCN(CC4CCCCC4)CC3)c2)cc1,AQOOYYDOMGEFAF-UHFFFAOYSA-N,Other,Various indications,True,1999,461.6940000000004,6.324400000000007,1,3,35.580000000000005,6,2,34,4,0.0,924.8117827444312,4,2,2,0,1,1,0,142.44619999999986,0,184,1,True
CHEMBL589524,Cc1cccc(C)c1-c1cccc(OCCN(C)C)n1,JHBWHUYJOTVNEB-UHFFFAOYSA-N,Pain/Inflammation,Pain management,True,2000,270.376,3.3058400000000026,0,3,25.36,5,2,20,2,0.0,558.7027291484295,3,0,0,1,0,0,0,83.19600000000004,0,106,0,True
CHEMBL590003,CCCCCOC(=O)N1CCN(C(=O)[C@H](CCC(=O)O)NC(=O)c2cc(N3CCC(C(=O)NC)CC3)cc(-c3ccccc3)n2)CC1,HBBKRUIVEKQEGQ-MHZLTWQESA-N,Immunology,Immune disorder,True,1997,650.777,3.1452000000000035,3,8,161.48000000000002,13,2,47,4,0.0,1388.5927524839817,13,2,2,1,2,2,1,175.8266999999995,0,254,1,True
CHEMBL564427,COc1cc(-c2nc3ccc(Br)cn3c2NC2CCCC2)ccc1O,GUTZGHYMLUPIPL-UHFFFAOYSA-N,CNS/Neurology,Neurological disorder,True,1992,402.2920000000002,4.832500000000004,2,5,58.790000000000006,4,3,25,4,0.0,916.418359153962,6,1,1,2,0,0,0,102.42350000000002,0,130,0,True
CHEMBL157232,CCCCCC[C@H](C)OC(=O)CC(=O)CBr,XYVHUTVZCCRZPW-JTQLQIEISA-N,Pain/Inflammation,Pain management,True,2003,293.2009999999999,3.242600000000002,0,3,43.370000000000005,9,0,16,0,0.0,216.30941246780526,4,0,0,0,0,0,1,67.73100000000004,0,94,0,True
CHEMBL573664,COC(=O)c1c(C(=O)OC)c2cc(C)ccn2c1C(=O)c1ccc2c(c1)CCCC2,RLHQYGWIERCVAQ-UHFFFAOYSA-N,CNS/Neurology,Neurological disorder,True,1999,405.4500000000003,3.9307200000000027,0,6,74.08000000000001,4,3,30,4,0.0,1188.0147183047388,6,0,1,2,0,0,0,111.32950000000004,0,154,0,True
CHEMBL577685,CN1CCN(Cn2nc(-c3ccncc3)n(N)c2=S)CC1,MPSGANTVLCGSPB-UHFFFAOYSA-N,Other,Various indications,True,2002,305.4110000000001,0.39478999999999964,1,8,68.14,3,2,21,3,0.0,654.9044536158691,8,1,1,2,1,1,0,83.50240000000004,0,112,0,True
CHEMBL577777,COc1ccc2c(c1)OCCC/C=C\CC[C@@H](C)CN(C[C@@H](O)[C@H](Cc1ccccc1)NC(=O)O[C@H]1CO[C@H]3OCC[C@H]31)S2(=O)=O,ZQTXOGGDJIFYFB-GITDXEGASA-N,Immunology,Immune disorder,True,2004,658.8140000000002,4.2908000000000035,2,9,132.86,8,2,46,5,0.0,1420.9523947240236,12,2,3,0,2,3,6,171.1642999999995,0,252,1,True
CHEMBL259626,COc1ccccc1N1CCN(CCC(=O)NCc2nc3ccccc3c(=O)n2-c2ccccc2)CC1,QPKHVVGQRZCCJZ-UHFFFAOYSA-N,CNS/Neurology,Neurological disorder,True,1998,497.5990000000002,3.222800000000002,1,7,79.70000000000002,8,4,37,5,0.0,1428.6890265394534,8,1,1,1,1,1,0,145.4506999999998,0,190,0,True
CHEMBL570399,Clc1ccc2c(N/N=C/c3ccccc3Br)ccnc2c1,FEIPKKUNQNPRSR-KEBDBYFISA-N,CNS/Neurology,Neurological disorder,True,1994,360.64200000000005,5.096700000000002,1,3,37.28,3,3,21,3,0.0,817.4811919822338,5,0,0,1,0,0,0,92.11170000000001,0,104,1,True
CHEMBL570855,COc1ccccc1-c1cc(-c2ccc(Br)cc2)[nH]c(=N)c1C#N,UUEBSYLPTHXYIP-UHFFFAOYSA-N,CNS/Neurology,Neurological disorder,True,1995,380.245,4.470950000000003,2,3,72.66,3,3,24,3,0.0,984.7291185770839,5,0,0,1,0,0,0,96.48640000000003,0,118,0,True
CHEMBL572203,Nc1ccc(Nc2ccccc2)cc1,ATGUVEKSASEFFO-UHFFFAOYSA-N,Pain/Inflammation,Pain management,True,1995,184.24200000000002,3.0124000000000013,2,2,38.05,2,2,14,2,0.0,392.42672290326925,2,0,0,0,0,0,0,60.579100000000025,0,70,0,True
CHEMBL579584,CCC(C)(CC)C(=O)n1ncc2c3c(N)nc(N)nc3ccc21,POASCSYGWGHSKP-UHFFFAOYSA-N,Pain/Inflammation,Pain management,True,1991,312.377,2.6104000000000003,2,7,112.71,3,3,23,3,0.0,909.7107402680875,7,0,0,2,0,0,0,90.96930000000003,0,120,0,True
CHEMBL559228,O=C(Nc1cccc(OCCCN2CCOCC2)c1)Nc1cccc(C(F)(F)F)c1,AXUWIQCNRVQDRS-UHFFFAOYSA-N,Other,Various indications,True,1994,423.43499999999995,4.4505000000000035,2,4,62.83,7,2,30,3,0.0,839.48656728681,9,1,1,0,1,1,0,107.89840000000004,0,162,0,True
CHEMBL557380,CCCN(CCC)[C@@H]1CCc2c(OC)cccc2[C@@H]1C.Cl,ADVQBNGWEGSMGY-SQQLFYIASA-N,Pain/Inflammation,Pain management,True,1999,311.897,4.6573000000000055,0,2,12.47,6,1,21,2,0.0,429.22654476964095,3,0,1,0,0,0,2,92.92100000000006,0,120,0,True
CHEMBL157446,CCCN1Sc2ccccc2[S+]1[O-],DPEHBAVAXRKEGX-UHFFFAOYSA-N,Pain/Inflammation,Pain management,True,2008,213.32699999999997,2.4419000000000004,0,3,26.299999999999997,2,1,13,2,0.0,305.4211052507959,4,0,1,0,0,1,1,55.704400000000035,0,70,0,True
CHEMBL1619760,CC(C)(C)C(=O)Cn1c[n+](N)cn1,ZRCDJBULSSJIKK-UHFFFAOYSA-N,Anti-infective,Infection,True,1995,183.23499999999999,-0.5003999999999993,1,4,64.78999999999999,2,1,13,1,0.0,310.1890826578088,5,0,0,1,0,0,0,47.034400000000026,0,72,0,True
CHEMBL1620719,CCCCNc1c(-c2ccc(SC(C)CC)cc2)nc2ccccn12,HJVVKXSDFNVOSO-UHFFFAOYSA-N,CNS/Neurology,Neurological disorder,True,1993,353.535,6.103900000000006,1,4,29.330000000000002,8,3,25,3,0.0,807.6241555393827,4,0,0,2,0,0,1,109.63570000000004,0,132,1,True
CHEMBL159389,COC(=O)C(O)C(CC(C)C)NC(=O)C(Cc1c[nH]cn1)NC(=O)C(CC(=O)N1CCOCC1)Cc1cccc2ccccc12,HZGNFWNTVQBRHK-UHFFFAOYSA-N,Immunology,Immune disorder,True,2003,621.7350000000004,1.7628000000000026,4,8,162.95,14,3,45,4,0.0,1432.9829856319534,12,1,1,1,1,1,4,166.78889999999961,0,242,1,True
CHEMBL595085,COc1ccc(-c2nnc(-c3ccc([125I])cc3)o2)cc1,PDYUNYPXHQJKKO-RFLHHMENSA-N,CNS/Neurology,Neurological disorder,True,2012,376.16963020000003,4.016800000000003,0,4,48.150000000000006,3,3,20,3,0.0,705.4982656165051,5,0,0,1,0,0,0,84.43900000000001,0,100,0,True
CHEMBL554578,Cc1cccc(C)c1OCC(=O)N[C@@H](Cc1ccccc1)[C@H](OC(=O)CCC(=O)NCCN(C)C)C(=O)N1CSC(C)(C)[C@H]1C(=O)NC(C)(C)C.Cl,YNJLMHOBPGYHPQ-VRFRBENJSA-N,Immunology,Immune disorder,True,2009,762.4140000000001,3.7961400000000034,3,9,146.38,16,2,52,3,0.0,1513.1173702135088,14,1,1,0,1,1,3,206.48009999999937,0,288,1,True
CHEMBL555219,Cl.OCCN1CCN(CCCN2c3ccccc3Sc3cscc32)CC1,AFCXADCYKWBJRA-UHFFFAOYSA-N,Other,Various indications,True,1994,412.02400000000017,3.7726000000000033,1,6,29.950000000000003,6,2,26,4,0.0,703.5976093311585,7,1,2,1,1,2,0,113.72080000000005,0,142,0,True
CHEMBL555454,O=C(Nc1ccc(F)c(C(F)(F)F)c1)c1ccccn1,OBQCRMSWBKGCBP-UHFFFAOYSA-N,Pain/Inflammation,Pain management,True,2016,284.212,3.4918000000000013,1,2,41.99,2,2,20,2,0.0,626.0134370096607,7,0,0,1,0,0,0,63.59220000000002,0,104,0,True
CHEMBL1076131,CC[C@H](C)[C@H](NC(=O)c1ccc(-c2ccccc2)cc1)C(=O)N[C@@H](C(=O)N[C@@H](CCC(N)=O)C(=O)Nc1cccc(Br)n1)C(C)C,OVSNSIGGJWBQAX-ZCUKIOCLSA-N,CNS/Neurology,Neurological disorder,True,2018,693.6430000000003,4.185400000000002,5,6,172.38,15,3,46,3,0.0,1515.9233070790171,12,0,0,1,0,0,4,180.28169999999963,0,244,1,True
CHEMBL580660,Clc1ccccc1CNc1noc(-c2sccc2Br)n1,PRXVKNGAZHJAPY-UHFFFAOYSA-N,CNS/Neurology,Neurological disorder,True,2020,370.659,4.826100000000001,1,5,50.95,4,3,20,3,0.0,727.7419004784912,7,0,0,2,0,0,0,84.08970000000001,0,102,0,True
CHEMBL582894,CNC[C@@H](O)[C@H](c1cccc(OC)c1)n1ccc2ccccc21,FQEQHKRYLKAFDD-MOPGFXCFSA-N,Pain/Inflammation,Pain management,True,1992,310.397,2.819600000000001,2,4,46.419999999999995,6,3,23,3,0.0,781.6454777916953,4,0,0,1,0,0,2,93.00450000000005,0,120,0,True
CHEMBL591773,CC1(C)C=Cc2c(ccc3c2OC[C@H]2c4ccc(O)cc4O[C@@H]32)O1,QGPHRCQDTPCIQI-KXBFYZLASA-N,Pain/Inflammation,Pain management,True,1992,322.36,4.186100000000002,1,4,47.92,0,2,24,5,0.0,881.4478540031743,4,0,3,0,0,3,2,89.89480000000005,0,122,0,True
CHEMBL572530,O=c1c(-c2cc(F)c(F)c(F)c2)coc2cc(O)ccc12,KXNYZTBSABEQJP-UHFFFAOYSA-N,CNS/Neurology,Neurological disorder,True,2008,292.212,3.5829000000000004,1,3,50.44,1,3,21,3,0.0,892.6662849554008,6,0,0,1,0,0,0,69.45880000000001,0,106,0,True
CHEMBL573078,CCCCS(=O)(=O)N1[C@H]2CC[C@@H]1[C@H](C(=O)Nc1ccc(OC(C)C)cc1)CC2,DVRXEBSQTHPYMD-MISYRCLQSA-N,Other,Various indications,True,1994,408.5640000000002,3.7852000000000032,1,4,75.71000000000001,8,1,28,3,0.0,776.1002506691267,7,2,2,0,2,2,3,110.90350000000007,0,156,0,True
CHEMBL573461,COc1cccc2c1CCCC2CCCN1CCN(C(=O)C2CCCCC2)CC1,XEPILBQRDLHXAR-UHFFFAOYSA-N,Pain/Inflammation,Pain management,True,1999,398.59100000000024,4.619800000000004,0,3,32.78,6,1,29,4,0.0,675.4009696831345,4,2,3,0,1,1,1,117.50200000000008,0,160,0,True
CHEMBL154360,CN(C)c1ccccc1C[S+]([O-])c1nccn1Cc1ccccn1,RRRUZGZEXUTDNJ-UHFFFAOYSA-N,Pain/Inflammation,Pain management,True,2004,340.45200000000006,2.7002000000000006,0,5,57.01,6,3,24,3,0.0,788.47756224584,6,0,0,2,0,0,1,96.44740000000003,0,124,0,True
CHEMBL538385,N#CC1(c2ccccc2)CCN(C[C@@H](O)COc2ccc(Cl)cc2)CC1,FUFZKRJXJWHOHC-LJQANCHMSA-N,Pain/Inflammation,Pain management,True,2013,370.88,3.6370800000000028,1,4,56.49000000000001,6,2,26,3,0.0,734.8564361917156,5,1,1,0,1,1,1,102.36080000000004,0,136,0,True
CHEMBL538901,CC(C)=CCC/C(C)=C/CC/C(C)=C/CSc1ccc(N)cc1C(=O)O,FKEMAUMWEMJROF-IJUJUXHTSA-N,Pain/Inflammation,Pain management,True,2000,373.56200000000007,6.478300000000006,2,3,63.32000000000001,10,1,26,1,0.0,698.0938405971661,4,0,0,0,0,0,0,113.95070000000007,0,142,1,True
CHEMBL553896,Cl.N=C(Nc1ccccc1I)NC12CC3CC(CC(C3)C1)C2,GENLXORCJWOREW-UHFFFAOYSA-N,Other,Various indications,True,1999,431.7490000000003,4.618070000000003,3,1,47.910000000000004,2,1,22,5,0.0,539.4931947353317,5,4,4,0,0,0,0,101.79510000000005,0,120,0,True
CHEMBL526882,CCC(=O)c1cc(C)ccc1Oc1ccnc2cc(OC)c(OC)cc12,YHKFXBORWYMXRL-UHFFFAOYSA-N,CNS/Neurology,Neurological disorder,True,2020,351.4020000000001,4.945420000000005,0,5,57.650000000000006,6,3,26,3,0.0,965.6274598617825,5,0,0,1,0,0,0,100.72150000000005,0,134,0,True
CHEMBL592393,COc1cc(OC)cc(-c2cc3occ(C)c3c(=S)o2)c1,GLDGJWDMIBQPRB-UHFFFAOYSA-N,CNS/Neurology,Neurological disorder,True,2003,302.351,4.747910000000004,0,5,44.74,3,3,21,3,0.0,838.0797469403792,5,0,0,2,0,0,0,82.59100000000002,0,108,0,True
CHEMBL592411,N=C(N)c1cc2cc(-c3cccc(OCc4cccc(F)c4)c3)ccc2s1,KIRYGGISEMCYKS-UHFFFAOYSA-N,CNS/Neurology,Neurological disorder,True,1998,376.456,5.570470000000003,2,3,59.10000000000001,5,4,27,4,0.0,1136.0830255353928,5,0,0,1,0,0,0,109.00910000000003,0,134,1,True
CHEMBL4116094,CCN1/C(=C/C2=C(NC)/C(=C/c3sc4ccccc4[n+]3CC)C2=O)Sc2ccccc21,ZINBGOAVOUKUBV-UHFFFAOYSA-O,CNS/Neurology,Neurological disorder,True,2002,446.6210000000002,5.121900000000005,1,5,36.22,5,3,31,5,0.0,1299.0943342992068,6,0,2,1,0,1,0,130.16570000000002,0,156,1,True
CHEMBL1076419,CS(=O)(=O)Nc1ccc2c(c1)S(=O)(=O)N=C(C1=C(O)[C@@H]3[C@H]4CC[C@H](C4)[C@@H]3N(Cc3cc(F)ccc3F)C1=O)N2,FHVHFBIAKSCACU-UICDGQQBSA-N,Immunology,Immune disorder,True,2014,578.6190000000004,3.1182000000000016,3,7,145.24,5,2,39,6,0.0,1706.632307523408,14,2,4,0,0,2,4,137.82379999999995,0,206,1,True
CHEMBL583154,NC(Cc1ccccc1)C(=O)N1CCC(Nc2nsc3ccccc23)C1.O=C(O)C(F)(F)F,XSFCQCRDZOZAHB-UHFFFAOYSA-N,CNS/Neurology,Neurological disorder,True,1998,480.5120000000001,3.5124000000000013,3,6,108.55,5,3,33,4,0.0,1091.18450292217,11,1,1,1,1,1,2,120.03990000000005,0,176,0,True
CHEMBL583519,Cc1cc(O)cc(-c2ccc(-c3ccc(O)cc3)s2)c1,NWLAWEHHCISQCM-UHFFFAOYSA-N,CNS/Neurology,Neurological disorder,True,2021,282.364,4.801720000000004,2,3,40.46,2,3,20,3,0.0,721.6865004817263,3,0,0,1,0,0,0,83.25760000000002,0,100,0,True
CHEMBL4116101,O=c1[nH]ccc2c([N+]3=NN(CCCl)CC3)cccc12,XWRPJKPJIZLLOA-UHFFFAOYSA-O,Pain/Inflammation,Pain management,True,1998,277.73499999999996,2.0937,1,3,51.47,3,2,19,3,0.0,694.3478496724778,6,0,1,1,0,1,0,74.07710000000003,0,98,0,True
CHEMBL579790,CCCC(C)n1ccc2c3c(N)nc(N)nc3ccc21,WDVKKTICTPYCKR-UHFFFAOYSA-N,CNS/Neurology,Neurological disorder,True,1997,269.352,3.1100000000000003,2,5,82.75,3,3,20,3,0.0,774.6206217203248,5,0,0,2,0,0,1,83.47780000000003,0,104,0,True
CHEMBL554397,CC(C)N(CCOc1ccccc1/N=C(/Nc1ccccc1)c1ccccc1)C(C)C.Cl,OUHXLOUDQGFPJX-UHFFFAOYSA-N,CNS/Neurology,Neurological disorder,True,2007,452.0420000000001,6.796400000000006,1,3,36.86,9,3,32,3,0.0,950.9050731756171,5,0,0,0,0,0,0,138.86669999999992,0,170,1,True
CHEMBL154658,O=C(Nc1cccc(I)c1)Nc1cc(Cl)ccc1C(=O)O,HDVLBTNZJJUZTI-UHFFFAOYSA-N,Other,Various indications,True,2003,416.60200000000015,4.286800000000001,3,2,78.43,3,2,21,2,0.0,706.3685173746051,7,0,0,0,0,0,0,90.21170000000004,0,108,0,True
CHEMBL539714,CC(C)OC(=O)CC1C(C(=O)OC(C)C)=C(N)Oc2ccc(-c3ccccc3)cc21,MMJDKOIXEGPBMY-UHFFFAOYSA-N,Other,Various indications,True,2012,409.48200000000014,4.293200000000003,1,6,87.85000000000001,6,2,30,3,0.0,962.8165109658817,6,0,1,0,0,1,1,113.53340000000001,0,158,0,True
CHEMBL540183,Cl.Nc1nc(CCCNS(=O)(=O)c2cccc(C(=O)O)c2)c[nH]1,ZBOCYNZWVUZLPI-UHFFFAOYSA-N,Anti-infective,Infection,True,2017,360.8230000000001,1.0230000000000001,4,5,138.17,7,2,23,2,0.0,775.7866377718544,10,0,0,1,0,0,0,87.15890000000002,0,126,0,True
CHEMBL540396,Cc1cn2cc(CNC(=O)[C@H](Cc3ccc(O)cc3)NC(=O)Nc3ccc(C(=O)OC4CCCCC4)s3)[n+](Cc3ccc4ccccc4c3)c2s1.[I-],UEQNXYHNQAZVTO-WAQYZQTGSA-N,CNS/Neurology,Neurological disorder,True,1996,849.8170000000001,4.108020000000003,4,8,125.05,11,6,52,7,0.0,2188.256358646124,13,1,1,3,0,0,1,199.4633999999996,0,270,1,True
CHEMBL557422,Cn1ccc2c3nc4cc(Br)ccc4c4c3c(c(=O)c-2c1)[N+](C)(C)CC4=O.[Cl-],YWXZSQALRCVSLY-UHFFFAOYSA-M,Other,Various indications,True,2019,458.7430000000003,0.7212000000000003,0,4,51.96,0,2,28,5,0.0,1343.4369144533505,7,0,3,1,0,2,0,111.65150000000006,0,142,0,True
CHEMBL570872,CCN1C2CCC1CC(c1ccnc3c(-c4ccc(C#N)c(O)c4)c(-c4ccncc4)nn13)C2,GKXHNUKICSBSSP-UHFFFAOYSA-N,CNS/Neurology,Neurological disorder,True,2010,450.54600000000016,4.7658800000000054,1,7,90.34,4,4,34,6,0.0,1392.1604069986722,7,2,2,3,2,2,2,129.19879999999998,0,170,0,True
CHEMBL570602,O=C(Nc1cc(F)cc(F)c1)[C@H]1CCCC[C@H]1C(=O)O,JTXMZKFFDFDQKF-NWDGAFQWSA-N,Pain/Inflammation,Pain management,True,2009,283.27399999999994,2.7943000000000007,2,2,66.4,3,1,20,2,0.0,512.9003429116069,6,1,1,0,0,0,2,68.07150000000003,0,108,0,True
CHEMBL573234,COc1cccc2c1CCCC2CCC(=O)N1CCN(C2CCCCC2)CC1,HFJOSVHIASIIRD-UHFFFAOYSA-N,Pain/Inflammation,Pain management,True,2005,384.56400000000025,4.372200000000004,0,3,32.78,5,1,28,4,0.0,660.5690364312754,4,2,3,0,1,1,1,112.93300000000008,0,154,0,True
CHEMBL581928,CC(C)NCC(O)COc1ccc(Cc2ccc(OCC(O)CNC(C)C)cc2)cc1,MNVJIHMQUQYNOM-UHFFFAOYSA-N,Other,Various indications,True,2007,430.58900000000017,2.7527999999999997,4,6,82.98,14,2,31,2,0.0,668.6921405263834,6,0,0,0,0,0,2,124.97100000000005,0,172,0,True
CHEMBL592870,COc1ccc(/C=C/Cc2ccccc2OC(C)=O)cc1OC,GIPPHAQOXZVEJZ-VOTSOKGWSA-N,Pain/Inflammation,Pain management,True,2016,312.36500000000007,3.8850000000000025,0,4,44.760000000000005,6,2,23,2,0.0,704.265842587605,4,0,0,0,0,0,0,90.03500000000005,0,120,0,True
CHEMBL592623,O=C(NCc1ccccc1)[C@@H]1O[C@H]2CN(Cc3ccccc3)C(=O)[C@@H]1O2,FBHDKOZUHLXHLT-KZNAEPCWSA-N,Anti-infective,Infection,True,2016,352.39000000000004,1.4552999999999994,1,4,67.87,5,2,26,4,0.0,780.912895079269,6,2,2,0,2,2,3,93.68170000000005,0,134,0,True
CHEMBL593625,Cc1cc(NC(=O)C(C)(C(F)(F)F)C(F)(F)F)cc(S(=O)(=O)N2CCOCC2)c1C,GOJRXPJKDWGTKN-UHFFFAOYSA-N,Other,Various indications,True,2018,462.41200000000026,3.393740000000002,1,4,75.71000000000001,4,1,30,2,0.0,907.4016798954234,13,1,1,0,1,1,0,94.34050000000003,0,170,0,True
CHEMBL1207983,CO[C@H]1O[C@H](CCS(=O)(=O)O)[C@@H](O)[C@H](O)[C@@H]1O,PHCQZDKMGAYCIF-HEIBUPTGSA-N,Cardiovascular,Heart disease,True,2012,272.27500000000003,-2.2816999999999976,4,7,133.52,4,0,17,1,0.0,339.4343415062789,9,1,1,0,1,1,5,54.723000000000035,0,102,0,True
CHEMBL526134,COc1ccc(-n2nc3c(NC(=O)c4ccncc4)nc4ccccc4n3c2=O)cc1,OTBVDTOGBXZBSN-UHFFFAOYSA-N,Other,Various indications,True,1992,412.40900000000016,2.6893000000000002,1,8,103.41,4,5,31,5,0.0,1472.9914280264027,9,0,0,3,0,0,0,114.83220000000001,0,152,0,True
CHEMBL526313,COc1ccc(N(C)c2nc(C)nc3scc(C)c23)cc1,CGJODQVPKIBUIQ-UHFFFAOYSA-N,CNS/Neurology,Neurological disorder,True,2021,299.39900000000006,4.084640000000003,0,5,38.25,3,3,21,3,0.0,780.0664671528367,5,0,0,2,0,0,0,87.94600000000003,0,108,0,True
CHEMBL541435,COCC1[C@@H]2CC[C@H]1CN(CCN1CCN(c3cccc(Cl)c3)C1=O)C2,JATQVZAOCJUHTI-MCPYQZEQSA-N,Pain/Inflammation,Pain management,True,2014,377.9160000000001,3.1864000000000017,0,3,36.02,6,1,26,4,0.0,641.698393962451,6,3,3,0,2,2,3,103.78700000000006,0,142,0,True
CHEMBL552652,Cl.O=c1n(CCCN2CCN(c3cc(-c4ccccc4)c4ccccc4n3)CC2)nc2ccccn12,RFOBHYFJMODJIV-UHFFFAOYSA-N,CNS/Neurology,Neurological disorder,True,2015,501.0340000000002,4.3453000000000035,0,7,58.67,6,5,36,6,0.0,1521.9614305119185,8,1,1,3,1,1,0,147.14899999999975,0,184,1,True
CHEMBL1208485,Nc1c(S(=O)(=O)O)cc(Nc2ccc(F)cc2)c2c1C(=O)c1ccccc1C2=O,HCTWKQCCDOTHIE-UHFFFAOYSA-N,CNS/Neurology,Neurological disorder,True,2023,412.3980000000002,3.173600000000002,3,6,126.56,3,3,29,4,0.0,1301.1920127653502,9,0,1,0,0,0,0,103.65870000000001,0,146,0,True
CHEMBL583126,O=C1CSC([C@H](O)[C@H](O)[C@@H](O)[C@@H](O)CO)N1c1ccc(S(=O)(=O)Nc2ccccn2)cc1,VMOVEXFBNSNHME-GTMGAUHXSA-N,Cardiovascular,Heart disease,True,1994,485.54000000000013,-1.2757999999999998,6,10,180.51999999999998,9,2,32,3,0.0,1022.6281377868971,13,1,1,1,1,1,5,116.3325,0,174,1,True
CHEMBL583305,Clc1cccc(Nc2nc(-c3ccncc3)cs2)c1,SOPMCVVZQSETBN-UHFFFAOYSA-N,CNS/Neurology,Neurological disorder,True,1994,287.775,4.602100000000002,1,4,37.81,3,3,19,3,0.0,681.922775206657,5,0,0,2,0,0,0,80.07970000000002,0,94,0,True
CHEMBL4116123,CCc1ccccc1NCCN1CCCCCC1,SHFGVTLUJDZISY-UHFFFAOYSA-N,Pain/Inflammation,Pain management,True,2007,246.39799999999988,3.536900000000002,1,2,15.27,5,1,18,2,0.0,340.7051264298247,2,1,1,0,1,1,0,79.21770000000005,0,100,0,True
CHEMBL579595,Cc1ccc(C(C)C)cc1CON1C(=N)N=C(N)NC1(C)C.Cl,JMENVXJKPWHWKW-UHFFFAOYSA-N,Pain/Inflammation,Pain management,True,2016,339.87100000000004,2.8625900000000004,3,4,86.73,4,1,23,2,0.0,612.4882001931574,7,0,1,0,0,1,0,95.70780000000003,0,128,0,True
CHEMBL558162,COc1ccc2sc3c(c2c1)NC[C@@H](CN1CCOCC1)NC3=O,WYNKVGUYVKMILG-NSHDSACASA-N,Anti-infective,Infection,True,2016,347.44000000000017,1.7659999999999998,2,6,62.830000000000005,3,2,24,4,0.0,754.8638785353427,7,1,2,1,1,2,1,95.37990000000005,0,128,0,True
CHEMBL563918,CCOCCN1CCc2c(C)c(NS(C)(=O)=O)c(C)c(NC(=O)C(C)(C)C)c21,KNEHLMHPIRXMHL-UHFFFAOYSA-N,Other,Various indications,True,2020,411.56800000000027,3.0585400000000016,2,5,87.74000000000001,7,1,28,2,0.0,857.427379232262,8,0,1,0,0,1,0,114.87720000000006,0,158,0,True
CHEMBL360291,CCCC(NC(=O)[C@@H]1C2CCCC2CN1C(=O)[C@@H](NC(=O)[C@@H](NC(=O)CCCCc1nnn[nH]1)C(C)C)C(C)C)C(=O)C(=O)N[C@@H](C)c1ccccc1,WRKKDKVSSULHSU-VMJLQIJZSA-N,Immunology,Immune disorder,True,2001,735.931,2.552600000000006,5,9,208.24,19,2,53,4,0.0,1550.131910991842,15,2,2,1,1,1,7,196.4474999999994,0,290,1,True
CHEMBL539151,COc1ccc(Nc2nc(N)c(C(=O)c3ccc(Br)cc3)s2)cc1,KUZFXGGVFBBRGF-UHFFFAOYSA-N,CNS/Neurology,Neurological disorder,True,2018,404.289,4.471000000000002,2,6,77.24000000000001,5,3,24,3,0.0,860.5470975105139,7,0,0,1,0,0,0,100.3776,0,122,0,True
CHEMBL536726,COc1ccc(/C=C\c2cc(OC)c(OC)c(OC)c2)cc1OCCn1cccc1.Cl,ZBGWEBJAOFIORT-CFYXSCKTSA-N,CNS/Neurology,Neurological disorder,True,2004,445.94300000000015,5.193700000000006,0,6,51.080000000000005,10,3,31,3,0.0,960.6347781032621,7,0,0,1,0,0,0,125.19500000000004,0,166,1,True
CHEMBL535264,COc1ccc(-c2ccc(NC(=O)c3ccc(C#N)cc3)cc2)cc1CN1CCCC1,VDXTYYRBWQXILY-UHFFFAOYSA-N,CNS/Neurology,Neurological disorder,True,1990,411.5050000000002,5.081980000000005,1,4,65.36,6,3,31,4,0.0,1092.991150843543,5,1,1,0,1,1,0,122.05120000000004,0,156,1,True
CHEMBL538188,C[C@@H]1C/C=C/CC/C=C/[C@H](O)Cc2cc(O)cc(O)c2C(=O)O1,DRIZFYXNZQASTN-XUOOWUFRSA-N,Pain/Inflammation,Pain management,True,2022,318.3690000000001,2.8428000000000018,3,5,86.99,0,1,23,2,0.0,618.0831143604938,5,0,1,0,0,1,2,86.49090000000002,0,124,0,True
CHEMBL552993,C=C[C@@H]1C[C@]1(NC(=O)[C@@H]1C[C@@H]2CN1C(=O)[C@H](C(C)C)N[C@H](C(F)(F)F)CCCCCCc1cccc3c1CN(C3)C(=O)O2)C(=O)NS(=O)(=O)C1CC1,NTGLPLGRYULJMB-MPOJOYOMSA-N,Other,Various indications,True,2009,751.869,3.8293000000000017,3,8,154.22,7,1,52,6,0.0,1700.5716593177565,16,3,5,0,1,3,8,183.73189999999948,0,286,1,True
CHEMBL578346,O=C(c1ccc2ccccc2c1)N(C1CCC1)C1CCNCC1,AZTPZTRJVCAAMX-UHFFFAOYSA-N,Pain/Inflammation,Pain management,True,2003,308.42500000000007,3.586500000000002,1,2,32.34,3,2,23,4,0.0,701.6088205620706,3,2,2,0,1,1,0,93.64820000000005,0,120,0,True
CHEMBL591703,O=C1NC(=O)/C(=C\c2ccc(Cl)c(Cl)c2)S1,DKZRDZSTKOFPLQ-XBXARRHUSA-N,Pain/Inflammation,Pain management,True,2023,274.128,3.3173000000000004,1,3,46.17,1,1,16,2,0.0,513.5405353980361,6,1,1,0,1,1,0,65.5687,0,82,0,True
CHEMBL593201,Cc1c(CC(=O)N2CCc3cccc4c3C2CNC4=O)sc2ccccc12,APLPMDTYLNNONS-UHFFFAOYSA-N,CNS/Neurology,Neurological disorder,True,2002,376.4810000000001,3.6216200000000027,1,3,49.410000000000004,2,3,27,5,0.0,1085.1063470439183,5,0,2,1,0,2,1,107.19920000000002,0,136,0,True
CHEMBL592975,N=C(N)NCCC[C@H](NC(=O)CN(c1ncnc2c1ncn2C1CCCCO1)C1CC1)C(=O)OCc1ccccc1,TWZOVBGZHBHICO-BBQAJUCSSA-N,Immunology,Immune disorder,True,2016,563.6630000000005,1.98567,4,10,173.36999999999998,13,3,41,5,0.0,1338.8410249828576,13,2,2,2,1,1,2,151.8504999999997,0,218,1,True
CHEMBL592978,Cl.Fc1ccc(Sc2ccc3nnc(-c4ccc(F)cc4F)n3c2)c(F)c1,GLCCWLGLKDXCJY-UHFFFAOYSA-N,CNS/Neurology,Neurological disorder,True,1990,411.81100000000004,5.525700000000003,0,4,30.19,3,4,27,4,0.0,1132.9981271812032,9,0,0,2,0,0,0,96.06800000000001,0,138,1,True
CHEMBL154687,CC(=O)NC(C(=O)NCc1ccccc1)C(C)C,FHPYYONXWDZUGV-UHFFFAOYSA-N,Anti-infective,Infection,True,2012,248.326,1.4634999999999994,2,2,58.2,5,1,18,1,0.0,401.5148354140042,4,0,0,0,0,0,1,70.73140000000004,0,98,0,True
CHEMBL574027,CC[C@H](N)C(=O)N[C@@H]1C(=O)N2[C@@H](CC[C@@H]1CCN)CC[C@H]2C(=O)NC(c1ccccc1)c1ccccc1,KQHWCFZCUNTTCW-VEGWMBEDSA-N,Immunology,Immune disorder,True,1990,505.6630000000002,2.232700000000003,4,5,130.54999999999998,9,2,37,4,0.0,1024.226496441945,8,2,2,0,2,2,5,143.11819999999983,0,198,1,True
CHEMBL576264,O=C1Nc2ccc(N3CCCC3=O)cc2C(CNC(=O)c2ccc(F)cc2)(C(F)(F)F)O1,YVGGYHZIJCVOIE-UHFFFAOYSA-N,Other,Various indications,True,1998,451.37600000000003,3.702200000000002,2,4,87.74000000000001,4,2,32,4,0.0,1087.4426111933042,11,1,2,0,1,2,1,104.59890000000001,0,168,0,True
CHEMBL572999,Cc1cccc(Nc2nc(-c3ccncc3)c(C(N)=O)s2)c1,UAKBVWBWKNQSBL-UHFFFAOYSA-N,CNS/Neurology,Neurological disorder,True,2017,310.38200000000006,3.356020000000001,2,5,80.9,4,3,22,3,0.0,814.0229456393735,6,0,0,2,0,0,0,88.32460000000002,0,110,0,True
CHEMBL554494,CCOC(=O)c1onc(-c2cn(-c3ccccc3)nc2-c2ccc(Cl)cc2)c1C(=O)OCC,DXNJRNYANMUFIG-UHFFFAOYSA-N,CNS/Neurology,Neurological disorder,True,2021,465.8930000000003,5.201100000000004,0,8,96.45,7,4,33,4,0.0,1279.4393219714912,9,0,0,2,0,0,0,121.42000000000002,0,168,1,True
CHEMBL552187,O=C(Nc1cccc(Br)c1)c1ccc(N2C(=O)[C@@H]3[C@H](C2=O)[C@@H]2C=C[C@H]3C2)cc1,UMDVPCGDZKFDPK-SLDRDFCHSA-N,Other,Various indications,True,1992,437.2930000000002,4.012900000000003,1,3,66.48,3,2,28,5,0.0,1000.332315247754,6,2,3,0,1,1,4,108.74720000000002,0,140,0,True
CHEMBL260023,COc1ccc(N2CCN(CCC(=O)NCc3nc4ccccc4c(=O)n3-c3ccccc3)CC2)cc1,DYEKEPVWORAHNG-UHFFFAOYSA-N,CNS/Neurology,Neurological disorder,True,2002,497.5990000000002,3.222800000000001,1,7,79.70000000000002,8,4,37,5,0.0,1411.4390265394532,8,1,1,1,1,1,0,145.45069999999978,0,190,0,True
CHEMBL531267,O=C(Nc1ccc(-c2nc3ccccc3[nH]2)cc1)c1ccc([N+](=O)[O-])s1,MRMSCLWRFKJFCZ-UHFFFAOYSA-N,CNS/Neurology,Neurological disorder,True,2002,364.3860000000001,4.451900000000001,2,5,100.92,4,4,26,4,0.0,1081.8910987506258,8,0,0,2,0,0,0,100.45630000000003,0,128,0,True
CHEMBL532920,Cc1cccc2nc(-c3ccc(-c4ccc(CN5CCC(N)C5)cc4)s3)[nH]c12,QFJSOSYOSVUPQX-UHFFFAOYSA-N,CNS/Neurology,Neurological disorder,True,1994,388.54000000000013,4.799820000000004,2,4,57.940000000000005,4,4,28,5,0.0,1109.3023289332205,5,1,1,2,1,1,1,117.44910000000003,0,142,0,True
CHEMBL1208314,CCC(CC)(c1ccccc1)c1ccc(/C=C/[C@@H](O)C[C@@H](O)CC(=O)O)c(C(C)C)c1,KXGCCVVMZLNEPZ-ZUYUJVNMSA-N,Other,Various indications,True,2016,424.58100000000024,5.515900000000005,3,3,77.76,11,2,31,2,0.0,866.0601014536833,4,0,0,0,0,0,2,126.25240000000008,0,168,1,True
CHEMBL593933,C/C=C1\[C@H]2C=C(C)C[C@]1(/N=C/c1ccc(OC)cc1OC)c1ccc(=O)[nH]c1C2,QWYGFYWIRGDLOI-TWDZHTALSA-N,Pain/Inflammation,Pain management,True,2007,390.4830000000002,4.175100000000003,1,4,63.68,4,2,29,4,0.0,1093.5448871025542,5,0,2,1,0,0,2,115.20570000000006,0,150,0,True
CHEMBL154314,CCCN(CCC)[C@@H]1CCc2c(OC)cccc2[C@H]1C,BTOJYCTUJJHANF-RHSMWYFYSA-N,Pain/Inflammation,Pain management,True,2004,275.436,4.235500000000004,0,2,12.47,6,1,20,2,0.0,423.42644078903425,2,0,1,0,0,0,2,85.67300000000007,0,112,0,True
CHEMBL581501,Cc1cc(N2CCCC2)nc(Nc2ccc(NC(=O)CC(C)C)cc2)n1,NPUPEXCWJPVHMU-UHFFFAOYSA-N,Pain/Inflammation,Pain management,True,1998,353.47000000000014,4.113420000000002,2,5,70.15,6,2,26,3,0.0,751.2968996978854,6,1,1,1,1,1,0,106.02540000000005,0,138,0,True
CHEMBL582221,O=C(Nc1cccc(-c2nc3ccccc3[nH]2)c1)c1ccc(-c2cccc([N+](=O)[O-])c2)o1,WFFOKMJIJCTCBD-UHFFFAOYSA-N,CNS/Neurology,Neurological disorder,True,2010,424.41600000000017,5.650400000000003,2,5,114.06,5,5,32,5,0.0,1434.6957830637034,8,0,0,2,0,0,0,120.2813,0,156,1,True
CHEMBL584990,CC1=CCC[C@H]2[C@](C)(Cc3cc(O)cc(Sc4cccc(C(=O)O)c4)c3O)[C@@H](C)CC[C@]12C,ZHNWIBRFILHVBA-JWNPUDRZSA-N,Other,Various indications,True,2002,466.6430000000003,7.288500000000007,3,4,77.76,5,2,33,4,0.0,1107.0713813867053,5,1,2,0,0,0,4,132.09290000000004,0,176,1,True
CHEMBL526346,O=C(NCCCC[C@H](NC(=O)c1ccc(Br)cc1)C(=O)NO)OCc1ccccc1,ZOARFGHSZGZXEA-SFHVURJKSA-N,Other,Various indications,True,2018,478.34300000000013,3.1496000000000013,4,5,116.76000000000002,10,2,30,2,0.0,830.2952959028531,9,0,0,0,0,0,1,113.8061,0,160,0,True
CHEMBL526362,Cl.O=[N+]([O-])c1ccc(Oc2ccc3c(c2)[C@@]24CCCC[C@@]2(O)[C@@H](C3)N(CC2CCC2)CC4)cc1,FVRPJACGQRLSAJ-QGNMAPLWSA-N,Other,Various indications,True,2001,485.02400000000046,5.782300000000006,1,5,75.84,5,2,34,6,0.0,1072.7998102865813,7,3,4,0,1,1,3,132.9792,0,182,1,True
CHEMBL540195,CN1CCN2CC(c3ccc(O)cc3)c3ccccc3C2C1,KNYDPQMSVNKMHO-UHFFFAOYSA-N,Pain/Inflammation,Pain management,True,1997,294.3980000000001,2.826200000000001,1,3,26.71,1,2,22,4,0.0,667.3903303873963,3,1,2,0,1,2,2,88.20280000000005,0,114,0,True
CHEMBL540647,Cl.[O-][n+]1nc(CCCO)[n+]([O-])c2ccccc21,AFMOHKQVQAGPOS-UHFFFAOYSA-N,Anti-infective,Infection,True,2005,257.677,-0.1517000000000004,1,4,87.0,3,2,17,2,0.0,521.367436589396,7,0,0,1,0,0,0,62.317800000000034,0,92,0,True
CHEMBL540427,COc1nc(NC(=O)c2ccccn2)ccc1Cl,UYSNCZHSYFZFQK-UHFFFAOYSA-N,Pain/Inflammation,Pain management,True,2004,263.684,2.3909000000000002,1,4,64.11,3,2,18,2,0.0,560.5039105141742,6,0,0,2,0,0,0,67.98920000000003,0,92,0,True
CHEMBL557954,C[C@@H](NC(=O)N(CC1CC1)NC(=O)[C@@H]1[C@@H]2[C@H](CN1C(=O)[C@@H](NC(=O)N[C@H](CN1C(=O)C3CCC(C3)C1=O)C(C)(C)C)C(C)(C)C)C2(C)C)c1ccccc1,CFGQHOYXHMEVGV-YWALTVCDSA-N,Other,Various indications,True,1990,747.982,4.597100000000007,4,6,160.26,10,1,54,6,0.0,1624.4933128006833,13,5,5,0,2,2,8,202.92779999999937,0,296,1,True
CHEMBL574347,Cc1ccc(C2CCNCC2)c(Oc2ccc(F)cc2)c1,MUPPOMFFBLBAKT-UHFFFAOYSA-N,Pain/Inflammation,Pain management,True,2007,285.36199999999997,4.393420000000003,1,2,21.259999999999998,3,2,21,3,0.0,603.1154332142492,3,1,1,0,1,1,0,82.49770000000004,0,110,0,True
CHEMBL574797,CNC(=O)[C@@H](NC(=O)[C@@](O)(CCN(Cc1ccc(Br)cc1)NC(=O)[C@@H](NC(=O)OC)C(C)(C)C)Cc1ccccc1)C(C)(C)C,AOSANDQFJSELGC-AHYUKCMYSA-N,Immunology,Immune disorder,True,1998,690.6799999999998,3.693800000000002,5,7,149.1,13,2,45,2,0.0,1293.4058390368752,12,0,0,0,0,0,3,176.6435999999995,0,248,1,True
CHEMBL575370,CC[C@H](N)C(=O)N[C@@H]1C(=O)N2[C@@H](CC[C@@H]1CCNCc1ccccc1)CC[C@H]2C(=O)NC(c1ccccc1)c1ccccc1,ABHODCSECYTOLV-PIXGQMGXSA-N,CNS/Neurology,Neurological disorder,True,2003,595.7880000000002,4.063800000000004,4,5,116.56,12,3,44,5,0.0,1330.7933353395722,8,2,2,0,2,2,5,172.21249999999955,0,232,1,True
CHEMBL575372,CC(C)C[C@@H]1NC(=O)[C@@H](CC(C)C)N(C)C(=O)[C@H](Cc2ccccc2)NC(=O)[C@H](CC(C)C)NC(=O)[C@@H](C(C)C)NC1=O,PLPPAFQUTLZGQM-APNLASKRSA-N,Other,Various indications,True,1993,599.8170000000001,2.803200000000003,4,5,136.71,9,1,43,2,0.0,1104.1604433385587,10,1,1,0,1,1,5,167.62979999999965,0,240,1,True
CHEMBL575374,CC(C)[C@@H]1NC(=O)[C@H](CC2CCCCC2)NC(=O)[C@H](COCc2ccccc2)NC(=O)[C@H](Cc2ccccc2)NC(=O)[C@@H](Cc2ccccc2)N(C)C1=O,LBIVPJSBMOUYJP-AKHKZFQHSA-N,CNS/Neurology,Neurological disorder,True,2001,737.942,4.094800000000005,4,6,145.94,11,3,54,5,0.0,1682.1210349365008,11,2,2,0,1,1,5,206.70079999999936,0,288,1,True
CHEMBL595990,Cc1ccc(S(=O)(=O)N(C)c2ccccc2N(C)S(=O)(=O)c2ccc(C)cc2)cc1,WOBGBOUAUABUFZ-UHFFFAOYSA-N,CNS/Neurology,Neurological disorder,True,1996,444.5780000000002,3.9536400000000036,0,4,74.76,6,3,30,3,0.0,1150.7495026058002,8,0,0,0,0,0,0,119.97760000000002,0,158,0,True
CHEMBL595820,CCC(=O)Nc1ccc(NC(=O)CN2CCN(C)CC2)c(C(=O)c2ccccc2)c1,UOEQOMBTCNBZKF-UHFFFAOYSA-N,Other,Various indications,True,2012,408.5020000000001,2.452,2,5,81.75,7,2,30,3,0.0,905.9191647140261,7,1,1,0,1,1,0,117.80390000000003,0,158,0,True
CHEMBL594149,O=C(NCCC/N=C/c1cc(Cl)cc(Cl)c1O)c1ccccc1O,NQMJKSAKJQAVFR-KEBDBYFISA-N,Pain/Inflammation,Pain management,True,2022,367.2320000000001,3.6436000000000015,3,4,81.92,6,2,24,2,0.0,763.4960288583198,7,0,0,0,0,0,0,95.64480000000002,0,126,0,True
CHEMBL1207937,CCCCCCCCCCCCCCCCCOS(=O)(=O)O,KGIBGHABTNQVJX-UHFFFAOYSA-N,Pain/Inflammation,Pain management,True,1998,336.53799999999995,5.677200000000005,1,3,63.60000000000001,17,0,22,0,0.0,314.62062730876477,5,0,0,0,0,0,0,92.42960000000008,0,134,1,True
CHEMBL4116096,CCN1CCC[C@H]1C(=O)NCc1ccc(C(=N)N)cc1,UVNNRAWXQKAIGY-ZDUSSCGKSA-N,Anti-infective,Infection,True,1997,274.368,1.07117,3,3,82.21000000000001,5,1,20,2,0.0,483.1518100161886,5,1,1,0,1,1,1,79.57380000000003,0,108,0,True
CHEMBL155478,O=c1cc(-c2nn[nH]n2)nc2oc3ccccc3n12,PMBQOXDYTBYYKO-UHFFFAOYSA-N,Anti-infective,Infection,True,2002,254.20900000000003,0.6207999999999999,1,7,101.97,1,4,19,4,0.0,936.7970768096354,8,0,0,3,0,0,0,64.40570000000001,0,92,0,True
CHEMBL541947,O=C(Nc1cccn(CC(=O)N2CCCC2)c1=O)c1ccccc1,SQCLEZAQARBINE-UHFFFAOYSA-N,Anti-infective,Infection,True,2020,325.36799999999994,1.7229999999999994,1,4,71.41,4,2,24,3,0.0,792.6563265496063,6,1,1,1,1,1,0,90.91120000000002,0,124,0,True
CHEMBL539921,CN(Cc1ccccc1F)Cn1nc(-c2ccncc2)oc1=O,QUCHFKYVVBHHHT-UHFFFAOYSA-N,Pain/Inflammation,Pain management,True,1997,314.32000000000005,2.1269,0,6,64.16,5,3,23,3,0.0,844.5415030713278,7,0,0,2,0,0,0,81.86100000000003,0,118,0,True
CHEMBL524317,CCC[C@@H](C)[C@H](OC(=O)/C=C/c1ccccc1)[C@H](C)[C@H](O)C/C=C/C=C\C(N)=O,OJAGQZQYWOJBHT-PKJHRQCFSA-N,Pain/Inflammation,Pain management,True,2018,399.5310000000002,4.032600000000002,2,4,89.62,12,1,29,1,0.0,708.8506612938421,5,0,0,0,0,0,4,116.69020000000008,0,158,0,True
CHEMBL523218,COC(=O)[C@@H]1CC(=O)CN1S(=O)(=O)c1ccccc1,LDLLYKAZPLGUFZ-NSHDSACASA-N,Anti-infective,Infection,True,2013,283.305,0.19169999999999976,0,5,80.75,3,1,19,2,0.0,595.8055746504086,7,1,1,0,1,1,1,65.76180000000004,0,102,0,True
CHEMBL575375,CCCCS(=O)(=O)N1C[C@H]2CC[C@H]1[C@H](C(=O)Nc1ccc(OCc3ccccc3)cc1)C2,CSIUYIIJGBLFLW-ZTCOLXNVSA-N,Other,Various indications,True,2000,456.6080000000002,4.434500000000003,1,4,75.71000000000001,9,2,32,5,0.0,1007.9972433001208,7,3,3,0,2,2,3,125.86550000000003,0,172,0,True
CHEMBL578763,COC(=O)C1=C(C)N(c2ccccc2)C=CC1c1ccccc1,DWYYDKOEDVBPGW-UHFFFAOYSA-N,Pain/Inflammation,Pain management,True,2014,305.37700000000007,4.251100000000004,0,3,29.54,3,2,23,3,0.0,747.7258457167076,3,0,1,0,0,1,1,91.96000000000004,0,116,0,True
CHEMBL579880,O=C1CCCN1CCCNCc1ccc(-c2cccc(-c3nc4ccccc4[nH]3)c2)cc1,VRBWGUNBVJOAGF-UHFFFAOYSA-N,CNS/Neurology,Neurological disorder,True,1999,424.5480000000001,4.999000000000004,2,3,61.02,8,4,32,5,0.0,1178.8035861614287,5,1,1,1,1,1,0,129.1034,0,162,0,True
CHEMBL582140,Br.CC1(C)NC(N)=NC(=N)N1OCCSc1ccccc1,JLMPLIGWNJYLKL-UHFFFAOYSA-N,Pain/Inflammation,Pain management,True,1997,374.30800000000005,2.1789700000000005,3,5,86.72999999999999,5,1,21,2,0.0,508.5429004193197,8,0,1,0,0,1,0,91.84280000000001,0,116,0,True
CHEMBL582239,Nc1c2c(nc3ccc(C(=O)Nc4cc(I)c(O)c(I)c4)cc13)CCCC2,VCRVVXCZBHTXQG-UHFFFAOYSA-N,CNS/Neurology,Neurological disorder,True,2018,585.1829999999998,4.8629000000000016,3,4,88.24,2,3,27,4,0.0,1059.4952654262654,7,0,1,1,0,0,0,124.29140000000001,0,138,1,True
CHEMBL564260,Cc1cc2c(s1)[C@@]13C[C@@H]1CN(C(=O)OC(C)(C)C)C3=CC2=O,UXKGJSAWUAORNC-QGHHPUGFSA-N,Pain/Inflammation,Pain management,True,1996,317.4100000000001,3.645120000000003,0,4,46.61,0,1,22,4,0.0,739.5754630176497,5,2,3,1,1,1,2,84.19450000000003,0,116,0,True
CHEMBL562776,Nc1ncnc2c1ncn2CCCCOP(=O)(O)OP(=O)(O)OP(=O)(O)O,NZUSGYFYFSDAPX-UHFFFAOYSA-N,Other,Various indications,True,2009,447.174,0.5319999999999996,5,11,229.43999999999997,10,2,27,2,0.0,943.5301199891649,18,0,0,2,0,0,2,88.78610000000002,0,152,1,True
CHEMBL574570,O=C(O)c1cc2ccn(Cc3cccc(Cl)c3F)c2cn1,LAVMVEIMEUTRHG-UHFFFAOYSA-N,CNS/Neurology,Neurological disorder,True,2019,304.708,3.575300000000002,1,3,55.12,3,3,21,3,0.0,844.8059419781343,6,0,0,2,0,0,0,77.20430000000003,0,106,0,True
CHEMBL540147,CCCCCCCCC[C@H]1C[C@H]2CC[C@H]3C(C(=O)OCc4ccc(COC(=O)C5=C(C)NC6=[N+]7[C@H](CC[C@@H]57)C[C@H](CCCCCCCCC)N6)cc4)=C(C)NC(=[N+]23)N1.[Cl-].[Cl-],RLQUUNGFNXUPPJ-UEYRRZJZSA-N,Other,Various indications,True,1991,870.0639999999995,2.3396000000000083,4,8,106.74000000000001,22,1,60,7,0.0,1616.5208018832384,12,2,6,0,2,6,6,230.16159999999923,0,334,1,True
CHEMBL540148,CC(C)OC(=O)c1ccc(NC(=O)N[C@@H](Cc2ccc(O)cc2)C(=O)N[C@H]2CCC[N+](C)(Cc3ccc(O)cc3)C2)s1.[I-],ASIDMQKXUIKLCY-ZIIGJBQBSA-N,Immunology,Immune disorder,True,1999,722.6460000000003,1.3867000000000005,5,7,136.98999999999998,10,3,43,4,0.0,1381.6745225251898,12,1,1,1,1,1,3,161.51759999999976,0,232,1,True
CHEMBL540153,Nc1ccccc1C(=O)NCC(=O)NC1CCCCC1,SZPHLAOUIWWQSU-UHFFFAOYSA-N,Anti-infective,Infection,True,2003,275.35200000000003,1.4474999999999996,3,3,84.22,4,1,20,2,0.0,481.76189937618625,5,1,1,0,0,0,0,78.20330000000003,0,108,0,True
CHEMBL552955,Cl.O=C1CN2Cc3c(sc4c3CCCC4)N=C2N1,XXLYIUKAFIEFHW-UHFFFAOYSA-N,Anti-infective,Infection,True,2004,283.78399999999993,1.9815999999999994,1,4,44.7,0,1,18,4,0.0,551.7625771483205,6,1,3,1,1,2,0,73.85670000000002,0,96,0,True
CHEMBL553616,CC/N=C(/Cc1cccc(C)c1)NCC.Cl,XKCWRSUHFKGZGC-UHFFFAOYSA-N,Pain/Inflammation,Pain management,True,2017,240.778,2.987220000000001,1,1,24.39,4,1,16,1,0.0,334.4594083146761,3,0,0,0,0,0,0,73.78370000000004,0,90,0,True
CHEMBL540662,C=C1CC[C@]2(C)[C@@H](C)CCC[C@]2(C)[C@H]1CC/C(C)=C/Cn1c[n+](C)c2ncnc(N)c21.[Cl-],HTTYWXVKTMOEPN-MLMVQAAISA-M,Other,Various indications,True,1992,458.09400000000016,2.3673,1,4,60.61,5,2,32,4,0.0,1024.6388774348784,6,2,2,2,0,0,4,127.20040000000006,0,176,0,True
CHEMBL589985,O=S(=O)(NCCC1CCC(c2ccc(Cl)cc2Cl)N(c2ccc(Cl)cc2)C1)C1CC1,HFBYNEWDVVKUEL-UHFFFAOYSA-N,Other,Various indications,True,2001,487.8800000000002,6.076400000000005,1,3,49.410000000000004,7,2,30,4,0.0,993.9422800927325,8,2,2,0,1,1,2,125.28650000000003,0,162,1,True
CHEMBL602107,CC(C)[C@@]12C=C3CC[C@H]4[C@](C)(C(=O)O)CCC[C@]4(C)[C@]3(CC1)OO2,OOHFJWCHEFCJDC-AXDKOMKPSA-N,Pain/Inflammation,Pain management,True,1999,334.4560000000001,4.493100000000004,1,3,55.760000000000005,2,0,24,5,0.0,598.7601063032595,4,3,5,0,1,2,5,90.21180000000007,0,134,0,True
CHEMBL602115,Cc1nc(-c2c(Cl)cc(Cl)cc2-c2cnc([C@@H](C)NC(=O)N(C)O)c(F)c2)no1,WDZNDOBQLLBTGU-MRVPVSSYSA-N,CNS/Neurology,Neurological disorder,True,2008,440.2620000000001,4.6445200000000035,2,6,104.38000000000001,4,3,29,3,0.0,1073.6453010794692,11,0,0,2,0,0,1,104.17620000000004,0,152,0,True
CHEMBL603312,N=C(N)c1ccc2cc(-c3ccc(Oc4ccc(F)cc4)cc3)[nH]c2c1,YYNSIEASJNIEFN-UHFFFAOYSA-N,CNS/Neurology,Neurological disorder,True,1999,345.377,5.050370000000003,3,2,74.89000000000001,4,4,26,4,0.0,1082.6573564463924,5,0,0,1,0,0,0,101.2248,0,128,1,True
CHEMBL1089598,C#CCOC[C@@H](NC(C)=O)C(=O)NCc1ccc(N=C=S)cc1,MVTYKCOOBXZMAH-OAHLLOKOSA-N,Anti-infective,Infection,True,2001,331.397,1.1916,2,5,79.78999999999999,8,1,23,1,0.0,630.9657001377556,7,0,0,0,0,0,1,90.23140000000001,0,120,0,True
CHEMBL1091501,O=S(=O)(c1ccc2c(c1)OCCO2)N1CCN(S(=O)(=O)c2ccc3c(c2)OCCO3)CC1,URVWBJYKWNSVGT-UHFFFAOYSA-N,Other,Various indications,True,1995,482.5360000000003,0.9241999999999999,0,8,111.68,4,2,32,5,0.0,1140.7412179782584,12,1,3,0,1,3,0,112.38160000000003,0,172,0,True
CHEMBL1089470,CCCCn1c(=O)c2ccc3ccccc3c2c2ccccc21,ZPSKISUXEAHVFQ-UHFFFAOYSA-N,CNS/Neurology,Neurological disorder,True,2021,301.389,5.108000000000005,0,2,22.0,3,4,23,4,0.0,1075.5009413639934,2,0,0,1,0,0,0,98.12800000000006,0,114,1,True
CHEMBL1090597,Brc1ccc(/C=N/Nc2ncnc3sc4c(c23)CCCC4)cc1,GQXCMDHJAJBGPP-ZVBGSRNCSA-N,CNS/Neurology,Neurological disorder,True,2007,387.30600000000027,4.778600000000003,1,5,50.17,3,3,23,4,0.0,870.18079413801,6,0,1,2,0,0,0,99.41570000000003,0,116,0,True
CHEMBL1082631,COC1=C[C@H]2C3=C([C@@H](ON2c2cccc(C)n2)C1=O)[C@@H](NC(C)=O)CCc1cc(OC)c(OC)c(OC)c13,IJMJTIWUHBXFOP-SORZYCEUSA-N,Immunology,Immune disorder,True,2005,521.5700000000004,2.922320000000001,1,9,108.45000000000002,6,2,38,6,0.0,1366.4562171317045,10,0,4,1,0,2,3,139.1566999999999,0,200,1,True
CHEMBL1082636,O=C(c1ccco1)N1CSCC1c1nc(-c2cccc(Cl)c2)no1,BDHPBNDYZSJFEG-UHFFFAOYSA-N,CNS/Neurology,Neurological disorder,True,1996,361.81,3.870800000000002,0,6,72.37,3,3,24,4,0.0,865.0970126536064,8,1,1,2,1,1,1,89.68750000000001,0,122,0,True
CHEMBL1089238,Nc1c(S(=O)(=O)O)cc(Nc2cccc(S(=O)(=O)/C=C/S(=O)(=O)O)c2)c2c1C(=O)c1ccccc1C2=O,MFAKEALTBQSBRB-CMDGGOBGSA-N,Immunology,Immune disorder,True,1999,564.5750000000003,2.1672000000000002,4,10,215.06999999999996,6,3,37,4,0.0,1860.1754755663876,15,0,1,0,0,0,0,131.5751,0,192,1,True
CHEMBL570151,CCCCCOC(=O)N1CCN(C(=O)[C@H](CCC(=O)O)NC(=O)c2cc(N3CCN(CC(=O)N4CCCC4)CC3)nc(-c3ccccc3)n2)CC1,YYMWYDNBNYHNJD-NDEPHWFRSA-N,Immunology,Immune disorder,True,2012,706.8449999999998,2.322200000000005,2,10,168.82,14,2,51,5,0.0,1504.1358196572114,15,3,3,1,3,3,1,189.08499999999938,0,276,1,True
CHEMBL570152,CCCCCOC(=O)N1CCN(C(=O)[C@H](CCC(=O)O)NC(=O)c2cc(N3CCC(N4CCCC4)CC3)nc(-c3ccccc3)n2)CC1,GLCCBGAUWUPRKN-NDEPHWFRSA-N,Immunology,Immune disorder,True,2003,663.82,3.6424000000000047,2,9,148.51,13,2,48,5,0.0,1387.054107499186,13,3,3,1,3,3,1,180.6599999999994,0,260,1,True
CHEMBL570155,CCCCOC(=O)N1CCN(C(=O)[C@H](CCC(=O)O)NC(=O)c2cc(N3CCC(OC)CC3)nc(-c3ccccc3)n2)CC1,ZTMYBEABVWIVAC-DEOSSOPVSA-N,Immunology,Immune disorder,True,2008,610.7120000000002,2.802900000000002,2,9,154.5,12,2,44,4,0.0,1277.527998271382,13,2,2,1,2,2,1,162.24499999999964,0,238,1,True
CHEMBL568776,Cc1ccc(NC(=O)Nc2cc(C(C)(C)C)nn2-c2ccc(C)cc2)cc1,FWZRHQBGQFAXCP-UHFFFAOYSA-N,CNS/Neurology,Neurological disorder,True,1992,362.4770000000001,5.430640000000004,2,3,58.95,3,3,27,3,0.0,931.9392799709719,5,0,0,1,0,0,0,110.82140000000003,0,140,1,True
CHEMBL608687,C#Cc1cc(CNC(=O)CCc2ccc(C(C)(C)C)cc2)cc(F)c1NS(C)(=O)=O,FVAUGZWKAVTTDW-UHFFFAOYSA-N,Other,Various indications,True,2017,430.5450000000001,3.7250000000000023,2,3,75.27000000000001,7,2,30,2,0.0,1063.3526686336163,7,0,0,0,0,0,0,118.11120000000007,0,160,0,True
CHEMBL608826,CCN(CC)CCN1C(=O)[C@@](O)(c2ccc3ccccc3c2)c2c(Br)cccc21,LUHZBXZMFRLZLL-XMMPIXPASA-N,CNS/Neurology,Neurological disorder,True,2014,453.3800000000001,4.526600000000004,1,3,43.78,6,3,29,4,0.0,1063.68494476127,5,0,1,0,0,1,1,121.22980000000005,0,150,0,True
CHEMBL609992,CN1CCC[C@@H]1Cc1c[nH]c2ccc(NS(=O)(=O)c3ccccc3F)cc12,HOSRSHIDGRXHBP-MRXNPFEDSA-N,CNS/Neurology,Neurological disorder,True,2011,387.48000000000013,3.744500000000002,2,3,65.2,5,3,27,4,0.0,1077.7752807561915,7,1,1,1,1,1,1,104.86320000000005,0,142,0,True
CHEMBL159633,C#CCN(Cc1ccc2nc(CSc3ncccn3)nc(O)c2c1)c1ccc(C(=O)NCc2cccc([N+](=O)[O-])c2)cc1,KEONTDPDLYEZNG-UHFFFAOYSA-N,CNS/Neurology,Neurological disorder,True,2005,591.6530000000002,4.895700000000004,2,10,147.27,11,5,43,5,0.0,1811.7877473168514,12,0,0,2,0,0,0,163.38739999999973,0,214,1,True
CHEMBL154789,CCC1c2ccccc2CCN1CC1=NCCN1,YCOLEDIRVVMMDC-UHFFFAOYSA-N,Anti-infective,Infection,True,2004,243.35399999999993,1.9974999999999998,1,3,27.63,3,1,18,3,0.0,452.806865461994,3,0,2,0,0,2,1,75.05570000000003,0,96,0,True
CHEMBL1089276,CS(=O)(=O)N1CCc2c(c(-c3ccc(C(F)(F)F)c(SCCNC(=O)c4ccc(O)cc4)c3)nn2CC(O)CN2CCC(N3CCCC3=O)CC2)C1,AFLBBHCOTSQFQV-UHFFFAOYSA-N,CNS/Neurology,Neurological disorder,True,2007,764.8929999999995,3.562000000000002,3,10,148.31,12,3,52,6,0.0,1880.2347600071446,17,2,3,1,2,3,1,189.20259999999948,0,282,1,True
CHEMBL4116000,CC[C@H](C)Nc1cc(C(=O)N[C@@H](Cc2ccccc2)[C@H](O)[C@@H]2CCCN2)cc(S(C)(=O)=O)n1,CNZLAHITQXPOEJ-VHTOSUDKSA-N,Other,Various indications,True,2021,474.62700000000024,2.1494999999999997,4,7,120.42,10,2,33,3,0.0,1039.6846743523688,9,1,1,1,1,1,4,129.15420000000003,0,180,0,True
CHEMBL1090248,CCCCOc1c(CCCC)c(O)nc2ccccc12,GPPAZACCCLWBRL-UHFFFAOYSA-N,Pain/Inflammation,Pain management,True,1996,273.37600000000003,4.4619000000000035,1,3,42.35,7,2,20,2,0.0,566.1637137781513,3,0,0,1,0,0,0,82.42280000000005,0,108,0,True
CHEMBL609016,NC(Cc1cc(Cl)c(Cl)c(-c2cccc([N+](=O)[O-])c2)c1)C(=O)O,JQRAIGBULJUZQZ-UHFFFAOYSA-N,Pain/Inflammation,Pain management,True,2000,355.1770000000001,3.5230000000000024,2,4,106.46,5,2,23,2,0.0,780.067347951421,8,0,0,0,0,0,1,87.86760000000002,0,120,0,True
CHEMBL610191,CCS[C@@H]1[C@H](SCC)[C@@H](CO)O[C@H]1n1ccc(N)nc1=O,XIARVEWKVABOOV-HJQYOEGKSA-N,Other,Various indications,True,2012,331.4630000000001,0.9585999999999999,2,8,90.37,6,1,21,2,0.0,525.6281033829391,8,1,1,1,1,1,4,87.74520000000003,0,118,0,True
CHEMBL572762,O=S(=O)(Nc1ccccn1)c1ccc(/N=C/[C@H](O)[C@@H](O)[C@H](O)CO)cc1,MSERKJTZPHKVII-KQAKWNKOSA-N,Cardiovascular,Heart disease,True,2021,381.4100000000001,-0.34030000000000027,5,8,152.34,8,2,26,2,0.0,826.8234025258099,10,0,0,1,0,0,3,94.74570000000001,0,140,0,True
CHEMBL573208,O=C(CN1CCN(Cc2ccccc2)CC1)NCc1ccccc1O,UCCVUGOGTFONCL-UHFFFAOYSA-N,Anti-infective,Infection,True,2007,339.4390000000001,1.8261999999999996,2,4,55.81,6,2,25,3,0.0,682.3504382560053,5,1,1,0,1,1,0,98.11250000000005,0,132,0,True
CHEMBL574253,CC(=O)N(CCN(C)C)c1nc2c(F)cccc2s1,XOMLMYDMIUVZMW-UHFFFAOYSA-N,Pain/Inflammation,Pain management,True,2018,281.356,2.3499,0,4,36.440000000000005,4,2,19,2,0.0,596.5858964269106,6,0,0,1,0,0,0,76.15900000000003,0,102,0,True
CHEMBL584384,NCCNc1cc(-c2ccnc(Nc3cccc(Cl)c3)n2)ccn1,OGZKVNUWPYUXNL-UHFFFAOYSA-N,CNS/Neurology,Neurological disorder,True,1990,340.81800000000004,3.3062000000000005,3,6,88.75,6,3,24,3,0.0,823.4359622582753,7,0,0,2,0,0,0,97.54180000000001,0,122,0,True
CHEMBL584972,CCCCCCC(=O)N[C@H]1CCOC1=O,FTMZLSDESAOPSZ-VIFPVBQESA-N,Anti-infective,Infection,True,1998,213.27699999999996,1.3884999999999998,1,3,55.4,6,0,15,1,0.0,227.87292366156956,4,1,1,0,1,1,1,56.26570000000004,0,86,0,True
CHEMBL584397,CCNC(=O)NC[C@H]1CC[C@H]2CC[C@@H](C(=O)NC(c3ccccc3)c3ccccc3)N2C(=O)[C@H]1NC(=O)[C@@H](N)CC,ZOBWRGLXMKGVBQ-HOIWYFOJSA-N,Immunology,Immune disorder,True,2006,562.715,2.203000000000001,5,5,145.66,10,2,41,4,0.0,1154.1089542654947,10,2,2,0,2,2,5,156.52219999999977,0,220,1,True
CHEMBL584399,CC(C)C[C@@H]1NC(=O)[C@H](CC(C)C)NC(=O)[C@@H](Cc2ccccc2)NC(=O)[C@H](CC(C)C)NC(=O)[C@@H](C(C)C)NC1=O,GZKGGHUTCBGDES-AFTJIJFZSA-N,Other,Various indications,True,1995,585.7900000000001,2.461000000000003,5,5,145.5,9,1,42,2,0.0,1072.3144881611875,10,1,1,0,1,1,5,163.00249999999974,0,234,1,True
CHEMBL584401,CC(C)C[C@@H]1NC(=O)[C@H](Cc2ccccc2)NC(=O)[C@H](CC(C)C)NC(=O)[C@@H](C(C)C)NC(=O)[C@@H](CC(C)C)NC1=O,GZKGGHUTCBGDES-UIPNDDLNSA-N,Other,Various indications,True,2005,585.7900000000002,2.461000000000003,5,5,145.5,9,1,42,2,0.0,1072.3144881611877,10,1,1,0,1,1,5,163.00249999999977,0,234,1,True
CHEMBL584402,CC(C)C[C@@H]1NC(=O)[C@H](Cc2ccccc2)NC(=O)[C@@H](Cc2ccccc2)N(C)C(=O)[C@H](C(C)C)NC(=O)[C@H](CC2CCCCC2)NC1=O,LDNWHLXMRBXCGL-ALJNDBQTSA-N,Immunology,Immune disorder,True,1997,673.8989999999998,3.924100000000003,4,5,136.71,9,2,49,4,0.0,1409.4021962423642,10,2,2,0,1,1,5,190.05779999999942,0,266,1,True
CHEMBL1076814,COc1ccc(-c2csc(N/N=C/c3ccc(O)cc3O)n2)cc1,OPHSBZIWFGRMFT-GIJQJNRQSA-N,CNS/Neurology,Neurological disorder,True,2014,341.39200000000005,3.6759000000000013,3,7,86.97,5,3,24,3,0.0,859.7722567813229,7,0,0,1,0,0,0,95.0903,0,122,0,True
CHEMBL1076925,COC(=O)C[C@H]1[C@]2(C)C[C@@]3(O)[C@]1(C)[C@H]1CC[C@]4(C)C(=C1C(=O)[C@@]3(OC)[C@H]2OC(C)=O)CC(=O)O[C@H]4c1ccoc1,DXAWUJPEJQPCGT-IQXSIFHKSA-N,Metabolic,Metabolic disorder,True,2015,556.6080000000004,3.2204000000000015,1,10,138.57,5,1,40,6,0.0,1345.891547289879,10,4,5,1,1,1,9,136.21979999999994,0,216,1,True
CHEMBL1077125,CC(C)CCn1c(=O)c(C2=NS(=O)(=O)c3cc(CC#N)ccc3N2)c(O)c2cc(F)ccc21,RLLLFWUEOOAYRC-UHFFFAOYSA-N,CNS/Neurology,Neurological disorder,True,1998,468.51000000000016,3.5193800000000017,2,7,124.55,5,3,33,4,0.0,1518.174170205481,10,0,1,1,0,1,0,122.39030000000002,0,170,0,True
CHEMBL161838,CNC(=O)[C@H](Cc1ccccc1)NC(=O)[C@H](CC(C)C)N[C@H](CCN1C(=O)c2cc3ccc(OC)cc3cc2C1=O)C(=O)O,RKPZBJWTTSNTOI-PKTNWEFCSA-N,Immunology,Immune disorder,True,2013,602.6880000000003,2.7655000000000003,4,7,154.14,14,3,44,4,0.0,1556.4820347829632,11,0,1,0,0,1,3,164.4298999999997,0,232,1,True
CHEMBL1076408,COc1ccccc1C(=O)Nc1cccc(NC(=O)c2cccc(F)c2)c1,PXIXFRQOZKDTCC-UHFFFAOYSA-N,CNS/Neurology,Neurological disorder,True,1999,364.3760000000001,4.338900000000002,2,3,67.43,5,3,27,3,0.0,988.4205574097632,6,0,0,0,0,0,0,101.74240000000002,0,136,0,True
CHEMBL158232,CC1CCN(Cc2ccccc2)CC1,PWZKIZAHIAGUMK-UHFFFAOYSA-N,Pain/Inflammation,Pain management,True,1994,189.30199999999996,2.9185000000000016,0,1,3.24,2,1,14,2,0.0,259.8238688415376,1,1,1,0,1,1,0,60.11700000000005,0,76,0,True
CHEMBL1076255,Brc1ccc2ncnc(Nc3ccccc3)c2c1,RQFAJYPCPZEVHO-UHFFFAOYSA-N,CNS/Neurology,Neurological disorder,True,1991,300.15900000000005,4.135900000000002,1,3,37.81,2,3,18,3,0.0,682.9437186586284,4,0,0,1,0,0,0,76.96270000000001,0,88,0,True
CHEMBL610879,Cc1ccc2c3c1O[C@@H]1c4[nH]c5ccccc5c4C[C@@]4(O)[C@@H](C2)N(CC2CC2)CC[C@]314,HNCUVZVXDCZORK-ORZNUPDKSA-N,CNS/Neurology,Neurological disorder,True,2003,412.5330000000003,4.175420000000003,2,3,48.49,2,3,31,8,0.0,1273.7222257398448,4,2,5,1,1,2,4,119.58450000000005,0,158,0,True
CHEMBL1076286,Cc1cc(CN2C(=O)C(C3=NS(=O)(=O)c4cc(NS(C)(=O)=O)ccc4N3)=C(O)[C@@H]3C4CCC(CC4)[C@@H]32)ccc1F,ULYSPASSQFVOSE-UGSPWLTQSA-N,Immunology,Immune disorder,True,2010,588.6830000000002,3.6776200000000028,3,7,145.23999999999998,5,2,40,7,0.0,1711.9331293252458,13,3,5,0,0,2,2,147.21979999999982,0,212,1,True
CHEMBL1076290,CS(=O)(=O)Nc1ccc2c(c1)S(=O)(=O)N=C(C1=C(O)[C@@H]3C4CCC(CC4)[C@@H]3N(Cc3ccc(F)cc3Cl)C1=O)N2,HRPIWJMERIOSPC-OAKDCAPRSA-N,Immunology,Immune disorder,True,1999,609.1010000000003,4.022600000000003,3,7,145.24,5,2,40,7,0.0,1718.103659211991,14,3,5,0,0,2,2,147.49279999999982,0,212,1,True
CHEMBL584554,CCN(CC)C(=O)[C@@H]1C=C2c3cccc4[nH]cc(c34)C[C@H]2N(C(=O)Nc2ccccc2)C1,QIPWTYSOANVUKJ-WZONZLPQSA-N,CNS/Neurology,Neurological disorder,True,1991,428.5360000000002,4.508300000000003,2,2,68.44,4,3,32,5,0.0,1193.0170762392777,6,0,2,1,0,1,2,127.35240000000003,0,164,0,True
CHEMBL583920,CC1=CC2Cc3nc4cc(Cl)ccc4c(NCCO)c3C(C1)C2,DYEVLJICQPJCQW-UHFFFAOYSA-N,Pain/Inflammation,Pain management,True,1994,328.8430000000002,4.288400000000003,2,3,45.150000000000006,3,2,23,4,0.0,799.5464613768984,4,0,2,1,0,0,2,95.25450000000004,0,120,0,True
CHEMBL601070,CCCCN(CC)CCNC(=O)c1cc2c(-c3ccccc3F)nn(C)c2s1,WMLOTKXEGKCROL-UHFFFAOYSA-N,CNS/Neurology,Neurological disorder,True,1994,402.53900000000004,4.2927000000000035,1,5,50.160000000000004,9,3,28,3,0.0,949.183248062269,7,0,0,2,0,0,0,113.34020000000007,0,150,0,True
CHEMBL601272,CCCCCOC(=O)N1CCN(C(=O)[C@H](CCC(=O)O)NC(=O)c2cc(N3CCCC(N4CCCC4)C3)cc(-c3ccccc3)n2)CC1,ZRYINXBOWQYSAX-TXDWVUBVSA-N,Immunology,Immune disorder,True,2002,662.8320000000001,4.247400000000004,2,8,135.62,13,2,48,5,0.0,1392.6034224904126,12,3,3,1,3,3,2,182.8649999999994,0,260,1,True
CHEMBL601080,C[C@@H]1CN(c2cc(C(=O)Nc3ccc4c(c3)-c3c(c(C(N)=O)nn3-c3ccc(F)cc3)CC4)c(Cl)cn2)CCN1C,MDIQKDWHUZTIRP-QGZVFWFLSA-N,CNS/Neurology,Neurological disorder,True,2014,574.06,4.316900000000003,2,7,109.38,5,4,41,6,0.0,1670.3029826694772,11,1,2,2,1,1,1,156.38909999999973,0,210,1,True
CHEMBL1077303,CN(C)c1ccc2c(c1)[C@H]1OCCC[C@H]1[C@H](c1ccccc1)N2,VXLNQNLWDHJAKM-VDGAXYAQSA-N,Pain/Inflammation,Pain management,True,2016,308.42499999999995,4.387100000000003,1,3,24.5,2,2,23,4,0.0,683.2959585009484,3,1,2,0,1,2,3,94.99170000000005,0,120,0,True
CHEMBL162297,C#CCN(Cc1ccc2nc(CN3CCOCC3)nc(O)c2c1)c1ccc(C(=O)NCc2cccc([N+](=O)[O-])c2)cc1,JBNHEQDMWYFYLD-UHFFFAOYSA-N,CNS/Neurology,Neurological disorder,True,2010,566.6180000000002,3.6456000000000026,2,9,133.96000000000004,10,4,42,5,0.0,1629.6913821516623,11,1,1,1,1,1,0,157.8903999999997,0,214,1,True
CHEMBL1091285,O=C1/C(=C/c2cccc(Cl)c2Cl)CCC/C1=C\c1cccc(Cl)c1Cl,HUNYAVDCZBRPHW-WFYKWJGLSA-N,Other,Various indications,True,2001,412.14300000000003,7.5202000000000035,0,1,17.07,2,2,25,3,0.0,825.0643210903145,5,1,1,0,0,0,0,107.736,0,128,1,True
CHEMBL1092995,O=C(NN1C(=O)/C(=C\c2ccc(F)cc2)SC1=S)c1cccc([N+](=O)[O-])c1,OIBKSLFUDDTYPO-RIYZIHGNSA-N,Other,Various indications,True,2016,403.4160000000001,3.280100000000002,1,6,92.55000000000001,4,2,27,3,0.0,991.9279678306063,10,1,1,0,1,1,0,101.97460000000001,0,136,0,True
CHEMBL533010,O=C(/C=C/c1ccc(-c2nc3ccc(Cl)cc3[nH]2)cc1)NC1CCN(Cc2ccccc2)CC1,LJDURJDXTXJFCV-MDWZMJQESA-N,CNS/Neurology,Neurological disorder,True,2013,471.00400000000025,5.677300000000005,2,3,61.02,6,4,34,5,0.0,1289.2525597106185,6,1,1,1,1,1,0,138.45739999999986,0,172,1,True
CHEMBL601082,CCN1C(N(C)C)=Nc2cc(N)ccc2C1CC(=O)NCc1ccc(N)cc1,CJXVSJOYOPIRCV-UHFFFAOYSA-N,Pain/Inflammation,Pain management,True,2020,380.49600000000015,2.4832,3,6,99.97999999999999,5,2,28,3,0.0,874.9645878228725,7,0,1,0,0,1,1,114.07550000000003,0,148,0,True
CHEMBL603059,O=C(O)CCc1ccc(Cn2cccn2)cc1C(=O)NCc1ccc2ccccc2c1,PHRWNJZNMCODSA-UHFFFAOYSA-N,CNS/Neurology,Neurological disorder,True,2023,413.47700000000015,4.031800000000003,2,4,84.22,8,4,31,4,0.0,1215.9094545931405,6,0,0,1,0,0,0,118.84600000000003,0,156,0,True
CHEMBL569690,Clc1ccc(CCCNc2ncnc3ccccc23)cc1,DASIVXVGLBCVGL-UHFFFAOYSA-N,CNS/Neurology,Neurological disorder,True,2023,297.78900000000004,4.327900000000002,1,3,37.81,5,3,21,3,0.0,720.1916716530304,4,0,0,1,0,0,0,87.80070000000002,0,106,0,True
CHEMBL570178,CC(=O)N1N=C(Nc2nc3ccc([N+](=O)[O-])cc3s2)CC1c1ccc(O)cc1,RYUSKHAVBCFJDB-UHFFFAOYSA-N,CNS/Neurology,Neurological disorder,True,1993,397.4160000000001,3.6290000000000013,2,8,120.96000000000001,3,3,28,4,0.0,1108.8663790471626,10,0,1,1,0,1,1,105.31689999999999,0,142,0,True
CHEMBL568607,CCCNCc1nnc(Nc2nc(C)nc3c2c(C)nn3-c2ccc(OC)cc2C)o1,RDQVUXUNGQMXTP-UHFFFAOYSA-N,CNS/Neurology,Neurological disorder,True,2017,422.49300000000017,3.375560000000002,2,10,115.81,8,4,31,4,0.0,1213.7845677631888,10,0,0,3,0,0,0,117.00140000000002,0,162,0,True
CHEMBL1078134,CC1(C)CCC[C@@]2(C)[C@H]1[C@H](OC(=O)/C=C/C=C/C(=O)O)C=C1COC(=O)[C@@]12O,WWELYLJKFRXUQW-BHEWPMNNSA-N,Pain/Inflammation,Pain management,True,2014,390.4320000000002,2.1557,2,6,110.13000000000001,4,0,28,3,0.0,790.5758112401714,7,2,3,0,1,1,4,99.01660000000004,0,152,0,True
CHEMBL4116103,CCCN1CCc2c(sc(NC(=O)Nc3ccc(Cl)cc3)c2C(N)=O)C1,SJQDTBPLWVKPFZ-UHFFFAOYSA-N,Pain/Inflammation,Pain management,True,2017,392.91200000000015,3.9125000000000014,3,4,87.46000000000001,5,2,26,3,0.0,819.343740587231,8,0,1,1,0,1,0,106.20230000000002,0,138,0,True
CHEMBL608190,OC[C@H]1OC(n2cnc3c(-c4cc5ccccc5o4)ncnc32)[C@H](O)[C@@H]1O,FUVIYHOYZQXQIX-CAXZQUKHSA-N,Other,Various indications,True,2015,368.34900000000005,0.8509999999999998,3,9,126.66000000000001,3,4,27,5,0.0,1090.3017289237598,9,1,1,3,1,1,4,93.54040000000003,0,138,0,True
CHEMBL162495,Cc1ccc(-c2cccc(C[C@H](NC[C@H](O)[C@H](Cc3ccccc3)NC(=O)[C@@H](NC(=O)c3ccccn3)C(C)C)C(N)=O)c2)cc1,GCBWBVFGRKXUJF-CUPIEXAXSA-N,CNS/Neurology,Neurological disorder,True,2003,621.782,3.5860200000000013,5,6,146.44,15,4,46,4,0.0,1578.6582403246034,9,0,0,1,0,0,4,179.7167999999996,0,240,1,True
CHEMBL78310,Clc1cccc(C2=Cc3ccccc3C3=NCCN23)c1,ONPNIDSLTDIICC-UHFFFAOYSA-N,Pain/Inflammation,Pain management,True,1991,280.758,3.9139000000000044,0,2,15.6,1,2,20,4,0.0,746.1601532452496,3,0,2,0,0,2,0,83.87500000000001,0,98,0,True
CHEMBL4116109,Oc1ccc2cc3nc4ccccc4c(-c4ccccc4)c3cc2c1,WRMFUZWOYCTBQL-UHFFFAOYSA-N,CNS/Neurology,Neurological disorder,True,1998,321.3790000000001,5.913800000000004,1,2,33.120000000000005,1,5,25,5,0.0,1242.8962479017816,2,0,0,1,0,0,0,103.8558,0,118,1,True
CHEMBL607213,COc1cc(CCC(=O)N(C)[C@@H]2CCCC[C@@H]2N2CCCC2)cc(OC)c1OC,ZLRXOWWEHKSJGC-MOPGFXCFSA-N,Other,Various indications,True,1991,404.5510000000003,3.5104000000000024,0,5,51.24000000000001,8,1,29,3,0.0,662.4505619360278,6,2,2,0,1,1,2,114.04000000000008,0,162,0,True
CHEMBL460994,CCN(CC)S(=O)(=O)c1cccc(C(=O)Nc2ccccc2C(=O)O)c1,QHHBTRNZFJQIHP-UHFFFAOYSA-N,Pain/Inflammation,Pain management,True,2016,376.4340000000001,2.6676,2,4,103.78000000000002,7,2,26,2,0.0,920.6836258024044,8,0,0,0,0,0,0,97.90330000000006,0,138,0,True
CHEMBL1092016,CN(C)c1ccc(N=Nc2ccc(S(=O)(=O)O)cc2)cc1,IETWCRRCPURZOC-UHFFFAOYSA-N,Pain/Inflammation,Pain management,True,2003,305.359,3.4147000000000016,1,5,82.33,4,2,21,2,0.0,736.0386295860372,7,0,0,0,0,0,0,81.20160000000004,0,110,0,True
CHEMBL1086439,C/C(=C\Cc1c(O)cc2occ(-c3ccc(O)cc3)c(=O)c2c1O)CO,AROTXIUFXQZGLT-BIIKFXOESA-N,CNS/Neurology,Neurological disorder,True,2017,354.3580000000001,3.0579000000000023,4,6,111.13000000000002,4,3,26,3,0.0,1044.5698480373567,6,0,0,1,0,0,0,97.46120000000002,0,134,0,True
CHEMBL577336,CCCCCCCCCCCCCCCCCC[N+](C)(C)CCOP(=O)([O-])OCCCC,NOVHMWJNOBPEHE-UHFFFAOYSA-N,Other,Various indications,True,2002,477.71100000000024,7.626000000000008,0,4,58.59,25,0,32,0,0.0,445.5428149193207,6,0,0,0,0,0,1,135.8069,0,194,1,True
CHEMBL577349,COc1ccc2c(c1)OC/C=C\CCCCN(C[C@@H](O)[C@H](Cc1ccccc1)NC(=O)O[C@H]1CO[C@H]3OCC[C@H]31)S2(=O)=O,SHDXBRHKJBXVOE-ZMHNVDSDSA-N,Immunology,Immune disorder,True,2001,616.7330000000002,3.2646000000000024,2,9,132.86,8,2,43,5,0.0,1354.2819177187357,12,2,3,0,2,3,5,157.3832999999997,0,234,1,True
CHEMBL577467,COc1cc(COc2ccc3c(c2)C(C)=CC(C)(C)N3)cc(OC)c1,BMRGQLLFZGCQMO-UHFFFAOYSA-N,Pain/Inflammation,Pain management,True,1992,339.43500000000006,4.890200000000004,1,4,39.72,5,2,25,3,0.0,786.5336154242744,4,0,1,0,0,1,0,101.67270000000005,0,132,0,True
CHEMBL610275,CC(=O)N[C@H]1CC[C@@]2(O)[C@H]3Cc4ccc(O)c5c4[C@@]2(CCN3CC2CC2)[C@H]1O5,QNVKCXXNTZQSAE-JVRYAFQOSA-N,Anti-infective,Infection,True,1994,384.4760000000002,1.4609999999999996,3,5,82.03,3,1,28,6,0.0,868.3378804135561,6,3,5,0,1,2,5,102.39530000000005,0,150,0,True
CHEMBL1084170,C[C@@H]1C[C@H](O)CCCc2cc(O)cc(O)c2C(=O)O1,MQAGIKOTEWULFX-PSASIEDQSA-N,Anti-infective,Infection,True,2023,266.293,1.7304000000000002,3,5,86.99,0,1,19,2,0.0,482.96982228258815,5,0,1,0,0,1,2,68.21090000000002,0,104,0,True
CHEMBL1085285,c1ccc(CN2CCC(CNc3n[nH]c4ccccc34)CC2)cc1,YAQNHPBYWUEFCO-UHFFFAOYSA-N,CNS/Neurology,Neurological disorder,True,1999,320.44000000000017,3.8870000000000022,2,3,43.95,5,3,24,4,0.0,772.4478894026971,4,1,1,1,1,1,0,99.02640000000004,0,124,0,True
CHEMBL1076905,CC(C)[C@H](NC(=O)[C@H](C)C[C@H](O)[C@H](COc1cc(F)cc(F)c1)NC(=O)c1cc(C(=O)N[C@H](C)c2ccccc2)cc(N(C)S(C)(=O)=O)c1)C(=O)NCc1ccccc1,YSJJYNYCVZLWDI-UEYNGWECSA-N,CNS/Neurology,Neurological disorder,True,2010,835.971,4.873300000000004,5,8,183.23999999999998,19,4,59,4,0.0,2174.5057680190525,16,0,0,0,0,0,5,219.96439999999944,0,316,1,True
CHEMBL610892,C=CCN1CC[C@]23CC(=O)CC[C@@]2(OCC)[C@H]1Cc1cccc(OC)c13,ZGOGDOMNDGHROQ-CEMLEFRQSA-N,Pain/Inflammation,Pain management,True,1996,355.47800000000007,3.277700000000002,0,4,38.77,5,1,26,4,0.0,730.0975870076077,4,2,3,0,1,1,3,101.76600000000008,0,140,0,True
CHEMBL609157,CCN(NC(=O)c1cc(OC)no1)C(=O)NCc1ccc(-c2cc(Cl)cc(F)c2-c2nnn(C)n2)cc1F,BSTTUUBZUYRDAK-UHFFFAOYSA-N,CNS/Neurology,Neurological disorder,True,1997,546.9220000000003,3.3488000000000016,2,9,140.3,7,4,38,4,0.0,1492.0809096103392,15,0,0,2,0,0,0,129.7329,0,198,1,True
CHEMBL1076656,CC(Cc1ccc2c(c1)OCO2)CN1C[C@H]2CCCC[C@H]2[C@H](C(=O)N2CCN(c3ccc([N+](=O)[O-])cc3)CC2)C1,MQUYWWKLAOXOOD-HJQQVZQISA-N,Immunology,Immune disorder,True,1990,548.6840000000001,4.589100000000005,0,7,88.39000000000001,7,2,40,6,0.0,1212.7064720738422,9,3,4,0,2,3,4,152.70039999999977,0,214,1,True
CHEMBL154818,CCCC[C@H](NC(=O)OC(C(C)C)C(C)C)C(=O)C(=O)Nc1cc(C)[nH]n1,VIFOYOOWJOFKQM-AWEZNQCLSA-N,Pain/Inflammation,Pain management,True,2009,380.4890000000001,3.191320000000001,3,5,113.17999999999999,10,1,27,1,0.0,631.4090955662969,8,0,0,1,0,0,1,103.35510000000005,0,152,0,True
CHEMBL589825,O=C(Nc1ccccc1F)c1ccc(N(CCCl)CCCl)cc1,DBHPUQBVYOYNRL-UHFFFAOYSA-N,Pain/Inflammation,Pain management,True,2020,355.24,4.362000000000003,1,2,32.34,7,2,23,2,0.0,643.2965562458172,6,0,0,0,0,0,0,94.44820000000003,0,122,0,True
CHEMBL591201,COC(=O)NCCc1n[nH]c2c1C(=O)C=C(C)C2=O,LTOUTZOZVKZEER-UHFFFAOYSA-N,Anti-infective,Infection,True,2016,263.253,0.6335000000000002,2,5,101.14999999999998,3,1,19,2,0.0,585.7950093146484,7,0,1,1,0,0,0,65.1174,0,100,0,True
CHEMBL1091763,COCO[C@H]([C@@H]1OC(C)(C)O[C@H]1CO)[C@H](CNC(=O)c1ccccc1)c1ccc2c(c1)OCO2,CLZGVQMOEWULAZ-HGSOSGBHSA-N,Other,Various indications,True,1995,473.5220000000002,2.4303999999999997,2,8,104.71000000000001,10,2,34,4,0.0,966.6429331332879,9,1,2,0,1,2,4,121.74100000000004,0,184,0,True
CHEMBL1209153,O=C(Nc1cccc(C(F)(F)F)c1)O/N=C(\C1CCCCC1)C(Cn1ccnc1)C1CCCCC1,RWULXYMVZBULMY-FEZSWGLMSA-N,Other,Various indications,True,1993,490.57000000000045,7.2834000000000065,1,5,68.50999999999999,7,2,35,4,0.0,978.7331551285354,9,2,2,1,0,0,1,127.84970000000004,0,190,1,True
CHEMBL1076906,CC(C)[C@H](NC(=O)[C@@H](C)C[C@H](O)[C@H](COc1cc(F)cc(F)c1)NC(=O)c1cc(C(=O)N[C@H](C)c2ccccc2)cc(N(C)S(C)(=O)=O)c1)C(=O)NCc1ccccc1,YSJJYNYCVZLWDI-DEMBXUMDSA-N,CNS/Neurology,Neurological disorder,True,2019,835.971,4.873300000000004,5,8,183.23999999999998,19,4,59,4,0.0,2174.5057680190525,16,0,0,0,0,0,5,219.96439999999944,0,316,1,True
CHEMBL1076712,CCC(C)C(=O)c1c[nH]c(OC)c(OC)c1=O,FSOQXWGMTKOLCP-UHFFFAOYSA-N,Anti-infective,Infection,True,2005,239.27099999999996,1.6208999999999998,1,4,68.39000000000001,5,1,17,1,0.0,464.06369992101946,5,0,0,1,0,0,1,63.95220000000004,0,94,0,True
CHEMBL1078817,C[N+](C)(C)CCN[N+]1(C)CCCc2ccccc21.[I-].[I-],NMYMMZMFXBMVLK-UHFFFAOYSA-L,Other,Various indications,True,2011,503.21,-4.211299999999994,1,1,12.03,4,1,20,2,0.0,417.8248072518145,5,0,1,0,0,1,1,78.25010000000006,0,116,1,True
CHEMBL532261,COc1ccc2c(=NN=Cc3ccc(OC)c4ccccc34)cc(C)[nH]c2c1,QNEJPRMHDIKCQZ-UHFFFAOYSA-N,CNS/Neurology,Neurological disorder,True,1996,371.4400000000001,4.581520000000004,1,4,58.970000000000006,4,4,28,4,0.0,1255.8981312242202,5,0,0,1,0,0,0,113.24470000000004,0,140,0,True
CHEMBL1084953,CN(C)CCCC(C)(C)c1ccc(C(C)(C)C)cc1,ZRTRUGYLYVVKRW-UHFFFAOYSA-N,Pain/Inflammation,Pain management,True,2016,261.453,4.603500000000005,0,1,3.24,5,1,19,1,0.0,379.1464645198251,1,0,0,0,0,0,0,85.95600000000007,0,108,0,True
CHEMBL549249,O=C1Nc2cccc3c2C1(CCCCCN1CC=C(c2c[nH]c4ccccc24)CC1)CCC3,YITRFDKXVGYFEH-UHFFFAOYSA-N,CNS/Neurology,Neurological disorder,True,1993,439.6030000000002,6.043800000000006,2,2,48.13,7,3,33,6,0.0,1222.5849621919554,4,0,3,1,0,2,1,135.48839999999996,0,170,1,True
CHEMBL591912,COc1ccc2cc([C@H](O)[C@H](C)N3CCN(Cc4ccccc4)CC3)ccc2c1Cl,ZCAQYJBALMKXDC-AVRWGWEMSA-N,CNS/Neurology,Neurological disorder,True,2015,424.9720000000001,4.741500000000005,1,4,35.940000000000005,6,3,30,4,0.0,987.1101121809395,5,1,1,0,1,1,2,123.22380000000004,0,158,0,True
CHEMBL590250,CC(C)N(CCO)CCC(=O)c1ccc(C#N)cc1,XPAYSNVEQQMHCB-UHFFFAOYSA-N,Anti-infective,Infection,True,2007,260.337,1.83378,1,4,64.33,7,1,19,1,0.0,446.20853295188147,4,0,0,0,0,0,0,73.89930000000004,0,102,0,True
CHEMBL590259,CCCCCOC(=O)N1CCN(C(=O)C(CCC(=O)O)NC(=O)c2cc(N3CCC(COC)C3)cc(-c3ccccc3)n2)CC1,CWDIMLKYILDHMH-UHFFFAOYSA-N,Immunology,Immune disorder,True,2023,623.7510000000001,3.6555000000000026,2,8,141.61,14,2,45,4,0.0,1299.6057016545117,12,2,2,1,2,2,2,169.01899999999955,0,244,1,True
CHEMBL555862,Cl.NCCCC[C@@H](NC(=O)C1CCCCCCC(CS)C(=O)N1)C(=O)O,UWCHZBLBKKUVFU-YLIRPONSSA-N,Other,Various indications,True,2000,409.9800000000001,1.4915999999999994,5,5,121.52,8,0,26,1,0.0,453.7239244592382,9,1,1,0,1,1,3,106.69560000000006,0,152,0,True
CHEMBL553689,Cc1ccc2c(c1)/C(=N/O)C(=O)N2c1ccccc1,PNLHUNUUQFPDCB-PEZBUJJGSA-N,Pain/Inflammation,Pain management,True,2019,252.27300000000002,2.8516200000000005,1,3,52.900000000000006,1,2,19,3,0.0,677.7998592306848,4,0,1,0,0,1,0,73.09050000000003,0,94,0,True
CHEMBL261102,Cc1cccc(N2CCN(CCCC(=O)NCc3nc4cc(F)ccc4c(=O)n3-c3ccccc3)CC2)c1C,JLBUARJMJJDHRK-UHFFFAOYSA-N,CNS/Neurology,Neurological disorder,True,1996,527.6440000000002,4.360240000000004,1,6,70.47,8,4,39,5,0.0,1527.7880129040022,8,1,1,1,1,1,0,152.94769999999974,0,202,1,True
CHEMBL33423,CC(=O)c1c(-c2ccc(Cl)cc2)c(-c2ccc(Cl)cc2)nn(CCOC(=O)CCN)c1=O.Cl,BOODMZDEYVHUHY-UHFFFAOYSA-N,CNS/Neurology,Neurological disorder,True,2022,510.80500000000035,4.400500000000005,1,7,104.28,8,3,33,3,0.0,1193.3137607027522,10,0,0,1,0,0,0,131.27190000000007,0,174,1,True
CHEMBL609524,Cn1cnc2c(ncn2C2O[C@H](COP(=O)(O)O)[C@@H](O)[C@H]2O)c1=S,HCARGLJVVIPUHU-NCYAXNGYSA-N,Cardiovascular,Heart disease,True,1998,378.303,-0.7722100000000003,4,10,152.09,4,2,24,3,0.0,863.6644930490135,13,1,1,2,1,1,4,81.25270000000002,0,132,0,True
CHEMBL1091391,NC(CO)(CO)CCc1ccc(-c2ccc(Sc3ccc(Cl)cc3)cc2F)cc1,ROTMQVKHHRIZRI-UHFFFAOYSA-N,CNS/Neurology,Neurological disorder,True,2016,431.96000000000015,4.9120000000000035,3,4,66.48,8,3,29,3,0.0,944.0965881930587,6,0,0,0,0,0,0,116.82200000000002,0,152,0,True
CHEMBL1091854,COc1ccc2c(c1)c(/C=C1\Oc3cc(O)cc(O)c3C1=O)cn2CCCN1CCN(CCO)CC1,XZLMDULFAHJEDT-MXAYSNPKSA-N,Metabolic,Metabolic disorder,True,2017,493.56000000000046,2.6773000000000007,3,9,107.63000000000001,8,3,36,5,0.0,1306.5715534042743,9,1,2,1,1,2,0,135.77989999999997,0,190,0,True
CHEMBL610050,OC[C@H]1OC(n2cnc3c(NCCc4c[nH]cn4)ncnc32)[C@H](O)[C@@H]1O,FSHTYAMZKGATIU-FJFSNTMWSA-N,Cardiovascular,Heart disease,True,2020,361.3620000000001,-1.1845,5,10,154.23,6,3,26,4,0.0,868.1422182737878,11,1,1,3,1,1,4,89.11380000000001,0,138,0,True
CHEMBL610765,O=C(O)c1ccccc1-c1cc2ccccc2s1,YAZHSSSQPLDAAX-UHFFFAOYSA-N,CNS/Neurology,Neurological disorder,True,2007,254.31,4.2665000000000015,1,2,37.3,2,3,18,3,0.0,694.9466229688621,3,0,0,1,0,0,0,74.22030000000004,0,88,0,True
CHEMBL1075841,CC(C)(C)OC(=O)n1cnc(C[C@H](NC(=O)[C@H](Cc2ccccc2)NC(=O)CNC(=O)c2coc(-c3ccccc3)n2)C(=O)O)c1,GFMNJNBHPXDZNG-ZEQRLZLVSA-N,Immunology,Immune disorder,True,2000,630.6580000000002,2.590699999999999,4,10,194.74999999999997,12,4,46,4,0.0,1677.0403000862902,14,0,0,2,0,0,2,163.47839999999968,0,240,1,True
CHEMBL556060,CCCCN(CCCC)Cc1c(C)nc2n(-c3c(C)cc(C)cc3Cl)c3ncccc3n12,QVRMPSNMXGPZHS-UHFFFAOYSA-N,CNS/Neurology,Neurological disorder,True,2007,452.04600000000016,6.654060000000008,0,5,38.36,9,4,32,4,0.0,1205.1999743832698,6,0,0,3,0,0,0,134.134,0,170,1,True
CHEMBL1209059,Cc1cc(OCc2c(-c3c(Cl)cccc3Cl)noc2C(C)C)ncc1[N+](=O)[O-],GCUIBYDUKQGFPK-UHFFFAOYSA-N,CNS/Neurology,Neurological disorder,True,2019,422.2680000000002,5.962420000000004,0,6,91.29,6,3,28,3,0.0,1013.7633655574303,9,0,0,2,0,0,0,106.00840000000004,0,146,1,True
CHEMBL568973,N#Cc1cncc(/C=C/c2ccccc2)c1Oc1ccc2[nH]ccc2c1,IMMBFBPNPIRCBR-VOTSOKGWSA-N,CNS/Neurology,Neurological disorder,True,2010,337.382,5.397280000000003,1,3,61.699999999999996,4,4,26,4,0.0,1121.0536854882407,4,0,0,2,0,0,0,102.69470000000003,0,124,1,True
CHEMBL4116084,CCN(CC)CCNc1c2ccccc2[n+](C)c2c1oc1ccc(OCCC[N+](C)(C)C)cc12,NHVKJHNFIRJYDA-UHFFFAOYSA-O,CNS/Neurology,Neurological disorder,True,1993,464.6540000000004,4.792500000000005,1,4,41.519999999999996,11,4,34,4,0.0,1268.5974009509196,6,0,0,2,0,0,0,141.6910999999999,0,182,0,True
CHEMBL569907,N#Cc1c2n(c(=O)n(-c3ccccc3)/c1=N\CCO)CCC2,PEJOLPAPHXVPPB-SDXDJHTJSA-N,Anti-infective,Infection,True,2016,296.3300000000001,0.3498799999999996,1,6,83.31,3,2,22,3,0.0,856.6852614849803,6,0,1,1,0,1,0,80.58080000000002,0,112,0,True
CHEMBL1076357,COc1ccccc1CNC(=O)c1cc(C(F)(F)F)nn1-c1cccc(-c2noc([C@H](C)N)n2)c1,VVKWJYOJWNFLGY-ZDUSSCGKSA-N,CNS/Neurology,Neurological disorder,True,2007,486.4540000000002,3.899400000000001,2,8,121.08999999999999,7,4,35,4,0.0,1346.2778268155525,12,0,0,2,0,0,1,118.6246,0,182,0,True
CHEMBL158670,COC1CC[C@@H]([C@H](C)O)OO1,CKMHGCHTOSNQKN-WABBHOIFSA-N,Anti-infective,Infection,True,1995,162.185,0.4503,1,4,47.92,2,0,11,1,0.0,107.00820116821994,4,1,1,0,1,1,3,37.6698,0,66,0,True
CHEMBL611047,C#CC1c2cc(O)c(OC)cc2CCN1C,JQQBLCREULHWLC-UHFFFAOYSA-N,Anti-infective,Infection,True,2022,217.26799999999997,1.5630000000000002,1,3,32.7,1,1,16,2,0.0,447.9811955278355,3,0,1,0,0,1,1,62.566800000000036,0,84,0,True
CHEMBL1077257,CC[C@H](C)[C@@H](NC1=C(Br)C(=O)C(N[C@@H](C)C(=O)OC)=C(Br)C1=O)C(=O)OC,XVTYIBHYWWGOOY-DKCNOQQISA-N,Other,Various indications,True,2014,510.17900000000026,1.6796,2,8,110.8,8,0,27,1,0.0,716.2121907258532,10,0,1,0,0,0,3,104.92840000000004,0,150,1,True
CHEMBL156901,COc1ccccc1OCC(O)CNC(C)C,LFTFGCDECFPSQD-UHFFFAOYSA-N,Anti-infective,Infection,True,2007,239.31499999999997,1.4328999999999998,2,4,50.72,7,1,17,1,0.0,328.1955429135403,4,0,0,0,0,0,1,67.63450000000005,0,96,0,True
CHEMBL595793,O=C1Nc2ccccc2/C1=N/N=C/c1ccccc1F,UWJOKOSIZJNUJI-RQZCQDPDSA-N,Pain/Inflammation,Pain management,True,1992,267.263,2.601000000000001,1,3,53.82,2,2,20,3,0.0,737.4034143806796,5,0,1,0,0,1,0,75.60270000000003,0,98,0,True
CHEMBL569926,CCCCCCCCCCCCCCOP(=O)([O-])OCC[N+](C)(C)CCCCCCCC,WOGOTDVDKZZNLM-UHFFFAOYSA-N,Other,Various indications,True,2013,477.71100000000047,7.626000000000009,0,4,58.59,25,0,32,0,0.0,445.5428149193208,6,0,0,0,0,0,1,135.8069,0,194,1,True
CHEMBL578823,C=CC/N=c1/c(C#N)c2n(c(=O)n1-c1ccccc1)CCC2,CJZPXJAEELQJCH-MNDPQUGUSA-N,Anti-infective,Infection,True,2010,292.3420000000001,1.54358,0,5,63.08,3,2,22,3,0.0,881.8456741308659,5,0,1,1,0,1,0,83.69200000000004,0,110,0,True
CHEMBL581077,COc1cc(CNCCCNc2nc3ncccc3[nH]2)c2[nH]cc(Br)c2c1,NTTWATCHDBYZFE-UHFFFAOYSA-N,CNS/Neurology,Neurological disorder,True,1998,429.3220000000001,3.802100000000001,4,5,90.65,8,4,27,4,0.0,1023.9106425936302,8,0,0,3,0,0,0,111.25280000000002,0,140,0,True
CHEMBL1091683,CC(=O)N[C@H](CO)C(=O)NCc1ccc(N=C=S)cc1,RTDHMSQIVRLNHO-GFCCVEGCSA-N,Anti-infective,Infection,True,1990,293.348,0.5341000000000001,3,5,90.79,6,1,20,1,0.0,524.1678479977523,7,0,0,0,0,0,1,77.66520000000001,0,106,0,True
CHEMBL605173,CCCCNc1ncnc2c1cnn2C1O[C@H](CO)[C@@H](O)[C@H]1O,BCHWIDRHPBDXBA-POGOCJABSA-N,Cardiovascular,Heart disease,True,2004,323.353,-0.35020000000000057,4,9,125.55000000000001,6,2,23,3,0.0,663.6550865466301,9,1,1,2,1,1,4,81.73010000000002,0,126,0,True
CHEMBL1090695,CCOC(=O)C1=C(O)CC(c2ccccc2)N(C(O)CN2CCSCC2)C1c1ccccc1,YYNBDMKKPFKBPI-UHFFFAOYSA-N,Other,Various indications,True,2011,468.6190000000003,3.917100000000003,2,7,73.24,7,2,33,4,0.0,947.2789495466317,7,1,2,0,1,2,3,130.8816,0,176,0,True
CHEMBL534251,COc1ccc(-c2cc(C(=O)N[C@@H](CC3CCCCC3)C(=O)NCCN3CCCC3)ccc2O)cc1,QNARLBYVRFFRHW-SANMLTNESA-N,Other,Various indications,True,2002,493.64800000000037,4.348600000000004,3,5,90.89999999999999,10,2,36,4,0.0,1011.679385238615,7,2,2,0,1,1,1,141.2246999999999,0,194,0,True
CHEMBL1076341,CS(=O)(=O)Nc1ccc2c(c1)S(=O)(=O)N=C(C1=C(O)[C@@H]3[C@@H]4CC[C@@H](C4)[C@@H]3N(Cc3cccc(C(F)(F)F)c3)C1=O)N2,WNXHPKPWYIJUEI-ZUVUYASXSA-N,Immunology,Immune disorder,True,2022,610.6360000000004,3.8588000000000022,3,7,145.24,5,2,41,6,0.0,1754.1245273466784,15,2,4,0,0,2,4,142.90979999999985,0,218,1,True
CHEMBL1077282,CCCC(=O)Nc1n[nH]c2cc(-c3ccc(C(F)(F)F)cc3)ccc12,HDHMULFUGUOVIM-UHFFFAOYSA-N,CNS/Neurology,Neurological disorder,True,2003,347.34000000000003,4.987300000000003,2,2,57.78,4,3,25,3,0.0,898.0654443812651,7,0,0,1,0,0,0,90.06940000000002,0,130,0,True
CHEMBL600373,COc1ccc(C2C3=C(O)CC(c4ccccc4)CC3=NC(C)=C2C(=O)OCC(C)C)cc1OC,WRVWMYCOZDLSHX-UHFFFAOYSA-N,Other,Various indications,True,2020,475.5850000000003,6.104900000000006,1,6,77.35000000000001,7,2,35,4,0.0,1192.8077781368786,6,0,2,0,0,1,2,136.29079999999996,0,184,1,True
CHEMBL563301,COC(=O)CCc1nc(C2CC(c3ccc(O)c(F)c3)=NO2)no1,QVOODYQAHMMUQF-UHFFFAOYSA-N,Other,Various indications,True,2004,335.29100000000005,1.8856,1,8,107.04,5,2,24,3,0.0,789.1667547227935,9,0,1,1,0,1,1,77.67980000000001,0,126,0,True
CHEMBL562953,Cc1ccc2c(c1)nc1n2C[C@H](N)[C@@H](c2cc(F)c(F)cc2F)C1.O=C(O)C(F)(F)F,PQGKRUNQFUMZQM-BTAXJDQBSA-N,CNS/Neurology,Neurological disorder,True,2021,445.3630000000001,4.062520000000002,2,4,81.14,1,3,31,4,0.0,1142.1260909535363,11,0,1,1,0,1,2,98.89720000000005,0,166,0,True
CHEMBL577321,Clc1ccc2c(N/N=C/c3ccccc3)ccnc2c1,NWLRNZBSRSGYDK-YBFXNURJSA-N,CNS/Neurology,Neurological disorder,True,2014,281.74600000000004,4.334200000000003,1,3,37.28,3,3,20,3,0.0,754.0216596263433,4,0,0,1,0,0,0,84.41170000000004,0,98,0,True
CHEMBL576493,CC(=O)/N=C1\NCCC(c2cn(C)c3ccccc23)N1,VCUFDBIRNUBVLL-UHFFFAOYSA-N,Anti-infective,Infection,True,2005,270.336,1.7047999999999996,2,2,58.42,1,2,20,3,0.0,686.238383762423,5,1,1,1,1,1,1,79.53140000000005,0,104,0,True
CHEMBL578483,CCN1CCN(c2nc3ccccn3c(=O)c2/C=C2\SC(=S)N(C(C)C)C2=O)CC1,MKAZVHXVFNDIMU-SSZFMOIBSA-N,Other,Various indications,True,2007,443.59800000000024,2.4460000000000006,0,8,61.160000000000004,4,2,30,4,0.0,1086.4835283211753,9,2,2,2,2,2,0,125.93700000000004,0,158,0,True
CHEMBL591228,Cc1nc2ccc3cnc(Nc4ccccc4)nc3c2s1,DZTKJPVNRWPJLO-UHFFFAOYSA-N,CNS/Neurology,Neurological disorder,True,1993,292.367,4.291520000000001,1,5,50.7,2,4,21,4,0.0,930.9845533728324,5,0,0,2,0,0,0,87.17770000000003,0,102,0,True
CHEMBL589736,C=CCOC(=O)C1=C(C)N=C(C)/C(=C(\O)OCC=C)C1c1ccc(OC)c(OC)c1,AIMGUYPTZIWYHL-QOCHGBHMSA-N,Other,Various indications,True,1998,413.4700000000002,4.237300000000003,1,7,86.58000000000001,9,1,30,2,0.0,925.6210607181853,7,0,1,0,0,1,1,115.05580000000005,0,160,0,True
CHEMBL1089152,COc1cccc2c(=O)c3cccc(C(=O)Nc4ccccn4)c3[nH]c12,CCCLPBXTXWVQIT-UHFFFAOYSA-N,CNS/Neurology,Neurological disorder,True,1996,345.35800000000006,3.337200000000001,2,4,84.08000000000001,3,4,26,4,0.0,1183.4872317544396,6,0,0,2,0,0,0,100.81690000000002,0,128,0,True
CHEMBL605451,OC[C@H]1OC(n2cnc3c(NCCc4ccccc4)nc(NCCc4ccccc4)nc32)[C@H](O)[C@@H]1O,ZQMZXBHWVOHWIF-ODZZBHCRSA-N,Metabolic,Metabolic disorder,True,2002,490.5640000000002,1.7469999999999994,5,10,137.58,10,4,36,5,0.0,1269.6757323912175,10,1,1,2,1,1,4,135.60379999999998,0,188,0,True
CHEMBL1078833,CC(C)C[C@H](NC(=O)CS)C(=O)N[C@@H](CCCNC(=N)N)C(N)=O,WQYGFSLSGTWCQM-UWVGGRQHSA-N,Cardiovascular,Heart disease,True,2023,360.4840000000001,-1.3195299999999968,7,5,163.19,11,0,24,0,0.0,457.7907329806938,10,0,0,0,0,0,2,95.51460000000003,0,138,1,True
CHEMBL1077360,CCCC[C@H]1CN(CC2CCOCC2)C(=O)OC12CCN(C1(C)C[C@H]3CN(C(=O)c4c(C)ncnc4C)C[C@H]3C1)CC2,FKZHYKLECQCSAZ-MQFZPSJKSA-N,Other,Various indications,True,2023,581.802,4.853940000000004,0,7,88.10000000000001,7,1,42,6,0.0,1111.0002202454457,9,5,5,1,4,4,4,160.1784999999997,0,232,1,True
CHEMBL1075834,C#CCOc1ccc(/C=C/C(=O)Nc2ccccc2C(=O)O)cc1OC,UIWZIDIJCUEOMT-PKNBQFBNSA-N,Pain/Inflammation,Pain management,True,2008,351.3580000000001,3.0573000000000015,2,4,84.86,7,2,26,2,0.0,880.0105461830983,6,0,0,0,0,0,0,98.38700000000004,0,132,0,True
CHEMBL574932,C(#Cc1ccccc1)CCN1CCCCC1,PBQQXALDAWSWMT-UHFFFAOYSA-N,Pain/Inflammation,Pain management,True,2014,213.32399999999993,2.9141000000000012,0,1,3.24,2,1,16,2,0.0,352.016495730168,1,1,1,0,1,1,0,68.22800000000004,0,84,0,True
CHEMBL157834,COc1ccc(COC(=O)NC(C(=O)N[C@@H](Cc2ccccc2)C[C@H](O)[C@H](Cc2ccccc2)NC(=O)OCc2cccnc2)C(C)C)cn1,NGQKDHYHLZRDDS-OKCSSABNSA-N,CNS/Neurology,Neurological disorder,True,2005,683.8059999999999,4.752200000000003,4,9,161.0,17,4,50,4,0.0,1609.3952993191924,12,0,0,2,0,0,4,186.92789999999945,0,264,1,True
CHEMBL585178,CC1=C(C(=O)Nc2ccccc2Cl)C(c2ccco2)NC(=S)N1,UHLNRIOBYGLKHX-UHFFFAOYSA-N,Pain/Inflammation,Pain management,True,1994,347.827,3.3645000000000005,3,3,66.3,3,2,23,3,0.0,786.3828530018236,7,0,1,1,0,1,1,93.10010000000003,0,118,0,True
CHEMBL584341,Cc1cn(C[C@H]2C[C@H](NC(=O)C(N)CC(C)C)[C@@H](CO)O2)c(=O)[nH]c1=O,ARYNKGQECODZEH-NIWMIYJQSA-N,Cardiovascular,Heart disease,True,2016,368.43400000000014,-1.146979999999998,4,7,139.44,7,1,26,2,0.0,741.404161757723,9,1,1,1,1,1,4,95.78460000000004,0,146,0,True
CHEMBL591437,CCCCN(Cc1cccc(C)c1O)C(=S)Nc1ccccc1,MSQALUIPMRXAFL-UHFFFAOYSA-N,Pain/Inflammation,Pain management,True,2019,328.48100000000005,4.699720000000005,2,2,35.5,6,2,23,2,0.0,643.0728017916449,4,0,0,0,0,0,0,100.82450000000003,0,122,0,True
CHEMBL592890,COc1ccc(C(=O)N[C@@H](Cc2c[nH]cn2)C(=O)N/N=C/c2ccccc2)cc1,WNHZDTLNANKVCV-OGBFJMLUSA-N,Anti-infective,Infection,True,1997,391.43100000000004,1.9096999999999995,3,5,108.46999999999998,8,3,29,3,0.0,953.7512379854128,8,0,0,1,0,0,1,108.7186,0,148,0,True
CHEMBL1084615,O=C(CCCCN1CCOCC1)Nc1ccc(-c2cccnc2)cc1,XCHIZTUBUXZESJ-UHFFFAOYSA-N,Pain/Inflammation,Pain management,True,2023,339.439,3.1896000000000013,1,4,54.46,7,2,25,3,0.0,652.4013003794247,5,1,1,1,1,1,0,99.41270000000004,0,132,0,True
CHEMBL1077095,CC1=C(C(=O)Nc2cccc([N+](=O)[O-])c2)C(c2ccc(O)cc2O)NC(NN)=N1,OGASXTFKHUDJSL-UHFFFAOYSA-N,Other,Various indications,True,2002,398.3790000000001,1.3822999999999994,6,9,175.14,4,2,29,3,0.0,1048.7872563941357,11,0,1,0,0,1,1,104.83250000000001,0,150,1,True
CHEMBL1082252,CC[C@@]12C=Cn3c4c(c5ccccc53)CC[N+]([O-])(CCC1)[C@H]42,ZEQJZDNETKHVAA-QSJYAPKHSA-N,Pain/Inflammation,Pain management,True,2016,294.398,4.227600000000003,0,2,27.99,1,2,22,5,0.0,805.113241088256,3,1,3,1,1,3,3,89.03240000000004,0,114,0,True
CHEMBL611662,CCCCNC(=O)c1nn(-c2ccc(OC)cc2)c(=O)c2ccccc12,SPQOSCRGWNSFGO-UHFFFAOYSA-N,Pain/Inflammation,Pain management,True,1994,351.40600000000006,2.924200000000001,1,5,73.22,6,3,26,3,0.0,977.7531198223194,6,0,0,1,0,0,0,101.13320000000002,0,134,0,True
CHEMBL612129,CCN(CC)c1nc(S)nc(NC(C)(C)C)n1,KRFDMAVFWPYSDG-UHFFFAOYSA-N,Pain/Inflammation,Pain management,True,1990,255.39100000000002,2.2169,2,6,53.940000000000005,4,1,17,1,0.0,370.6148067103703,6,0,0,1,0,0,0,74.01570000000005,0,96,0,True
CHEMBL534280,O=c1c(Br)c(C(F)(F)F)[nH]c2ccc(Oc3ccccc3)cc12,QWHRFEGNVCBEOD-UHFFFAOYSA-N,CNS/Neurology,Neurological disorder,True,2023,384.1510000000001,5.101700000000002,1,2,42.09,2,3,23,3,0.0,920.2420454412461,7,0,0,1,0,0,0,83.78670000000002,0,118,1,True
CHEMBL610179,O=C(O)CN1C(=O)c2ccc(Oc3cccc([N+](=O)[O-])c3)cc2C1=O,XMGPSFDLTPNHOU-UHFFFAOYSA-N,Pain/Inflammation,Pain management,True,2020,342.2630000000001,2.0677,1,6,127.05000000000001,5,2,25,3,0.0,922.4492921250467,9,0,1,0,0,1,0,82.61520000000003,0,126,0,True
CHEMBL1084042,CNCCC(C)N1c2ccccc2N(c2ccccc2F)S1(=O)=O,OIHGHECQZMOUEI-UHFFFAOYSA-N,Pain/Inflammation,Pain management,True,1994,349.4310000000001,3.026600000000002,1,3,52.65,5,2,24,3,0.0,841.2342286012771,7,0,1,0,0,1,1,94.38550000000005,0,128,0,True
CHEMBL584773,Cc1ccc(/C=C/c2nc3cc(Br)ccc3[nH]2)cc1,HBFUZKJGDYSNIQ-RMKNXTFCSA-N,CNS/Neurology,Neurological disorder,True,1995,313.19800000000004,4.804220000000003,1,1,28.68,2,3,19,3,0.0,739.0348510227261,3,0,0,1,0,0,0,83.90070000000001,0,94,0,True
CHEMBL600867,Cc1cc(C)nc(N/C=C(\C#N)C(=O)c2cccc(CSc3ccccc3)c2)n1,FTWQHCULAXXMTB-XSFVSMFZSA-N,CNS/Neurology,Neurological disorder,True,1992,400.5070000000001,5.088020000000005,1,6,78.67,7,3,29,3,0.0,1067.282016296162,6,0,0,1,0,0,0,115.6002,0,144,1,True
CHEMBL568755,Cn1ccnc1CCn1cc(C(=O)C2C(C)(C)C2(C)C)c2ccccc21,BYPMRDDODQUEJN-UHFFFAOYSA-N,CNS/Neurology,Neurological disorder,True,1990,349.47800000000007,4.482400000000005,0,4,39.82,5,3,26,4,0.0,975.9087378087207,4,1,1,2,0,0,0,104.23250000000004,0,136,0,True
CHEMBL1076587,O=C(Nc1ccc(-c2ccncc2)c(-c2cccc(F)c2)n1)C1CC1,XTKWYENKGIRGAI-UHFFFAOYSA-N,CNS/Neurology,Neurological disorder,True,2016,333.3660000000001,4.298200000000002,1,3,54.88,4,3,25,4,0.0,923.2342087044208,5,1,1,2,0,0,0,94.21570000000003,0,124,0,True
CHEMBL1083884,CC(=O)O.OCCOCCCCCCNC[C@H](O)c1ccc(O)c(CO)c1,CVXARJMJYXZVSG-LMOVPXPDSA-N,Anti-infective,Infection,True,1993,387.47300000000007,1.1677,6,7,139.48000000000002,13,1,27,1,0.0,506.8315748989879,8,0,0,0,0,0,1,101.54170000000005,0,156,1,True
CHEMBL160341,COCc1c(O)c(=O)cc(C)n1C,MUWFNDJYVFXETN-UHFFFAOYSA-N,Anti-infective,Infection,True,1992,183.20699999999997,0.54572,1,4,51.46,2,1,13,1,0.0,367.8579430070881,4,0,0,1,0,0,0,48.797800000000024,0,72,0,True
CHEMBL1077381,Cc1ncn2c1Cn1ncnc1-c1cc(Cl)ccc1-2,FVIWEOUHYRAQKY-UHFFFAOYSA-N,Pain/Inflammation,Pain management,True,1992,271.711,2.454320000000001,0,5,48.53,0,3,19,4,0.0,786.1850423929408,6,0,1,2,0,1,0,71.42900000000003,0,94,0,True
CHEMBL601490,Oc1ccc(Cl)cc1Nc1ncnc2ccc(Br)cc12,OJIHBKDQWIXZKW-UHFFFAOYSA-N,CNS/Neurology,Neurological disorder,True,2008,350.603,4.494900000000001,2,4,58.04,2,3,20,3,0.0,794.4710690748586,6,0,0,1,0,0,0,83.6375,0,100,0,True
CHEMBL600052,O=C(NCC(O)c1ccccc1)c1ccc(N2CCC(C(=O)c3ccccc3OC(F)(F)F)CC2)nn1,GTAOGLKFEWOPTJ-UHFFFAOYSA-N,CNS/Neurology,Neurological disorder,True,2003,514.5040000000002,3.9379000000000026,2,7,104.65,8,3,37,4,0.0,1214.496349750599,11,1,1,1,1,1,1,128.1595,0,194,1,True
CHEMBL571967,CCOC(=O)c1cc(-c2cccc(OCc3cc(F)ccc3F)c2)on1,HLPPJRJNQVCNQS-UHFFFAOYSA-N,CNS/Neurology,Neurological disorder,True,2014,359.32800000000003,4.375500000000003,0,5,61.56,6,3,26,3,0.0,923.407519143326,7,0,0,1,0,0,0,88.58550000000004,0,134,0,True
CHEMBL571523,COc1ccc(CC(=O)Nc2cn([C@H]3C[C@H](O)C3)cn2)cc1,SVPUOZWGAJVQMQ-JOCQHMNTSA-N,Anti-infective,Infection,True,2011,301.346,1.7686999999999997,2,5,76.38,5,2,22,3,0.0,644.91057185824,6,1,1,1,0,0,0,81.83250000000002,0,116,0,True
CHEMBL571980,CCC(CC)Nc1ccc(O)c2ccccc12,LZQSUKJAJXHQLF-UHFFFAOYSA-N,Pain/Inflammation,Pain management,True,2014,229.323,4.145900000000003,2,2,32.26,4,2,17,2,0.0,503.2480211106323,2,0,0,0,0,0,0,73.60550000000005,0,90,0,True
CHEMBL583567,COCCNC(=O)[C@@H](NC(=O)[C@](O)(CCN(Cc1ccc(Br)cc1)NC(=O)[C@@H](NC(=O)OC)C(C)(C)C)Cc1ccccc1)C(C)C,ZLRZAKQLKHYLOI-FPQPQGOJSA-N,Immunology,Immune disorder,True,1991,720.7059999999998,3.320300000000004,5,8,158.32999999999998,17,2,47,2,0.0,1304.1974606214567,13,0,0,0,0,0,3,182.84559999999948,0,260,1,True
CHEMBL1209155,O=C(Nc1cccc(F)c1)O/N=C(\C1CCCCC1)C(Cn1ccnc1)C1CCCCC1,DGKSMPSIDQRZQC-RMLRFSFXSA-N,Other,Various indications,True,1993,440.5630000000003,6.403700000000005,1,5,68.50999999999999,7,2,32,4,0.0,887.1066844542,7,2,2,1,0,0,1,122.80570000000006,0,172,1,True
CHEMBL156703,Cc1ccccc1SC(=O)c1cccc(C=O)n1,ZGECIVBSEKGROL-UHFFFAOYSA-N,Pain/Inflammation,Pain management,True,2004,257.31399999999996,3.1350200000000017,0,4,47.03,3,2,18,2,0.0,595.8527923612363,4,0,0,1,0,0,0,70.99100000000001,0,90,0,True
CHEMBL572573,Nc1nc(SCCc2ccccc2)nc2sc3c(c12)CCN(Cc1ccccc1)C3,RUVWHRYGBDXLEG-UHFFFAOYSA-N,CNS/Neurology,Neurological disorder,True,1999,432.61800000000034,5.166600000000004,1,6,55.04,6,4,30,5,0.0,1142.3096410714052,6,0,1,2,0,1,0,126.95740000000002,0,152,1,True
CHEMBL4116087,CC(=O)c1c[n+](Cc2ccccc2C)ccc1CC1Cc2cc3c(cc2C1=O)OCO3,PFASLSOBNPNVOU-UHFFFAOYSA-N,CNS/Neurology,Neurological disorder,True,2014,414.4810000000003,3.8598200000000036,0,4,56.480000000000004,5,3,31,5,0.0,1214.0239952100499,5,0,2,1,0,1,1,114.71600000000005,0,156,0,True
CHEMBL572743,CN(C)CCc1nc2c(sc3ccc(Cl)cc32)c(=O)[nH]1,RKJBOGXNNPWZEW-UHFFFAOYSA-N,Pain/Inflammation,Pain management,True,2003,307.80600000000004,2.8953000000000007,1,4,48.99,3,3,20,3,0.0,837.4080832039788,6,0,0,2,0,0,0,85.01470000000003,0,104,0,True
CHEMBL577964,COC(=O)c1ccc(C(=O)/N=C(\Nc2ccc3oc(C)cc3c2)N[C@H]2CCCCN(CC(=O)N3CCCC3)C2=O)nc1,OXNNNLQIYQFBKE-DEOSSOPVSA-N,CNS/Neurology,Neurological disorder,True,1999,574.6380000000004,3.124220000000001,2,7,146.44,6,3,42,5,0.0,1508.2193672872374,12,2,2,2,2,2,1,155.08439999999973,0,220,1,True
CHEMBL583568,CNC(=O)[C@@H](NC(=O)[C@@](O)(CCN(Cc1ccccn1)NC(=O)[C@@H](NC(=O)OC)C(C)(C)C)Cc1ccccc1)C(C)(C)C,WKIYIQRNNAPZIQ-NCLPYWGKSA-N,Immunology,Immune disorder,True,2022,612.7720000000002,2.3263000000000034,5,8,161.98999999999998,13,2,44,2,0.0,1245.3752210873931,12,0,0,1,0,0,3,166.73859999999956,0,242,1,True
CHEMBL581297,Cl.Clc1cccnc1N1CCN(c2ncccc2Cl)CC1,PXOVUOWWCSTRHD-UHFFFAOYSA-N,Pain/Inflammation,Pain management,True,1991,345.66100000000006,3.5318000000000023,0,4,32.260000000000005,2,2,21,3,0.0,546.7779207114653,7,1,1,2,1,1,0,90.16800000000003,0,112,0,True
CHEMBL580443,NS(=O)(=O)c1cccc(-c2ccc3ncc(N4CCOCC4)nc3c2)c1,OOSAFBWVRUMCBZ-UHFFFAOYSA-N,Anti-infective,Infection,True,1994,370.4340000000002,1.7808000000000002,1,6,98.41000000000001,3,3,26,4,0.0,1062.9741974199596,8,1,1,1,1,1,0,99.37920000000004,0,134,0,True
CHEMBL589268,CCOC(=O)/C(C#N)=C\Nc1cccc(C(=O)OCC)c1,GEAQITMBUIAHPI-BENRWUELSA-N,Pain/Inflammation,Pain management,True,2001,288.30300000000005,2.24578,1,6,88.42,6,1,21,1,0.0,587.5815681980866,6,0,0,0,0,0,0,76.35020000000003,0,110,0,True
CHEMBL589753,O=C(Nc1ccc(-c2nc3cc(Cl)ccc3o2)cc1)OCc1ccccc1,WWVYLROJZFEZHZ-UHFFFAOYSA-N,CNS/Neurology,Neurological disorder,True,2009,378.8150000000001,5.896900000000004,1,4,64.36,4,4,27,4,0.0,1075.7459320696898,6,0,0,1,0,0,0,104.7047,0,134,1,True
CHEMBL606119,O=C1Cc2cc3c(=O)[nH]c(=O)[nH]c3nc2-c2cnccc2N1,RFPRGIADDZBQOK-UHFFFAOYSA-N,Anti-infective,Infection,True,1996,295.258,0.16799999999999982,3,5,120.6,0,3,22,4,0.0,1050.263044635838,8,0,1,3,0,1,0,78.5491,0,108,0,True
CHEMBL544338,CN(C)S(=O)(=O)Nc1ccc(OCCNC[C@H](O)c2cccnc2)cc1.Cl.Cl,LBCOPDUNMLFFHN-RMRYJAPISA-N,Other,Various indications,True,2014,453.392,1.8455000000000004,3,6,103.79,10,2,28,2,0.0,777.5042063195414,11,0,0,1,0,0,1,114.72900000000001,0,158,0,True
CHEMBL454492,CNc1nc(C#N)nc(N(C)C)c1N,GRBYZMIFUISEDW-UHFFFAOYSA-N,Anti-infective,Infection,True,2005,192.22599999999997,0.03817999999999999,2,6,90.86,2,1,14,1,0.0,378.15327356444834,6,0,0,1,0,0,0,55.03310000000001,0,74,0,True
CHEMBL1079305,COC(C)[C@H]1C2C[C@H]3C4=Nc5ccccc5[C@]45C[C@@H](C2C5OC(C)=O)N3[C@@H]1O,XHABFDBTVXEZFH-YNQCBNRXSA-N,Pain/Inflammation,Pain management,True,1990,382.4600000000001,2.0179000000000005,1,6,71.36,3,1,28,7,0.0,900.2778764503264,6,5,6,0,4,5,10,102.36580000000005,0,148,0,True
CHEMBL611871,CC(=O)Nc1nc(OCc2ccc(I)cc2)c2ncn(C3O[C@H](O)[C@@H](O)[C@H]3O)c2n1,ZEZOERKSUDXKBW-AQVVYNMDSA-N,Immunology,Immune disorder,True,1996,527.2750000000001,0.5372999999999994,4,10,151.85000000000002,5,3,30,4,0.0,1074.8642534353642,12,1,1,2,1,1,4,111.26010000000001,0,158,1,True
CHEMBL576512,c1ccc(Oc2ccc(N3CCNCC3)cc2)cc1,CEDIEUVYUSGIDQ-UHFFFAOYSA-N,Pain/Inflammation,Pain management,True,2004,254.33299999999994,2.8885000000000014,1,3,24.5,3,2,19,3,0.0,504.0319593446315,3,1,1,0,1,1,0,78.04070000000004,0,98,0,True
CHEMBL584356,CCN(CC)C(=O)[C@@H]1C=C2c3cccc4[nH]cc(c34)C[C@H]2N(C(=O)Nc2cccc(C)c2)C1,XQFSXHZCPXWBLA-NTKDMRAZSA-N,CNS/Neurology,Neurological disorder,True,1990,442.5630000000002,4.816720000000004,2,2,68.44,4,3,33,5,0.0,1253.994772429363,6,0,2,1,0,1,2,132.08939999999998,0,170,0,True
CHEMBL584197,COc1cc(C[C@H]2CO[C@H](O)[C@@H]2Cc2ccc(O)c(OC)c2)ccc1O,AQTZWMJGAOIWFV-MDOVXXIYSA-N,Pain/Inflammation,Pain management,True,2005,360.4060000000001,2.4812000000000007,3,6,88.38000000000001,6,2,26,3,0.0,759.9617804140255,6,1,1,0,1,1,3,95.66440000000004,0,140,0,True
CHEMBL583726,CC(=O)OC[C@H](CCC(N)=O)NC(=O)[C@@H]1[C@@H]2C[C@@H]2CN1C(=O)[C@H](CC(C)C)NC(=O)/C=C/c1ccc(OP(=O)(O)O)cc1,PXYHGCNIHUICCB-FYJRAYEDSA-N,Other,Various indications,True,2014,622.6120000000005,0.8625000000000036,5,8,214.65999999999997,15,1,43,3,0.0,1260.5895854088703,15,2,2,0,1,1,5,153.62389999999982,0,236,1,True
CHEMBL583727,CC(C)C[C@H](NC(=O)/C=C/c1ccc(OP(=O)(O)O)cc1)C(=O)N1C[C@H]2C[C@H]2[C@H]1C(=O)N[C@@H](CCC(N)=O)COCc1ccccc1,IFSGXKBOZIROKK-JLEXZSOGSA-N,Immunology,Immune disorder,True,2010,670.7,2.5162000000000013,5,7,197.59,17,2,47,4,0.0,1478.6870539605889,14,2,2,0,1,1,5,173.08889999999963,0,254,1,True
CHEMBL590981,O=c1[nH]c(=O)n([C@@H]2O[C@H](COP(=O)(O)OP(=O)(O)O)[C@@H](O)[C@H]2O)cc1F,FOZCNVFQOJRHFF-UAKXSSHOSA-N,Cardiovascular,Heart disease,True,2010,422.151,-2.4787999999999997,6,10,217.83999999999997,6,1,26,2,0.0,878.1872234689203,17,1,1,1,1,1,5,76.1107,0,148,1,True
CHEMBL590067,COC1=CC(=O)c2c(CCNC(=O)OCc3ccccc3)n[nH]c2C1=O,IMIXXYDASULQSE-UHFFFAOYSA-N,Anti-infective,Infection,True,2017,355.35,1.7878999999999998,2,6,110.38,6,2,26,3,0.0,870.2066552282529,8,0,1,1,0,0,0,90.67440000000005,0,134,0,True
CHEMBL590478,O=C(c1ccc(N2CCOCC2)nc1)N1CCC(NS(=O)(=O)c2cc(S(=O)(=O)c3ccccc3)ccc2C(F)(F)F)CC1,AERQFFVIPCVLOX-UHFFFAOYSA-N,CNS/Neurology,Neurological disorder,True,1996,638.6900000000002,3.3529000000000018,1,8,125.97999999999999,7,3,43,5,0.0,1671.5744680263845,15,2,2,1,2,2,0,149.85379999999978,0,230,1,True
CHEMBL1077343,COC(=O)N1CCN(C2CCN(c3cc(C)c4nc(-c5c(NCCc6ncn(C)c6Cl)cc[nH]c5=O)[nH]c4c3)CC2)CC1,CAFSWHHZBLDQKZ-UHFFFAOYSA-N,CNS/Neurology,Neurological disorder,True,2010,608.1469999999999,3.6209200000000017,3,9,127.41,7,4,43,6,0.0,1663.0194985342894,13,2,2,3,2,2,0,168.08509999999956,0,228,1,True
CHEMBL1077410,CC(C)[C@H](NC(=O)[C@H](CS)NC(=O)CS)C(N)=O,OQDWBAJEGQAHMZ-XPUUQOCRSA-N,Cardiovascular,Heart disease,True,2005,293.41400000000004,-1.0430999999999986,5,5,101.28999999999999,7,0,18,0,0.0,323.48976531674737,8,0,0,0,0,0,2,75.59980000000002,0,104,0,True
CHEMBL1077476,O=C(Nc1ccccc1)c1cnn2ccccc12,MLZWLESPXMPQRM-UHFFFAOYSA-N,Pain/Inflammation,Pain management,True,2020,237.262,2.5866000000000007,1,3,46.400000000000006,2,3,18,3,0.0,688.3403028953866,4,0,0,2,0,0,0,69.58720000000002,0,88,0,True
CHEMBL1093647,CC(C)(C)[C@H](NC(=O)NC1(Cc2ccccn2)CCCCC1)C(=O)N1C[C@H]2[C@@H]([C@H]1C(=O)NC(CC1CC1)C(=O)C(N)=O)C2(C)C,GLAOPGCIMOWNCD-VJFXSFEUSA-N,Other,Various indications,True,1994,622.8110000000003,2.8632000000000035,4,6,163.59,11,1,45,5,0.0,1313.824581349361,11,4,4,1,1,1,5,168.40249999999963,0,246,1,True
CHEMBL1082938,CC(=O)CSc1cnnn1-c1ccccc1,ZEWXXPJFFAXSFB-UHFFFAOYSA-N,Anti-infective,Infection,True,1999,233.29600000000002,1.9484000000000001,0,5,47.78,4,2,16,2,0.0,480.98471428352866,5,0,0,1,0,0,0,62.76400000000003,0,82,0,True
CHEMBL1085225,Cc1cc(C#N)nc(C)c1C(=O)N1CCC(C)(N2CCC(N3C(=O)N(CC4CCOCC4)C[C@H]3c3ccccc3)CC2)CC1,VCDAYNSEVSLHGF-HKBQPEDESA-N,Immunology,Immune disorder,True,2003,598.7920000000001,4.934720000000005,0,6,93.01,6,2,44,6,0.0,1361.914053421249,9,4,4,1,4,4,1,168.0974999999995,0,234,1,True
CHEMBL1076265,CS(=O)(=O)Nc1ccc2c(c1)S(=O)(=O)N=C(C1=C(O)[C@@H]3[C@@H]4CC[C@@H](C4)[C@@H]3N(Cc3ccc(F)cc3)C1=O)N2,DEKOYVOWOVJMPM-ZUVUYASXSA-N,Immunology,Immune disorder,True,2019,560.6290000000004,2.9791000000000007,3,7,145.24,5,2,38,6,0.0,1636.0466170147859,13,2,4,0,0,2,4,137.86579999999992,0,200,1,True
CHEMBL1076268,Clc1cc2nc(NCCc3ccc(NC4=NCCCS4)cc3)sc2cc1Cl,HJQIGEHRHUFSHR-UHFFFAOYSA-N,CNS/Neurology,Neurological disorder,True,1999,437.42100000000016,6.162500000000003,2,6,49.31,5,3,27,4,0.0,930.7501453716789,8,0,1,1,0,1,0,121.2754,0,140,1,True
CHEMBL1077444,NC(=O)C[C@H](NC(=O)CS)C(=O)N[C@@H](Cc1ccccc1)C(N)=O,FWIAKJCGLTYNRM-QWRGUYRKSA-N,Cardiovascular,Heart disease,True,2000,352.41600000000005,-1.5107999999999973,5,5,144.38,9,1,24,1,0.0,608.7514317657897,9,0,0,0,0,0,2,90.86620000000002,0,130,0,True
CHEMBL157397,CCc1ccc(N(O)C(C)=O)cc1,RQTIYOGWDGRMRI-UHFFFAOYSA-N,Anti-infective,Infection,True,1995,179.219,1.9910999999999999,1,2,40.54,2,1,13,1,0.0,292.2979848465724,3,0,0,0,0,0,0,50.76650000000002,0,70,0,True
CHEMBL602507,N#CCc1c(C(=O)N2CCc3ccccc3C2)nn(-c2ccccc2Cl)c1-c1ccc(Cl)cc1,UMSRMGGHAQPYRQ-UHFFFAOYSA-N,CNS/Neurology,Neurological disorder,True,2000,487.3900000000002,6.110680000000005,0,4,61.92,4,4,34,5,0.0,1419.5684050947093,7,0,1,1,0,1,0,133.22349999999992,0,168,1,True
CHEMBL602514,O=C(C1=C(O)c2ccccc2S(=O)(=O)N1Cc1ccccc1)c1ccccc1,DNFJTXYJHUNVRO-UHFFFAOYSA-N,CNS/Neurology,Neurological disorder,True,1991,391.44800000000004,4.000600000000003,1,4,74.67999999999999,4,3,28,4,0.0,1169.4282219781348,6,0,1,0,0,1,0,105.93410000000002,0,140,0,True
CHEMBL602709,CC(C)OC(=O)C1=CN(C(=O)c2cccc(OCCCN3CCN(C)CC3)c2)CC(C)(C)c2c1[nH]c1ccccc21,GTZQUGPSEGPLGG-UHFFFAOYSA-N,CNS/Neurology,Neurological disorder,True,2011,558.7230000000004,4.910300000000005,1,6,78.11000000000001,8,3,41,5,0.0,1432.0105784109724,8,1,2,1,1,2,0,162.05719999999963,0,218,1,True
CHEMBL603735,CC(=C\c1ccccc1)/C(C)=N/O,RPCAQDVUXPFSNA-CDKJVOIVSA-N,Pain/Inflammation,Pain management,True,2005,175.23099999999997,2.9400000000000004,1,2,32.59,2,1,13,1,0.0,325.2033324368505,2,0,0,0,0,0,0,54.98850000000002,0,68,0,True
CHEMBL1076624,COc1ccc(C[C@H](C)CN2C[C@@H]3CCCC[C@@H]3[C@H](C(=O)N3CCN(c4ccc(F)c(F)c4)CC3)C2)cn1.O=C(O)/C=C/C(=O)O,SCJCAKLZCWCCCO-HTCZGZADSA-N,Immunology,Immune disorder,True,2016,642.7440000000004,4.345800000000003,2,7,123.51,9,2,46,5,0.0,1349.9073947711395,12,3,3,1,2,2,4,168.59759999999963,0,250,1,True
CHEMBL1077287,O=C(O)/C=C/C(=O)Nc1ccc(Cl)c(Cl)c1,YMYKNYVBUCMJOG-ONEGZZNKSA-N,Pain/Inflammation,Pain management,True,2005,260.076,2.5727,2,2,66.39999999999999,3,1,16,1,0.0,457.3774059191229,6,0,0,0,0,0,0,61.867500000000014,0,84,0,True
CHEMBL1076555,Oc1ccc(Nc2nc(-c3ccc(Cl)cc3)cs2)cc1,ZFGXZJKLOFCECI-UHFFFAOYSA-N,CNS/Neurology,Neurological disorder,True,2007,302.78600000000006,4.912700000000002,2,4,45.15,3,3,20,3,0.0,707.4982656165051,5,0,0,1,0,0,0,83.94950000000001,0,100,0,True
CHEMBL606769,CN1CC[C@]23CC(=O)CC[C@@]2(O)[C@H]1Cc1ccccc13,VSIVJZKTOMWULO-BRWVUGGUSA-N,Anti-infective,Infection,True,2010,271.36,1.6686999999999996,1,3,40.540000000000006,0,1,20,4,0.0,584.1076655472509,3,2,3,0,1,1,3,76.66680000000004,0,106,0,True
CHEMBL588329,CC[C@H]1CN2CC[C@H]1C[C@H]2[C@@H](O)c1cc(OCCCN(C)C)nc2ccc(OC)cc12,COJCEYDQKYMDMY-DWYHVSQESA-N,Other,Various indications,True,2011,427.5890000000002,3.727700000000003,1,6,58.06,9,2,31,5,0.0,887.6864153379078,6,3,3,1,3,3,5,123.78680000000006,0,170,0,True
CHEMBL1160429,C[C@H](NC(=O)Cc1ccccc1)C(=O)N[C@H](C)C(=O)O,ITMCYDJDPJXDON-VHSXEESVSA-N,Anti-infective,Infection,True,1999,278.308,0.32309999999999994,3,3,95.50000000000001,6,1,20,1,0.0,487.20708754367337,6,0,0,0,0,0,2,72.99120000000003,0,108,0,True
CHEMBL156263,COc1ccccc1C1=C(Nc2ccccc2)C(=O)NC1=O,XCYIIVRZXLZJER-UHFFFAOYSA-N,Pain/Inflammation,Pain management,True,1993,294.31,2.1747999999999994,2,4,67.43,4,2,22,3,0.0,766.4833349295814,5,0,1,0,0,1,0,83.12840000000003,0,110,0,True
CHEMBL1091719,Cc1cn([C@H]2C[C@H](n3cc(-c4ccccn4)nn3)[C@@H](CO)O2)c(=O)[nH]c1=O,KEBQIHFEQIBHOQ-RRFJBIMHSA-N,Other,Various indications,True,2022,370.36900000000014,0.019619999999999638,2,9,127.91999999999999,4,3,27,4,0.0,1057.030744942545,10,1,1,3,1,1,3,93.96250000000003,0,140,0,True
CHEMBL1085980,CCOC(=O)CNC(=O)C(=O)C(COCc1ccccc1)NC(=O)[C@H](CC1CCCCC1)NC(=O)c1cncc(C)n1,PMWXSEXZWBCQSY-LFQPHHBNSA-N,Immunology,Immune disorder,True,2013,581.6700000000002,1.8038200000000009,3,9,165.68,15,2,42,3,0.0,1217.5383383387168,12,1,1,1,0,0,2,151.8935999999998,0,226,1,True
CHEMBL1159866,O=C(O)/C=C/C(=O)O.Oc1ccc2[nH]cc(CCC3CCNCC3)c2c1,GFALBLFYNPKAAO-WLHGVMLRSA-N,Pain/Inflammation,Pain management,True,1990,360.4100000000002,2.517500000000001,5,4,122.65,5,2,26,3,0.0,759.3275025229003,7,1,1,1,1,1,0,98.28980000000004,0,140,0,True
CHEMBL1160112,O=S(=O)(O)OC[C@H]1OCC[C@@H](OCc2ccccc2)C1OS(=O)(=O)O,SZCKLTLLAMSYBL-ZNRZSNADSA-N,Other,Various indications,True,2023,398.41100000000006,0.36810000000000004,2,8,145.66,8,1,25,2,0.0,746.2742139033409,12,1,1,0,1,1,3,83.29820000000007,0,142,0,True
CHEMBL3347280,N#Cc1cc(Cl)cc(Oc2c(F)c(CCc3cccc(Cl)c3)[nH]c(=O)c2Br)c1,HMMZCXPNFXLGBT-UHFFFAOYSA-N,CNS/Neurology,Neurological disorder,True,2022,482.1360000000001,6.032480000000002,1,3,65.88,5,3,28,3,0.0,1142.0252113065935,8,0,0,1,0,0,0,109.82170000000002,0,142,1,True
CHEMBL3347285,NC(=O)CCc1ccc(S(=O)(=O)NCc2ccccc2)cc1,IMXIQBIYZMWUFB-UHFFFAOYSA-N,Anti-infective,Infection,True,2014,318.39799999999997,1.5829999999999997,2,3,89.26,7,2,22,2,0.0,725.7460525105852,6,0,0,0,0,0,0,84.42490000000004,0,116,0,True
CHEMBL609468,Cc1ccccc1NC(=O)Nc1ccc([N+](=O)[O-])cc1O,JDKDJPABXADLJT-UHFFFAOYSA-N,Pain/Inflammation,Pain management,True,2011,287.27500000000003,3.252820000000001,3,4,104.5,3,2,21,2,0.0,700.3685173746051,7,0,0,0,0,0,0,78.58160000000001,0,108,0,True
CHEMBL611733,COC(=O)c1ccc2c(=O)n(Nc3nc(C)cc(C)n3)[n+](SCc3cccc(Cl)c3)cc2c1,YLBVEDBKVYZZNS-UHFFFAOYSA-O,CNS/Neurology,Neurological disorder,True,2011,482.9730000000001,3.7075400000000025,1,8,89.99,6,4,33,4,0.0,1403.129068544021,10,0,0,2,0,0,0,128.4142,0,168,0,True
CHEMBL305803,Cc1cc(C)c(Oc2ccnc(Nc3ccc(C#N)cc3)n2)c(C)c1,FOAAECKTFHPTHX-UHFFFAOYSA-N,CNS/Neurology,Neurological disorder,True,1997,330.3910000000001,4.809440000000004,1,5,70.83,4,3,25,3,0.0,919.6502446638009,5,0,0,1,0,0,0,97.19870000000003,0,124,0,True
CHEMBL1088996,CCOC(=O)c1c(-c2ccc(OC)cc2)[nH]c2cc(OC)ccc2c1=O,ROQHPRGMOPCLDC-UHFFFAOYSA-N,CNS/Neurology,Neurological disorder,True,1998,353.37400000000014,3.389000000000001,1,5,77.62,5,3,26,3,0.0,1005.1255438873683,6,0,0,1,0,0,0,99.06520000000005,0,134,0,True
CHEMBL1089958,O=C(O)Cc1cccn(C(F)F)c1=O,WNXIBYZHUWWEDD-UHFFFAOYSA-N,Anti-infective,Infection,True,2013,203.14399999999998,0.8705,1,3,59.3,3,1,14,1,0.0,399.8180196606487,6,0,0,1,0,0,0,43.29480000000001,0,76,0,True
CHEMBL1090670,CN(C)Cc1cccc(-c2cc3c(-c4cnn(C)c4)ccnc3[nH]2)c1,MENIKIFJGYYVNI-UHFFFAOYSA-N,CNS/Neurology,Neurological disorder,True,2020,331.423,3.692000000000002,1,4,49.74,4,4,25,4,0.0,1025.43718999072,5,0,0,3,0,0,0,101.12270000000002,0,126,0,True
CHEMBL1086503,O=C(NCC1CCNCC1)c1ccncc1-c1cccc(Cl)c1,MINMSEZPEBMBHT-UHFFFAOYSA-N,Pain/Inflammation,Pain management,True,2015,329.831,3.131400000000002,2,3,54.02,4,2,23,3,0.0,683.4718449939902,5,1,1,1,1,1,0,92.60990000000002,0,120,0,True
CHEMBL1094708,Nc1ccc(-n2cc(-c3cccc(NC(=O)CCCCCCC(=O)NO)c3)nn2)cc1,ZRAKMWBAXYBNOF-UHFFFAOYSA-N,CNS/Neurology,Neurological disorder,True,2023,422.48900000000015,3.301000000000001,4,7,135.16000000000003,10,3,31,3,0.0,1016.0955280093815,9,0,0,1,0,0,0,117.46830000000003,0,162,0,True
CHEMBL1093605,COc1ccc(C(=O)O/N=C2/C=C(C)C(=O)C=C2C)cc1,KQNBSUTUFMUULE-VKAVYKQESA-N,Pain/Inflammation,Pain management,True,2006,285.299,2.683300000000001,0,5,64.96000000000001,3,1,21,2,0.0,666.0223212816327,5,0,1,0,0,0,0,78.36550000000003,0,108,0,True
CHEMBL1094912,COc1ccc(CC2COc3c(C)c(O)c(C)c(O)c3C2=O)c(O)c1,YVHOGEZRSOFSOD-UHFFFAOYSA-N,Pain/Inflammation,Pain management,True,2020,344.36300000000006,2.862840000000002,3,6,96.22000000000001,3,2,25,3,0.0,855.7233143322636,6,0,1,0,0,1,1,90.92390000000002,0,132,0,True
CHEMBL154714,COc1cc2nc(N3CCN(C(=O)C4COc5cccc(OC)c5O4)CC3)nc(N)c2cc1OC,NVZBKRGBGINCDK-UHFFFAOYSA-N,Metabolic,Metabolic disorder,True,2009,481.50900000000036,1.7263999999999995,1,10,121.50000000000001,5,3,35,5,0.0,1246.6235527173667,11,1,2,1,1,2,1,128.75240000000005,0,184,0,True
CHEMBL1161051,CC(C)Oc1ccccc1N1CCN(CCc2ccc(C(=O)C(=O)N3CCCCCC3)n2C)CC1.O=C(O)CCC(=O)O,PXZPBPKYRSLIMG-UHFFFAOYSA-N,Immunology,Immune disorder,True,2022,598.7410000000004,3.698100000000002,2,8,132.62,11,2,43,4,0.0,1212.0545136958824,11,2,2,1,2,2,0,163.86009999999973,0,236,1,True
CHEMBL610630,CNC(=O)Nc1ccc(-c2nc(N3CC4CCC(C3)O4)c3cnn([C@H]4CC[C@H](O)CC4)c3n2)cc1,LQBQQAXIISEIGM-RTWGARKQSA-N,CNS/Neurology,Neurological disorder,True,1994,477.56900000000024,3.0882000000000014,3,8,117.43,4,3,35,6,0.0,1207.773534003965,10,3,3,2,2,2,2,132.45719999999997,0,184,0,True
CHEMBL1077368,CC[C@@H]1C/C=C\C(=O)[C@@H](O)[C@@H](O)C/C=C/c2cc(OC)cc(O)c2C(=O)O1,DEIDRRFLHDKLCQ-BMELMTPLSA-N,Anti-infective,Infection,True,2001,376.40500000000014,1.9903,3,7,113.29,2,1,27,2,0.0,750.94227625102,7,0,1,0,0,1,3,98.58190000000003,0,146,0,True
CHEMBL160738,Cc1ncccc1OC(C)C1=NCCN1,OCIJHICNVUUHJR-UHFFFAOYSA-N,Anti-infective,Infection,True,2001,205.26099999999997,1.15902,1,4,46.510000000000005,3,1,15,2,0.0,375.850712822006,4,0,1,1,0,1,1,59.368700000000025,0,80,0,True
CHEMBL1160711,CC(C)NC[C@H](O)c1ccc(NS(C)(=O)=O)c(O)c1,WBYKOYHCMBYVTF-LBPRGKRZSA-N,Anti-infective,Infection,True,2023,288.369,0.7951000000000001,4,5,98.66000000000001,6,1,19,1,0.0,528.530962684777,7,0,0,0,0,0,1,74.67180000000003,0,108,0,True
CHEMBL1171716,O=S(=O)(c1ccc(Br)cc1)N1CCN(Cc2ccc3cccnc3c2O)CC1,KBRSBKUMPXLEGJ-UHFFFAOYSA-N,CNS/Neurology,Neurological disorder,True,2003,462.36900000000026,3.2094000000000014,1,5,73.74000000000001,4,3,28,4,0.0,1095.3839383101367,8,1,1,1,1,1,0,111.58560000000003,0,146,0,True
CHEMBL1162462,O=P1(O)OC[C@@H](O)[C@H](CO)OP(=O)(O)O1,YFHHHCXTKBYOFV-DMTCNVIQSA-N,Cardiovascular,Heart disease,True,1996,264.063,-1.0276,4,7,142.75,1,0,15,1,0.0,315.23420516513323,11,1,1,0,1,1,4,44.65320000000002,0,90,0,True
CHEMBL154609,C[C@@H](NCc1ccc(OCCc2ccccc2)cc1)C(N)=O,JZXUSMCVOSHXHD-CQSZACIVSA-N,Pain/Inflammation,Pain management,True,2012,298.386,2.2715,2,3,64.35,8,2,22,2,0.0,581.7959681860658,4,0,0,0,0,0,1,87.57910000000004,0,116,0,True
CHEMBL1095997,Nn1c(S)nnc1COc1ccc(Cl)cc1Cl,QESGKBGZPADFHW-UHFFFAOYSA-N,Pain/Inflammation,Pain management,True,2009,291.163,2.1664000000000003,2,6,65.96000000000001,3,2,17,2,0.0,545.7872781109157,8,0,0,1,0,0,0,68.2184,0,90,0,True
CHEMBL1088980,CC(C)=CCOc1ccc(C2CC2c2nnc3c4ccccc4cnn23)cc1,KBTQEIXHEKZRPX-UHFFFAOYSA-N,CNS/Neurology,Neurological disorder,True,2013,370.456,4.893600000000005,0,5,52.31,5,4,28,5,0.0,1172.3851177708113,5,1,1,2,0,0,2,109.75500000000002,0,140,0,True
CHEMBL1086312,N#Cc1cccc(-c2ccc3c(cnn3-c3ccc(F)cc3)c2)c1,IUMAGUPBPGESDT-UHFFFAOYSA-N,CNS/Neurology,Neurological disorder,True,1996,313.335,4.703280000000003,0,3,41.61,2,4,24,4,0.0,1072.1885110027004,4,0,0,1,0,0,0,91.179,0,114,0,True
CHEMBL1086063,NC(=O)c1ccc2c(ccn2CC(=O)COc2ccc(-c3ccccc3)cc2)c1,JQDZRMMBCWRYHU-UHFFFAOYSA-N,CNS/Neurology,Neurological disorder,True,2001,384.435,4.0553000000000035,1,4,74.32000000000001,7,4,29,4,0.0,1161.942620044114,5,0,0,1,0,0,0,112.8359,0,144,0,True
CHEMBL1094237,CCC(=O)N1C[C@H]2[C@H](N3CCCC3)CC[C@@H]1CN2C(=O)Cc1ccc(Cl)c(Cl)c1,OVUUJSWTQQWBBJ-AHRSYUTCSA-N,Other,Various indications,True,2023,438.3990000000001,3.6121000000000025,0,3,43.86000000000001,4,1,29,5,0.0,781.3209233493402,7,4,4,0,4,4,3,115.28800000000004,0,158,0,True
CHEMBL1096596,COc1ccccc1-n1c(Nc2nc(-c3ccc([N+](=O)[O-])cc3)cs2)n[nH]c1=S,ZLCQWPGXXYMHNQ-UHFFFAOYSA-N,CNS/Neurology,Neurological disorder,True,1994,426.48300000000006,4.713790000000002,2,9,110.9,6,4,29,4,0.0,1228.8847509162122,11,0,0,2,0,0,0,112.78779999999999,0,146,0,True
CHEMBL1098265,CC1(C)OC(=S)Nc2ccc(-c3ccc(C#N)n3CCCF)cc21,NWQAZIJIOJNVLS-UHFFFAOYSA-N,Pain/Inflammation,Pain management,True,2017,343.4270000000002,4.348480000000003,1,4,49.98,4,2,24,3,0.0,835.2747984505389,6,0,1,1,0,1,0,95.50670000000004,0,124,0,True
CHEMBL1077276,Nc1nc2c(c(N3CC4CCCNC4C3)n1)CCCCC2c1ccccc1,KMYVBYYBQAUEAL-UHFFFAOYSA-N,Pain/Inflammation,Pain management,True,2022,363.50900000000007,3.1053000000000006,2,5,67.07,2,2,27,5,0.0,791.8504780365436,5,2,3,1,2,2,3,109.01210000000003,0,142,0,True
CHEMBL1076799,C=c1cccc/c1=C(\C=C\C(=O)OCCCN(C)CCCOC(=O)/C=C/c1cc(OC)c(OC)c(OC)c1)c1ccccc1C,SQJKFEJATHQHJA-IBKIWLNNSA-N,CNS/Neurology,Neurological disorder,True,2009,613.7510000000003,4.698120000000004,0,8,83.53,16,3,45,3,0.0,1583.9320825389402,8,0,0,0,0,0,0,177.82399999999944,0,238,1,True
CHEMBL1093316,CC(C)CC(=O)OC(C)c1ccc2ccccc2c1,MBFIYSQXKXRGSJ-UHFFFAOYSA-N,Pain/Inflammation,Pain management,True,2020,256.34499999999997,4.490100000000004,0,2,26.3,4,2,19,2,0.0,572.2387026188394,2,0,0,0,0,0,1,77.91000000000005,0,100,0,True
CHEMBL1207397,CC(C)c1c(S(=O)(=O)N2CCN(C)CC2)c(-c2ccccc2)c(-c2ccc(F)cc2)n1CC[C@@H](O)C[C@@H](O)CC(=O)O,NQPKWFHCRRXCBX-CLJLJLNGSA-N,CNS/Neurology,Neurological disorder,True,2010,601.7410000000002,3.9974000000000034,3,7,123.31000000000002,12,3,42,4,0.0,1466.5298037456512,11,1,1,1,1,1,2,159.10719999999972,0,228,1,True
CHEMBL1092024,CC[C@H](C)[C@H](NC(=O)N(Cc1ccccc1)C[C@@H](O)[C@H](Cc1ccccc1)NC(=O)[C@@H](NC(=O)OC(C)(C)C)C(C)C)C(=O)N[C@H](C(=O)OC)C(C)C,GGICIAROEPHQAM-MSYXEPFBSA-N,Immunology,Immune disorder,True,2021,739.955,4.564400000000005,5,8,175.4,18,2,53,2,0.0,1464.4796291465834,13,0,0,0,0,0,6,203.49059999999932,0,294,1,True
CHEMBL1077098,CC1CCC[C@H]2[C@](C)(CC3=CC(=O)C(Cl)=CC3=O)[C@@H](C)CC[C@]12C,YFAHQVBMZWNQOJ-MXFAOPPESA-N,Pain/Inflammation,Pain management,True,2012,348.91400000000016,5.4561000000000055,0,2,34.14,2,0,24,3,0.0,631.7500026266664,3,2,3,0,0,0,5,97.76700000000005,0,132,1,True
CHEMBL1076911,CC1(C)[C@H](O)CC[C@@]2(C)[C@@H]3CC[C@](C)([C@@H](O)CO)C=C3CC[C@H]12,NCAZLDCEJHFJDT-KHKZNYETSA-N,Pain/Inflammation,Pain management,True,2018,322.4890000000001,3.2795000000000023,3,3,60.69,2,0,23,3,0.0,497.1152542590712,3,2,3,0,0,0,6,91.85940000000005,0,132,0,True
CHEMBL163579,CCCCCCCCn1cnn(-c2ccc(S(=O)(=O)Nc3ccc(CCNC[C@H](O)c4cccnc4)cc3)cc2)c1=O,ZWLKZIOYRNEGOR-PMERELPUSA-N,CNS/Neurology,Neurological disorder,True,2022,592.7660000000003,4.456000000000003,3,9,131.14000000000001,17,4,42,4,0.0,1535.0540439296967,11,0,0,2,0,0,1,164.22099999999963,0,224,1,True
CHEMBL1161924,CC(=O)N[C@@H](CCCCNCc1cccc(OCC(=O)O)c1)C(N)=O,NETOXVSFTPVMAD-HNNXBMFYSA-N,Anti-infective,Infection,True,2007,351.4030000000001,0.39990000000000064,4,5,130.75,12,1,25,1,0.0,591.4009804172716,8,0,0,0,0,0,1,91.92960000000005,0,138,0,True
CHEMBL1161220,O=P(O)(O)c1ccc(Cc2ccc(P(=O)(O)O)cc2)cc1,QYMVOFZDTFZKID-UHFFFAOYSA-N,Anti-infective,Infection,True,1992,328.19699999999995,0.8833999999999997,4,2,115.06,4,2,21,2,0.0,647.8316341869511,8,0,0,0,0,0,0,79.04620000000003,0,112,0,True
CHEMBL1160771,C[C@@H](O)[C@H]1C(=O)N2C(C(=O)O)=C(c3cc(C#N)c4oc5ccccc5c4c3)C[C@H]12,YLVNMCCCLPZFNF-QOJFYFMMSA-N,Pain/Inflammation,Pain management,True,2009,388.37900000000013,2.864880000000001,2,5,114.77,3,3,29,5,0.0,1293.759108547175,7,1,2,1,1,2,3,103.41260000000003,0,144,0,True
CHEMBL260970,O=C(CCCN1CCN(c2cccc(Cl)c2)CC1)NCc1nc2ccc(F)cc2c(=O)n1-c1ccccc1,DQSLXRAKKGKMEU-UHFFFAOYSA-N,CNS/Neurology,Neurological disorder,True,1992,534.0350000000003,4.396800000000003,1,6,70.47,8,4,38,5,0.0,1485.8315054281577,9,1,1,1,1,1,0,148.4836999999998,0,196,1,True
CHEMBL1099299,CCCCC(=O)NC(=S)Nc1nc2ccccc2s1,MXHOSESYUIGTMK-UHFFFAOYSA-N,Pain/Inflammation,Pain management,True,2020,293.41700000000003,3.299500000000001,2,4,54.02,4,2,19,2,0.0,561.3407839290741,6,0,0,1,0,0,0,83.50840000000004,0,100,0,True
CHEMBL1084425,CN[C@@H]1CCN(c2nc(N)nc3c2CCCC3c2ccccc2)C1,AWTCYYOBPHDYEC-GICMACPYSA-N,Pain/Inflammation,Pain management,True,2007,323.444,2.3251,2,5,67.07,3,2,24,4,0.0,715.1971285671987,5,1,2,1,1,1,2,97.34510000000003,0,126,0,True
CHEMBL1088145,COc1cccc(N/N=C2\C(=O)NN=C2c2ccc(OC)c(OC)c2)c1,SHLUZSIEQVFXNS-UHFFFAOYSA-N,Pain/Inflammation,Pain management,True,2019,354.3660000000001,2.0143999999999997,2,7,93.54,6,2,26,3,0.0,892.5098735336477,8,0,1,0,0,1,0,98.27740000000001,0,134,0,True
CHEMBL1091561,CCOc1ccc(OC)cc1CCCNC(C)=O,GTXCCVOUHCBPES-UHFFFAOYSA-N,Pain/Inflammation,Pain management,True,2014,251.32599999999994,2.1626000000000003,1,3,47.56,7,1,18,1,0.0,390.6255357814508,4,0,0,0,0,0,0,71.16770000000004,0,100,0,True
CHEMBL1096781,C=C1CC[C@H](C(C)C)[C@@H]2[C@H]1[C@H]1CC(=C)[C@@H](OC(C)=O)CC[C@@](C)(O)[C@@H]2O1,CDRWIAOABOJFQY-CZIVXSDSSA-N,Pain/Inflammation,Pain management,True,1994,362.5100000000001,4.031200000000003,1,4,55.760000000000005,2,0,26,3,0.0,590.9496677483216,4,3,3,0,2,2,7,101.51180000000005,0,146,0,True
CHEMBL606709,COC(=O)/C=C/C(=O)N[C@H]1C[C@@]23C=C[C@]1(OC)[C@@H]1Oc4c(O)ccc5c4C12CCN(C)[C@@H]3C5,WJWYCYGMXCHSSR-YFBNHLGJSA-N,Other,Various indications,True,2019,452.5070000000003,1.2102999999999993,2,7,97.33000000000001,4,1,33,7,0.0,1130.1390501988365,8,2,6,0,1,2,6,117.95650000000005,0,174,0,True
CHEMBL406648,CC(c1ccc(Cl)cc1)c1c2n(c3cc(F)cc(S(C)(=O)=O)c13)CCC2CC(=O)O,UVIUTKCWXFOQKN-UHFFFAOYSA-N,CNS/Neurology,Neurological disorder,True,1990,449.93100000000027,4.951100000000004,1,4,76.37,5,3,30,4,0.0,1264.7698057034627,8,0,1,1,0,1,2,113.58560000000006,0,158,0,True
CHEMBL611115,C[C@@]1(O)[C@@H](CO)OC(n2cnc3c(NC4CCCC4)ncnc32)[C@@H]1O,BSUJYKOQGOFUAN-HVDRINOTSA-N,Other,Various indications,True,2018,349.3910000000001,0.18239999999999884,4,9,125.55,4,2,25,4,0.0,758.0630735957122,9,2,2,2,1,1,4,88.82810000000003,0,136,0,True
CHEMBL4116115,C[n+]1c2ccccc2c(Nc2ccc(F)cc2F)c2[nH]c3ccccc3c21,AEDRLFWZWQYSSC-UHFFFAOYSA-O,CNS/Neurology,Neurological disorder,True,2009,360.38700000000006,5.320600000000003,2,1,31.7,2,5,27,5,0.0,1338.2482222947033,5,0,0,2,0,0,0,104.12740000000001,0,132,1,True
CHEMBL608409,COc1ccc(/N=C(C)\C(C)=N\c2ccc(OC)cc2)cc1,LMEYMDPIGMZWSV-LRVMPXQBSA-N,Pain/Inflammation,Pain management,True,2016,296.37,4.5888000000000035,0,4,43.18000000000001,5,2,22,2,0.0,609.7382734399439,4,0,0,0,0,0,0,91.52600000000004,0,114,0,True
CHEMBL1094634,C=C1/C(=C\C=C2/CCC[C@]3(C)C([C@H](C)CCCS(C)(=O)=O)=CC[C@@H]23)C[C@@H](O)C[C@@H]1O,WZXBCMVUGHHMMF-JSCZLARVSA-N,Other,Various indications,True,1990,434.64200000000017,4.508400000000005,2,4,74.60000000000001,6,0,30,3,0.0,863.5795133315803,5,2,3,0,0,0,5,122.81040000000007,0,168,0,True
CHEMBL1088591,CC1=C(C#N)c2nc(N)c(C#N)c(C)c2/C1=C/c1ccc(-c2ccccc2C(=O)O)o1,YAMTZUZWURNHAX-RQZCQDPDSA-N,CNS/Neurology,Neurological disorder,True,1997,408.41700000000014,4.653380000000003,2,6,136.93,3,3,31,4,0.0,1411.5516800175603,7,0,1,2,0,0,0,115.2827,0,150,0,True
CHEMBL612143,Cc1ccccc1-c1ncnc2c1ncn2C1O[C@H](CO)[C@@H](O)[C@H]1O,QBLGNGUSNFIKPR-DMUYAFOSSA-N,Other,Various indications,True,1992,342.3550000000001,0.4132199999999991,3,8,113.52000000000001,3,3,25,4,0.0,912.5541679110896,8,1,1,2,1,1,4,88.50540000000004,0,130,0,True
CHEMBL1078513,CC(C)c1ccc(-c2cc(-c3ccc4c(c3)CCCC4)nc(Cl)c2C#N)cc1,SZEYNHBVJGPALN-UHFFFAOYSA-N,CNS/Neurology,Neurological disorder,True,2020,386.9260000000001,6.942880000000006,0,2,36.68,3,3,28,4,0.0,1059.1413340847494,3,0,1,1,0,0,0,115.56500000000004,0,140,1,True
CHEMBL1213309,CC1C2c3ccccc3C(c3ccccc32)C1CN,JSVCWJJGZXDXLC-UHFFFAOYSA-N,Pain/Inflammation,Pain management,True,1991,249.35699999999997,3.4884000000000013,1,1,26.02,1,2,19,5,0.0,583.5923391815412,1,0,3,0,0,0,2,78.27840000000003,0,96,0,True
CHEMBL1075761,O=C(N[C@@H](Cc1ccccc1)C(=O)N[C@@H](Cc1ccccc1)C(=O)N[C@@H](Cc1ccc(O)cc1)C(=O)O)OCc1ccccc1,ZPMHCFVOZAPTDP-CHQNGUEUSA-N,CNS/Neurology,Neurological disorder,True,1995,609.6790000000001,3.769300000000002,5,6,154.06,14,4,45,4,0.0,1548.953689357293,10,0,0,0,0,0,3,167.15069999999966,0,232,1,True
CHEMBL1092426,CC1([C@H](NC(=O)NC2([C@H]3CCCS3(=O)=O)CCCCC2)C(=O)N2C[C@@H]3[C@H]([C@H]2C(=O)N[C@@H](CCC2CC2)C(=O)C(=O)NC2CC2)C3(C)C)CCCCC1,NFVARQXRHCXXTB-IPUCTRETSA-N,Other,Various indications,True,2023,744.0119999999997,3.9104000000000037,4,7,170.85,13,0,52,7,0.0,1542.9299771084297,13,7,7,0,2,2,6,195.59459999999936,0,290,1,True
CHEMBL1092443,Nc1ccc2c(O)c(/N=N/c3ccc4c(O)cc(S(=O)(=O)O)cc4c3)c(S(=O)(=O)O)cc2c1,ZSHNSNDVNDUHIM-GHVJWSGMSA-N,CNS/Neurology,Neurological disorder,True,2010,489.4870000000002,3.895200000000001,5,9,199.93999999999997,4,4,33,4,0.0,1698.298438128223,13,0,0,0,0,0,0,119.44320000000002,0,170,0,True
CHEMBL1089317,CC(C)CCNc1cc(Cl)nc(SC(C(=O)O)c2cccc3ccccc23)n1,COUZGLSEBNURHL-UHFFFAOYSA-N,CNS/Neurology,Neurological disorder,True,1993,415.94600000000014,5.659200000000004,2,5,75.11,8,3,28,3,0.0,975.5268525098905,7,0,0,1,0,0,1,115.16850000000004,0,146,1,True
CHEMBL1088309,O=C(CCCCC(c1ccccc1)c1ccccc1)N1CCN(C/C=C/c2ccccc2)CC1,YBINNPIWNMGBFX-NTCAYCPXSA-N,CNS/Neurology,Neurological disorder,True,2013,452.64200000000034,6.236500000000007,0,2,23.550000000000004,10,3,34,4,0.0,969.5720909343678,3,1,1,0,1,1,0,141.6909999999999,0,176,1,True
CHEMBL1160322,O=C(NCc1ccc(OCC2CCCCC2)c(Cl)c1)c1ccc(OP(=O)(O)O)cc1,YNRQCFBHWAZNDB-UHFFFAOYSA-N,Other,Various indications,True,2019,453.85900000000004,4.700600000000006,3,4,105.09,8,2,30,3,0.0,908.2126488206566,9,1,1,0,0,0,0,113.80630000000004,0,162,0,True
CHEMBL532645,CCCN(CCC)CCCCC(C)Nc1c2ccc(Cl)cc2nc2ccc(OC)cc12.Cl,PFAVEFCRPZTKSU-UHFFFAOYSA-N,CNS/Neurology,Neurological disorder,True,1992,478.5080000000001,7.564500000000009,1,4,37.39,12,3,32,3,0.0,989.6255721204102,6,0,0,1,0,0,1,142.01669999999993,0,176,1,True
CHEMBL1209204,N#Cc1cc(F)cc(C(=O)Nc2ccccn2)c1,QSQNDNOCUDDTAZ-UHFFFAOYSA-N,Pain/Inflammation,Pain management,True,1995,241.22500000000002,2.3446799999999994,1,3,65.78,2,2,18,2,0.0,619.8786376357117,5,0,0,1,0,0,0,63.30520000000002,0,88,0,True
CHEMBL1098866,CC1(C)O[C@@H]2[C@H](O1)[C@H](CNCCNc1ncccn1)O[C@@H]2CC(=O)NCCc1c[nH]c2ccccc12,XPJUUVBYNXLXMZ-AWAHEQQVSA-N,Other,Various indications,True,2000,494.5960000000003,1.9959000000000011,4,8,122.42000000000002,11,3,36,5,0.0,1153.5566200018438,10,2,2,2,2,2,4,135.50679999999997,0,192,0,True
CHEMBL1084510,COc1ccc(N2CCN(c3ccc(S(=O)(=O)C4(C(=O)NO)CCN(C5CC5)CC4)cc3)CC2)cc1,HMVRHAWMVBUIKM-UHFFFAOYSA-N,Immunology,Immune disorder,True,1995,514.6480000000005,2.2979000000000003,2,8,102.42,7,2,36,5,0.0,1165.8201887827593,10,3,3,0,2,2,0,137.53699999999992,0,194,1,True
CHEMBL1088782,O=C(COc1cccc(F)c1C(=O)NCCCCO)N[C@H](CO)Cc1ccccc1,REUDBRNTFFOXCJ-KRWDZBQOSA-N,Other,Various indications,True,1990,418.46500000000003,1.4265999999999994,4,5,107.89000000000001,12,2,30,2,0.0,816.430120848549,8,0,0,0,0,0,1,109.71050000000002,0,162,0,True
CHEMBL1077878,COc1cc2c(cc1Br)CC[C@@H]1[C@@H]2CC[C@]2(C)[C@@H](O)CC[C@@H]12,SZPRQVJSLFYHPW-SSTWWWIQSA-N,Pain/Inflammation,Pain management,True,2016,365.31100000000015,4.674700000000005,1,2,29.46,1,1,22,4,0.0,599.343134108453,3,2,3,0,0,0,5,91.31780000000005,0,120,0,True
CHEMBL1077021,C[C@H]1CC[C@H]2[C@@H](C=C[C@@H]3COC(=O)[C@@]32C)C1,ZSRQNNNSHRCNQE-HNRZYHPDSA-N,Pain/Inflammation,Pain management,True,2023,220.31199999999993,2.7879000000000014,0,2,26.3,0,0,16,3,0.0,346.6445042962167,2,2,3,0,1,1,5,61.69100000000004,0,88,0,True
CHEMBL1091359,CN(C)CCOc1ccc(NC(=O)Nc2ccc(-c3nc(C4CCOCC4)nc(N4C5CCC4COC5)n3)cc2)cc1,SZQLHKIRUFFCBS-UHFFFAOYSA-N,CNS/Neurology,Neurological disorder,True,2020,573.6980000000004,4.384600000000004,2,9,113.97000000000001,9,3,42,6,0.0,1330.3949847900985,11,3,3,1,3,3,2,161.29739999999964,0,222,1,True
CHEMBL1092041,C[C@@H]1COCCN1c1nc(-c2ccc(NC(=O)Nc3ccc(N4CCN(C)CC4)nc3)cc2)nc(C2CCOCC2)n1,DZZPVIOERIZDNA-OAQYLSRUSA-N,CNS/Neurology,Neurological disorder,True,1998,573.7020000000002,3.448500000000002,2,10,120.86999999999999,6,3,42,6,0.0,1341.1356244830947,12,3,3,2,3,3,1,162.27239999999964,0,222,1,True
CHEMBL1161178,C(=NNC1=NCCCN1)c1ccc2nc(-c3ccccc3)cn2c1,HXHFKPJUWGMHPG-UHFFFAOYSA-N,Pain/Inflammation,Pain management,True,2018,318.384,2.2741,2,6,66.08,3,3,24,4,0.0,894.2728021606952,6,0,1,2,0,1,0,96.27940000000001,0,120,0,True
CHEMBL1075896,Nc1nccc(-c2cnc3ccccc3c2)n1,LIRFQZJUPJPPCX-UHFFFAOYSA-N,Pain/Inflammation,Pain management,True,2018,222.251,2.274,1,4,64.69,1,3,17,3,0.0,678.8331634463493,4,0,0,2,0,0,0,67.18140000000001,0,82,0,True
CHEMBL1098309,CCN(CC)CC(=O)Nc1ccc2ncn(CCc3c[nH]c4ccccc34)c(=O)c2c1,PTYLWPUYSLRQAR-UHFFFAOYSA-N,CNS/Neurology,Neurological disorder,True,2016,417.51300000000015,3.400800000000002,2,5,83.02000000000001,8,4,31,4,0.0,1269.9357399512332,7,0,0,2,0,0,0,124.42340000000004,0,160,0,True
CHEMBL1099322,COc1ccc2c(Nc3c(Cl)cncc3Cl)cc(=O)oc2c1OCCCCCCCC(=O)O,BPKJJWYSOQRMSH-UHFFFAOYSA-N,CNS/Neurology,Neurological disorder,True,2007,495.3590000000005,6.051000000000003,2,7,110.89,12,3,33,3,0.0,1161.310739799383,10,0,0,2,0,0,0,127.40850000000007,0,176,1,True
CHEMBL1096298,C[C@]12O[C@@H]3OC(=O)[C@H]1[C@H](C[C@@H]2O)[C@H]3CO,ATFJUGCMEQBNLH-DMJNSNJUSA-N,Anti-infective,Infection,True,2021,214.21699999999998,-0.7363,2,5,75.99000000000001,1,0,15,4,0.0,316.93460875480366,5,4,4,0,3,3,6,47.549600000000034,0,84,0,True
CHEMBL1096330,COc1cc(Cc2cnc(/N=C3\C(=O)N(CN4CCN(c5ccc(F)cc5)CC4)c4ccc(Cl)cc43)nc2N)cc(OC)c1OC,FLYPQZBUDJSMFZ-ZDNCSJAVSA-N,CNS/Neurology,Neurological disorder,True,2019,646.123,4.715000000000003,1,10,118.64000000000001,9,4,46,6,0.0,1770.724923377866,13,1,2,1,1,2,0,175.53639999999965,0,238,1,True
CHEMBL612215,CC[C@H](COc1nc(N)c2ncn(C3O[C@H](CO)[C@@H](O)[C@H]3O)c2n1)c1ccccc1,USLJMXLGCOTUAZ-OTWPHILTSA-N,Other,Various indications,True,2014,415.4500000000001,0.5925999999999998,4,10,148.77000000000004,7,3,30,4,0.0,997.9207984800636,10,1,1,2,1,1,5,107.7138,0,160,0,True
CHEMBL1161839,N=C(N)Nc1ccc(CCCCCCc2ccc(NC(=N)N)cc2)cc1,CQYKPKIXCMJVAT-UHFFFAOYSA-N,Pain/Inflammation,Pain management,True,2013,352.48599999999993,3.642940000000001,6,2,123.8,9,2,26,2,0.0,642.5861946888177,6,0,0,0,0,0,0,109.83360000000002,0,138,1,True
CHEMBL1093690,CC(=O)NCC[C@@H](NS(=O)(=O)c1ccc(Br)cc1)C(=O)NO,XXZNXULRAJJTRV-LLVKDONJSA-N,Anti-infective,Infection,True,2020,394.24700000000007,0.1276000000000005,4,5,124.60000000000001,7,1,22,1,0.0,632.6667427818645,10,0,0,0,0,0,1,81.48140000000004,0,122,0,True
CHEMBL1092134,O=C(Nc1ccccc1)Nc1n[nH]c2cc(Cl)c(-c3ccccc3)cc12,NZOKOFZKUJDFLL-UHFFFAOYSA-N,CNS/Neurology,Neurological disorder,True,1999,362.82000000000005,5.527300000000003,3,2,69.81,3,4,26,4,0.0,1061.326155871682,6,0,0,1,0,0,0,105.6231,0,128,1,True
CHEMBL604773,Nc1nn(C2O[C@H](CO)[C@@H](O)[C@H]2O)c2nc[nH]c(=O)c12,QEODASJMDIFTCX-RMXRYUSWSA-N,Cardiovascular,Heart disease,True,2023,283.2440000000001,-2.6867,5,9,159.51,2,2,20,3,0.0,696.8934057944767,10,1,1,2,1,1,4,65.5705,0,108,0,True
CHEMBL4116089,CN(C)CCCc1cn(Cc2cc(C(C)(C)C)cc(C(C)(C)C)c2)nn1,MVLYUKDAZJYROJ-UHFFFAOYSA-N,Pain/Inflammation,Pain management,True,1995,356.5580000000001,4.415600000000004,0,4,33.95,6,2,26,2,0.0,682.2239701090497,4,0,0,1,0,0,0,109.84100000000007,0,144,0,True
CHEMBL1093624,O=S(=O)(c1ccc(Cl)cc1)C1CCOc2c(F)ccc(F)c21,QBQLGDHXUVCYJA-UHFFFAOYSA-N,Pain/Inflammation,Pain management,True,2010,344.766,3.915700000000002,0,3,43.370000000000005,2,2,22,3,0.0,819.4263585567909,7,0,1,0,0,1,1,77.84880000000003,0,116,0,True
CHEMBL1097899,CN1CCC(NC(=O)Nc2ccc(-c3nc(N4CCOCC4)c4cnn(C5CCN(Cc6ccccc6)CC5)c4n3)cc2)CC1,AAHPRKDUIDQODH-UHFFFAOYSA-N,CNS/Neurology,Neurological disorder,True,2022,609.779,4.382700000000003,2,9,103.68,7,4,45,7,0.0,1570.7739478516821,11,3,3,2,3,3,0,176.45439999999948,0,236,1,True
CHEMBL1097906,C=C1C(=O)O[C@@H]2C[C@]34O[C@H]3CC[C@H](C)[C@@]4(C)C[C@]12O,MTWJZPQSLLTADW-CVMXMQRSSA-N,Anti-infective,Infection,True,2022,264.3209999999999,1.5666999999999998,1,4,59.06,0,0,19,4,0.0,500.3740424909709,4,4,4,0,2,2,6,67.31280000000004,0,104,0,True
CHEMBL1200681,CC(C)(O)c1ccccc1CC[C@@H](SCC1(CC(=O)[O-])CC1)c1cccc(/C=C/c2ccc3ccc(Cl)cc3n2)c1.[Na+],LBFBRXGCXUHRJY-HKHDRNBDSA-M,CNS/Neurology,Neurological disorder,True,2008,608.1790000000002,4.617300000000005,1,5,73.25,12,4,42,5,0.0,1578.3078096304355,7,1,1,1,0,0,1,168.62079999999958,0,212,1,True
CHEMBL1088958,COc1ccc(C(=O)/C=C/c2ccc(OCc3cn(CC(O)CN4C(=O)C(=O)c5cc(Cl)ccc54)nn3)cc2)c(OC)c1,DQKAIRZJTZFHIO-LFYBBSHMSA-N,CNS/Neurology,Neurological disorder,True,2001,603.0310000000002,4.014200000000002,1,10,133.07999999999998,12,4,43,5,0.0,1700.714071031803,12,0,1,1,0,1,1,157.84879999999967,0,220,1,True
CHEMBL1088966,COc1ccc(/C=C/C(=O)c2ccc(OCc3cn(CC(O)CN4C(=O)C(=O)c5cc(Cl)ccc54)nn3)cc2)cc1,NTTIXRBYZKLWBN-YIXHJXPBSA-N,CNS/Neurology,Neurological disorder,True,1991,573.0050000000002,4.005600000000003,1,9,123.85,11,4,41,5,0.0,1614.9479784894374,11,0,1,1,0,1,1,151.29679999999973,0,208,1,True
CHEMBL1094936,Cl.N[C@H](C(=O)N[C@H]1CCC(=O)N(CC(=O)O)C1=O)C1CCCN1,NQVADOJNTDAZOB-KLUZNBEGSA-N,Cardiovascular,Heart disease,True,1991,348.7870000000001,-1.7940999999999958,4,6,141.83,5,0,23,2,0.0,494.75655061912255,10,2,2,0,2,2,3,81.76860000000003,0,130,0,True
CHEMBL1088204,CC(NS(N)(=O)=O)c1csc2ccccc12,HEBFRCMBRXEWNP-UHFFFAOYSA-N,Anti-infective,Infection,True,2017,256.35200000000003,1.7554000000000003,2,3,72.19,3,2,16,2,0.0,604.0614843667837,6,0,0,1,0,0,1,66.48290000000003,0,86,0,True
CHEMBL1078223,NC(=O)c1cccc(NC(=O)CCCCC(=O)Nc2cccc(C(N)=O)c2)c1,DYGRKKGUJBXSKW-UHFFFAOYSA-N,Pain/Inflammation,Pain management,True,1998,382.4200000000001,2.0219999999999994,4,4,144.38,9,2,28,2,0.0,821.7793543099697,8,0,0,0,0,0,0,105.64720000000003,0,146,0,True
CHEMBL1086957,CCC(C)C1(CC(=O)O)OCCc2c1[nH]c1c(Cl)ccc(Cl)c21,UJPKDQKXBREQBZ-UHFFFAOYSA-N,Pain/Inflammation,Pain management,True,2000,356.2490000000001,4.763500000000003,2,2,62.32,4,2,23,3,0.0,770.7745192010455,6,0,1,1,0,1,2,91.36050000000004,0,124,0,True
CHEMBL1090397,O=C(NCc1ccc(-c2ccc(Cl)cc2)cc1F)N1CCNCC1,OFDICSWOZIVFQA-UHFFFAOYSA-N,Pain/Inflammation,Pain management,True,2022,347.8210000000002,3.260900000000002,2,2,44.370000000000005,3,2,24,3,0.0,714.7038542689386,6,1,1,0,1,1,0,93.52440000000003,0,126,0,True
CHEMBL1080664,COc1ccc(C2NC(c3ccc(OC)cc3)C3CCCC2C3=NOCc2ccccc2)cc1,CWGIEAIFCKLWGX-UHFFFAOYSA-N,CNS/Neurology,Neurological disorder,True,2014,456.58600000000024,6.078500000000006,1,5,52.08,7,3,34,5,0.0,1032.9843356456838,5,2,2,0,1,1,4,134.10269999999994,0,176,1,True
CHEMBL163319,[Br-].[Br-].c1cc(C[n+]2ccc(N3CCCCC3)cc2)ccc1CCc1ccc(C[n+]2ccc(N3CCCCC3)cc2)cc1,CZXMIQXSDFBRTL-UHFFFAOYSA-L,Immunology,Immune disorder,True,2011,692.5840000000001,0.132000000000009,0,2,14.24,9,4,42,6,0.0,1220.5542541929472,6,2,2,2,2,2,0,163.89799999999957,0,222,1,True
CHEMBL1096286,O=C(/C=C/c1cccc([N+](=O)[O-])c1)c1ccc2ccccc2c1,IXRSRSAIQNFEBQ-DHZHZOJOSA-N,CNS/Neurology,Neurological disorder,True,2006,303.317,4.6441000000000034,0,3,60.209999999999994,4,3,23,3,0.0,928.5558601966356,4,0,0,0,0,0,0,90.40890000000002,0,112,0,True
CHEMBL1096337,Cc1csc(COc2ccc(F)c(C(N)=O)c2F)n1,MKNSFNOQWWXTDX-UHFFFAOYSA-N,Pain/Inflammation,Pain management,True,2007,284.287,2.40762,1,4,65.21000000000001,4,2,19,2,0.0,628.1870985991269,7,0,0,1,0,0,0,66.0589,0,100,0,True
CHEMBL1086694,O=C(Nc1ccc(Cl)cc1)Nc1ccc(C(=O)NCCN2CCOCC2)cc1,AOOCBUVEVHODAI-UHFFFAOYSA-N,Other,Various indications,True,2004,402.8820000000003,3.046000000000001,3,4,82.7,6,2,28,3,0.0,790.1030274824531,8,1,1,0,1,1,0,110.12760000000003,0,148,0,True
CHEMBL1095378,NC(=O)CCC(NS(=O)(=O)c1ccc(Cl)c2ccccc12)C(N)=O,BIBAVPZMJKTTFF-UHFFFAOYSA-N,Anti-infective,Infection,True,2000,369.8300000000001,0.8908999999999998,3,4,132.35,7,2,24,2,0.0,898.7273485645543,9,0,0,0,0,0,1,90.69030000000004,0,128,0,True
CHEMBL611932,CC(C)(C)c1ccc(C(=O)N[C@@H]2CC[C@@]3(O)[C@H]4Cc5ccc(O)c6c5[C@@]3(CCN4CC3CC3)[C@H]2O6)cc1.O=C(O)C(=O)O,KQHULCCZMBRQPP-SWXPLBCQSA-N,Immunology,Immune disorder,True,1991,592.6890000000004,3.208000000000001,5,7,156.63,4,2,43,7,0.0,1450.4814378293722,10,3,5,0,1,2,5,156.4583999999998,0,230,1,True
CHEMBL611935,O=C1CC2NCCc3cccc(c32)N1,SKYLMEGKRGVXTM-UHFFFAOYSA-N,Anti-infective,Infection,True,1997,188.23000000000002,1.2155999999999998,2,2,41.13,0,1,14,3,0.0,400.2740468599653,3,0,2,0,0,2,1,54.13640000000002,0,72,0,True
CHEMBL1097293,CNC1=C(SC)C(=O)c2ncccc2C1=O,WDACWBAHRVXGTB-UHFFFAOYSA-N,Anti-infective,Infection,True,1990,234.28,1.2546,1,5,59.06,2,1,16,2,0.0,463.46095604406304,5,0,1,1,0,0,0,62.498700000000014,0,82,0,True
CHEMBL1096640,O=C1NC(=S)S/C1=C\CC1Oc2ccccc2N(Cc2ccc(Cl)cc2)C1=O,UNRRDTILQNAVCH-YVLHZVERSA-N,Other,Various indications,True,1993,430.93800000000016,4.0561000000000025,1,5,58.64,4,2,28,4,0.0,991.2002494933142,8,1,2,0,1,2,1,114.5317,0,142,0,True
CHEMBL1097356,CCCN(CCC)C(=O)c1cc(C)cc(C(=O)N[C@@H](Cc2cc(F)cc(F)c2)[C@H](O)[C@H]2CN(Cc3ccccc3)CCN2)c1,ZHZSBUKNHGZRTJ-DSPMFFIESA-N,CNS/Neurology,Neurological disorder,True,1991,606.7580000000002,4.711420000000004,3,5,84.91,13,3,44,4,0.0,1377.7258202642045,9,1,1,0,1,1,3,168.4971999999996,0,236,1,True
CHEMBL1097360,CC[C@]12CCCN3CCc4c(n(c5ccccc45)[C@H](OC)C1)[C@@H]32,BVWWUWXMEWKEMC-RLLQIKCJSA-N,Pain/Inflammation,Pain management,True,2008,310.4410000000001,4.279400000000004,0,3,17.4,2,2,23,5,0.0,764.3326006088809,3,1,3,1,1,3,3,92.57700000000006,0,122,0,True
CHEMBL1209184,Cl.Nc1ccncc1-c1ccccc1O[C@H]1C[C@@H]2CNC[C@H]1C2,ANWZUPZAOLLIMX-QLBUYTCSSA-N,Pain/Inflammation,Pain management,True,2022,331.8470000000001,3.1294000000000004,2,4,60.17,3,2,23,4,0.0,678.8212033516032,5,2,2,1,1,1,3,94.83310000000004,0,122,0,True
CHEMBL1214513,CC[C@@H](C(=O)C[C@@H](C)C1=C(O)C(=O)[C@@H]2[C@@H]3CC[C@H]4C[C@@H](O[C@@H]5O[C@H](C(=O)O)[C@@H](O)[C@H](O)[C@H]5O)CC[C@]4(C)[C@H]3CC[C@]12C)C(C)C,NRXAOKUYKSNYAW-HDRDTERVSA-N,Metabolic,Metabolic disorder,True,2014,634.807,4.185000000000003,5,9,170.82,9,0,45,5,0.0,1196.8078273090505,10,4,5,0,1,1,14,163.75199999999975,0,254,1,True
CHEMBL1083881,O=C1c2ccc(Br)cc2C(=O)N1c1ccc(O)cc1,PISTWGFIBBAFDE-UHFFFAOYSA-N,Pain/Inflammation,Pain management,True,2000,318.12600000000003,2.955300000000001,1,3,57.61,1,2,19,3,0.0,694.3373066981798,5,0,1,0,0,1,0,73.38880000000002,0,94,0,True
CHEMBL1091334,CC(=O)N1CCc2c(c(-c3ccc(C(F)(F)F)c(SCC(=O)N4CCCC4)c3)nn2CC(O)CN2CCC(C(C)(C)O)CC2)C1,QMRXULKWYQUBRF-UHFFFAOYSA-N,Immunology,Immune disorder,True,2018,651.796,4.031800000000003,2,8,102.14,9,2,45,5,0.0,1378.0023792548036,13,2,3,1,2,3,1,165.46659999999963,0,248,1,True
CHEMBL1091340,CS(=O)(=O)N1CCc2c(c(-c3ccc(C(F)(F)F)c(SCC(=O)N4CCCC4)c3)nn2CCCN2CCC(N3CCCC3=O)CC2)C1,PXBISOJLYDVHAZ-UHFFFAOYSA-N,Immunology,Immune disorder,True,2008,696.8619999999997,4.078000000000003,0,8,99.06,10,2,47,6,0.0,1583.4756840803716,15,3,4,1,3,4,0,173.18679999999947,0,258,1,True
CHEMBL1164952,COc1ccc(C2C=C(C(=O)O)NC3=C2C(=O)CC(C)(C)C3)cc1,PNIVEJQHRBNMFQ-UHFFFAOYSA-N,Pain/Inflammation,Pain management,True,1999,327.38000000000005,2.9937000000000014,2,4,75.63,3,1,24,3,0.0,756.0763962033968,5,0,2,0,0,1,1,89.63750000000003,0,126,0,True
CHEMBL1086527,Cn1cnc2c(NCCCO)nc(-c3cccc(C(=O)N4CCC(c5ccccc5)CC4)c3)nc21,MTPCDPYUJHQZCZ-UHFFFAOYSA-N,CNS/Neurology,Neurological disorder,True,1994,470.5770000000003,3.844400000000003,2,7,96.16999999999999,7,4,35,5,0.0,1312.0130414538896,8,1,1,2,1,1,0,136.2529999999999,0,180,0,True
CHEMBL1095192,O=C(Nc1ccccc1)Nc1ccc(-c2n[nH]cc2-c2ccnc3[nH]ccc23)cc1,JAYJZBXLNHGEKI-UHFFFAOYSA-N,CNS/Neurology,Neurological disorder,True,2000,394.43800000000005,5.264000000000002,4,3,98.49000000000001,4,5,30,5,0.0,1304.5690733569727,7,0,0,3,0,0,0,118.1948,0,146,1,True
CHEMBL1159483,OC[C@H]1O[C@@H](O[C@@H](CCc2ccc(O)cc2)C[C@@H](O)CCc2ccc(O)cc2)[C@H](O)[C@H](O)[C@H]1O,WRUJLWFLDOUUHV-RZHUWFTBSA-N,Metabolic,Metabolic disorder,True,2012,478.5380000000002,0.5992999999999997,7,9,160.07,11,2,34,3,0.0,855.6949685964865,9,1,1,0,1,1,7,122.11960000000003,0,188,1,True
CHEMBL606771,CN1CC[C@]23c4c5cccc4O[C@H]2C(=O)CC[C@@]3(O)[C@H]1C5,FZMIRDYCNXDMGZ-BSWAZPDLSA-N,Anti-infective,Infection,True,2021,285.34299999999996,1.0395999999999999,1,4,49.769999999999996,0,1,21,5,0.0,671.9991087059051,4,2,4,0,1,2,4,76.46580000000004,0,110,0,True
CHEMBL611973,CCCN1CCc2cccc3c2[C@H]1Cc1ccc2c(c1-3)OC(C)(C)C2,CGBZFQGLUFWQAF-LJQANCHMSA-N,Pain/Inflammation,Pain management,True,2021,333.47500000000014,4.932400000000005,0,2,12.47,2,2,25,5,0.0,851.4115621070343,2,0,3,0,0,2,1,102.30200000000006,0,130,0,True
CHEMBL609427,C[n+]1c2ccc(Cl)cc2cc2[n-]c3c([N+](=O)[O-])cccc3c21.Cl,XUBASELICLQTKP-UHFFFAOYSA-N,CNS/Neurology,Neurological disorder,True,1996,348.189,3.911300000000002,0,2,61.120000000000005,1,4,23,4,0.0,1089.207477044588,7,0,0,2,0,0,0,92.36840000000001,0,116,0,True
CHEMBL609688,C[n+]1c2ccccc2cc2[n-]c3cc([N+](=O)[O-])c(Br)cc3c21.Cl,DDTJJPQSSJQQBU-UHFFFAOYSA-N,CNS/Neurology,Neurological disorder,True,1990,392.63999999999993,4.020400000000002,0,2,61.120000000000005,1,4,23,4,0.0,1091.2074770445881,7,0,0,2,0,0,0,95.0584,0,116,0,True
CHEMBL1076741,O=C(NC1CC1)c1ccc(Cl)c(Nc2nncc3c2cnn3-c2ccccc2Cl)c1,UPQPUHQJXSUQIV-UHFFFAOYSA-N,CNS/Neurology,Neurological disorder,True,1990,439.30600000000015,4.758100000000002,2,6,84.72999999999999,5,4,30,5,0.0,1267.5840509412571,9,1,1,2,0,0,0,116.89289999999998,0,150,0,True
CHEMBL548124,COCCNCc1ccc(-c2ccc3c(Nc4ccc(Cl)cc4F)ccnc3c2)o1,WWBHQURSNYIFFB-UHFFFAOYSA-N,CNS/Neurology,Neurological disorder,True,2005,425.8910000000001,5.766900000000004,2,5,59.32,8,4,30,4,0.0,1162.3645413055372,7,0,0,2,0,0,0,117.72040000000003,0,154,1,True
CHEMBL1078741,CC(C)CN(C(=O)c1cc(Cl)cc(Cl)c1)[C@H]1CCNC1,IECZTWNGAWLQAQ-AWEZNQCLSA-N,Pain/Inflammation,Pain management,True,2023,315.2440000000001,3.453500000000002,1,2,32.34,4,1,20,2,0.0,464.51189937618625,5,1,1,0,1,1,1,83.61120000000004,0,110,0,True
CHEMBL1078396,COc1ccc2[nH]n(CC3(C)NC(=O)NC3=O)c(=O)c2c1,PIEMRKVLYXWKFP-UHFFFAOYSA-N,Anti-infective,Infection,True,1998,290.27900000000005,-0.06369999999999998,3,5,105.22,3,2,21,3,0.0,806.09443027402,8,1,1,1,1,1,1,74.19010000000002,0,110,0,True
CHEMBL1086530,Cn1c(=O)c2c(ncn2CC(=O)Nc2nc(-c3ccc(Br)cc3)cs2)n(C)c1=O,PJTIUFKDAKIUEV-UHFFFAOYSA-N,Metabolic,Metabolic disorder,True,2003,475.3280000000001,1.9583999999999995,1,9,103.81,4,4,29,4,0.0,1348.9243823736383,11,0,0,3,0,0,0,114.09470000000002,0,148,0,True
CHEMBL1086372,CCCCCCCc1nc2c(N)nc3ccccc3c2n1Cc1ccccc1,HTAZDMCWIPXKAA-UHFFFAOYSA-N,CNS/Neurology,Neurological disorder,True,1990,372.51600000000013,5.727900000000005,1,4,56.73,8,4,28,4,0.0,1066.3034428712135,4,0,0,2,0,0,0,117.45340000000003,0,144,1,True
CHEMBL154170,Cc1cccnc1-c1ccccc1NCC1=NCCN1,RPXGGOSHABXVKK-UHFFFAOYSA-N,Pain/Inflammation,Pain management,True,2002,266.34799999999996,2.4706199999999994,2,4,49.31,4,2,20,3,0.0,633.878928349822,4,0,1,1,0,1,0,83.20440000000004,0,102,0,True
CHEMBL1092064,CN[C@@H]1CCN(c2ncnc3c2oc2cc(Cl)ccc23)C1,CWIMPSCSFQAHOE-SNVBAGLBSA-N,Pain/Inflammation,Pain management,True,2009,302.76500000000004,2.8275000000000015,1,5,54.19,2,3,21,4,0.0,815.8950586108705,6,1,1,2,1,1,1,83.99770000000002,0,108,0,True
CHEMBL1094324,NC(Cc1nsnc1O)C(=O)O,SEVVPWOEIHLQGH-UHFFFAOYSA-N,Anti-infective,Infection,True,2019,189.196,-0.8019000000000001,3,6,109.33,3,1,12,1,0.0,287.2207414965969,7,0,0,1,0,0,1,40.889,0,66,0,True
CHEMBL1094354,CC(C)(C)OC(=O)/N=C(/NC(=O)OC(C)(C)C)N1CCN(C[C@@H]2O[C@H](CC(=O)NCCc3c[nH]c4ccccc34)[C@@H]3OC(C)(C)O[C@@H]32)C1=O,VWLDGCPGJRGTIV-CFBHAYGYSA-N,Immunology,Immune disorder,True,2005,684.7910000000003,4.057600000000003,3,9,173.11999999999995,7,2,49,5,0.0,1590.0849369436337,15,3,3,1,3,3,4,178.82909999999947,0,268,1,True
CHEMBL1161558,COc1cc(CC(=O)NCCOC(=O)[C@@H](N)CCSC)ccc1O,DWSRIDOONJGVLA-LBPRGKRZSA-N,Anti-infective,Infection,True,2018,356.444,0.6830999999999996,3,7,110.88,10,1,24,1,0.0,553.2693494808738,8,0,0,0,0,0,1,93.30590000000005,0,134,0,True
CHEMBL160417,CC(NC(=O)CN(C(=O)[C@@H](NC(=O)c1ccc(C(=O)NS(=O)(=O)c2ccc(Cl)cc2)cc1)C(C)C)C1Cc2ccccc2C1)C(=O)C(F)(F)F,KCYYUBDDVODPFF-PRTIIRGTSA-N,CNS/Neurology,Neurological disorder,True,2014,735.1810000000002,3.8452000000000037,3,7,158.82,12,3,50,4,0.0,1860.5749535309956,16,0,1,0,0,0,2,176.6558999999996,0,266,1,True
CHEMBL1076217,COCC(=O)N1CCC(C(=O)N2CCC(N3CCN(C(=O)c4cc(-c5ccccc5)nc(-c5ccccc5)c4)CC3)CC2)CC1,GYBGOEDLUVVYCY-UHFFFAOYSA-N,CNS/Neurology,Neurological disorder,True,2005,609.7709999999998,4.049400000000005,0,6,86.29,7,3,45,6,0.0,1401.524883858764,9,3,3,1,3,3,0,173.3674999999994,0,236,1,True
CHEMBL1095900,Oc1ccc(C2=Nc3ccccc3OC(c3ccccc3Cl)/C2=C/Nc2ccc(Cl)cc2)cc1,SOADPLQSUQBMGM-HAVVHWLPSA-N,CNS/Neurology,Neurological disorder,True,2002,487.3860000000002,7.949500000000004,2,4,53.85000000000001,4,4,34,5,0.0,1380.4437866505252,6,0,1,0,0,1,1,138.72449999999986,0,168,1,True
CHEMBL1093296,COC(=O)C1=CCCCC1C1=C(C)C2=Cc3c(C)cc(C)n3[B-](F)(F)[N+]2=C1C,GGATZAVACGXIRQ-UHFFFAOYSA-N,Pain/Inflammation,Pain management,True,2012,386.2510000000001,4.385140000000003,0,3,34.24,2,1,28,4,0.0,1027.4281262584698,7,0,3,1,0,2,1,106.33240000000008,0,148,0,True
CHEMBL1093989,CCOc1ccc(/C=C/C(=O)/C=C/c2ccc(OCC)cc2)cc1,HNLBEOUOQMIQHF-YDWXAUTNSA-N,Pain/Inflammation,Pain management,True,2014,322.404,4.779700000000004,0,3,35.53,8,2,24,2,0.0,633.3686455560139,3,0,0,0,0,0,0,98.29700000000003,0,124,0,True
CHEMBL1092099,Cc1cc2c(NCCCN3CCN(C(=O)c4cnccn4)CC3)nnc(-c3cccc([N+](=O)[O-])c3)c2n1C,UMUUWNFRPISCHD-UHFFFAOYSA-N,Immunology,Immune disorder,True,1996,515.5780000000002,2.9019200000000005,1,10,135.21,8,4,38,5,0.0,1463.8578435290476,12,1,1,3,1,1,0,142.81859999999983,0,196,1,True
CHEMBL1088217,CCOC(=O)c1c(NC(=O)CN2CCN(c3ccccc3OC)CC2)sc2c1CCN(C)C2,OHSCGXOTSRTSAK-UHFFFAOYSA-N,Other,Various indications,True,2012,472.61100000000033,2.6820000000000004,1,8,74.35,7,2,33,4,0.0,1000.3455881286512,9,1,2,1,1,2,0,130.59020000000004,0,178,0,True
CHEMBL1077270,CCCC(=O)Nc1n[nH]c2cc(-c3ccc(CC)cc3)ccc12,QRQNNGSYNOKPBH-UHFFFAOYSA-N,CNS/Neurology,Neurological disorder,True,2010,307.397,4.5309000000000035,2,2,57.78,5,3,23,3,0.0,818.2519372677914,4,0,0,1,0,0,0,94.44540000000003,0,118,0,True
CHEMBL1165220,C[C@H](CCC(=O)N/N=C/c1ccc(F)cc1)[C@H]1CC[C@H]2[C@@H]3[C@H](O)C[C@@H]4C[C@H](O)CC[C@]4(C)[C@H]3C[C@H](O)[C@]12C,PWRKYJDJAHYPKB-PETHVLMXSA-N,Other,Various indications,True,2002,528.7090000000003,4.6535000000000055,4,5,102.15,6,1,38,5,0.0,1033.210737707379,7,4,4,0,0,0,11,144.53809999999993,0,210,1,True
CHEMBL612001,O=c1cc(CN2CCNCC2)nc2ccccn12,RQXHRIPUYWEVNQ-UHFFFAOYSA-N,Anti-infective,Infection,True,2010,244.29800000000003,0.0996999999999999,1,5,49.64,2,2,18,3,0.0,601.2078878656698,5,1,1,2,1,1,0,69.60870000000003,0,94,0,True
CHEMBL1091345,CC(C)Nc1nc(-c2ccc(NC(=O)Nc3ccc(N4CCN(C)CC4)cc3)cc2)nc(N2C3CCC2COC3)n1,ZQNIPFMWTKDZHF-UHFFFAOYSA-N,CNS/Neurology,Neurological disorder,True,2012,557.7030000000003,4.122300000000004,3,9,110.77999999999999,7,3,41,6,0.0,1325.0728124178916,11,3,3,1,3,3,2,162.92309999999966,0,216,1,True
CHEMBL1077248,Oc1ccc(/N=C(/Cc2ccc(F)cc2)c2ccc(O)c(O)c2)cc1,VNODVEUMLOSDSX-PYCFMQQDSA-N,CNS/Neurology,Neurological disorder,True,2007,337.3500000000001,4.306000000000003,3,4,73.05000000000001,4,3,25,3,0.0,903.2293212022573,5,0,0,0,0,0,0,94.1794,0,126,0,True
CHEMBL1076614,CCN(CC)c1nc2c(S(=O)(=O)c3ccccc3)nnn2c2cccc(Cl)c12,HJWBGQMLRPSPCX-UHFFFAOYSA-N,CNS/Neurology,Neurological disorder,True,2003,415.9060000000001,3.6099000000000023,0,7,80.46000000000001,5,4,28,4,0.0,1267.9716518649432,9,0,0,2,0,0,0,108.75280000000002,0,144,0,True
CHEMBL3347288,N#Cc1cc(Cl)cc(Oc2c(CCOc3cccnc3)c[nH]c(=O)c2Br)c1,ZEMGQXMMRIHYBT-UHFFFAOYSA-N,CNS/Neurology,Neurological disorder,True,2004,446.68800000000005,4.471280000000003,1,5,88.0,6,3,27,3,0.0,1048.3009047352004,8,0,0,2,0,0,0,104.43970000000003,0,136,0,True
CHEMBL1077261,C=CCNC(=O)C(=O)C(CCC)NC(=O)[C@@H]1CC2(CN1C(=O)[C@@H](NC(=O)N[C@@H](CN1C(=O)CC(C)(C)CC1=O)C(C)(C)C)C(C)(C)C)SCCS2,PDUIAVOGYZSUGW-PILZJMABSA-N,Metabolic,Metabolic disorder,True,2006,751.0289999999999,3.2236000000000047,4,9,174.09,13,0,51,3,0.0,1362.4146915209817,15,3,3,0,3,3,4,200.70579999999939,0,286,1,True
CHEMBL1077272,COC(=O)/C=C\C(=O)Nc1ccc(C)cc1,HMLIQUWSWQTYPI-FPLPWBNLSA-N,Anti-infective,Infection,True,2014,219.24,1.6627199999999998,1,3,55.400000000000006,3,1,16,1,0.0,406.77697890859474,4,0,0,0,0,0,0,60.96470000000003,0,84,0,True
CHEMBL1076637,N[C@H](Cc1ccc(O)cc1)C(=O)O,OUYCCCASQSFEME-MRVPVSSYSA-N,Anti-infective,Infection,True,2016,181.19099999999997,0.3466,3,3,83.55,3,1,13,1,0.0,294.23305328030176,4,0,0,0,0,0,1,47.42200000000002,0,70,0,True
CHEMBL1214515,CC(C)CC(=O)C[C@@H](C)C1=C(O)C(=O)[C@@H]2[C@@H]3CC[C@H]4C[C@@H](O[C@@H]5O[C@H](C(=O)O)[C@@H](O)[C@H](O)[C@H]5O)CC[C@]4(C)[C@H]3CC[C@]12C,CFFDFUDCYHFINU-HSSSCCAZSA-N,Metabolic,Metabolic disorder,True,1990,606.753,3.5489000000000015,5,9,170.82,8,0,43,5,0.0,1148.5050624446521,10,4,5,0,1,1,13,154.58799999999985,0,242,1,True
CHEMBL609497,CC(C)Nc1nc2cc3cc(Cl)c(Cl)cc3nc2n1C1O[C@H](CO)[C@@H](O)[C@H]1O,MQDATEGLBLQFRP-BOEXNKMNSA-N,Other,Various indications,True,2006,427.2880000000001,2.3231000000000015,4,8,112.66000000000001,4,3,28,4,0.0,1041.5107511119534,10,1,1,2,1,1,4,106.82210000000002,0,150,0,True
CHEMBL1095821,CCCN1CNc2c(c(=O)[nH]c(=S)n2CCc2ccc(C)cc2)C1,IRLSRHULGMDHPH-UHFFFAOYSA-N,Pain/Inflammation,Pain management,True,2012,344.4840000000001,3.052010000000002,2,5,53.06,5,2,24,3,0.0,822.3928968679173,6,0,1,1,0,1,0,99.96040000000004,0,128,0,True
CHEMBL1088207,CCCCSC1=CC(=O)C(C[C@]2(C)[C@@H](C)CC[C@]3(C)C(C)=CCC[C@@H]23)=CC1=O,GUALCSGBYKIGMP-CMRTURKBSA-N,Other,Various indications,True,2019,400.62800000000016,6.670700000000006,0,3,34.14,6,0,28,3,0.0,743.6468034342346,3,1,3,0,0,0,4,119.25600000000009,0,154,1,True
CHEMBL1095336,Cc1cccc(CSc2nc(Cc3ccccc3)cc(=O)[nH]2)c1,CXVBLHMXRCDEGP-UHFFFAOYSA-N,CNS/Neurology,Neurological disorder,True,1992,322.43300000000005,3.961420000000003,1,3,45.75,5,3,23,3,0.0,843.2433914018054,4,0,0,1,0,0,0,94.84570000000004,0,116,0,True
CHEMBL1090111,CO[C@H]1OCC(S[C@H]2O[C@H](CO)[C@@H](O)[C@H](O)[C@H]2NC(C)=O)C[C@H]1O,VBXQITOZJXATPS-FCVNPXHESA-N,Cardiovascular,Heart disease,True,2008,367.42000000000013,-2.214399999999998,5,9,137.71,5,0,24,2,0.0,427.5786221302138,10,2,2,0,2,2,8,84.11690000000003,0,140,0,True
CHEMBL1213533,CCOC(=O)[C@H]1O[C@@H]1C(=O)N(CC(C)C)NC(=O)[C@H](CC(C)C)NC(C)=O,LTADUMNYSBGUFU-KKUMJFAQSA-N,Anti-infective,Infection,True,2014,385.4610000000001,0.38350000000000156,2,6,117.34,9,0,27,1,0.0,563.3002147492522,9,1,1,0,1,1,3,97.04740000000005,0,154,0,True
CHEMBL1091702,COC1CCN(C(=O)C2CCN(c3ccnc4c3c(/C=C3\Oc5ccc(NC(=O)Nc6cccnc6)cc5C3=O)cn4C)CC2)C1,QEZWCJGAMDEIKI-MWLSYYOVSA-N,CNS/Neurology,Neurological disorder,True,2017,621.698,4.692200000000003,2,9,130.92000000000002,6,4,46,7,0.0,1845.4039294977788,12,2,3,3,2,3,1,173.90089999999955,0,236,1,True
CHEMBL1084477,CC(C)C(=O)N1CCCCC1c1nnn(-c2cccc(Cl)c2)n1,MPRKVMRKGPBMQN-UHFFFAOYSA-N,Pain/Inflammation,Pain management,True,2012,333.82300000000004,3.0253000000000014,0,5,63.910000000000004,3,2,23,3,0.0,699.2839714319562,7,1,1,1,1,1,1,87.30700000000004,0,122,0,True
CHEMBL609701,COC(=O)C1=C(C)NC(C)=C(C(=O)OCCCCCCCC[N+](C)(C)C)C1c1cccc([N+](=O)[O-])c1.[I-],XKIUNKMRICVREO-UHFFFAOYSA-N,Other,Various indications,True,2000,629.5360000000003,1.5966000000000018,1,7,107.77000000000001,13,1,37,2,0.0,1029.2129522775556,10,0,1,0,0,1,1,137.94949999999992,0,206,1,True
CHEMBL610479,CN1C/C(=C\c2ccc(F)cc2)C(=O)[C@]2(C1)[C@H](c1ccc(F)cc1)[C@@H]1CSCN1[C@@]21C(=O)Nc2ccc([N+](=O)[O-])cc21,WFUODJWSPXHZER-KMEUWFIYSA-N,CNS/Neurology,Neurological disorder,True,1993,588.6360000000001,4.777200000000004,1,7,95.79,3,3,42,7,0.0,1681.1224315095176,11,3,4,0,3,4,4,154.8110999999997,0,214,1,True
CHEMBL610484,CC(=O)Nc1ccc(/C=N/NC(=O)c2nc(-c3ccc(O)cc3)no2)cc1,XYINERKDHZSLPE-VXLYETTFSA-N,Pain/Inflammation,Pain management,True,2001,365.34900000000005,2.1644999999999994,3,7,129.71,5,3,27,3,0.0,977.7464011852232,9,0,0,1,0,0,0,97.20469999999999,0,136,0,True
CHEMBL3347290,N#Cc1cc(Cl)cc(Oc2c(COCc3ccncc3)c[nH]c(=O)c2Br)c1,SRCLNNQHLDDRMC-UHFFFAOYSA-N,CNS/Neurology,Neurological disorder,True,2019,446.68800000000005,4.566580000000003,1,5,88.0,6,3,27,3,0.0,1048.3009047352004,8,0,0,2,0,0,0,103.73370000000004,0,136,0,True
CHEMBL1093640,CC(C)(C)[C@H](NC(=O)NC1(Cc2ccccc2O)CCCCC1)C(=O)N1C[C@H]2[C@@H]([C@H]1C(=O)NC(CC1CC1)C(=O)C(N)=O)C2(C)C,RCPBYNLDEINXKA-LIFJXQIBSA-N,Other,Various indications,True,2006,637.8220000000002,3.1738000000000017,5,6,170.93,11,1,46,5,0.0,1375.4305874456513,11,4,4,0,1,1,5,172.27229999999966,0,252,1,True
CHEMBL1163158,C[C@]12CC/C(=N\OCCN)C[C@@H]1[C@@H](O[N+](=O)[O-])C[C@@H]1[C@@H]2CC[C@]2(C)C(=O)CC[C@@H]12.O=C(O)/C=C/C(=O)O,ALFLWYDYMGRQRZ-NLJWCQFRSA-N,Metabolic,Metabolic disorder,True,2022,523.5830000000004,2.828099999999999,3,9,191.64999999999998,7,0,37,4,0.0,951.0541393121835,12,4,4,0,0,0,7,130.8374000000001,0,206,1,True
CHEMBL1093521,O=c1[nH]c2cc(NCCO)ccc2c(=O)n1-c1cccc(Cl)c1,VPLYHFYREVBJOL-UHFFFAOYSA-N,Anti-infective,Infection,True,2006,331.759,1.7365999999999995,3,5,87.12,4,3,23,3,0.0,978.2017835286426,7,0,0,1,0,0,0,90.7512,0,118,0,True
CHEMBL1165401,C=C1C(=O)[C@@]23[C@H](O)C[C@@H]4C(C)(C)CCC[C@@]4(CO)[C@@H]2[C@@H](O)C[C@@H]1[C@H]3O,BCIUAQVTZYTSHZ-XUHSIGFGSA-N,Anti-infective,Infection,True,1993,350.455,1.0391999999999997,4,5,97.99000000000001,1,0,25,4,0.0,627.5760526058391,5,4,4,0,0,0,8,91.45520000000003,0,140,0,True
CHEMBL1165404,Cc1ccc(NC(=O)Nc2ccc(Oc3ccc(-c4nccs4)cc3)cc2)cc1,PXDFVKOGGDGWAF-UHFFFAOYSA-N,CNS/Neurology,Neurological disorder,True,1996,401.49100000000004,6.554820000000004,2,4,63.25,5,4,29,4,0.0,1074.6982229876357,6,0,0,1,0,0,0,117.8864,0,144,1,True
CHEMBL1165423,CN(C)CCN(C)C(=O)c1ccc2c(c1)/C(=C1/Nc3ccccc3C1=O)C(=O)N2,GRTHWVPIRDIHOY-HNENSFHCSA-N,Pain/Inflammation,Pain management,True,2018,390.4430000000001,2.2917999999999994,2,5,81.75,4,2,29,4,0.0,1071.4771019889993,7,0,2,0,0,2,0,111.90140000000005,0,148,0,True
CHEMBL1091275,Cc1cccc(-c2nn(O)cc2C2CCNCC2)c1,SMALKIPNDRHPDW-UHFFFAOYSA-N,Pain/Inflammation,Pain management,True,2013,257.337,2.5628200000000003,2,4,50.08,2,2,19,3,0.0,570.5197055539547,4,1,1,1,1,1,0,74.42920000000004,0,100,0,True
CHEMBL1165348,N/C(=N\O)c1cccc(CSCCNC(=O)c2c(Cl)cccc2Cl)c1,RFISCLQSJROTKL-UHFFFAOYSA-N,Pain/Inflammation,Pain management,True,2019,398.31500000000005,3.7511000000000028,3,4,87.71000000000001,7,2,25,2,0.0,763.9883183393499,8,0,0,0,0,0,0,103.9101,0,132,0,True
CHEMBL4116104,CCCC(CCC)C(=O)OC(Cn1ccnc1)c1ccccc1,ICZRUDHFNIAWIX-UHFFFAOYSA-N,Pain/Inflammation,Pain management,True,1991,314.42900000000003,4.384000000000004,0,4,44.120000000000005,9,2,23,2,0.0,560.320253095819,4,0,0,1,0,0,1,90.80800000000006,0,124,0,True
CHEMBL154997,[O-][S+](Cc1ccccc1-n1cccn1)c1nccn1-c1ccccn1,KYISGLTYEZIYJP-UHFFFAOYSA-N,Pain/Inflammation,Pain management,True,2008,349.41900000000004,2.7608000000000006,0,6,71.59,5,4,25,4,0.0,952.5388729241417,7,0,0,3,0,0,1,95.03540000000001,0,124,0,True
CHEMBL2094221,Cc1ccccc1CNC(=O)Cc1c(C)noc1C,FBYSMDXDBCZLFV-UHFFFAOYSA-N,Pain/Inflammation,Pain management,True,2017,258.32099999999997,2.4587600000000007,1,3,55.13,4,2,19,2,0.0,568.0815521767456,4,0,0,1,0,0,0,72.70670000000003,0,100,0,True
CHEMBL1085658,O=S(=O)(c1cccc(F)c1)c1ccc2c(c1)CCC[C@H]2CN1CC(O)C1,FWFLTFAOXVWWON-HNNXBMFYSA-N,Pain/Inflammation,Pain management,True,2015,375.4650000000002,2.754900000000001,1,4,57.61,4,2,26,4,0.0,922.4035794007286,6,1,2,0,1,1,1,96.41960000000005,0,138,0,True
