sample_id,offbit_value,tgic_coherence,weight,is_golay_codeword,distance_to_codeword_weight,golay_parity_mod_4
1,0x939678,1.000000,12,True,0,0
2,0x4f4493,0.000000,11,False,1,3
3,0xd6db3f,0.666667,17,False,1,1
4,0x60c8f8,0.333333,10,False,2,2
5,0x37a79d,0.000000,15,False,1,3
6,0xa2c49b,0.000000,11,False,1,3
7,0xd65d78,0.333333,14,False,2,2
8,0x2408d,0.333333,6,False,2,2
9,0x71d7dc,0.000000,15,False,1,3
10,0xbab4a5,0.666667,13,False,1,1
11,0x7cc7f,0.333333,14,False,2,2
12,0xd72879,0.666667,13,False,1,1
13,0x4e864,1.000000,8,True,0,0
14,0x37fac,0.666667,13,False,1,1
15,0xb9e205,0.000000,11,False,1,3
16,0x38787a,1.000000,12,True,0,0
17,0x7a96a2,1.000000,12,True,0,0
18,0xe18b5f,0.333333,14,False,2,2
19,0x88b787,1.000000,12,True,0,0
20,0x6c0c2f,0.000000,11,False,1,3
21,0x8fe71e,0.000000,15,False,1,3
22,0x1ed5c0,0.000000,11,False,1,3
23,0x257718,0.000000,11,False,1,3
24,0x9069bf,0.666667,13,False,1,1
25,0x5fbc6b,1.000000,16,True,0,0
26,0x38d261,0.333333,10,False,2,2
27,0xba7933,0.333333,14,False,2,2
28,0x115e9,0.666667,9,False,1,1
29,0x5b304d,0.000000,11,False,1,3
30,0x7d2a78,0.666667,13,False,1,1
31,0xc72e27,0.666667,13,False,1,1
32,0x1f497d,0.333333,14,False,2,2
33,0x20da2d,0.333333,10,False,2,2
34,0x6ffa64,0.000000,15,False,1,3
35,0x823cac,0.333333,10,False,2,2
36,0x5b140a,0.666667,9,False,1,1
37,0xf71880,0.333333,10,False,2,2
38,0x597d8d,0.333333,14,False,2,2
39,0x79fe60,0.333333,14,False,2,2
40,0xc17f11,1.000000,12,True,0,0
41,0x6beccd,0.000000,15,False,1,3
42,0xa5d766,0.333333,14,False,2,2
43,0x989bc1,0.000000,11,False,1,3
44,0x55b337,0.333333,14,False,2,2
45,0x566e9e,0.333333,14,False,2,2
46,0x6e5e56,0.333333,14,False,2,2
47,0x3b88b9,1.000000,12,True,0,0
48,0x507490,1.000000,8,True,0,0
49,0x7aef2,0.666667,13,False,1,1
50,0x305f8,0.666667,9,False,1,1
51,0x25cabb,0.666667,13,False,1,1
52,0xefa305,0.666667,13,False,1,1
53,0xb02f64,0.000000,11,False,1,3
54,0xef0b1e,0.333333,14,False,2,2
55,0x691794,0.000000,11,False,1,3
56,0xd14455,0.333333,10,False,2,2
57,0x86f35d,0.333333,14,False,2,2
58,0x3f329,0.000000,11,False,1,3
59,0xbd8d4d,0.333333,14,False,2,2
60,0x30bbbe,0.333333,14,False,2,2
61,0x872a07,0.333333,10,False,2,2
62,0x25abb1,1.000000,12,True,0,0
63,0x857ac0,0.333333,10,False,2,2
64,0x7a1486,0.333333,10,False,2,2
65,0xa0c734,0.333333,10,False,2,2
66,0x39c641,0.333333,10,False,2,2
67,0xb39ec1,0.666667,13,False,1,1
68,0xaba24,0.666667,9,False,1,1
69,0xc7e719,0.333333,14,False,2,2
70,0x94c8f6,1.000000,12,True,0,0
71,0xc34cc,0.666667,9,False,1,1
72,0x896cd0,0.333333,10,False,2,2
73,0x144187,1.000000,8,True,0,0
74,0x251604,0.000000,7,False,1,3
75,0x12d131,0.666667,9,False,1,1
76,0x43f91b,0.666667,13,False,1,1
77,0x2c7a8b,1.000000,12,True,0,0
78,0x46f1c5,1.000000,12,True,0,0
79,0x2c2425,1.000000,8,True,0,0
80,0x2fe277,0.000000,15,False,1,3
81,0x23e172,0.000000,11,False,1,3
82,0x7ecec7,1.000000,16,True,0,0
83,0x67999e,0.333333,14,False,2,2
84,0x4befcd,1.000000,16,True,0,0
85,0x6495da,1.000000,12,True,0,0
86,0x97544d,1.000000,12,True,0,0
87,0xc68a21,0.666667,9,False,1,1
88,0x7a2df2,0.333333,14,False,2,2
89,0x993fec,0.000000,15,False,1,3
90,0xd5e9d7,1.000000,16,True,0,0
91,0x823684,1.000000,8,True,0,0
92,0x188829,0.000000,7,False,1,3
93,0x2a4dcb,1.000000,12,True,0,0
94,0x29d904,0.666667,9,False,1,1
95,0x95b03a,0.000000,11,False,1,3
96,0xf68e73,0.000000,15,False,1,3
97,0xe519cd,0.666667,13,False,1,1
98,0x996bf1,0.333333,14,False,2,2
99,0x25099,0.000000,7,False,1,3
100,0xbddac9,0.000000,15,False,1,3
101,0xccfbbc,1.000000,16,True,0,0
102,0xa1baf8,0.666667,13,False,1,1
103,0xe3389c,1.000000,12,True,0,0
104,0x77e4ab,0.000000,15,False,1,3
105,0x4fae5,1.000000,12,True,0,0
106,0xa46ba8,0.000000,11,False,1,3
107,0x86804d,1.000000,8,True,0,0
108,0x2581f3,0.000000,11,False,1,3
109,0xdcad8,0.000000,11,False,1,3
110,0x2b4485,0.666667,9,False,1,1
111,0x16eacc,1.000000,12,True,0,0
112,0xc890d4,0.666667,9,False,1,1
113,0x349f78,0.666667,13,False,1,1
114,0x788242,1.000000,8,True,0,0
115,0x8516a8,0.666667,9,False,1,1
116,0x356e4d,0.666667,13,False,1,1
117,0x18329c,0.666667,9,False,1,1
118,0xf20ff6,0.000000,15,False,1,3
119,0xdbdafe,0.333333,18,False,2,2
120,0x3547aa,1.000000,12,True,0,0
121,0x7b47fe,0.666667,17,False,1,1
122,0x541e27,0.000000,11,False,1,3
123,0x2e395e,0.666667,13,False,1,1
124,0x3463c1,0.333333,10,False,2,2
125,0x10f464,0.666667,9,False,1,1
126,0xaf3c44,1.000000,12,True,0,0
127,0xbbd3e8,0.000000,15,False,1,3
128,0x8fbeab,1.000000,16,True,0,0
129,0xb4830c,0.666667,9,False,1,1
130,0xacbed3,0.000000,15,False,1,3
131,0x6cb166,1.000000,12,True,0,0
132,0x517173,1.000000,12,True,0,0
133,0x2b062d,0.333333,10,False,2,2
134,0x3d7294,1.000000,12,True,0,0
135,0x36d297,0.666667,13,False,1,1
136,0xe4ad0b,1.000000,12,True,0,0
137,0x245fe2,1.000000,12,True,0,0
138,0x95bccd,0.333333,14,False,2,2
139,0x45a4d0,0.666667,9,False,1,1
140,0xb3b135,0.666667,13,False,1,1
141,0x2d5e71,0.666667,13,False,1,1
142,0x35c141,0.666667,9,False,1,1
143,0x49d648,0.333333,10,False,2,2
144,0x29976a,1.000000,12,True,0,0
145,0xe0ee1,0.333333,10,False,2,2
146,0x8717f1,0.666667,13,False,1,1
147,0xa806d1,0.666667,9,False,1,1
148,0xd4c9f3,0.333333,14,False,2,2
149,0xef1dd0,0.333333,14,False,2,2
150,0x4dfcb7,1.000000,16,True,0,0
151,0x93fb16,0.333333,14,False,2,2
152,0x52720a,0.666667,9,False,1,1
153,0x39cd38,1.000000,12,True,0,0
154,0x462add,1.000000,12,True,0,0
155,0x6c126b,0.000000,11,False,1,3
156,0xe0d933,1.000000,12,True,0,0
157,0x3004b0,0.333333,6,False,2,2
158,0x2907be,1.000000,12,True,0,0
159,0xb9ce6d,0.000000,15,False,1,3
160,0x41e493,0.333333,10,False,2,2
161,0xb0f29f,0.333333,14,False,2,2
162,0xf9b2a9,0.333333,14,False,2,2
163,0xdd200a,0.666667,9,False,1,1
164,0x87c8cd,1.000000,12,True,0,0
165,0x1b333,0.333333,10,False,2,2
166,0x9c52dd,0.666667,13,False,1,1
167,0x3941ee,1.000000,12,True,0,0
168,0x947b06,0.000000,11,False,1,3
169,0x2f5203,0.333333,10,False,2,2
170,0xa2ee0d,1.000000,12,True,0,0
171,0xf6c08e,1.000000,12,True,0,0
172,0x32401,0.666667,5,False,3,1
173,0xa5fcd6,0.000000,15,False,1,3
174,0x7a3831,0.000000,11,False,1,3
175,0x68726f,0.666667,13,False,1,1
176,0xc520df,1.000000,12,True,0,0
177,0xfc3e11,0.666667,13,False,1,1
178,0x8f489,0.666667,9,False,1,1
179,0xc01171,1.000000,8,True,0,0
180,0xbc9472,1.000000,12,True,0,0
181,0x95efd,0.333333,14,False,2,2
182,0x6512b8,0.333333,10,False,2,2
183,0x37fcf9,0.666667,17,False,1,1
184,0x433d9,0.333333,10,False,2,2
185,0x738842,0.666667,9,False,1,1
186,0xfc2ef0,0.333333,14,False,2,2
187,0xe90ea0,0.333333,10,False,2,2
188,0x69523c,0.000000,11,False,1,3
189,0x5baee5,0.000000,15,False,1,3
190,0x626e4c,0.000000,11,False,1,3
191,0x2d53e3,0.666667,13,False,1,1
192,0xdcd292,1.000000,12,True,0,0
193,0xc4c854,0.666667,9,False,1,1
194,0xd08390,1.000000,8,True,0,0
195,0x2d7596,0.666667,13,False,1,1
196,0x841de1,0.333333,10,False,2,2
197,0x3598ad,1.000000,12,True,0,0
198,0x270460,0.000000,7,False,1,3
199,0xeae562,0.666667,13,False,1,1
200,0x16ecfd,0.000000,15,False,1,3
201,0x44f1f6,0.666667,13,False,1,1
202,0x32b85c,0.000000,11,False,1,3
203,0x3a6a6c,1.000000,12,True,0,0
204,0xeb74f8,0.000000,15,False,1,3
205,0x4a1c94,0.666667,9,False,1,1
206,0xa956fe,0.000000,15,False,1,3
207,0xc1b432,0.333333,10,False,2,2
208,0x4982a8,1.000000,8,True,0,0
209,0x93b0a9,0.000000,11,False,1,3
210,0x3da9fa,0.000000,15,False,1,3
211,0xa58fa6,0.666667,13,False,1,1
212,0xa3dfb5,1.000000,16,True,0,0
213,0x923fb5,0.333333,14,False,2,2
214,0x1a701d,0.333333,10,False,2,2
215,0x223282,0.000000,7,False,1,3
216,0xc6bd12,1.000000,12,True,0,0
217,0x51533b,1.000000,12,True,0,0
218,0x705f3,0.000000,11,False,1,3
219,0x99fdee,0.666667,17,False,1,1
220,0x5ad550,0.000000,11,False,1,3
221,0x33c49b,1.000000,12,True,0,0
222,0xc2467a,0.000000,11,False,1,3
223,0xf9b70a,0.333333,14,False,2,2
224,0x8b6076,0.000000,11,False,1,3
225,0xe13f99,0.333333,14,False,2,2
226,0x72374f,0.333333,14,False,2,2
227,0x939be6,0.333333,14,False,2,2
228,0x214ce0,1.000000,8,True,0,0
229,0xfa9f89,0.000000,15,False,1,3
230,0xf7df7f,0.666667,21,False,3,1
231,0x7f6c56,0.000000,15,False,1,3
232,0x5babbf,0.666667,17,False,1,1
233,0xbbf8f4,1.000000,16,True,0,0
234,0xe42d8,0.666667,9,False,1,1
235,0xb64d9e,0.333333,14,False,2,2
236,0x6fd742,0.333333,14,False,2,2
237,0x877818,0.333333,10,False,2,2
238,0x3d3736,0.333333,14,False,2,2
239,0xb1b06e,1.000000,12,True,0,0
240,0x84bb0c,0.333333,10,False,2,2
241,0x82a390,1.000000,8,True,0,0
242,0xc97250,0.333333,10,False,2,2
243,0xe3c230,0.333333,10,False,2,2
244,0xf0b41f,0.666667,13,False,1,1
245,0x3a44f9,1.000000,12,True,0,0
246,0x12fa1c,0.000000,11,False,1,3
247,0x17b3f9,0.000000,15,False,1,3
248,0xaf7836,0.333333,14,False,2,2
249,0x16c0d6,0.333333,10,False,2,2
250,0x48f2a7,1.000000,12,True,0,0
251,0x1d64ab,1.000000,12,True,0,0
252,0xf47f08,0.666667,13,False,1,1
253,0x6aab67,0.333333,14,False,2,2
254,0x7f08f7,0.000000,15,False,1,3
255,0x730658,0.333333,10,False,2,2
256,0xb33765,0.333333,14,False,2,2
257,0x99bc94,1.000000,12,True,0,0
258,0x425b3,0.666667,9,False,1,1
259,0x5d1f57,0.000000,15,False,1,3
260,0x90ce8a,0.333333,10,False,2,2
261,0x8ba466,0.000000,11,False,1,3
262,0xda8554,0.000000,11,False,1,3
263,0x2fee05,0.666667,13,False,1,1
264,0x70d99d,0.666667,13,False,1,1
265,0x11dc3f,0.666667,13,False,1,1
266,0x39f8cb,0.333333,14,False,2,2
267,0xfb637e,0.666667,17,False,1,1
268,0xcbbcda,0.000000,15,False,1,3
269,0x44247a,0.666667,9,False,1,1
270,0x5052e6,0.333333,10,False,2,2
271,0x45505,0.000000,7,False,1,3
272,0x6ca462,0.333333,10,False,2,2
273,0x87dfc8,0.333333,14,False,2,2
274,0x2e227e,1.000000,12,True,0,0
275,0x848bc2,0.666667,9,False,1,1
276,0x232595,0.333333,10,False,2,2
277,0xaf70c,0.000000,11,False,1,3
278,0x3c0da2,0.333333,10,False,2,2
279,0x16367c,1.000000,12,True,0,0
280,0xe030fb,1.000000,12,True,0,0
281,0x822239,1.000000,8,True,0,0
282,0xeab063,1.000000,12,True,0,0
283,0x889e4a,0.333333,10,False,2,2
284,0x7e70b,1.000000,12,True,0,0
285,0x1e19fc,0.666667,13,False,1,1
286,0x8b0357,0.000000,11,False,1,3
287,0xa566c,0.333333,10,False,2,2
288,0x553dd6,0.333333,14,False,2,2
289,0x12c0e6,0.666667,9,False,1,1
290,0x1559f8,1.000000,12,True,0,0
291,0xc21f7,0.000000,11,False,1,3
292,0xee6316,0.666667,13,False,1,1
293,0x3fe8d1,0.333333,14,False,2,2
294,0x65b9be,0.000000,15,False,1,3
295,0x193f79,0.333333,14,False,2,2
296,0xe2b364,1.000000,12,True,0,0
297,0xe49ee9,0.333333,14,False,2,2
298,0x1884a,0.333333,6,False,2,2
299,0x336f13,0.666667,13,False,1,1
300,0x76b71d,0.000000,15,False,1,3
301,0x455f2a,1.000000,12,True,0,0
302,0x2becfb,1.000000,16,True,0,0
303,0x1e9081,1.000000,8,True,0,0
304,0x3cdd76,0.000000,15,False,1,3
305,0xe03013,1.000000,8,True,0,0
306,0xff5c91,0.000000,15,False,1,3
307,0x2d26e5,1.000000,12,True,0,0
308,0x7f17e6,1.000000,16,True,0,0
309,0x64182a,1.000000,8,True,0,0
310,0xe37cf7,0.666667,17,False,1,1
311,0xfd27c1,0.333333,14,False,2,2
312,0x511c0d,0.666667,9,False,1,1
313,0x706ce8,0.000000,11,False,1,3
314,0x330d86,0.333333,10,False,2,2
315,0x736e5f,1.000000,16,True,0,0
316,0xdbd272,0.333333,14,False,2,2
317,0xcf1735,0.333333,14,False,2,2
318,0xfc7372,0.000000,15,False,1,3
319,0x59cb2a,1.000000,12,True,0,0
320,0x3bc6c6,0.666667,13,False,1,1
321,0x5d5c6c,0.666667,13,False,1,1
322,0xc8b498,0.333333,10,False,2,2
323,0xdc57ed,1.000000,16,True,0,0
324,0x482e7d,1.000000,12,True,0,0
325,0x2c93f3,0.666667,13,False,1,1
326,0x63970b,1.000000,12,True,0,0
327,0x6a4ef7,0.000000,15,False,1,3
328,0x3e5919,1.000000,12,True,0,0
329,0x1a2f08,0.666667,9,False,1,1
330,0xf35647,0.333333,14,False,2,2
331,0x2251f3,0.000000,11,False,1,3
332,0xfbed91,1.000000,16,True,0,0
333,0x6a66fc,0.333333,14,False,2,2
334,0x3ad6ca,0.666667,13,False,1,1
335,0x942157,0.333333,10,False,2,2
336,0x114799,0.333333,10,False,2,2
337,0x904635,0.666667,9,False,1,1
338,0x43dddf,1.000000,16,True,0,0
339,0x79d812,0.000000,11,False,1,3
340,0x73ef52,0.000000,15,False,1,3
341,0xee6c44,1.000000,12,True,0,0
342,0x4e9f8,0.000000,11,False,1,3
343,0x5aeefa,1.000000,16,True,0,0
344,0xd015f0,0.333333,10,False,2,2
345,0x53f1f2,0.333333,14,False,2,2
346,0x3637d7,0.000000,15,False,1,3
347,0x3fe603,0.666667,13,False,1,1
348,0xc6f196,0.666667,13,False,1,1
349,0x926dda,0.666667,13,False,1,1
350,0x804e66,0.666667,9,False,1,1
351,0x6eab98,0.666667,13,False,1,1
352,0x69d47c,0.666667,13,False,1,1
353,0xbb3009,0.333333,10,False,2,2
354,0xdb190c,0.000000,11,False,1,3
355,0x4469c5,0.333333,10,False,2,2
356,0x10193c,1.000000,8,True,0,0
357,0x139aa8,0.333333,10,False,2,2
358,0x8fa2da,0.666667,13,False,1,1
359,0x3879fd,0.000000,15,False,1,3
360,0x9cdf1c,0.333333,14,False,2,2
361,0x923fbb,0.000000,15,False,1,3
362,0x59524b,0.000000,11,False,1,3
363,0xd32a20,0.666667,9,False,1,1
364,0xb539ca,0.666667,13,False,1,1
365,0x283d59,0.000000,11,False,1,3
366,0x1d11f4,0.000000,11,False,1,3
367,0x6a5356,1.000000,12,True,0,0
368,0xdeec9a,0.000000,15,False,1,3
369,0x512447,0.666667,9,False,1,1
370,0x7a6130,0.333333,10,False,2,2
371,0x7bd24c,0.666667,13,False,1,1
372,0x4c76a3,1.000000,12,True,0,0
373,0xab6037,1.000000,12,True,0,0
374,0xbfbff6,1.000000,20,False,4,0
375,0x3a5485,0.333333,10,False,2,2
376,0x355e45,1.000000,12,True,0,0
377,0x127254,0.666667,9,False,1,1
378,0x20179a,0.666667,9,False,1,1
379,0xdd516e,0.333333,14,False,2,2
380,0xe64ffb,0.666667,17,False,1,1
381,0x25bc0f,1.000000,12,True,0,0
382,0x5fe257,0.000000,15,False,1,3
383,0x5e9374,0.666667,13,False,1,1
384,0x3b2371,1.000000,12,True,0,0
385,0xf7c285,0.666667,13,False,1,1
386,0xf63629,0.666667,13,False,1,1
387,0x5fbb0b,0.000000,15,False,1,3
388,0x14f6fd,0.000000,15,False,1,3
389,0x54835c,0.333333,10,False,2,2
390,0xe31e83,1.000000,12,True,0,0
391,0x12f443,0.333333,10,False,2,2
392,0x393033,0.333333,10,False,2,2
393,0xa8941b,0.333333,10,False,2,2
394,0xf66e77,0.666667,17,False,1,1
395,0xc485cb,0.000000,11,False,1,3
396,0xc1f4b8,1.000000,12,True,0,0
397,0xaeda2a,0.666667,13,False,1,1
398,0x84716,1.000000,8,True,0,0
399,0x2d7983,1.000000,12,True,0,0
400,0xa6792e,0.666667,13,False,1,1
401,0xa69c55,1.000000,12,True,0,0
402,0x519569,0.000000,11,False,1,3
403,0xa2dcbe,0.333333,14,False,2,2
404,0xa61904,1.000000,8,True,0,0
405,0x960929,0.666667,9,False,1,1
406,0xe34c94,0.000000,11,False,1,3
407,0x33a3c5,1.000000,12,True,0,0
408,0x5644eb,1.000000,12,True,0,0
409,0xb1790d,1.000000,12,True,0,0
410,0x649d5,0.333333,10,False,2,2
411,0xaf63a8,0.666667,13,False,1,1
412,0xbf4200,0.666667,9,False,1,1
413,0x9c2716,0.000000,11,False,1,3
414,0x1ba0f,0.333333,10,False,2,2
415,0xacc64c,0.000000,11,False,1,3
416,0x9926c4,0.333333,10,False,2,2
417,0x1f24be,0.666667,13,False,1,1
418,0xae2868,0.333333,10,False,2,2
419,0xaa5b37,0.333333,14,False,2,2
420,0xa5bc4d,0.666667,13,False,1,1
421,0x392be9,0.666667,13,False,1,1
422,0xb9a41,0.666667,9,False,1,1
423,0xdbed45,0.000000,15,False,1,3
424,0xc84afc,1.000000,12,True,0,0
425,0x52c6fa,0.666667,13,False,1,1
426,0x3ab558,1.000000,12,True,0,0
427,0x6d83f9,0.333333,14,False,2,2
428,0x7598e8,1.000000,12,True,0,0
429,0xf3ceb7,0.666667,17,False,1,1
430,0xeedc82,0.666667,13,False,1,1
431,0x51dbbc,0.333333,14,False,2,2
432,0xf3206d,1.000000,12,True,0,0
433,0x86f198,0.000000,11,False,1,3
434,0x9519c1,0.333333,10,False,2,2
435,0x1a8c7d,1.000000,12,True,0,0
436,0xddbefa,0.333333,18,False,2,2
437,0x65346c,0.000000,11,False,1,3
438,0x21b3df,0.333333,14,False,2,2
439,0xd9d9b9,0.000000,15,False,1,3
440,0x4d11ff,0.333333,14,False,2,2
441,0xb61fd4,0.333333,14,False,2,2
442,0x54aef7,0.000000,15,False,1,3
443,0xc5340c,0.666667,9,False,1,1
444,0xaca003,1.000000,8,True,0,0
445,0xe1e66,0.000000,11,False,1,3
446,0xe0c175,0.000000,11,False,1,3
447,0x609c44,1.000000,8,True,0,0
448,0x179f79,0.000000,15,False,1,3
449,0x9c5c6d,0.666667,13,False,1,1
450,0x19b397,0.666667,13,False,1,1
451,0x442453,1.000000,8,True,0,0
452,0x50b638,0.333333,10,False,2,2
453,0x6ae602,0.333333,10,False,2,2
454,0x67249,0.666667,9,False,1,1
455,0x7a1575,0.666667,13,False,1,1
456,0x5dc660,0.000000,11,False,1,3
457,0x6bb013,0.000000,11,False,1,3
458,0xc7f5dc,1.000000,16,True,0,0
459,0x58d414,0.666667,9,False,1,1
460,0x490c8f,0.333333,10,False,2,2
461,0x1bf8ff,0.666667,17,False,1,1
462,0x73ef67,0.666667,17,False,1,1
463,0x57db79,1.000000,16,True,0,0
464,0x2e8a,0.000000,7,False,1,3
465,0xe1d58e,0.666667,13,False,1,1
466,0x2150b,0.000000,7,False,1,3
467,0xd66045,0.333333,10,False,2,2
468,0xab757a,0.000000,15,False,1,3
469,0xce3467,0.666667,13,False,1,1
470,0x915b72,1.000000,12,True,0,0
471,0xf4eeb4,0.000000,15,False,1,3
472,0xa40014,0.666667,5,False,3,1
473,0x2a77d7,0.000000,15,False,1,3
474,0xbf9fac,0.666667,17,False,1,1
475,0x75ab6f,1.000000,16,True,0,0
476,0xe124de,1.000000,12,True,0,0
477,0x6ab790,1.000000,12,True,0,0
478,0x8c51e5,0.000000,11,False,1,3
479,0x1bf5bf,0.666667,17,False,1,1
480,0x7bc5af,1.000000,16,True,0,0
481,0x3e2ba2,1.000000,12,True,0,0
482,0xe77eb0,0.000000,15,False,1,3
483,0x504210,0.666667,5,False,3,1
484,0x284257,0.666667,9,False,1,1
485,0x2600c4,0.333333,6,False,2,2
486,0xa57a29,1.000000,12,True,0,0
487,0x4d2a08,1.000000,8,True,0,0
488,0x4a5f8a,1.000000,12,True,0,0
489,0x8c3d19,0.000000,11,False,1,3
490,0x923706,0.333333,10,False,2,2
491,0x30e08b,0.666667,9,False,1,1
492,0x162172,0.666667,9,False,1,1
493,0xd93f1f,1.000000,16,True,0,0
494,0xcc9b20,0.333333,10,False,2,2
495,0x54c895,0.333333,10,False,2,2
496,0xc006c8,0.000000,7,False,1,3
497,0x857861,0.333333,10,False,2,2
498,0x974745,1.000000,12,True,0,0
499,0xa450e7,0.000000,11,False,1,3
500,0x786c52,0.000000,11,False,1,3
501,0xd1035e,0.000000,11,False,1,3
502,0x7266cf,0.333333,14,False,2,2
503,0xbe0ff9,1.000000,16,True,0,0
504,0xb6e809,0.000000,11,False,1,3
505,0xcac5e7,0.333333,14,False,2,2
506,0x959ea1,1.000000,12,True,0,0
507,0x861dd5,1.000000,12,True,0,0
508,0x8a17bf,0.333333,14,False,2,2
509,0x2bd902,0.333333,10,False,2,2
510,0x736fbc,1.000000,16,True,0,0
511,0x4821f4,0.666667,9,False,1,1
512,0x1cd6b,0.000000,11,False,1,3
513,0xdef1fa,0.666667,17,False,1,1
514,0x40a952,1.000000,8,True,0,0
515,0x989128,1.000000,8,True,0,0
516,0x2df956,0.333333,14,False,2,2
517,0x746467,1.000000,12,True,0,0
518,0xea7e8f,1.000000,16,True,0,0
519,0x151b54,0.333333,10,False,2,2
520,0xea3a3c,0.666667,13,False,1,1
521,0x81ac12,1.000000,8,True,0,0
522,0xb4d9d3,0.333333,14,False,2,2
523,0x5ed7b4,0.000000,15,False,1,3
524,0x8904fc,0.333333,10,False,2,2
525,0x8e122,0.000000,7,False,1,3
526,0x161d99,0.000000,11,False,1,3
527,0x810592,0.000000,7,False,1,3
528,0x50c49e,0.333333,10,False,2,2
529,0x80f58a,0.333333,10,False,2,2
530,0x5a0e97,1.000000,12,True,0,0
531,0x75d940,0.000000,11,False,1,3
532,0xcb0aee,0.666667,13,False,1,1
533,0x6e1e9b,0.333333,14,False,2,2
534,0x60905a,1.000000,8,True,0,0
535,0x4633e,0.333333,10,False,2,2
536,0xa6d07f,0.333333,14,False,2,2
537,0x53487a,0.000000,11,False,1,3
538,0x7bf783,1.000000,16,True,0,0
539,0x28dc2,1.000000,8,True,0,0
540,0x8744a4,0.666667,9,False,1,1
541,0x749609,0.333333,10,False,2,2
542,0xdfa2c1,0.666667,13,False,1,1
543,0xd42c3d,1.000000,12,True,0,0
544,0xfac834,1.000000,12,True,0,0
545,0xff9d20,0.333333,14,False,2,2
546,0x6b91a0,0.333333,10,False,2,2
547,0xf2dd42,0.666667,13,False,1,1
548,0x14e7eb,0.333333,14,False,2,2
549,0x599caa,1.000000,12,True,0,0
550,0xf5b51f,1.000000,16,True,0,0
551,0xcb48f6,0.666667,13,False,1,1
552,0x7d1538,1.000000,12,True,0,0
553,0xc41621,1.000000,8,True,0,0
554,0xd20f5f,0.333333,14,False,2,2
555,0x34bd30,0.000000,11,False,1,3
556,0x6db878,0.666667,13,False,1,1
557,0xb0a7d3,0.666667,13,False,1,1
558,0x2e74a8,0.000000,11,False,1,3
559,0x5208b6,0.666667,9,False,1,1
560,0xe17d05,1.000000,12,True,0,0
561,0x408332,0.000000,7,False,1,3
562,0xdaf66e,1.000000,16,True,0,0
563,0xddc381,1.000000,12,True,0,0
564,0x81ef41,0.000000,11,False,1,3
565,0x83b097,0.000000,11,False,1,3
566,0x6b1429,0.333333,10,False,2,2
567,0xadacf4,0.333333,14,False,2,2
568,0x4765b0,0.000000,11,False,1,3
569,0x3be06b,0.666667,13,False,1,1
570,0x6327a3,1.000000,12,True,0,0
571,0xebde81,0.333333,14,False,2,2
572,0x5267af,0.333333,14,False,2,2
573,0x970dd2,1.000000,12,True,0,0
574,0x7b70e4,0.666667,13,False,1,1
575,0x31363e,1.000000,12,True,0,0
576,0x2f7997,0.000000,15,False,1,3
577,0xfd0e15,0.666667,13,False,1,1
578,0xf8fbd7,0.333333,18,False,2,2
579,0x4ef5f4,0.000000,15,False,1,3
580,0x5f60e,0.000000,11,False,1,3
581,0x9bb97a,0.000000,15,False,1,3
582,0x2e4ff0,0.666667,13,False,1,1
583,0x9a2a1f,1.000000,12,True,0,0
584,0xfb87f7,0.333333,18,False,2,2
585,0x55bf80,1.000000,12,True,0,0
586,0xf03218,0.666667,9,False,1,1
587,0xa99399,1.000000,12,True,0,0
588,0x943e26,0.000000,11,False,1,3
589,0xc8d6da,0.666667,13,False,1,1
590,0x8c1294,1.000000,8,True,0,0
591,0xc400ce,1.000000,8,True,0,0
592,0x18efe3,0.333333,14,False,2,2
593,0xd19322,0.333333,10,False,2,2
594,0xd013d5,0.000000,11,False,1,3
595,0x59a74f,0.333333,14,False,2,2
596,0xc0bd3a,1.000000,12,True,0,0
597,0x242e80,0.000000,7,False,1,3
598,0x3f19af,0.000000,15,False,1,3
599,0x4723af,0.666667,13,False,1,1
600,0x4e5f0d,0.666667,13,False,1,1
601,0x8a9a8d,0.000000,11,False,1,3
602,0xc03168,1.000000,8,True,0,0
603,0x22c339,0.333333,10,False,2,2
604,0xf3bad9,1.000000,16,True,0,0
605,0xfe462f,0.000000,15,False,1,3
606,0xa752b6,0.666667,13,False,1,1
607,0x19fc83,1.000000,12,True,0,0
608,0x12aa2a,0.666667,9,False,1,1
609,0x759f8,1.000000,12,True,0,0
610,0xde5797,1.000000,16,True,0,0
611,0xa777a7,1.000000,16,True,0,0
612,0xf8c2d2,1.000000,12,True,0,0
613,0x4c7768,1.000000,12,True,0,0
614,0x264810,0.333333,6,False,2,2
615,0xb3d67d,1.000000,16,True,0,0
616,0xd99bc7,0.000000,15,False,1,3
617,0xaaadb7,0.000000,15,False,1,3
618,0xa86f2,0.333333,10,False,2,2
619,0x8ea1c2,0.333333,10,False,2,2
620,0x3f4c53,0.666667,13,False,1,1
621,0xd32585,0.000000,11,False,1,3
622,0xa2f55a,0.666667,13,False,1,1
623,0xe6f88e,0.333333,14,False,2,2
624,0x12b9f5,0.666667,13,False,1,1
625,0xa35967,0.666667,13,False,1,1
626,0x6cf61b,0.333333,14,False,2,2
627,0xfd4b4,1.000000,12,True,0,0
628,0x775ef0,0.000000,15,False,1,3
629,0xedfdba,0.333333,18,False,2,2
630,0xc961d2,0.000000,11,False,1,3
631,0xa6e19f,0.333333,14,False,2,2
632,0x3dea80,0.000000,11,False,1,3
633,0x7fb62,0.666667,13,False,1,1
634,0x434cb4,0.333333,10,False,2,2
635,0xeaf325,0.333333,14,False,2,2
636,0x23634d,0.000000,11,False,1,3
637,0x5faaf9,1.000000,16,True,0,0
638,0x75551a,1.000000,12,True,0,0
639,0x978fba,0.000000,15,False,1,3
640,0xdcd40e,1.000000,12,True,0,0
641,0x401e0b,1.000000,8,True,0,0
642,0x751d63,0.666667,13,False,1,1
643,0x5935a7,0.666667,13,False,1,1
644,0xb349aa,1.000000,12,True,0,0
645,0x628bdc,1.000000,12,True,0,0
646,0xe95895,1.000000,12,True,0,0
647,0x8a8162,1.000000,8,True,0,0
648,0x90e33b,1.000000,12,True,0,0
649,0xd67ac3,0.333333,14,False,2,2
650,0x3cddec,0.000000,15,False,1,3
651,0xc27295,0.000000,11,False,1,3
652,0x85e1c5,0.000000,11,False,1,3
653,0xc6cba9,0.666667,13,False,1,1
654,0xf6ce9,0.666667,13,False,1,1
655,0xe092eb,1.000000,12,True,0,0
656,0x45da02,0.666667,9,False,1,1
657,0xdcd516,0.666667,13,False,1,1
658,0xfc6dff,0.000000,19,False,3,3
659,0x1ab6bb,0.333333,14,False,2,2
660,0x4f2d7f,1.000000,16,True,0,0
661,0x12847c,0.666667,9,False,1,1
662,0xf73759,1.000000,16,True,0,0
663,0x3ebdb3,1.000000,16,True,0,0
664,0x23e881,0.666667,9,False,1,1
665,0x1eb30f,0.666667,13,False,1,1
666,0x9b595c,0.666667,13,False,1,1
667,0xf75956,0.000000,15,False,1,3
668,0x722bed,0.333333,14,False,2,2
669,0xf6cc45,0.666667,13,False,1,1
670,0xd971f4,0.333333,14,False,2,2
671,0xa2feeb,1.000000,16,True,0,0
672,0x938ba6,1.000000,12,True,0,0
673,0x3fe2d5,0.000000,15,False,1,3
674,0xb6a8cc,1.000000,12,True,0,0
675,0x1ac48b,0.333333,10,False,2,2
676,0x651b97,0.666667,13,False,1,1
677,0x8de95b,0.333333,14,False,2,2
678,0x6f8ea4,0.666667,13,False,1,1
679,0xe7527a,0.333333,14,False,2,2
680,0x52965a,0.000000,11,False,1,3
681,0xc53f91,0.666667,13,False,1,1
682,0xbb15a0,0.000000,11,False,1,3
683,0xa31500,0.000000,7,False,1,3
684,0xc8c44f,0.000000,11,False,1,3
685,0x56e2a3,1.000000,12,True,0,0
686,0x1614b9,0.333333,10,False,2,2
687,0x201b59,0.666667,9,False,1,1
688,0xddb694,0.333333,14,False,2,2
689,0x9a24a0,1.000000,8,True,0,0
690,0x3b94c9,1.000000,12,True,0,0
691,0x842186,0.000000,7,False,1,3
692,0x1ab56a,1.000000,12,True,0,0
693,0x938a99,0.000000,11,False,1,3
694,0x5330aa,0.333333,10,False,2,2
695,0x2e4ce4,0.000000,11,False,1,3
696,0xedc51c,0.666667,13,False,1,1
697,0xa73956,0.666667,13,False,1,1
698,0xc2c6ee,0.666667,13,False,1,1
699,0xd14da5,1.000000,12,True,0,0
700,0x8449de,0.000000,11,False,1,3
701,0xc3e770,0.666667,13,False,1,1
702,0xa4179a,0.000000,11,False,1,3
703,0x8edb68,0.666667,13,False,1,1
704,0x7d0eff,0.666667,17,False,1,1
705,0x912fe9,0.666667,13,False,1,1
706,0x6bae89,0.666667,13,False,1,1
707,0x6b65ff,0.666667,17,False,1,1
708,0x7168c4,0.333333,10,False,2,2
709,0x21c09a,1.000000,8,True,0,0
710,0x5602be,0.000000,11,False,1,3
711,0x99598a,0.000000,11,False,1,3
712,0x5da903,0.000000,11,False,1,3
713,0x160e15,0.666667,9,False,1,1
714,0xfac21,0.333333,10,False,2,2
715,0x1259bb,1.000000,12,True,0,0
716,0x49d129,0.333333,10,False,2,2
717,0xb5a7c4,0.666667,13,False,1,1
718,0x73f8b2,0.333333,14,False,2,2
719,0xde9f37,0.666667,17,False,1,1
720,0x35a322,0.333333,10,False,2,2
721,0x8f3ef3,1.000000,16,True,0,0
722,0xb5b4ce,0.333333,14,False,2,2
723,0x69c63d,0.666667,13,False,1,1
724,0xb72f67,1.000000,16,True,0,0
725,0x4afbaa,0.333333,14,False,2,2
726,0xf5c45b,0.333333,14,False,2,2
727,0x59d7da,0.000000,15,False,1,3
728,0x950020,0.666667,5,False,3,1
729,0x785c3a,1.000000,12,True,0,0
730,0x453bd3,0.666667,13,False,1,1
731,0x4e5d9d,0.333333,14,False,2,2
732,0x47b41c,0.000000,11,False,1,3
733,0x1afbc5,0.333333,14,False,2,2
734,0xdf148c,1.000000,12,True,0,0
735,0x55b560,0.000000,11,False,1,3
736,0x782fdd,0.000000,15,False,1,3
737,0xf3fd40,0.333333,14,False,2,2
738,0xbecb53,0.000000,15,False,1,3
739,0x5b9ffa,0.666667,17,False,1,1
740,0x213683,0.666667,9,False,1,1
741,0xf58ad,1.000000,12,True,0,0
742,0xb2b886,0.000000,11,False,1,3
743,0x27db28,1.000000,12,True,0,0
744,0x888475,0.666667,9,False,1,1
745,0x8f8483,0.333333,10,False,2,2
746,0x21066b,0.666667,9,False,1,1
747,0x43660a,0.666667,9,False,1,1
748,0x8b46d2,0.000000,11,False,1,3
749,0x8fa0db,0.666667,13,False,1,1
750,0x8a29c,1.000000,8,True,0,0
751,0xb3fdb9,0.666667,17,False,1,1
752,0x2c152a,0.666667,9,False,1,1
753,0x6b2f35,0.333333,14,False,2,2
754,0x463e34,0.000000,11,False,1,3
755,0x33637f,0.000000,15,False,1,3
756,0x76020f,0.333333,10,False,2,2
757,0xa55495,0.000000,11,False,1,3
758,0x56620,0.000000,7,False,1,3
759,0xe8fb32,0.333333,14,False,2,2
760,0x620644,0.000000,7,False,1,3
761,0x716f2f,0.000000,15,False,1,3
762,0xee9625,0.666667,13,False,1,1
763,0xfbab25,0.000000,15,False,1,3
764,0x9a7305,0.000000,11,False,1,3
765,0x93c37f,0.000000,15,False,1,3
766,0x2b8c03,0.666667,9,False,1,1
767,0xdc16fc,0.333333,14,False,2,2
768,0x3af71a,0.333333,14,False,2,2
769,0xccddf2,0.000000,15,False,1,3
770,0xaa0fc6,1.000000,12,True,0,0
771,0xe11ca2,0.333333,10,False,2,2
772,0x6e783c,0.666667,13,False,1,1
773,0x259758,0.000000,11,False,1,3
774,0xd30aef,0.333333,14,False,2,2
775,0xb24944,0.666667,9,False,1,1
776,0x3e7859,0.666667,13,False,1,1
777,0x80d055,1.000000,8,True,0,0
778,0x54c879,0.000000,11,False,1,3
779,0xd4f175,0.333333,14,False,2,2
780,0xdfc027,0.666667,13,False,1,1
781,0xd10626,0.666667,9,False,1,1
782,0x340d8,0.000000,7,False,1,3
783,0xbe344,0.333333,10,False,2,2
784,0x3a2c70,0.333333,10,False,2,2
785,0xf9be7b,0.333333,18,False,2,2
786,0xd2937f,0.000000,15,False,1,3
787,0x9f4557,0.333333,14,False,2,2
788,0x8c1df7,0.333333,14,False,2,2
789,0x4ec8b2,0.000000,11,False,1,3
790,0x3395a1,0.000000,11,False,1,3
791,0x240427,0.000000,7,False,1,3
792,0x320004,1.000000,4,False,4,0
793,0x979192,0.000000,11,False,1,3
794,0xa6528,1.000000,8,True,0,0
795,0x281865,1.000000,8,True,0,0
796,0xe4c7b9,0.333333,14,False,2,2
797,0xb3dbf4,1.000000,16,True,0,0
798,0x15d821,0.666667,9,False,1,1
799,0xe55678,0.666667,13,False,1,1
800,0xe9dfc5,1.000000,16,True,0,0
801,0xf7c839,0.333333,14,False,2,2
802,0x23aa9f,0.666667,13,False,1,1
803,0xeb0e88,0.000000,11,False,1,3
804,0x41aed9,1.000000,12,True,0,0
805,0x799369,0.666667,13,False,1,1
806,0xa59cf3,0.333333,14,False,2,2
807,0x32672f,0.666667,13,False,1,1
808,0x69e64c,1.000000,12,True,0,0
809,0xd24554,0.333333,10,False,2,2
810,0x273d9f,0.000000,15,False,1,3
811,0xcf3ac,1.000000,12,True,0,0
812,0x9b86bc,0.666667,13,False,1,1
813,0x681d7,0.333333,10,False,2,2
814,0x7ac7fb,0.666667,17,False,1,1
815,0xa81e40,1.000000,8,True,0,0
816,0xe2744c,0.000000,11,False,1,3
817,0xa0397f,0.666667,13,False,1,1
818,0xd4701f,1.000000,12,True,0,0
819,0xd28e1,0.666667,9,False,1,1
820,0x713ff,0.333333,14,False,2,2
821,0x6b026c,0.333333,10,False,2,2
822,0xf2f7ac,1.000000,16,True,0,0
823,0x4da6b6,0.666667,13,False,1,1
824,0xb1e6fe,1.000000,16,True,0,0
825,0x1b28be,1.000000,12,True,0,0
826,0x433fda,0.333333,14,False,2,2
827,0x7b35b4,0.333333,14,False,2,2
828,0xe4bff4,1.000000,16,True,0,0
829,0xafc0a0,0.333333,10,False,2,2
830,0x3a258d,0.000000,11,False,1,3
831,0xd7e2af,1.000000,16,True,0,0
832,0x9eb5d0,0.666667,13,False,1,1
833,0xb388a6,0.000000,11,False,1,3
834,0xd7d0d,1.000000,12,True,0,0
835,0x50533d,0.000000,11,False,1,3
836,0xc4d9e2,1.000000,12,True,0,0
837,0xef70c2,0.666667,13,False,1,1
838,0x715430,0.666667,9,False,1,1
839,0xd0b254,0.333333,10,False,2,2
840,0x591b89,0.000000,11,False,1,3
841,0xb754d9,0.333333,14,False,2,2
842,0xacbb93,0.333333,14,False,2,2
843,0xa4c695,0.000000,11,False,1,3
844,0x26ff0d,0.333333,14,False,2,2
845,0x933d6b,0.333333,14,False,2,2
846,0x242440,0.666667,5,False,3,1
847,0x19be8e,0.666667,13,False,1,1
848,0x963b05,0.000000,11,False,1,3
849,0x1fb2b2,0.666667,13,False,1,1
850,0x4a831,0.000000,7,False,1,3
851,0xc6aa28,0.333333,10,False,2,2
852,0x147d5a,1.000000,12,True,0,0
853,0x508e8a,0.666667,9,False,1,1
854,0xe057c8,0.000000,11,False,1,3
855,0xb27510,0.333333,10,False,2,2
856,0xee25f4,0.333333,14,False,2,2
857,0x2280f5,0.666667,9,False,1,1
858,0x2d50fa,1.000000,12,True,0,0
859,0xfee90f,1.000000,16,True,0,0
860,0x2f95a,0.000000,11,False,1,3
861,0x2da38,0.666667,9,False,1,1
862,0x80230e,0.000000,7,False,1,3
863,0xebcae1,0.333333,14,False,2,2
864,0xf81479,1.000000,12,True,0,0
865,0x2e420b,0.666667,9,False,1,1
866,0xd28170,0.666667,9,False,1,1
867,0xee0596,1.000000,12,True,0,0
868,0xeb85e4,0.666667,13,False,1,1
869,0xb43fd2,0.333333,14,False,2,2
870,0xba49cb,0.666667,13,False,1,1
871,0xb31686,0.000000,11,False,1,3
872,0x791e6b,0.333333,14,False,2,2
873,0x395616,0.000000,11,False,1,3
874,0x7f433,1.000000,12,True,0,0
875,0xf6e4fa,1.000000,16,True,0,0
876,0xbaa01c,0.333333,10,False,2,2
877,0x32b125,0.333333,10,False,2,2
878,0xf1181b,0.000000,11,False,1,3
879,0x6489bf,0.666667,13,False,1,1
880,0xce76ee,1.000000,16,True,0,0
881,0xc7b7b1,0.000000,15,False,1,3
882,0x3c7161,0.000000,11,False,1,3
883,0x9f0c7f,0.000000,15,False,1,3
884,0xf9875f,1.000000,16,True,0,0
885,0xaace37,0.333333,14,False,2,2
886,0x26f87b,0.333333,14,False,2,2
887,0xe24779,0.666667,13,False,1,1
888,0x7b3639,0.333333,14,False,2,2
889,0xa48186,1.000000,8,True,0,0
890,0x1fd2ff,0.666667,17,False,1,1
891,0x37b276,0.333333,14,False,2,2
892,0x924639,0.333333,10,False,2,2
893,0x518b3a,0.000000,11,False,1,3
894,0x10843a,0.000000,7,False,1,3
895,0xea12b6,1.000000,12,True,0,0
896,0xcbc6a9,0.666667,13,False,1,1
897,0xdc4988,0.333333,10,False,2,2
898,0x888cf4,0.333333,10,False,2,2
899,0xcae49d,0.666667,13,False,1,1
900,0x75631,0.333333,10,False,2,2
901,0x9a42cb,0.000000,11,False,1,3
902,0x51ee25,1.000000,12,True,0,0
903,0x7066b9,1.000000,12,True,0,0
904,0xeb0226,0.333333,10,False,2,2
905,0x47ae98,1.000000,12,True,0,0
906,0x532800,0.333333,6,False,2,2
907,0xc7b02d,1.000000,12,True,0,0
908,0x7522d5,1.000000,12,True,0,0
909,0x6640b0,1.000000,8,True,0,0
910,0x8ab069,0.333333,10,False,2,2
911,0x9dced9,0.000000,15,False,1,3
912,0x8a36a1,0.333333,10,False,2,2
913,0xe294cf,0.666667,13,False,1,1
914,0x1957b2,1.000000,12,True,0,0
915,0x344f9c,1.000000,12,True,0,0
916,0x665fd9,0.000000,15,False,1,3
917,0x1883b9,0.333333,10,False,2,2
918,0x3b1094,0.666667,9,False,1,1
919,0x42b0c6,0.666667,9,False,1,1
920,0x9d26e0,0.000000,11,False,1,3
921,0x789e05,0.000000,11,False,1,3
922,0x9ad813,0.000000,11,False,1,3
923,0x7b44de,0.333333,14,False,2,2
924,0x746ca5,1.000000,12,True,0,0
925,0xa0561c,0.666667,9,False,1,1
926,0x9a98b7,0.666667,13,False,1,1
927,0x3dd028,0.333333,10,False,2,2
928,0xb48e79,0.666667,13,False,1,1
929,0x8b5a5f,0.333333,14,False,2,2
930,0xb0923f,1.000000,12,True,0,0
931,0x8799b7,0.333333,14,False,2,2
932,0xb5a53d,0.333333,14,False,2,2
933,0xc05227,0.666667,9,False,1,1
934,0xe7883d,0.666667,13,False,1,1
935,0xc528b,0.666667,9,False,1,1
936,0x34f64f,0.333333,14,False,2,2
937,0x5db6a3,0.333333,14,False,2,2
938,0xf310bb,0.666667,13,False,1,1
939,0xf35fc8,0.000000,15,False,1,3
940,0x8f70bb,0.333333,14,False,2,2
941,0xd55d0,0.333333,10,False,2,2
942,0x7c82c5,0.000000,11,False,1,3
943,0xc41d19,0.333333,10,False,2,2
944,0xad0c80,1.000000,8,True,0,0
945,0x235f26,1.000000,12,True,0,0
946,0xdac31f,0.333333,14,False,2,2
947,0xbcecc6,0.333333,14,False,2,2
948,0x86e686,0.000000,11,False,1,3
949,0xd4f31f,0.000000,15,False,1,3
950,0x35f642,1.000000,12,True,0,0
951,0x181afa,0.000000,11,False,1,3
952,0xfc4a72,0.666667,13,False,1,1
953,0xba97f8,0.000000,15,False,1,3
954,0x964ce0,0.333333,10,False,2,2
955,0x5ca4e4,0.000000,11,False,1,3
956,0xeb3e13,0.333333,14,False,2,2
957,0x46371d,1.000000,12,True,0,0
958,0xc1f9e6,0.333333,14,False,2,2
959,0x3d1164,0.333333,10,False,2,2
960,0x422e19,0.666667,9,False,1,1
961,0x26a8af,1.000000,12,True,0,0
962,0x4cc95b,1.000000,12,True,0,0
963,0x61485d,0.333333,10,False,2,2
964,0xb3d789,0.333333,14,False,2,2
965,0x29f415,0.000000,11,False,1,3
966,0xebc146,1.000000,12,True,0,0
967,0x3f2251,0.000000,11,False,1,3
968,0x338cfe,0.333333,14,False,2,2
969,0x75cbc1,0.666667,13,False,1,1
970,0x26e554,0.000000,11,False,1,3
971,0x36f266,0.666667,13,False,1,1
972,0xba021f,0.000000,11,False,1,3
973,0x388ba0,0.666667,9,False,1,1
974,0xdd2dd0,0.666667,13,False,1,1
975,0xfc432e,0.666667,13,False,1,1
976,0xd49933,1.000000,12,True,0,0
977,0x4ec937,0.666667,13,False,1,1
978,0x950a64,0.666667,9,False,1,1
979,0x81f074,0.333333,10,False,2,2
980,0x79320c,0.333333,10,False,2,2
981,0x1c850f,0.333333,10,False,2,2
982,0xb8b9f2,0.333333,14,False,2,2
983,0x815b3c,0.000000,11,False,1,3
984,0x41f393,1.000000,12,True,0,0
985,0xdf40c7,0.666667,13,False,1,1
986,0xcae35a,0.666667,13,False,1,1
987,0xaacf3c,0.333333,14,False,2,2
988,0x6ddeaf,0.666667,17,False,1,1
989,0x94e3e7,0.333333,14,False,2,2
990,0x19b30e,0.000000,11,False,1,3
991,0xb97827,0.666667,13,False,1,1
992,0x211250,0.333333,6,False,2,2
993,0xd1aabd,0.333333,14,False,2,2
994,0xf80780,0.666667,9,False,1,1
995,0x7851d6,1.000000,12,True,0,0
996,0x68d394,0.000000,11,False,1,3
997,0x972129,0.333333,10,False,2,2
998,0x8317a0,0.666667,9,False,1,1
999,0xe993c3,0.666667,13,False,1,1
1000,0xbc513f,0.333333,14,False,2,2
1001,0xbdbd14,0.333333,14,False,2,2
1002,0x16df3c,0.333333,14,False,2,2
1003,0x1127e4,0.333333,10,False,2,2
1004,0xd9a195,1.000000,12,True,0,0
1005,0x7ce536,0.333333,14,False,2,2
1006,0x1c5555,0.000000,11,False,1,3
1007,0x2361cd,0.000000,11,False,1,3
1008,0xec638d,0.666667,13,False,1,1
1009,0x59ab6a,0.666667,13,False,1,1
1010,0xda9420,0.666667,9,False,1,1
1011,0x28a524,1.000000,8,True,0,0
1012,0x3472cb,1.000000,12,True,0,0
1013,0x15e523,0.000000,11,False,1,3
1014,0xb2b26e,0.666667,13,False,1,1
1015,0x81aed7,0.666667,13,False,1,1
1016,0xef493f,1.000000,16,True,0,0
1017,0x83203b,0.666667,9,False,1,1
1018,0xc8b07c,0.000000,11,False,1,3
1019,0xafb422,1.000000,12,True,0,0
1020,0xe2ead9,0.333333,14,False,2,2
1021,0x750789,0.000000,11,False,1,3
1022,0x95a521,0.333333,10,False,2,2
1023,0x74cac1,0.000000,11,False,1,3
1024,0xbf67a9,1.000000,16,True,0,0
1025,0xb6d358,0.666667,13,False,1,1
1026,0x5a7464,0.000000,11,False,1,3
1027,0xa95ab7,0.333333,14,False,2,2
1028,0xf51a5e,0.333333,14,False,2,2
1029,0x4e09ca,0.333333,10,False,2,2
1030,0x4c0a76,0.333333,10,False,2,2
1031,0x404408,1.000000,4,False,4,0
1032,0x82b6f4,1.000000,12,True,0,0
1033,0x281c58,1.000000,8,True,0,0
1034,0xffd3d0,1.000000,16,True,0,0
1035,0x4d55b4,1.000000,12,True,0,0
1036,0x8d5903,0.333333,10,False,2,2
1037,0xfe8ac6,0.333333,14,False,2,2
1038,0x83bb93,0.666667,13,False,1,1
1039,0xb1260a,0.666667,9,False,1,1
1040,0x60a414,0.000000,7,False,1,3
1041,0x408ced,0.333333,10,False,2,2
1042,0x31d805,0.666667,9,False,1,1
1043,0x7a98b2,1.000000,12,True,0,0
1044,0x83d54a,0.000000,11,False,1,3
1045,0xa40332,1.000000,8,True,0,0
1046,0x80a94c,1.000000,8,True,0,0
1047,0xe88235,0.333333,10,False,2,2
1048,0x43b1ad,1.000000,12,True,0,0
1049,0xf25024,0.666667,9,False,1,1
1050,0x331e7b,0.333333,14,False,2,2
1051,0x46538c,0.333333,10,False,2,2
1052,0x645fcc,0.666667,13,False,1,1
1053,0xeaebef,0.333333,18,False,2,2
1054,0x196ce5,1.000000,12,True,0,0
1055,0x649c7e,0.666667,13,False,1,1
1056,0x729e3a,0.666667,13,False,1,1
1057,0x38e9cc,1.000000,12,True,0,0
1058,0x652541,0.666667,9,False,1,1
1059,0x92d7f0,0.666667,13,False,1,1
1060,0xd149bf,0.333333,14,False,2,2
1061,0x6fe92a,0.333333,14,False,2,2
1062,0xe67231,1.000000,12,True,0,0
1063,0x2aa0da,0.333333,10,False,2,2
1064,0x4e880,0.333333,6,False,2,2
1065,0xba6113,0.000000,11,False,1,3
1066,0x4595b4,0.000000,11,False,1,3
1067,0x230195,1.000000,8,True,0,0
1068,0x798d68,1.000000,12,True,0,0
1069,0x6f0a12,0.333333,10,False,2,2
1070,0x312a72,0.333333,10,False,2,2
1071,0xf4c3d9,0.333333,14,False,2,2
1072,0x4fcbf6,1.000000,16,True,0,0
1073,0x79e4f9,0.000000,15,False,1,3
1074,0x7ab0b5,0.666667,13,False,1,1
1075,0x571d24,0.000000,11,False,1,3
1076,0x849de7,0.666667,13,False,1,1
1077,0x4e4ab0,0.333333,10,False,2,2
1078,0x448d56,0.333333,10,False,2,2
1079,0x64404,0.666667,5,False,3,1
1080,0x310069,0.000000,7,False,1,3
1081,0x5145c9,0.333333,10,False,2,2
1082,0x11ab82,0.666667,9,False,1,1
1083,0x5a6f7d,1.000000,16,True,0,0
1084,0x4118cb,0.666667,9,False,1,1
1085,0xb76665,0.333333,14,False,2,2
1086,0xacd618,0.000000,11,False,1,3
1087,0x7ffc6,0.000000,15,False,1,3
1088,0xd67be2,0.000000,15,False,1,3
1089,0x59fe0e,0.333333,14,False,2,2
1090,0xc4f778,0.333333,14,False,2,2
1091,0x40d390,1.000000,8,True,0,0
1092,0x4d7bb3,0.000000,15,False,1,3
1093,0xd90cc3,0.000000,11,False,1,3
1094,0x27b7e,0.666667,13,False,1,1
1095,0xcfc950,1.000000,12,True,0,0
1096,0xe47afe,1.000000,16,True,0,0
1097,0xdf5217,0.333333,14,False,2,2
1098,0x3a5185,0.333333,10,False,2,2
1099,0xf460d3,1.000000,12,True,0,0
1100,0x6072cc,0.333333,10,False,2,2
1101,0x2db1f9,0.333333,14,False,2,2
1102,0x84be4e,1.000000,12,True,0,0
1103,0xa4cb7,0.000000,11,False,1,3
1104,0x8d3116,0.333333,10,False,2,2
1105,0x1ac3d2,0.000000,11,False,1,3
1106,0x530b16,0.333333,10,False,2,2
1107,0x94a4c0,1.000000,8,True,0,0
1108,0x2cc327,0.000000,11,False,1,3
1109,0xed922d,0.666667,13,False,1,1
1110,0x6f6278,0.666667,13,False,1,1
1111,0x42934a,0.666667,9,False,1,1
1112,0xf54511,0.000000,11,False,1,3
1113,0x3b0b18,0.333333,10,False,2,2
1114,0xea64e3,0.666667,13,False,1,1
1115,0xfd967,0.333333,14,False,2,2
1116,0xbcc209,0.333333,10,False,2,2
1117,0x3d6a2b,0.666667,13,False,1,1
1118,0xf3d893,0.333333,14,False,2,2
1119,0xd21b4b,1.000000,12,True,0,0
1120,0xe5c181,0.333333,10,False,2,2
1121,0x52fd95,0.333333,14,False,2,2
1122,0x8c52c0,1.000000,8,True,0,0
1123,0xd18a8d,0.000000,11,False,1,3
1124,0x5e2c5,0.333333,10,False,2,2
1125,0x713fb,0.666667,13,False,1,1
1126,0x2af714,1.000000,12,True,0,0
1127,0x61946,1.000000,8,True,0,0
1128,0xd65f13,0.333333,14,False,2,2
1129,0x8e1da7,0.666667,13,False,1,1
1130,0x1a058c,1.000000,8,True,0,0
1131,0x8c77c5,0.666667,13,False,1,1
1132,0x2c4795,0.000000,11,False,1,3
1133,0x6bd7c0,0.666667,13,False,1,1
1134,0x685fb5,0.333333,14,False,2,2
1135,0xc695eb,0.333333,14,False,2,2
1136,0xd28e5f,0.333333,14,False,2,2
1137,0xde41f8,0.666667,13,False,1,1
1138,0xb6b3b9,0.000000,15,False,1,3
1139,0x2a7dbd,0.000000,15,False,1,3
1140,0x587a56,1.000000,12,True,0,0
1141,0x696cce,0.666667,13,False,1,1
1142,0xa3b759,0.333333,14,False,2,2
1143,0x84ed29,0.000000,11,False,1,3
1144,0x31499c,0.333333,10,False,2,2
1145,0x1b5ced,0.333333,14,False,2,2
1146,0x789167,1.000000,12,True,0,0
1147,0xe14d5a,1.000000,12,True,0,0
1148,0xb0d24a,0.333333,10,False,2,2
1149,0x75562a,1.000000,12,True,0,0
1150,0xe40de,0.333333,10,False,2,2
1151,0xbce9a3,0.333333,14,False,2,2
1152,0x57f478,0.333333,14,False,2,2
1153,0xa4aa83,0.333333,10,False,2,2
1154,0xba7668,0.666667,13,False,1,1
1155,0x12e74e,1.000000,12,True,0,0
1156,0x8b78c2,0.000000,11,False,1,3
1157,0x256bbf,0.000000,15,False,1,3
1158,0x7c3129,0.000000,11,False,1,3
1159,0x43b475,1.000000,12,True,0,0
1160,0x63e9f2,0.333333,14,False,2,2
1161,0x3f30d7,0.333333,14,False,2,2
1162,0x7bb5cb,1.000000,16,True,0,0
1163,0x52de25,1.000000,12,True,0,0
1164,0x93f2af,0.000000,15,False,1,3
1165,0x991045,1.000000,8,True,0,0
1166,0x5b575d,0.000000,15,False,1,3
1167,0x4a1588,1.000000,8,True,0,0
1168,0x34c148,1.000000,8,True,0,0
1169,0x5086f4,0.333333,10,False,2,2
1170,0x7f9561,0.333333,14,False,2,2
1171,0xd882e0,0.666667,9,False,1,1
1172,0xec24f2,1.000000,12,True,0,0
1173,0x1399b1,0.000000,11,False,1,3
1174,0x5a9cd9,0.666667,13,False,1,1
1175,0x34ec87,1.000000,12,True,0,0
1176,0x11d41d,0.333333,10,False,2,2
1177,0x548a02,0.000000,7,False,1,3
1178,0x8fc180,0.666667,9,False,1,1
1179,0x9ba4da,0.666667,13,False,1,1
1180,0xe40652,0.666667,9,False,1,1
1181,0xf96a17,0.333333,14,False,2,2
1182,0x8f0424,1.000000,8,True,0,0
1183,0x776b80,1.000000,12,True,0,0
1184,0x137e24,0.000000,11,False,1,3
1185,0xe570d,0.000000,11,False,1,3
1186,0x62a4fa,1.000000,12,True,0,0
1187,0x8f0a91,0.333333,10,False,2,2
1188,0xf630b4,1.000000,12,True,0,0
1189,0xa4d594,0.000000,11,False,1,3
1190,0x8b853,0.666667,9,False,1,1
1191,0x62e380,0.666667,9,False,1,1
1192,0xed9ae0,0.666667,13,False,1,1
1193,0x7290d9,0.000000,11,False,1,3
1194,0x92516e,0.000000,11,False,1,3
1195,0x97d378,0.333333,14,False,2,2
1196,0xd056c2,0.333333,10,False,2,2
1197,0xe70a9d,0.666667,13,False,1,1
1198,0x655b6a,0.666667,13,False,1,1
1199,0x92f007,0.333333,10,False,2,2
1200,0xc2de59,0.666667,13,False,1,1
1201,0xb19949,0.000000,11,False,1,3
1202,0xc0e693,0.000000,11,False,1,3
1203,0x1f248c,0.333333,10,False,2,2
1204,0xe83ff2,0.000000,15,False,1,3
1205,0xd93697,0.333333,14,False,2,2
1206,0xbf01e0,0.000000,11,False,1,3
1207,0xe0f470,0.000000,11,False,1,3
1208,0xab6741,1.000000,12,True,0,0
1209,0x4c8eff,0.000000,15,False,1,3
1210,0x90613d,0.333333,10,False,2,2
1211,0x73aee4,0.333333,14,False,2,2
1212,0xfea39f,0.666667,17,False,1,1
1213,0x21ba,0.000000,7,False,1,3
1214,0x3e23ce,0.666667,13,False,1,1
1215,0x8fb31e,0.333333,14,False,2,2
1216,0xc83c67,1.000000,12,True,0,0
1217,0x388194,1.000000,8,True,0,0
1218,0xa2e269,0.000000,11,False,1,3
1219,0x6b50d4,0.000000,11,False,1,3
1220,0x850a4f,0.333333,10,False,2,2
1221,0x46965c,0.000000,11,False,1,3
1222,0x1f0ffb,1.000000,16,True,0,0
1223,0xeff303,0.000000,15,False,1,3
1224,0x877e1,0.000000,11,False,1,3
1225,0xe07074,0.333333,10,False,2,2
1226,0x95bf8a,0.333333,14,False,2,2
1227,0xa0f3d5,0.666667,13,False,1,1
1228,0x1e4061,1.000000,8,True,0,0
1229,0xfa721f,0.000000,15,False,1,3
1230,0x3d8bad,0.333333,14,False,2,2
1231,0xea2231,0.333333,10,False,2,2
1232,0xbe2b9b,0.000000,15,False,1,3
1233,0xeb2be6,0.000000,15,False,1,3
1234,0x19da74,1.000000,12,True,0,0
1235,0xa8a6ab,1.000000,12,True,0,0
1236,0x4099e9,0.333333,10,False,2,2
1237,0x1ab2b5,1.000000,12,True,0,0
1238,0x86cad3,1.000000,12,True,0,0
1239,0x781e7,0.000000,11,False,1,3
1240,0x145b4b,0.000000,11,False,1,3
1241,0x69e3d4,0.666667,13,False,1,1
1242,0xcadc2c,1.000000,12,True,0,0
1243,0x5694bd,0.666667,13,False,1,1
1244,0xd43e1d,0.666667,13,False,1,1
1245,0xeaf5c8,0.333333,14,False,2,2
1246,0x39c85,0.666667,9,False,1,1
1247,0x8ec020,0.000000,7,False,1,3
1248,0x242a1b,0.666667,9,False,1,1
1249,0x7d0d1c,1.000000,12,True,0,0
1250,0xe2288d,0.333333,10,False,2,2
1251,0x6cf92,0.000000,11,False,1,3
1252,0x5c6d82,0.000000,11,False,1,3
1253,0xffd06a,0.000000,15,False,1,3
1254,0x8e81c6,0.333333,10,False,2,2
1255,0xac2191,0.666667,9,False,1,1
1256,0xfea2ff,0.333333,18,False,2,2
1257,0x627193,0.000000,11,False,1,3
1258,0xcaa7d0,1.000000,12,True,0,0
1259,0x965a1e,1.000000,12,True,0,0
1260,0xe347e7,0.000000,15,False,1,3
1261,0x33bb56,0.333333,14,False,2,2
1262,0xa23a9e,1.000000,12,True,0,0
1263,0x312a38,0.666667,9,False,1,1
1264,0x76fa66,0.000000,15,False,1,3
1265,0xbaa57f,1.000000,16,True,0,0
1266,0xb0e5d5,0.666667,13,False,1,1
1267,0xc3cb1f,0.333333,14,False,2,2
1268,0x6f67de,0.666667,17,False,1,1
1269,0xdb4c18,0.000000,11,False,1,3
1270,0x89c7f,1.000000,12,True,0,0
1271,0x1c479d,1.000000,12,True,0,0
1272,0x731436,0.000000,11,False,1,3
1273,0x19e5c6,1.000000,12,True,0,0
1274,0xe7f020,0.000000,11,False,1,3
1275,0x84cd5b,1.000000,12,True,0,0
1276,0x7f3c13,0.333333,14,False,2,2
1277,0xa0e9a2,0.333333,10,False,2,2
1278,0x5bdfe9,0.666667,17,False,1,1
1279,0xf3945e,0.333333,14,False,2,2
1280,0x12b6ff,0.000000,15,False,1,3
1281,0x415d3,0.666667,9,False,1,1
1282,0x65c2d7,0.666667,13,False,1,1
1283,0x3b557b,0.000000,15,False,1,3
1284,0x710b0a,0.666667,9,False,1,1
1285,0x16afaa,0.666667,13,False,1,1
1286,0x7122d4,0.333333,10,False,2,2
1287,0x6078f5,1.000000,12,True,0,0
1288,0x477347,0.666667,13,False,1,1
1289,0x1addbe,0.000000,15,False,1,3
1290,0x6ba13d,0.666667,13,False,1,1
1291,0x61ed5b,0.333333,14,False,2,2
1292,0x96b816,0.000000,11,False,1,3
1293,0x2dde04,0.000000,11,False,1,3
1294,0x86fc28,0.000000,11,False,1,3
1295,0xf51c61,1.000000,12,True,0,0
1296,0x8420a8,0.333333,6,False,2,2
1297,0xd05052,1.000000,8,True,0,0
1298,0xa16042,0.000000,7,False,1,3
1299,0xfe2a2b,0.333333,14,False,2,2
1300,0xe80c66,0.333333,10,False,2,2
1301,0xe6678b,0.333333,14,False,2,2
1302,0xe6a66a,0.666667,13,False,1,1
1303,0x9e6429,0.000000,11,False,1,3
1304,0x41f494,0.333333,10,False,2,2
1305,0x5e339f,0.000000,15,False,1,3
1306,0x86dd7d,0.000000,15,False,1,3
1307,0xc63ddf,1.000000,16,True,0,0
1308,0xef67e9,0.666667,17,False,1,1
1309,0xd1d6df,1.000000,16,True,0,0
1310,0xa1431d,0.333333,10,False,2,2
1311,0x21c6c2,0.666667,9,False,1,1
1312,0x795d6f,1.000000,16,True,0,0
1313,0x1f94ad,0.666667,13,False,1,1
1314,0x18e01f,0.333333,10,False,2,2
1315,0x45561f,1.000000,12,True,0,0
1316,0xfafcd0,0.000000,15,False,1,3
1317,0x202263,0.000000,7,False,1,3
1318,0x1931a5,0.333333,10,False,2,2
1319,0xc943fb,0.333333,14,False,2,2
1320,0x4ee8a3,1.000000,12,True,0,0
1321,0x136697,1.000000,12,True,0,0
1322,0xd12b41,0.333333,10,False,2,2
1323,0xbcf3f6,0.666667,17,False,1,1
1324,0xebab76,1.000000,16,True,0,0
1325,0xf7a0fd,1.000000,16,True,0,0
1326,0xaa4bb9,0.666667,13,False,1,1
1327,0x366e63,0.666667,13,False,1,1
1328,0xa91cf5,0.666667,13,False,1,1
1329,0xe0c3f3,0.666667,13,False,1,1
1330,0x48d4d4,0.333333,10,False,2,2
1331,0xe63f28,0.666667,13,False,1,1
1332,0x93245b,0.000000,11,False,1,3
1333,0xd3d053,1.000000,12,True,0,0
1334,0x830d6c,0.333333,10,False,2,2
1335,0x6289d5,0.000000,11,False,1,3
1336,0xcb7f3a,1.000000,16,True,0,0
1337,0xa04c99,0.666667,9,False,1,1
1338,0x497f02,0.000000,11,False,1,3
1339,0x485d30,0.666667,9,False,1,1
1340,0xf293e,1.000000,12,True,0,0
1341,0xc89ba1,0.000000,11,False,1,3
1342,0xa26ca8,0.333333,10,False,2,2
1343,0x50fa2b,1.000000,12,True,0,0
1344,0xb489d7,0.666667,13,False,1,1
1345,0x62f0dd,0.666667,13,False,1,1
1346,0xe4c226,0.333333,10,False,2,2
1347,0x802bf8,0.333333,10,False,2,2
1348,0xc5c8bc,1.000000,12,True,0,0
1349,0x8d4c,0.000000,7,False,1,3
1350,0x11520c,0.000000,7,False,1,3
1351,0xa97860,0.333333,10,False,2,2
1352,0x31ea2d,1.000000,12,True,0,0
1353,0x315438,0.666667,9,False,1,1
1354,0x1fac99,0.666667,13,False,1,1
1355,0x72a457,1.000000,12,True,0,0
1356,0xc77757,1.000000,16,True,0,0
1357,0x4f41b8,0.000000,11,False,1,3
1358,0xc6edab,0.000000,15,False,1,3
1359,0xe6d0b5,0.666667,13,False,1,1
1360,0x7b9e95,0.000000,15,False,1,3
1361,0x47500b,0.666667,9,False,1,1
1362,0xfdd0f7,0.666667,17,False,1,1
1363,0x8a0738,0.666667,9,False,1,1
1364,0x77e432,0.666667,13,False,1,1
1365,0xb1a245,0.333333,10,False,2,2
1366,0xdd047d,0.666667,13,False,1,1
1367,0x5382b9,0.000000,11,False,1,3
1368,0x8500f6,0.666667,9,False,1,1
1369,0x9d79a9,0.333333,14,False,2,2
1370,0x5e4dc7,0.333333,14,False,2,2
1371,0x77fd98,1.000000,16,True,0,0
1372,0xcc2bdc,0.666667,13,False,1,1
1373,0x56bace,0.333333,14,False,2,2
1374,0x31ee4d,0.666667,13,False,1,1
1375,0xb02d6e,1.000000,12,True,0,0
1376,0xe23e37,0.333333,14,False,2,2
1377,0xb61231,0.333333,10,False,2,2
1378,0x395087,0.333333,10,False,2,2
1379,0xbcee99,0.000000,15,False,1,3
1380,0x33237a,1.000000,12,True,0,0
1381,0xe3f2fd,0.666667,17,False,1,1
1382,0x377141,0.000000,11,False,1,3
1383,0x63e38d,0.666667,13,False,1,1
1384,0x9c896a,0.000000,11,False,1,3
1385,0xbd9c8e,0.333333,14,False,2,2
1386,0x609025,0.000000,7,False,1,3
1387,0x28e0ca,0.666667,9,False,1,1
1388,0x7c5e19,0.666667,13,False,1,1
1389,0x27359f,0.333333,14,False,2,2
1390,0x7d44d1,1.000000,12,True,0,0
1391,0x745c83,0.000000,11,False,1,3
1392,0x4cdef2,0.333333,14,False,2,2
1393,0x25ca99,0.000000,11,False,1,3
1394,0x211891,0.000000,7,False,1,3
1395,0x496688,0.666667,9,False,1,1
1396,0x59418a,0.666667,9,False,1,1
1397,0x437c2d,1.000000,12,True,0,0
1398,0xa60863,0.666667,9,False,1,1
1399,0x6df6f,0.000000,15,False,1,3
1400,0x1bbd99,0.333333,14,False,2,2
1401,0x202a4e,1.000000,8,True,0,0
1402,0x1918ad,0.333333,10,False,2,2
1403,0xef831f,0.000000,15,False,1,3
1404,0x4dd753,0.333333,14,False,2,2
1405,0x9a5977,0.333333,14,False,2,2
1406,0xe9e8b8,0.666667,13,False,1,1
1407,0x59185,1.000000,8,True,0,0
1408,0x85b0d5,0.000000,11,False,1,3
1409,0x565d9,0.000000,11,False,1,3
1410,0x95df81,0.666667,13,False,1,1
1411,0xbd134e,0.666667,13,False,1,1
1412,0x1bd8be,0.333333,14,False,2,2
1413,0xb8309e,0.000000,11,False,1,3
1414,0x27b8c7,0.666667,13,False,1,1
1415,0x81bb49,0.000000,11,False,1,3
1416,0xa29699,0.000000,11,False,1,3
1417,0x3369ed,0.333333,14,False,2,2
1418,0x226dec,1.000000,12,True,0,0
1419,0xf05e18,0.000000,11,False,1,3
1420,0x73d609,1.000000,12,True,0,0
1421,0x8c1104,0.333333,6,False,2,2
1422,0x3634c0,0.666667,9,False,1,1
1423,0x8d7455,1.000000,12,True,0,0
1424,0xb2ea02,0.333333,10,False,2,2
1425,0x22ccd9,0.000000,11,False,1,3
1426,0x66d138,0.000000,11,False,1,3
1427,0xf1e870,1.000000,12,True,0,0
1428,0x20d29e,0.333333,10,False,2,2
1429,0xb02d5e,1.000000,12,True,0,0
1430,0xf75065,0.666667,13,False,1,1
1431,0x9051dd,0.000000,11,False,1,3
1432,0xe7067c,0.666667,13,False,1,1
1433,0xf48b65,0.666667,13,False,1,1
1434,0xec2660,0.333333,10,False,2,2
1435,0xc08b03,1.000000,8,True,0,0
1436,0x385612,0.666667,9,False,1,1
1437,0xce96fd,1.000000,16,True,0,0
1438,0x53fb0b,0.333333,14,False,2,2
1439,0xb29e98,1.000000,12,True,0,0
1440,0xd507c2,0.000000,11,False,1,3
1441,0xf46443,0.000000,11,False,1,3
1442,0xc70f4b,0.666667,13,False,1,1
1443,0xac5cf4,0.666667,13,False,1,1
1444,0x35e8e7,0.333333,14,False,2,2
1445,0xb995e,1.000000,12,True,0,0
1446,0x42b53c,0.000000,11,False,1,3
1447,0x614236,0.666667,9,False,1,1
1448,0xf97011,0.000000,11,False,1,3
1449,0x288e32,0.666667,9,False,1,1
1450,0x4764c7,1.000000,12,True,0,0
1451,0x4d1a4c,0.333333,10,False,2,2
1452,0x42f44f,1.000000,12,True,0,0
1453,0xd6d052,0.000000,11,False,1,3
1454,0x4b47ef,0.000000,15,False,1,3
1455,0x367c67,0.333333,14,False,2,2
1456,0x98b7be,0.000000,15,False,1,3
1457,0x48a7e7,0.666667,13,False,1,1
1458,0x947e7f,1.000000,16,True,0,0
1459,0x8340dd,0.333333,10,False,2,2
1460,0xf4185c,0.000000,11,False,1,3
1461,0x210fbe,1.000000,12,True,0,0
1462,0x5fa20e,1.000000,12,True,0,0
1463,0xc21ac8,0.666667,9,False,1,1
1464,0x8b5b44,0.000000,11,False,1,3
1465,0xd2c97e,0.333333,14,False,2,2
1466,0x7b5444,0.000000,11,False,1,3
1467,0xcb3dda,0.000000,15,False,1,3
1468,0x903a7,0.666667,9,False,1,1
1469,0xaf0ec9,0.666667,13,False,1,1
1470,0xf020d8,0.666667,9,False,1,1
1471,0x1cf549,1.000000,12,True,0,0
1472,0xf4df01,0.666667,13,False,1,1
1473,0xa165c5,0.000000,11,False,1,3
1474,0xabdd8a,0.333333,14,False,2,2
1475,0xacab6e,0.333333,14,False,2,2
1476,0xcdd5db,1.000000,16,True,0,0
1477,0xe04c0,0.333333,6,False,2,2
1478,0x5df40b,0.666667,13,False,1,1
1479,0x959eac,0.666667,13,False,1,1
1480,0x9a69a8,0.000000,11,False,1,3
1481,0xf1001c,1.000000,8,True,0,0
1482,0xcef38a,0.333333,14,False,2,2
1483,0x1387c0,0.666667,9,False,1,1
1484,0xf32621,0.000000,11,False,1,3
1485,0xe330fe,0.333333,14,False,2,2
1486,0xc1e4fb,0.333333,14,False,2,2
1487,0xf2bd2b,0.000000,15,False,1,3
1488,0xf28c32,0.000000,11,False,1,3
1489,0xe3a506,0.000000,11,False,1,3
1490,0x474b31,0.000000,11,False,1,3
1491,0x6f8e6a,0.333333,14,False,2,2
1492,0xb91f69,0.333333,14,False,2,2
1493,0xb36c66,0.666667,13,False,1,1
1494,0xab04b0,0.666667,9,False,1,1
1495,0xb306c6,0.000000,11,False,1,3
1496,0x6c737f,1.000000,16,True,0,0
1497,0x1e35fc,0.333333,14,False,2,2
1498,0x9a3d94,1.000000,12,True,0,0
1499,0x877d08,0.000000,11,False,1,3
1500,0xe5d415,1.000000,12,True,0,0
1501,0x48a085,0.000000,7,False,1,3
1502,0xbf1e36,0.000000,15,False,1,3
1503,0x9ac61f,0.666667,13,False,1,1
1504,0x731d8a,1.000000,12,True,0,0
1505,0xe98ce,0.000000,11,False,1,3
1506,0x3c746b,0.666667,13,False,1,1
1507,0x7c985c,1.000000,12,True,0,0
1508,0xef19f,0.333333,14,False,2,2
1509,0x12c57e,1.000000,12,True,0,0
1510,0x60962c,0.666667,9,False,1,1
1511,0x1b5291,0.333333,10,False,2,2
1512,0x256e42,0.333333,10,False,2,2
1513,0x18d2ac,0.333333,10,False,2,2
1514,0x2391e2,0.333333,10,False,2,2
1515,0xcfe2d8,0.333333,14,False,2,2
1516,0x9bd2d4,0.666667,13,False,1,1
1517,0x928f8d,1.000000,12,True,0,0
1518,0x27ef5,0.666667,13,False,1,1
1519,0x5a9661,0.000000,11,False,1,3
1520,0xd4e2cb,0.666667,13,False,1,1
1521,0x6c4c65,0.000000,11,False,1,3
1522,0x5b27e5,0.333333,14,False,2,2
1523,0x2c7471,0.000000,11,False,1,3
1524,0x6f0ca3,1.000000,12,True,0,0
1525,0x86c1a5,0.333333,10,False,2,2
1526,0xeaf867,0.000000,15,False,1,3
1527,0xd75a27,0.333333,14,False,2,2
1528,0x8cea83,0.000000,11,False,1,3
1529,0xa5d0b0,0.333333,10,False,2,2
1530,0x65c33f,0.333333,14,False,2,2
1531,0xb4b8a6,1.000000,12,True,0,0
1532,0xf7575f,0.333333,18,False,2,2
1533,0xeb255e,0.333333,14,False,2,2
1534,0x9804c0,0.333333,6,False,2,2
1535,0x9dafd5,1.000000,16,True,0,0
1536,0x4f9c61,1.000000,12,True,0,0
1537,0x47ade3,0.333333,14,False,2,2
1538,0xfd5b33,1.000000,16,True,0,0
1539,0xe65f91,0.333333,14,False,2,2
1540,0x6f1644,0.000000,11,False,1,3
1541,0xb89872,0.000000,11,False,1,3
1542,0xe560eb,0.666667,13,False,1,1
1543,0xea0d5d,0.666667,13,False,1,1
1544,0xee7955,0.000000,15,False,1,3
1545,0x397f1,1.000000,12,True,0,0
1546,0x48b021,0.000000,7,False,1,3
1547,0x91bd1a,1.000000,12,True,0,0
1548,0xa6511e,0.000000,11,False,1,3
1549,0xff7a22,0.000000,15,False,1,3
1550,0xf7c6b7,0.666667,17,False,1,1
1551,0xab468a,0.000000,11,False,1,3
1552,0x6c203a,0.666667,9,False,1,1
1553,0x329479,0.000000,11,False,1,3
1554,0x31fa4b,0.666667,13,False,1,1
1555,0x72bf90,0.666667,13,False,1,1
1556,0xe3fc76,1.000000,16,True,0,0
1557,0xd15a09,0.333333,10,False,2,2
1558,0xfab96f,0.666667,17,False,1,1
1559,0x820797,0.333333,10,False,2,2
1560,0x721f5b,0.333333,14,False,2,2
1561,0xdb2a3b,0.333333,14,False,2,2
1562,0x2a8cf2,0.000000,11,False,1,3
1563,0xb8a6dc,0.666667,13,False,1,1
1564,0x933aa2,0.000000,11,False,1,3
1565,0x25f70d,0.666667,13,False,1,1
1566,0x2f5087,0.000000,11,False,1,3
1567,0x709b07,0.000000,11,False,1,3
1568,0x254f3a,1.000000,12,True,0,0
1569,0x6195f3,0.666667,13,False,1,1
1570,0xd9ff5b,0.333333,18,False,2,2
1571,0x5c1288,1.000000,8,True,0,0
1572,0x7bce44,0.666667,13,False,1,1
1573,0x7c6658,1.000000,12,True,0,0
1574,0x661618,0.666667,9,False,1,1
1575,0x50575e,1.000000,12,True,0,0
1576,0xb77c88,0.666667,13,False,1,1
1577,0xdced2b,0.000000,15,False,1,3
1578,0x6a1be,0.000000,11,False,1,3
1579,0x10e51e,0.333333,10,False,2,2
1580,0x3675f2,0.333333,14,False,2,2
1581,0xfd796b,0.666667,17,False,1,1
1582,0x611e05,0.666667,9,False,1,1
1583,0xf46a8c,1.000000,12,True,0,0
1584,0x7b010d,0.333333,10,False,2,2
1585,0x633746,1.000000,12,True,0,0
1586,0x2250d1,1.000000,8,True,0,0
1587,0x43d982,0.333333,10,False,2,2
1588,0x49489f,0.000000,11,False,1,3
1589,0xb8bb6b,0.000000,15,False,1,3
1590,0x5472f6,0.666667,13,False,1,1
1591,0x77ef37,0.333333,18,False,2,2
1592,0x41ef94,1.000000,12,True,0,0
1593,0x9b6892,0.000000,11,False,1,3
1594,0x964b2f,0.666667,13,False,1,1
1595,0x27fcbb,1.000000,16,True,0,0
1596,0xf9d61d,0.000000,15,False,1,3
1597,0x13ebf0,0.666667,13,False,1,1
1598,0x606779,1.000000,12,True,0,0
1599,0xb17d2a,0.666667,13,False,1,1
1600,0x7021b9,0.333333,10,False,2,2
1601,0x47b447,1.000000,12,True,0,0
1602,0x49b597,0.666667,13,False,1,1
1603,0x39b4a4,0.000000,11,False,1,3
1604,0x4b73e8,0.666667,13,False,1,1
1605,0xf48f2d,0.333333,14,False,2,2
1606,0x7dd2d9,0.000000,15,False,1,3
1607,0xefcf01,0.333333,14,False,2,2
1608,0x620afd,1.000000,12,True,0,0
1609,0xc86c60,0.666667,9,False,1,1
1610,0x2e2c05,0.666667,9,False,1,1
1611,0xfb8bce,1.000000,16,True,0,0
1612,0xce3781,1.000000,12,True,0,0
1613,0xd37c91,0.666667,13,False,1,1
1614,0x61f943,1.000000,12,True,0,0
1615,0x165c7b,0.666667,13,False,1,1
1616,0x8028c3,0.000000,7,False,1,3
1617,0x951cd7,0.666667,13,False,1,1
1618,0xfd2fe5,0.666667,17,False,1,1
1619,0xf10720,0.666667,9,False,1,1
1620,0x283486,1.000000,8,True,0,0
1621,0x925b0b,0.000000,11,False,1,3
1622,0x15e1ba,1.000000,12,True,0,0
1623,0x9c6b1f,0.333333,14,False,2,2
1624,0x230c59,0.666667,9,False,1,1
1625,0x5ccb61,1.000000,12,True,0,0
1626,0x77a154,1.000000,12,True,0,0
1627,0xa1b538,0.000000,11,False,1,3
1628,0x9b5f2,1.000000,12,True,0,0
1629,0x9bcc69,0.666667,13,False,1,1
1630,0xe58978,1.000000,12,True,0,0
1631,0x93fde1,0.000000,15,False,1,3
1632,0x2c754e,1.000000,12,True,0,0
1633,0xa5e61d,0.666667,13,False,1,1
1634,0x6156f1,1.000000,12,True,0,0
1635,0xa33908,0.666667,9,False,1,1
1636,0xbe5439,0.666667,13,False,1,1
1637,0x9e7bc2,0.333333,14,False,2,2
1638,0xf80e0c,0.333333,10,False,2,2
1639,0xfa4253,1.000000,12,True,0,0
1640,0xb071df,0.333333,14,False,2,2
1641,0x2458fe,1.000000,12,True,0,0
1642,0xbcd5,0.333333,10,False,2,2
1643,0x38b78,0.333333,10,False,2,2
1644,0x7f5cf4,1.000000,16,True,0,0
1645,0x4600a0,0.666667,5,False,3,1
1646,0xee29fe,1.000000,16,True,0,0
1647,0xb622c8,0.333333,10,False,2,2
1648,0xffd5df,1.000000,20,False,4,0
1649,0xb72c6f,0.000000,15,False,1,3
1650,0x66c0fa,1.000000,12,True,0,0
1651,0x930079,0.666667,9,False,1,1
1652,0x632e03,0.333333,10,False,2,2
1653,0x4e7971,0.666667,13,False,1,1
1654,0xbb3fe8,1.000000,16,True,0,0
1655,0xc8e998,0.000000,11,False,1,3
1656,0xd0a6f3,0.666667,13,False,1,1
1657,0xc4e435,0.000000,11,False,1,3
1658,0xf243f0,1.000000,12,True,0,0
1659,0xf64e0b,0.666667,13,False,1,1
1660,0xdb6f52,0.000000,15,False,1,3
1661,0x7c5246,0.000000,11,False,1,3
1662,0xeeb4a4,0.666667,13,False,1,1
1663,0x2f2088,1.000000,8,True,0,0
1664,0x14f1a6,0.000000,11,False,1,3
1665,0xa79877,0.333333,14,False,2,2
1666,0xe7e789,0.000000,15,False,1,3
1667,0x3f8753,0.333333,14,False,2,2
1668,0x8a424f,0.333333,10,False,2,2
1669,0xc3b377,0.000000,15,False,1,3
1670,0xde0bcd,0.333333,14,False,2,2
1671,0x2d28ec,0.000000,11,False,1,3
1672,0x95a5b8,1.000000,12,True,0,0
1673,0x162abd,1.000000,12,True,0,0
1674,0xdb56a3,0.333333,14,False,2,2
1675,0xe2b3bc,0.333333,14,False,2,2
1676,0x17943d,1.000000,12,True,0,0
1677,0x2299f,0.333333,10,False,2,2
1678,0xa9fed3,1.000000,16,True,0,0
1679,0xae6c0b,1.000000,12,True,0,0
1680,0x722325,0.333333,10,False,2,2
1681,0x8e8570,0.333333,10,False,2,2
1682,0xc802c1,0.000000,7,False,1,3
1683,0x5e0fcc,0.666667,13,False,1,1
1684,0x123718,0.666667,9,False,1,1
1685,0x64e531,0.000000,11,False,1,3
1686,0x5585fe,0.333333,14,False,2,2
1687,0xa86d2e,1.000000,12,True,0,0
1688,0x5dfd7e,0.333333,18,False,2,2
1689,0x27140,0.333333,6,False,2,2
1690,0xba2909,0.333333,10,False,2,2
1691,0xc1d2d9,1.000000,12,True,0,0
1692,0x127c1,1.000000,8,True,0,0
1693,0x6f0ecb,0.333333,14,False,2,2
1694,0x73a57f,1.000000,16,True,0,0
1695,0xdb2f94,0.333333,14,False,2,2
1696,0xc0d2c8,0.666667,9,False,1,1
1697,0xafef56,0.666667,17,False,1,1
1698,0x8752ec,1.000000,12,True,0,0
1699,0x3eba76,0.000000,15,False,1,3
1700,0xff9bb9,0.333333,18,False,2,2
1701,0xd725fd,1.000000,16,True,0,0
1702,0x71d44b,1.000000,12,True,0,0
1703,0x496c42,0.666667,9,False,1,1
1704,0xc5b340,0.333333,10,False,2,2
1705,0xeeda11,0.666667,13,False,1,1
1706,0x6dd58b,0.333333,14,False,2,2
1707,0x93dc0,0.666667,9,False,1,1
1708,0xedf41f,1.000000,16,True,0,0
1709,0xe03a67,1.000000,12,True,0,0
1710,0x299c21,0.666667,9,False,1,1
1711,0xa375a1,1.000000,12,True,0,0
1712,0x179177,0.666667,13,False,1,1
1713,0x81737c,1.000000,12,True,0,0
1714,0x922e9b,1.000000,12,True,0,0
1715,0xee6788,0.666667,13,False,1,1
1716,0xa90757,1.000000,12,True,0,0
1717,0x8b6e9,0.000000,11,False,1,3
1718,0xb7475d,0.000000,15,False,1,3
1719,0x799895,1.000000,12,True,0,0
1720,0xf6c8dc,0.333333,14,False,2,2
1721,0x3f7f6a,0.666667,17,False,1,1
1722,0x4564f,0.333333,10,False,2,2
1723,0x272c02,1.000000,8,True,0,0
1724,0x3d20c3,0.333333,10,False,2,2
1725,0x6f384e,0.666667,13,False,1,1
1726,0x6d66c2,1.000000,12,True,0,0
1727,0x42980,0.666667,5,False,3,1
1728,0x1be6a5,0.666667,13,False,1,1
1729,0x4b2244,1.000000,8,True,0,0
1730,0xd7af3e,0.666667,17,False,1,1
1731,0xdf6c7f,0.333333,18,False,2,2
1732,0x3843cc,0.333333,10,False,2,2
1733,0x4a58d3,0.000000,11,False,1,3
1734,0xb939b5,0.333333,14,False,2,2
1735,0xad34,1.000000,8,True,0,0
1736,0x48a602,0.000000,7,False,1,3
1737,0xee6a3f,1.000000,16,True,0,0
1738,0x35248,0.000000,7,False,1,3
1739,0x397130,0.333333,10,False,2,2
1740,0x4c4fe4,1.000000,12,True,0,0
1741,0xbc3182,0.333333,10,False,2,2
1742,0xcdaf53,0.000000,15,False,1,3
1743,0xb3d216,1.000000,12,True,0,0
1744,0x429a49,0.666667,9,False,1,1
1745,0xe07c78,1.000000,12,True,0,0
1746,0x90ddb9,0.666667,13,False,1,1
1747,0x4a766d,0.666667,13,False,1,1
1748,0x70dd2e,0.666667,13,False,1,1
1749,0xa3356c,1.000000,12,True,0,0
1750,0xd9bd0f,0.000000,15,False,1,3
1751,0xd9da4,0.000000,11,False,1,3
1752,0xdbd336,0.000000,15,False,1,3
1753,0x951020,0.333333,6,False,2,2
1754,0x484acc,0.666667,9,False,1,1
1755,0x7233ab,0.666667,13,False,1,1
1756,0x43a5bc,1.000000,12,True,0,0
1757,0x4dfba2,0.333333,14,False,2,2
1758,0x3817a6,0.000000,11,False,1,3
1759,0x30e3aa,0.000000,11,False,1,3
1760,0x307447,0.333333,10,False,2,2
1761,0x71f39e,0.000000,15,False,1,3
1762,0x1a442d,0.666667,9,False,1,1
1763,0x6abafd,1.000000,16,True,0,0
1764,0xe7aa87,0.333333,14,False,2,2
1765,0xe2a9df,0.000000,15,False,1,3
1766,0x5be2b4,0.666667,13,False,1,1
1767,0xd46c17,1.000000,12,True,0,0
1768,0x572616,0.000000,11,False,1,3
1769,0xef4385,0.666667,13,False,1,1
1770,0xf575f0,0.000000,15,False,1,3
1771,0xc99e10,0.333333,10,False,2,2
1772,0xd70939,1.000000,12,True,0,0
1773,0xbc312f,0.666667,13,False,1,1
1774,0x728cd4,0.000000,11,False,1,3
1775,0x27086c,0.666667,9,False,1,1
1776,0x90044c,0.333333,6,False,2,2
1777,0xda674b,0.333333,14,False,2,2
1778,0xd3a6ce,0.333333,14,False,2,2
1779,0x4ea45d,1.000000,12,True,0,0
1780,0x616d25,0.000000,11,False,1,3
1781,0xb1b266,1.000000,12,True,0,0
1782,0x26c0b2,0.666667,9,False,1,1
1783,0xb9cb88,1.000000,12,True,0,0
1784,0x598702,0.666667,9,False,1,1
1785,0xbae4e8,0.666667,13,False,1,1
1786,0x439163,0.333333,10,False,2,2
1787,0xf2cb0f,0.333333,14,False,2,2
1788,0x2d0ef6,0.666667,13,False,1,1
1789,0xf3bec5,1.000000,16,True,0,0
1790,0x8cc009,0.000000,7,False,1,3
1791,0xc59d0d,1.000000,12,True,0,0
1792,0x797b7c,1.000000,16,True,0,0
1793,0x32864a,0.666667,9,False,1,1
1794,0x7abf8e,1.000000,16,True,0,0
1795,0x5a8428,1.000000,8,True,0,0
1796,0x48e950,0.666667,9,False,1,1
1797,0xb3f99e,1.000000,16,True,0,0
1798,0xebcec,0.666667,13,False,1,1
1799,0x7f77ac,0.666667,17,False,1,1
1800,0x441d55,0.333333,10,False,2,2
1801,0xf7f841,0.333333,14,False,2,2
1802,0x360c7c,0.000000,11,False,1,3
1803,0x148bde,1.000000,12,True,0,0
1804,0xe3e4cf,0.000000,15,False,1,3
1805,0x416d,0.000000,7,False,1,3
1806,0x72a687,1.000000,12,True,0,0
1807,0x2ac0e3,0.333333,10,False,2,2
1808,0x240796,0.666667,9,False,1,1
1809,0x417f1f,0.333333,14,False,2,2
1810,0x9a82f2,0.000000,11,False,1,3
1811,0x7d3797,1.000000,16,True,0,0
1812,0xf53217,0.666667,13,False,1,1
1813,0xc444dc,0.333333,10,False,2,2
1814,0x9fc9ec,0.000000,15,False,1,3
1815,0xcc2110,0.000000,7,False,1,3
1816,0x45df1,0.000000,11,False,1,3
1817,0xb9e25,0.000000,11,False,1,3
1818,0x895e96,1.000000,12,True,0,0
1819,0xc9276f,0.333333,14,False,2,2
1820,0x921a27,0.333333,10,False,2,2
1821,0x74b1fc,0.333333,14,False,2,2
1822,0x50e969,0.000000,11,False,1,3
1823,0x8e3591,0.000000,11,False,1,3
1824,0x17ecfc,0.000000,15,False,1,3
1825,0x746e0b,1.000000,12,True,0,0
1826,0x11d153,0.333333,10,False,2,2
1827,0xb1af89,0.666667,13,False,1,1
1828,0xa09e45,0.333333,10,False,2,2
1829,0x8ba461,0.333333,10,False,2,2
1830,0x9888b3,0.333333,10,False,2,2
1831,0xcdcf98,0.333333,14,False,2,2
1832,0xeba531,0.666667,13,False,1,1
1833,0x19d068,0.666667,9,False,1,1
1834,0xadaf25,0.333333,14,False,2,2
1835,0x99cbb4,0.666667,13,False,1,1
1836,0x4f389d,0.666667,13,False,1,1
1837,0x407a2,0.000000,7,False,1,3
1838,0xd790a3,1.000000,12,True,0,0
1839,0x825472,0.666667,9,False,1,1
1840,0xbf9353,0.000000,15,False,1,3
1841,0xdd8815,0.000000,11,False,1,3
1842,0xe41d65,1.000000,12,True,0,0
1843,0xb32733,0.666667,13,False,1,1
1844,0x5e59bb,0.000000,15,False,1,3
1845,0xbc2991,0.000000,11,False,1,3
1846,0xd2a0fa,1.000000,12,True,0,0
1847,0x49eaa1,0.000000,11,False,1,3
1848,0x196d21,0.333333,10,False,2,2
1849,0xe81ffb,1.000000,16,True,0,0
1850,0xa6069a,0.333333,10,False,2,2
1851,0x364f25,1.000000,12,True,0,0
1852,0xc843ca,0.333333,10,False,2,2
1853,0x4d9837,1.000000,12,True,0,0
1854,0x716548,0.333333,10,False,2,2
1855,0xa4c313,0.333333,10,False,2,2
1856,0xae03aa,0.000000,11,False,1,3
1857,0x8b9d07,1.000000,12,True,0,0
1858,0xedfe5,0.000000,15,False,1,3
1859,0x347244,0.666667,9,False,1,1
1860,0xd05042,0.000000,7,False,1,3
1861,0x50003d,0.000000,7,False,1,3
1862,0x7e444e,1.000000,12,True,0,0
1863,0x9b6706,1.000000,12,True,0,0
1864,0xd8b144,0.333333,10,False,2,2
1865,0xae0816,0.666667,9,False,1,1
1866,0x98d0a3,0.333333,10,False,2,2
1867,0x545e78,1.000000,12,True,0,0
1868,0x833aae,1.000000,12,True,0,0
1869,0x8e3d8d,0.666667,13,False,1,1
1870,0x8a9aef,0.333333,14,False,2,2
1871,0xd67a13,0.666667,13,False,1,1
1872,0x1c48b2,0.666667,9,False,1,1
1873,0x589160,1.000000,8,True,0,0
1874,0x829a3e,0.000000,11,False,1,3
1875,0x2a8e5d,1.000000,12,True,0,0
1876,0x84697f,0.666667,13,False,1,1
1877,0x49521e,0.333333,10,False,2,2
1878,0x1a1b2c,0.333333,10,False,2,2
1879,0x2ae464,0.333333,10,False,2,2
1880,0xd0f93,0.000000,11,False,1,3
1881,0x786e88,0.000000,11,False,1,3
1882,0xb474d2,1.000000,12,True,0,0
1883,0x3ff1dc,1.000000,16,True,0,0
1884,0x838401,0.333333,6,False,2,2
1885,0x3945da,1.000000,12,True,0,0
1886,0xc13631,0.333333,10,False,2,2
1887,0x595266,0.000000,11,False,1,3
1888,0xd50e83,0.000000,11,False,1,3
1889,0xdc16cd,0.666667,13,False,1,1
1890,0x24c76d,1.000000,12,True,0,0
1891,0xb0ac3c,0.000000,11,False,1,3
1892,0x7549f4,0.666667,13,False,1,1
1893,0xf038c7,1.000000,12,True,0,0
1894,0xdd27c4,0.666667,13,False,1,1
1895,0xb4471,0.666667,9,False,1,1
1896,0x384dc,0.666667,9,False,1,1
1897,0x6ef,0.666667,9,False,1,1
1898,0x810101,1.000000,4,False,4,0
1899,0x575b91,0.666667,13,False,1,1
1900,0xde9bb7,0.666667,17,False,1,1
1901,0xeefe43,1.000000,16,True,0,0
1902,0x264657,0.000000,11,False,1,3
1903,0xf9ef00,0.666667,13,False,1,1
1904,0xda1059,0.333333,10,False,2,2
1905,0x38e4,0.000000,7,False,1,3
1906,0x2e24ba,0.000000,11,False,1,3
1907,0x42877a,0.000000,11,False,1,3
1908,0x2b8106,1.000000,8,True,0,0
1909,0x4f5beb,1.000000,16,True,0,0
1910,0x18e92b,0.000000,11,False,1,3
1911,0x2f0aa7,1.000000,12,True,0,0
1912,0x8f0ca,0.666667,9,False,1,1
1913,0xc092d0,1.000000,8,True,0,0
1914,0x2c17ab,1.000000,12,True,0,0
1915,0x488139,1.000000,8,True,0,0
1916,0x701ff9,0.333333,14,False,2,2
1917,0x714450,1.000000,8,True,0,0
1918,0xdb74c9,0.333333,14,False,2,2
1919,0x94c4f7,0.666667,13,False,1,1
1920,0xb22efa,0.333333,14,False,2,2
1921,0xffc165,0.000000,15,False,1,3
1922,0xc348e6,0.000000,11,False,1,3
1923,0x6bd8d9,0.333333,14,False,2,2
1924,0x7f8437,0.333333,14,False,2,2
1925,0x30fd64,1.000000,12,True,0,0
1926,0x37ec7c,0.000000,15,False,1,3
1927,0x8f28a9,0.000000,11,False,1,3
1928,0xc4aea1,0.000000,11,False,1,3
1929,0xb57125,1.000000,12,True,0,0
1930,0x471f41,0.000000,11,False,1,3
1931,0x61ae19,0.000000,11,False,1,3
1932,0x546c4,1.000000,8,True,0,0
1933,0xe0d410,1.000000,8,True,0,0
1934,0x284bfd,0.666667,13,False,1,1
1935,0xab780,0.666667,9,False,1,1
1936,0xcd7dcc,0.000000,15,False,1,3
1937,0x13e491,0.333333,10,False,2,2
1938,0x24b49c,0.333333,10,False,2,2
1939,0x52079,1.000000,8,True,0,0
1940,0x1b8d44,0.333333,10,False,2,2
1941,0xb30b9a,1.000000,12,True,0,0
1942,0xfec9c3,0.000000,15,False,1,3
1943,0x96196d,1.000000,12,True,0,0
1944,0x5fdf0f,0.666667,17,False,1,1
1945,0xd0be0d,1.000000,12,True,0,0
1946,0x4f59ef,1.000000,16,True,0,0
1947,0x2b89f3,0.666667,13,False,1,1
1948,0x6c52d7,0.666667,13,False,1,1
1949,0x22a2f3,0.000000,11,False,1,3
1950,0x57f595,0.000000,15,False,1,3
1951,0x7554b2,1.000000,12,True,0,0
1952,0x6ca514,0.333333,10,False,2,2
1953,0xede92c,0.333333,14,False,2,2
1954,0x8b48a9,0.333333,10,False,2,2
1955,0x258b21,0.666667,9,False,1,1
1956,0x49d491,0.333333,10,False,2,2
1957,0x4a4334,0.666667,9,False,1,1
1958,0x280703,0.000000,7,False,1,3
1959,0x75d744,0.666667,13,False,1,1
1960,0xee643c,0.666667,13,False,1,1
1961,0xfb8ae,0.666667,13,False,1,1
1962,0xb70421,0.666667,9,False,1,1
1963,0xe8c689,0.000000,11,False,1,3
1964,0x408cf4,0.666667,9,False,1,1
1965,0x32a8b9,0.000000,11,False,1,3
1966,0x184704,0.000000,7,False,1,3
1967,0x54bcd2,1.000000,12,True,0,0
1968,0xc89361,0.333333,10,False,2,2
1969,0x21524c,1.000000,8,True,0,0
1970,0xce7f50,0.333333,14,False,2,2
1971,0xf36ce0,0.666667,13,False,1,1
1972,0xefaec7,0.666667,17,False,1,1
1973,0xb4b71a,0.666667,13,False,1,1
1974,0x9a6ac9,1.000000,12,True,0,0
1975,0x409384,0.000000,7,False,1,3
1976,0xa26b09,0.333333,10,False,2,2
1977,0x119b4f,1.000000,12,True,0,0
1978,0x51770e,1.000000,12,True,0,0
1979,0xec0297,0.000000,11,False,1,3
1980,0xe9b46d,0.333333,14,False,2,2
1981,0x836b4d,1.000000,12,True,0,0
1982,0x1d17f1,0.666667,13,False,1,1
1983,0x48dc37,1.000000,12,True,0,0
1984,0x7c5c39,0.666667,13,False,1,1
1985,0x444ea1,0.666667,9,False,1,1
1986,0x55705,0.666667,9,False,1,1
1987,0x1448c3,1.000000,8,True,0,0
1988,0xaad626,1.000000,12,True,0,0
1989,0xa91eed,0.333333,14,False,2,2
1990,0x7e78cc,0.333333,14,False,2,2
1991,0xc3f0,1.000000,8,True,0,0
1992,0xdbbaa6,0.000000,15,False,1,3
1993,0xc2f909,0.000000,11,False,1,3
1994,0xfd2fa7,0.666667,17,False,1,1
1995,0xd88516,0.333333,10,False,2,2
1996,0xb78940,0.333333,10,False,2,2
1997,0x2abd47,0.666667,13,False,1,1
1998,0x3e0b90,0.333333,10,False,2,2
1999,0x80487c,1.000000,8,True,0,0
2000,0x3e6fb8,0.000000,15,False,1,3
2001,0xedb402,0.000000,11,False,1,3
2002,0x8b3edd,0.000000,15,False,1,3
2003,0x90b8e3,0.000000,11,False,1,3
2004,0x3e7ed7,0.666667,17,False,1,1
2005,0x3d90db,0.666667,13,False,1,1
2006,0x4044cd,1.000000,8,True,0,0
2007,0xe04c64,0.666667,9,False,1,1
2008,0xff3329,0.000000,15,False,1,3
2009,0x614218,0.000000,7,False,1,3
2010,0xeec7e3,1.000000,16,True,0,0
2011,0x2509cc,0.666667,9,False,1,1
2012,0xbc979c,0.333333,14,False,2,2
2013,0xf3be09,0.333333,14,False,2,2
2014,0xe72622,0.000000,11,False,1,3
2015,0x53b83e,0.666667,13,False,1,1
2016,0x4703cd,0.000000,11,False,1,3
2017,0xa73c60,0.000000,11,False,1,3
2018,0x310a74,0.666667,9,False,1,1
2019,0xd58981,0.333333,10,False,2,2
2020,0x46e25e,1.000000,12,True,0,0
2021,0xc716e0,0.000000,11,False,1,3
2022,0x5a7f38,0.333333,14,False,2,2
2023,0x7f34a7,0.000000,15,False,1,3
2024,0xc3341c,0.333333,10,False,2,2
2025,0x39b253,1.000000,12,True,0,0
2026,0x68e614,0.333333,10,False,2,2
2027,0xd9ad7c,0.000000,15,False,1,3
2028,0x951c40,1.000000,8,True,0,0
2029,0xb3fc5,0.666667,13,False,1,1
2030,0xee082a,0.333333,10,False,2,2
2031,0xda7f30,0.333333,14,False,2,2
2032,0xa8f94c,1.000000,12,True,0,0
2033,0x403522,0.000000,7,False,1,3
2034,0xa89151,0.666667,9,False,1,1
2035,0xf67e50,0.333333,14,False,2,2
2036,0x1b14eb,1.000000,12,True,0,0
2037,0xf2f74c,0.000000,15,False,1,3
2038,0x65252,1.000000,8,True,0,0
2039,0x998244,1.000000,8,True,0,0
2040,0x198e4f,1.000000,12,True,0,0
2041,0x227693,0.000000,11,False,1,3
2042,0xeaaeb5,0.000000,15,False,1,3
2043,0x3da4ad,0.666667,13,False,1,1
2044,0xeac95d,0.333333,14,False,2,2
2045,0x13f949,1.000000,12,True,0,0
2046,0x359416,0.333333,10,False,2,2
2047,0xbecb27,0.000000,15,False,1,3
2048,0xb29bcd,0.333333,14,False,2,2
2049,0xde3427,0.666667,13,False,1,1
2050,0x970a2,1.000000,8,True,0,0
2051,0x2eb010,1.000000,8,True,0,0
2052,0x801925,0.000000,7,False,1,3
2053,0x554431,0.666667,9,False,1,1
2054,0x23377b,0.333333,14,False,2,2
2055,0xe31a73,0.666667,13,False,1,1
2056,0x9a4de8,1.000000,12,True,0,0
2057,0xdd90ac,1.000000,12,True,0,0
2058,0x8ebf35,0.000000,15,False,1,3
2059,0x823c8c,0.666667,9,False,1,1
2060,0x6934ad,1.000000,12,True,0,0
2061,0xea3447,1.000000,12,True,0,0
2062,0xc57662,1.000000,12,True,0,0
2063,0x80accb,0.333333,10,False,2,2
2064,0x1c53ca,0.000000,11,False,1,3
2065,0xc04e9f,1.000000,12,True,0,0
2066,0x7aa4c8,0.000000,11,False,1,3
2067,0x6a1a5a,0.000000,11,False,1,3
2068,0x779ab6,0.000000,15,False,1,3
2069,0xe40db8,0.000000,11,False,1,3
2070,0xaa9ab,0.000000,11,False,1,3
2071,0xee2017,0.000000,11,False,1,3
2072,0xb26efb,1.000000,16,True,0,0
2073,0xb47880,0.666667,9,False,1,1
2074,0x8171bb,1.000000,12,True,0,0
2075,0xa9d8c1,0.000000,11,False,1,3
2076,0x522b44,0.666667,9,False,1,1
2077,0xba6050,0.666667,9,False,1,1
2078,0x4f3d0,0.333333,10,False,2,2
2079,0xc2ae08,0.666667,9,False,1,1
2080,0x9647a2,0.000000,11,False,1,3
2081,0xa1e98,0.666667,9,False,1,1
2082,0x5456ed,0.666667,13,False,1,1
2083,0x788a7e,0.666667,13,False,1,1
2084,0x2602d6,0.666667,9,False,1,1
2085,0xb41865,0.333333,10,False,2,2
2086,0x5ba76b,0.000000,15,False,1,3
2087,0xab5f75,1.000000,16,True,0,0
2088,0xb1d2f1,0.666667,13,False,1,1
2089,0x529e52,0.000000,11,False,1,3
2090,0x413a56,0.333333,10,False,2,2
2091,0xbbbbfb,0.000000,19,False,3,3
2092,0xff9ea2,1.000000,16,True,0,0
2093,0xa5ec6f,0.000000,15,False,1,3
2094,0x8672ce,1.000000,12,True,0,0
2095,0x49b5e3,0.666667,13,False,1,1
2096,0xcb3a9d,0.333333,14,False,2,2
2097,0x5752ac,1.000000,12,True,0,0
2098,0x6e47a4,1.000000,12,True,0,0
2099,0x7aa388,0.000000,11,False,1,3
2100,0x1d6e1d,0.666667,13,False,1,1
2101,0x9a6b56,0.666667,13,False,1,1
2102,0x8538a1,0.666667,9,False,1,1
2103,0x2e9485,0.333333,10,False,2,2
2104,0x7adb8e,0.000000,15,False,1,3
2105,0xa7ddc5,0.000000,15,False,1,3
2106,0x2964c4,0.666667,9,False,1,1
2107,0x694757,0.666667,13,False,1,1
2108,0xd5b70b,0.333333,14,False,2,2
2109,0xdd5bc,0.666667,13,False,1,1
2110,0x6904d6,0.333333,10,False,2,2
2111,0xb927f2,0.333333,14,False,2,2
2112,0x9413ad,0.000000,11,False,1,3
2113,0xbbc0c,0.333333,10,False,2,2
2114,0xa07dba,0.666667,13,False,1,1
2115,0x27f9f2,0.000000,15,False,1,3
2116,0xe1fba7,1.000000,16,True,0,0
2117,0x9b20b0,0.666667,9,False,1,1
2118,0x611c0b,0.666667,9,False,1,1
2119,0xeb5c1e,0.333333,14,False,2,2
2120,0xb4a3da,0.666667,13,False,1,1
2121,0x946a4d,0.000000,11,False,1,3
2122,0xb691d0,0.000000,11,False,1,3
2123,0xf617da,0.000000,15,False,1,3
2124,0x927b8b,0.666667,13,False,1,1
2125,0x6b9118,0.333333,10,False,2,2
2126,0x917aba,0.666667,13,False,1,1
2127,0xa4a9b7,0.666667,13,False,1,1
2128,0xa556d9,0.666667,13,False,1,1
2129,0xa41a42,1.000000,8,True,0,0
2130,0x79897f,0.000000,15,False,1,3
2131,0x1de676,0.333333,14,False,2,2
2132,0xb65866,1.000000,12,True,0,0
2133,0x9a7f29,0.333333,14,False,2,2
2134,0x85a0c8,1.000000,8,True,0,0
2135,0x6d0b06,0.333333,10,False,2,2
2136,0x74fde6,1.000000,16,True,0,0
2137,0x7cbf0c,0.333333,14,False,2,2
2138,0x2b3e1,0.333333,10,False,2,2
2139,0x856bd1,1.000000,12,True,0,0
2140,0xca8409,1.000000,8,True,0,0
2141,0xcc809f,0.000000,11,False,1,3
2142,0xb62eaf,0.000000,15,False,1,3
2143,0x559f11,1.000000,12,True,0,0
2144,0x1f2db,1.000000,12,True,0,0
2145,0xc75c11,0.000000,11,False,1,3
2146,0xdada12,1.000000,12,True,0,0
2147,0x68a5bc,1.000000,12,True,0,0
2148,0xf2cc6b,0.333333,14,False,2,2
2149,0x5b25ee,0.333333,14,False,2,2
2150,0x439216,0.666667,9,False,1,1
2151,0x78f239,0.666667,13,False,1,1
2152,0x9e9db1,0.333333,14,False,2,2
2153,0xcd5ac7,0.333333,14,False,2,2
2154,0xa91c11,0.666667,9,False,1,1
2155,0xabfeb5,0.666667,17,False,1,1
2156,0x8acd9b,0.666667,13,False,1,1
2157,0xcfa75e,1.000000,16,True,0,0
2158,0x2164f4,0.333333,10,False,2,2
2159,0xabbb2a,0.333333,14,False,2,2
2160,0x85a552,0.333333,10,False,2,2
2161,0x20917a,0.666667,9,False,1,1
2162,0xc44cfb,0.666667,13,False,1,1
2163,0x1b17ee,0.333333,14,False,2,2
2164,0x3ddc6d,0.000000,15,False,1,3
2165,0x1c88b4,0.666667,9,False,1,1
2166,0x4e6b15,1.000000,12,True,0,0
2167,0xc37010,1.000000,8,True,0,0
2168,0x9d26b4,1.000000,12,True,0,0
2169,0xb1a099,0.333333,10,False,2,2
2170,0xc7adfb,0.666667,17,False,1,1
2171,0x8f8958,0.000000,11,False,1,3
2172,0x362c03,0.666667,9,False,1,1
2173,0xf43a31,1.000000,12,True,0,0
2174,0x4dade4,0.666667,13,False,1,1
2175,0xed7c43,0.333333,14,False,2,2
2176,0x34bbae,0.333333,14,False,2,2
2177,0xa70bdb,0.333333,14,False,2,2
2178,0xb00384,0.000000,7,False,1,3
2179,0xb43767,0.333333,14,False,2,2
2180,0xedefdf,1.000000,20,False,4,0
2181,0xfa6e8,1.000000,12,True,0,0
2182,0x88410a,0.333333,6,False,2,2
2183,0xe3f71d,1.000000,16,True,0,0
2184,0xbbf358,0.000000,15,False,1,3
2185,0x655b70,1.000000,12,True,0,0
2186,0x31e26f,0.666667,13,False,1,1
2187,0xd69d6b,0.000000,15,False,1,3
2188,0xb48dbb,0.333333,14,False,2,2
2189,0x260e91,0.666667,9,False,1,1
2190,0xbf0af3,0.000000,15,False,1,3
2191,0xd0e8ea,1.000000,12,True,0,0
2192,0xbbc05,0.333333,10,False,2,2
2193,0x9c3f9a,0.333333,14,False,2,2
2194,0x6d9e19,0.666667,13,False,1,1
2195,0x2fb25,0.000000,11,False,1,3
2196,0xdf72cf,0.666667,17,False,1,1
2197,0xdcf205,1.000000,12,True,0,0
2198,0xba6c32,1.000000,12,True,0,0
2199,0xed36be,1.000000,16,True,0,0
2200,0x6c14fb,0.666667,13,False,1,1
2201,0xfd7501,0.666667,13,False,1,1
2202,0x600cf5,0.333333,10,False,2,2
2203,0xe14aae,1.000000,12,True,0,0
2204,0xe0b72a,1.000000,12,True,0,0
2205,0xc242bf,1.000000,12,True,0,0
2206,0x117709,0.333333,10,False,2,2
2207,0x57ea2d,0.333333,14,False,2,2
2208,0x22c9ba,0.000000,11,False,1,3
2209,0xaabb4b,0.333333,14,False,2,2
2210,0x21b16f,1.000000,12,True,0,0
2211,0x36ca,1.000000,8,True,0,0
2212,0x1259cf,1.000000,12,True,0,0
2213,0xbc4c46,0.000000,11,False,1,3
2214,0xdbe8e7,1.000000,16,True,0,0
2215,0xf4db34,0.333333,14,False,2,2
2216,0x700281,0.333333,6,False,2,2
2217,0x33dc5,0.000000,11,False,1,3
2218,0x18c6ba,0.000000,11,False,1,3
2219,0x5b4b6a,0.666667,13,False,1,1
2220,0x21e06b,0.333333,10,False,2,2
2221,0xb3b9fc,1.000000,16,True,0,0
2222,0xafe0f9,0.000000,15,False,1,3
2223,0xe3e33b,0.000000,15,False,1,3
2224,0x327f1d,0.333333,14,False,2,2
2225,0x573759,0.333333,14,False,2,2
2226,0x74d579,0.333333,14,False,2,2
2227,0x32e95f,0.333333,14,False,2,2
2228,0xb850ef,0.666667,13,False,1,1
2229,0x7a07c8,0.000000,11,False,1,3
2230,0x539358,0.000000,11,False,1,3
2231,0x135095,0.666667,9,False,1,1
2232,0x66493c,0.000000,11,False,1,3
2233,0x3d7336,0.333333,14,False,2,2
2234,0x2075ea,0.000000,11,False,1,3
2235,0xaaf112,0.000000,11,False,1,3
2236,0xf0a09,1.000000,8,True,0,0
2237,0x8cd225,0.333333,10,False,2,2
2238,0x383baa,1.000000,12,True,0,0
2239,0xcf3bac,0.000000,15,False,1,3
2240,0xa1cdfe,0.000000,15,False,1,3
2241,0x481ace,0.333333,10,False,2,2
2242,0xbc0fee,0.000000,15,False,1,3
2243,0xbee210,0.000000,11,False,1,3
2244,0x36bc96,0.666667,13,False,1,1
2245,0xa4afbc,0.333333,14,False,2,2
2246,0x8ea734,1.000000,12,True,0,0
2247,0x41eaa5,0.000000,11,False,1,3
2248,0x7463f,1.000000,12,True,0,0
2249,0x81c1f0,0.666667,9,False,1,1
2250,0xbdf28a,0.333333,14,False,2,2
2251,0x673460,0.333333,10,False,2,2
2252,0xc77a74,0.333333,14,False,2,2
2253,0xfc5e10,1.000000,12,True,0,0
2254,0x1527bb,0.666667,13,False,1,1
2255,0xe33760,1.000000,12,True,0,0
2256,0x74535f,0.333333,14,False,2,2
2257,0x7b9ba3,0.000000,15,False,1,3
2258,0x350b53,0.000000,11,False,1,3
2259,0x413294,1.000000,8,True,0,0
2260,0x91e353,1.000000,12,True,0,0
2261,0x29eef2,0.333333,14,False,2,2
2262,0xaeedef,0.333333,18,False,2,2
2263,0xb2a5dc,0.666667,13,False,1,1
2264,0x49d58c,0.000000,11,False,1,3
2265,0xd76300,0.333333,10,False,2,2
2266,0x1a9bc,0.333333,10,False,2,2
2267,0xd5b80,0.666667,9,False,1,1
2268,0x8f3c06,0.000000,11,False,1,3
2269,0x911612,1.000000,8,True,0,0
2270,0x23990c,0.666667,9,False,1,1
2271,0x5c97a6,0.666667,13,False,1,1
2272,0xc5af2,0.000000,11,False,1,3
2273,0x4b9540,0.666667,9,False,1,1
2274,0xbe83d1,0.666667,13,False,1,1
2275,0xe72b20,0.000000,11,False,1,3
2276,0x505231,1.000000,8,True,0,0
2277,0x89706c,0.333333,10,False,2,2
2278,0xace4fc,0.333333,14,False,2,2
2279,0xf74f5e,0.666667,17,False,1,1
2280,0x2ca565,0.000000,11,False,1,3
2281,0x2987f5,0.666667,13,False,1,1
2282,0xd5c43f,0.333333,14,False,2,2
2283,0xfb70ad,0.000000,15,False,1,3
2284,0xddb8c9,0.333333,14,False,2,2
2285,0x109a8c,1.000000,8,True,0,0
2286,0xbb358f,0.000000,15,False,1,3
2287,0xcb04f7,0.666667,13,False,1,1
2288,0xc2342d,0.333333,10,False,2,2
2289,0xfc5f68,0.000000,15,False,1,3
2290,0x47cb1d,0.666667,13,False,1,1
2291,0x86eca7,0.666667,13,False,1,1
2292,0xad6a72,0.666667,13,False,1,1
2293,0x723855,0.000000,11,False,1,3
2294,0xe419e3,1.000000,12,True,0,0
2295,0xd82f6a,0.666667,13,False,1,1
2296,0x56f5bd,1.000000,16,True,0,0
2297,0xb143ad,1.000000,12,True,0,0
2298,0x3fb69c,0.000000,15,False,1,3
2299,0x9bce8a,0.666667,13,False,1,1
2300,0x3f8aec,0.333333,14,False,2,2
2301,0x992b2d,1.000000,12,True,0,0
2302,0xf94a18,0.000000,11,False,1,3
2303,0xac0f4b,1.000000,12,True,0,0
2304,0x4ddfc0,0.666667,13,False,1,1
2305,0xa274e5,1.000000,12,True,0,0
2306,0x2cce2d,1.000000,12,True,0,0
2307,0x854410,0.333333,6,False,2,2
2308,0xeb5ae0,0.666667,13,False,1,1
2309,0xae9cb0,1.000000,12,True,0,0
2310,0xfb9de5,0.666667,17,False,1,1
2311,0x1c1478,0.666667,9,False,1,1
2312,0x4958a9,0.333333,10,False,2,2
2313,0xcc6125,0.333333,10,False,2,2
2314,0x1be96f,0.000000,15,False,1,3
2315,0x8511ca,0.666667,9,False,1,1
2316,0xafd8b1,0.333333,14,False,2,2
2317,0x7c34d3,0.666667,13,False,1,1
2318,0xdf775a,0.666667,17,False,1,1
2319,0x281777,1.000000,12,True,0,0
2320,0xe0f2a9,1.000000,12,True,0,0
2321,0xe7797c,1.000000,16,True,0,0
2322,0x11b4ad,0.000000,11,False,1,3
2323,0x84980a,0.000000,7,False,1,3
2324,0x7ec78b,0.000000,15,False,1,3
2325,0x6e3377,0.000000,15,False,1,3
2326,0x9999e8,1.000000,12,True,0,0
2327,0x1f9c4d,0.666667,13,False,1,1
2328,0x59c312,0.333333,10,False,2,2
2329,0x5169ce,1.000000,12,True,0,0
2330,0x78b3ef,1.000000,16,True,0,0
2331,0x997e67,0.000000,15,False,1,3
2332,0x6781ef,0.333333,14,False,2,2
2333,0xf8572,0.000000,11,False,1,3
2334,0xa409f2,0.333333,10,False,2,2
2335,0xbf5e64,0.000000,15,False,1,3
2336,0x5ea071,0.000000,11,False,1,3
2337,0x5295e7,0.666667,13,False,1,1
2338,0xbef4fa,0.666667,17,False,1,1
2339,0xf3e0a6,0.666667,13,False,1,1
2340,0xc8d829,0.333333,10,False,2,2
2341,0xcd1b06,0.000000,11,False,1,3
2342,0x464ad1,0.333333,10,False,2,2
2343,0x6883cb,0.000000,11,False,1,3
2344,0x8e4f16,1.000000,12,True,0,0
2345,0x360567,0.000000,11,False,1,3
2346,0x1c425c,0.666667,9,False,1,1
2347,0x1b727,0.000000,11,False,1,3
2348,0x99f842,0.000000,11,False,1,3
2349,0x797792,0.333333,14,False,2,2
2350,0xce9a36,0.666667,13,False,1,1
2351,0xea896c,1.000000,12,True,0,0
2352,0x89614b,0.333333,10,False,2,2
2353,0xe83dde,0.000000,15,False,1,3
2354,0x3a96a3,1.000000,12,True,0,0
2355,0x2d4b36,1.000000,12,True,0,0
2356,0x6c6d12,0.000000,11,False,1,3
2357,0x266cb8,0.000000,11,False,1,3
2358,0x4defb8,0.000000,15,False,1,3
2359,0xf72337,0.000000,15,False,1,3
2360,0x5908eb,0.000000,11,False,1,3
2361,0xaa773d,0.000000,15,False,1,3
2362,0xb63719,0.666667,13,False,1,1
2363,0x91e2c8,0.333333,10,False,2,2
2364,0x32b8e9,1.000000,12,True,0,0
2365,0x72925a,0.000000,11,False,1,3
2366,0x6beba2,0.333333,14,False,2,2
2367,0xd31841,0.666667,9,False,1,1
2368,0x6e2ff2,0.000000,15,False,1,3
2369,0x94e107,0.333333,10,False,2,2
2370,0x76da76,0.000000,15,False,1,3
2371,0x10f6fb,0.333333,14,False,2,2
2372,0x7a2dca,0.666667,13,False,1,1
2373,0xcab407,0.000000,11,False,1,3
2374,0xab8f4b,0.333333,14,False,2,2
2375,0x59526d,1.000000,12,True,0,0
2376,0x9a41d0,0.666667,9,False,1,1
2377,0xaeac62,1.000000,12,True,0,0
2378,0x7b5079,0.666667,13,False,1,1
2379,0x15bbec,0.333333,14,False,2,2
2380,0x552953,0.000000,11,False,1,3
2381,0x632c70,0.333333,10,False,2,2
2382,0xfd772c,1.000000,16,True,0,0
2383,0x572a6,0.333333,10,False,2,2
2384,0xee58aa,0.666667,13,False,1,1
2385,0xf730c8,1.000000,12,True,0,0
2386,0x186eb6,1.000000,12,True,0,0
2387,0xeb0e1c,1.000000,12,True,0,0
2388,0xc53d89,1.000000,12,True,0,0
2389,0xde6098,0.000000,11,False,1,3
2390,0xbd9,1.000000,8,True,0,0
2391,0xc6577b,0.000000,15,False,1,3
2392,0x47f438,1.000000,12,True,0,0
2393,0x752457,1.000000,12,True,0,0
2394,0xf26370,1.000000,12,True,0,0
2395,0x8163fb,0.666667,13,False,1,1
2396,0xba8088,1.000000,8,True,0,0
2397,0xff3de5,0.333333,18,False,2,2
2398,0xbaf47a,0.000000,15,False,1,3
2399,0x9ccc76,0.666667,13,False,1,1
2400,0xd454,0.000000,7,False,1,3
2401,0xe6ebb2,0.000000,15,False,1,3
2402,0xb322c6,0.000000,11,False,1,3
2403,0x46eec0,0.000000,11,False,1,3
2404,0x7aa2cd,0.666667,13,False,1,1
2405,0x37ba5f,1.000000,16,True,0,0
2406,0x61cc23,0.333333,10,False,2,2
2407,0x7add3e,1.000000,16,True,0,0
2408,0x1a1536,0.333333,10,False,2,2
2409,0x341662,0.666667,9,False,1,1
2410,0x32bdbb,0.000000,15,False,1,3
2411,0x2b9efd,1.000000,16,True,0,0
2412,0x16f802,0.666667,9,False,1,1
2413,0x8dbf65,0.000000,15,False,1,3
2414,0xdb9f5,0.333333,14,False,2,2
2415,0x7457f8,0.333333,14,False,2,2
2416,0x8a94d6,0.000000,11,False,1,3
2417,0xc98d3c,1.000000,12,True,0,0
2418,0x589866,0.333333,10,False,2,2
2419,0xe2e0c4,0.333333,10,False,2,2
2420,0xd7d666,0.000000,15,False,1,3
2421,0x677a78,0.333333,14,False,2,2
2422,0x89da3d,0.666667,13,False,1,1
2423,0x189448,0.000000,7,False,1,3
2424,0x220a43,0.000000,7,False,1,3
2425,0x5c01e,1.000000,8,True,0,0
2426,0xcc4f79,0.333333,14,False,2,2
2427,0x5cdf41,0.666667,13,False,1,1
2428,0x3b9bc0,1.000000,12,True,0,0
2429,0x3a9e96,0.666667,13,False,1,1
2430,0x8ba2d0,0.333333,10,False,2,2
2431,0x62aacf,0.666667,13,False,1,1
2432,0xd9313f,0.333333,14,False,2,2
2433,0x9b0e68,0.000000,11,False,1,3
2434,0xcfe5a7,1.000000,16,True,0,0
2435,0xba87e9,0.333333,14,False,2,2
2436,0x3eb038,0.000000,11,False,1,3
2437,0xe7a16e,0.333333,14,False,2,2
2438,0xf1371f,0.000000,15,False,1,3
2439,0xdc820e,0.333333,10,False,2,2
2440,0x30f613,0.000000,11,False,1,3
2441,0xfc1c02,0.333333,10,False,2,2
2442,0x3a7c48,0.000000,11,False,1,3
2443,0x4e3ea7,0.333333,14,False,2,2
2444,0xb948ff,0.000000,15,False,1,3
2445,0xf84c7,0.000000,11,False,1,3
2446,0xf5db54,0.000000,15,False,1,3
2447,0x1b3854,0.333333,10,False,2,2
2448,0x69f85a,0.666667,13,False,1,1
2449,0x340ffa,0.666667,13,False,1,1
2450,0x3dedae,1.000000,16,True,0,0
2451,0x5f363c,0.333333,14,False,2,2
2452,0xfb0182,0.333333,10,False,2,2
2453,0x37cd53,0.333333,14,False,2,2
2454,0x72f096,1.000000,12,True,0,0
2455,0x85ac6b,1.000000,12,True,0,0
2456,0x5e640b,0.000000,11,False,1,3
2457,0x78baea,0.333333,14,False,2,2
2458,0x336f26,0.666667,13,False,1,1
2459,0x41ceb7,0.666667,13,False,1,1
2460,0x24441e,1.000000,8,True,0,0
2461,0xb4e738,0.666667,13,False,1,1
2462,0xdad548,1.000000,12,True,0,0
2463,0x908579,0.333333,10,False,2,2
2464,0x25e888,0.666667,9,False,1,1
2465,0x2fcb10,0.000000,11,False,1,3
2466,0x8c6c2d,0.000000,11,False,1,3
2467,0x771a91,1.000000,12,True,0,0
2468,0xab5674,0.666667,13,False,1,1
2469,0x6fdca,0.666667,13,False,1,1
2470,0x2a4613,0.666667,9,False,1,1
2471,0xaed5ef,0.666667,17,False,1,1
2472,0xbe609c,1.000000,12,True,0,0
2473,0xa426dc,0.000000,11,False,1,3
2474,0xee7d5d,0.666667,17,False,1,1
2475,0x8bc7c,0.000000,11,False,1,3
2476,0xb11664,0.333333,10,False,2,2
2477,0xffc2a2,0.333333,14,False,2,2
2478,0x50c7c5,0.000000,11,False,1,3
2479,0x4a5bab,0.666667,13,False,1,1
2480,0x95a18f,1.000000,12,True,0,0
2481,0xc4441,0.333333,6,False,2,2
2482,0xbdaf9c,1.000000,16,True,0,0
2483,0xd1bcb0,1.000000,12,True,0,0
2484,0x338cd8,0.000000,11,False,1,3
2485,0x6edc41,1.000000,12,True,0,0
2486,0x792268,0.333333,10,False,2,2
2487,0x61e0bb,1.000000,12,True,0,0
2488,0x836da1,0.000000,11,False,1,3
2489,0x23cfc0,0.000000,11,False,1,3
2490,0x574eb7,0.000000,15,False,1,3
2491,0x948c76,0.000000,11,False,1,3
2492,0x8b7fd4,0.000000,15,False,1,3
2493,0x78384c,0.333333,10,False,2,2
2494,0xae02cd,0.000000,11,False,1,3
2495,0x74e985,1.000000,12,True,0,0
2496,0xe90adc,1.000000,12,True,0,0
2497,0x7e8da1,0.666667,13,False,1,1
2498,0xd3ce4f,0.000000,15,False,1,3
2499,0xce526c,1.000000,12,True,0,0
2500,0x878b64,0.000000,11,False,1,3
2501,0x69dd81,1.000000,12,True,0,0
2502,0x185486,1.000000,8,True,0,0
2503,0xf38fc9,0.000000,15,False,1,3
2504,0xc3640c,0.666667,9,False,1,1
2505,0x8d3167,1.000000,12,True,0,0
2506,0x59189f,1.000000,12,True,0,0
2507,0xc8d267,1.000000,12,True,0,0
2508,0x4b9dc,0.000000,11,False,1,3
2509,0xaea105,0.333333,10,False,2,2
2510,0xe821b0,0.666667,9,False,1,1
2511,0xe76c2a,0.666667,13,False,1,1
2512,0x6fd7b5,0.666667,17,False,1,1
2513,0xc4ffba,1.000000,16,True,0,0
2514,0xced188,0.000000,11,False,1,3
2515,0x631c5f,0.666667,13,False,1,1
2516,0x4d91aa,0.000000,11,False,1,3
2517,0xba3f09,0.666667,13,False,1,1
2518,0xe7bdcc,1.000000,16,True,0,0
2519,0x3849a8,0.666667,9,False,1,1
2520,0xe743bd,0.000000,15,False,1,3
2521,0x1fd04b,1.000000,12,True,0,0
2522,0xe3b0fe,0.000000,15,False,1,3
2523,0x477ced,0.000000,15,False,1,3
2524,0x289586,0.666667,9,False,1,1
2525,0x2c057c,0.333333,10,False,2,2
2526,0x2dc084,1.000000,8,True,0,0
2527,0xc151ce,0.000000,11,False,1,3
2528,0x5c5e7,1.000000,12,True,0,0
2529,0xcb50d4,0.000000,11,False,1,3
2530,0xbc2167,1.000000,12,True,0,0
2531,0x499bdd,0.333333,14,False,2,2
2532,0x3ba196,1.000000,12,True,0,0
2533,0x8491ff,0.666667,13,False,1,1
2534,0xddf9e5,0.666667,17,False,1,1
2535,0x27ba0f,0.666667,13,False,1,1
2536,0x11f0fd,0.666667,13,False,1,1
2537,0x4e7e34,0.666667,13,False,1,1
2538,0x445ec0,0.666667,9,False,1,1
2539,0x43750c,0.333333,10,False,2,2
2540,0x8948af,0.000000,11,False,1,3
2541,0x40b0db,0.333333,10,False,2,2
2542,0x729c2,0.666667,9,False,1,1
2543,0x247bcf,0.333333,14,False,2,2
2544,0x71ba20,0.333333,10,False,2,2
2545,0x7ad1b9,0.333333,14,False,2,2
2546,0xbc52f9,0.333333,14,False,2,2
2547,0x3674b5,0.666667,13,False,1,1
2548,0x2e4f59,0.666667,13,False,1,1
2549,0x96c833,0.000000,11,False,1,3
2550,0x60130f,0.666667,9,False,1,1
2551,0x698c39,0.000000,11,False,1,3
2552,0x444df7,0.666667,13,False,1,1
2553,0x4ef898,1.000000,12,True,0,0
2554,0x8ce637,0.666667,13,False,1,1
2555,0xe385f6,0.333333,14,False,2,2
2556,0xd16e4c,1.000000,12,True,0,0
2557,0xb6b51b,0.333333,14,False,2,2
2558,0x693a8c,0.000000,11,False,1,3
2559,0x49d1ff,0.000000,15,False,1,3
2560,0x5b5f90,0.666667,13,False,1,1
2561,0x37587,0.000000,11,False,1,3
2562,0xd10d0e,0.333333,10,False,2,2
2563,0x841509,0.000000,7,False,1,3
2564,0x581158,1.000000,8,True,0,0
2565,0xeb1487,1.000000,12,True,0,0
2566,0x1df139,0.666667,13,False,1,1
2567,0xd36271,1.000000,12,True,0,0
2568,0xbdfa1e,1.000000,16,True,0,0
2569,0xc577a4,0.666667,13,False,1,1
2570,0x4bd53,0.000000,11,False,1,3
2571,0x9067d0,0.333333,10,False,2,2
2572,0xad0580,1.000000,8,True,0,0
2573,0xa05db3,1.000000,12,True,0,0
2574,0x6e7599,0.333333,14,False,2,2
2575,0x77f3de,0.333333,18,False,2,2
2576,0x418bc7,0.000000,11,False,1,3
2577,0xd09223,0.666667,9,False,1,1
2578,0x365757,0.333333,14,False,2,2
2579,0x4497d5,1.000000,12,True,0,0
2580,0xd4c27b,0.666667,13,False,1,1
2581,0x935b21,0.000000,11,False,1,3
2582,0x7ec91d,0.333333,14,False,2,2
2583,0x372c96,1.000000,12,True,0,0
2584,0xae82e6,1.000000,12,True,0,0
2585,0x712a84,0.666667,9,False,1,1
2586,0xf3ea70,0.333333,14,False,2,2
2587,0x73d4a5,0.666667,13,False,1,1
2588,0x441f7e,0.666667,13,False,1,1
2589,0x776ece,1.000000,16,True,0,0
2590,0xabd8cf,0.000000,15,False,1,3
2591,0x3a05c,1.000000,8,True,0,0
2592,0xc34042,0.000000,7,False,1,3
2593,0x736d10,0.000000,11,False,1,3
2594,0x1d899a,0.000000,11,False,1,3
2595,0xf17cbc,0.000000,15,False,1,3
2596,0x6138c6,0.333333,10,False,2,2
2597,0x455ce1,0.000000,11,False,1,3
2598,0x20384,0.666667,5,False,3,1
2599,0xe66ad8,0.666667,13,False,1,1
2600,0xb42fc2,1.000000,12,True,0,0
2601,0x20a9d9,0.333333,10,False,2,2
2602,0x58fad5,0.333333,14,False,2,2
2603,0x339a7f,0.000000,15,False,1,3
2604,0xf736e5,1.000000,16,True,0,0
2605,0x3cd41,0.666667,9,False,1,1
2606,0x28d76a,1.000000,12,True,0,0
2607,0x17c250,0.666667,9,False,1,1
2608,0xf34e57,0.000000,15,False,1,3
2609,0x7e64d7,0.000000,15,False,1,3
2610,0xf1b05,0.333333,10,False,2,2
2611,0xbe19c4,1.000000,12,True,0,0
2612,0x3965cd,0.666667,13,False,1,1
2613,0xd99c5f,0.000000,15,False,1,3
2614,0xc2b8c7,1.000000,12,True,0,0
2615,0xccdc73,0.333333,14,False,2,2
2616,0xb69232,0.000000,11,False,1,3
2617,0xa41a1f,0.000000,11,False,1,3
2618,0x9941c4,0.666667,9,False,1,1
2619,0x89e0c3,0.333333,10,False,2,2
2620,0x8cf3fb,1.000000,16,True,0,0
2621,0x58cab8,0.000000,11,False,1,3
2622,0x32a4c7,0.000000,11,False,1,3
2623,0x578db,1.000000,12,True,0,0
2624,0x4fd311,1.000000,12,True,0,0
2625,0x506839,0.666667,9,False,1,1
2626,0xcfb6e9,1.000000,16,True,0,0
2627,0xbb42d7,0.333333,14,False,2,2
2628,0x684bda,1.000000,12,True,0,0
2629,0xdd9550,1.000000,12,True,0,0
2630,0x121841,0.333333,6,False,2,2
2631,0x94938,1.000000,8,True,0,0
2632,0x36caf0,1.000000,12,True,0,0
2633,0x12e878,0.333333,10,False,2,2
2634,0x5536f9,0.333333,14,False,2,2
2635,0x92640a,1.000000,8,True,0,0
2636,0x13d014,1.000000,8,True,0,0
2637,0xfb6748,0.333333,14,False,2,2
2638,0x43990d,0.333333,10,False,2,2
2639,0xbe6cd3,0.000000,15,False,1,3
2640,0xbef2f4,1.000000,16,True,0,0
2641,0xc312bb,1.000000,12,True,0,0
2642,0x8aab14,0.333333,10,False,2,2
2643,0x129ee3,1.000000,12,True,0,0
2644,0x1c60d9,0.333333,10,False,2,2
2645,0x3c5beb,0.000000,15,False,1,3
2646,0x11546d,0.333333,10,False,2,2
2647,0xe3e58f,0.000000,15,False,1,3
2648,0xa38ec,0.333333,10,False,2,2
2649,0x3a8556,0.000000,11,False,1,3
2650,0xa2ce83,0.000000,11,False,1,3
2651,0x8f799f,1.000000,16,True,0,0
2652,0x72dbcc,0.333333,14,False,2,2
2653,0xe7e4ba,0.000000,15,False,1,3
2654,0x8726a9,0.000000,11,False,1,3
2655,0x1cf603,0.000000,11,False,1,3
2656,0x4b168a,0.333333,10,False,2,2
2657,0xfa7d17,1.000000,16,True,0,0
2658,0x993862,0.333333,10,False,2,2
2659,0x436a67,1.000000,12,True,0,0
2660,0xd00db1,0.333333,10,False,2,2
2661,0xe5b02c,0.000000,11,False,1,3
2662,0xc02952,1.000000,8,True,0,0
2663,0x6ac807,0.333333,10,False,2,2
2664,0x779e4c,0.333333,14,False,2,2
2665,0xb98793,0.666667,13,False,1,1
2666,0xc851cb,0.000000,11,False,1,3
2667,0x8621b7,0.000000,11,False,1,3
2668,0xbaa403,0.333333,10,False,2,2
2669,0x530282,0.000000,7,False,1,3
2670,0xac2ab7,0.666667,13,False,1,1
2671,0xc5441e,0.333333,10,False,2,2
2672,0x80ec3b,0.000000,11,False,1,3
2673,0xce4072,0.333333,10,False,2,2
2674,0x8c8c0b,0.666667,9,False,1,1
2675,0xe20e53,0.000000,11,False,1,3
2676,0x1586b4,0.333333,10,False,2,2
2677,0xdea048,0.333333,10,False,2,2
2678,0x77fe55,0.666667,17,False,1,1
2679,0x66d741,1.000000,12,True,0,0
2680,0xd83c35,1.000000,12,True,0,0
2681,0xb3eea6,0.000000,15,False,1,3
2682,0x6a818c,0.666667,9,False,1,1
2683,0x1c661d,0.000000,11,False,1,3
2684,0xefa62,1.000000,12,True,0,0
2685,0x89d1d5,1.000000,12,True,0,0
2686,0xf95392,0.666667,13,False,1,1
2687,0xca7e35,0.333333,14,False,2,2
2688,0x863ca9,0.000000,11,False,1,3
2689,0x87a5fd,0.000000,15,False,1,3
2690,0x855178,0.333333,10,False,2,2
2691,0x8025c7,0.666667,9,False,1,1
2692,0x8f9a2e,0.666667,13,False,1,1
2693,0x30f9a9,1.000000,12,True,0,0
2694,0xc9fae6,0.000000,15,False,1,3
2695,0x3bafcc,0.000000,15,False,1,3
2696,0x10aad8,0.666667,9,False,1,1
2697,0x7c57e5,0.000000,15,False,1,3
2698,0x1c9904,1.000000,8,True,0,0
2699,0x1228d9,0.666667,9,False,1,1
2700,0xfcaad1,0.333333,14,False,2,2
2701,0x314a61,0.666667,9,False,1,1
2702,0x311381,1.000000,8,True,0,0
2703,0x817782,0.333333,10,False,2,2
2704,0xfac414,0.000000,11,False,1,3
2705,0x738711,0.000000,11,False,1,3
2706,0xc38a0b,0.333333,10,False,2,2
2707,0xdbc5a4,0.666667,13,False,1,1
2708,0xe14552,0.333333,10,False,2,2
2709,0xa74281,0.666667,9,False,1,1
2710,0x1f9cc9,0.666667,13,False,1,1
2711,0xe0a25c,0.333333,10,False,2,2
2712,0x7e9b02,1.000000,12,True,0,0
2713,0xa36dd4,0.666667,13,False,1,1
2714,0xca50cc,0.333333,10,False,2,2
2715,0x2d77c,1.000000,12,True,0,0
2716,0x2dcba2,1.000000,12,True,0,0
2717,0x170052,0.000000,7,False,1,3
2718,0x2ca60d,0.333333,10,False,2,2
2719,0x943439,0.333333,10,False,2,2
2720,0xa12c0d,0.666667,9,False,1,1
2721,0xbb3fdd,0.333333,18,False,2,2
2722,0x2bf83e,0.333333,14,False,2,2
2723,0x17aa04,0.666667,9,False,1,1
2724,0xc0395e,0.000000,11,False,1,3
2725,0x197ccd,0.666667,13,False,1,1
2726,0x2e6141,0.666667,9,False,1,1
2727,0x7307b0,0.000000,11,False,1,3
2728,0x52f01c,0.333333,10,False,2,2
2729,0xd77361,0.333333,14,False,2,2
2730,0x12137,1.000000,8,True,0,0
2731,0x21ec87,0.000000,11,False,1,3
2732,0x6f2e3f,1.000000,16,True,0,0
2733,0x93fbaf,0.666667,17,False,1,1
2734,0xba1f15,0.666667,13,False,1,1
2735,0xcd538d,0.666667,13,False,1,1
2736,0x440b60,0.000000,7,False,1,3
2737,0x17c204,1.000000,8,True,0,0
2738,0x21586a,0.666667,9,False,1,1
2739,0xf0aae8,1.000000,12,True,0,0
2740,0xaedc4a,0.666667,13,False,1,1
2741,0x92a4c5,0.333333,10,False,2,2
2742,0x4e25a9,0.000000,11,False,1,3
2743,0x636fab,0.000000,15,False,1,3
2744,0xa6d5fa,0.000000,15,False,1,3
2745,0xdcb1d4,0.666667,13,False,1,1
2746,0x1abf4b,0.333333,14,False,2,2
2747,0xb6ea58,0.666667,13,False,1,1
2748,0x6179d4,1.000000,12,True,0,0
2749,0x609b9f,0.666667,13,False,1,1
2750,0x88dffe,1.000000,16,True,0,0
2751,0x759c54,1.000000,12,True,0,0
2752,0x40d04f,0.666667,9,False,1,1
2753,0xde837d,0.000000,15,False,1,3
2754,0xd5d07b,0.333333,14,False,2,2
2755,0x1ec636,1.000000,12,True,0,0
2756,0x9ddbfd,0.333333,18,False,2,2
2757,0xf5852f,0.333333,14,False,2,2
2758,0xad5747,0.333333,14,False,2,2
2759,0x1328d1,0.666667,9,False,1,1
2760,0xfc95bb,1.000000,16,True,0,0
2761,0x56fd2e,0.000000,15,False,1,3
2762,0xf37ee6,0.666667,17,False,1,1
2763,0xdb2c35,0.666667,13,False,1,1
2764,0xd45ee7,0.000000,15,False,1,3
2765,0xce3a60,0.000000,11,False,1,3
2766,0x202f96,0.333333,10,False,2,2
2767,0xd9cef9,1.000000,16,True,0,0
2768,0x83a3a7,1.000000,12,True,0,0
2769,0xf76099,0.666667,13,False,1,1
2770,0x1bba3d,0.333333,14,False,2,2
2771,0x6cd0d1,0.000000,11,False,1,3
2772,0x739288,0.333333,10,False,2,2
2773,0xc57a42,0.000000,11,False,1,3
2774,0x2ce96,0.333333,10,False,2,2
2775,0x4f07b1,1.000000,12,True,0,0
2776,0x250c34,1.000000,8,True,0,0
2777,0xbd8747,0.333333,14,False,2,2
2778,0x2bcd86,1.000000,12,True,0,0
2779,0x8ce3c3,1.000000,12,True,0,0
2780,0x861966,0.333333,10,False,2,2
2781,0x648131,1.000000,8,True,0,0
2782,0x86356,0.666667,9,False,1,1
2783,0xa41e76,1.000000,12,True,0,0
2784,0x14cac6,0.333333,10,False,2,2
2785,0x1ac26b,0.000000,11,False,1,3
2786,0xfac038,0.000000,11,False,1,3
2787,0x4d96ba,0.666667,13,False,1,1
2788,0x72e2f5,0.333333,14,False,2,2
2789,0x5bab75,0.000000,15,False,1,3
2790,0x56a48c,0.333333,10,False,2,2
2791,0xb4e8aa,1.000000,12,True,0,0
2792,0xccb435,1.000000,12,True,0,0
2793,0xf781e,1.000000,12,True,0,0
2794,0xd288d0,0.666667,9,False,1,1
2795,0xf7e2af,0.666667,17,False,1,1
2796,0x5bccd1,0.666667,13,False,1,1
2797,0x5f33ef,0.666667,17,False,1,1
2798,0xdb7d0f,1.000000,16,True,0,0
2799,0x655ad6,0.666667,13,False,1,1
2800,0x746ba9,0.666667,13,False,1,1
2801,0xccbb7d,1.000000,16,True,0,0
2802,0x5ac1e0,0.333333,10,False,2,2
2803,0x9f2e67,0.000000,15,False,1,3
2804,0x10dbbd,0.666667,13,False,1,1
2805,0x90712a,0.666667,9,False,1,1
2806,0x6f42d2,1.000000,12,True,0,0
2807,0x40a99c,0.666667,9,False,1,1
2808,0xe9b12d,0.666667,13,False,1,1
2809,0x1ec495,0.000000,11,False,1,3
2810,0x47f600,0.333333,10,False,2,2
2811,0xf5e7ee,0.333333,18,False,2,2
2812,0x507c36,0.000000,11,False,1,3
2813,0x5b12c8,0.333333,10,False,2,2
2814,0x3d39e7,0.000000,15,False,1,3
2815,0x5d8bf2,0.333333,14,False,2,2
2816,0xa086b3,0.333333,10,False,2,2
2817,0x13da8e,1.000000,12,True,0,0
2818,0xb5acce,0.333333,14,False,2,2
2819,0xd350eb,0.666667,13,False,1,1
2820,0x65f035,1.000000,12,True,0,0
2821,0x151025,0.000000,7,False,1,3
2822,0xa412a8,1.000000,8,True,0,0
2823,0xdf53f8,1.000000,16,True,0,0
2824,0xbb7535,0.000000,15,False,1,3
2825,0x62cc76,1.000000,12,True,0,0
2826,0x9d89f4,0.666667,13,False,1,1
2827,0x3ea31b,0.666667,13,False,1,1
2828,0xe0f7f6,1.000000,16,True,0,0
2829,0xd01eb9,1.000000,12,True,0,0
2830,0x7c95e7,0.000000,15,False,1,3
2831,0xf92f34,0.333333,14,False,2,2
2832,0xd6a6bd,0.000000,15,False,1,3
2833,0xcbf78b,1.000000,16,True,0,0
2834,0xb7f7d0,1.000000,16,True,0,0
2835,0x910a71,0.666667,9,False,1,1
2836,0x86285a,0.666667,9,False,1,1
2837,0xf44786,1.000000,12,True,0,0
2838,0xce64d3,0.666667,13,False,1,1
2839,0x70baa8,0.000000,11,False,1,3
2840,0x82dee7,0.333333,14,False,2,2
2841,0x81ea62,0.333333,10,False,2,2
2842,0xe92bfc,0.000000,15,False,1,3
2843,0xa6c7f9,0.000000,15,False,1,3
2844,0x1ee4ec,0.666667,13,False,1,1
2845,0x86cdf2,0.666667,13,False,1,1
2846,0x7ec835,0.666667,13,False,1,1
2847,0x153273,0.000000,11,False,1,3
2848,0x3ce683,1.000000,12,True,0,0
2849,0x3609f1,0.000000,11,False,1,3
2850,0xab6b7d,1.000000,16,True,0,0
2851,0xe4b10d,0.000000,11,False,1,3
2852,0x2b4ca5,0.000000,11,False,1,3
2853,0x337480,0.666667,9,False,1,1
2854,0x88b58f,1.000000,12,True,0,0
2855,0x1f5f56,0.000000,15,False,1,3
2856,0x6d052,1.000000,8,True,0,0
2857,0xffe86d,0.666667,17,False,1,1
2858,0xba2f73,0.000000,15,False,1,3
2859,0x97e33,1.000000,12,True,0,0
2860,0xc685aa,0.000000,11,False,1,3
2861,0xf0b36,0.000000,11,False,1,3
2862,0x2672eb,0.666667,13,False,1,1
2863,0x831a8c,0.666667,9,False,1,1
2864,0x3a5e7c,0.333333,14,False,2,2
2865,0x1ddd38,0.666667,13,False,1,1
2866,0x15b0e1,0.333333,10,False,2,2
2867,0x8a155a,0.333333,10,False,2,2
2868,0xd66d8b,0.333333,14,False,2,2
2869,0xa08ec6,0.333333,10,False,2,2
2870,0xdc2cdb,0.333333,14,False,2,2
2871,0x299dcb,0.666667,13,False,1,1
2872,0x6ecf09,0.666667,13,False,1,1
2873,0x151215,1.000000,8,True,0,0
2874,0x8f6789,0.666667,13,False,1,1
2875,0xb2bb34,0.666667,13,False,1,1
2876,0x55f953,0.333333,14,False,2,2
2877,0x7bb843,0.666667,13,False,1,1
2878,0xbf81f0,0.666667,13,False,1,1
2879,0xa7d55,1.000000,12,True,0,0
2880,0xc1c379,1.000000,12,True,0,0
2881,0x10ea13,0.666667,9,False,1,1
2882,0x640ce9,0.333333,10,False,2,2
2883,0x37a8cc,1.000000,12,True,0,0
2884,0xf54142,0.333333,10,False,2,2
2885,0x9e99cf,0.000000,15,False,1,3
2886,0x674c8a,0.000000,11,False,1,3
2887,0x5cce9c,0.666667,13,False,1,1
2888,0x56998a,0.000000,11,False,1,3
2889,0x7a1ad6,0.666667,13,False,1,1
2890,0x70615f,1.000000,12,True,0,0
2891,0xf9847,0.000000,11,False,1,3
2892,0xae0214,1.000000,8,True,0,0
2893,0xdf7f2,0.000000,15,False,1,3
2894,0x222a99,0.666667,9,False,1,1
2895,0x2605ea,0.333333,10,False,2,2
2896,0x6392ef,0.333333,14,False,2,2
2897,0x5e1652,0.000000,11,False,1,3
2898,0x50a1a3,0.666667,9,False,1,1
2899,0x4e2ef3,0.333333,14,False,2,2
2900,0xed1d1d,0.333333,14,False,2,2
2901,0x6688b,0.666667,9,False,1,1
2902,0xb87e57,0.000000,15,False,1,3
2903,0x220a05,0.333333,6,False,2,2
2904,0xb2b1ee,0.333333,14,False,2,2
2905,0x60b97a,1.000000,12,True,0,0
2906,0xcb5f16,0.333333,14,False,2,2
2907,0x7bdafb,0.333333,18,False,2,2
2908,0x374e33,0.666667,13,False,1,1
2909,0x11e3c4,0.333333,10,False,2,2
2910,0xbb4ddf,0.666667,17,False,1,1
2911,0x90b4f2,0.000000,11,False,1,3
2912,0x80471a,1.000000,8,True,0,0
2913,0xbef86c,0.000000,15,False,1,3
2914,0x3d3bfd,0.666667,17,False,1,1
2915,0x17bf87,0.000000,15,False,1,3
2916,0x17573f,0.000000,15,False,1,3
2917,0x1d4c7e,0.666667,13,False,1,1
2918,0x8a1715,0.333333,10,False,2,2
2919,0x2da8f4,1.000000,12,True,0,0
2920,0x361f15,1.000000,12,True,0,0
2921,0xb26eab,0.333333,14,False,2,2
2922,0xb5215c,0.000000,11,False,1,3
2923,0x930a1f,0.000000,11,False,1,3
2924,0x8b7039,0.000000,11,False,1,3
2925,0x91ad9f,0.333333,14,False,2,2
2926,0x65f612,1.000000,12,True,0,0
2927,0x1f095a,0.000000,11,False,1,3
2928,0x1bf1ee,0.000000,15,False,1,3
2929,0xda05f7,0.333333,14,False,2,2
2930,0xdfa9a5,0.000000,15,False,1,3
2931,0x3c20d6,0.333333,10,False,2,2
2932,0x2b393a,1.000000,12,True,0,0
2933,0x214a13,1.000000,8,True,0,0
2934,0x33fa30,1.000000,12,True,0,0
2935,0x78aeb0,1.000000,12,True,0,0
2936,0x5f62,0.666667,9,False,1,1
2937,0x8e278d,1.000000,12,True,0,0
2938,0x664d59,1.000000,12,True,0,0
2939,0x448f34,0.333333,10,False,2,2
2940,0xe0e0b4,0.333333,10,False,2,2
2941,0x2b1bce,0.666667,13,False,1,1
2942,0x6ae81a,0.000000,11,False,1,3
2943,0x21bc7c,1.000000,12,True,0,0
2944,0xcb93d0,1.000000,12,True,0,0
2945,0xa8c206,1.000000,8,True,0,0
2946,0x1ed366,0.666667,13,False,1,1
2947,0xfcaad1,0.333333,14,False,2,2
2948,0xb8d983,1.000000,12,True,0,0
2949,0x5e722d,0.666667,13,False,1,1
2950,0xc8fafa,0.000000,15,False,1,3
2951,0xf4e683,0.666667,13,False,1,1
2952,0x555692,0.000000,11,False,1,3
2953,0xe5752a,0.666667,13,False,1,1
2954,0xb508ed,1.000000,12,True,0,0
2955,0xb463a6,1.000000,12,True,0,0
2956,0x27da04,0.333333,10,False,2,2
2957,0x6bf5f0,0.000000,15,False,1,3
2958,0xa622bd,1.000000,12,True,0,0
2959,0xfed593,1.000000,16,True,0,0
2960,0xd34b0a,0.000000,11,False,1,3
2961,0x7c1014,1.000000,8,True,0,0
2962,0xe26923,0.000000,11,False,1,3
2963,0xd67f87,1.000000,16,True,0,0
2964,0x1d72f5,0.333333,14,False,2,2
2965,0xcd6a0a,0.000000,11,False,1,3
2966,0x84ddfd,0.000000,15,False,1,3
2967,0x51723c,0.000000,11,False,1,3
2968,0x98dca6,1.000000,12,True,0,0
2969,0xc732a2,0.000000,11,False,1,3
2970,0xc1ec84,0.333333,10,False,2,2
2971,0x22a847,0.666667,9,False,1,1
2972,0xaf5531,0.666667,13,False,1,1
2973,0x4b89ce,1.000000,12,True,0,0
2974,0xee4e60,1.000000,12,True,0,0
2975,0x795c8c,1.000000,12,True,0,0
2976,0xec98cd,0.666667,13,False,1,1
2977,0x18a99d,0.000000,11,False,1,3
2978,0x1eb4d7,0.333333,14,False,2,2
2979,0xa0bd81,0.333333,10,False,2,2
2980,0x9d54d2,1.000000,12,True,0,0
2981,0xeba095,1.000000,12,True,0,0
2982,0xf5335e,0.000000,15,False,1,3
2983,0x5a1df5,0.333333,14,False,2,2
2984,0x13670e,0.000000,11,False,1,3
2985,0x1d591e,1.000000,12,True,0,0
2986,0xfc6689,0.666667,13,False,1,1
2987,0xadbdcc,0.000000,15,False,1,3
2988,0xd502b2,0.333333,10,False,2,2
2989,0xfb2bad,1.000000,16,True,0,0
2990,0x3359d0,0.000000,11,False,1,3
2991,0x13c41a,0.666667,9,False,1,1
2992,0xb0ce7b,0.333333,14,False,2,2
2993,0x29c288,1.000000,8,True,0,0
2994,0x15f916,1.000000,12,True,0,0
2995,0x8018bc,1.000000,8,True,0,0
2996,0x4feed3,1.000000,16,True,0,0
2997,0x78fd64,0.333333,14,False,2,2
2998,0x61b876,1.000000,12,True,0,0
2999,0xbf8ccc,0.333333,14,False,2,2
3000,0x115d20,1.000000,8,True,0,0
3001,0x9dd4c3,0.666667,13,False,1,1
3002,0xbaddf,0.000000,15,False,1,3
3003,0xdf04ea,0.666667,13,False,1,1
3004,0x665883,0.333333,10,False,2,2
3005,0xb87cbd,0.000000,15,False,1,3
3006,0x13afc6,0.666667,13,False,1,1
3007,0xde62dd,0.000000,15,False,1,3
3008,0x7e9631,0.666667,13,False,1,1
3009,0x9de307,0.666667,13,False,1,1
3010,0x433c0a,0.666667,9,False,1,1
3011,0x1e71b3,0.666667,13,False,1,1
3012,0x1e7d75,0.000000,15,False,1,3
3013,0xb05488,1.000000,8,True,0,0
3014,0x4f5cde,0.000000,15,False,1,3
3015,0xb5284f,1.000000,12,True,0,0
3016,0x597712,1.000000,12,True,0,0
3017,0xd94382,0.333333,10,False,2,2
3018,0xf22323,0.000000,11,False,1,3
3019,0xfe3f54,1.000000,16,True,0,0
3020,0xec6daf,1.000000,16,True,0,0
3021,0xde38c1,1.000000,12,True,0,0
3022,0x9bb3d1,0.333333,14,False,2,2
3023,0x1a3e9,0.333333,10,False,2,2
3024,0xb4e6a2,1.000000,12,True,0,0
3025,0x3e0bfb,0.000000,15,False,1,3
3026,0xe96354,1.000000,12,True,0,0
3027,0xb90695,0.000000,11,False,1,3
3028,0x2b4eaf,0.333333,14,False,2,2
3029,0xb65fd9,1.000000,16,True,0,0
3030,0xeecdf0,0.000000,15,False,1,3
3031,0x9b186f,0.666667,13,False,1,1
3032,0x4ba446,0.333333,10,False,2,2
3033,0x1a273d,1.000000,12,True,0,0
3034,0x10e800,0.666667,5,False,3,1
3035,0x7bdcd5,1.000000,16,True,0,0
3036,0xa7abcb,0.000000,15,False,1,3
3037,0xe9b50,0.333333,10,False,2,2
3038,0x5fbfb3,0.333333,18,False,2,2
3039,0xe205d3,0.000000,11,False,1,3
3040,0x30ec6,0.666667,9,False,1,1
3041,0x3f89d4,0.666667,13,False,1,1
3042,0xcbe9f,0.333333,14,False,2,2
3043,0x6f0870,0.333333,10,False,2,2
3044,0x2a3f5d,0.333333,14,False,2,2
3045,0xec8f61,0.666667,13,False,1,1
3046,0xb9653c,0.666667,13,False,1,1
3047,0x342b,0.000000,7,False,1,3
3048,0xb335c7,0.333333,14,False,2,2
3049,0x26352b,0.000000,11,False,1,3
3050,0xa3ad57,0.333333,14,False,2,2
3051,0x581b2d,0.000000,11,False,1,3
3052,0xf29a,0.666667,9,False,1,1
3053,0x9f5fed,0.333333,18,False,2,2
3054,0x5f517d,0.000000,15,False,1,3
3055,0x44e9f,0.000000,11,False,1,3
3056,0xef773f,0.000000,19,False,3,3
3057,0x4c5d09,0.333333,10,False,2,2
3058,0xc0697e,1.000000,12,True,0,0
3059,0x76f936,0.000000,15,False,1,3
3060,0xc39076,0.000000,11,False,1,3
3061,0xaae2a6,1.000000,12,True,0,0
3062,0x6c7320,0.333333,10,False,2,2
3063,0xd39cc3,0.666667,13,False,1,1
3064,0xfcd40,0.333333,10,False,2,2
3065,0xcc4885,0.666667,9,False,1,1
3066,0xee0007,0.666667,9,False,1,1
3067,0x240b1e,0.666667,9,False,1,1
3068,0x4f6878,1.000000,12,True,0,0
3069,0x55ece3,0.333333,14,False,2,2
3070,0x260435,1.000000,8,True,0,0
3071,0x1cd89e,1.000000,12,True,0,0
3072,0x6cf0eb,0.333333,14,False,2,2
3073,0x2563e3,1.000000,12,True,0,0
3074,0xb9c42b,1.000000,12,True,0,0
3075,0xe81b7f,0.000000,15,False,1,3
3076,0xb494e4,0.000000,11,False,1,3
3077,0x8b211c,0.666667,9,False,1,1
3078,0xae81df,0.333333,14,False,2,2
3079,0xac24a9,0.333333,10,False,2,2
3080,0x549204,0.000000,7,False,1,3
3081,0x227ead,0.666667,13,False,1,1
3082,0x726c82,0.333333,10,False,2,2
3083,0x198076,0.666667,9,False,1,1
3084,0x68d531,0.000000,11,False,1,3
3085,0xb02220,0.333333,6,False,2,2
3086,0xefa095,0.666667,13,False,1,1
3087,0x961243,0.666667,9,False,1,1
3088,0x9fb4cd,0.000000,15,False,1,3
3089,0xb43aa4,0.000000,11,False,1,3
3090,0x1b6374,1.000000,12,True,0,0
3091,0x48480b,0.000000,7,False,1,3
3092,0x3b4aec,0.666667,13,False,1,1
3093,0xec0be7,0.333333,14,False,2,2
3094,0x662489,0.666667,9,False,1,1
3095,0x28ed0e,0.000000,11,False,1,3
3096,0xbbbd59,1.000000,16,True,0,0
3097,0x3f1e4f,0.000000,15,False,1,3
3098,0xf5a82c,1.000000,12,True,0,0
3099,0xae62f9,0.333333,14,False,2,2
3100,0x723153,0.000000,11,False,1,3
3101,0x4470df,1.000000,12,True,0,0
3102,0x1c68e0,0.666667,9,False,1,1
3103,0xc92e22,0.333333,10,False,2,2
3104,0xbc4ecd,0.333333,14,False,2,2
3105,0x475e95,0.666667,13,False,1,1
3106,0x6fdb9e,0.666667,17,False,1,1
3107,0xf18d1,0.333333,10,False,2,2
3108,0x206a11,0.000000,7,False,1,3
3109,0x1e4ac4,0.333333,10,False,2,2
3110,0xdd5ff7,0.000000,19,False,3,3
3111,0x5719da,0.666667,13,False,1,1
3112,0x93190a,0.666667,9,False,1,1
3113,0xdb955e,0.000000,15,False,1,3
3114,0xd4ff68,0.000000,15,False,1,3
3115,0x9d28d0,0.333333,10,False,2,2
3116,0x7659ef,1.000000,16,True,0,0
3117,0xc8645a,0.333333,10,False,2,2
3118,0xec21b9,1.000000,12,True,0,0
3119,0x7a0ada,1.000000,12,True,0,0
3120,0x408b1c,1.000000,8,True,0,0
3121,0x70d101,1.000000,8,True,0,0
3122,0x7648,0.000000,7,False,1,3
3123,0x136ad0,0.333333,10,False,2,2
3124,0x5b0b18,0.333333,10,False,2,2
3125,0xdfa4eb,1.000000,16,True,0,0
3126,0x8dc09d,0.000000,11,False,1,3
3127,0x71b0d2,0.000000,11,False,1,3
3128,0x59fd73,1.000000,16,True,0,0
3129,0x4bebe7,1.000000,16,True,0,0
3130,0xc2732e,1.000000,12,True,0,0
3131,0x628026,0.000000,7,False,1,3
3132,0xc9d6f6,0.000000,15,False,1,3
3133,0x96d176,0.666667,13,False,1,1
3134,0xa329aa,0.000000,11,False,1,3
3135,0x32c52a,0.333333,10,False,2,2
3136,0x9ba56a,0.666667,13,False,1,1
3137,0xeac50b,1.000000,12,True,0,0
3138,0xc9b7c5,0.333333,14,False,2,2
3139,0xcfea3,0.666667,13,False,1,1
3140,0xd3f1a,1.000000,12,True,0,0
3141,0xc3c263,0.000000,11,False,1,3
3142,0xb40eb2,0.000000,11,False,1,3
3143,0xf3bd08,0.666667,13,False,1,1
3144,0xfb6c40,1.000000,12,True,0,0
3145,0xab624b,1.000000,12,True,0,0
3146,0xf5dd50,0.333333,14,False,2,2
3147,0x12d717,1.000000,12,True,0,0
3148,0xa78cee,0.333333,14,False,2,2
3149,0xbd0230,0.666667,9,False,1,1
3150,0xed296,0.000000,11,False,1,3
3151,0xaae1e,0.000000,11,False,1,3
3152,0x4728f6,1.000000,12,True,0,0
3153,0xb7b757,0.666667,17,False,1,1
3154,0x369782,0.000000,11,False,1,3
3155,0x9c1e08,0.666667,9,False,1,1
3156,0xaa6e4,0.333333,10,False,2,2
3157,0xf90adb,0.333333,14,False,2,2
3158,0x6cbadb,0.000000,15,False,1,3
3159,0xba4dae,0.333333,14,False,2,2
3160,0x87e196,1.000000,12,True,0,0
3161,0xa3e488,0.333333,10,False,2,2
3162,0xc0abc9,0.000000,11,False,1,3
3163,0x170a8,0.000000,7,False,1,3
3164,0x3c7f90,0.666667,13,False,1,1
3165,0x1d98fb,0.333333,14,False,2,2
3166,0xdb7d66,1.000000,16,True,0,0
3167,0xa2b5b8,1.000000,12,True,0,0
3168,0x8fd399,0.333333,14,False,2,2
3169,0x7d2711,1.000000,12,True,0,0
3170,0x756f85,0.333333,14,False,2,2
3171,0x8f2a05,0.333333,10,False,2,2
3172,0xb0f9aa,0.666667,13,False,1,1
3173,0x79babd,1.000000,16,True,0,0
3174,0x6c0feb,0.333333,14,False,2,2
3175,0x779483,1.000000,12,True,0,0
3176,0x9e71c7,0.333333,14,False,2,2
3177,0xbf7b51,1.000000,16,True,0,0
3178,0xe829ff,0.000000,15,False,1,3
3179,0x3e1591,0.000000,11,False,1,3
3180,0x8aa59b,1.000000,12,True,0,0
3181,0x2f7e4a,0.333333,14,False,2,2
3182,0x6aa777,0.000000,15,False,1,3
3183,0xa2b08d,0.333333,10,False,2,2
3184,0x3741a8,0.333333,10,False,2,2
3185,0xbe08eb,0.666667,13,False,1,1
3186,0x4199a1,0.666667,9,False,1,1
3187,0x37d7de,0.666667,17,False,1,1
3188,0x170840,0.333333,6,False,2,2
3189,0x76444f,1.000000,12,True,0,0
3190,0x657bb9,0.000000,15,False,1,3
3191,0x4817e8,0.333333,10,False,2,2
3192,0xdf08f7,0.000000,15,False,1,3
3193,0x2a7800,0.000000,7,False,1,3
3194,0x520c16,1.000000,8,True,0,0
3195,0x32090e,1.000000,8,True,0,0
3196,0xdca5a6,0.666667,13,False,1,1
3197,0x82d362,0.333333,10,False,2,2
3198,0x276309,0.333333,10,False,2,2
3199,0x9da538,1.000000,12,True,0,0
3200,0x6af98a,0.666667,13,False,1,1
3201,0xe229a9,0.000000,11,False,1,3
3202,0xa1ac3,0.666667,9,False,1,1
3203,0x9d6af7,1.000000,16,True,0,0
3204,0xbb3992,0.666667,13,False,1,1
3205,0x24f92c,0.000000,11,False,1,3
3206,0xa67743,0.666667,13,False,1,1
3207,0xcb86df,0.000000,15,False,1,3
3208,0xd2f29a,0.666667,13,False,1,1
3209,0x6b6e8e,0.333333,14,False,2,2
3210,0x8f6926,1.000000,12,True,0,0
3211,0x6cc9dc,0.666667,13,False,1,1
3212,0xb11102,0.000000,7,False,1,3
3213,0xa74bb0,1.000000,12,True,0,0
3214,0x87755,0.000000,11,False,1,3
3215,0xeb4452,0.000000,11,False,1,3
3216,0x4c9956,0.000000,11,False,1,3
3217,0xe7d6b9,1.000000,16,True,0,0
3218,0x6647cd,0.666667,13,False,1,1
3219,0x917526,0.000000,11,False,1,3
3220,0xdac423,0.000000,11,False,1,3
3221,0x9e43a2,0.000000,11,False,1,3
3222,0x85939e,1.000000,12,True,0,0
3223,0xec9df1,0.000000,15,False,1,3
3224,0x5937b8,0.666667,13,False,1,1
3225,0x672793,0.666667,13,False,1,1
3226,0x478810,0.000000,7,False,1,3
3227,0x552a2f,1.000000,12,True,0,0
3228,0xfab00d,1.000000,12,True,0,0
3229,0x2cbfb6,0.000000,15,False,1,3
3230,0x86cdb7,0.333333,14,False,2,2
3231,0x5f5897,0.333333,14,False,2,2
3232,0x1bb4b7,0.333333,14,False,2,2
3233,0xd7c757,1.000000,16,True,0,0
3234,0x71fddf,0.333333,18,False,2,2
3235,0xca830e,0.333333,10,False,2,2
3236,0x9c52d1,0.000000,11,False,1,3
3237,0xea0ef0,1.000000,12,True,0,0
3238,0xf5a8e8,0.666667,13,False,1,1
3239,0x77fcd0,0.000000,15,False,1,3
3240,0x4f61a3,1.000000,12,True,0,0
3241,0xc69b4f,0.333333,14,False,2,2
3242,0xe7013a,0.000000,11,False,1,3
3243,0xd37be8,0.000000,15,False,1,3
3244,0x7cfd32,0.000000,15,False,1,3
3245,0xaac24,1.000000,8,True,0,0
3246,0xc00fcf,1.000000,12,True,0,0
3247,0x69f77a,1.000000,16,True,0,0
3248,0x1b5ca3,1.000000,12,True,0,0
3249,0x304bbb,1.000000,12,True,0,0
3250,0x434c0f,0.333333,10,False,2,2
3251,0x6880bc,0.666667,9,False,1,1
3252,0x675960,0.000000,11,False,1,3
3253,0x842aba,0.333333,10,False,2,2
3254,0xa9720c,0.333333,10,False,2,2
3255,0xab6df0,0.333333,14,False,2,2
3256,0xa442df,1.000000,12,True,0,0
3257,0x45c8ca,0.333333,10,False,2,2
3258,0xa3a227,0.000000,11,False,1,3
3259,0xb87f50,0.666667,13,False,1,1
3260,0x4198d4,0.666667,9,False,1,1
3261,0xeebe9f,0.333333,18,False,2,2
3262,0x3c4cb9,1.000000,12,True,0,0
3263,0x534744,0.333333,10,False,2,2
3264,0xd84d62,0.000000,11,False,1,3
3265,0x12b18d,0.333333,10,False,2,2
3266,0x9b69be,0.000000,15,False,1,3
3267,0xf56ebb,0.666667,17,False,1,1
3268,0x55d2f9,0.333333,14,False,2,2
3269,0xfc8c82,0.000000,11,False,1,3
3270,0x635c0d,0.000000,11,False,1,3
3271,0xc6ec9f,0.000000,15,False,1,3
3272,0xe02564,0.666667,9,False,1,1
3273,0x9a979f,0.000000,15,False,1,3
3274,0x19170d,0.333333,10,False,2,2
3275,0x5215eb,1.000000,12,True,0,0
3276,0xa7c7d7,1.000000,16,True,0,0
3277,0x62f774,0.333333,14,False,2,2
3278,0x866f7b,0.000000,15,False,1,3
3279,0xf4ef1f,0.666667,17,False,1,1
3280,0xa5b0fa,0.666667,13,False,1,1
3281,0x6fadd9,1.000000,16,True,0,0
3282,0xc969f5,0.333333,14,False,2,2
3283,0x7844f2,0.000000,11,False,1,3
3284,0xbb4cc2,1.000000,12,True,0,0
3285,0x8ff953,0.000000,15,False,1,3
3286,0x2d982a,0.333333,10,False,2,2
3287,0x858d84,0.666667,9,False,1,1
3288,0x8bc39a,1.000000,12,True,0,0
3289,0x434cc2,0.666667,9,False,1,1
3290,0x1e4929,0.333333,10,False,2,2
3291,0x1768e9,1.000000,12,True,0,0
3292,0xecbcf6,1.000000,16,True,0,0
3293,0x597afa,0.000000,15,False,1,3
3294,0xb063da,1.000000,12,True,0,0
3295,0x890759,0.333333,10,False,2,2
3296,0x843d00,0.000000,7,False,1,3
3297,0x473a56,1.000000,12,True,0,0
3298,0xf32847,1.000000,12,True,0,0
3299,0x57393a,0.666667,13,False,1,1
3300,0xe75358,0.666667,13,False,1,1
3301,0xde819f,0.333333,14,False,2,2
3302,0x878cbe,0.666667,13,False,1,1
3303,0x71295f,0.666667,13,False,1,1
3304,0x1f56b5,0.333333,14,False,2,2
3305,0xfb695d,1.000000,16,True,0,0
3306,0x74e763,0.333333,14,False,2,2
3307,0x7f67eb,0.333333,18,False,2,2
3308,0x85e3f0,1.000000,12,True,0,0
3309,0x47fbc,0.666667,13,False,1,1
3310,0x6f619b,0.333333,14,False,2,2
3311,0x57894b,1.000000,12,True,0,0
3312,0xc14c70,0.666667,9,False,1,1
3313,0xbc1e12,0.000000,11,False,1,3
3314,0xb9814b,0.000000,11,False,1,3
3315,0xe37874,0.666667,13,False,1,1
3316,0x452474,0.666667,9,False,1,1
3317,0xa13756,1.000000,12,True,0,0
3318,0xf9aefa,0.666667,17,False,1,1
3319,0x793eb8,0.333333,14,False,2,2
3320,0x10f580,1.000000,8,True,0,0
3321,0x766bad,0.000000,15,False,1,3
3322,0xdee18f,0.000000,15,False,1,3
3323,0xeae868,1.000000,12,True,0,0
3324,0x2a121b,0.666667,9,False,1,1
3325,0xd5c6ab,0.333333,14,False,2,2
3326,0x3a1893,0.333333,10,False,2,2
3327,0xdcc765,0.333333,14,False,2,2
3328,0xc6efeb,0.666667,17,False,1,1
3329,0x1b3334,0.000000,11,False,1,3
3330,0x70477f,0.333333,14,False,2,2
3331,0xd8509a,0.333333,10,False,2,2
3332,0x28815d,0.666667,9,False,1,1
3333,0x6b66b9,0.333333,14,False,2,2
3334,0x1facc5,0.666667,13,False,1,1
3335,0xac4541,0.666667,9,False,1,1
3336,0x42c853,0.666667,9,False,1,1
3337,0xcf9d4,1.000000,12,True,0,0
3338,0xf9f922,0.333333,14,False,2,2
3339,0x2cf078,0.000000,11,False,1,3
3340,0xe7ef4b,0.666667,17,False,1,1
3341,0x604f4,1.000000,8,True,0,0
3342,0xb6bd77,0.666667,17,False,1,1
3343,0xa4b10c,0.666667,9,False,1,1
3344,0x965dd4,0.666667,13,False,1,1
3345,0x25ecdd,0.333333,14,False,2,2
3346,0x3fda52,0.333333,14,False,2,2
3347,0x4d2063,0.666667,9,False,1,1
3348,0x27ba6a,0.666667,13,False,1,1
3349,0xf3939d,0.000000,15,False,1,3
3350,0x3f21b,0.000000,11,False,1,3
3351,0x7a7577,1.000000,16,True,0,0
3352,0x1ce7a3,0.666667,13,False,1,1
3353,0x62989e,0.000000,11,False,1,3
3354,0x3cb5a3,0.666667,13,False,1,1
3355,0xb17b56,0.333333,14,False,2,2
3356,0xf17326,0.666667,13,False,1,1
3357,0x5d86c,0.333333,10,False,2,2
3358,0xcd60c9,0.000000,11,False,1,3
3359,0xf57472,0.333333,14,False,2,2
3360,0xe92cbc,0.666667,13,False,1,1
3361,0xbc11ac,0.000000,11,False,1,3
3362,0x1dc55d,0.666667,13,False,1,1
3363,0x85cb7b,0.333333,14,False,2,2
3364,0x603ce8,0.333333,10,False,2,2
3365,0xef1077,0.333333,14,False,2,2
3366,0x355a95,1.000000,12,True,0,0
3367,0xe1da05,0.000000,11,False,1,3
3368,0x55e64f,0.333333,14,False,2,2
3369,0x389832,0.666667,9,False,1,1
3370,0x4c069b,0.333333,10,False,2,2
3371,0xadd395,0.333333,14,False,2,2
3372,0x99acb,0.000000,11,False,1,3
3373,0xa63890,0.666667,9,False,1,1
3374,0x44048d,0.000000,7,False,1,3
3375,0xa56137,1.000000,12,True,0,0
3376,0xc03cc1,0.666667,9,False,1,1
3377,0x3b20fd,0.666667,13,False,1,1
3378,0x9dedea,1.000000,16,True,0,0
3379,0x3e88a3,0.000000,11,False,1,3
3380,0x9b4c15,0.000000,11,False,1,3
3381,0x30aede,0.666667,13,False,1,1
3382,0x50683b,0.333333,10,False,2,2
3383,0xc02db,0.666667,9,False,1,1
3384,0x429475,0.333333,10,False,2,2
3385,0xd5e517,0.333333,14,False,2,2
3386,0xc76791,0.666667,13,False,1,1
3387,0x9746ec,0.666667,13,False,1,1
3388,0x80b9e5,0.000000,11,False,1,3
3389,0x10838f,0.666667,9,False,1,1
3390,0x445465,0.666667,9,False,1,1
3391,0x5d7d40,1.000000,12,True,0,0
3392,0xf3b9da,1.000000,16,True,0,0
3393,0xfae2bb,1.000000,16,True,0,0
3394,0xfcf271,0.000000,15,False,1,3
3395,0x99c57c,0.666667,13,False,1,1
3396,0xf024f0,0.333333,10,False,2,2
3397,0x11d5f8,1.000000,12,True,0,0
3398,0x5f3c1f,0.000000,15,False,1,3
3399,0xf305b9,0.666667,13,False,1,1
3400,0x58de62,1.000000,12,True,0,0
3401,0xdc2fc0,1.000000,12,True,0,0
3402,0x159ad8,0.000000,11,False,1,3
3403,0x696712,0.000000,11,False,1,3
3404,0x22d41b,0.333333,10,False,2,2
3405,0xefa68d,0.000000,15,False,1,3
3406,0x16bb16,1.000000,12,True,0,0
3407,0xf4691a,1.000000,12,True,0,0
3408,0xb43972,1.000000,12,True,0,0
3409,0xcb7391,0.666667,13,False,1,1
3410,0xfeccb2,0.000000,15,False,1,3
3411,0xbf9377,0.666667,17,False,1,1
3412,0x5b726b,0.333333,14,False,2,2
3413,0xf25c4c,1.000000,12,True,0,0
3414,0x9224af,0.000000,11,False,1,3
3415,0xc46c65,0.000000,11,False,1,3
3416,0xddbc56,0.000000,15,False,1,3
3417,0x301801,0.666667,5,False,3,1
3418,0x5375de,0.000000,15,False,1,3
3419,0x5bb7eb,0.666667,17,False,1,1
3420,0x4cac46,0.333333,10,False,2,2
3421,0xaf50df,0.000000,15,False,1,3
3422,0x5c413e,0.000000,11,False,1,3
3423,0x779691,0.666667,13,False,1,1
3424,0x433686,0.333333,10,False,2,2
3425,0xcc2269,0.333333,10,False,2,2
3426,0x7fa3a6,0.000000,15,False,1,3
3427,0xc25ec0,0.333333,10,False,2,2
3428,0x9b7cb4,0.333333,14,False,2,2
3429,0x149e7b,0.666667,13,False,1,1
3430,0xe3e0c7,0.666667,13,False,1,1
3431,0x5b6794,0.666667,13,False,1,1
3432,0x471c90,0.666667,9,False,1,1
3433,0x92948f,0.000000,11,False,1,3
3434,0x43a00f,0.666667,9,False,1,1
3435,0x860ba8,0.666667,9,False,1,1
3436,0x346b3,0.333333,10,False,2,2
3437,0x793334,1.000000,12,True,0,0
3438,0x40f268,0.666667,9,False,1,1
3439,0x2ded23,0.666667,13,False,1,1
3440,0x420193,0.000000,7,False,1,3
3441,0x4c48c0,0.000000,7,False,1,3
3442,0xaaf522,1.000000,12,True,0,0
3443,0xaabdf6,1.000000,16,True,0,0
3444,0xcb24ee,0.666667,13,False,1,1
3445,0x2d25cc,0.000000,11,False,1,3
3446,0xefaef0,1.000000,16,True,0,0
3447,0xd44a2c,0.333333,10,False,2,2
3448,0xd8bfc6,0.000000,15,False,1,3
3449,0xdf4a38,0.666667,13,False,1,1
3450,0x8b0cec,0.000000,11,False,1,3
3451,0x56460,0.000000,7,False,1,3
3452,0x162b6c,0.000000,11,False,1,3
3453,0x5b2d37,0.333333,14,False,2,2
3454,0x10941d,1.000000,8,True,0,0
3455,0x163d17,1.000000,12,True,0,0
3456,0x2a2e43,0.333333,10,False,2,2
3457,0x5d8f08,0.000000,11,False,1,3
3458,0x7d4af3,0.000000,15,False,1,3
3459,0xa18194,1.000000,8,True,0,0
3460,0x84f1bb,0.666667,13,False,1,1
3461,0xa72180,1.000000,8,True,0,0
3462,0x177f34,0.333333,14,False,2,2
3463,0xcd5a08,0.333333,10,False,2,2
3464,0xfe1694,0.666667,13,False,1,1
3465,0x9ee434,1.000000,12,True,0,0
3466,0xcf5108,0.333333,10,False,2,2
3467,0x2c8771,0.000000,11,False,1,3
3468,0x48c76b,1.000000,12,True,0,0
3469,0xcf5903,1.000000,12,True,0,0
3470,0x91ee16,1.000000,12,True,0,0
3471,0x791f8b,0.333333,14,False,2,2
3472,0xf27bc5,0.000000,15,False,1,3
3473,0xda37cf,1.000000,16,True,0,0
3474,0x1a145c,0.666667,9,False,1,1
3475,0xfe7461,0.333333,14,False,2,2
3476,0x516436,0.333333,10,False,2,2
3477,0x50c713,0.333333,10,False,2,2
3478,0xb44acf,0.666667,13,False,1,1
3479,0xd7335a,0.333333,14,False,2,2
3480,0xb08664,0.666667,9,False,1,1
3481,0x59ffef,0.000000,19,False,3,3
3482,0x25af46,1.000000,12,True,0,0
3483,0x54d91,0.666667,9,False,1,1
3484,0x6485b4,0.333333,10,False,2,2
3485,0xb7ee71,1.000000,16,True,0,0
3486,0x8a37f9,0.333333,14,False,2,2
3487,0xeea95e,0.000000,15,False,1,3
3488,0x1e44fd,0.666667,13,False,1,1
3489,0xc79e1e,0.333333,14,False,2,2
3490,0x496d18,0.333333,10,False,2,2
3491,0xe0913,1.000000,8,True,0,0
3492,0x67b93a,0.333333,14,False,2,2
3493,0x33f84d,0.666667,13,False,1,1
3494,0xe3949d,0.666667,13,False,1,1
3495,0x22323,0.000000,7,False,1,3
3496,0xd39758,0.666667,13,False,1,1
3497,0xd6d778,0.000000,15,False,1,3
3498,0xb02894,1.000000,8,True,0,0
3499,0x9cb671,0.666667,13,False,1,1
3500,0x94cf86,1.000000,12,True,0,0
3501,0x4921d8,0.666667,9,False,1,1
3502,0xc40cb1,0.666667,9,False,1,1
3503,0xbd7cbc,1.000000,16,True,0,0
3504,0x2465c8,0.666667,9,False,1,1
3505,0x65280c,1.000000,8,True,0,0
3506,0x31f620,0.333333,10,False,2,2
3507,0x8477d7,0.333333,14,False,2,2
3508,0x226e8c,0.333333,10,False,2,2
3509,0x455433,0.333333,10,False,2,2
3510,0xe6efa6,1.000000,16,True,0,0
3511,0xb4eb9a,0.333333,14,False,2,2
3512,0xefbdac,0.666667,17,False,1,1
3513,0xfd5da2,0.000000,15,False,1,3
3514,0x9e364d,0.666667,13,False,1,1
3515,0xe719b4,0.666667,13,False,1,1
3516,0x10c689,1.000000,8,True,0,0
3517,0x241cc5,0.666667,9,False,1,1
3518,0xbbff79,0.000000,19,False,3,3
3519,0x1c724,1.000000,8,True,0,0
3520,0xe2863b,1.000000,12,True,0,0
3521,0x3d2112,0.666667,9,False,1,1
3522,0xb04046,0.000000,7,False,1,3
3523,0xffac61,0.000000,15,False,1,3
3524,0x732e8d,0.666667,13,False,1,1
3525,0xc9752e,0.666667,13,False,1,1
3526,0x2a3f2a,1.000000,12,True,0,0
3527,0x3385c6,0.000000,11,False,1,3
3528,0xf7f1a8,0.000000,15,False,1,3
3529,0x715cd,0.000000,11,False,1,3
3530,0xdac289,0.000000,11,False,1,3
3531,0x619367,1.000000,12,True,0,0
3532,0x8bc727,0.666667,13,False,1,1
3533,0xca3673,0.666667,13,False,1,1
3534,0x8665ed,0.666667,13,False,1,1
3535,0xe31ab9,0.666667,13,False,1,1
3536,0x817ba8,0.000000,11,False,1,3
3537,0xfb3bf1,0.666667,17,False,1,1
3538,0xed3399,0.333333,14,False,2,2
3539,0xa713cf,0.333333,14,False,2,2
3540,0xd61a63,1.000000,12,True,0,0
3541,0xa0b798,0.000000,11,False,1,3
3542,0xfc7f77,0.000000,19,False,3,3
3543,0xa2f8c1,0.000000,11,False,1,3
3544,0x7d175,1.000000,12,True,0,0
3545,0x91f793,0.333333,14,False,2,2
3546,0xd242ee,1.000000,12,True,0,0
3547,0x9635d8,1.000000,12,True,0,0
3548,0x9fb990,0.666667,13,False,1,1
3549,0xaa9a2b,1.000000,12,True,0,0
3550,0x9eb051,0.000000,11,False,1,3
3551,0x682991,0.666667,9,False,1,1
3552,0x80cf9,0.666667,9,False,1,1
3553,0x1437ac,0.000000,11,False,1,3
3554,0xa70c8a,0.333333,10,False,2,2
3555,0x8bef80,1.000000,12,True,0,0
3556,0x53ac87,1.000000,12,True,0,0
3557,0xbff0,0.000000,11,False,1,3
3558,0x2755dc,0.666667,13,False,1,1
3559,0x28a2ff,0.666667,13,False,1,1
3560,0x2e5af8,0.666667,13,False,1,1
3561,0x7fac88,0.666667,13,False,1,1
3562,0xabbe06,0.666667,13,False,1,1
3563,0x456f7d,0.000000,15,False,1,3
3564,0x378f8f,0.000000,15,False,1,3
3565,0xb42731,0.000000,11,False,1,3
3566,0x85a62d,0.000000,11,False,1,3
3567,0x65b2e6,0.666667,13,False,1,1
3568,0x63c36a,1.000000,12,True,0,0
3569,0xe72bf2,0.000000,15,False,1,3
3570,0x96bedb,1.000000,16,True,0,0
3571,0xcd2d05,0.000000,11,False,1,3
3572,0xe7c444,0.000000,11,False,1,3
3573,0xd923c1,0.000000,11,False,1,3
3574,0x342711,0.666667,9,False,1,1
3575,0x949d3f,0.333333,14,False,2,2
3576,0x218e13,0.666667,9,False,1,1
3577,0xe44c81,0.666667,9,False,1,1
3578,0xbc5118,0.333333,10,False,2,2
3579,0xb1a380,0.666667,9,False,1,1
3580,0xbe638e,0.333333,14,False,2,2
3581,0x17ca3a,1.000000,12,True,0,0
3582,0x95d70e,0.666667,13,False,1,1
3583,0x608e59,0.333333,10,False,2,2
3584,0x2d47f,1.000000,12,True,0,0
3585,0x175859,0.000000,11,False,1,3
3586,0xe8d3b7,0.000000,15,False,1,3
3587,0x7e4179,0.666667,13,False,1,1
3588,0xd25308,0.666667,9,False,1,1
3589,0x70e8e0,0.333333,10,False,2,2
3590,0x6199fb,0.333333,14,False,2,2
3591,0x660efc,0.666667,13,False,1,1
3592,0x3d4fe3,0.000000,15,False,1,3
3593,0xf3e97e,0.666667,17,False,1,1
3594,0x143f95,1.000000,12,True,0,0
3595,0x2fc14a,0.000000,11,False,1,3
3596,0xe5ae29,0.666667,13,False,1,1
3597,0xa1f39f,0.000000,15,False,1,3
3598,0x881b0d,0.666667,9,False,1,1
3599,0x47bc9b,0.333333,14,False,2,2
3600,0x3975b2,0.666667,13,False,1,1
3601,0xbc0d4,0.666667,9,False,1,1
3602,0xd672af,0.000000,15,False,1,3
3603,0x364880,0.000000,7,False,1,3
3604,0x8672fc,0.666667,13,False,1,1
3605,0x33ac67,0.666667,13,False,1,1
3606,0x300deb,0.000000,11,False,1,3
3607,0x5a80d4,0.666667,9,False,1,1
3608,0xd99007,0.333333,10,False,2,2
3609,0x23aaba,1.000000,12,True,0,0
3610,0x8e317d,0.666667,13,False,1,1
3611,0x17dacb,0.333333,14,False,2,2
3612,0xb8d5f,0.666667,13,False,1,1
3613,0xa2e447,0.000000,11,False,1,3
3614,0x4fd386,0.666667,13,False,1,1
3615,0x848ab0,1.000000,8,True,0,0
3616,0xfc3bd2,0.000000,15,False,1,3
3617,0x8a9057,0.333333,10,False,2,2
3618,0xb302a1,0.666667,9,False,1,1
3619,0xab6a40,0.333333,10,False,2,2
3620,0x263922,0.666667,9,False,1,1
3621,0x9a895c,0.000000,11,False,1,3
3622,0xdef335,1.000000,16,True,0,0
3623,0xef1cbb,1.000000,16,True,0,0
3624,0x69ab64,1.000000,12,True,0,0
3625,0xa89450,1.000000,8,True,0,0
3626,0x2ed0ef,0.333333,14,False,2,2
3627,0xae4008,0.000000,7,False,1,3
3628,0xf36e96,0.000000,15,False,1,3
3629,0xb12bc2,0.000000,11,False,1,3
3630,0x11b0d6,0.333333,10,False,2,2
3631,0x47479c,1.000000,12,True,0,0
3632,0xe7fb9e,0.333333,18,False,2,2
3633,0xae74e9,0.333333,14,False,2,2
3634,0xcfeea0,0.333333,14,False,2,2
3635,0xa682ed,1.000000,12,True,0,0
3636,0xebe663,0.000000,15,False,1,3
3637,0x40ec3c,0.333333,10,False,2,2
3638,0x7bcb0a,0.666667,13,False,1,1
3639,0x7acc5,0.000000,11,False,1,3
3640,0x18feab,0.333333,14,False,2,2
3641,0x38c2d9,0.000000,11,False,1,3
3642,0xb65de4,0.333333,14,False,2,2
3643,0x8bb3a1,1.000000,12,True,0,0
3644,0x37e6f3,1.000000,16,True,0,0
3645,0xcf5612,1.000000,12,True,0,0
3646,0x3ac3d6,0.666667,13,False,1,1
3647,0x6d13d6,0.666667,13,False,1,1
3648,0xfa5537,0.000000,15,False,1,3
3649,0x77eeef,0.000000,19,False,3,3
3650,0x384419,1.000000,8,True,0,0
3651,0xd59205,0.333333,10,False,2,2
3652,0xfbe903,0.333333,14,False,2,2
3653,0x80701a,0.000000,7,False,1,3
3654,0xc97aaf,0.000000,15,False,1,3
3655,0xda14e1,0.000000,11,False,1,3
3656,0x1bd29e,0.666667,13,False,1,1
3657,0x3a59a9,1.000000,12,True,0,0
3658,0x75d813,1.000000,12,True,0,0
3659,0x6c9e0b,1.000000,12,True,0,0
3660,0xa9de4,0.000000,11,False,1,3
3661,0x21a098,0.000000,7,False,1,3
3662,0x18c39,1.000000,8,True,0,0
3663,0xbddfd0,1.000000,16,True,0,0
3664,0x91589e,0.000000,11,False,1,3
3665,0x643c6d,1.000000,12,True,0,0
3666,0x8c66aa,0.000000,11,False,1,3
3667,0xa7c371,0.666667,13,False,1,1
3668,0x61bd6,0.000000,11,False,1,3
3669,0x8c6734,0.000000,11,False,1,3
3670,0x35e536,0.666667,13,False,1,1
3671,0xb40222,0.000000,7,False,1,3
3672,0xeffc59,0.666667,17,False,1,1
3673,0xd061cc,0.333333,10,False,2,2
3674,0x9488ac,0.666667,9,False,1,1
3675,0x15970d,0.000000,11,False,1,3
3676,0x4a9af3,0.666667,13,False,1,1
3677,0x683485,0.666667,9,False,1,1
3678,0xb8beea,0.000000,15,False,1,3
3679,0xd155bb,0.333333,14,False,2,2
3680,0x314d39,0.000000,11,False,1,3
3681,0x36234e,0.000000,11,False,1,3
3682,0x97a5fd,1.000000,16,True,0,0
3683,0x9bba10,0.000000,11,False,1,3
3684,0x434b55,0.000000,11,False,1,3
3685,0xbcb239,0.666667,13,False,1,1
3686,0x12ad6e,1.000000,12,True,0,0
3687,0xf52dbe,1.000000,16,True,0,0
3688,0xf34a46,1.000000,12,True,0,0
3689,0x3cf16c,0.666667,13,False,1,1
3690,0x422f21,0.666667,9,False,1,1
3691,0xbdee27,1.000000,16,True,0,0
3692,0xf89e94,0.666667,13,False,1,1
3693,0xdac465,1.000000,12,True,0,0
3694,0xf8ab8d,0.333333,14,False,2,2
3695,0x8f1dab,0.333333,14,False,2,2
3696,0x7f6f36,0.666667,17,False,1,1
3697,0x598a9b,1.000000,12,True,0,0
3698,0x2cdc56,1.000000,12,True,0,0
3699,0x9f9f3d,0.666667,17,False,1,1
3700,0x3e8caa,1.000000,12,True,0,0
3701,0x4b518c,0.333333,10,False,2,2
3702,0x440315,0.000000,7,False,1,3
3703,0x8070e0,0.000000,7,False,1,3
3704,0x4191a8,1.000000,8,True,0,0
3705,0xb374f2,0.333333,14,False,2,2
3706,0x70ee0d,1.000000,12,True,0,0
3707,0x547245,0.333333,10,False,2,2
3708,0x4c2695,0.333333,10,False,2,2
3709,0x249f4,0.666667,9,False,1,1
3710,0xf8fdd0,0.000000,15,False,1,3
3711,0x8433,0.333333,6,False,2,2
3712,0x89097e,0.000000,11,False,1,3
3713,0xf46812,0.333333,10,False,2,2
3714,0xd7746c,0.333333,14,False,2,2
3715,0x83db7,1.000000,12,True,0,0
3716,0x594b09,0.333333,10,False,2,2
3717,0xbb4c7,1.000000,12,True,0,0
3718,0x7f7882,0.666667,13,False,1,1
3719,0xd198e6,1.000000,12,True,0,0
3720,0xf23864,0.000000,11,False,1,3
3721,0xda1e80,0.333333,10,False,2,2
3722,0xa6e472,1.000000,12,True,0,0
3723,0xddf116,0.333333,14,False,2,2
3724,0x11155,0.000000,7,False,1,3
3725,0x517b3c,0.666667,13,False,1,1
3726,0x50a167,0.333333,10,False,2,2
3727,0xc7abbd,1.000000,16,True,0,0
3728,0xe937ec,0.000000,15,False,1,3
3729,0x1cd686,0.000000,11,False,1,3
3730,0xd4e422,0.333333,10,False,2,2
3731,0x510b4b,0.333333,10,False,2,2
3732,0x805578,0.666667,9,False,1,1
3733,0x63cad4,1.000000,12,True,0,0
3734,0x6a3d89,1.000000,12,True,0,0
3735,0xf8d752,0.333333,14,False,2,2
3736,0x3185ac,0.333333,10,False,2,2
3737,0x969ce8,1.000000,12,True,0,0
3738,0x258c7a,0.000000,11,False,1,3
3739,0xa6e9ff,0.666667,17,False,1,1
3740,0xb64cec,0.666667,13,False,1,1
3741,0xba3225,0.000000,11,False,1,3
3742,0x806a61,1.000000,8,True,0,0
3743,0x429af4,0.000000,11,False,1,3
3744,0xe6a896,1.000000,12,True,0,0
3745,0x1ce781,0.000000,11,False,1,3
3746,0x8c1e62,0.333333,10,False,2,2
3747,0x9fcca9,0.333333,14,False,2,2
3748,0x88eb57,0.666667,13,False,1,1
3749,0xb7d2f5,1.000000,16,True,0,0
3750,0x8525f,0.333333,10,False,2,2
3751,0xe81861,0.666667,9,False,1,1
3752,0x7e4369,0.666667,13,False,1,1
3753,0x740896,0.666667,9,False,1,1
3754,0x5f52a7,0.333333,14,False,2,2
3755,0x1fca96,0.666667,13,False,1,1
3756,0xd0783,0.666667,9,False,1,1
3757,0x84331e,0.333333,10,False,2,2
3758,0xa5d723,0.666667,13,False,1,1
3759,0xe5f0c7,0.333333,14,False,2,2
3760,0xa955c2,0.000000,11,False,1,3
3761,0x4869d6,0.000000,11,False,1,3
3762,0x3e5af3,0.000000,15,False,1,3
3763,0x602874,1.000000,8,True,0,0
3764,0x7270e3,1.000000,12,True,0,0
3765,0xc2f642,0.000000,11,False,1,3
3766,0xec0e7,0.000000,11,False,1,3
3767,0x6db12c,1.000000,12,True,0,0
3768,0x2e74ca,1.000000,12,True,0,0
3769,0x606899,0.666667,9,False,1,1
3770,0x87da04,0.333333,10,False,2,2
3771,0xb8c991,0.000000,11,False,1,3
3772,0x5db829,1.000000,12,True,0,0
3773,0x5f233,0.000000,11,False,1,3
3774,0x70635d,1.000000,12,True,0,0
3775,0x1c9c1d,0.000000,11,False,1,3
3776,0xfe1787,0.000000,15,False,1,3
3777,0xb1a34e,1.000000,12,True,0,0
3778,0xd6a911,0.000000,11,False,1,3
3779,0xb0aa9b,1.000000,12,True,0,0
3780,0xadd102,0.333333,10,False,2,2
3781,0x6e0dbe,0.333333,14,False,2,2
3782,0x186460,0.000000,7,False,1,3
3783,0xb647f2,0.333333,14,False,2,2
3784,0xb786e2,0.666667,13,False,1,1
3785,0xfeee56,0.666667,17,False,1,1
3786,0xf15799,0.333333,14,False,2,2
3787,0xbcbe8b,0.000000,15,False,1,3
3788,0x4225fc,0.000000,11,False,1,3
3789,0x17299c,0.000000,11,False,1,3
3790,0xbc9788,1.000000,12,True,0,0
3791,0x6c6afa,0.333333,14,False,2,2
3792,0xcff3aa,1.000000,16,True,0,0
3793,0x1d24a7,0.000000,11,False,1,3
3794,0xa7e1e,1.000000,12,True,0,0
3795,0x617613,0.000000,11,False,1,3
3796,0xaea46a,1.000000,12,True,0,0
3797,0x9e6adf,1.000000,16,True,0,0
3798,0x6a3f24,1.000000,12,True,0,0
3799,0xfa4a4f,0.333333,14,False,2,2
3800,0x81622f,0.333333,10,False,2,2
3801,0xab6f12,0.666667,13,False,1,1
3802,0x7c202d,0.333333,10,False,2,2
3803,0x95275a,1.000000,12,True,0,0
3804,0x7b7e98,0.000000,15,False,1,3
3805,0x84ccb6,0.000000,11,False,1,3
3806,0x10d86e,0.333333,10,False,2,2
3807,0x2e823d,0.000000,11,False,1,3
3808,0x3f278f,0.000000,15,False,1,3
3809,0x25d6e,0.000000,11,False,1,3
3810,0x8e8f10,0.333333,10,False,2,2
3811,0x9d229c,0.000000,11,False,1,3
3812,0xf4f991,0.333333,14,False,2,2
3813,0x7d3678,0.333333,14,False,2,2
3814,0x62bfad,0.000000,15,False,1,3
3815,0xfb124f,0.333333,14,False,2,2
3816,0xa74b9b,0.333333,14,False,2,2
3817,0x494a7f,0.666667,13,False,1,1
3818,0xa0b0b5,0.333333,10,False,2,2
3819,0x6e6893,1.000000,12,True,0,0
3820,0x31603a,0.666667,9,False,1,1
3821,0xa93f61,0.666667,13,False,1,1
3822,0x2611a9,0.666667,9,False,1,1
3823,0x69ed98,0.666667,13,False,1,1
3824,0x639e3e,0.333333,14,False,2,2
3825,0x6241b5,0.333333,10,False,2,2
3826,0x691356,0.000000,11,False,1,3
3827,0x8bf5ee,1.000000,16,True,0,0
3828,0xfb44bb,0.000000,15,False,1,3
3829,0x2b6a14,0.333333,10,False,2,2
3830,0xf88dd5,0.333333,14,False,2,2
3831,0x17fa8d,0.333333,14,False,2,2
3832,0x620343,1.000000,8,True,0,0
3833,0x35d292,0.000000,11,False,1,3
3834,0x9cc391,0.000000,11,False,1,3
3835,0x167fb1,0.333333,14,False,2,2
3836,0x6980de,0.000000,11,False,1,3
3837,0x91c6bb,0.666667,13,False,1,1
3838,0xa3733,0.000000,11,False,1,3
3839,0xe1033e,0.000000,11,False,1,3
3840,0x8ad023,0.666667,9,False,1,1
3841,0x19c20,0.333333,6,False,2,2
3842,0xc2fa0a,0.000000,11,False,1,3
3843,0x507ab6,1.000000,12,True,0,0
3844,0x56accd,0.666667,13,False,1,1
3845,0x5b9c9,0.000000,11,False,1,3
3846,0x3b6a48,0.000000,11,False,1,3
3847,0xa03aff,0.333333,14,False,2,2
3848,0xe1c8d0,0.333333,10,False,2,2
3849,0xeb834f,0.333333,14,False,2,2
3850,0xc2c915,0.333333,10,False,2,2
3851,0x886e27,0.000000,11,False,1,3
3852,0xf05713,1.000000,12,True,0,0
3853,0x80ac48,0.000000,7,False,1,3
3854,0x4d2ba6,1.000000,12,True,0,0
3855,0x212de9,0.000000,11,False,1,3
3856,0x14b4e4,0.333333,10,False,2,2
3857,0x6284b4,0.666667,9,False,1,1
3858,0xaa6f6c,0.333333,14,False,2,2
3859,0xda4c56,1.000000,12,True,0,0
3860,0xf3687c,0.333333,14,False,2,2
3861,0x332ac3,0.000000,11,False,1,3
3862,0x2e029a,0.666667,9,False,1,1
3863,0xd812db,1.000000,12,True,0,0
3864,0xa8a6dc,1.000000,12,True,0,0
3865,0xcdd636,0.333333,14,False,2,2
3866,0x328237,0.333333,10,False,2,2
3867,0xd1664e,1.000000,12,True,0,0
3868,0xf45d0e,0.666667,13,False,1,1
3869,0x47026b,0.333333,10,False,2,2
3870,0xd37266,0.666667,13,False,1,1
3871,0x41a833,0.666667,9,False,1,1
3872,0xa09a02,0.000000,7,False,1,3
3873,0x1c5be3,0.666667,13,False,1,1
3874,0x2ac13f,1.000000,12,True,0,0
3875,0x5807,0.333333,6,False,2,2
3876,0xb13d,0.666667,9,False,1,1
3877,0x9e4074,0.333333,10,False,2,2
3878,0xa4cd5f,0.333333,14,False,2,2
3879,0xcda317,0.666667,13,False,1,1
3880,0x5811ba,0.333333,10,False,2,2
3881,0x5dde3b,1.000000,16,True,0,0
3882,0x4e8522,0.666667,9,False,1,1
3883,0x1853eb,1.000000,12,True,0,0
3884,0xc41ba9,0.000000,11,False,1,3
3885,0xbd8e07,0.666667,13,False,1,1
3886,0x827f6b,0.333333,14,False,2,2
3887,0x1dd61a,1.000000,12,True,0,0
3888,0xc9b266,1.000000,12,True,0,0
3889,0x663f61,0.666667,13,False,1,1
3890,0x14b5b7,0.666667,13,False,1,1
3891,0x3c4b40,0.666667,9,False,1,1
3892,0x9eda2c,0.666667,13,False,1,1
3893,0xbb32bf,1.000000,16,True,0,0
3894,0xbbd7d2,1.000000,16,True,0,0
3895,0xcaa21e,0.000000,11,False,1,3
3896,0x31150b,0.666667,9,False,1,1
3897,0x88d731,0.000000,11,False,1,3
3898,0xd23826,0.333333,10,False,2,2
3899,0xd02bf2,1.000000,12,True,0,0
3900,0x23a759,1.000000,12,True,0,0
3901,0x6d212,1.000000,8,True,0,0
3902,0x2e27f3,0.333333,14,False,2,2
3903,0x7e4ba0,1.000000,12,True,0,0
3904,0xedac20,0.000000,11,False,1,3
3905,0x464dd7,0.666667,13,False,1,1
3906,0xf77981,0.333333,14,False,2,2
3907,0xecdee8,0.000000,15,False,1,3
3908,0x3baf12,0.666667,13,False,1,1
3909,0x38c414,1.000000,8,True,0,0
3910,0x4b554c,0.000000,11,False,1,3
3911,0x994ee5,0.666667,13,False,1,1
3912,0xe80d1a,0.333333,10,False,2,2
3913,0x2c71ec,1.000000,12,True,0,0
3914,0x23f37e,0.000000,15,False,1,3
3915,0x3913aa,0.000000,11,False,1,3
3916,0x340f44,0.666667,9,False,1,1
3917,0x4223a9,0.666667,9,False,1,1
3918,0xe2d488,0.333333,10,False,2,2
3919,0x8b525f,0.666667,13,False,1,1
3920,0xc52a14,0.666667,9,False,1,1
3921,0x4401fb,0.333333,10,False,2,2
3922,0x37d8a7,0.333333,14,False,2,2
3923,0xd8016a,0.666667,9,False,1,1
3924,0xcf98d0,1.000000,12,True,0,0
3925,0x2b7747,0.333333,14,False,2,2
3926,0xad9708,0.000000,11,False,1,3
3927,0x3ad007,0.333333,10,False,2,2
3928,0x1f9b69,0.333333,14,False,2,2
3929,0xd9708c,0.000000,11,False,1,3
3930,0x636603,0.333333,10,False,2,2
3931,0x980f7f,0.333333,14,False,2,2
3932,0x36f7ee,0.666667,17,False,1,1
3933,0xbfa00a,0.000000,11,False,1,3
3934,0x1f4a11,0.333333,10,False,2,2
3935,0x825987,0.333333,10,False,2,2
3936,0x865a07,0.333333,10,False,2,2
3937,0xa0b3d8,0.000000,11,False,1,3
3938,0xcb5832,0.000000,11,False,1,3
3939,0xae8ca6,1.000000,12,True,0,0
3940,0xfa33,0.333333,10,False,2,2
3941,0x91137f,0.666667,13,False,1,1
3942,0xdd85d4,0.666667,13,False,1,1
3943,0x817473,0.000000,11,False,1,3
3944,0x268ebe,0.666667,13,False,1,1
3945,0xa12d47,0.000000,11,False,1,3
3946,0xe04a1c,0.666667,9,False,1,1
3947,0x52e9e8,1.000000,12,True,0,0
3948,0x3d51d1,1.000000,12,True,0,0
3949,0xf22061,0.666667,9,False,1,1
3950,0x1d7e,0.333333,10,False,2,2
3951,0xa8d1dc,1.000000,12,True,0,0
3952,0xa24261,1.000000,8,True,0,0
3953,0x55b441,0.333333,10,False,2,2
3954,0xa46fdf,1.000000,16,True,0,0
3955,0x9528e,0.666667,9,False,1,1
3956,0xcac621,0.333333,10,False,2,2
3957,0xa83ef8,0.666667,13,False,1,1
3958,0xe694a2,0.000000,11,False,1,3
3959,0x67375d,0.000000,15,False,1,3
3960,0xb2f5be,1.000000,16,True,0,0
3961,0xdab3ec,0.000000,15,False,1,3
3962,0x20e3a2,0.666667,9,False,1,1
3963,0x33f46f,0.000000,15,False,1,3
3964,0x753554,1.000000,12,True,0,0
3965,0xa81254,1.000000,8,True,0,0
3966,0x3cbdfe,0.666667,17,False,1,1
3967,0xeab7f8,1.000000,16,True,0,0
3968,0x8021ea,1.000000,8,True,0,0
3969,0x963314,0.333333,10,False,2,2
3970,0x404839,0.000000,7,False,1,3
3971,0xa05323,0.666667,9,False,1,1
3972,0x85ab55,1.000000,12,True,0,0
3973,0x752808,1.000000,8,True,0,0
3974,0x148683,1.000000,8,True,0,0
3975,0xc1035e,0.333333,10,False,2,2
3976,0xecd445,1.000000,12,True,0,0
3977,0x4cb43a,0.000000,11,False,1,3
3978,0x353ad1,1.000000,12,True,0,0
3979,0xa43fae,0.333333,14,False,2,2
3980,0x2f500a,0.666667,9,False,1,1
3981,0xab957f,1.000000,16,True,0,0
3982,0x462de6,1.000000,12,True,0,0
3983,0xb885,0.000000,7,False,1,3
3984,0xf1af3b,1.000000,16,True,0,0
3985,0xebbe5a,1.000000,16,True,0,0
3986,0xeb2a83,1.000000,12,True,0,0
3987,0xe20d11,0.666667,9,False,1,1
3988,0x1d924c,0.333333,10,False,2,2
3989,0x145b41,0.666667,9,False,1,1
3990,0x90cfaa,1.000000,12,True,0,0
3991,0xfd08e3,0.666667,13,False,1,1
3992,0x12d634,0.333333,10,False,2,2
3993,0x8c163c,0.333333,10,False,2,2
3994,0x2d346c,0.000000,11,False,1,3
3995,0x953ba8,1.000000,12,True,0,0
3996,0xfcc0b5,0.666667,13,False,1,1
3997,0x3fb7f0,1.000000,16,True,0,0
3998,0x65d71b,0.333333,14,False,2,2
3999,0x57e093,1.000000,12,True,0,0
4000,0xd72e85,0.666667,13,False,1,1
4001,0xed9301,0.000000,11,False,1,3
4002,0x90097b,0.333333,10,False,2,2
4003,0x933522,0.333333,10,False,2,2
4004,0x451f78,1.000000,12,True,0,0
4005,0x411b9f,1.000000,12,True,0,0
4006,0x81c012,0.333333,6,False,2,2
4007,0x18040e,0.333333,6,False,2,2
4008,0x6f5c3e,0.000000,15,False,1,3
4009,0x5f6cd8,0.333333,14,False,2,2
4010,0xae3f10,1.000000,12,True,0,0
4011,0xddc7a3,0.000000,15,False,1,3
4012,0xe5076d,0.666667,13,False,1,1
4013,0xe13548,0.333333,10,False,2,2
4014,0xe73507,0.666667,13,False,1,1
4015,0x7440f3,0.000000,11,False,1,3
4016,0xb6aab2,0.666667,13,False,1,1
4017,0x854084,0.333333,6,False,2,2
4018,0xbdcad7,1.000000,16,True,0,0
4019,0x6cae53,0.666667,13,False,1,1
4020,0x3dfe1e,1.000000,16,True,0,0
4021,0x5f318c,1.000000,12,True,0,0
4022,0x8a183a,0.666667,9,False,1,1
4023,0x97eb57,1.000000,16,True,0,0
4024,0xcaec19,1.000000,12,True,0,0
4025,0x6b5311,0.000000,11,False,1,3
4026,0xb12717,1.000000,12,True,0,0
4027,0x97bafc,1.000000,16,True,0,0
4028,0xc3a44e,0.000000,11,False,1,3
4029,0x3acc3e,0.666667,13,False,1,1
4030,0xe7ff79,0.000000,19,False,3,3
4031,0xb65f9,0.666667,13,False,1,1
4032,0x9eb73c,0.000000,15,False,1,3
4033,0xea13dc,0.666667,13,False,1,1
4034,0x68b0cd,0.000000,11,False,1,3
4035,0xbf8521,1.000000,12,True,0,0
4036,0x5bab16,0.666667,13,False,1,1
4037,0x167794,1.000000,12,True,0,0
4038,0x4306c7,0.333333,10,False,2,2
4039,0x70114b,0.666667,9,False,1,1
4040,0xa23744,0.333333,10,False,2,2
4041,0xc35edf,1.000000,16,True,0,0
4042,0xc1514e,0.333333,10,False,2,2
4043,0x41d4e3,0.000000,11,False,1,3
4044,0x8580f2,0.666667,9,False,1,1
4045,0x2ac4e5,0.000000,11,False,1,3
4046,0x5ad534,1.000000,12,True,0,0
4047,0x90f328,0.333333,10,False,2,2
4048,0xf87143,1.000000,12,True,0,0
4049,0x9e9e91,0.666667,13,False,1,1
4050,0xc96140,1.000000,8,True,0,0
4051,0xb892b4,0.000000,11,False,1,3
4052,0x225ee,0.333333,10,False,2,2
4053,0xde889b,0.666667,13,False,1,1
4054,0x8ef4c2,1.000000,12,True,0,0
4055,0x753257,0.666667,13,False,1,1
4056,0x658934,0.333333,10,False,2,2
4057,0xc59f33,0.333333,14,False,2,2
4058,0x699275,1.000000,12,True,0,0
4059,0x5752e4,1.000000,12,True,0,0
4060,0x6991ed,0.666667,13,False,1,1
4061,0x4d76be,0.000000,15,False,1,3
4062,0x627108,1.000000,8,True,0,0
4063,0x3d1216,0.333333,10,False,2,2
4064,0xe69976,0.333333,14,False,2,2
4065,0x919384,0.666667,9,False,1,1
4066,0x6ca35f,0.333333,14,False,2,2
4067,0x1e974e,0.666667,13,False,1,1
4068,0x2012ed,0.666667,9,False,1,1
4069,0x1a7d97,0.333333,14,False,2,2
4070,0x611d97,1.000000,12,True,0,0
4071,0xdcc880,0.666667,9,False,1,1
4072,0x4b81d0,0.666667,9,False,1,1
4073,0x12e5ed,0.666667,13,False,1,1
4074,0xb5c98a,1.000000,12,True,0,0
4075,0xbeefa6,0.666667,17,False,1,1
4076,0xbfa034,1.000000,12,True,0,0
4077,0x15ba78,1.000000,12,True,0,0
4078,0x9f168b,0.666667,13,False,1,1
4079,0xb83fa5,0.333333,14,False,2,2
4080,0x4a5e97,0.666667,13,False,1,1
4081,0x416f63,1.000000,12,True,0,0
4082,0xe37552,0.666667,13,False,1,1
4083,0x44d301,1.000000,8,True,0,0
4084,0xa915cb,1.000000,12,True,0,0
4085,0x2caa65,0.000000,11,False,1,3
4086,0x1b92df,0.333333,14,False,2,2
4087,0x2846a3,0.666667,9,False,1,1
4088,0x5d0123,0.666667,9,False,1,1
4089,0xbf789,0.666667,13,False,1,1
4090,0x948449,1.000000,8,True,0,0
4091,0x99281b,0.333333,10,False,2,2
4092,0xecdf90,0.333333,14,False,2,2
4093,0x8ae1ed,0.666667,13,False,1,1
4094,0x1e0586,0.666667,9,False,1,1
4095,0x223a0d,0.666667,9,False,1,1
4096,0xac1889,0.666667,9,False,1,1
4097,0x560ad7,1.000000,12,True,0,0
4098,0xfc047d,0.666667,13,False,1,1
4099,0x26dd07,1.000000,12,True,0,0
4100,0x53d8cc,1.000000,12,True,0,0
4101,0xa1ec71,1.000000,12,True,0,0
4102,0xb9fa7,0.333333,14,False,2,2
4103,0x3ac21e,0.000000,11,False,1,3
4104,0xaf2e29,0.666667,13,False,1,1
4105,0xb98285,0.333333,10,False,2,2
4106,0xfa42b6,0.666667,13,False,1,1
4107,0xc8ac25,0.333333,10,False,2,2
4108,0x1c59d8,0.000000,11,False,1,3
4109,0x9dac6a,0.666667,13,False,1,1
4110,0xfd4aae,0.000000,15,False,1,3
4111,0x76574,0.000000,11,False,1,3
4112,0x4aa72f,0.666667,13,False,1,1
4113,0xfe42a6,0.666667,13,False,1,1
4114,0xfcaf8a,0.000000,15,False,1,3
4115,0x46ac5b,1.000000,12,True,0,0
4116,0x6f9f26,0.000000,15,False,1,3
4117,0xab22ce,1.000000,12,True,0,0
4118,0xb7c505,1.000000,12,True,0,0
4119,0xf01d,1.000000,8,True,0,0
4120,0x87fa31,0.666667,13,False,1,1
4121,0xcf7daa,1.000000,16,True,0,0
4122,0xe624b,0.333333,10,False,2,2
4123,0x408cdb,0.333333,10,False,2,2
4124,0x98f542,0.000000,11,False,1,3
4125,0xa5882,0.000000,7,False,1,3
4126,0xbee5aa,0.000000,15,False,1,3
4127,0x6be91f,0.000000,15,False,1,3
4128,0x8f9b1e,0.333333,14,False,2,2
4129,0xa4955,0.666667,9,False,1,1
4130,0x818ac1,1.000000,8,True,0,0
4131,0x1768bb,0.666667,13,False,1,1
4132,0x3d367d,0.000000,15,False,1,3
4133,0x79cead,0.000000,15,False,1,3
4134,0x2b209d,0.333333,10,False,2,2
4135,0xa749c1,0.000000,11,False,1,3
4136,0x53e658,1.000000,12,True,0,0
4137,0x4b19f8,1.000000,12,True,0,0
4138,0x7cbb06,0.666667,13,False,1,1
4139,0xcb921c,0.000000,11,False,1,3
4140,0xfe9a4c,0.333333,14,False,2,2
4141,0x90346a,0.666667,9,False,1,1
4142,0x7b2f9,0.666667,13,False,1,1
4143,0xe685b7,0.333333,14,False,2,2
4144,0xc3da46,1.000000,12,True,0,0
4145,0x1054b0,0.000000,7,False,1,3
4146,0xbaa8b7,0.333333,14,False,2,2
4147,0x3c45f6,0.666667,13,False,1,1
4148,0x7cdaa1,0.666667,13,False,1,1
4149,0x5866b6,1.000000,12,True,0,0
4150,0x4dd510,0.333333,10,False,2,2
4151,0x631a88,0.666667,9,False,1,1
4152,0x63aa04,0.666667,9,False,1,1
4153,0x7cfc6,0.666667,13,False,1,1
4154,0xdb6b5b,1.000000,16,True,0,0
4155,0xc7fb7e,0.333333,18,False,2,2
4156,0xf1d1f7,1.000000,16,True,0,0
4157,0xac4bb0,0.000000,11,False,1,3
4158,0xc97ff4,1.000000,16,True,0,0
4159,0x4edd68,0.666667,13,False,1,1
4160,0x65cd0f,0.666667,13,False,1,1
4161,0xf836fb,1.000000,16,True,0,0
4162,0x14c8c2,1.000000,8,True,0,0
4163,0x75c6c6,0.666667,13,False,1,1
4164,0x12f52a,0.000000,11,False,1,3
4165,0xfc4446,0.000000,11,False,1,3
4166,0x66aaea,0.666667,13,False,1,1
4167,0xae751e,0.333333,14,False,2,2
4168,0x3c3b2a,1.000000,12,True,0,0
4169,0xfdbb99,0.666667,17,False,1,1
4170,0xeb961c,0.666667,13,False,1,1
4171,0x746268,0.333333,10,False,2,2
4172,0x647a22,0.333333,10,False,2,2
4173,0x276e92,1.000000,12,True,0,0
4174,0x2b6047,0.333333,10,False,2,2
4175,0xf7b04d,0.333333,14,False,2,2
4176,0x63af77,1.000000,16,True,0,0
4177,0x318b7e,0.666667,13,False,1,1
4178,0x5bedb,0.333333,14,False,2,2
4179,0x92ba39,1.000000,12,True,0,0
4180,0x5359f9,0.333333,14,False,2,2
4181,0xea0b56,1.000000,12,True,0,0
4182,0x5adace,0.333333,14,False,2,2
4183,0x61bc4a,0.000000,11,False,1,3
4184,0x8a6ce5,1.000000,12,True,0,0
4185,0xe125c7,1.000000,12,True,0,0
4186,0xbaadb2,0.333333,14,False,2,2
4187,0xc2240a,0.000000,7,False,1,3
4188,0x39c5a8,0.000000,11,False,1,3
4189,0xa0368e,0.333333,10,False,2,2
4190,0xbb735d,1.000000,16,True,0,0
4191,0x882f3d,1.000000,12,True,0,0
4192,0xdaac4e,0.666667,13,False,1,1
4193,0x75cbde,1.000000,16,True,0,0
4194,0xee9e46,0.333333,14,False,2,2
4195,0x44f38c,0.000000,11,False,1,3
4196,0x40dacc,0.333333,10,False,2,2
4197,0xa0df81,0.000000,11,False,1,3
4198,0x561676,1.000000,12,True,0,0
4199,0x2e0964,0.666667,9,False,1,1
4200,0xb3563e,0.333333,14,False,2,2
4201,0xb8bea4,0.666667,13,False,1,1
4202,0xf18ed0,1.000000,12,True,0,0
4203,0x104bc7,0.333333,10,False,2,2
4204,0xa0978b,0.000000,11,False,1,3
4205,0x86dd8e,0.666667,13,False,1,1
4206,0x8adf14,1.000000,12,True,0,0
4207,0x4ceae7,0.333333,14,False,2,2
4208,0xdf8d68,0.333333,14,False,2,2
4209,0x901286,0.000000,7,False,1,3
4210,0x308aaf,0.000000,11,False,1,3
4211,0x6d6e88,1.000000,12,True,0,0
4212,0x30c8fc,0.000000,11,False,1,3
4213,0xe11994,0.333333,10,False,2,2
4214,0x5632fd,0.333333,14,False,2,2
4215,0x709c84,0.666667,9,False,1,1
4216,0x81b827,0.333333,10,False,2,2
4217,0x1be457,0.666667,13,False,1,1
4218,0xb97cf4,0.000000,15,False,1,3
4219,0x2347cf,0.666667,13,False,1,1
4220,0x1c6148,1.000000,8,True,0,0
4221,0xe70cc8,0.000000,11,False,1,3
4222,0xe5c968,1.000000,12,True,0,0
4223,0x8c7414,0.666667,9,False,1,1
4224,0xca9926,0.000000,11,False,1,3
4225,0x580abc,0.333333,10,False,2,2
4226,0x8ca376,1.000000,12,True,0,0
4227,0x4e1752,0.000000,11,False,1,3
4228,0xfbf302,0.333333,14,False,2,2
4229,0xf6f58c,0.000000,15,False,1,3
4230,0x75a683,1.000000,12,True,0,0
4231,0x161108,0.333333,6,False,2,2
4232,0x1e9dbf,1.000000,16,True,0,0
4233,0xeea747,0.000000,15,False,1,3
4234,0x566ce2,1.000000,12,True,0,0
4235,0x5a0394,0.666667,9,False,1,1
4236,0x4fe8e5,0.333333,14,False,2,2
4237,0x52bb1d,0.666667,13,False,1,1
4238,0x8ae0a5,0.333333,10,False,2,2
4239,0x130104,0.666667,5,False,3,1
4240,0xccda5d,0.333333,14,False,2,2
4241,0xddc111,0.000000,11,False,1,3
4242,0x879dc5,0.666667,13,False,1,1
4243,0xca127a,0.000000,11,False,1,3
4244,0x53d32,0.333333,10,False,2,2
4245,0x2c900b,1.000000,8,True,0,0
4246,0x1661e8,0.333333,10,False,2,2
4247,0xacbcda,0.333333,14,False,2,2
4248,0x8ba84d,0.000000,11,False,1,3
4249,0xf51994,1.000000,12,True,0,0
4250,0xc22ff3,0.333333,14,False,2,2
4251,0x123434,1.000000,8,True,0,0
4252,0xcef5a5,0.000000,15,False,1,3
4253,0x6888bc,0.333333,10,False,2,2
4254,0x64870a,0.666667,9,False,1,1
4255,0x24d5c3,0.000000,11,False,1,3
4256,0x7868d0,0.333333,10,False,2,2
4257,0xcaa298,0.333333,10,False,2,2
4258,0x86241,0.333333,6,False,2,2
4259,0x836e50,0.333333,10,False,2,2
4260,0xc58c14,0.666667,9,False,1,1
4261,0xe88e16,0.000000,11,False,1,3
4262,0x333033,0.333333,10,False,2,2
4263,0x955dd3,0.333333,14,False,2,2
4264,0xb0caf1,1.000000,12,True,0,0
4265,0xfe59c8,0.333333,14,False,2,2
4266,0x586bc7,0.666667,13,False,1,1
4267,0xfb91f0,0.333333,14,False,2,2
4268,0x38d033,0.333333,10,False,2,2
4269,0xba9e94,0.666667,13,False,1,1
4270,0x155516,0.333333,10,False,2,2
4271,0x4926e5,0.000000,11,False,1,3
4272,0x8d5e8c,1.000000,12,True,0,0
4273,0x78a54d,1.000000,12,True,0,0
4274,0x5c93b0,0.000000,11,False,1,3
4275,0x9edb81,0.666667,13,False,1,1
4276,0x813cfd,0.666667,13,False,1,1
4277,0xc07c14,0.666667,9,False,1,1
4278,0x3df600,0.000000,11,False,1,3
4279,0x534c8c,0.333333,10,False,2,2
4280,0xa7e7c2,0.333333,14,False,2,2
4281,0xa485f0,0.333333,10,False,2,2
4282,0x7e2790,1.000000,12,True,0,0
4283,0xf9f847,0.000000,15,False,1,3
4284,0x40c0f2,1.000000,8,True,0,0
4285,0x694446,0.666667,9,False,1,1
4286,0x54e500,1.000000,8,True,0,0
4287,0xd2d21e,1.000000,12,True,0,0
4288,0xf3f038,0.666667,13,False,1,1
4289,0x51bef5,0.000000,15,False,1,3
4290,0x315fec,0.333333,14,False,2,2
4291,0xe7b593,0.000000,15,False,1,3
4292,0xe23c83,0.000000,11,False,1,3
4293,0x869e5f,0.333333,14,False,2,2
4294,0x6b4fd6,0.000000,15,False,1,3
4295,0x1d5eeb,0.000000,15,False,1,3
4296,0x843562,0.666667,9,False,1,1
4297,0xaaa220,1.000000,8,True,0,0
4298,0xd40e9e,1.000000,12,True,0,0
4299,0x516214,1.000000,8,True,0,0
4300,0x137c9f,0.333333,14,False,2,2
4301,0x318c26,0.666667,9,False,1,1
4302,0x49ce22,0.333333,10,False,2,2
4303,0xc7b48,0.333333,10,False,2,2
4304,0x3529eb,0.666667,13,False,1,1
4305,0x700bc0,1.000000,8,True,0,0
4306,0xf98be5,0.000000,15,False,1,3
4307,0x1a94e4,0.333333,10,False,2,2
4308,0x1d10ac,0.666667,9,False,1,1
4309,0x681192,1.000000,8,True,0,0
4310,0xb66d8c,0.666667,13,False,1,1
4311,0x5edb79,1.000000,16,True,0,0
4312,0x956f16,0.666667,13,False,1,1
4313,0x4b651,0.666667,9,False,1,1
4314,0x809d02,0.000000,7,False,1,3
4315,0x664e5b,0.666667,13,False,1,1
4316,0xc75014,0.666667,9,False,1,1
4317,0xdc55b4,0.666667,13,False,1,1
4318,0x40d70d,0.333333,10,False,2,2
4319,0x8b8690,0.666667,9,False,1,1
4320,0x609e3a,0.000000,11,False,1,3
4321,0xdbf356,1.000000,16,True,0,0
4322,0x95bb14,1.000000,12,True,0,0
4323,0x3461d0,0.666667,9,False,1,1
4324,0xac53c,0.333333,10,False,2,2
4325,0xc6b847,1.000000,12,True,0,0
4326,0x716917,1.000000,12,True,0,0
4327,0x1bb99,0.000000,11,False,1,3
4328,0xf63c18,1.000000,12,True,0,0
4329,0xaccab4,1.000000,12,True,0,0
4330,0x86fa2f,0.333333,14,False,2,2
4331,0xe33596,0.666667,13,False,1,1
4332,0xd427a9,1.000000,12,True,0,0
4333,0x4ae56c,1.000000,12,True,0,0
4334,0x1fb519,0.666667,13,False,1,1
4335,0x361960,0.666667,9,False,1,1
4336,0xd58dff,0.666667,17,False,1,1
4337,0x724537,1.000000,12,True,0,0
4338,0x47caf6,0.333333,14,False,2,2
4339,0x791600,1.000000,8,True,0,0
4340,0xcd1b6d,0.333333,14,False,2,2
4341,0xcaad39,0.666667,13,False,1,1
4342,0x3621e6,0.000000,11,False,1,3
4343,0xb6e3c1,0.666667,13,False,1,1
4344,0x3ba7e0,0.666667,13,False,1,1
4345,0x2f35e6,0.333333,14,False,2,2
4346,0x9f0715,1.000000,12,True,0,0
4347,0x1c3d37,0.666667,13,False,1,1
4348,0x8f551a,1.000000,12,True,0,0
4349,0x1925cb,0.000000,11,False,1,3
4350,0xa8ebe9,0.333333,14,False,2,2
4351,0x629a3b,1.000000,12,True,0,0
4352,0xabb684,1.000000,12,True,0,0
4353,0xef3e98,0.000000,15,False,1,3
4354,0xc8f31a,1.000000,12,True,0,0
4355,0xe0670b,0.000000,11,False,1,3
4356,0xb3e131,1.000000,12,True,0,0
4357,0x74cddb,0.000000,15,False,1,3
4358,0xe1ed52,0.666667,13,False,1,1
4359,0x72dd37,0.000000,15,False,1,3
4360,0x24a850,0.000000,7,False,1,3
4361,0xc2f8ff,1.000000,16,True,0,0
4362,0xeb6672,0.333333,14,False,2,2
4363,0xbc03,0.000000,7,False,1,3
4364,0xd97bf9,0.666667,17,False,1,1
4365,0xff8744,0.333333,14,False,2,2
4366,0xf69694,0.666667,13,False,1,1
4367,0xed5064,0.000000,11,False,1,3
4368,0x120f0b,0.666667,9,False,1,1
4369,0x4296a8,0.666667,9,False,1,1
4370,0x40d43,0.000000,7,False,1,3
4371,0x8593ab,1.000000,12,True,0,0
4372,0x444bb7,1.000000,12,True,0,0
4373,0xeec0e8,1.000000,12,True,0,0
4374,0xa02b5a,0.333333,10,False,2,2
4375,0xc5e370,1.000000,12,True,0,0
4376,0xf4ab30,1.000000,12,True,0,0
4377,0xbc3638,1.000000,12,True,0,0
4378,0x19db9e,0.333333,14,False,2,2
4379,0xc22f2e,1.000000,12,True,0,0
4380,0x961ff4,0.333333,14,False,2,2
4381,0xd4fa60,1.000000,12,True,0,0
4382,0x81d9f6,0.666667,13,False,1,1
4383,0x178499,0.333333,10,False,2,2
4384,0xc70806,1.000000,8,True,0,0
4385,0xd9874,0.333333,10,False,2,2
4386,0x6beefa,0.666667,17,False,1,1
4387,0x74cc7a,0.666667,13,False,1,1
4388,0x358a1b,0.000000,11,False,1,3
4389,0x14870d,0.666667,9,False,1,1
4390,0x594ba1,0.000000,11,False,1,3
4391,0x92ea43,0.000000,11,False,1,3
4392,0x126e53,0.000000,11,False,1,3
4393,0xf9fe0f,0.666667,17,False,1,1
4394,0x36db4b,0.333333,14,False,2,2
4395,0x3a04e0,1.000000,8,True,0,0
4396,0x5b6fc2,0.333333,14,False,2,2
4397,0x82e790,0.333333,10,False,2,2
4398,0xa21916,0.666667,9,False,1,1
4399,0x6ec409,0.333333,10,False,2,2
4400,0x1f2e26,1.000000,12,True,0,0
4401,0x7a4581,0.333333,10,False,2,2
4402,0x5885a0,1.000000,8,True,0,0
4403,0x98a5c9,0.000000,11,False,1,3
4404,0xd6e82c,1.000000,12,True,0,0
4405,0xf21ea5,0.666667,13,False,1,1
4406,0xa7cfd0,0.333333,14,False,2,2
4407,0xe9903d,1.000000,12,True,0,0
4408,0x70b454,0.333333,10,False,2,2
4409,0x448806,0.333333,6,False,2,2
4410,0x108726,1.000000,8,True,0,0
4411,0xf2f0de,0.000000,15,False,1,3
4412,0x8099a0,0.000000,7,False,1,3
4413,0x6b7af2,0.000000,15,False,1,3
4414,0xe7a70b,0.333333,14,False,2,2
4415,0x7ef89b,1.000000,16,True,0,0
4416,0x9358b8,0.000000,11,False,1,3
4417,0xd9e1ed,0.000000,15,False,1,3
4418,0x9ae47,0.000000,11,False,1,3
4419,0xe323fb,0.000000,15,False,1,3
4420,0xddc515,0.666667,13,False,1,1
4421,0xec22ee,0.666667,13,False,1,1
4422,0xae0cc6,0.000000,11,False,1,3
4423,0x217016,1.000000,8,True,0,0
4424,0x114b81,1.000000,8,True,0,0
4425,0xbddb71,1.000000,16,True,0,0
4426,0x37f615,0.333333,14,False,2,2
4427,0xa585f7,0.333333,14,False,2,2
4428,0xc047f4,0.000000,11,False,1,3
4429,0xd613e,0.000000,11,False,1,3
4430,0xe711a9,1.000000,12,True,0,0
4431,0xed4d2,0.000000,11,False,1,3
4432,0x5b4c0f,1.000000,12,True,0,0
4433,0xdc7907,0.666667,13,False,1,1
4434,0xd3cfa6,0.000000,15,False,1,3
4435,0x1a5d0a,0.333333,10,False,2,2
4436,0xbb3330,1.000000,12,True,0,0
4437,0x78d13a,1.000000,12,True,0,0
4438,0xe0e472,0.000000,11,False,1,3
4439,0x175b23,1.000000,12,True,0,0
4440,0xd4b599,0.666667,13,False,1,1
4441,0xfee863,0.000000,15,False,1,3
4442,0x939a81,0.333333,10,False,2,2
4443,0x853a64,0.333333,10,False,2,2
4444,0x63e348,0.000000,11,False,1,3
4445,0x45a5c2,0.333333,10,False,2,2
4446,0xc2ec24,0.333333,10,False,2,2
4447,0xad95b,1.000000,12,True,0,0
4448,0x7c4a7f,0.000000,15,False,1,3
4449,0x7d90de,0.333333,14,False,2,2
4450,0x8162e6,0.333333,10,False,2,2
4451,0x908525,1.000000,8,True,0,0
4452,0x9f67a8,0.333333,14,False,2,2
4453,0xfadc34,0.333333,14,False,2,2
4454,0xd03478,0.333333,10,False,2,2
4455,0xc4f9ad,0.333333,14,False,2,2
4456,0x917c70,0.000000,11,False,1,3
4457,0xce49af,0.333333,14,False,2,2
4458,0xc7c4e6,0.666667,13,False,1,1
4459,0x22d8f2,0.000000,11,False,1,3
4460,0x563e4a,1.000000,12,True,0,0
4461,0xa33ac2,0.000000,11,False,1,3
4462,0x20f5cb,1.000000,12,True,0,0
4463,0xb2277e,0.333333,14,False,2,2
4464,0x6a9926,0.000000,11,False,1,3
4465,0x297488,0.666667,9,False,1,1
4466,0xb1872a,0.000000,11,False,1,3
4467,0x8554ab,0.000000,11,False,1,3
4468,0xe3deab,1.000000,16,True,0,0
4469,0xab3e8a,0.666667,13,False,1,1
4470,0xf867d6,0.000000,15,False,1,3
4471,0x88423d,0.666667,9,False,1,1
4472,0x8295bd,1.000000,12,True,0,0
4473,0x41ac73,0.000000,11,False,1,3
4474,0xfd2170,1.000000,12,True,0,0
4475,0xc63cc4,0.000000,11,False,1,3
4476,0x68d167,1.000000,12,True,0,0
4477,0xbc0bbb,0.333333,14,False,2,2
4478,0x5e91a,0.333333,10,False,2,2
4479,0xf5a97a,0.000000,15,False,1,3
4480,0xe00884,0.333333,6,False,2,2
4481,0xf8197c,0.666667,13,False,1,1
4482,0xb2c70,0.666667,9,False,1,1
4483,0x36382b,0.000000,11,False,1,3
4484,0x7cd4a5,0.666667,13,False,1,1
4485,0x9de52e,0.333333,14,False,2,2
4486,0x46ff3c,0.000000,15,False,1,3
4487,0xe110c6,0.666667,9,False,1,1
4488,0x805824,0.333333,6,False,2,2
4489,0x6f79c5,0.000000,15,False,1,3
4490,0x399cd7,0.333333,14,False,2,2
4491,0x5153bf,0.333333,14,False,2,2
4492,0xef1c4b,0.333333,14,False,2,2
4493,0xb67798,0.333333,14,False,2,2
4494,0xc95ee3,0.333333,14,False,2,2
4495,0xc81e4c,0.333333,10,False,2,2
4496,0x445337,0.000000,11,False,1,3
4497,0xf4ce76,0.000000,15,False,1,3
4498,0x503c72,0.333333,10,False,2,2
4499,0x886076,0.666667,9,False,1,1
4500,0x86ff45,0.333333,14,False,2,2
4501,0x276e83,1.000000,12,True,0,0
4502,0xae7ad5,0.000000,15,False,1,3
4503,0x408e8e,0.666667,9,False,1,1
4504,0x9fdb3c,1.000000,16,True,0,0
4505,0x98c3de,0.666667,13,False,1,1
4506,0x5bb4c3,0.666667,13,False,1,1
4507,0x9bca53,0.666667,13,False,1,1
4508,0xe4b44e,1.000000,12,True,0,0
4509,0x4639e4,0.000000,11,False,1,3
4510,0x8d6b14,0.000000,11,False,1,3
4511,0x9e8d92,1.000000,12,True,0,0
4512,0x48ccca,0.333333,10,False,2,2
4513,0xaaaa8b,1.000000,12,True,0,0
4514,0x7ae7c1,0.333333,14,False,2,2
4515,0x44ff4c,0.666667,13,False,1,1
4516,0x407f5d,0.666667,13,False,1,1
4517,0x949a50,0.666667,9,False,1,1
4518,0x4dd4ae,0.666667,13,False,1,1
4519,0x37e2c9,0.666667,13,False,1,1
4520,0x19bf3e,0.000000,15,False,1,3
4521,0x5bdda,0.666667,13,False,1,1
4522,0x29efb2,0.333333,14,False,2,2
4523,0x9b0f74,0.666667,13,False,1,1
4524,0xab3565,0.666667,13,False,1,1
4525,0x5dc378,0.666667,13,False,1,1
4526,0x46a93d,1.000000,12,True,0,0
4527,0xdd330d,0.666667,13,False,1,1
4528,0xb52c97,0.666667,13,False,1,1
4529,0xf496b7,0.000000,15,False,1,3
4530,0x4120cc,0.000000,7,False,1,3
4531,0x242dd4,0.333333,10,False,2,2
4532,0x341053,1.000000,8,True,0,0
4533,0xd1ac32,0.000000,11,False,1,3
4534,0x7a0651,0.333333,10,False,2,2
4535,0x24706d,0.333333,10,False,2,2
4536,0x45793f,0.333333,14,False,2,2
4537,0x413a6e,0.000000,11,False,1,3
4538,0x43cde8,1.000000,12,True,0,0
4539,0xbdd4ed,1.000000,16,True,0,0
4540,0xb21923,0.333333,10,False,2,2
4541,0x3f1667,0.333333,14,False,2,2
4542,0xda6e40,0.000000,11,False,1,3
4543,0xd68686,0.000000,11,False,1,3
4544,0x570d8,0.666667,9,False,1,1
4545,0xe0c3be,0.666667,13,False,1,1
4546,0x1377dd,0.000000,15,False,1,3
4547,0x3355fd,0.000000,15,False,1,3
4548,0x54e3d4,1.000000,12,True,0,0
4549,0xfd5e60,0.333333,14,False,2,2
4550,0x7452bb,0.666667,13,False,1,1
4551,0xc99b3a,0.666667,13,False,1,1
4552,0x243c02,0.000000,7,False,1,3
4553,0xecd487,0.666667,13,False,1,1
4554,0x1bb4e9,0.666667,13,False,1,1
4555,0x768cbf,0.000000,15,False,1,3
4556,0xa35a56,1.000000,12,True,0,0
4557,0x9324f6,1.000000,12,True,0,0
4558,0x53f4f0,0.666667,13,False,1,1
4559,0xe808df,1.000000,12,True,0,0
4560,0xf51af0,0.666667,13,False,1,1
4561,0x5d8f39,0.333333,14,False,2,2
4562,0x3b7e3b,1.000000,16,True,0,0
4563,0x370649,0.333333,10,False,2,2
4564,0x83c8c9,0.333333,10,False,2,2
4565,0x6b02fb,0.666667,13,False,1,1
4566,0x8093d0,1.000000,8,True,0,0
4567,0x76f8a4,0.666667,13,False,1,1
4568,0xa07285,0.666667,9,False,1,1
4569,0x8c66f9,0.666667,13,False,1,1
4570,0xf58b24,1.000000,12,True,0,0
4571,0xa6a331,0.000000,11,False,1,3
4572,0x1d4c77,0.666667,13,False,1,1
4573,0x8bd61c,1.000000,12,True,0,0
4574,0xe8e9df,1.000000,16,True,0,0
4575,0x70de33,0.666667,13,False,1,1
4576,0x15f07d,0.666667,13,False,1,1
4577,0x3bf81c,0.666667,13,False,1,1
4578,0x5651cf,0.666667,13,False,1,1
4579,0x676069,0.000000,11,False,1,3
4580,0xb2f43d,0.333333,14,False,2,2
4581,0x1dbdca,0.333333,14,False,2,2
4582,0xab6925,1.000000,12,True,0,0
4583,0xd41cbd,0.666667,13,False,1,1
4584,0xe35dcd,0.000000,15,False,1,3
4585,0x1feefa,0.666667,17,False,1,1
4586,0x80cfc0,0.666667,9,False,1,1
4587,0x8a9fb4,0.666667,13,False,1,1
4588,0x60c1c5,0.666667,9,False,1,1
4589,0xfd24a6,0.666667,13,False,1,1
4590,0x8c7822,0.666667,9,False,1,1
4591,0x968c41,0.666667,9,False,1,1
4592,0xbc39fb,1.000000,16,True,0,0
4593,0x7069d5,1.000000,12,True,0,0
4594,0xd1e30e,1.000000,12,True,0,0
4595,0xede6,0.000000,11,False,1,3
4596,0x882848,0.333333,6,False,2,2
4597,0x3c311,1.000000,8,True,0,0
4598,0xea8f07,0.666667,13,False,1,1
4599,0x53fb60,0.666667,13,False,1,1
4600,0xe303dd,0.666667,13,False,1,1
4601,0x939f96,0.333333,14,False,2,2
4602,0x426f9d,0.666667,13,False,1,1
4603,0x7a3a0c,0.000000,11,False,1,3
4604,0xb6f04a,1.000000,12,True,0,0
4605,0x1645a9,0.333333,10,False,2,2
4606,0x3e0ae2,0.000000,11,False,1,3
4607,0xadace6,0.333333,14,False,2,2
4608,0xa7d3df,0.666667,17,False,1,1
4609,0x8e5670,0.000000,11,False,1,3
4610,0xa4eb3b,0.333333,14,False,2,2
4611,0xbd2537,0.333333,14,False,2,2
4612,0x77db7f,0.000000,19,False,3,3
4613,0xaae46d,0.666667,13,False,1,1
4614,0x774782,1.000000,12,True,0,0
4615,0x5988e1,0.333333,10,False,2,2
4616,0x5ef8d6,0.000000,15,False,1,3
4617,0x2e76fc,0.000000,15,False,1,3
4618,0x5ad069,0.000000,11,False,1,3
4619,0x4064dc,0.666667,9,False,1,1
4620,0xb85dcb,0.333333,14,False,2,2
4621,0xf7febb,1.000000,20,False,4,0
4622,0x97288a,0.333333,10,False,2,2
4623,0xe81271,0.333333,10,False,2,2
4624,0x851139,0.666667,9,False,1,1
4625,0x959c72,1.000000,12,True,0,0
4626,0x356788,0.000000,11,False,1,3
4627,0xabf1db,1.000000,16,True,0,0
4628,0xc01e16,0.666667,9,False,1,1
4629,0x9b9c3b,0.333333,14,False,2,2
4630,0x60b9a8,0.333333,10,False,2,2
4631,0x417d76,0.666667,13,False,1,1
4632,0x845b50,0.666667,9,False,1,1
4633,0xd67182,0.000000,11,False,1,3
4634,0xdf3994,0.333333,14,False,2,2
4635,0xf7f9bf,1.000000,20,False,4,0
4636,0xf90fe2,0.333333,14,False,2,2
4637,0x8dad6b,0.333333,14,False,2,2
4638,0xcbbf4a,0.000000,15,False,1,3
4639,0x1ac820,0.000000,7,False,1,3
4640,0xbb191,0.333333,10,False,2,2
4641,0x7888b5,0.000000,11,False,1,3
4642,0xf3ed67,0.666667,17,False,1,1
4643,0xccb7aa,0.333333,14,False,2,2
4644,0x5398af,0.666667,13,False,1,1
4645,0x85c214,1.000000,8,True,0,0
4646,0xc7171a,1.000000,12,True,0,0
4647,0xc9a3b6,0.666667,13,False,1,1
4648,0x534799,1.000000,12,True,0,0
4649,0x493ca8,0.333333,10,False,2,2
4650,0x435cb8,0.000000,11,False,1,3
4651,0x4ebd2,0.000000,11,False,1,3
4652,0xb2ca41,0.333333,10,False,2,2
4653,0x207db2,0.000000,11,False,1,3
4654,0x9e98b3,0.666667,13,False,1,1
4655,0x283c2d,0.333333,10,False,2,2
4656,0xef332,1.000000,12,True,0,0
4657,0x4ef25f,0.000000,15,False,1,3
4658,0x94051,0.333333,6,False,2,2
4659,0x7c97e7,1.000000,16,True,0,0
4660,0x9cf93e,0.000000,15,False,1,3
4661,0x9ee095,1.000000,12,True,0,0
4662,0x47c585,0.000000,11,False,1,3
4663,0x74c74c,1.000000,12,True,0,0
4664,0x60efa8,1.000000,12,True,0,0
4665,0x30a262,1.000000,8,True,0,0
4666,0xbbb224,1.000000,12,True,0,0
4667,0xbc9792,0.666667,13,False,1,1
4668,0x31c47,0.666667,9,False,1,1
4669,0x8ab49d,1.000000,12,True,0,0
4670,0x67028d,0.333333,10,False,2,2
4671,0x5271f3,0.666667,13,False,1,1
4672,0xd78573,0.333333,14,False,2,2
4673,0x55bbfa,1.000000,16,True,0,0
4674,0xe42a,0.000000,7,False,1,3
4675,0xcd7a25,0.666667,13,False,1,1
4676,0x87d3dc,0.333333,14,False,2,2
4677,0x103350,0.000000,7,False,1,3
4678,0x2de977,0.000000,15,False,1,3
4679,0xe27468,0.000000,11,False,1,3
4680,0x4ebcf2,0.333333,14,False,2,2
4681,0x6aa5ba,0.666667,13,False,1,1
4682,0x293915,0.333333,10,False,2,2
4683,0xc656eb,0.333333,14,False,2,2
4684,0x9f2908,0.333333,10,False,2,2
4685,0x7dda9d,1.000000,16,True,0,0
4686,0x2d6c4,0.666667,9,False,1,1
4687,0x409422,0.333333,6,False,2,2
4688,0x47d23b,0.666667,13,False,1,1
4689,0xcd19e6,0.666667,13,False,1,1
4690,0xa8c4f1,0.000000,11,False,1,3
4691,0x68669f,0.666667,13,False,1,1
4692,0x8c5864,0.666667,9,False,1,1
4693,0x136683,0.333333,10,False,2,2
4694,0xb6eb4a,0.333333,14,False,2,2
4695,0x2f88e4,0.000000,11,False,1,3
4696,0x4b2085,1.000000,8,True,0,0
4697,0x79020b,0.666667,9,False,1,1
4698,0xca22e2,0.333333,10,False,2,2
4699,0xd7403,0.666667,9,False,1,1
4700,0x5c934d,1.000000,12,True,0,0
4701,0x5c7f3a,0.000000,15,False,1,3
4702,0x6c7aa4,1.000000,12,True,0,0
4703,0xe24af3,0.666667,13,False,1,1
4704,0x47a55e,0.666667,13,False,1,1
4705,0xcfd8fa,1.000000,16,True,0,0
4706,0x34a279,0.000000,11,False,1,3
4707,0x79b68a,0.666667,13,False,1,1
4708,0x49a2ba,0.000000,11,False,1,3
4709,0x139470,0.666667,9,False,1,1
4710,0xa444bb,0.000000,11,False,1,3
4711,0x273b97,0.333333,14,False,2,2
4712,0x46d8e,0.333333,10,False,2,2
4713,0xb2385a,0.000000,11,False,1,3
4714,0x62224a,1.000000,8,True,0,0
4715,0xc74e53,0.666667,13,False,1,1
4716,0xc2403d,0.666667,9,False,1,1
4717,0xe753e8,0.333333,14,False,2,2
4718,0x334695,0.000000,11,False,1,3
4719,0xe8299b,1.000000,12,True,0,0
4720,0x793365,0.666667,13,False,1,1
4721,0xaea53d,0.333333,14,False,2,2
4722,0x3c6d2b,0.666667,13,False,1,1
4723,0xccbbc8,0.666667,13,False,1,1
4724,0x90096d,0.666667,9,False,1,1
4725,0x1abc1b,1.000000,12,True,0,0
4726,0xcb633d,0.333333,14,False,2,2
4727,0x7ee12a,0.666667,13,False,1,1
4728,0x8c390,0.000000,7,False,1,3
4729,0xbd00e7,1.000000,12,True,0,0
4730,0x39518,1.000000,8,True,0,0
4731,0xa28791,0.333333,10,False,2,2
4732,0xe9d442,0.000000,11,False,1,3
4733,0x6af6ca,0.333333,14,False,2,2
4734,0x315086,1.000000,8,True,0,0
4735,0x11edc5,1.000000,12,True,0,0
4736,0xbb03e1,1.000000,12,True,0,0
4737,0xc1c21a,0.666667,9,False,1,1
4738,0xa65eb3,0.333333,14,False,2,2
4739,0x2a4ec5,0.000000,11,False,1,3
4740,0xe1d5c,0.000000,11,False,1,3
4741,0x272161,0.666667,9,False,1,1
4742,0x62188b,0.666667,9,False,1,1
4743,0x87f3bd,1.000000,16,True,0,0
4744,0xf7298,0.000000,11,False,1,3
4745,0x8ba925,0.000000,11,False,1,3
4746,0x64dcbc,0.666667,13,False,1,1
4747,0xb3efd4,1.000000,16,True,0,0
4748,0xcf151c,1.000000,12,True,0,0
4749,0xd944c0,0.666667,9,False,1,1
4750,0xf8066,0.666667,9,False,1,1
4751,0xd1f596,0.333333,14,False,2,2
4752,0x5eeda7,1.000000,16,True,0,0
4753,0x7cdf66,1.000000,16,True,0,0
4754,0xc17f58,0.666667,13,False,1,1
4755,0xfc37df,0.333333,18,False,2,2
4756,0x69f355,0.333333,14,False,2,2
4757,0x1476f,0.000000,11,False,1,3
4758,0x1b633d,0.666667,13,False,1,1
4759,0xe51bd5,0.333333,14,False,2,2
4760,0x76c330,0.000000,11,False,1,3
4761,0x88df1b,0.666667,13,False,1,1
4762,0x1d56d4,1.000000,12,True,0,0
4763,0xc7751,0.000000,11,False,1,3
4764,0xf6acac,0.333333,14,False,2,2
4765,0x9c0b3a,0.000000,11,False,1,3
4766,0x1acec8,0.000000,11,False,1,3
4767,0xfde3a2,0.000000,15,False,1,3
4768,0x2dbda1,0.666667,13,False,1,1
4769,0xa84fee,0.333333,14,False,2,2
4770,0x3b5ed1,0.333333,14,False,2,2
4771,0xcd1dff,0.666667,17,False,1,1
4772,0x436a09,0.666667,9,False,1,1
4773,0xe4ea78,0.666667,13,False,1,1
4774,0x5d8de8,0.666667,13,False,1,1
4775,0x4a7e61,1.000000,12,True,0,0
4776,0x7af85b,0.000000,15,False,1,3
4777,0xdcf110,0.000000,11,False,1,3
4778,0xde9f54,0.000000,15,False,1,3
4779,0xbd43f1,0.333333,14,False,2,2
4780,0x7d0461,0.333333,10,False,2,2
4781,0x808723,1.000000,8,True,0,0
4782,0xa41ad3,0.000000,11,False,1,3
4783,0xdc022,0.000000,7,False,1,3
4784,0xe5cd68,0.666667,13,False,1,1
4785,0x90bc13,0.333333,10,False,2,2
4786,0x1379dd,0.333333,14,False,2,2
4787,0x6e9173,0.666667,13,False,1,1
4788,0x5179bc,0.666667,13,False,1,1
4789,0x661132,0.666667,9,False,1,1
4790,0xb089b9,0.000000,11,False,1,3
4791,0x912d47,0.000000,11,False,1,3
4792,0x2b5368,0.000000,11,False,1,3
4793,0x9e09b3,1.000000,12,True,0,0
4794,0x8f4012,1.000000,8,True,0,0
4795,0xc42551,0.666667,9,False,1,1
4796,0x8107ad,0.333333,10,False,2,2
4797,0x4f203e,0.000000,11,False,1,3
4798,0x39393f,0.333333,14,False,2,2
4799,0xb48ae2,0.000000,11,False,1,3
4800,0x9da0d0,0.333333,10,False,2,2
4801,0x71c6ca,1.000000,12,True,0,0
4802,0x77276c,0.333333,14,False,2,2
4803,0x53bda1,0.666667,13,False,1,1
4804,0xa95478,0.000000,11,False,1,3
4805,0x39d7c9,0.333333,14,False,2,2
4806,0x10a338,1.000000,8,True,0,0
4807,0xc6466f,0.666667,13,False,1,1
4808,0x3eaa27,0.666667,13,False,1,1
4809,0x2a0182,0.333333,6,False,2,2
4810,0x549010,0.333333,6,False,2,2
4811,0x9699fe,0.000000,15,False,1,3
4812,0x8316b4,0.333333,10,False,2,2
4813,0x834b6a,0.000000,11,False,1,3
4814,0xf4fd52,0.000000,15,False,1,3
4815,0xbc4410,1.000000,8,True,0,0
4816,0x142644,0.000000,7,False,1,3
4817,0x7cee9,0.666667,13,False,1,1
4818,0xdf3bd,0.000000,15,False,1,3
4819,0x28eb97,0.666667,13,False,1,1
4820,0x54dcd8,1.000000,12,True,0,0
4821,0x1c44c4,1.000000,8,True,0,0
4822,0x8cf653,0.666667,13,False,1,1
4823,0xcc2b87,1.000000,12,True,0,0
4824,0xe3f4b1,0.333333,14,False,2,2
4825,0xd932f9,0.333333,14,False,2,2
4826,0x878c98,0.333333,10,False,2,2
4827,0xa47afd,0.000000,15,False,1,3
4828,0xd651e2,1.000000,12,True,0,0
4829,0x2b78b1,1.000000,12,True,0,0
4830,0x79cae1,0.666667,13,False,1,1
4831,0xbefa61,0.000000,15,False,1,3
4832,0xbca704,0.000000,11,False,1,3
4833,0x31f840,0.666667,9,False,1,1
4834,0x14084f,1.000000,8,True,0,0
4835,0x593b56,0.666667,13,False,1,1
4836,0x62e3ee,0.333333,14,False,2,2
4837,0x794d67,0.333333,14,False,2,2
4838,0xd28130,1.000000,8,True,0,0
4839,0xe3d4bc,0.333333,14,False,2,2
4840,0x8a2a3d,0.000000,11,False,1,3
4841,0x41246d,0.666667,9,False,1,1
4842,0xc0a85a,0.666667,9,False,1,1
4843,0xfc550,0.333333,10,False,2,2
4844,0xaf8f89,0.333333,14,False,2,2
4845,0x29ce,1.000000,8,True,0,0
4846,0x4cd3e4,1.000000,12,True,0,0
4847,0xb60d1b,1.000000,12,True,0,0
4848,0x38fddc,0.000000,15,False,1,3
4849,0x13f801,0.666667,9,False,1,1
4850,0x7bf65c,1.000000,16,True,0,0
4851,0xaa3f46,0.666667,13,False,1,1
4852,0xecd33c,0.333333,14,False,2,2
4853,0x50e4b6,0.000000,11,False,1,3
4854,0xf5a060,0.333333,10,False,2,2
4855,0xb8769a,0.666667,13,False,1,1
4856,0x8f0129,0.666667,9,False,1,1
4857,0x7797c9,0.000000,15,False,1,3
4858,0xfa8a96,0.666667,13,False,1,1
4859,0xc86621,0.666667,9,False,1,1
4860,0xc99894,0.333333,10,False,2,2
4861,0x196a70,0.333333,10,False,2,2
4862,0x99a4ea,1.000000,12,True,0,0
4863,0xbd8667,0.333333,14,False,2,2
4864,0x2fa308,0.333333,10,False,2,2
4865,0x8b94a4,0.333333,10,False,2,2
4866,0xa064eb,0.000000,11,False,1,3
4867,0x1870ce,0.333333,10,False,2,2
4868,0xee3fe1,1.000000,16,True,0,0
4869,0x810142,0.666667,5,False,3,1
4870,0x3615ed,0.666667,13,False,1,1
4871,0xa38f00,0.666667,9,False,1,1
4872,0x2fa5e8,0.666667,13,False,1,1
4873,0x9b4468,0.333333,10,False,2,2
4874,0xfae52,1.000000,12,True,0,0
4875,0x76f36e,1.000000,16,True,0,0
4876,0x1d64e5,1.000000,12,True,0,0
4877,0xde70e7,0.000000,15,False,1,3
4878,0xfe2dd3,1.000000,16,True,0,0
4879,0x53ab81,0.000000,11,False,1,3
4880,0x25e7bd,0.000000,15,False,1,3
4881,0x3f8b8d,0.333333,14,False,2,2
4882,0xf8ae2e,0.333333,14,False,2,2
4883,0xa375a7,0.333333,14,False,2,2
4884,0xc89fc1,1.000000,12,True,0,0
4885,0x4b69b5,0.666667,13,False,1,1
4886,0x8805a4,0.000000,7,False,1,3
4887,0x8274de,1.000000,12,True,0,0
4888,0xc1b0ba,0.000000,11,False,1,3
4889,0xe37ae9,0.000000,15,False,1,3
4890,0x2226cc,0.666667,9,False,1,1
4891,0x9e3a8c,1.000000,12,True,0,0
4892,0x29b468,0.333333,10,False,2,2
4893,0xa56085,0.666667,9,False,1,1
4894,0x6941c8,0.666667,9,False,1,1
4895,0xe6a042,0.666667,9,False,1,1
4896,0xc16898,0.666667,9,False,1,1
4897,0x53bc45,1.000000,12,True,0,0
4898,0x12fc2e,1.000000,12,True,0,0
4899,0x20e139,0.666667,9,False,1,1
4900,0xff9a4d,1.000000,16,True,0,0
4901,0xca4659,0.000000,11,False,1,3
4902,0xecb98b,0.333333,14,False,2,2
4903,0xd3a2fa,0.333333,14,False,2,2
4904,0x8f9b91,0.666667,13,False,1,1
4905,0xd9098f,1.000000,12,True,0,0
4906,0x850d1,0.000000,7,False,1,3
4907,0x60bb0b,0.000000,11,False,1,3
4908,0x222d57,0.000000,11,False,1,3
4909,0x6ea77d,1.000000,16,True,0,0
4910,0x3396f3,0.333333,14,False,2,2
4911,0x7b236e,0.333333,14,False,2,2
4912,0x39fdd4,0.000000,15,False,1,3
4913,0xbac365,0.666667,13,False,1,1
4914,0x3884d4,0.666667,9,False,1,1
4915,0x588a75,0.000000,11,False,1,3
4916,0x598dd9,0.666667,13,False,1,1
4917,0x8c90dd,0.000000,11,False,1,3
4918,0xca971e,0.666667,13,False,1,1
4919,0x4724f8,0.000000,11,False,1,3
4920,0x7e331b,0.333333,14,False,2,2
4921,0x6d06e7,0.666667,13,False,1,1
4922,0x4082cb,1.000000,8,True,0,0
4923,0x44a9f9,1.000000,12,True,0,0
4924,0xc0f4bb,0.666667,13,False,1,1
4925,0x94a1e6,0.000000,11,False,1,3
4926,0xfb126a,0.666667,13,False,1,1
4927,0x8d254c,0.333333,10,False,2,2
4928,0x7e33a7,0.000000,15,False,1,3
4929,0x9b0051,1.000000,8,True,0,0
4930,0xf45a9f,0.000000,15,False,1,3
4931,0x5c0d5f,0.666667,13,False,1,1
4932,0xb9d715,0.333333,14,False,2,2
4933,0xe2a77a,0.333333,14,False,2,2
4934,0x669a65,1.000000,12,True,0,0
4935,0x223918,1.000000,8,True,0,0
4936,0xcd32b3,0.666667,13,False,1,1
4937,0x1703a1,0.666667,9,False,1,1
4938,0xf7af63,0.666667,17,False,1,1
4939,0x9696a0,0.333333,10,False,2,2
4940,0x9c4387,0.000000,11,False,1,3
4941,0x6573e9,0.333333,14,False,2,2
4942,0x783c71,1.000000,12,True,0,0
4943,0x7cef4d,1.000000,16,True,0,0
4944,0xa628b6,0.000000,11,False,1,3
4945,0xa58d91,0.000000,11,False,1,3
4946,0x7533c1,1.000000,12,True,0,0
4947,0xdb8486,0.000000,11,False,1,3
4948,0x225e8b,0.000000,11,False,1,3
4949,0x883ed3,1.000000,12,True,0,0
4950,0xe688ff,0.000000,15,False,1,3
4951,0xffd452,0.000000,15,False,1,3
4952,0x100aff,0.000000,11,False,1,3
4953,0xc5ef03,0.666667,13,False,1,1
4954,0xb4c17d,0.666667,13,False,1,1
4955,0xc39818,0.666667,9,False,1,1
4956,0x666526,0.000000,11,False,1,3
4957,0x7c4c77,0.333333,14,False,2,2
4958,0xfde5be,0.333333,18,False,2,2
4959,0x24bfbc,0.333333,14,False,2,2
4960,0x1afe87,0.333333,14,False,2,2
4961,0xae18ab,1.000000,12,True,0,0
4962,0xbeb6c,0.666667,13,False,1,1
4963,0x752e34,1.000000,12,True,0,0
4964,0x2387d8,0.000000,11,False,1,3
4965,0x7dd7a4,0.000000,15,False,1,3
4966,0x996041,1.000000,8,True,0,0
4967,0x98af0e,1.000000,12,True,0,0
4968,0xce742c,1.000000,12,True,0,0
4969,0x1d227b,1.000000,12,True,0,0
4970,0x12df90,0.000000,11,False,1,3
4971,0x9d0990,0.666667,9,False,1,1
4972,0x41a081,0.333333,6,False,2,2
4973,0x478e2f,0.666667,13,False,1,1
4974,0xd5507b,0.666667,13,False,1,1
4975,0xaf026d,1.000000,12,True,0,0
4976,0xd80b76,1.000000,12,True,0,0
4977,0xfcd5c2,0.333333,14,False,2,2
4978,0x6ea883,0.000000,11,False,1,3
4979,0x5cc40d,0.333333,10,False,2,2
4980,0xdaef34,0.000000,15,False,1,3
4981,0x3f5558,0.666667,13,False,1,1
4982,0xd55f0c,0.666667,13,False,1,1
4983,0xb38ab8,1.000000,12,True,0,0
4984,0x1c88ee,0.000000,11,False,1,3
4985,0xdac466,1.000000,12,True,0,0
4986,0x9023b8,0.666667,9,False,1,1
4987,0x1cfaeb,0.000000,15,False,1,3
4988,0x2db7db,1.000000,16,True,0,0
4989,0x501d1f,0.000000,11,False,1,3
4990,0xce537e,0.000000,15,False,1,3
4991,0x68f7b7,1.000000,16,True,0,0
4992,0xcd9478,1.000000,12,True,0,0
4993,0xb2a8d1,0.000000,11,False,1,3
4994,0x421f15,0.333333,10,False,2,2
4995,0x29ef9a,0.333333,14,False,2,2
4996,0x92a726,0.000000,11,False,1,3
4997,0x46817,1.000000,8,True,0,0
4998,0xf32b8c,0.666667,13,False,1,1
4999,0x3f3d9b,1.000000,16,True,0,0
5000,0x60139c,0.666667,9,False,1,1
5001,0xbe86a6,0.666667,13,False,1,1
5002,0xc19cc3,0.000000,11,False,1,3
5003,0x50c53a,0.333333,10,False,2,2
5004,0x22834,0.333333,6,False,2,2
5005,0x309a4f,0.000000,11,False,1,3
5006,0x108f24,1.000000,8,True,0,0
5007,0x76506c,0.000000,11,False,1,3
5008,0x80949f,0.333333,10,False,2,2
5009,0xa12be5,1.000000,12,True,0,0
5010,0xd411ce,0.000000,11,False,1,3
5011,0xa1c5ba,1.000000,12,True,0,0
5012,0x544a9b,0.000000,11,False,1,3
5013,0x5eda25,0.666667,13,False,1,1
5014,0x4d4b1,0.666667,9,False,1,1
5015,0xf203,0.000000,7,False,1,3
5016,0xd45b78,0.666667,13,False,1,1
5017,0x14eb5,0.333333,10,False,2,2
5018,0x6d8457,1.000000,12,True,0,0
5019,0xb1608a,0.666667,9,False,1,1
5020,0xdab18a,1.000000,12,True,0,0
5021,0x97705a,1.000000,12,True,0,0
5022,0xb9c0f9,0.666667,13,False,1,1
5023,0xe26b52,1.000000,12,True,0,0
5024,0x17b08,1.000000,8,True,0,0
5025,0x4b5251,0.333333,10,False,2,2
5026,0x1704b9,0.333333,10,False,2,2
5027,0x778e88,1.000000,12,True,0,0
5028,0x4826e,1.000000,8,True,0,0
5029,0xfba6ac,0.000000,15,False,1,3
5030,0xc92145,0.666667,9,False,1,1
5031,0x65555,0.333333,10,False,2,2
5032,0xea0a23,0.333333,10,False,2,2
5033,0x532306,0.666667,9,False,1,1
5034,0x2e66f,1.000000,12,True,0,0
5035,0xa1d9a,0.333333,10,False,2,2
5036,0x9040ee,0.666667,9,False,1,1
5037,0x1a120f,0.666667,9,False,1,1
5038,0x4c32bc,0.000000,11,False,1,3
5039,0x38e849,0.333333,10,False,2,2
5040,0x66e5e1,0.666667,13,False,1,1
5041,0xc21068,0.000000,7,False,1,3
5042,0x85a12,0.000000,7,False,1,3
5043,0x23934a,0.333333,10,False,2,2
5044,0xec33da,0.333333,14,False,2,2
5045,0xb487af,0.333333,14,False,2,2
5046,0x523d4d,1.000000,12,True,0,0
5047,0xc9c27f,0.333333,14,False,2,2
5048,0x84c597,0.000000,11,False,1,3
5049,0xb06e3d,0.666667,13,False,1,1
5050,0x7b5b3,0.666667,13,False,1,1
5051,0x488a0,0.666667,5,False,3,1
5052,0xeb1aa4,1.000000,12,True,0,0
5053,0x5b9439,1.000000,12,True,0,0
5054,0x111a13,1.000000,8,True,0,0
5055,0xfc3780,1.000000,12,True,0,0
5056,0x2fec1,0.000000,11,False,1,3
5057,0xbf69ad,1.000000,16,True,0,0
5058,0xd2c472,0.000000,11,False,1,3
5059,0xe8880b,0.666667,9,False,1,1
5060,0xe6310c,0.333333,10,False,2,2
5061,0xb17396,0.666667,13,False,1,1
5062,0x6459e2,0.000000,11,False,1,3
5063,0x828472,1.000000,8,True,0,0
5064,0xbe964f,0.000000,15,False,1,3
5065,0xb31723,1.000000,12,True,0,0
5066,0xafb4aa,0.333333,14,False,2,2
5067,0xb7a860,0.000000,11,False,1,3
5068,0xb1ace0,0.000000,11,False,1,3
5069,0xf28ab8,1.000000,12,True,0,0
5070,0x3bcd5e,0.000000,15,False,1,3
5071,0x7cc85c,1.000000,12,True,0,0
5072,0xa125fd,0.666667,13,False,1,1
5073,0x40fae5,1.000000,12,True,0,0
5074,0x73a2ab,0.666667,13,False,1,1
5075,0xba7885,1.000000,12,True,0,0
5076,0x88b851,0.666667,9,False,1,1
5077,0x6d07cb,0.666667,13,False,1,1
5078,0xbb25a,0.000000,11,False,1,3
5079,0xcb73ef,0.666667,17,False,1,1
5080,0x2bcd29,1.000000,12,True,0,0
5081,0xa5ceb,1.000000,12,True,0,0
5082,0xef4c5e,0.000000,15,False,1,3
5083,0xf14726,1.000000,12,True,0,0
5084,0x2d546a,0.000000,11,False,1,3
5085,0x599b5b,0.333333,14,False,2,2
5086,0x44d607,0.333333,10,False,2,2
5087,0x5cc285,0.333333,10,False,2,2
5088,0x9a7dc5,0.333333,14,False,2,2
5089,0x2995d0,0.333333,10,False,2,2
5090,0x5ee6e4,0.333333,14,False,2,2
5091,0xa32883,0.666667,9,False,1,1
5092,0xaab61d,0.666667,13,False,1,1
5093,0xf8f7be,0.333333,18,False,2,2
5094,0xcca688,0.333333,10,False,2,2
5095,0x1c89f3,1.000000,12,True,0,0
5096,0x7d8f09,0.666667,13,False,1,1
5097,0xa5a607,0.000000,11,False,1,3
5098,0xab32ea,0.666667,13,False,1,1
5099,0x1770db,0.666667,13,False,1,1
5100,0xb7339b,0.000000,15,False,1,3
5101,0x2a69e1,0.000000,11,False,1,3
5102,0x315c56,0.000000,11,False,1,3
5103,0x289d3e,1.000000,12,True,0,0
5104,0xa098af,0.000000,11,False,1,3
5105,0xa03cab,0.000000,11,False,1,3
5106,0xb176f,0.666667,13,False,1,1
5107,0x29b82b,0.000000,11,False,1,3
5108,0xb2d076,1.000000,12,True,0,0
5109,0xe84365,0.000000,11,False,1,3
5110,0x4342ae,0.333333,10,False,2,2
5111,0x549513,0.333333,10,False,2,2
5112,0xfe43db,1.000000,16,True,0,0
5113,0xde8b25,0.666667,13,False,1,1
5114,0x213721,0.666667,9,False,1,1
5115,0x14aa57,0.000000,11,False,1,3
5116,0xe8d6ff,0.666667,17,False,1,1
5117,0x22fec,0.000000,11,False,1,3
5118,0xe60a8b,0.000000,11,False,1,3
5119,0x20ced7,1.000000,12,True,0,0
5120,0x699c62,0.000000,11,False,1,3
5121,0xbcbfc1,0.000000,15,False,1,3
5122,0x8a0f3b,1.000000,12,True,0,0
5123,0xd6aa49,1.000000,12,True,0,0
5124,0x421810,0.666667,5,False,3,1
5125,0xca6601,0.666667,9,False,1,1
5126,0x947c0d,0.000000,11,False,1,3
5127,0xa6516a,0.000000,11,False,1,3
5128,0xd32010,0.000000,7,False,1,3
5129,0x57b1eb,0.000000,15,False,1,3
5130,0xbd5d65,0.000000,15,False,1,3
5131,0x8e78fe,0.000000,15,False,1,3
5132,0x949c91,0.333333,10,False,2,2
5133,0x938d51,0.000000,11,False,1,3
5134,0x9df404,0.000000,11,False,1,3
5135,0x366357,0.666667,13,False,1,1
5136,0x7ef44d,0.000000,15,False,1,3
5137,0x71029c,0.666667,9,False,1,1
5138,0xe33f46,0.333333,14,False,2,2
5139,0x1fadee,1.000000,16,True,0,0
5140,0x9ef843,0.666667,13,False,1,1
5141,0xc0a57,0.666667,9,False,1,1
5142,0xd0feb,0.666667,13,False,1,1
5143,0x62c4d,0.666667,9,False,1,1
5144,0xfc9203,0.000000,11,False,1,3
5145,0xe63d0d,0.666667,13,False,1,1
5146,0xbe4cc1,1.000000,12,True,0,0
5147,0xd1c1ff,0.000000,15,False,1,3
5148,0x15c395,0.000000,11,False,1,3
5149,0xe99e4,0.000000,11,False,1,3
5150,0xc38820,0.000000,7,False,1,3
5151,0x4e1881,1.000000,8,True,0,0
5152,0x284d4,0.000000,7,False,1,3
5153,0x8255c8,0.666667,9,False,1,1
5154,0xd106,0.333333,6,False,2,2
5155,0x36c70,0.666667,9,False,1,1
5156,0x815968,0.666667,9,False,1,1
5157,0x8193a6,0.333333,10,False,2,2
5158,0xe67f80,0.666667,13,False,1,1
5159,0x1cdceb,0.333333,14,False,2,2
5160,0x78b35a,0.666667,13,False,1,1
5161,0x8afcd5,0.333333,14,False,2,2
5162,0x516aa2,0.333333,10,False,2,2
5163,0xb8c3f,1.000000,12,True,0,0
5164,0x66be53,0.333333,14,False,2,2
5165,0xedf03,1.000000,12,True,0,0
5166,0xc031af,0.000000,11,False,1,3
5167,0x1dd80f,1.000000,12,True,0,0
5168,0xb345eb,0.333333,14,False,2,2
5169,0x75818e,0.000000,11,False,1,3
5170,0xf88baf,0.000000,15,False,1,3
5171,0x3bb6ed,1.000000,16,True,0,0
5172,0xce5aed,0.000000,15,False,1,3
5173,0x3bc8c5,1.000000,12,True,0,0
5174,0xc335e2,1.000000,12,True,0,0
5175,0x1d3dd9,0.333333,14,False,2,2
5176,0x3749ff,1.000000,16,True,0,0
5177,0xed55a5,0.333333,14,False,2,2
5178,0x9c1718,0.333333,10,False,2,2
5179,0x79423,0.666667,9,False,1,1
5180,0x66720f,1.000000,12,True,0,0
5181,0xd9ab8e,0.333333,14,False,2,2
5182,0x8134ff,0.666667,13,False,1,1
5183,0x837db5,0.333333,14,False,2,2
5184,0x9459af,0.666667,13,False,1,1
5185,0xa26e97,0.666667,13,False,1,1
5186,0x6dceb5,0.000000,15,False,1,3
5187,0xef7e65,0.666667,17,False,1,1
5188,0x6bc45d,0.666667,13,False,1,1
5189,0x9d57da,0.000000,15,False,1,3
5190,0x191633,0.333333,10,False,2,2
5191,0x7fd270,0.333333,14,False,2,2
5192,0x39ae2c,1.000000,12,True,0,0
5193,0xb510c8,0.666667,9,False,1,1
5194,0xd28038,1.000000,8,True,0,0
5195,0x6a6cdd,0.333333,14,False,2,2
5196,0x147d84,0.333333,10,False,2,2
5197,0xe281b,0.666667,9,False,1,1
5198,0x3a7ea8,0.666667,13,False,1,1
5199,0xa3a736,0.666667,13,False,1,1
5200,0x5dbf25,0.000000,15,False,1,3
5201,0x5974c8,0.000000,11,False,1,3
5202,0x8d8e12,0.333333,10,False,2,2
5203,0x314ddd,0.666667,13,False,1,1
5204,0x9b78a0,0.000000,11,False,1,3
5205,0x200af4,1.000000,8,True,0,0
5206,0x8cd24f,1.000000,12,True,0,0
5207,0x7077a5,0.666667,13,False,1,1
5208,0x83f792,0.666667,13,False,1,1
5209,0xa31d5e,0.666667,13,False,1,1
5210,0x73ec8c,0.666667,13,False,1,1
5211,0x52435b,0.000000,11,False,1,3
5212,0xec01bc,0.000000,11,False,1,3
5213,0xaedb71,0.000000,15,False,1,3
5214,0x6b21b,0.333333,10,False,2,2
5215,0xe1f52f,0.000000,15,False,1,3
5216,0xb81005,0.000000,7,False,1,3
5217,0x7c9822,0.333333,10,False,2,2
5218,0xcfd402,0.000000,11,False,1,3
5219,0x61a043,1.000000,8,True,0,0
5220,0x516bd1,1.000000,12,True,0,0
5221,0x48cfa5,1.000000,12,True,0,0
5222,0x1df0da,0.666667,13,False,1,1
5223,0xaf5122,0.000000,11,False,1,3
5224,0xac332e,1.000000,12,True,0,0
5225,0x224b55,0.333333,10,False,2,2
5226,0x3140eb,0.333333,10,False,2,2
5227,0xd6f0aa,0.666667,13,False,1,1
5228,0xbd5917,0.333333,14,False,2,2
5229,0x4849f6,0.000000,11,False,1,3
5230,0x84fc1e,1.000000,12,True,0,0
5231,0xedbb3d,0.666667,17,False,1,1
5232,0x4979de,0.333333,14,False,2,2
5233,0xf05305,0.333333,10,False,2,2
5234,0xa51366,0.000000,11,False,1,3
5235,0x6023d6,0.333333,10,False,2,2
5236,0x8b0156,0.666667,9,False,1,1
5237,0xddce70,0.333333,14,False,2,2
5238,0x7a25df,0.000000,15,False,1,3
5239,0x68f33e,0.333333,14,False,2,2
5240,0x56e69c,0.666667,13,False,1,1
5241,0x98542f,0.000000,11,False,1,3
5242,0xc229b3,0.000000,11,False,1,3
5243,0xdd3c1f,0.000000,15,False,1,3
5244,0x1d7c2,0.333333,10,False,2,2
5245,0x97e948,1.000000,12,True,0,0
5246,0x2730e0,0.666667,9,False,1,1
5247,0xc64dc3,1.000000,12,True,0,0
5248,0xfff5e8,0.333333,18,False,2,2
5249,0x5a1d43,0.000000,11,False,1,3
5250,0x488f20,1.000000,8,True,0,0
5251,0x61b218,0.666667,9,False,1,1
5252,0xb5ae15,0.666667,13,False,1,1
5253,0xb6c3c5,0.666667,13,False,1,1
5254,0xebb098,1.000000,12,True,0,0
5255,0x57a31c,1.000000,12,True,0,0
5256,0x324c0e,0.666667,9,False,1,1
5257,0x9d550a,0.000000,11,False,1,3
5258,0xa6b688,0.000000,11,False,1,3
5259,0xbc3da7,0.000000,15,False,1,3
5260,0x6abff0,0.000000,15,False,1,3
5261,0x661d5c,1.000000,12,True,0,0
5262,0x94ba3e,0.666667,13,False,1,1
5263,0xad442b,0.000000,11,False,1,3
5264,0xe573a4,0.666667,13,False,1,1
5265,0x2d7a02,0.333333,10,False,2,2
5266,0x52e3d6,0.666667,13,False,1,1
5267,0xb7be18,0.333333,14,False,2,2
5268,0x9faa09,1.000000,12,True,0,0
5269,0xce34ed,0.333333,14,False,2,2
5270,0xbad231,1.000000,12,True,0,0
5271,0x7ad185,1.000000,12,True,0,0
5272,0xacf0fd,0.000000,15,False,1,3
5273,0x908dee,1.000000,12,True,0,0
5274,0xeefd19,1.000000,16,True,0,0
5275,0xbbea60,0.666667,13,False,1,1
5276,0x893679,1.000000,12,True,0,0
5277,0x9db1f9,0.000000,15,False,1,3
5278,0x3b9169,1.000000,12,True,0,0
5279,0x2a2160,0.000000,7,False,1,3
5280,0x26872d,0.000000,11,False,1,3
5281,0x393380,0.666667,9,False,1,1
5282,0x6f4a73,0.333333,14,False,2,2
5283,0x50bbdf,0.000000,15,False,1,3
5284,0xaaeaf,0.666667,13,False,1,1
5285,0xd51e75,0.333333,14,False,2,2
5286,0x9b07d4,1.000000,12,True,0,0
5287,0x2408f9,0.666667,9,False,1,1
5288,0x19797f,0.000000,15,False,1,3
5289,0x2844b6,0.666667,9,False,1,1
5290,0xda8a5a,1.000000,12,True,0,0
5291,0xffd608,0.333333,14,False,2,2
5292,0xe8e025,0.333333,10,False,2,2
5293,0x8b41e6,0.000000,11,False,1,3
5294,0x5a0800,0.666667,5,False,3,1
5295,0xfa7967,1.000000,16,True,0,0
5296,0x56c845,0.333333,10,False,2,2
5297,0xd93f6c,0.000000,15,False,1,3
5298,0x7ded6b,0.666667,17,False,1,1
5299,0x613d9b,0.666667,13,False,1,1
5300,0x257f4b,0.333333,14,False,2,2
5301,0xd4e730,1.000000,12,True,0,0
5302,0xa96114,0.666667,9,False,1,1
5303,0x1a09e4,0.666667,9,False,1,1
5304,0x175c35,1.000000,12,True,0,0
5305,0x202a64,0.000000,7,False,1,3
5306,0x17ca9c,1.000000,12,True,0,0
5307,0x3c66ae,0.666667,13,False,1,1
5308,0x8c189c,0.666667,9,False,1,1
5309,0x7a2b41,0.000000,11,False,1,3
5310,0x70095b,0.333333,10,False,2,2
5311,0x74d3e3,0.333333,14,False,2,2
5312,0x49b830,0.666667,9,False,1,1
5313,0xc2cbed,0.333333,14,False,2,2
5314,0xf36304,0.000000,11,False,1,3
5315,0x1f402e,0.333333,10,False,2,2
5316,0xe2f94b,0.333333,14,False,2,2
5317,0x357081,0.666667,9,False,1,1
5318,0x3938dc,1.000000,12,True,0,0
5319,0xfb3f3c,0.666667,17,False,1,1
5320,0xe9d293,0.666667,13,False,1,1
5321,0x62199f,1.000000,12,True,0,0
5322,0xe9512e,1.000000,12,True,0,0
5323,0x64e834,0.333333,10,False,2,2
5324,0x8af923,1.000000,12,True,0,0
5325,0x3b97e6,0.000000,15,False,1,3
5326,0xb30ede,0.333333,14,False,2,2
5327,0x444a69,0.666667,9,False,1,1
5328,0x8f18cd,1.000000,12,True,0,0
5329,0x2e871c,0.000000,11,False,1,3
5330,0xbb6db1,0.000000,15,False,1,3
5331,0x5bc4b2,1.000000,12,True,0,0
5332,0xab05af,0.666667,13,False,1,1
5333,0x690ab1,0.333333,10,False,2,2
5334,0xe28f83,1.000000,12,True,0,0
5335,0x4d2ffb,1.000000,16,True,0,0
5336,0xea6cfa,0.000000,15,False,1,3
5337,0x90a30d,0.666667,9,False,1,1
5338,0x97ca47,0.666667,13,False,1,1
5339,0xbf713a,0.000000,15,False,1,3
5340,0x78c66a,1.000000,12,True,0,0
5341,0x49a500,0.000000,7,False,1,3
5342,0x6bb9fe,0.666667,17,False,1,1
5343,0xccafb6,0.000000,15,False,1,3
5344,0xfd3e15,0.000000,15,False,1,3
5345,0xac26a9,0.000000,11,False,1,3
5346,0xc01e9e,0.000000,11,False,1,3
5347,0xd53fe8,0.000000,15,False,1,3
5348,0x6e2256,0.000000,11,False,1,3
5349,0x2229ee,0.000000,11,False,1,3
5350,0xb92f36,0.333333,14,False,2,2
5351,0x7f6eb,0.000000,15,False,1,3
5352,0xc25475,0.000000,11,False,1,3
5353,0x5a5ec7,0.333333,14,False,2,2
5354,0xa44ac3,0.333333,10,False,2,2
5355,0xc05fbf,0.000000,15,False,1,3
5356,0x6d1d57,0.333333,14,False,2,2
5357,0x6cbdc0,1.000000,12,True,0,0
5358,0x6f5638,0.666667,13,False,1,1
5359,0x8799d3,0.666667,13,False,1,1
5360,0x81d2ff,0.333333,14,False,2,2
5361,0x63905f,1.000000,12,True,0,0
5362,0x30a48,0.333333,6,False,2,2
5363,0x3218a4,1.000000,8,True,0,0
5364,0xf354c9,0.666667,13,False,1,1
5365,0x88b9bc,1.000000,12,True,0,0
5366,0xb69ef,0.333333,14,False,2,2
5367,0xcad53f,0.000000,15,False,1,3
5368,0x7e633c,0.333333,14,False,2,2
5369,0xe41bdc,0.666667,13,False,1,1
5370,0x72b637,0.333333,14,False,2,2
5371,0xddc42e,0.666667,13,False,1,1
5372,0xeb6b28,0.666667,13,False,1,1
5373,0xdfef4b,0.333333,18,False,2,2
5374,0x2e63b5,0.666667,13,False,1,1
5375,0x42ebe7,0.333333,14,False,2,2
5376,0xf444a,0.666667,9,False,1,1
5377,0x38fab7,0.000000,15,False,1,3
5378,0x9ff593,1.000000,16,True,0,0
5379,0x410925,0.000000,7,False,1,3
5380,0x59c7c9,0.666667,13,False,1,1
5381,0xf93f04,0.666667,13,False,1,1
5382,0xa6d50a,0.000000,11,False,1,3
5383,0x81b01c,1.000000,8,True,0,0
5384,0x8d7f47,0.000000,15,False,1,3
5385,0xa95c3e,0.666667,13,False,1,1
5386,0x39bf05,0.666667,13,False,1,1
5387,0xf6a561,0.666667,13,False,1,1
5388,0x3e09ca,0.000000,11,False,1,3
5389,0xa2a67a,1.000000,12,True,0,0
5390,0xa65780,0.333333,10,False,2,2
5391,0xd5343e,0.666667,13,False,1,1
5392,0x823c5b,0.000000,11,False,1,3
5393,0x92eca4,0.000000,11,False,1,3
5394,0xf70c29,1.000000,12,True,0,0
5395,0xdb5304,0.000000,11,False,1,3
5396,0x3d1698,0.000000,11,False,1,3
5397,0x3a801a,1.000000,8,True,0,0
5398,0x2aa4bd,1.000000,12,True,0,0
5399,0x7e66cb,0.000000,15,False,1,3
5400,0x78e0e5,1.000000,12,True,0,0
5401,0x8cff22,0.666667,13,False,1,1
5402,0xc959e,0.000000,11,False,1,3
5403,0xcfaa51,0.666667,13,False,1,1
5404,0xc90373,0.000000,11,False,1,3
5405,0xf72938,0.666667,13,False,1,1
5406,0xede759,1.000000,16,True,0,0
5407,0x49451a,0.666667,9,False,1,1
5408,0xce568f,0.333333,14,False,2,2
5409,0xeabc0c,1.000000,12,True,0,0
5410,0xf392b9,0.333333,14,False,2,2
5411,0x141658,1.000000,8,True,0,0
5412,0xbd401,1.000000,8,True,0,0
5413,0x6ae3fd,1.000000,16,True,0,0
5414,0xadae88,1.000000,12,True,0,0
5415,0xb7cfab,0.666667,17,False,1,1
5416,0x51f4d3,0.666667,13,False,1,1
5417,0x3f3f3,0.333333,14,False,2,2
5418,0x4697ba,0.666667,13,False,1,1
5419,0xb74c60,0.000000,11,False,1,3
5420,0x4aec2d,1.000000,12,True,0,0
5421,0xb3661c,1.000000,12,True,0,0
5422,0x99d308,0.333333,10,False,2,2
5423,0xbf26ff,0.333333,18,False,2,2
5424,0x428a7e,0.000000,11,False,1,3
5425,0x91faee,0.000000,15,False,1,3
5426,0xa81134,1.000000,8,True,0,0
5427,0x5e6b6c,0.333333,14,False,2,2
5428,0xb1dc34,1.000000,12,True,0,0
5429,0x7a8119,0.333333,10,False,2,2
5430,0x2614b6,0.333333,10,False,2,2
5431,0x931eee,0.333333,14,False,2,2
5432,0xf64449,0.000000,11,False,1,3
5433,0x5dd3f7,0.666667,17,False,1,1
5434,0xdeb122,1.000000,12,True,0,0
5435,0xfe3b1c,0.000000,15,False,1,3
5436,0x62ca0c,0.666667,9,False,1,1
5437,0x8f2c14,0.333333,10,False,2,2
5438,0x4e962f,0.666667,13,False,1,1
5439,0x5bcf0d,0.333333,14,False,2,2
5440,0x7f592,1.000000,12,True,0,0
5441,0xa03144,0.000000,7,False,1,3
5442,0xab1e21,0.000000,11,False,1,3
5443,0x25ff32,0.333333,14,False,2,2
5444,0xadb8da,0.333333,14,False,2,2
5445,0x2b21bf,0.666667,13,False,1,1
5446,0x2a8c48,1.000000,8,True,0,0
5447,0xce6848,0.333333,10,False,2,2
5448,0xade22a,1.000000,12,True,0,0
5449,0x35d957,0.333333,14,False,2,2
5450,0x4def0d,0.333333,14,False,2,2
5451,0xc0dc27,0.000000,11,False,1,3
5452,0xad497f,0.000000,15,False,1,3
5453,0x5270d9,0.000000,11,False,1,3
5454,0x818e45,0.666667,9,False,1,1
5455,0x7bb43e,0.000000,15,False,1,3
5456,0x23112f,0.333333,10,False,2,2
5457,0x31c519,0.333333,10,False,2,2
5458,0xa5697b,0.333333,14,False,2,2
5459,0x8bf90b,0.666667,13,False,1,1
5460,0xdb715,1.000000,12,True,0,0
5461,0xd23d1,0.333333,10,False,2,2
5462,0xf71a2,0.000000,11,False,1,3
5463,0xe5eae3,0.000000,15,False,1,3
5464,0x383c48,0.666667,9,False,1,1
5465,0x24110b,0.000000,7,False,1,3
5466,0x95b262,0.000000,11,False,1,3
5467,0xb640d3,0.000000,11,False,1,3
5468,0x93a4e7,0.666667,13,False,1,1
5469,0x435a04,1.000000,8,True,0,0
5470,0x8b93e7,0.333333,14,False,2,2
5471,0x515994,0.333333,10,False,2,2
5472,0x12cdfd,0.333333,14,False,2,2
5473,0x129d3b,1.000000,12,True,0,0
5474,0xe206e,0.666667,9,False,1,1
5475,0x464ee,0.333333,10,False,2,2
5476,0xc4ea15,0.000000,11,False,1,3
5477,0x526bc0,0.333333,10,False,2,2
5478,0x7d2547,0.666667,13,False,1,1
5479,0xa97b10,0.000000,11,False,1,3
5480,0x8eb242,0.333333,10,False,2,2
5481,0x115aee,1.000000,12,True,0,0
5482,0xe7dad0,0.333333,14,False,2,2
5483,0x748606,0.666667,9,False,1,1
5484,0xc5e8f8,0.666667,13,False,1,1
5485,0x605a69,0.333333,10,False,2,2
5486,0x77e4c9,0.333333,14,False,2,2
5487,0xff3c6f,0.333333,18,False,2,2
5488,0xcab8c3,1.000000,12,True,0,0
5489,0xb7d789,0.000000,15,False,1,3
5490,0x18ab0d,0.333333,10,False,2,2
5491,0x1e0d36,0.000000,11,False,1,3
5492,0x13cdce,0.666667,13,False,1,1
5493,0x27207f,1.000000,12,True,0,0
5494,0xd5ce60,1.000000,12,True,0,0
5495,0xf00b05,0.666667,9,False,1,1
5496,0xe3f715,0.000000,15,False,1,3
5497,0xd2cdff,0.666667,17,False,1,1
5498,0xc12e5d,1.000000,12,True,0,0
5499,0x811664,1.000000,8,True,0,0
5500,0xf4dc2e,0.333333,14,False,2,2
5501,0x828ad,1.000000,8,True,0,0
5502,0x9753b2,0.666667,13,False,1,1
5503,0xbdb674,0.000000,15,False,1,3
5504,0x33977b,0.000000,15,False,1,3
5505,0xc662f3,0.666667,13,False,1,1
5506,0xe2d04c,0.333333,10,False,2,2
5507,0xa156a,0.666667,9,False,1,1
5508,0x70ba1f,0.666667,13,False,1,1
5509,0xba6c32,1.000000,12,True,0,0
5510,0x9bc115,0.000000,11,False,1,3
5511,0x655cc,0.333333,10,False,2,2
5512,0x7a7066,1.000000,12,True,0,0
5513,0xc77b18,0.666667,13,False,1,1
5514,0xcaa5a6,1.000000,12,True,0,0
5515,0xb11aea,1.000000,12,True,0,0
5516,0xa610e3,0.333333,10,False,2,2
5517,0x201f8a,0.666667,9,False,1,1
5518,0x5640be,0.000000,11,False,1,3
5519,0x936ef9,0.000000,15,False,1,3
5520,0x85b88f,1.000000,12,True,0,0
5521,0x5054e4,0.666667,9,False,1,1
5522,0x295ae5,1.000000,12,True,0,0
5523,0xaec6c0,0.000000,11,False,1,3
5524,0x8d1f92,1.000000,12,True,0,0
5525,0xe41515,0.333333,10,False,2,2
5526,0xee2059,0.000000,11,False,1,3
5527,0x16567f,0.333333,14,False,2,2
5528,0x8bec29,1.000000,12,True,0,0
5529,0xb60c03,0.666667,9,False,1,1
5530,0xcba54a,1.000000,12,True,0,0
5531,0xba10f3,1.000000,12,True,0,0
5532,0x46ed53,0.666667,13,False,1,1
5533,0xa89606,0.666667,9,False,1,1
5534,0xb4b23b,0.666667,13,False,1,1
5535,0x5718fa,0.666667,13,False,1,1
5536,0xb2f8a6,0.666667,13,False,1,1
5537,0x80b2a5,0.666667,9,False,1,1
5538,0x77e5a0,0.666667,13,False,1,1
5539,0x78975e,0.333333,14,False,2,2
5540,0x182c63,0.666667,9,False,1,1
5541,0xc26dda,0.666667,13,False,1,1
5542,0x945031,1.000000,8,True,0,0
5543,0x55ccaa,1.000000,12,True,0,0
5544,0x501828,0.333333,6,False,2,2
5545,0x71cd0f,0.666667,13,False,1,1
5546,0x4e8537,1.000000,12,True,0,0
5547,0xb1d8d5,0.666667,13,False,1,1
5548,0x8493d5,0.000000,11,False,1,3
5549,0xe52860,0.666667,9,False,1,1
5550,0x1220d3,1.000000,8,True,0,0
5551,0xb24fff,0.666667,17,False,1,1
5552,0x6f4879,0.666667,13,False,1,1
5553,0xea6fc4,0.333333,14,False,2,2
5554,0xdb05bb,0.333333,14,False,2,2
5555,0x85ebc1,1.000000,12,True,0,0
5556,0x2ffc15,0.333333,14,False,2,2
5557,0x38dc8,0.666667,9,False,1,1
5558,0x232f36,1.000000,12,True,0,0
5559,0x99736,0.000000,11,False,1,3
5560,0xb85b4e,0.666667,13,False,1,1
5561,0x5eeb8b,0.000000,15,False,1,3
5562,0xfdfdc6,0.333333,18,False,2,2
5563,0x42d057,0.333333,10,False,2,2
5564,0xdcdc0a,1.000000,12,True,0,0
5565,0xd0d4e2,0.000000,11,False,1,3
5566,0x3aefed,0.666667,17,False,1,1
5567,0x3fa844,0.000000,11,False,1,3
5568,0xc2b4cb,1.000000,12,True,0,0
5569,0xf6b8ef,0.666667,17,False,1,1
5570,0xdc99da,0.333333,14,False,2,2
5571,0x763890,0.333333,10,False,2,2
5572,0x7c2225,0.333333,10,False,2,2
5573,0xb90f9b,0.333333,14,False,2,2
5574,0x2b54bb,0.666667,13,False,1,1
5575,0xa0aaf0,0.333333,10,False,2,2
5576,0xf9ea90,0.666667,13,False,1,1
5577,0x9cc92a,0.000000,11,False,1,3
5578,0x8e4f18,0.000000,11,False,1,3
5579,0x1d4889,0.666667,9,False,1,1
5580,0x757a3c,0.333333,14,False,2,2
5581,0xcd4649,0.000000,11,False,1,3
5582,0xf6e3b4,0.000000,15,False,1,3
5583,0x18c577,1.000000,12,True,0,0
5584,0xf11c09,0.333333,10,False,2,2
5585,0x50ae8c,0.333333,10,False,2,2
5586,0xf602e2,0.000000,11,False,1,3
5587,0xed492c,1.000000,12,True,0,0
5588,0x2dc869,0.000000,11,False,1,3
5589,0xe5b0c8,0.000000,11,False,1,3
5590,0xbbd1c5,0.333333,14,False,2,2
5591,0x3ab53f,0.000000,15,False,1,3
5592,0x9cabcb,0.333333,14,False,2,2
5593,0xc0c5c5,0.333333,10,False,2,2
5594,0xe186cf,0.666667,13,False,1,1
5595,0x9bfdee,0.333333,18,False,2,2
5596,0x788cdd,0.666667,13,False,1,1
5597,0x8fc67f,1.000000,16,True,0,0
5598,0x6a9049,0.666667,9,False,1,1
5599,0xee313b,0.333333,14,False,2,2
5600,0xae5d29,0.666667,13,False,1,1
5601,0x5a38d3,1.000000,12,True,0,0
5602,0xc40b4f,0.000000,11,False,1,3
5603,0xae0631,0.333333,10,False,2,2
5604,0x151d51,0.333333,10,False,2,2
5605,0x3cca70,0.000000,11,False,1,3
5606,0xb2885b,0.000000,11,False,1,3
5607,0xfe3279,0.000000,15,False,1,3
5608,0x30778,0.666667,9,False,1,1
5609,0xf2dd66,0.000000,15,False,1,3
5610,0xe6153b,0.666667,13,False,1,1
5611,0x9dc12e,1.000000,12,True,0,0
5612,0x23312e,0.333333,10,False,2,2
5613,0xd62326,0.000000,11,False,1,3
5614,0xf707f9,1.000000,16,True,0,0
5615,0x90b781,0.333333,10,False,2,2
5616,0x25b9a3,1.000000,12,True,0,0
5617,0x383e2b,1.000000,12,True,0,0
5618,0x45b151,0.333333,10,False,2,2
5619,0x2259c2,0.666667,9,False,1,1
5620,0x6f45d2,0.666667,13,False,1,1
5621,0xc2e3ba,0.666667,13,False,1,1
5622,0x3e53bb,0.000000,15,False,1,3
5623,0xbab8f8,0.333333,14,False,2,2
5624,0x2b8315,0.333333,10,False,2,2
5625,0x11bd3,0.333333,10,False,2,2
5626,0xac678e,0.666667,13,False,1,1
5627,0x8973a3,1.000000,12,True,0,0
5628,0x9aedfd,0.666667,17,False,1,1
5629,0x4d514f,1.000000,12,True,0,0
5630,0x96d753,0.333333,14,False,2,2
5631,0x4c1d0d,0.333333,10,False,2,2
5632,0xe293bf,0.000000,15,False,1,3
5633,0x824188,0.333333,6,False,2,2
5634,0x5cba6b,0.333333,14,False,2,2
5635,0xecd138,1.000000,12,True,0,0
5636,0x7d86ec,0.333333,14,False,2,2
5637,0xcaf6d1,0.333333,14,False,2,2
5638,0x7ddc8c,0.333333,14,False,2,2
5639,0xad5cce,0.333333,14,False,2,2
5640,0xb13495,0.000000,11,False,1,3
5641,0x6fb3cd,1.000000,16,True,0,0
5642,0x8c6e73,0.666667,13,False,1,1
5643,0x144db8,0.333333,10,False,2,2
5644,0x2e752,0.333333,10,False,2,2
5645,0x284e14,1.000000,8,True,0,0
5646,0xd27a65,0.666667,13,False,1,1
5647,0xded8be,1.000000,16,True,0,0
5648,0xac761b,0.666667,13,False,1,1
5649,0xe59e1b,0.333333,14,False,2,2
5650,0x9bf33e,1.000000,16,True,0,0
5651,0xfcb7a7,0.666667,17,False,1,1
5652,0x71e0d6,1.000000,12,True,0,0
5653,0x643660,0.666667,9,False,1,1
5654,0x485cc,1.000000,8,True,0,0
5655,0x972c0f,1.000000,12,True,0,0
5656,0xfade45,0.000000,15,False,1,3
5657,0x492df0,0.000000,11,False,1,3
5658,0xe1d7ef,0.666667,17,False,1,1
5659,0x3fca8d,0.333333,14,False,2,2
5660,0x1dba0c,0.000000,11,False,1,3
5661,0x8c0439,1.000000,8,True,0,0
5662,0x9c0d19,0.333333,10,False,2,2
5663,0x1dddc4,0.666667,13,False,1,1
5664,0x20cca8,1.000000,8,True,0,0
5665,0x215985,0.666667,9,False,1,1
5666,0x917cd6,0.666667,13,False,1,1
5667,0x9775c2,0.666667,13,False,1,1
5668,0x7cee9f,0.666667,17,False,1,1
5669,0x69ce2e,0.666667,13,False,1,1
5670,0x13d696,1.000000,12,True,0,0
5671,0x831ec8,0.333333,10,False,2,2
5672,0x130ed6,0.000000,11,False,1,3
5673,0xf599a9,0.333333,14,False,2,2
5674,0xa4268c,0.666667,9,False,1,1
5675,0xd96c5e,0.333333,14,False,2,2
5676,0x95d6fd,1.000000,16,True,0,0
5677,0x4af1b5,0.666667,13,False,1,1
5678,0xc3e383,1.000000,12,True,0,0
5679,0x316baa,1.000000,12,True,0,0
5680,0xaae159,1.000000,12,True,0,0
5681,0x1ebeee,1.000000,16,True,0,0
5682,0x601064,0.333333,6,False,2,2
5683,0x870f47,1.000000,12,True,0,0
5684,0x4d9f0b,0.666667,13,False,1,1
5685,0x9f78d0,0.666667,13,False,1,1
5686,0x6b67a1,0.666667,13,False,1,1
5687,0xbe348e,0.666667,13,False,1,1
5688,0x3bfe80,0.666667,13,False,1,1
5689,0x4ec28f,1.000000,12,True,0,0
5690,0x68db7c,0.333333,14,False,2,2
5691,0x23da26,0.000000,11,False,1,3
5692,0x8b0156,0.666667,9,False,1,1
5693,0x67b816,1.000000,12,True,0,0
5694,0x8d86a7,1.000000,12,True,0,0
5695,0x770ff0,0.333333,14,False,2,2
5696,0x3fe757,0.666667,17,False,1,1
5697,0x571bbe,0.000000,15,False,1,3
5698,0x40303c,0.000000,7,False,1,3
5699,0xdc8185,0.333333,10,False,2,2
5700,0xb5ed64,0.333333,14,False,2,2
5701,0x1f7080,0.666667,9,False,1,1
5702,0x207e71,0.000000,11,False,1,3
5703,0x86ca11,0.666667,9,False,1,1
5704,0xd89660,0.333333,10,False,2,2
5705,0x12f300,1.000000,8,True,0,0
5706,0x43e745,1.000000,12,True,0,0
5707,0x4779fb,1.000000,16,True,0,0
5708,0x7b0fe4,0.333333,14,False,2,2
5709,0x6f09d0,0.000000,11,False,1,3
5710,0xb66179,0.666667,13,False,1,1
5711,0x8c5867,0.000000,11,False,1,3
5712,0x711917,0.000000,11,False,1,3
5713,0xfb86f0,0.333333,14,False,2,2
5714,0x8d1be6,0.666667,13,False,1,1
5715,0x7999ef,1.000000,16,True,0,0
5716,0x127,0.666667,5,False,3,1
5717,0xaa23ac,0.000000,11,False,1,3
5718,0xb31f3a,0.333333,14,False,2,2
5719,0x2d843b,0.000000,11,False,1,3
5720,0xc58a04,1.000000,8,True,0,0
5721,0xbd3833,0.666667,13,False,1,1
5722,0xa1b687,1.000000,12,True,0,0
5723,0x105d17,0.333333,10,False,2,2
5724,0xac991d,1.000000,12,True,0,0
5725,0x38f532,1.000000,12,True,0,0
5726,0xa6a3bd,0.333333,14,False,2,2
5727,0x60696d,0.000000,11,False,1,3
5728,0xad4267,1.000000,12,True,0,0
5729,0x614944,1.000000,8,True,0,0
5730,0x667d0a,1.000000,12,True,0,0
5731,0x66369f,0.333333,14,False,2,2
5732,0xf47da3,0.000000,15,False,1,3
5733,0xb978cb,0.333333,14,False,2,2
5734,0x35a286,0.333333,10,False,2,2
5735,0x2703d7,1.000000,12,True,0,0
5736,0x8d0722,0.666667,9,False,1,1
5737,0x4a14,0.666667,5,False,3,1
5738,0x9e73ac,0.333333,14,False,2,2
5739,0xeae63c,0.333333,14,False,2,2
5740,0x42ff5e,0.000000,15,False,1,3
5741,0x513d52,0.000000,11,False,1,3
5742,0x71f902,0.000000,11,False,1,3
5743,0x169254,0.666667,9,False,1,1
5744,0xb7a5fd,0.666667,17,False,1,1
5745,0xcd5f8f,1.000000,16,True,0,0
5746,0x10ca82,0.000000,7,False,1,3
5747,0x423023,0.000000,7,False,1,3
5748,0x79a7b8,0.333333,14,False,2,2
5749,0x2920d0,0.000000,7,False,1,3
5750,0xa00ed0,1.000000,8,True,0,0
5751,0x8987a3,0.000000,11,False,1,3
5752,0x2a8a48,1.000000,8,True,0,0
5753,0x31c4aa,0.333333,10,False,2,2
5754,0x2d1afb,0.333333,14,False,2,2
5755,0x593e99,0.666667,13,False,1,1
5756,0x4ad35c,1.000000,12,True,0,0
5757,0xfb5ca,0.666667,13,False,1,1
5758,0xb2daa6,0.666667,13,False,1,1
5759,0x405a95,0.666667,9,False,1,1
5760,0x601f7,0.333333,10,False,2,2
5761,0x6d1f2c,0.666667,13,False,1,1
5762,0x546d75,0.666667,13,False,1,1
5763,0x366f3d,0.000000,15,False,1,3
5764,0x389d7e,0.333333,14,False,2,2
5765,0x489589,0.666667,9,False,1,1
5766,0x5fbd8c,0.000000,15,False,1,3
5767,0xec4faa,0.333333,14,False,2,2
5768,0xeb3c2c,0.666667,13,False,1,1
5769,0x62ec7e,0.333333,14,False,2,2
5770,0x3a1ee5,0.666667,13,False,1,1
5771,0xb22fdf,1.000000,16,True,0,0
5772,0xc6d6a7,0.333333,14,False,2,2
5773,0x136a4b,0.000000,11,False,1,3
5774,0xf0e343,1.000000,12,True,0,0
5775,0xafff,0.333333,14,False,2,2
5776,0xd155ea,0.666667,13,False,1,1
5777,0x95563c,1.000000,12,True,0,0
5778,0xe4b8d2,1.000000,12,True,0,0
5779,0xdd2647,0.666667,13,False,1,1
5780,0x592c5d,1.000000,12,True,0,0
5781,0xd8ec4b,0.666667,13,False,1,1
5782,0x289d8e,0.000000,11,False,1,3
5783,0x49117d,0.000000,11,False,1,3
5784,0x7b52c6,0.666667,13,False,1,1
5785,0x7ea844,0.000000,11,False,1,3
5786,0x7a89fc,0.333333,14,False,2,2
5787,0x5e111f,1.000000,12,True,0,0
5788,0xd479c1,1.000000,12,True,0,0
5789,0xce8a02,0.666667,9,False,1,1
5790,0x2500c8,0.333333,6,False,2,2
5791,0x692f43,1.000000,12,True,0,0
5792,0x405cdc,0.333333,10,False,2,2
5793,0x5b7ead,1.000000,16,True,0,0
5794,0xdd059d,0.666667,13,False,1,1
5795,0x63bc65,0.666667,13,False,1,1
5796,0x2942af,0.000000,11,False,1,3
5797,0xfa471a,0.666667,13,False,1,1
5798,0xa75813,0.000000,11,False,1,3
5799,0xff77db,1.000000,20,False,4,0
5800,0xfa1892,0.000000,11,False,1,3
5801,0xabd072,1.000000,12,True,0,0
5802,0xdc58f2,0.666667,13,False,1,1
5803,0xdd1b09,1.000000,12,True,0,0
5804,0x21bc87,0.000000,11,False,1,3
5805,0x697a6c,0.666667,13,False,1,1
5806,0xf98c99,0.666667,13,False,1,1
5807,0x86d4e7,0.666667,13,False,1,1
5808,0xbe5ca8,0.666667,13,False,1,1
5809,0x1b02ad,0.333333,10,False,2,2
5810,0xb8a59c,1.000000,12,True,0,0
5811,0x1b05d0,0.666667,9,False,1,1
5812,0xbcb158,1.000000,12,True,0,0
5813,0xa960ed,1.000000,12,True,0,0
5814,0xce3e38,0.666667,13,False,1,1
5815,0x428ed3,0.000000,11,False,1,3
5816,0xa6f57a,0.000000,15,False,1,3
5817,0x28914b,0.666667,9,False,1,1
5818,0x7c9075,1.000000,12,True,0,0
5819,0x40e976,0.000000,11,False,1,3
5820,0x26eb7e,0.000000,15,False,1,3
5821,0xe097c8,0.000000,11,False,1,3
5822,0xde4c93,0.666667,13,False,1,1
5823,0x2f5d42,1.000000,12,True,0,0
5824,0x13c2c5,0.333333,10,False,2,2
5825,0xc71f3e,0.000000,15,False,1,3
5826,0x66060f,0.333333,10,False,2,2
5827,0xc3b7b0,0.666667,13,False,1,1
5828,0x68bb68,1.000000,12,True,0,0
5829,0x48b030,0.000000,7,False,1,3
5830,0xc734bd,0.333333,14,False,2,2
5831,0xe2d713,0.666667,13,False,1,1
5832,0xcdc192,0.000000,11,False,1,3
5833,0x101ea4,1.000000,8,True,0,0
5834,0x9f25e6,0.333333,14,False,2,2
5835,0x615d40,0.666667,9,False,1,1
5836,0xe1055c,0.333333,10,False,2,2
5837,0xc7a402,0.666667,9,False,1,1
5838,0x98d965,1.000000,12,True,0,0
5839,0xec6e3e,0.000000,15,False,1,3
5840,0x2adaba,0.666667,13,False,1,1
5841,0xa7c11c,0.000000,11,False,1,3
5842,0x743a31,0.000000,11,False,1,3
5843,0x6ee4f9,0.000000,15,False,1,3
5844,0xcd9929,1.000000,12,True,0,0
5845,0x8c8f29,0.000000,11,False,1,3
5846,0xf1f959,0.000000,15,False,1,3
5847,0x1fe8ca,0.666667,13,False,1,1
5848,0x293d2f,0.666667,13,False,1,1
5849,0x1fde90,0.666667,13,False,1,1
5850,0xe8ec78,0.666667,13,False,1,1
5851,0xa6cae2,1.000000,12,True,0,0
5852,0x9f22b2,1.000000,12,True,0,0
5853,0x91425,0.000000,7,False,1,3
5854,0x2eee47,0.333333,14,False,2,2
5855,0x405329,1.000000,8,True,0,0
5856,0x3dbb09,0.666667,13,False,1,1
5857,0x5d3530,0.000000,11,False,1,3
5858,0x5cea77,0.000000,15,False,1,3
5859,0x27a20f,0.000000,11,False,1,3
5860,0xa528dc,0.000000,11,False,1,3
5861,0x29e1c8,0.333333,10,False,2,2
5862,0xc47370,0.000000,11,False,1,3
5863,0xace531,1.000000,12,True,0,0
5864,0xc05bf9,0.666667,13,False,1,1
5865,0xa468f,0.333333,10,False,2,2
5866,0xc191ea,0.000000,11,False,1,3
5867,0xe151f7,0.333333,14,False,2,2
5868,0x86b146,0.333333,10,False,2,2
5869,0x9ef7f9,0.333333,18,False,2,2
5870,0xf559b7,1.000000,16,True,0,0
5871,0xb13ab0,0.000000,11,False,1,3
5872,0xe4025e,0.333333,10,False,2,2
5873,0x154978,0.333333,10,False,2,2
5874,0x59ec6f,0.000000,15,False,1,3
5875,0x8a8ae1,0.333333,10,False,2,2
5876,0xa5def5,1.000000,16,True,0,0
5877,0xdc19f7,0.000000,15,False,1,3
5878,0x9b7fe8,1.000000,16,True,0,0
5879,0xafce6c,0.000000,15,False,1,3
5880,0x555cc9,1.000000,12,True,0,0
5881,0x4f8320,0.666667,9,False,1,1
5882,0xcc0214,0.000000,7,False,1,3
5883,0x4eec1d,0.666667,13,False,1,1
5884,0x54099d,0.333333,10,False,2,2
5885,0xc4ff4d,0.000000,15,False,1,3
5886,0x121295,1.000000,8,True,0,0
5887,0x180957,0.666667,9,False,1,1
5888,0xbf87f5,0.666667,17,False,1,1
5889,0x82c67,0.666667,9,False,1,1
5890,0x3a62f0,0.000000,11,False,1,3
5891,0x80ff0c,0.000000,11,False,1,3
5892,0x3d6831,0.000000,11,False,1,3
5893,0xb868a5,0.000000,11,False,1,3
5894,0xef46ad,0.000000,15,False,1,3
5895,0x9f059b,0.666667,13,False,1,1
5896,0x9e84e2,0.000000,11,False,1,3
5897,0xdd1dd1,0.333333,14,False,2,2
5898,0x363e9c,0.666667,13,False,1,1
5899,0xfdb550,0.333333,14,False,2,2
5900,0xa13617,0.000000,11,False,1,3
5901,0x65c4ac,0.000000,11,False,1,3
5902,0x724348,0.666667,9,False,1,1
5903,0x18519e,0.333333,10,False,2,2
5904,0x777c6a,0.000000,15,False,1,3
5905,0x103fef,0.333333,14,False,2,2
5906,0x63e378,0.666667,13,False,1,1
5907,0x49e672,1.000000,12,True,0,0
5908,0x1c919,1.000000,8,True,0,0
5909,0x853c44,0.666667,9,False,1,1
5910,0xf0e611,0.000000,11,False,1,3
5911,0xa7dbe5,1.000000,16,True,0,0
5912,0x64f137,0.666667,13,False,1,1
5913,0x293d11,0.333333,10,False,2,2
5914,0xb50f12,0.000000,11,False,1,3
5915,0x4746a0,0.666667,9,False,1,1
5916,0xae9a65,0.666667,13,False,1,1
5917,0xe8d5f5,0.000000,15,False,1,3
5918,0xbebe48,0.333333,14,False,2,2
5919,0xda5db8,0.333333,14,False,2,2
5920,0xf01aad,1.000000,12,True,0,0
5921,0x13415d,0.333333,10,False,2,2
5922,0x4c4e0f,0.000000,11,False,1,3
5923,0x4562ef,0.666667,13,False,1,1
5924,0x3e7e36,0.000000,15,False,1,3
5925,0x41dd48,0.333333,10,False,2,2
5926,0x261298,1.000000,8,True,0,0
5927,0xbd60cd,0.666667,13,False,1,1
5928,0xa5e42d,1.000000,12,True,0,0
5929,0x986249,0.666667,9,False,1,1
5930,0x4e683,0.666667,9,False,1,1
5931,0x52c48d,0.333333,10,False,2,2
5932,0x4d0b25,0.333333,10,False,2,2
5933,0x25fdb5,0.000000,15,False,1,3
5934,0xdc6e3b,0.000000,15,False,1,3
5935,0x493995,0.000000,11,False,1,3
5936,0xa67491,0.000000,11,False,1,3
5937,0xfa6891,1.000000,12,True,0,0
5938,0xc94062,1.000000,8,True,0,0
5939,0xf5ffcd,0.000000,19,False,3,3
5940,0x1c94d3,0.000000,11,False,1,3
5941,0xf12023,0.666667,9,False,1,1
5942,0x54bc2d,1.000000,12,True,0,0
5943,0x8a90c5,0.666667,9,False,1,1
5944,0x88898c,1.000000,8,True,0,0
5945,0x129331,0.666667,9,False,1,1
5946,0x6d9edd,1.000000,16,True,0,0
5947,0x98935d,1.000000,12,True,0,0
5948,0xc69e75,0.333333,14,False,2,2
5949,0x9bebf,0.000000,15,False,1,3
5950,0xe82072,0.666667,9,False,1,1
5951,0x198f82,0.333333,10,False,2,2
5952,0x9710e6,0.000000,11,False,1,3
5953,0x5eec28,1.000000,12,True,0,0
5954,0x9403c0,0.000000,7,False,1,3
5955,0x45f395,0.666667,13,False,1,1
5956,0xcb8b4e,0.666667,13,False,1,1
5957,0x646eec,0.666667,13,False,1,1
5958,0xd71a49,1.000000,12,True,0,0
5959,0xe9b6ac,0.333333,14,False,2,2
5960,0xa8ce9,0.333333,10,False,2,2
5961,0xe918e,0.333333,10,False,2,2
5962,0xc51144,1.000000,8,True,0,0
5963,0x532889,0.666667,9,False,1,1
5964,0x8a65d2,0.000000,11,False,1,3
5965,0xe2e7,0.333333,10,False,2,2
5966,0x1e8d9c,1.000000,12,True,0,0
5967,0xa9a598,0.000000,11,False,1,3
5968,0x92250b,0.666667,9,False,1,1
5969,0x71bddb,1.000000,16,True,0,0
5970,0x6d7815,1.000000,12,True,0,0
5971,0xc47453,0.000000,11,False,1,3
5972,0x4a44c0,0.000000,7,False,1,3
5973,0xbdbda2,0.000000,15,False,1,3
5974,0x1bc8f2,1.000000,12,True,0,0
5975,0xc04d55,0.333333,10,False,2,2
5976,0x9b56eb,0.000000,15,False,1,3
5977,0x58d513,0.000000,11,False,1,3
5978,0x4acee1,1.000000,12,True,0,0
5979,0x6a2167,0.000000,11,False,1,3
5980,0x9ed4c5,0.666667,13,False,1,1
5981,0xbeaf26,0.000000,15,False,1,3
5982,0xcaf8a2,1.000000,12,True,0,0
5983,0x836af4,1.000000,12,True,0,0
5984,0x49479c,0.000000,11,False,1,3
5985,0x40a018,0.666667,5,False,3,1
5986,0x6519de,0.666667,13,False,1,1
5987,0xa6eac4,1.000000,12,True,0,0
5988,0x77eee5,0.666667,17,False,1,1
5989,0x205e09,1.000000,8,True,0,0
5990,0x8cdac8,0.000000,11,False,1,3
5991,0x2101fc,0.666667,9,False,1,1
5992,0xd62287,0.000000,11,False,1,3
5993,0xf1825f,0.666667,13,False,1,1
5994,0x5a9091,0.666667,9,False,1,1
5995,0xa68fb1,0.666667,13,False,1,1
5996,0x76f303,0.666667,13,False,1,1
5997,0x92b4c5,0.000000,11,False,1,3
5998,0x925f55,0.666667,13,False,1,1
5999,0xf44c35,1.000000,12,True,0,0
6000,0x74d1cf,0.333333,14,False,2,2
6001,0x4bef12,0.666667,13,False,1,1
6002,0x2eb497,0.666667,13,False,1,1
6003,0xc521aa,0.333333,10,False,2,2
6004,0x47582f,1.000000,12,True,0,0
6005,0x6e94b9,0.666667,13,False,1,1
6006,0xccd7e8,0.333333,14,False,2,2
6007,0x966796,0.666667,13,False,1,1
6008,0x22221f,0.666667,9,False,1,1
6009,0x13d4f3,0.666667,13,False,1,1
6010,0x99534,0.666667,9,False,1,1
6011,0xbc8c71,1.000000,12,True,0,0
6012,0x5a987,0.333333,10,False,2,2
6013,0xa5ab1d,0.666667,13,False,1,1
6014,0xa83dee,0.333333,14,False,2,2
6015,0x1b6684,0.333333,10,False,2,2
6016,0x65dd7f,0.666667,17,False,1,1
6017,0x6d5bd9,0.000000,15,False,1,3
6018,0xa6b21e,1.000000,12,True,0,0
6019,0x7cc31,0.333333,10,False,2,2
6020,0x14bab4,0.000000,11,False,1,3
6021,0x93dd4d,0.333333,14,False,2,2
6022,0xd409d7,1.000000,12,True,0,0
6023,0xa63016,0.666667,9,False,1,1
6024,0xe30ec0,0.333333,10,False,2,2
6025,0x321f5f,0.333333,14,False,2,2
6026,0xd560a7,1.000000,12,True,0,0
6027,0x83e1ad,1.000000,12,True,0,0
6028,0x3baebc,0.000000,15,False,1,3
6029,0x90d746,0.000000,11,False,1,3
6030,0x45713d,1.000000,12,True,0,0
6031,0x76dbc4,0.333333,14,False,2,2
6032,0xf6ad79,1.000000,16,True,0,0
6033,0x371da,0.000000,11,False,1,3
6034,0x1c1af,0.333333,10,False,2,2
6035,0xdb09b,0.000000,11,False,1,3
6036,0xd0e814,0.666667,9,False,1,1
6037,0xc2056e,0.333333,10,False,2,2
6038,0xc820d1,1.000000,8,True,0,0
6039,0xafd2f8,0.000000,15,False,1,3
6040,0xe22683,0.333333,10,False,2,2
6041,0xeeea75,1.000000,16,True,0,0
6042,0x539db,1.000000,12,True,0,0
6043,0x3ef913,0.333333,14,False,2,2
6044,0x1112f7,0.000000,11,False,1,3
6045,0xdc5591,1.000000,12,True,0,0
6046,0x1851a7,0.333333,10,False,2,2
6047,0x4b5c0f,1.000000,12,True,0,0
6048,0xaefe05,0.333333,14,False,2,2
6049,0x49aea5,1.000000,12,True,0,0
6050,0xdadf4e,1.000000,16,True,0,0
6051,0x8305bf,1.000000,12,True,0,0
6052,0xfcebd2,1.000000,16,True,0,0
6053,0x9b59e5,0.333333,14,False,2,2
6054,0x3037f7,0.333333,14,False,2,2
6055,0xb01abc,0.000000,11,False,1,3
6056,0xd33198,0.000000,11,False,1,3
6057,0x66d6cc,0.666667,13,False,1,1
6058,0xc5bc8a,1.000000,12,True,0,0
6059,0x7aa048,0.666667,9,False,1,1
6060,0x96985d,1.000000,12,True,0,0
6061,0x9bb649,0.666667,13,False,1,1
6062,0x459dc4,0.000000,11,False,1,3
6063,0xcbc4bb,0.333333,14,False,2,2
6064,0xd18bf0,1.000000,12,True,0,0
6065,0xd52a24,0.333333,10,False,2,2
6066,0xdf0a99,0.666667,13,False,1,1
6067,0x246706,0.666667,9,False,1,1
6068,0x939299,0.000000,11,False,1,3
6069,0x6c09f9,1.000000,12,True,0,0
6070,0xa88500,0.333333,6,False,2,2
6071,0x77a5c1,0.666667,13,False,1,1
6072,0x5a226a,0.333333,10,False,2,2
6073,0x204d1a,1.000000,8,True,0,0
6074,0x5fe731,0.000000,15,False,1,3
6075,0x2c1820,0.333333,6,False,2,2
6076,0x920429,0.000000,7,False,1,3
6077,0x9fbfad,0.333333,18,False,2,2
6078,0xd108c2,1.000000,8,True,0,0
6079,0x96a3f7,0.000000,15,False,1,3
6080,0xb2236e,1.000000,12,True,0,0
6081,0x707fb8,0.333333,14,False,2,2
6082,0x106951,1.000000,8,True,0,0
6083,0x648862,1.000000,8,True,0,0
6084,0x95bf7a,1.000000,16,True,0,0
6085,0xa56495,0.000000,11,False,1,3
6086,0x17ccdf,0.000000,15,False,1,3
6087,0x99983d,1.000000,12,True,0,0
6088,0x70dd89,1.000000,12,True,0,0
6089,0xa82f79,0.666667,13,False,1,1
6090,0xa51191,0.666667,9,False,1,1
6091,0x5a37c,0.000000,11,False,1,3
6092,0x713289,0.333333,10,False,2,2
6093,0x9a8f24,0.000000,11,False,1,3
6094,0xc3972d,0.666667,13,False,1,1
6095,0x23152c,0.666667,9,False,1,1
6096,0xb703f0,1.000000,12,True,0,0
6097,0xa92fa8,1.000000,12,True,0,0
6098,0x3d2b7,1.000000,12,True,0,0
6099,0x6df575,1.000000,16,True,0,0
6100,0x31ca30,0.666667,9,False,1,1
6101,0x22393f,1.000000,12,True,0,0
6102,0x492103,0.000000,7,False,1,3
6103,0xd2fbff,0.000000,19,False,3,3
6104,0x57d62a,0.666667,13,False,1,1
6105,0xded0c0,0.000000,11,False,1,3
6106,0x44579,0.666667,9,False,1,1
6107,0x5e194,0.666667,9,False,1,1
6108,0x1a1146,1.000000,8,True,0,0
6109,0xd33510,0.333333,10,False,2,2
6110,0xb56c22,0.000000,11,False,1,3
6111,0x4c8e54,0.333333,10,False,2,2
6112,0x916e22,0.333333,10,False,2,2
6113,0xb053f3,0.666667,13,False,1,1
6114,0xd0b193,0.000000,11,False,1,3
6115,0xc04806,0.333333,6,False,2,2
6116,0xc8e544,0.333333,10,False,2,2
6117,0xb0adaf,0.333333,14,False,2,2
6118,0x6c760,0.666667,9,False,1,1
6119,0x51f025,0.333333,10,False,2,2
6120,0xb5f208,0.000000,11,False,1,3
6121,0xaa9563,1.000000,12,True,0,0
6122,0x346ea3,1.000000,12,True,0,0
6123,0x6f149,0.333333,10,False,2,2
6124,0xd1ddb9,0.000000,15,False,1,3
6125,0x5580ab,0.333333,10,False,2,2
6126,0x73669f,0.000000,15,False,1,3
6127,0x57f4cd,0.000000,15,False,1,3
6128,0xce66e8,0.666667,13,False,1,1
6129,0x378b1f,0.333333,14,False,2,2
6130,0x798f35,0.333333,14,False,2,2
6131,0xd29faf,1.000000,16,True,0,0
6132,0xbf06cc,0.666667,13,False,1,1
6133,0xb02ae2,0.333333,10,False,2,2
6134,0x8e4b5b,0.666667,13,False,1,1
6135,0xe79c75,0.000000,15,False,1,3
6136,0x7bc71c,0.333333,14,False,2,2
6137,0x10b20b,1.000000,8,True,0,0
6138,0x1182c2,0.000000,7,False,1,3
6139,0x7e0525,0.000000,11,False,1,3
6140,0x56a8b9,1.000000,12,True,0,0
6141,0x895f34,1.000000,12,True,0,0
6142,0x127147,0.333333,10,False,2,2
6143,0xad2b0b,1.000000,12,True,0,0
6144,0xe5dbc9,0.000000,15,False,1,3
6145,0xd39bc2,0.666667,13,False,1,1
6146,0x5341a9,0.333333,10,False,2,2
6147,0xea8f82,1.000000,12,True,0,0
6148,0x4b285a,0.333333,10,False,2,2
6149,0x28073d,0.333333,10,False,2,2
6150,0x81078d,0.666667,9,False,1,1
6151,0xfb2a7d,1.000000,16,True,0,0
6152,0x731101,1.000000,8,True,0,0
6153,0xfed75,0.000000,15,False,1,3
6154,0xe33293,1.000000,12,True,0,0
6155,0xf904bf,0.333333,14,False,2,2
6156,0x2dce46,1.000000,12,True,0,0
6157,0x404bfd,1.000000,12,True,0,0
6158,0x302195,1.000000,8,True,0,0
6159,0xb0b316,0.000000,11,False,1,3
6160,0xf0cca3,1.000000,12,True,0,0
6161,0x703e49,0.000000,11,False,1,3
6162,0x14abc6,0.000000,11,False,1,3
6163,0x7d11cd,0.666667,13,False,1,1
6164,0xa7f6b7,0.666667,17,False,1,1
6165,0x4680bf,0.000000,11,False,1,3
6166,0x69f992,0.666667,13,False,1,1
6167,0x9083a1,1.000000,8,True,0,0
6168,0x9ae748,1.000000,12,True,0,0
6169,0x9f7800,0.333333,10,False,2,2
6170,0x447dcf,0.333333,14,False,2,2
6171,0xdeb7e5,0.666667,17,False,1,1
6172,0x550d29,0.333333,10,False,2,2
6173,0x2d3dd1,0.666667,13,False,1,1
6174,0xc69c17,1.000000,12,True,0,0
6175,0x834792,0.333333,10,False,2,2
6176,0x630987,0.333333,10,False,2,2
6177,0xe43fbe,1.000000,16,True,0,0
6178,0xe4fd5b,1.000000,16,True,0,0
6179,0x425970,0.666667,9,False,1,1
6180,0xe79649,0.666667,13,False,1,1
6181,0x1589b5,0.000000,11,False,1,3
6182,0xd92d06,0.000000,11,False,1,3
6183,0xafad53,0.000000,15,False,1,3
6184,0x34d85a,0.000000,11,False,1,3
6185,0x7b6c37,0.000000,15,False,1,3
6186,0x24205b,1.000000,8,True,0,0
6187,0x444b82,1.000000,8,True,0,0
6188,0x5f53d1,0.333333,14,False,2,2
6189,0x45fce1,0.666667,13,False,1,1
6190,0x89ad6f,0.333333,14,False,2,2
6191,0x4310d1,1.000000,8,True,0,0
6192,0xecdcaa,0.333333,14,False,2,2
6193,0xd1936c,1.000000,12,True,0,0
6194,0x326a7a,1.000000,12,True,0,0
6195,0x676855,1.000000,12,True,0,0
6196,0x40d72f,1.000000,12,True,0,0
6197,0x8ce249,0.333333,10,False,2,2
6198,0x28c57e,1.000000,12,True,0,0
6199,0xce66e8,0.666667,13,False,1,1
6200,0x67a75a,0.333333,14,False,2,2
6201,0x5ee01d,1.000000,12,True,0,0
6202,0x3d6174,1.000000,12,True,0,0
6203,0x70e991,0.000000,11,False,1,3
6204,0x87a5c0,0.333333,10,False,2,2
6205,0xb5af47,0.000000,15,False,1,3
6206,0x5a0d27,0.000000,11,False,1,3
6207,0x529ffc,0.000000,15,False,1,3
6208,0x4b106c,0.666667,9,False,1,1
6209,0x8b3736,0.666667,13,False,1,1
6210,0x7be1c3,0.333333,14,False,2,2
6211,0x8b658c,0.000000,11,False,1,3
6212,0x197b1,0.333333,10,False,2,2
6213,0xd90d7f,0.000000,15,False,1,3
6214,0xff47d5,0.666667,17,False,1,1
6215,0x6c6ca5,1.000000,12,True,0,0
6216,0xfcf971,1.000000,16,True,0,0
6217,0x27a220,1.000000,8,True,0,0
6218,0xc3f890,0.000000,11,False,1,3
6219,0x4d93b3,0.666667,13,False,1,1
6220,0xca3287,0.000000,11,False,1,3
6221,0x161658,0.666667,9,False,1,1
6222,0xd0bfe9,0.000000,15,False,1,3
6223,0xe20bfc,0.666667,13,False,1,1
6224,0xb9e3b9,0.000000,15,False,1,3
6225,0xa5647d,0.666667,13,False,1,1
6226,0x34b7c0,0.000000,11,False,1,3
6227,0xddca56,0.333333,14,False,2,2
6228,0xa0880,1.000000,4,False,4,0
6229,0x2d84e8,0.333333,10,False,2,2
6230,0x76697c,0.333333,14,False,2,2
6231,0x374bc4,1.000000,12,True,0,0
6232,0x56669e,0.666667,13,False,1,1
6233,0x96ba4c,1.000000,12,True,0,0
6234,0x700f36,0.000000,11,False,1,3
6235,0x1fb25b,0.333333,14,False,2,2
6236,0xc7a2c4,0.000000,11,False,1,3
6237,0xb9b2ef,1.000000,16,True,0,0
6238,0x6a8782,0.333333,10,False,2,2
6239,0xea74e1,0.666667,13,False,1,1
6240,0x84c4bf,1.000000,12,True,0,0
6241,0x818604,0.333333,6,False,2,2
6242,0xba217e,0.666667,13,False,1,1
6243,0xd6fa51,0.333333,14,False,2,2
6244,0x2166a3,0.333333,10,False,2,2
6245,0xa7c62c,1.000000,12,True,0,0
6246,0x352fea,0.333333,14,False,2,2
6247,0xa4d634,0.000000,11,False,1,3
6248,0xed8a19,1.000000,12,True,0,0
6249,0x52f282,0.333333,10,False,2,2
6250,0x37460b,0.000000,11,False,1,3
6251,0xa0b270,0.666667,9,False,1,1
6252,0x23a0ad,0.333333,10,False,2,2
6253,0xfd9ef1,0.666667,17,False,1,1
6254,0xeb3b54,0.333333,14,False,2,2
6255,0xbd806d,1.000000,12,True,0,0
6256,0xad875a,0.666667,13,False,1,1
6257,0x1e0cfc,1.000000,12,True,0,0
6258,0x811b27,0.333333,10,False,2,2
6259,0xe3799f,1.000000,16,True,0,0
6260,0xced600,0.333333,10,False,2,2
6261,0xb48ab6,1.000000,12,True,0,0
6262,0x915f0a,0.000000,11,False,1,3
6263,0x83061,0.333333,6,False,2,2
6264,0x4556bd,0.666667,13,False,1,1
6265,0x315f05,0.000000,11,False,1,3
6266,0x9029b2,0.666667,9,False,1,1
6267,0x9f4168,0.000000,11,False,1,3
6268,0xe822ff,0.333333,14,False,2,2
6269,0x1a24e8,0.666667,9,False,1,1
6270,0x6570ab,1.000000,12,True,0,0
6271,0x5300dd,0.333333,10,False,2,2
6272,0xe3fb9b,0.666667,17,False,1,1
6273,0xc244ca,0.666667,9,False,1,1
6274,0x55ca85,0.000000,11,False,1,3
6275,0x5fde2c,0.000000,15,False,1,3
6276,0xc91978,0.000000,11,False,1,3
6277,0xcff78,0.333333,14,False,2,2
6278,0x137a9e,0.666667,13,False,1,1
6279,0x5834af,1.000000,12,True,0,0
6280,0xdff16d,0.666667,17,False,1,1
6281,0x738374,1.000000,12,True,0,0
6282,0x582f1,0.666667,9,False,1,1
6283,0xd73c2b,0.333333,14,False,2,2
6284,0x72eed0,0.666667,13,False,1,1
6285,0xa7b137,0.333333,14,False,2,2
6286,0xf7a7e9,0.666667,17,False,1,1
6287,0x73b179,0.333333,14,False,2,2
6288,0x3e61cd,0.666667,13,False,1,1
6289,0x27cd62,1.000000,12,True,0,0
6290,0xe4a233,0.000000,11,False,1,3
6291,0xca166c,0.000000,11,False,1,3
6292,0x3117bf,0.333333,14,False,2,2
6293,0x84d2f9,1.000000,12,True,0,0
6294,0xa62ffd,1.000000,16,True,0,0
6295,0x3fedb2,1.000000,16,True,0,0
6296,0xf778da,1.000000,16,True,0,0
6297,0x25938e,0.000000,11,False,1,3
6298,0x948c85,0.666667,9,False,1,1
6299,0x1fdc65,0.333333,14,False,2,2
6300,0x4659cb,1.000000,12,True,0,0
6301,0x3d9318,0.000000,11,False,1,3
6302,0xd42eb0,0.000000,11,False,1,3
6303,0xe29851,0.333333,10,False,2,2
6304,0x926cea,1.000000,12,True,0,0
6305,0xae4a88,0.333333,10,False,2,2
6306,0x4a85be,1.000000,12,True,0,0
6307,0x8f417e,0.666667,13,False,1,1
6308,0xf5a09e,0.666667,13,False,1,1
6309,0x951444,1.000000,8,True,0,0
6310,0xff6a5a,1.000000,16,True,0,0
6311,0xc1925c,0.333333,10,False,2,2
6312,0xbdb92f,1.000000,16,True,0,0
6313,0xc1f92c,1.000000,12,True,0,0
6314,0xeacd2f,0.000000,15,False,1,3
6315,0xf1e7a7,1.000000,16,True,0,0
6316,0xa5688a,0.333333,10,False,2,2
6317,0xb7a032,0.000000,11,False,1,3
6318,0x4cdfd5,0.000000,15,False,1,3
6319,0x163fce,0.333333,14,False,2,2
6320,0xa8557b,0.666667,13,False,1,1
6321,0xed2370,1.000000,12,True,0,0
6322,0x3329a1,0.333333,10,False,2,2
6323,0x572c7b,0.333333,14,False,2,2
6324,0x396406,0.666667,9,False,1,1
6325,0xc0c005,0.333333,6,False,2,2
6326,0x75071c,0.000000,11,False,1,3
6327,0x9a953f,0.333333,14,False,2,2
6328,0xf3f19c,0.000000,15,False,1,3
6329,0xe9258c,0.000000,11,False,1,3
6330,0x9ce289,0.000000,11,False,1,3
6331,0xad2a6,0.333333,10,False,2,2
6332,0xa08a4e,0.666667,9,False,1,1
6333,0x56f9b,0.666667,13,False,1,1
6334,0xfa6bb4,0.000000,15,False,1,3
6335,0x5a1671,0.000000,11,False,1,3
6336,0x1bd48c,0.000000,11,False,1,3
6337,0xee2749,0.666667,13,False,1,1
6338,0x97df9d,0.666667,17,False,1,1
6339,0x155a10,1.000000,8,True,0,0
6340,0xa0ce04,1.000000,8,True,0,0
6341,0xfd9e61,0.000000,15,False,1,3
6342,0xd916c,0.333333,10,False,2,2
6343,0x59de37,0.000000,15,False,1,3
6344,0x68efc,1.000000,12,True,0,0
6345,0xaf11c,0.333333,10,False,2,2
6346,0x78a665,1.000000,12,True,0,0
6347,0x21032a,0.000000,7,False,1,3
6348,0x60d4ae,0.000000,11,False,1,3
6349,0x88257d,0.000000,11,False,1,3
6350,0x3cf7d,0.333333,14,False,2,2
6351,0x11595a,0.333333,10,False,2,2
6352,0x228025,0.333333,6,False,2,2
6353,0xc509bd,1.000000,12,True,0,0
6354,0xefacbd,0.666667,17,False,1,1
6355,0xc265f9,0.666667,13,False,1,1
6356,0xe7b52d,0.000000,15,False,1,3
6357,0xccc49a,0.000000,11,False,1,3
6358,0x7597e1,0.333333,14,False,2,2
6359,0xcef6ec,1.000000,16,True,0,0
6360,0x905e3,0.666667,9,False,1,1
6361,0xdb4ea7,0.000000,15,False,1,3
6362,0xf0a093,0.333333,10,False,2,2
6363,0xb5ae76,0.000000,15,False,1,3
6364,0x5e73af,1.000000,16,True,0,0
6365,0x4585d5,0.000000,11,False,1,3
6366,0x7c5555,0.666667,13,False,1,1
6367,0x8af2b,0.000000,11,False,1,3
6368,0xe974f0,0.666667,13,False,1,1
6369,0x9a56ba,0.666667,13,False,1,1
6370,0xa0fe4d,0.666667,13,False,1,1
6371,0x8ec068,0.666667,9,False,1,1
6372,0x626a71,0.000000,11,False,1,3
6373,0x7ebbc2,0.000000,15,False,1,3
6374,0xf537a5,0.000000,15,False,1,3
6375,0xbf8dfe,0.333333,18,False,2,2
6376,0x14595d,0.000000,11,False,1,3
6377,0xde62a4,1.000000,12,True,0,0
6378,0xda70ec,0.666667,13,False,1,1
6379,0x5da092,0.333333,10,False,2,2
6380,0x6471f6,0.666667,13,False,1,1
6381,0x11f042,1.000000,8,True,0,0
6382,0x130250,0.333333,6,False,2,2
6383,0x73adc1,0.666667,13,False,1,1
6384,0xd08128,0.000000,7,False,1,3
6385,0x9cb02a,0.333333,10,False,2,2
6386,0xcd68ca,1.000000,12,True,0,0
6387,0x187849,0.666667,9,False,1,1
6388,0xc5b1d9,0.666667,13,False,1,1
6389,0x454613,0.666667,9,False,1,1
6390,0xfb743,0.666667,13,False,1,1
6391,0x492107,1.000000,8,True,0,0
6392,0x5fcb4c,0.333333,14,False,2,2
6393,0xab711,0.333333,10,False,2,2
6394,0x781c96,0.000000,11,False,1,3
6395,0xf8564c,1.000000,12,True,0,0
6396,0xef301a,1.000000,12,True,0,0
6397,0x626f2,0.333333,10,False,2,2
6398,0xc8f32b,0.666667,13,False,1,1
6399,0xd9f8d3,0.000000,15,False,1,3
6400,0xcef62,1.000000,12,True,0,0
6401,0x3f194f,0.333333,14,False,2,2
6402,0x6290ed,0.000000,11,False,1,3
6403,0x550ba8,0.333333,10,False,2,2
6404,0xc89230,1.000000,8,True,0,0
6405,0x58b41,1.000000,8,True,0,0
6406,0xa5a357,0.666667,13,False,1,1
6407,0x13b61e,1.000000,12,True,0,0
6408,0x674dfe,1.000000,16,True,0,0
6409,0xcb01db,1.000000,12,True,0,0
6410,0x15ec8c,0.000000,11,False,1,3
6411,0x9ccba2,1.000000,12,True,0,0
6412,0x578e16,1.000000,12,True,0,0
6413,0x787277,0.333333,14,False,2,2
6414,0x5adb81,1.000000,12,True,0,0
6415,0x2c44f4,0.333333,10,False,2,2
6416,0x232d95,0.000000,11,False,1,3
6417,0xc21fb0,0.000000,11,False,1,3
6418,0x900497,1.000000,8,True,0,0
6419,0x34f733,0.333333,14,False,2,2
6420,0x9348a6,0.333333,10,False,2,2
6421,0x5ad3c8,1.000000,12,True,0,0
6422,0x126ce9,0.000000,11,False,1,3
6423,0x1ce61a,0.000000,11,False,1,3
6424,0x4032be,0.333333,10,False,2,2
6425,0x8b2879,0.000000,11,False,1,3
6426,0xe84124,1.000000,8,True,0,0
6427,0xf1bb42,0.666667,13,False,1,1
6428,0x92286e,0.333333,10,False,2,2
6429,0x58345e,0.000000,11,False,1,3
6430,0xc5b3a4,1.000000,12,True,0,0
6431,0x7f26fe,0.666667,17,False,1,1
6432,0xd9cefd,0.666667,17,False,1,1
6433,0x4ea3c6,1.000000,12,True,0,0
6434,0x66a765,0.666667,13,False,1,1
6435,0x610d9c,0.333333,10,False,2,2
6436,0x5c7172,1.000000,12,True,0,0
6437,0x1f0f63,0.666667,13,False,1,1
6438,0xa3e8c2,0.000000,11,False,1,3
6439,0x353ef8,0.333333,14,False,2,2
6440,0x19ce46,0.000000,11,False,1,3
6441,0x7f05f,0.666667,13,False,1,1
6442,0xba6eb2,0.333333,14,False,2,2
6443,0x8aade,0.000000,11,False,1,3
6444,0x4152ca,0.666667,9,False,1,1
6445,0x4989e4,0.333333,10,False,2,2
6446,0x946027,0.666667,9,False,1,1
6447,0x32a48,0.000000,7,False,1,3
6448,0x8a37b9,0.666667,13,False,1,1
6449,0x2ab965,1.000000,12,True,0,0
6450,0xdcb78b,0.000000,15,False,1,3
6451,0x2d61d5,1.000000,12,True,0,0
6452,0x198422,0.000000,7,False,1,3
6453,0xfec794,0.000000,15,False,1,3
6454,0xaf0e08,0.333333,10,False,2,2
6455,0x7125eb,0.666667,13,False,1,1
6456,0x78ea7b,0.000000,15,False,1,3
6457,0xab03d9,1.000000,12,True,0,0
6458,0xab3c29,1.000000,12,True,0,0
6459,0x2e9e1c,1.000000,12,True,0,0
6460,0x2c9396,0.000000,11,False,1,3
6461,0xb78067,1.000000,12,True,0,0
6462,0x3681f7,0.666667,13,False,1,1
6463,0xf7f0ff,0.000000,19,False,3,3
6464,0x463fec,0.333333,14,False,2,2
6465,0x87ea73,0.333333,14,False,2,2
6466,0x63d987,0.666667,13,False,1,1
6467,0x2a12b7,0.000000,11,False,1,3
6468,0xed0329,0.000000,11,False,1,3
6469,0x752d64,1.000000,12,True,0,0
6470,0x5ab7d4,0.333333,14,False,2,2
6471,0x78a0d3,0.000000,11,False,1,3
6472,0x22ad4d,0.000000,11,False,1,3
6473,0x525787,1.000000,12,True,0,0
6474,0x1e03b2,0.333333,10,False,2,2
6475,0x95a4e,0.333333,10,False,2,2
6476,0xcc2e56,1.000000,12,True,0,0
6477,0x502301,0.333333,6,False,2,2
6478,0xc2c7ec,0.666667,13,False,1,1
6479,0x36ae67,0.333333,14,False,2,2
6480,0x9fb33f,0.666667,17,False,1,1
6481,0x13daef,0.000000,15,False,1,3
6482,0x9997c4,1.000000,12,True,0,0
6483,0xac0538,0.666667,9,False,1,1
6484,0x7cf186,0.666667,13,False,1,1
6485,0xe6ab46,0.666667,13,False,1,1
6486,0x71e3d7,0.000000,15,False,1,3
6487,0x1c7f07,0.666667,13,False,1,1
6488,0xc19495,0.333333,10,False,2,2
6489,0x3a94cb,1.000000,12,True,0,0
6490,0xa4b71e,0.666667,13,False,1,1
6491,0x78002f,0.666667,9,False,1,1
6492,0x75c35a,0.666667,13,False,1,1
6493,0x5a464d,0.000000,11,False,1,3
6494,0xd2829b,0.000000,11,False,1,3
6495,0x8a08dc,0.666667,9,False,1,1
6496,0xedff4f,0.000000,19,False,3,3
6497,0x4407c6,0.666667,9,False,1,1
6498,0xc992de,0.666667,13,False,1,1
6499,0xdb3d1,1.000000,12,True,0,0
6500,0x8d72c8,0.000000,11,False,1,3
6501,0xb90859,0.333333,10,False,2,2
6502,0x28fca0,0.333333,10,False,2,2
6503,0xc8cb31,0.000000,11,False,1,3
6504,0x6de955,0.333333,14,False,2,2
6505,0xced42a,1.000000,12,True,0,0
6506,0x3b470d,1.000000,12,True,0,0
6507,0x4d1e7f,0.000000,15,False,1,3
6508,0xa3ab1,0.333333,10,False,2,2
6509,0x8acd6d,0.666667,13,False,1,1
6510,0xab097,0.333333,10,False,2,2
6511,0xe54386,0.000000,11,False,1,3
6512,0x1f0d2f,0.666667,13,False,1,1
6513,0xc6a6c8,0.000000,11,False,1,3
6514,0x606355,0.333333,10,False,2,2
6515,0x429eda,1.000000,12,True,0,0
6516,0xed2d87,0.333333,14,False,2,2
6517,0xfd9bd1,1.000000,16,True,0,0
6518,0xf18236,0.000000,11,False,1,3
6519,0x77c4b3,0.333333,14,False,2,2
6520,0xb5418c,0.333333,10,False,2,2
6521,0xf663c,1.000000,12,True,0,0
6522,0xa8fc31,1.000000,12,True,0,0
6523,0xcd03e9,1.000000,12,True,0,0
6524,0x48be7d,0.333333,14,False,2,2
6525,0xf002d0,1.000000,8,True,0,0
6526,0x50eab3,1.000000,12,True,0,0
6527,0xdb9e41,0.666667,13,False,1,1
6528,0x3da511,0.000000,11,False,1,3
6529,0x448a2c,1.000000,8,True,0,0
6530,0x514555,0.333333,10,False,2,2
6531,0x85eed4,0.666667,13,False,1,1
6532,0xebdf68,1.000000,16,True,0,0
6533,0x159019,1.000000,8,True,0,0
6534,0xc6f1da,0.333333,14,False,2,2
6535,0xe54c84,0.333333,10,False,2,2
6536,0x6ccc54,0.000000,11,False,1,3
6537,0xa065c3,0.333333,10,False,2,2
6538,0x9ec423,0.000000,11,False,1,3
6539,0x991932,0.333333,10,False,2,2
6540,0x7e9dd0,0.333333,14,False,2,2
6541,0xea9e04,0.000000,11,False,1,3
6542,0x42e976,1.000000,12,True,0,0
6543,0x80d3c0,1.000000,8,True,0,0
6544,0xc60c94,0.666667,9,False,1,1
6545,0x1c1bd1,0.000000,11,False,1,3
6546,0x1e198b,0.000000,11,False,1,3
6547,0x25e388,0.333333,10,False,2,2
6548,0xa36eab,0.333333,14,False,2,2
6549,0xb1d052,0.333333,10,False,2,2
6550,0xb5ec2a,0.666667,13,False,1,1
6551,0xc4d0e3,0.000000,11,False,1,3
6552,0x61ea33,1.000000,12,True,0,0
6553,0x1a17b8,0.000000,11,False,1,3
6554,0x4ee80b,0.000000,11,False,1,3
6555,0xa8c393,0.000000,11,False,1,3
6556,0x5fdeb4,1.000000,16,True,0,0
6557,0xe5375e,0.000000,15,False,1,3
6558,0x3d5ff9,0.666667,17,False,1,1
6559,0x3fa294,1.000000,12,True,0,0
6560,0x9e05fb,0.333333,14,False,2,2
6561,0xa727cc,0.666667,13,False,1,1
6562,0xba1fa3,0.333333,14,False,2,2
6563,0xa1399c,0.000000,11,False,1,3
6564,0x109106,0.333333,6,False,2,2
6565,0x780be6,1.000000,12,True,0,0
6566,0xdaf78c,0.000000,15,False,1,3
6567,0xa30fbd,0.333333,14,False,2,2
6568,0xc2a5b1,0.000000,11,False,1,3
6569,0xa64f52,1.000000,12,True,0,0
6570,0xf0a755,0.666667,13,False,1,1
6571,0xf4d8b4,0.666667,13,False,1,1
6572,0x80b6e5,0.000000,11,False,1,3
6573,0x41ad6f,0.666667,13,False,1,1
6574,0xb5ca3b,0.333333,14,False,2,2
6575,0x3dfe66,1.000000,16,True,0,0
6576,0xbeb0f8,0.333333,14,False,2,2
6577,0xe3db31,0.333333,14,False,2,2
6578,0x5ab36e,0.333333,14,False,2,2
6579,0x4c2fd1,1.000000,12,True,0,0
6580,0xf31c32,1.000000,12,True,0,0
6581,0x94596b,1.000000,12,True,0,0
6582,0xaf46f9,0.000000,15,False,1,3
6583,0x6275f9,0.333333,14,False,2,2
6584,0xd43d56,0.666667,13,False,1,1
6585,0x44f3e9,0.666667,13,False,1,1
6586,0xc19d9d,0.666667,13,False,1,1
6587,0x25cddc,0.666667,13,False,1,1
6588,0x37e231,1.000000,12,True,0,0
6589,0x5c8f05,0.000000,11,False,1,3
6590,0x361969,0.000000,11,False,1,3
6591,0x2a2495,0.666667,9,False,1,1
6592,0x3d8ec5,0.666667,13,False,1,1
6593,0x87102a,1.000000,8,True,0,0
6594,0x1bff82,0.333333,14,False,2,2
6595,0xc2c776,0.666667,13,False,1,1
6596,0x8af566,0.666667,13,False,1,1
6597,0xa595c5,1.000000,12,True,0,0
6598,0x6dd86c,0.666667,13,False,1,1
6599,0x3f0fa8,0.666667,13,False,1,1
6600,0xac4740,0.666667,9,False,1,1
6601,0xe39c2b,0.666667,13,False,1,1
6602,0xf664f,0.666667,13,False,1,1
6603,0xe958f4,0.666667,13,False,1,1
6604,0x9486fe,0.666667,13,False,1,1
6605,0x178e40,0.666667,9,False,1,1
6606,0x5cbd61,0.666667,13,False,1,1
6607,0xfac8c1,1.000000,12,True,0,0
6608,0xae06fb,0.333333,14,False,2,2
6609,0xe34817,0.000000,11,False,1,3
6610,0x396489,0.333333,10,False,2,2
6611,0x12f15f,0.666667,13,False,1,1
6612,0xca48d2,0.333333,10,False,2,2
6613,0xc20804,0.666667,5,False,3,1
6614,0x1026ac,1.000000,8,True,0,0
6615,0x9665c9,1.000000,12,True,0,0
6616,0x794c26,0.000000,11,False,1,3
6617,0xd1e3ae,0.333333,14,False,2,2
6618,0x38a4b7,1.000000,12,True,0,0
6619,0x8619d,0.666667,9,False,1,1
6620,0xf29c7c,0.333333,14,False,2,2
6621,0xff61b1,0.000000,15,False,1,3
6622,0x8ac82f,0.000000,11,False,1,3
6623,0x2e5d65,0.666667,13,False,1,1
6624,0x510e3c,0.333333,10,False,2,2
6625,0x13a668,0.333333,10,False,2,2
6626,0xff2d61,0.000000,15,False,1,3
6627,0x60ef2a,1.000000,12,True,0,0
6628,0x2dbed1,0.333333,14,False,2,2
6629,0x973fb1,0.000000,15,False,1,3
6630,0x767567,0.000000,15,False,1,3
6631,0x8a9711,0.333333,10,False,2,2
6632,0xbc2a6b,0.666667,13,False,1,1
6633,0xb503d4,0.000000,11,False,1,3
6634,0x6c9dc2,1.000000,12,True,0,0
6635,0xc3156a,0.000000,11,False,1,3
6636,0x5ac297,1.000000,12,True,0,0
6637,0xc3b33e,0.333333,14,False,2,2
6638,0x92a3b1,0.000000,11,False,1,3
6639,0x4676e1,1.000000,12,True,0,0
6640,0x8d88ff,0.333333,14,False,2,2
6641,0x75d732,0.333333,14,False,2,2
6642,0xdee393,0.000000,15,False,1,3
6643,0x66e23b,0.666667,13,False,1,1
6644,0x34cb71,1.000000,12,True,0,0
6645,0x63ce21,0.000000,11,False,1,3
6646,0x9ffe2f,0.333333,18,False,2,2
6647,0xf0632d,1.000000,12,True,0,0
6648,0x8050ef,0.333333,10,False,2,2
6649,0xc87ece,0.333333,14,False,2,2
6650,0x312b89,0.333333,10,False,2,2
6651,0xd8eb88,1.000000,12,True,0,0
6652,0x7b6fc5,1.000000,16,True,0,0
6653,0xa94586,0.333333,10,False,2,2
6654,0xa8d789,1.000000,12,True,0,0
6655,0xf3245f,0.333333,14,False,2,2
6656,0x741d24,0.333333,10,False,2,2
6657,0x4a662e,0.000000,11,False,1,3
6658,0xe9015f,1.000000,12,True,0,0
6659,0xdbc68f,0.000000,15,False,1,3
6660,0x7da9c0,1.000000,12,True,0,0
6661,0xca9997,0.666667,13,False,1,1
6662,0x99cc7d,0.333333,14,False,2,2
6663,0x4d8db,0.000000,11,False,1,3
6664,0x98e23c,0.000000,11,False,1,3
6665,0xeeed5f,0.333333,18,False,2,2
6666,0xa306ed,1.000000,12,True,0,0
6667,0xe44aae,1.000000,12,True,0,0
6668,0x421cf9,0.000000,11,False,1,3
6669,0x96a219,0.333333,10,False,2,2
6670,0x4f16d2,1.000000,12,True,0,0
6671,0xaaffde,0.333333,18,False,2,2
6672,0xb12139,0.333333,10,False,2,2
6673,0xf1c997,0.333333,14,False,2,2
6674,0x2da7bf,1.000000,16,True,0,0
6675,0x443c92,0.666667,9,False,1,1
6676,0xbe1efb,0.666667,17,False,1,1
6677,0xc8fb4c,0.666667,13,False,1,1
6678,0xb4f2d0,1.000000,12,True,0,0
6679,0x1c7cf4,0.666667,13,False,1,1
6680,0x865003,0.000000,7,False,1,3
6681,0x2695c5,0.000000,11,False,1,3
6682,0x365b3b,0.333333,14,False,2,2
6683,0x3e6a15,1.000000,12,True,0,0
6684,0x1ba5cd,0.666667,13,False,1,1
6685,0xf92342,0.000000,11,False,1,3
6686,0x7a5a94,1.000000,12,True,0,0
6687,0xb3c440,0.666667,9,False,1,1
6688,0xb5b63c,0.333333,14,False,2,2
6689,0x3075bc,1.000000,12,True,0,0
6690,0x20b05e,0.666667,9,False,1,1
6691,0xf89329,1.000000,12,True,0,0
6692,0x5cf3bb,1.000000,16,True,0,0
6693,0x9a8957,1.000000,12,True,0,0
6694,0xb2f0d0,0.000000,11,False,1,3
6695,0x6624e4,0.333333,10,False,2,2
6696,0x2d2a9,0.666667,9,False,1,1
6697,0xbb18b5,0.666667,13,False,1,1
6698,0xac0d1d,0.000000,11,False,1,3
6699,0xd7e0e0,1.000000,12,True,0,0
6700,0x7bec98,0.333333,14,False,2,2
6701,0xa99080,0.000000,7,False,1,3
6702,0xdb414f,0.666667,13,False,1,1
6703,0x10fa92,0.333333,10,False,2,2
6704,0x9806d1,0.666667,9,False,1,1
6705,0x7e7b4d,1.000000,16,True,0,0
6706,0xf289c4,0.000000,11,False,1,3
6707,0xb8ab27,0.666667,13,False,1,1
6708,0xe8c92,0.666667,9,False,1,1
6709,0xa2c972,0.000000,11,False,1,3
6710,0xac4638,0.333333,10,False,2,2
6711,0xb98f8e,0.333333,14,False,2,2
6712,0xdfa837,0.000000,15,False,1,3
6713,0x8fead3,0.000000,15,False,1,3
6714,0xbfd2b2,0.000000,15,False,1,3
6715,0x7cd000,1.000000,8,True,0,0
6716,0x4fc1cb,0.666667,13,False,1,1
6717,0x7c54b2,1.000000,12,True,0,0
6718,0x8d7a90,0.000000,11,False,1,3
6719,0xc1f50f,0.666667,13,False,1,1
6720,0x4ddb2d,0.333333,14,False,2,2
6721,0x748ed8,1.000000,12,True,0,0
6722,0x8bcf82,1.000000,12,True,0,0
6723,0xdee427,0.333333,14,False,2,2
6724,0x4254a6,0.666667,9,False,1,1
6725,0x7c8c9e,0.666667,13,False,1,1
6726,0x1aa0ed,0.000000,11,False,1,3
6727,0xdab2fe,1.000000,16,True,0,0
6728,0x9ca6a0,0.333333,10,False,2,2
6729,0x29b46c,0.000000,11,False,1,3
6730,0x112924,0.000000,7,False,1,3
6731,0x9753e3,0.333333,14,False,2,2
6732,0xc40019,0.333333,6,False,2,2
6733,0x30ff8b,0.333333,14,False,2,2
6734,0xdad71b,0.000000,15,False,1,3
6735,0xc98e9a,1.000000,12,True,0,0
6736,0x1cb035,0.333333,10,False,2,2
6737,0xafc182,0.000000,11,False,1,3
6738,0xe841de,1.000000,12,True,0,0
6739,0x385598,0.333333,10,False,2,2
6740,0x4f5fa2,0.333333,14,False,2,2
6741,0x68e630,0.333333,10,False,2,2
6742,0x24d33d,1.000000,12,True,0,0
6743,0x218784,1.000000,8,True,0,0
6744,0xa1873a,0.000000,11,False,1,3
6745,0xe52848,0.666667,9,False,1,1
6746,0x20244c,0.333333,6,False,2,2
6747,0x3f3877,0.000000,15,False,1,3
6748,0x6fd71f,0.666667,17,False,1,1
6749,0x122113,0.000000,7,False,1,3
6750,0x17989,0.666667,9,False,1,1
6751,0x58c450,1.000000,8,True,0,0
6752,0xe30ffc,0.000000,15,False,1,3
6753,0x8ae55c,1.000000,12,True,0,0
6754,0xd09c37,1.000000,12,True,0,0
6755,0xa2696e,1.000000,12,True,0,0
6756,0x9572,1.000000,8,True,0,0
6757,0xf5f65a,1.000000,16,True,0,0
6758,0x3f827,0.000000,11,False,1,3
6759,0x7653bb,0.000000,15,False,1,3
6760,0x976522,0.000000,11,False,1,3
6761,0x431672,0.333333,10,False,2,2
6762,0x18ac93,0.333333,10,False,2,2
6763,0xef6e38,0.000000,15,False,1,3
6764,0xd1e2e,0.000000,11,False,1,3
6765,0x652c9b,1.000000,12,True,0,0
6766,0xa985d1,0.000000,11,False,1,3
6767,0x434bb5,1.000000,12,True,0,0
6768,0x1e7da0,1.000000,12,True,0,0
6769,0xc70f88,0.000000,11,False,1,3
6770,0x6ce96f,0.000000,15,False,1,3
6771,0x87e17d,0.333333,14,False,2,2
6772,0x96f96c,0.333333,14,False,2,2
6773,0xdc75c2,0.666667,13,False,1,1
6774,0xbbc63f,1.000000,16,True,0,0
6775,0x304f65,0.000000,11,False,1,3
6776,0x8246f5,0.000000,11,False,1,3
6777,0xe937cd,0.000000,15,False,1,3
6778,0xd1cf67,0.000000,15,False,1,3
6779,0x61f856,1.000000,12,True,0,0
6780,0x59a5b2,1.000000,12,True,0,0
6781,0xb07270,0.333333,10,False,2,2
6782,0x2f2b1c,1.000000,12,True,0,0
6783,0xe922fe,0.333333,14,False,2,2
6784,0x703a0d,0.333333,10,False,2,2
6785,0x2a6d32,0.000000,11,False,1,3
6786,0x737689,0.666667,13,False,1,1
6787,0x43d86a,0.000000,11,False,1,3
6788,0x157067,0.000000,11,False,1,3
6789,0xe458b9,1.000000,12,True,0,0
6790,0x55e692,1.000000,12,True,0,0
6791,0x77f588,0.333333,14,False,2,2
6792,0xc596da,0.666667,13,False,1,1
6793,0x7060de,0.000000,11,False,1,3
6794,0x452a06,1.000000,8,True,0,0
6795,0x139dc2,0.000000,11,False,1,3
6796,0xc704c1,0.666667,9,False,1,1
6797,0xc028a3,1.000000,8,True,0,0
6798,0xb16a97,0.666667,13,False,1,1
6799,0x13300b,1.000000,8,True,0,0
6800,0xa4374e,1.000000,12,True,0,0
6801,0xf5b983,0.333333,14,False,2,2
6802,0x359670,0.000000,11,False,1,3
6803,0x1266fb,0.666667,13,False,1,1
6804,0xb13165,0.000000,11,False,1,3
6805,0x3fc201,0.333333,10,False,2,2
6806,0x6d18b9,1.000000,12,True,0,0
6807,0x7ddedc,0.666667,17,False,1,1
6808,0x6f9f96,1.000000,16,True,0,0
6809,0xf37237,0.000000,15,False,1,3
6810,0xe97318,1.000000,12,True,0,0
6811,0x49f4a0,0.333333,10,False,2,2
6812,0x1744c7,0.000000,11,False,1,3
6813,0xccaeb1,0.666667,13,False,1,1
6814,0x564319,0.333333,10,False,2,2
6815,0x5aa30b,0.000000,11,False,1,3
6816,0x92ac4c,0.333333,10,False,2,2
6817,0x7d6304,0.000000,11,False,1,3
6818,0xbf1d32,0.333333,14,False,2,2
6819,0x940b58,0.666667,9,False,1,1
6820,0xa16289,0.666667,9,False,1,1
6821,0xaabc32,1.000000,12,True,0,0
6822,0xc88c34,0.666667,9,False,1,1
6823,0x15e1ef,0.333333,14,False,2,2
6824,0x2d6cca,1.000000,12,True,0,0
6825,0x59a80a,0.666667,9,False,1,1
6826,0xe6495f,0.333333,14,False,2,2
6827,0x65b4a9,1.000000,12,True,0,0
6828,0x8d755a,0.666667,13,False,1,1
6829,0xcfd264,0.666667,13,False,1,1
6830,0x16755e,0.666667,13,False,1,1
6831,0xd5ce35,0.333333,14,False,2,2
6832,0x22fdbc,0.333333,14,False,2,2
6833,0x2acb0f,1.000000,12,True,0,0
6834,0x654da9,1.000000,12,True,0,0
6835,0x53a4e9,1.000000,12,True,0,0
6836,0x246903,1.000000,8,True,0,0
6837,0x60559d,0.000000,11,False,1,3
6838,0x8b2926,0.333333,10,False,2,2
6839,0xa36f5a,0.333333,14,False,2,2
6840,0xa15703,0.333333,10,False,2,2
6841,0x931575,1.000000,12,True,0,0
6842,0x886147,0.666667,9,False,1,1
6843,0x4dae75,0.333333,14,False,2,2
6844,0x6a3f6d,0.000000,15,False,1,3
6845,0x3cc058,0.666667,9,False,1,1
6846,0x7f8558,0.666667,13,False,1,1
6847,0x1c8901,0.000000,7,False,1,3
6848,0x4653a8,0.333333,10,False,2,2
6849,0x56e73d,0.000000,15,False,1,3
6850,0x675753,0.333333,14,False,2,2
6851,0x552003,0.000000,7,False,1,3
6852,0x6439b9,1.000000,12,True,0,0
6853,0x69374e,0.666667,13,False,1,1
6854,0x53f335,0.333333,14,False,2,2
6855,0xd196ba,0.666667,13,False,1,1
6856,0x79b2a5,0.666667,13,False,1,1
6857,0xff1bcd,0.666667,17,False,1,1
6858,0x97efe2,1.000000,16,True,0,0
6859,0xcbf30,0.000000,11,False,1,3
6860,0xbbb318,0.666667,13,False,1,1
6861,0xe1807c,0.333333,10,False,2,2
6862,0x2ffd1a,0.000000,15,False,1,3
6863,0x31dc3,0.333333,10,False,2,2
6864,0x5c6c9e,0.666667,13,False,1,1
6865,0x9f9c70,0.666667,13,False,1,1
6866,0xb5079e,0.666667,13,False,1,1
6867,0x25bd40,0.333333,10,False,2,2
6868,0xf21162,0.333333,10,False,2,2
6869,0x1fe50c,1.000000,12,True,0,0
6870,0x8111,1.000000,4,False,4,0
6871,0xd71894,0.000000,11,False,1,3
6872,0xc8e4e5,1.000000,12,True,0,0
6873,0x78bd5f,1.000000,16,True,0,0
6874,0x1ff83c,0.333333,14,False,2,2
6875,0x87aa0d,0.000000,11,False,1,3
6876,0x97e3c4,0.666667,13,False,1,1
6877,0xffe58,0.333333,14,False,2,2
6878,0x48a704,1.000000,8,True,0,0
6879,0x52949b,0.000000,11,False,1,3
6880,0x774d9e,0.000000,15,False,1,3
6881,0xa2fbd,0.666667,13,False,1,1
6882,0xa5e22b,1.000000,12,True,0,0
6883,0x7a6581,0.000000,11,False,1,3
6884,0x7cd725,0.333333,14,False,2,2
6885,0x2d7d40,0.000000,11,False,1,3
6886,0xa4b8ae,1.000000,12,True,0,0
6887,0xceb1e1,0.666667,13,False,1,1
6888,0xc09634,0.666667,9,False,1,1
6889,0x8d56b3,0.666667,13,False,1,1
6890,0x6327b5,0.666667,13,False,1,1
6891,0x7bf33b,0.666667,17,False,1,1
6892,0x8895e8,0.333333,10,False,2,2
6893,0xaf5fd9,0.666667,17,False,1,1
6894,0x26826a,0.666667,9,False,1,1
6895,0x1a408,0.666667,5,False,3,1
6896,0xef886c,0.666667,13,False,1,1
6897,0x18b2ee,1.000000,12,True,0,0
6898,0xedadc4,0.333333,14,False,2,2
6899,0xc635ea,0.666667,13,False,1,1
6900,0x27e77c,0.000000,15,False,1,3
6901,0xb81bb6,0.666667,13,False,1,1
6902,0x4bf3b2,0.333333,14,False,2,2
6903,0x138051,0.000000,7,False,1,3
6904,0x467007,0.666667,9,False,1,1
6905,0xbf1c5a,0.333333,14,False,2,2
6906,0x2b4248,1.000000,8,True,0,0
6907,0x77c8f5,0.000000,15,False,1,3
6908,0x87892f,1.000000,12,True,0,0
6909,0x1e4bcb,0.666667,13,False,1,1
6910,0xc9f3c5,0.333333,14,False,2,2
6911,0xd74542,0.000000,11,False,1,3
6912,0x165f0a,0.000000,11,False,1,3
6913,0x314e83,0.333333,10,False,2,2
6914,0x8bb49f,0.333333,14,False,2,2
6915,0xb68079,0.000000,11,False,1,3
6916,0xb5b52b,0.333333,14,False,2,2
6917,0xfe56ed,0.666667,17,False,1,1
6918,0xdd20f7,0.333333,14,False,2,2
6919,0x25a028,0.000000,7,False,1,3
6920,0xd6e7d0,0.333333,14,False,2,2
6921,0xb8e3d9,0.333333,14,False,2,2
6922,0x33538e,1.000000,12,True,0,0
6923,0x625354,0.333333,10,False,2,2
6924,0x834939,0.333333,10,False,2,2
6925,0xaba194,0.000000,11,False,1,3
6926,0x9435a8,0.333333,10,False,2,2
6927,0xf022a1,0.666667,9,False,1,1
6928,0xda92c4,0.000000,11,False,1,3
6929,0xf3bd9c,1.000000,16,True,0,0
6930,0xe937fe,0.666667,17,False,1,1
6931,0x80f31d,0.000000,11,False,1,3
6932,0xd229ee,0.666667,13,False,1,1
6933,0xb60239,0.333333,10,False,2,2
6934,0x258739,0.000000,11,False,1,3
6935,0x547e13,1.000000,12,True,0,0
6936,0x704e30,0.666667,9,False,1,1
6937,0xb98c5b,0.666667,13,False,1,1
6938,0x4cecdc,0.666667,13,False,1,1
6939,0xbaac91,1.000000,12,True,0,0
6940,0x3e3a64,1.000000,12,True,0,0
6941,0xfe5e49,0.000000,15,False,1,3
6942,0x40125e,1.000000,8,True,0,0
6943,0x83baf3,0.333333,14,False,2,2
6944,0xde2998,1.000000,12,True,0,0
6945,0x3e5f7,0.333333,14,False,2,2
6946,0x1de395,0.666667,13,False,1,1
6947,0x9f94f3,0.000000,15,False,1,3
6948,0x651120,0.000000,7,False,1,3
6949,0xbb84c3,1.000000,12,True,0,0
6950,0x467b5d,0.333333,14,False,2,2
6951,0x8b5f96,0.333333,14,False,2,2
6952,0xbaabc8,0.666667,13,False,1,1
6953,0x6051c0,0.000000,7,False,1,3
6954,0x5411c2,1.000000,8,True,0,0
6955,0xd77413,0.666667,13,False,1,1
6956,0xe88684,0.666667,9,False,1,1
6957,0xfe7ac9,1.000000,16,True,0,0
6958,0x8e9224,0.666667,9,False,1,1
6959,0xc24871,0.666667,9,False,1,1
6960,0x3c7336,0.666667,13,False,1,1
6961,0x1bed3b,0.000000,15,False,1,3
6962,0x465d89,0.000000,11,False,1,3
6963,0x5faf86,0.000000,15,False,1,3
6964,0x60323e,0.333333,10,False,2,2
6965,0xf6606b,0.666667,13,False,1,1
6966,0x5ae0da,1.000000,12,True,0,0
6967,0x57a862,0.000000,11,False,1,3
6968,0x306a0c,1.000000,8,True,0,0
6969,0xaca898,0.333333,10,False,2,2
6970,0xfb2a51,0.666667,13,False,1,1
6971,0x8d6ee8,0.666667,13,False,1,1
6972,0xf0f1f5,0.000000,15,False,1,3
6973,0x1c6aec,1.000000,12,True,0,0
6974,0xfa1fe0,0.333333,14,False,2,2
6975,0x13d692,0.000000,11,False,1,3
6976,0x59fc91,0.666667,13,False,1,1
6977,0xd52d64,1.000000,12,True,0,0
6978,0x88bc68,0.333333,10,False,2,2
6979,0x989d96,1.000000,12,True,0,0
6980,0x2811df,0.000000,11,False,1,3
6981,0xde25ce,0.333333,14,False,2,2
6982,0xf834,1.000000,8,True,0,0
6983,0x143fb7,0.333333,14,False,2,2
6984,0x3b5167,0.666667,13,False,1,1
6985,0xcc2169,0.333333,10,False,2,2
6986,0x5644fa,1.000000,12,True,0,0
6987,0x919e63,1.000000,12,True,0,0
6988,0xd7e415,0.666667,13,False,1,1
6989,0xd038d5,0.000000,11,False,1,3
6990,0xd82a76,1.000000,12,True,0,0
6991,0x1c234f,0.000000,11,False,1,3
6992,0xc698d3,1.000000,12,True,0,0
6993,0x591a8a,0.333333,10,False,2,2
6994,0x914474,0.666667,9,False,1,1
6995,0xcc9b2b,0.666667,13,False,1,1
6996,0xda7ab7,1.000000,16,True,0,0
6997,0xe92044,1.000000,8,True,0,0
6998,0xfa01e0,0.333333,10,False,2,2
6999,0x3143cd,0.000000,11,False,1,3
7000,0x2e0ae4,0.333333,10,False,2,2
7001,0x52a716,0.000000,11,False,1,3
7002,0x59878f,0.666667,13,False,1,1
7003,0x86bb45,1.000000,12,True,0,0
7004,0x2677f9,0.000000,15,False,1,3
7005,0x657509,0.000000,11,False,1,3
7006,0x78058a,0.666667,9,False,1,1
7007,0x277b21,1.000000,12,True,0,0
7008,0xaede97,1.000000,16,True,0,0
7009,0xa10b1a,0.666667,9,False,1,1
7010,0x87d909,0.000000,11,False,1,3
7011,0x8d6509,0.333333,10,False,2,2
7012,0xb12cbb,0.666667,13,False,1,1
7013,0x72d881,0.333333,10,False,2,2
7014,0xcad74e,0.333333,14,False,2,2
7015,0xf164fe,0.000000,15,False,1,3
7016,0x653617,1.000000,12,True,0,0
7017,0xf35731,0.333333,14,False,2,2
7018,0x1d46fa,0.666667,13,False,1,1
7019,0x996438,0.333333,10,False,2,2
7020,0x5579fb,1.000000,16,True,0,0
7021,0x1d562,0.666667,9,False,1,1
7022,0x11d748,0.333333,10,False,2,2
7023,0x7da82f,0.333333,14,False,2,2
7024,0xc5ef57,1.000000,16,True,0,0
7025,0xb63b7f,0.666667,17,False,1,1
7026,0xdf22b7,0.000000,15,False,1,3
7027,0xb07e32,1.000000,12,True,0,0
7028,0x8ab4e,0.333333,10,False,2,2
7029,0x45a98,1.000000,8,True,0,0
7030,0xe63c8a,1.000000,12,True,0,0
7031,0xb7d491,0.666667,13,False,1,1
7032,0x67c265,1.000000,12,True,0,0
7033,0x81f22e,0.000000,11,False,1,3
7034,0x6c26b7,0.666667,13,False,1,1
7035,0x6efaef,0.333333,18,False,2,2
7036,0xa756cd,0.333333,14,False,2,2
7037,0x354fd5,0.333333,14,False,2,2
7038,0x55306f,1.000000,12,True,0,0
7039,0x49e7c8,1.000000,12,True,0,0
7040,0x9817e1,0.000000,11,False,1,3
7041,0x19dbee,0.000000,15,False,1,3
7042,0xd6b8c3,0.666667,13,False,1,1
7043,0x1d7715,0.666667,13,False,1,1
7044,0xd0cb21,0.333333,10,False,2,2
7045,0x218b4f,0.000000,11,False,1,3
7046,0xce6c1d,0.666667,13,False,1,1
7047,0x827c8f,1.000000,12,True,0,0
7048,0xe28ccf,0.666667,13,False,1,1
7049,0xe4156d,1.000000,12,True,0,0
7050,0x920929,1.000000,8,True,0,0
7051,0xb6e9b2,0.333333,14,False,2,2
7052,0xd0ed4a,1.000000,12,True,0,0
7053,0xcd4b45,1.000000,12,True,0,0
7054,0x22d23a,0.333333,10,False,2,2
7055,0x300250,0.666667,5,False,3,1
7056,0x789fb2,0.333333,14,False,2,2
7057,0xe71cb8,0.666667,13,False,1,1
7058,0xd9a0c3,0.000000,11,False,1,3
7059,0x178d6c,1.000000,12,True,0,0
7060,0x4a7ee7,0.000000,15,False,1,3
7061,0x80943c,1.000000,8,True,0,0
7062,0x83d0e4,0.333333,10,False,2,2
7063,0x74e92b,0.666667,13,False,1,1
7064,0x6d8b0c,0.000000,11,False,1,3
7065,0x41d0c6,0.666667,9,False,1,1
7066,0x6ff63,0.333333,14,False,2,2
7067,0xfca4b9,0.333333,14,False,2,2
7068,0xbcfd4b,1.000000,16,True,0,0
7069,0x40124b,0.000000,7,False,1,3
7070,0xac6a92,0.000000,11,False,1,3
7071,0xcf5ef4,1.000000,16,True,0,0
7072,0xcd46ab,0.666667,13,False,1,1
7073,0xcfa964,0.666667,13,False,1,1
7074,0xae22d3,1.000000,12,True,0,0
7075,0x3b225c,0.000000,11,False,1,3
7076,0x39be8b,0.333333,14,False,2,2
7077,0x4d212d,0.333333,10,False,2,2
7078,0x33e45,0.333333,10,False,2,2
7079,0xe985b5,0.666667,13,False,1,1
7080,0x70637e,0.666667,13,False,1,1
7081,0xb18330,0.666667,9,False,1,1
7082,0xf4e129,1.000000,12,True,0,0
7083,0x23d992,0.000000,11,False,1,3
7084,0x48a89b,0.333333,10,False,2,2
7085,0x7ca04d,0.000000,11,False,1,3
7086,0x7a2d75,0.333333,14,False,2,2
7087,0xbc6c19,1.000000,12,True,0,0
7088,0x5a664,0.666667,9,False,1,1
7089,0x49ab0,1.000000,8,True,0,0
7090,0x9726bc,0.666667,13,False,1,1
7091,0xbb0fd9,0.000000,15,False,1,3
7092,0x1bb2a6,1.000000,12,True,0,0
7093,0x87d6b6,0.333333,14,False,2,2
7094,0x8f3c7a,0.333333,14,False,2,2
7095,0xd42ec1,0.000000,11,False,1,3
7096,0x3121bc,0.333333,10,False,2,2
7097,0x265aa3,0.000000,11,False,1,3
7098,0x191c7,0.666667,9,False,1,1
7099,0x1a6b97,0.666667,13,False,1,1
7100,0xf14b88,0.000000,11,False,1,3
7101,0xd0c606,0.666667,9,False,1,1
7102,0xb869ff,1.000000,16,True,0,0
7103,0x8b51fb,0.333333,14,False,2,2
7104,0xa3e31e,0.666667,13,False,1,1
7105,0x76220f,0.000000,11,False,1,3
7106,0x8652d7,1.000000,12,True,0,0
7107,0xa88b09,0.666667,9,False,1,1
7108,0x2c43ae,0.000000,11,False,1,3
7109,0x2631,0.333333,6,False,2,2
7110,0xb343bc,0.666667,13,False,1,1
7111,0xa9e0ae,1.000000,12,True,0,0
7112,0x7baa9c,0.333333,14,False,2,2
7113,0x999253,0.000000,11,False,1,3
7114,0x170198,1.000000,8,True,0,0
7115,0x4c7e37,0.333333,14,False,2,2
7116,0xfb5eb6,0.666667,17,False,1,1
7117,0xb52b36,0.666667,13,False,1,1
7118,0x5b0fed,0.000000,15,False,1,3
7119,0x2d34d2,0.000000,11,False,1,3
7120,0x4d25c4,0.333333,10,False,2,2
7121,0x3bee9b,1.000000,16,True,0,0
7122,0xa26a5c,0.000000,11,False,1,3
7123,0x2be89,0.333333,10,False,2,2
7124,0x6d856c,1.000000,12,True,0,0
7125,0xdb8e11,1.000000,12,True,0,0
7126,0x92fc42,0.000000,11,False,1,3
7127,0xf6a195,0.666667,13,False,1,1
7128,0xf66212,0.000000,11,False,1,3
7129,0x1c2a01,0.000000,7,False,1,3
7130,0xefd587,1.000000,16,True,0,0
7131,0xc28881,0.000000,7,False,1,3
7132,0xbcf96f,0.666667,17,False,1,1
7133,0x6c4838,0.666667,9,False,1,1
7134,0x640c55,0.666667,9,False,1,1
7135,0xc4217e,0.000000,11,False,1,3
7136,0x4ae950,0.333333,10,False,2,2
7137,0xfb9ebe,0.333333,18,False,2,2
7138,0xa465ce,1.000000,12,True,0,0
7139,0xc18e91,0.333333,10,False,2,2
7140,0xa3ce77,0.000000,15,False,1,3
7141,0xb377d7,0.666667,17,False,1,1
7142,0xa11f98,0.000000,11,False,1,3
7143,0xe5006f,0.000000,11,False,1,3
7144,0x522bb9,1.000000,12,True,0,0
7145,0xbb788c,0.666667,13,False,1,1
7146,0xd7f240,1.000000,12,True,0,0
7147,0x84e3fd,0.333333,14,False,2,2
7148,0x8e9807,0.333333,10,False,2,2
7149,0xe0d299,0.000000,11,False,1,3
7150,0x30f85b,1.000000,12,True,0,0
7151,0xccb592,1.000000,12,True,0,0
7152,0x7d7495,0.333333,14,False,2,2
7153,0x3c64bd,0.666667,13,False,1,1
7154,0xda2a8c,0.000000,11,False,1,3
7155,0x8a4c0b,0.666667,9,False,1,1
7156,0x78e65c,0.666667,13,False,1,1
7157,0x613023,1.000000,8,True,0,0
7158,0xe6df49,0.000000,15,False,1,3
7159,0x690b32,0.333333,10,False,2,2
7160,0x967db0,0.666667,13,False,1,1
7161,0xe28e02,0.666667,9,False,1,1
7162,0x3152db,1.000000,12,True,0,0
7163,0xf42f4,0.000000,11,False,1,3
7164,0x7c8c38,0.000000,11,False,1,3
7165,0x4b66f9,0.333333,14,False,2,2
7166,0x97ee78,0.000000,15,False,1,3
7167,0xece17c,0.333333,14,False,2,2
7168,0x3a4fcf,0.000000,15,False,1,3
7169,0x128147,1.000000,8,True,0,0
7170,0x7d6c3b,0.000000,15,False,1,3
7171,0x5f19d9,0.333333,14,False,2,2
7172,0x5b5bb6,0.000000,15,False,1,3
7173,0xb12f3a,0.666667,13,False,1,1
7174,0xb36853,1.000000,12,True,0,0
7175,0x898186,1.000000,8,True,0,0
7176,0xb093b4,0.000000,11,False,1,3
7177,0xf7fe80,0.000000,15,False,1,3
7178,0xc387e8,1.000000,12,True,0,0
7179,0x4ab689,0.000000,11,False,1,3
7180,0xc0de3,0.333333,10,False,2,2
7181,0x69d042,0.666667,9,False,1,1
7182,0x4edde1,0.333333,14,False,2,2
7183,0xb2349f,0.666667,13,False,1,1
7184,0xd17cc4,1.000000,12,True,0,0
7185,0x26a5fd,0.333333,14,False,2,2
7186,0x6e2b6a,0.666667,13,False,1,1
7187,0x856310,1.000000,8,True,0,0
7188,0xbca7c3,0.333333,14,False,2,2
7189,0x7df0dc,0.000000,15,False,1,3
7190,0x819ee1,0.000000,11,False,1,3
7191,0xd4549a,0.000000,11,False,1,3
7192,0x45db47,0.666667,13,False,1,1
7193,0x458ef9,0.666667,13,False,1,1
7194,0xd1fb7e,0.666667,17,False,1,1
7195,0xf58bdb,1.000000,16,True,0,0
7196,0xb59ec3,0.333333,14,False,2,2
7197,0x804d8,0.333333,6,False,2,2
7198,0x1090ad,1.000000,8,True,0,0
7199,0x14baa7,1.000000,12,True,0,0
7200,0xd0be60,0.000000,11,False,1,3
7201,0x650a6f,1.000000,12,True,0,0
7202,0xf8f4fe,0.666667,17,False,1,1
7203,0xb43964,0.000000,11,False,1,3
7204,0x5990d7,1.000000,12,True,0,0
7205,0xf1f49,1.000000,12,True,0,0
7206,0x5558bb,0.666667,13,False,1,1
7207,0x4b0b7b,0.666667,13,False,1,1
7208,0xf70170,0.000000,11,False,1,3
7209,0x75fef6,0.333333,18,False,2,2
7210,0x8fabec,0.000000,15,False,1,3
7211,0xdc0b98,0.000000,11,False,1,3
7212,0x7aebe4,0.000000,15,False,1,3
7213,0x5fbd42,0.333333,14,False,2,2
7214,0xfbf71f,0.000000,19,False,3,3
7215,0xe2121f,0.000000,11,False,1,3
7216,0x411ad1,0.666667,9,False,1,1
7217,0xe16577,0.333333,14,False,2,2
7218,0x306eb5,1.000000,12,True,0,0
7219,0xa112a,0.000000,7,False,1,3
7220,0xeb3d3a,0.000000,15,False,1,3
7221,0x954f79,0.333333,14,False,2,2
7222,0xcf0299,0.000000,11,False,1,3
7223,0x90b4af,1.000000,12,True,0,0
7224,0xed7ab3,1.000000,16,True,0,0
7225,0x84d9ae,1.000000,12,True,0,0
7226,0x105540,0.333333,6,False,2,2
7227,0x9f0524,0.333333,10,False,2,2
7228,0x32e12c,0.333333,10,False,2,2
7229,0xeb0521,0.333333,10,False,2,2
7230,0x659e8a,1.000000,12,True,0,0
7231,0xeb097,0.000000,11,False,1,3
7232,0xa39c63,1.000000,12,True,0,0
7233,0x6c3cb9,0.666667,13,False,1,1
7234,0x551fdd,0.000000,15,False,1,3
7235,0x739454,0.000000,11,False,1,3
7236,0x7dfa36,1.000000,16,True,0,0
7237,0xb9819a,0.000000,11,False,1,3
7238,0x93ff4c,0.000000,15,False,1,3
7239,0x19f36c,0.666667,13,False,1,1
7240,0xdb3611,1.000000,12,True,0,0
7241,0xfeb2fa,0.666667,17,False,1,1
7242,0xd4c1b1,0.000000,11,False,1,3
7243,0x7b705a,0.666667,13,False,1,1
7244,0xbfac0a,0.666667,13,False,1,1
7245,0x31e580,0.666667,9,False,1,1
7246,0xdc0800,0.333333,6,False,2,2
7247,0x23e638,0.000000,11,False,1,3
7248,0x886425,1.000000,8,True,0,0
7249,0x19ce37,0.666667,13,False,1,1
7250,0x70bff6,1.000000,16,True,0,0
7251,0x79f4e3,0.000000,15,False,1,3
7252,0x8b1983,0.333333,10,False,2,2
7253,0xc33db2,0.666667,13,False,1,1
7254,0xa332f1,1.000000,12,True,0,0
7255,0x13ddb5,0.333333,14,False,2,2
7256,0x6f9b8,1.000000,12,True,0,0
7257,0x59f61f,0.000000,15,False,1,3
7258,0x4ef6e6,0.000000,15,False,1,3
7259,0xbe4ddf,0.666667,17,False,1,1
7260,0xd31a92,0.000000,11,False,1,3
7261,0xc5126b,0.000000,11,False,1,3
7262,0xf62c10,0.333333,10,False,2,2
7263,0xc5366c,1.000000,12,True,0,0
7264,0xe5b63,1.000000,12,True,0,0
7265,0x528227,0.666667,9,False,1,1
7266,0x63d497,0.666667,13,False,1,1
7267,0xe69fe2,0.000000,15,False,1,3
7268,0xfb2a0e,0.666667,13,False,1,1
7269,0x19d200,0.000000,7,False,1,3
7270,0xf35433,0.666667,13,False,1,1
7271,0xf353bc,0.000000,15,False,1,3
7272,0x450eb5,0.000000,11,False,1,3
7273,0x4be76,1.000000,12,True,0,0
7274,0x34eb8e,0.666667,13,False,1,1
7275,0x5e3ca6,0.666667,13,False,1,1
7276,0x7ff85b,0.666667,17,False,1,1
7277,0x1473a8,0.333333,10,False,2,2
7278,0x4f365f,0.000000,15,False,1,3
7279,0x800baa,1.000000,8,True,0,0
7280,0x51b68b,1.000000,12,True,0,0
7281,0xa070f3,0.000000,11,False,1,3
7282,0x839356,0.000000,11,False,1,3
7283,0xc42683,0.666667,9,False,1,1
7284,0x4371d0,0.333333,10,False,2,2
7285,0xee7c80,1.000000,12,True,0,0
7286,0xabc21f,0.666667,13,False,1,1
7287,0x4cdadb,0.333333,14,False,2,2
7288,0x40d3a4,0.666667,9,False,1,1
7289,0x7e9135,0.666667,13,False,1,1
7290,0x13ccb9,1.000000,12,True,0,0
7291,0x772816,0.000000,11,False,1,3
7292,0x4ba9ae,0.666667,13,False,1,1
7293,0xd09822,1.000000,8,True,0,0
7294,0xa81c04,0.000000,7,False,1,3
7295,0xa4c952,0.333333,10,False,2,2
7296,0xff765a,0.666667,17,False,1,1
7297,0x4e7492,0.000000,11,False,1,3
7298,0x47ef15,0.333333,14,False,2,2
7299,0xf7d5b5,0.666667,17,False,1,1
7300,0x55990d,0.000000,11,False,1,3
7301,0x541d37,1.000000,12,True,0,0
7302,0x12c435,0.666667,9,False,1,1
7303,0xf0762d,0.666667,13,False,1,1
7304,0x94386e,0.000000,11,False,1,3
7305,0x97c20d,0.000000,11,False,1,3
7306,0x49e708,0.333333,10,False,2,2
7307,0x161dfe,0.333333,14,False,2,2
7308,0x2c2822,0.000000,7,False,1,3
7309,0xd963e9,0.333333,14,False,2,2
7310,0x516bc8,0.000000,11,False,1,3
7311,0x7d7082,0.000000,11,False,1,3
7312,0xa118e,1.000000,8,True,0,0
7313,0xfca02e,1.000000,12,True,0,0
7314,0xca3db3,0.333333,14,False,2,2
7315,0xea6f23,0.333333,14,False,2,2
7316,0xe7c65,1.000000,12,True,0,0
7317,0xc02559,0.666667,9,False,1,1
7318,0xeef1ca,0.000000,15,False,1,3
7319,0x373244,0.333333,10,False,2,2
7320,0xb7d1eb,1.000000,16,True,0,0
7321,0x4b0ce1,0.333333,10,False,2,2
7322,0xee414b,1.000000,12,True,0,0
7323,0x5783f3,0.333333,14,False,2,2
7324,0x8605e8,0.666667,9,False,1,1
7325,0x4869ca,0.333333,10,False,2,2
7326,0x3b2096,0.333333,10,False,2,2
7327,0x28963e,0.000000,11,False,1,3
7328,0x20ed64,0.333333,10,False,2,2
7329,0xbd2fdb,0.666667,17,False,1,1
7330,0x881fa7,1.000000,12,True,0,0
7331,0x6b88e6,1.000000,12,True,0,0
7332,0xf61c4d,0.666667,13,False,1,1
7333,0x25f6ec,0.333333,14,False,2,2
7334,0xe36e97,0.000000,15,False,1,3
7335,0x995f2f,0.000000,15,False,1,3
7336,0xfd8ee7,0.666667,17,False,1,1
7337,0x1e5091,0.666667,9,False,1,1
7338,0xd6337b,0.000000,15,False,1,3
7339,0x72ed4e,0.333333,14,False,2,2
7340,0x88597d,1.000000,12,True,0,0
7341,0xdb72ee,1.000000,16,True,0,0
7342,0xd97b76,1.000000,16,True,0,0
7343,0xdb1a27,0.666667,13,False,1,1
7344,0x29b5c1,0.000000,11,False,1,3
7345,0x7c4b8e,0.666667,13,False,1,1
7346,0xc93211,0.666667,9,False,1,1
7347,0x1d06a5,0.333333,10,False,2,2
7348,0x1b1df2,0.666667,13,False,1,1
7349,0xe1e4cd,0.666667,13,False,1,1
7350,0xd5a2a1,0.000000,11,False,1,3
7351,0xdc7c3c,0.333333,14,False,2,2
7352,0x35f941,1.000000,12,True,0,0
7353,0x9047df,0.666667,13,False,1,1
7354,0xae8c5c,1.000000,12,True,0,0
7355,0x2f144d,0.000000,11,False,1,3
7356,0xb5c6c9,0.666667,13,False,1,1
7357,0x39ab5a,0.666667,13,False,1,1
7358,0x243c51,0.666667,9,False,1,1
7359,0xa934af,0.666667,13,False,1,1
7360,0xa175a8,0.000000,11,False,1,3
7361,0x52ef70,0.666667,13,False,1,1
7362,0xad9da7,0.000000,15,False,1,3
7363,0xafadba,1.000000,16,True,0,0
7364,0xb84f79,0.333333,14,False,2,2
7365,0x87cb16,1.000000,12,True,0,0
7366,0xa545b9,1.000000,12,True,0,0
7367,0xd77243,0.666667,13,False,1,1
7368,0xa18480,0.333333,6,False,2,2
7369,0x8adc86,0.000000,11,False,1,3
7370,0x8d95d1,1.000000,12,True,0,0
7371,0x2542ff,0.666667,13,False,1,1
7372,0xd48c5a,0.000000,11,False,1,3
7373,0xb94a63,1.000000,12,True,0,0
7374,0x3dbff9,0.333333,18,False,2,2
7375,0x8a7024,1.000000,8,True,0,0
7376,0x122811,0.333333,6,False,2,2
7377,0x7a8fa0,1.000000,12,True,0,0
7378,0x5957d6,0.333333,14,False,2,2
7379,0x58a3f0,0.000000,11,False,1,3
7380,0x185bdf,0.333333,14,False,2,2
7381,0x3754b,0.000000,11,False,1,3
7382,0xcaeebe,1.000000,16,True,0,0
7383,0xbbc7c8,0.333333,14,False,2,2
7384,0xfe8761,0.333333,14,False,2,2
7385,0x306fc9,1.000000,12,True,0,0
7386,0xa9d92e,0.666667,13,False,1,1
7387,0xbfe780,0.333333,14,False,2,2
7388,0x999559,1.000000,12,True,0,0
7389,0x8411b6,0.666667,9,False,1,1
7390,0x126673,0.000000,11,False,1,3
7391,0xae07e,0.000000,11,False,1,3
7392,0xda8aff,1.000000,16,True,0,0
7393,0x6bfdeb,0.333333,18,False,2,2
7394,0x1b6821,0.666667,9,False,1,1
7395,0xe2a097,0.000000,11,False,1,3
7396,0x18c2e6,0.333333,10,False,2,2
7397,0xdac4b8,1.000000,12,True,0,0
7398,0xada2a1,0.000000,11,False,1,3
7399,0xdafc04,1.000000,12,True,0,0
7400,0xf1cf49,0.333333,14,False,2,2
7401,0x68844c,1.000000,8,True,0,0
7402,0x98ef4c,0.666667,13,False,1,1
7403,0xeb6c16,0.666667,13,False,1,1
7404,0x56ac25,0.000000,11,False,1,3
7405,0x959990,0.333333,10,False,2,2
7406,0x28d1cf,1.000000,12,True,0,0
7407,0xd8cdc0,0.000000,11,False,1,3
7408,0xc7e2da,0.333333,14,False,2,2
7409,0x3ee951,0.666667,13,False,1,1
7410,0x195ef,1.000000,12,True,0,0
7411,0x627a1e,1.000000,12,True,0,0
7412,0x1463ae,0.000000,11,False,1,3
7413,0x6a6b8f,0.333333,14,False,2,2
7414,0xce686,0.333333,10,False,2,2
7415,0xcee195,0.666667,13,False,1,1
7416,0x7fdb25,1.000000,16,True,0,0
7417,0x1b493c,0.000000,11,False,1,3
7418,0xcde220,0.333333,10,False,2,2
7419,0xfbbe04,0.333333,14,False,2,2
7420,0xf7fc78,0.666667,17,False,1,1
7421,0xd1a638,0.000000,11,False,1,3
7422,0x230c76,0.333333,10,False,2,2
7423,0xaa63e5,0.666667,13,False,1,1
7424,0xbc2e32,1.000000,12,True,0,0
7425,0x58be28,0.000000,11,False,1,3
7426,0x42d34c,0.333333,10,False,2,2
7427,0x413487,0.666667,9,False,1,1
7428,0xaab884,0.333333,10,False,2,2
7429,0xaf894,0.333333,10,False,2,2
7430,0xf386dd,0.000000,15,False,1,3
7431,0x9c650e,0.000000,11,False,1,3
7432,0x10806,1.000000,4,False,4,0
7433,0xf329ef,1.000000,16,True,0,0
7434,0xe10e57,1.000000,12,True,0,0
7435,0x86bbd5,0.333333,14,False,2,2
7436,0xe23bf8,0.333333,14,False,2,2
7437,0xa0b3b9,1.000000,12,True,0,0
7438,0xd3cc73,0.333333,14,False,2,2
7439,0xb35add,0.000000,15,False,1,3
7440,0x9513eb,0.666667,13,False,1,1
7441,0xa41351,0.666667,9,False,1,1
7442,0x99a2fc,0.666667,13,False,1,1
7443,0x6f4408,0.666667,9,False,1,1
7444,0x382cb9,0.000000,11,False,1,3
7445,0x3c186,1.000000,8,True,0,0
7446,0x4b453c,0.000000,11,False,1,3
7447,0x692cb7,0.666667,13,False,1,1
7448,0xa13458,0.666667,9,False,1,1
7449,0xbb71e0,0.666667,13,False,1,1
7450,0x81b10e,0.666667,9,False,1,1
7451,0x7c3226,0.000000,11,False,1,3
7452,0x958d33,1.000000,12,True,0,0
7453,0xa41f23,0.000000,11,False,1,3
7454,0x7e03ca,1.000000,12,True,0,0
7455,0xab1e54,1.000000,12,True,0,0
7456,0xb21412,1.000000,8,True,0,0
7457,0x846f80,0.666667,9,False,1,1
7458,0x52bf76,0.000000,15,False,1,3
7459,0x1490df,0.000000,11,False,1,3
7460,0xbb907a,0.666667,13,False,1,1
7461,0x14812e,1.000000,8,True,0,0
7462,0xd40d53,0.000000,11,False,1,3
7463,0x1cc017,0.666667,9,False,1,1
7464,0x47c6bf,0.000000,15,False,1,3
7465,0x975678,0.666667,13,False,1,1
7466,0x4a63df,0.333333,14,False,2,2
7467,0xac5845,0.333333,10,False,2,2
7468,0x803939,0.666667,9,False,1,1
7469,0xbbf41a,0.333333,14,False,2,2
7470,0x896b14,0.333333,10,False,2,2
7471,0x1a864a,0.666667,9,False,1,1
7472,0x5f28f4,0.666667,13,False,1,1
7473,0xfadea7,0.666667,17,False,1,1
7474,0x9e6556,0.666667,13,False,1,1
7475,0x40d233,0.666667,9,False,1,1
7476,0x32206d,0.666667,9,False,1,1
7477,0x2edc66,0.666667,13,False,1,1
7478,0xcc481b,0.333333,10,False,2,2
7479,0x6b35c7,0.333333,14,False,2,2
7480,0x13d633,1.000000,12,True,0,0
7481,0x134364,0.666667,9,False,1,1
7482,0xef9192,0.666667,13,False,1,1
7483,0xbc09de,0.666667,13,False,1,1
7484,0x9eb873,0.333333,14,False,2,2
7485,0xad477a,0.333333,14,False,2,2
7486,0xe3676b,0.000000,15,False,1,3
7487,0x40fbd4,1.000000,12,True,0,0
7488,0x1fe23a,0.666667,13,False,1,1
7489,0xc88195,0.666667,9,False,1,1
7490,0xf49fa9,0.000000,15,False,1,3
7491,0xc62cb2,0.000000,11,False,1,3
7492,0x6c759b,0.333333,14,False,2,2
7493,0x50acf0,0.333333,10,False,2,2
7494,0xfb5124,1.000000,12,True,0,0
7495,0x622a06,1.000000,8,True,0,0
7496,0xf59676,0.000000,15,False,1,3
7497,0x6be3ec,0.000000,15,False,1,3
7498,0x466bd7,0.333333,14,False,2,2
7499,0xedd46e,0.000000,15,False,1,3
7500,0x7734be,0.000000,15,False,1,3
7501,0x377cee,1.000000,16,True,0,0
7502,0x2aa0cc,0.666667,9,False,1,1
7503,0xabe8d8,0.666667,13,False,1,1
7504,0xeddeba,0.666667,17,False,1,1
7505,0x647c61,0.000000,11,False,1,3
7506,0x971f9b,0.000000,15,False,1,3
7507,0xbaeada,0.000000,15,False,1,3
7508,0xed6085,0.000000,11,False,1,3
7509,0xdfa404,0.000000,11,False,1,3
7510,0xec5a60,0.000000,11,False,1,3
7511,0x404f52,0.666667,9,False,1,1
7512,0x5527e9,0.666667,13,False,1,1
7513,0x4ffb20,0.666667,13,False,1,1
7514,0x733370,1.000000,12,True,0,0
7515,0x270ef3,0.666667,13,False,1,1
7516,0x194518,1.000000,8,True,0,0
7517,0x2078ba,0.333333,10,False,2,2
7518,0xf91f2,1.000000,12,True,0,0
7519,0xe667c5,0.333333,14,False,2,2
7520,0x969397,0.666667,13,False,1,1
7521,0x66a122,0.666667,9,False,1,1
7522,0x9be69d,0.000000,15,False,1,3
7523,0xf2e696,0.333333,14,False,2,2
7524,0x8ac24f,0.000000,11,False,1,3
7525,0x45e28c,0.333333,10,False,2,2
7526,0x5635e3,0.666667,13,False,1,1
7527,0xdfc900,0.000000,11,False,1,3
7528,0x92cc39,0.000000,11,False,1,3
7529,0x427ff1,0.333333,14,False,2,2
7530,0xc2a453,0.333333,10,False,2,2
7531,0x40d585,0.666667,9,False,1,1
7532,0x4e4f14,0.000000,11,False,1,3
7533,0xc250fe,1.000000,12,True,0,0
7534,0x3ee76,0.666667,13,False,1,1
7535,0x83987d,1.000000,12,True,0,0
7536,0xc6ecc6,0.666667,13,False,1,1
7537,0x34626b,0.000000,11,False,1,3
7538,0xf3604e,1.000000,12,True,0,0
7539,0x7e36fe,0.666667,17,False,1,1
7540,0xd11e18,0.333333,10,False,2,2
7541,0x1e97a,0.000000,11,False,1,3
7542,0x8c1433,0.666667,9,False,1,1
7543,0x24d961,0.333333,10,False,2,2
7544,0x30779d,0.666667,13,False,1,1
7545,0x81cfb5,0.666667,13,False,1,1
7546,0x1c56f7,0.333333,14,False,2,2
7547,0xc230a0,0.000000,7,False,1,3
7548,0xa4a23f,1.000000,12,True,0,0
7549,0x3f6929,0.666667,13,False,1,1
7550,0x95bd00,0.333333,10,False,2,2
7551,0x8126e6,0.333333,10,False,2,2
7552,0x555ed9,0.333333,14,False,2,2
7553,0x9f2f6e,1.000000,16,True,0,0
7554,0xa0f99b,0.666667,13,False,1,1
7555,0x9837d1,1.000000,12,True,0,0
7556,0xc2ba67,0.666667,13,False,1,1
7557,0xa29265,0.333333,10,False,2,2
7558,0xd75b74,0.000000,15,False,1,3
7559,0x87ddcb,0.000000,15,False,1,3
7560,0xea4ea0,0.000000,11,False,1,3
7561,0x502f58,0.333333,10,False,2,2
7562,0x43a9cd,1.000000,12,True,0,0
7563,0x180c16,0.000000,7,False,1,3
7564,0x3a5db0,1.000000,12,True,0,0
7565,0x13ae31,0.000000,11,False,1,3
7566,0x979280,0.666667,9,False,1,1
7567,0x9b48f7,0.333333,14,False,2,2
7568,0xef074b,0.333333,14,False,2,2
7569,0x4419a3,0.666667,9,False,1,1
7570,0xd5fc0f,0.000000,15,False,1,3
7571,0x25e2b4,0.000000,11,False,1,3
7572,0x6d734c,0.666667,13,False,1,1
7573,0xd3eb60,0.666667,13,False,1,1
7574,0xe9273e,0.333333,14,False,2,2
7575,0xcc3553,1.000000,12,True,0,0
7576,0x2524a4,1.000000,8,True,0,0
7577,0xfb4310,0.000000,11,False,1,3
7578,0x9b20ff,0.333333,14,False,2,2
7579,0x91b203,0.666667,9,False,1,1
7580,0x32f9f7,1.000000,16,True,0,0
7581,0xda5cd5,0.333333,14,False,2,2
7582,0xe09b06,0.333333,10,False,2,2
7583,0x3af395,0.333333,14,False,2,2
7584,0xe0d799,0.666667,13,False,1,1
7585,0x6d3500,0.666667,9,False,1,1
7586,0x3179cc,1.000000,12,True,0,0
7587,0x9d12cc,0.000000,11,False,1,3
7588,0xc44141,0.000000,7,False,1,3
7589,0xb05d27,1.000000,12,True,0,0
7590,0xc754c7,0.666667,13,False,1,1
7591,0x51fd30,1.000000,12,True,0,0
7592,0xa15883,0.666667,9,False,1,1
7593,0x34efe2,0.333333,14,False,2,2
7594,0x7f0ffb,0.333333,18,False,2,2
7595,0xc460d9,0.333333,10,False,2,2
7596,0xbbedec,0.666667,17,False,1,1
7597,0xa90f5b,0.666667,13,False,1,1
7598,0xb76e27,0.000000,15,False,1,3
7599,0x69c191,0.333333,10,False,2,2
7600,0x1b63e4,1.000000,12,True,0,0
7601,0x8d8d51,0.000000,11,False,1,3
7602,0x5f600e,0.000000,11,False,1,3
7603,0x431478,0.666667,9,False,1,1
7604,0x7cce52,0.666667,13,False,1,1
7605,0x61972f,0.666667,13,False,1,1
7606,0xfbf76f,1.000000,20,False,4,0
7607,0xd0b10e,0.333333,10,False,2,2
7608,0x800b55,1.000000,8,True,0,0
7609,0x7d3fcc,1.000000,16,True,0,0
7610,0xe2a188,0.666667,9,False,1,1
7611,0xb70f2e,0.333333,14,False,2,2
7612,0x6eb33b,0.000000,15,False,1,3
7613,0x7ca473,0.666667,13,False,1,1
7614,0x5aa8c5,0.000000,11,False,1,3
7615,0xd50a3b,1.000000,12,True,0,0
7616,0x3f8917,0.666667,13,False,1,1
7617,0x966044,1.000000,8,True,0,0
7618,0x50ae43,0.333333,10,False,2,2
7619,0xb9166,0.333333,10,False,2,2
7620,0xdf6b36,1.000000,16,True,0,0
7621,0x1e752a,1.000000,12,True,0,0
7622,0x7a3b6c,0.333333,14,False,2,2
7623,0x919a68,0.333333,10,False,2,2
7624,0xa5964,0.666667,9,False,1,1
7625,0x4be10,1.000000,8,True,0,0
7626,0xf339f9,1.000000,16,True,0,0
7627,0xd2df9b,1.000000,16,True,0,0
7628,0x79f12,0.000000,11,False,1,3
7629,0x5b32a5,1.000000,12,True,0,0
7630,0xf6af84,0.333333,14,False,2,2
7631,0x750b74,1.000000,12,True,0,0
7632,0x730f1d,0.666667,13,False,1,1
7633,0x204e14,0.000000,7,False,1,3
7634,0x332278,0.333333,10,False,2,2
7635,0x5f9952,0.666667,13,False,1,1
7636,0xf7dfc,1.000000,16,True,0,0
7637,0xbe0ac,0.333333,10,False,2,2
7638,0xd0f7eb,1.000000,16,True,0,0
7639,0xf2a12f,0.666667,13,False,1,1
7640,0x780587,0.333333,10,False,2,2
7641,0x7a72dc,0.333333,14,False,2,2
7642,0x4995c1,0.333333,10,False,2,2
7643,0xadc0e6,1.000000,12,True,0,0
7644,0xf0311d,0.000000,11,False,1,3
7645,0x879571,1.000000,12,True,0,0
7646,0xd0ff89,0.333333,14,False,2,2
7647,0x14b765,1.000000,12,True,0,0
7648,0x83004e,0.000000,7,False,1,3
7649,0xc31d03,0.333333,10,False,2,2
7650,0x3c440a,1.000000,8,True,0,0
7651,0x3c0dd5,1.000000,12,True,0,0
7652,0xa926d8,0.000000,11,False,1,3
7653,0x534b32,0.000000,11,False,1,3
7654,0x5fcac8,0.666667,13,False,1,1
7655,0x6366bb,0.333333,14,False,2,2
7656,0x92e03c,0.333333,10,False,2,2
7657,0xe67ce2,0.333333,14,False,2,2
7658,0x381227,0.666667,9,False,1,1
7659,0x8ac6ea,1.000000,12,True,0,0
7660,0xd90ce4,0.000000,11,False,1,3
7661,0x449a7d,1.000000,12,True,0,0
7662,0x1dc9fd,0.000000,15,False,1,3
7663,0xe50456,0.333333,10,False,2,2
7664,0x200a72,0.000000,7,False,1,3
7665,0xf23966,0.666667,13,False,1,1
7666,0x82a200,0.666667,5,False,3,1
7667,0xd68f07,0.666667,13,False,1,1
7668,0xc5fdfd,0.333333,18,False,2,2
7669,0xf3df18,0.000000,15,False,1,3
7670,0x937971,0.666667,13,False,1,1
7671,0x55322,1.000000,8,True,0,0
7672,0xd22612,0.666667,9,False,1,1
7673,0xec8496,0.000000,11,False,1,3
7674,0x3c06fc,1.000000,12,True,0,0
7675,0xb59d25,0.666667,13,False,1,1
7676,0x73e96a,0.333333,14,False,2,2
7677,0x644a7e,1.000000,12,True,0,0
7678,0x4ffbee,0.333333,18,False,2,2
7679,0x3058,0.666667,5,False,3,1
7680,0xbca0a6,0.000000,11,False,1,3
7681,0xa37f59,0.000000,15,False,1,3
7682,0xbe752b,0.000000,15,False,1,3
7683,0xe1f84d,0.666667,13,False,1,1
7684,0xc47124,0.666667,9,False,1,1
7685,0xfd8aed,1.000000,16,True,0,0
7686,0x3c45a4,0.333333,10,False,2,2
7687,0xa019cd,0.333333,10,False,2,2
7688,0x1d4275,0.000000,11,False,1,3
7689,0x28f05d,0.000000,11,False,1,3
7690,0xef68e3,0.000000,15,False,1,3
7691,0xf0c1f4,1.000000,12,True,0,0
7692,0x6d1853,0.000000,11,False,1,3
7693,0xb41239,0.333333,10,False,2,2
7694,0xaa89d9,1.000000,12,True,0,0
7695,0x9a34df,0.333333,14,False,2,2
7696,0x50f7b0,1.000000,12,True,0,0
7697,0xa592e0,0.333333,10,False,2,2
7698,0xc6f915,0.666667,13,False,1,1
7699,0xd74b85,0.666667,13,False,1,1
7700,0x567b61,0.666667,13,False,1,1
7701,0x198859,0.666667,9,False,1,1
7702,0x61d7a7,0.333333,14,False,2,2
7703,0xf09d89,1.000000,12,True,0,0
7704,0xfb12a4,1.000000,12,True,0,0
7705,0xfd302c,1.000000,12,True,0,0
7706,0xc8261,0.000000,7,False,1,3
7707,0xcf6fe5,0.666667,17,False,1,1
7708,0x21673,0.666667,9,False,1,1
7709,0xbf4667,0.000000,15,False,1,3
7710,0xd62e12,0.000000,11,False,1,3
7711,0x2254fb,1.000000,12,True,0,0
7712,0xdf0066,0.000000,11,False,1,3
7713,0x3b215,0.666667,9,False,1,1
7714,0x3bc828,0.333333,10,False,2,2
7715,0x63fda6,0.000000,15,False,1,3
7716,0x47c4cf,0.666667,13,False,1,1
7717,0xb40a41,1.000000,8,True,0,0
7718,0x6c5954,0.000000,11,False,1,3
7719,0xde92a2,1.000000,12,True,0,0
7720,0x4ef146,1.000000,12,True,0,0
7721,0xd3532e,0.666667,13,False,1,1
7722,0x2c968b,0.000000,11,False,1,3
7723,0xd0133e,0.000000,11,False,1,3
7724,0x8dc936,1.000000,12,True,0,0
7725,0x11971f,1.000000,12,True,0,0
7726,0xb29460,0.666667,9,False,1,1
7727,0x7c8665,1.000000,12,True,0,0
7728,0x6251b3,0.000000,11,False,1,3
7729,0xc08bb8,0.333333,10,False,2,2
7730,0x916c4a,0.333333,10,False,2,2
7731,0x12392,0.000000,7,False,1,3
7732,0x2e589d,1.000000,12,True,0,0
7733,0xf27d9d,1.000000,16,True,0,0
7734,0xfb9278,0.333333,14,False,2,2
7735,0x1cc7d5,0.666667,13,False,1,1
7736,0xf7b7b4,0.666667,17,False,1,1
7737,0x59e3ef,1.000000,16,True,0,0
7738,0xe9b2b1,0.666667,13,False,1,1
7739,0x9ca67f,0.000000,15,False,1,3
7740,0x6fdfa2,1.000000,16,True,0,0
7741,0x8ad3ae,0.666667,13,False,1,1
7742,0x9c45d1,0.000000,11,False,1,3
7743,0xab179e,0.333333,14,False,2,2
7744,0x707a0a,0.333333,10,False,2,2
7745,0x3c95d6,0.666667,13,False,1,1
7746,0xb0cb59,1.000000,12,True,0,0
7747,0xa046fe,1.000000,12,True,0,0
7748,0x722fe7,0.000000,15,False,1,3
7749,0xc6a403,0.666667,9,False,1,1
7750,0x9656e9,0.666667,13,False,1,1
7751,0x58dbcf,0.000000,15,False,1,3
7752,0xcc6331,0.000000,11,False,1,3
7753,0x86ec4c,0.000000,11,False,1,3
7754,0x173d11,0.000000,11,False,1,3
7755,0xa02a8d,0.666667,9,False,1,1
7756,0xb85145,0.333333,10,False,2,2
7757,0x67ed42,0.666667,13,False,1,1
7758,0x82a289,1.000000,8,True,0,0
7759,0x229c42,1.000000,8,True,0,0
7760,0x7acd3f,1.000000,16,True,0,0
7761,0x5f3c2b,0.333333,14,False,2,2
7762,0xb898e1,0.000000,11,False,1,3
7763,0xba01fa,1.000000,12,True,0,0
7764,0xbf56ab,1.000000,16,True,0,0
7765,0xa1e6a5,1.000000,12,True,0,0
7766,0xb2b2f1,0.666667,13,False,1,1
7767,0x114a76,0.333333,10,False,2,2
7768,0x7ec138,1.000000,12,True,0,0
7769,0x74503c,0.333333,10,False,2,2
7770,0xd09a4,1.000000,8,True,0,0
7771,0x381b23,0.333333,10,False,2,2
7772,0xdd4ed5,0.000000,15,False,1,3
7773,0x6b2de2,0.666667,13,False,1,1
7774,0xa32d12,0.333333,10,False,2,2
7775,0x57493f,0.333333,14,False,2,2
7776,0x9f9d16,0.333333,14,False,2,2
7777,0xeee2d0,0.666667,13,False,1,1
7778,0x4d1015,1.000000,8,True,0,0
7779,0x7a02c0,1.000000,8,True,0,0
7780,0x3742f5,0.666667,13,False,1,1
7781,0x2e1d74,1.000000,12,True,0,0
7782,0xecdc37,0.000000,15,False,1,3
7783,0xd112e7,1.000000,12,True,0,0
7784,0xdb4e73,0.000000,15,False,1,3
7785,0xf03dc1,1.000000,12,True,0,0
7786,0x9f4a5e,0.333333,14,False,2,2
7787,0x581aec,0.000000,11,False,1,3
7788,0x63813f,1.000000,12,True,0,0
7789,0x36be3d,0.000000,15,False,1,3
7790,0xca5cea,0.666667,13,False,1,1
7791,0xbc7315,0.666667,13,False,1,1
7792,0xbfd727,0.666667,17,False,1,1
7793,0xe19620,0.666667,9,False,1,1
7794,0x718fa4,1.000000,12,True,0,0
7795,0x6b6acd,0.333333,14,False,2,2
7796,0xad893e,0.666667,13,False,1,1
7797,0x10db3e,1.000000,12,True,0,0
7798,0xdee700,1.000000,12,True,0,0
7799,0x9e90bb,0.666667,13,False,1,1
7800,0xa8bf1a,0.666667,13,False,1,1
7801,0x113158,1.000000,8,True,0,0
7802,0xef5048,0.000000,11,False,1,3
7803,0xfe3f2c,1.000000,16,True,0,0
7804,0xc177a5,0.666667,13,False,1,1
7805,0x8c2113,1.000000,8,True,0,0
7806,0x3b7dda,1.000000,16,True,0,0
7807,0x34fa6c,0.666667,13,False,1,1
7808,0x523af4,1.000000,12,True,0,0
7809,0x232da0,0.666667,9,False,1,1
7810,0x31d1c,0.666667,9,False,1,1
7811,0xb712aa,1.000000,12,True,0,0
7812,0x241e74,0.333333,10,False,2,2
7813,0x563ba2,1.000000,12,True,0,0
7814,0x24aa04,0.000000,7,False,1,3
7815,0x7c3c7e,0.000000,15,False,1,3
7816,0xad357f,1.000000,16,True,0,0
7817,0x6fb04e,0.666667,13,False,1,1
7818,0x8ce19f,0.666667,13,False,1,1
7819,0x26eeaf,0.000000,15,False,1,3
7820,0x177176,0.666667,13,False,1,1
7821,0x727b30,1.000000,12,True,0,0
7822,0xfeee99,0.666667,17,False,1,1
7823,0x3c887a,0.000000,11,False,1,3
7824,0x6fe21e,0.333333,14,False,2,2
7825,0x6842cb,0.333333,10,False,2,2
7826,0xe95a57,0.333333,14,False,2,2
7827,0xe3f885,0.666667,13,False,1,1
7828,0x113d2e,0.000000,11,False,1,3
7829,0x1426c0,0.000000,7,False,1,3
7830,0xad1b52,1.000000,12,True,0,0
7831,0x958942,0.666667,9,False,1,1
7832,0x5765aa,0.666667,13,False,1,1
7833,0x74e735,0.333333,14,False,2,2
7834,0x2cfd26,0.666667,13,False,1,1
7835,0x1d079a,0.000000,11,False,1,3
7836,0xd4cf08,0.000000,11,False,1,3
7837,0xc54820,0.000000,7,False,1,3
7838,0xf20225,0.666667,9,False,1,1
7839,0x33ecba,0.333333,14,False,2,2
7840,0xda606f,0.666667,13,False,1,1
7841,0x4399b8,0.000000,11,False,1,3
7842,0xeb6cde,1.000000,16,True,0,0
7843,0xb99d7a,0.000000,15,False,1,3
7844,0x54a917,0.000000,11,False,1,3
7845,0x7914a6,0.000000,11,False,1,3
7846,0x8c1a91,0.666667,9,False,1,1
7847,0x9cf6c4,0.666667,13,False,1,1
7848,0xa0c2a7,0.333333,10,False,2,2
7849,0x27b81b,1.000000,12,True,0,0
7850,0x33f8bf,1.000000,16,True,0,0
7851,0xe4113d,0.000000,11,False,1,3
7852,0x33f465,0.666667,13,False,1,1
7853,0xa71c14,0.333333,10,False,2,2
7854,0x3c514c,0.333333,10,False,2,2
7855,0x90815,0.333333,6,False,2,2
7856,0x9b4fc6,0.333333,14,False,2,2
7857,0x82f635,1.000000,12,True,0,0
7858,0x4c235b,0.000000,11,False,1,3
7859,0x6a7831,0.000000,11,False,1,3
7860,0xeda528,1.000000,12,True,0,0
7861,0x4becfc,0.000000,15,False,1,3
7862,0x27ae97,0.333333,14,False,2,2
7863,0xc0adea,1.000000,12,True,0,0
7864,0xbc5b29,0.666667,13,False,1,1
7865,0x868b1c,0.333333,10,False,2,2
7866,0xe25711,0.000000,11,False,1,3
7867,0xcebbf6,0.666667,17,False,1,1
7868,0xfe8d2d,0.000000,15,False,1,3
7869,0x3394,0.000000,7,False,1,3
7870,0x3403a1,1.000000,8,True,0,0
7871,0x31e4ee,0.666667,13,False,1,1
7872,0x6f7de5,0.666667,17,False,1,1
7873,0x6c8b56,1.000000,12,True,0,0
7874,0x9aa2bf,0.333333,14,False,2,2
7875,0x3ef149,0.666667,13,False,1,1
7876,0xd21dc6,1.000000,12,True,0,0
7877,0xd6d3e,0.666667,13,False,1,1
7878,0xc16537,1.000000,12,True,0,0
7879,0xdbc384,1.000000,12,True,0,0
7880,0x9f069d,0.666667,13,False,1,1
7881,0xee1d87,0.333333,14,False,2,2
7882,0xadfd2f,0.666667,17,False,1,1
7883,0xc9b13d,0.666667,13,False,1,1
7884,0x51a840,0.000000,7,False,1,3
7885,0x205736,0.333333,10,False,2,2
7886,0x3768e6,0.666667,13,False,1,1
7887,0x17a439,0.000000,11,False,1,3
7888,0x6d4f76,0.000000,15,False,1,3
7889,0x9d37e8,0.333333,14,False,2,2
7890,0x78d153,1.000000,12,True,0,0
7891,0xca85c5,0.000000,11,False,1,3
7892,0xda516a,1.000000,12,True,0,0
7893,0xc1dbb7,0.000000,15,False,1,3
7894,0xa33d40,0.333333,10,False,2,2
7895,0xb32f67,0.000000,15,False,1,3
7896,0x3566ff,1.000000,16,True,0,0
7897,0x14b6a0,0.666667,9,False,1,1
7898,0xcdb39,1.000000,12,True,0,0
7899,0xf4060b,0.333333,10,False,2,2
7900,0x92e89,0.666667,9,False,1,1
7901,0x512101,0.333333,6,False,2,2
7902,0xd0f94d,0.666667,13,False,1,1
7903,0x9701a7,0.000000,11,False,1,3
7904,0xe00f85,0.333333,10,False,2,2
7905,0x2681c,0.000000,7,False,1,3
7906,0x3348fd,0.666667,13,False,1,1
7907,0xa70e6f,0.333333,14,False,2,2
7908,0x3c4bb,0.000000,11,False,1,3
7909,0xd91325,0.000000,11,False,1,3
7910,0xb101ec,0.333333,10,False,2,2
7911,0x341a70,0.666667,9,False,1,1
7912,0x664577,0.666667,13,False,1,1
7913,0xca0010,0.666667,5,False,3,1
7914,0xbd522,0.333333,10,False,2,2
7915,0x9dbeae,1.000000,16,True,0,0
7916,0xcf1715,0.666667,13,False,1,1
7917,0xd99a42,0.000000,11,False,1,3
7918,0x2b0c77,1.000000,12,True,0,0
7919,0x41ddec,0.666667,13,False,1,1
7920,0xee1820,0.666667,9,False,1,1
7921,0xaecf36,0.000000,15,False,1,3
7922,0xec3d6f,1.000000,16,True,0,0
7923,0x79585f,0.333333,14,False,2,2
7924,0x67405b,0.000000,11,False,1,3
7925,0x3501c6,0.666667,9,False,1,1
7926,0x566393,1.000000,12,True,0,0
7927,0x7c1014,1.000000,8,True,0,0
7928,0x4fbb11,0.666667,13,False,1,1
7929,0x1e5bf0,0.666667,13,False,1,1
7930,0x39d20d,0.000000,11,False,1,3
7931,0x382e72,0.000000,11,False,1,3
7932,0xa18ee1,0.000000,11,False,1,3
7933,0x6ee67f,0.666667,17,False,1,1
7934,0x25c14d,0.333333,10,False,2,2
7935,0x17e446,0.000000,11,False,1,3
7936,0x4b48a0,1.000000,8,True,0,0
7937,0xe60549,0.333333,10,False,2,2
7938,0xf54fc3,0.000000,15,False,1,3
7939,0xd3b11,0.333333,10,False,2,2
7940,0x29dd7c,0.333333,14,False,2,2
7941,0xc8226b,0.333333,10,False,2,2
7942,0x72af51,0.666667,13,False,1,1
7943,0xf3bf3f,0.000000,19,False,3,3
7944,0x8111a6,1.000000,8,True,0,0
7945,0xe666a,0.000000,11,False,1,3
7946,0xe12c70,0.333333,10,False,2,2
7947,0x1bc4f8,1.000000,12,True,0,0
7948,0xb87409,0.333333,10,False,2,2
7949,0x273545,0.000000,11,False,1,3
7950,0x719e34,1.000000,12,True,0,0
7951,0x9da0c4,0.333333,10,False,2,2
7952,0xc3f53b,0.000000,15,False,1,3
7953,0xe0060f,0.666667,9,False,1,1
7954,0x313185,0.666667,9,False,1,1
7955,0x7c86a9,1.000000,12,True,0,0
7956,0x630948,1.000000,8,True,0,0
7957,0x108bee,0.000000,11,False,1,3
7958,0xe687ed,0.000000,15,False,1,3
7959,0x582299,0.666667,9,False,1,1
7960,0xdba567,0.000000,15,False,1,3
7961,0xee2a11,0.000000,11,False,1,3
7962,0xe779e3,1.000000,16,True,0,0
7963,0x3646ea,1.000000,12,True,0,0
7964,0x5cc263,0.000000,11,False,1,3
7965,0x4545d6,0.000000,11,False,1,3
7966,0xd6b88e,0.666667,13,False,1,1
7967,0xee39e5,0.000000,15,False,1,3
7968,0x249eb3,1.000000,12,True,0,0
7969,0x7158af,0.666667,13,False,1,1
7970,0xf728aa,0.666667,13,False,1,1
7971,0x8036ac,0.666667,9,False,1,1
7972,0xcb9215,0.000000,11,False,1,3
7973,0xbfd46b,1.000000,16,True,0,0
7974,0x37d54a,0.666667,13,False,1,1
7975,0xe05c7,0.333333,10,False,2,2
7976,0x86a61d,0.000000,11,False,1,3
7977,0x480658,0.000000,7,False,1,3
7978,0xb3ad0e,0.666667,13,False,1,1
7979,0xed3bfe,0.333333,18,False,2,2
7980,0x426cda,0.000000,11,False,1,3
7981,0xc255d,0.333333,10,False,2,2
7982,0xe24c0c,0.666667,9,False,1,1
7983,0x8009d5,1.000000,8,True,0,0
7984,0xaaaae2,1.000000,12,True,0,0
7985,0x4f235b,0.666667,13,False,1,1
7986,0xd6b51d,0.333333,14,False,2,2
7987,0xc06f7f,0.000000,15,False,1,3
7988,0x49572e,1.000000,12,True,0,0
7989,0xe26c2f,0.666667,13,False,1,1
7990,0x16c8c9,0.333333,10,False,2,2
7991,0xe2b019,0.333333,10,False,2,2
7992,0xba90a6,0.000000,11,False,1,3
7993,0x48b4c3,0.333333,10,False,2,2
7994,0x26ab77,0.333333,14,False,2,2
7995,0xcabb5d,0.000000,15,False,1,3
7996,0xa8e91d,1.000000,12,True,0,0
7997,0x511e2f,1.000000,12,True,0,0
7998,0x6b37c2,0.666667,13,False,1,1
7999,0x414ada,0.333333,10,False,2,2
8000,0x9fe306,0.666667,13,False,1,1
8001,0x11de5f,0.333333,14,False,2,2
8002,0x87c0fc,1.000000,12,True,0,0
8003,0x75937a,0.333333,14,False,2,2
8004,0xcccabc,0.666667,13,False,1,1
8005,0x31d162,0.333333,10,False,2,2
8006,0xd73b,0.000000,11,False,1,3
8007,0x7986b,0.000000,11,False,1,3
8008,0xff528c,0.333333,14,False,2,2
8009,0xb9e582,1.000000,12,True,0,0
8010,0xb38b31,1.000000,12,True,0,0
8011,0x8600f8,1.000000,8,True,0,0
8012,0x85be0e,1.000000,12,True,0,0
8013,0x792a1a,0.000000,11,False,1,3
8014,0x5037d5,1.000000,12,True,0,0
8015,0xc570bf,0.333333,14,False,2,2
8016,0x8530a0,0.000000,7,False,1,3
8017,0xa1688c,0.666667,9,False,1,1
8018,0x58fc20,0.333333,10,False,2,2
8019,0xabd3ae,0.000000,15,False,1,3
8020,0x48f624,0.333333,10,False,2,2
8021,0xc529b2,0.000000,11,False,1,3
8022,0x5aa34d,1.000000,12,True,0,0
8023,0xe23ad8,1.000000,12,True,0,0
8024,0x7061f,0.333333,10,False,2,2
8025,0xcd3511,0.000000,11,False,1,3
8026,0x5d6321,0.000000,11,False,1,3
8027,0x2480d6,1.000000,8,True,0,0
8028,0x831622,1.000000,8,True,0,0
8029,0xa8248,0.333333,6,False,2,2
8030,0x4377de,0.000000,15,False,1,3
8031,0xc76afb,1.000000,16,True,0,0
8032,0x6d72a0,0.000000,11,False,1,3
8033,0xccba37,0.333333,14,False,2,2
8034,0x8143f,0.666667,9,False,1,1
8035,0xe5532a,1.000000,12,True,0,0
8036,0x139ae2,0.000000,11,False,1,3
8037,0x640e14,1.000000,8,True,0,0
8038,0x560a28,1.000000,8,True,0,0
8039,0xdda450,0.000000,11,False,1,3
8040,0xc956ac,1.000000,12,True,0,0
8041,0x2dfc8d,0.333333,14,False,2,2
8042,0xadc5b7,0.000000,15,False,1,3
8043,0xa4a47e,1.000000,12,True,0,0
8044,0xc096b5,0.000000,11,False,1,3
8045,0xb40180,0.333333,6,False,2,2
8046,0x8a7a71,1.000000,12,True,0,0
8047,0x6eb36b,0.000000,15,False,1,3
8048,0x3df26e,0.000000,15,False,1,3
8049,0x8895ea,0.000000,11,False,1,3
8050,0x66e864,0.000000,11,False,1,3
8051,0xe0663c,0.000000,11,False,1,3
8052,0xed5465,0.666667,13,False,1,1
8053,0x51aefa,0.333333,14,False,2,2
8054,0xac27f2,0.666667,13,False,1,1
8055,0x6c42fc,1.000000,12,True,0,0
8056,0xeb61b1,0.666667,13,False,1,1
8057,0x3f0f75,0.000000,15,False,1,3
8058,0xc43b1b,1.000000,12,True,0,0
8059,0x915e5d,0.666667,13,False,1,1
8060,0x3bd147,0.666667,13,False,1,1
8061,0x63d3ff,0.666667,17,False,1,1
8062,0x47452a,0.333333,10,False,2,2
8063,0x268849,1.000000,8,True,0,0
8064,0x121cc5,0.666667,9,False,1,1
8065,0x1203fd,0.000000,11,False,1,3
8066,0x7a6c62,1.000000,12,True,0,0
8067,0xebbd40,0.666667,13,False,1,1
8068,0x4d242f,0.000000,11,False,1,3
8069,0xd19007,0.666667,9,False,1,1
8070,0xbdce67,1.000000,16,True,0,0
8071,0x3c578,0.333333,10,False,2,2
8072,0x749655,1.000000,12,True,0,0
8073,0x44f190,0.666667,9,False,1,1
8074,0xe44268,0.666667,9,False,1,1
8075,0x5e4e62,1.000000,12,True,0,0
8076,0xad9683,1.000000,12,True,0,0
8077,0xb0eaba,0.666667,13,False,1,1
8078,0x5c0ddc,1.000000,12,True,0,0
8079,0xbde964,0.333333,14,False,2,2
8080,0x2859d5,0.000000,11,False,1,3
8081,0x891277,0.000000,11,False,1,3
8082,0x117112,1.000000,8,True,0,0
8083,0x4b5a92,0.000000,11,False,1,3
8084,0xa554c9,0.000000,11,False,1,3
8085,0xb91820,1.000000,8,True,0,0
8086,0x211fdb,0.666667,13,False,1,1
8087,0xf05142,0.666667,9,False,1,1
8088,0x5a7252,0.000000,11,False,1,3
8089,0x14bddd,0.333333,14,False,2,2
8090,0x3bfa79,1.000000,16,True,0,0
8091,0x68a7cd,0.666667,13,False,1,1
8092,0x4931ab,0.000000,11,False,1,3
8093,0xc7bcc5,0.333333,14,False,2,2
8094,0xfec491,0.666667,13,False,1,1
8095,0xaa2399,0.000000,11,False,1,3
8096,0x989241,1.000000,8,True,0,0
8097,0xd4db34,0.666667,13,False,1,1
8098,0x86ef2d,0.333333,14,False,2,2
8099,0x70d156,0.000000,11,False,1,3
8100,0x4efa86,0.666667,13,False,1,1
8101,0x47e0cb,1.000000,12,True,0,0
8102,0xbff1db,0.333333,18,False,2,2
8103,0x7d676c,0.000000,15,False,1,3
8104,0x88b22e,0.333333,10,False,2,2
8105,0x6d9091,0.333333,10,False,2,2
8106,0x8e8e6d,0.666667,13,False,1,1
8107,0xc953f5,0.333333,14,False,2,2
8108,0x9e059b,1.000000,12,True,0,0
8109,0x851977,1.000000,12,True,0,0
8110,0x7c4fe7,1.000000,16,True,0,0
8111,0x671e3e,0.333333,14,False,2,2
8112,0x8a961d,0.000000,11,False,1,3
8113,0x4217bf,0.666667,13,False,1,1
8114,0x3f6c10,0.000000,11,False,1,3
8115,0x575182,0.333333,10,False,2,2
8116,0x6356d7,0.333333,14,False,2,2
8117,0xa36034,0.666667,9,False,1,1
8118,0x8caeef,0.000000,15,False,1,3
8119,0x9dc7a6,0.333333,14,False,2,2
8120,0xeb40c4,0.333333,10,False,2,2
8121,0xa4ebc4,1.000000,12,True,0,0
8122,0x65b854,0.000000,11,False,1,3
8123,0xa3f714,0.666667,13,False,1,1
8124,0x6653f7,0.000000,15,False,1,3
8125,0xbb6342,1.000000,12,True,0,0
8126,0xa40ed3,0.000000,11,False,1,3
8127,0xa0fb45,1.000000,12,True,0,0
8128,0x6d6448,0.333333,10,False,2,2
8129,0xca78de,0.333333,14,False,2,2
8130,0x9d0cd0,0.333333,10,False,2,2
8131,0xb27ec8,0.666667,13,False,1,1
8132,0x1f4571,1.000000,12,True,0,0
8133,0x4fd35a,0.333333,14,False,2,2
8134,0x5e502,1.000000,8,True,0,0
8135,0x1fc4b,0.000000,11,False,1,3
8136,0xdbaf65,1.000000,16,True,0,0
8137,0x5dc11,0.666667,9,False,1,1
8138,0xcc344,1.000000,8,True,0,0
8139,0x8cb928,0.333333,10,False,2,2
8140,0x65133d,1.000000,12,True,0,0
8141,0x3b6420,0.666667,9,False,1,1
8142,0x2d7340,0.333333,10,False,2,2
8143,0xaf7453,0.333333,14,False,2,2
8144,0x9eacdd,0.000000,15,False,1,3
8145,0x86262,0.000000,7,False,1,3
8146,0xc2529d,0.000000,11,False,1,3
8147,0x567ae2,0.666667,13,False,1,1
8148,0xb652d2,1.000000,12,True,0,0
8149,0x2fd4f2,0.333333,14,False,2,2
8150,0x7a2fc1,0.666667,13,False,1,1
8151,0xc69cb4,1.000000,12,True,0,0
8152,0xc57ff2,1.000000,16,True,0,0
8153,0x2e55ec,0.666667,13,False,1,1
8154,0x1233,0.333333,6,False,2,2
8155,0xfffeb1,0.000000,19,False,3,3
8156,0x2c67a0,0.333333,10,False,2,2
8157,0xd0e2e2,0.000000,11,False,1,3
8158,0xbc719f,0.000000,15,False,1,3
8159,0x2bd6fe,1.000000,16,True,0,0
8160,0x279822,0.666667,9,False,1,1
8161,0x6817ce,1.000000,12,True,0,0
8162,0x70622c,0.666667,9,False,1,1
8163,0x31f319,1.000000,12,True,0,0
8164,0x2c8f48,0.333333,10,False,2,2
8165,0x51c6f1,1.000000,12,True,0,0
8166,0xc06fb7,0.333333,14,False,2,2
8167,0x1d44a2,0.666667,9,False,1,1
8168,0x2951b,0.666667,9,False,1,1
8169,0xf85b00,0.333333,10,False,2,2
8170,0x589d0a,0.333333,10,False,2,2
8171,0x64a7df,0.000000,15,False,1,3
8172,0x1b811e,0.333333,10,False,2,2
8173,0x449dc6,0.000000,11,False,1,3
8174,0x1c5b2f,0.666667,13,False,1,1
8175,0x396335,1.000000,12,True,0,0
8176,0xe9956c,0.666667,13,False,1,1
8177,0xec6f55,0.000000,15,False,1,3
8178,0xdff2b6,0.666667,17,False,1,1
8179,0x9c43df,0.333333,14,False,2,2
8180,0x5d7100,0.666667,9,False,1,1
8181,0x5cb773,0.000000,15,False,1,3
8182,0xd6cf5,0.666667,13,False,1,1
8183,0x4227bd,1.000000,12,True,0,0
8184,0x88a75a,0.000000,11,False,1,3
8185,0xe586f0,1.000000,12,True,0,0
8186,0x50090a,0.333333,6,False,2,2
8187,0x89acdb,0.666667,13,False,1,1
8188,0x316779,0.666667,13,False,1,1
8189,0xba9002,1.000000,8,True,0,0
8190,0x191998,0.666667,9,False,1,1
8191,0x9f2fc6,0.000000,15,False,1,3
8192,0xf09f9e,0.000000,15,False,1,3
8193,0x8ef75,0.666667,13,False,1,1
8194,0x68e6c,0.333333,10,False,2,2
8195,0x54df53,0.333333,14,False,2,2
8196,0x461462,1.000000,8,True,0,0
8197,0x191495,0.666667,9,False,1,1
8198,0xe7a507,0.666667,13,False,1,1
8199,0x95854f,1.000000,12,True,0,0
8200,0xfe4b69,0.000000,15,False,1,3
8201,0x9cb365,0.666667,13,False,1,1
8202,0x42addb,0.666667,13,False,1,1
8203,0x17fdee,0.666667,17,False,1,1
8204,0xcdd63b,0.000000,15,False,1,3
8205,0xb0b6f3,0.333333,14,False,2,2
8206,0x1e48d4,0.333333,10,False,2,2
8207,0x7f9c79,1.000000,16,True,0,0
8208,0x13f47d,0.333333,14,False,2,2
8209,0xf2b2ae,0.333333,14,False,2,2
8210,0x391534,0.333333,10,False,2,2
8211,0xe924f,0.000000,11,False,1,3
8212,0xeae9a4,0.666667,13,False,1,1
8213,0xcb6789,0.666667,13,False,1,1
8214,0x9d72af,0.000000,15,False,1,3
8215,0x19e030,1.000000,8,True,0,0
8216,0x1dd1a4,0.000000,11,False,1,3
8217,0xba7736,0.000000,15,False,1,3
8218,0x9b7d66,0.000000,15,False,1,3
8219,0x5289c7,0.000000,11,False,1,3
8220,0xb41d55,1.000000,12,True,0,0
8221,0xf9b676,1.000000,16,True,0,0
8222,0x1b38b6,1.000000,12,True,0,0
8223,0xe552da,0.666667,13,False,1,1
8224,0x9f2d9c,0.333333,14,False,2,2
8225,0xb1fe12,0.666667,13,False,1,1
8226,0x1ee047,0.000000,11,False,1,3
8227,0x85909a,0.666667,9,False,1,1
8228,0x4be9d6,0.333333,14,False,2,2
8229,0xa021b1,1.000000,8,True,0,0
8230,0xb25818,0.666667,9,False,1,1
8231,0xb71b54,0.666667,13,False,1,1
8232,0xa1b19,0.666667,9,False,1,1
8233,0xe60ee2,1.000000,12,True,0,0
8234,0x3994d6,1.000000,12,True,0,0
8235,0x3e4bb6,0.333333,14,False,2,2
8236,0xf563de,1.000000,16,True,0,0
8237,0x5a0eeb,0.666667,13,False,1,1
8238,0x44cd8b,0.000000,11,False,1,3
8239,0x19c0d,1.000000,8,True,0,0
8240,0x1bc431,0.333333,10,False,2,2
8241,0xab811a,0.333333,10,False,2,2
8242,0x33106f,0.000000,11,False,1,3
8243,0xa55988,0.333333,10,False,2,2
8244,0xbf1da0,0.666667,13,False,1,1
8245,0x2a2a1b,0.333333,10,False,2,2
8246,0x3fa12,0.333333,10,False,2,2
8247,0x1b17c5,1.000000,12,True,0,0
8248,0x541160,0.000000,7,False,1,3
8249,0xe3030,0.000000,7,False,1,3
8250,0x1cec5e,0.666667,13,False,1,1
8251,0x6693f2,0.666667,13,False,1,1
8252,0x85ec7d,0.333333,14,False,2,2
8253,0x8e1303,0.666667,9,False,1,1
8254,0x9ae43a,1.000000,12,True,0,0
8255,0x2435ff,0.333333,14,False,2,2
8256,0x4c50d7,0.000000,11,False,1,3
8257,0x8c9c76,1.000000,12,True,0,0
8258,0x8ceff5,1.000000,16,True,0,0
8259,0x934848,1.000000,8,True,0,0
8260,0x43e814,0.666667,9,False,1,1
8261,0xe6a066,0.000000,11,False,1,3
8262,0x98277b,0.666667,13,False,1,1
8263,0xe85aea,0.666667,13,False,1,1
8264,0xe7552,0.000000,11,False,1,3
8265,0x172765,1.000000,12,True,0,0
8266,0x823f63,1.000000,12,True,0,0
8267,0xcd92c2,0.000000,11,False,1,3
8268,0xa7c4b0,0.000000,11,False,1,3
8269,0x9e2c0e,0.000000,11,False,1,3
8270,0x67c8d7,0.333333,14,False,2,2
8271,0x3a0a54,0.666667,9,False,1,1
8272,0x298515,0.666667,9,False,1,1
8273,0x315870,0.666667,9,False,1,1
8274,0x64fb89,0.666667,13,False,1,1
8275,0xad3f4b,0.000000,15,False,1,3
8276,0x247b66,1.000000,12,True,0,0
8277,0x4c7719,1.000000,12,True,0,0
8278,0x2d69a3,1.000000,12,True,0,0
8279,0x75bfde,0.333333,18,False,2,2
8280,0x3345bd,0.666667,13,False,1,1
8281,0x6b4005,1.000000,8,True,0,0
8282,0xe9d9d,0.666667,13,False,1,1
8283,0x8def0d,0.333333,14,False,2,2
8284,0xa09f4d,1.000000,12,True,0,0
8285,0x598d81,0.333333,10,False,2,2
8286,0x402a47,1.000000,8,True,0,0
8287,0xea268e,1.000000,12,True,0,0
8288,0xc778c8,1.000000,12,True,0,0
8289,0xc8afbc,0.333333,14,False,2,2
8290,0x355b07,1.000000,12,True,0,0
8291,0xbb31c5,0.666667,13,False,1,1
8292,0xe17054,0.333333,10,False,2,2
8293,0xb5902f,1.000000,12,True,0,0
8294,0x7b2f8c,0.333333,14,False,2,2
8295,0xcdfcdf,0.333333,18,False,2,2
8296,0xcc26c3,0.000000,11,False,1,3
8297,0x3f955d,0.000000,15,False,1,3
8298,0x54a13b,0.000000,11,False,1,3
8299,0xd81caa,0.000000,11,False,1,3
8300,0xe12c10,1.000000,8,True,0,0
8301,0x8be669,0.666667,13,False,1,1
8302,0xc9cc8,0.666667,9,False,1,1
8303,0xbc833e,0.666667,13,False,1,1
8304,0xd62329,0.000000,11,False,1,3
8305,0x9d561d,0.666667,13,False,1,1
8306,0xc94db4,1.000000,12,True,0,0
8307,0xa6e026,0.333333,10,False,2,2
8308,0x9f7a1a,0.333333,14,False,2,2
8309,0xe24f52,1.000000,12,True,0,0
8310,0xe48680,1.000000,8,True,0,0
8311,0x19ac23,0.333333,10,False,2,2
8312,0x91bf2,0.000000,11,False,1,3
8313,0x70ab7b,0.333333,14,False,2,2
8314,0xb67af3,1.000000,16,True,0,0
8315,0x6a3685,0.000000,11,False,1,3
8316,0x3ca81a,0.333333,10,False,2,2
8317,0x645f12,0.000000,11,False,1,3
8318,0x2720a3,0.666667,9,False,1,1
8319,0x36eff8,1.000000,16,True,0,0
8320,0x92a198,0.666667,9,False,1,1
8321,0xbea903,1.000000,12,True,0,0
8322,0xcaea88,0.000000,11,False,1,3
8323,0xcb104b,0.333333,10,False,2,2
8324,0x49050a,0.000000,7,False,1,3
8325,0x590196,0.666667,9,False,1,1
8326,0x1ed3ea,0.333333,14,False,2,2
8327,0x9b4751,1.000000,12,True,0,0
8328,0x77f9fc,0.333333,18,False,2,2
8329,0x71712a,0.000000,11,False,1,3
8330,0x694d6f,0.333333,14,False,2,2
8331,0x346163,0.333333,10,False,2,2
8332,0x413309,1.000000,8,True,0,0
8333,0xd04803,0.000000,7,False,1,3
8334,0xa5a642,0.333333,10,False,2,2
8335,0x825377,1.000000,12,True,0,0
8336,0xb57d6b,1.000000,16,True,0,0
8337,0x35e86f,0.333333,14,False,2,2
8338,0xf7302d,0.666667,13,False,1,1
8339,0xafa5d3,0.000000,15,False,1,3
8340,0xd36489,0.000000,11,False,1,3
8341,0x3c84fe,0.666667,13,False,1,1
8342,0xa7fddb,0.333333,18,False,2,2
8343,0xff00ef,0.000000,15,False,1,3
8344,0x3cb22a,0.000000,11,False,1,3
8345,0x1295,0.333333,6,False,2,2
8346,0xf188d7,0.666667,13,False,1,1
8347,0x4ca63,0.666667,9,False,1,1
8348,0x16d1e8,0.000000,11,False,1,3
8349,0xbfcd54,0.000000,15,False,1,3
8350,0x29fcf8,0.333333,14,False,2,2
8351,0x740938,0.666667,9,False,1,1
8352,0x2ef2d3,0.333333,14,False,2,2
8353,0x43ee31,1.000000,12,True,0,0
8354,0x87d54,0.333333,10,False,2,2
8355,0x2ab2c7,1.000000,12,True,0,0
8356,0xf41b22,0.000000,11,False,1,3
8357,0xb0d297,1.000000,12,True,0,0
8358,0xe06c49,0.333333,10,False,2,2
8359,0x9725d9,0.666667,13,False,1,1
8360,0xc9237c,1.000000,12,True,0,0
8361,0x7436f0,1.000000,12,True,0,0
8362,0xb3911c,0.000000,11,False,1,3
8363,0x424e8f,0.000000,11,False,1,3
8364,0x33947,0.333333,10,False,2,2
8365,0xbbbff9,0.000000,19,False,3,3
8366,0x1b74a0,0.333333,10,False,2,2
8367,0xfe29fe,0.666667,17,False,1,1
8368,0xeef9c5,1.000000,16,True,0,0
8369,0xb2a363,1.000000,12,True,0,0
8370,0x971ed1,0.666667,13,False,1,1
8371,0xd0cac5,0.000000,11,False,1,3
8372,0xbc5f0,0.000000,11,False,1,3
8373,0xe4e3df,1.000000,16,True,0,0
8374,0x43b4ab,1.000000,12,True,0,0
8375,0xe960c1,0.333333,10,False,2,2
8376,0x229d04,1.000000,8,True,0,0
8377,0xf7c8a2,0.666667,13,False,1,1
8378,0x8df43d,0.333333,14,False,2,2
8379,0xfc7c02,1.000000,12,True,0,0
8380,0x421c49,1.000000,8,True,0,0
8381,0x646e2c,0.000000,11,False,1,3
8382,0x9358c2,0.333333,10,False,2,2
8383,0x4fe30a,1.000000,12,True,0,0
8384,0x43101f,0.666667,9,False,1,1
8385,0x61b20e,0.333333,10,False,2,2
8386,0x1d6a51,0.000000,11,False,1,3
8387,0x6d32f,1.000000,12,True,0,0
8388,0xfc20d9,1.000000,12,True,0,0
8389,0x11717f,0.666667,13,False,1,1
8390,0xa7e8ce,0.333333,14,False,2,2
8391,0x805dc5,0.333333,10,False,2,2
8392,0x4e10e5,0.333333,10,False,2,2
8393,0xa765f8,0.333333,14,False,2,2
8394,0x40f0ce,0.333333,10,False,2,2
8395,0x2797b8,0.666667,13,False,1,1
8396,0xf344e3,0.666667,13,False,1,1
8397,0xd5ad49,0.666667,13,False,1,1
8398,0xd5d793,0.000000,15,False,1,3
8399,0x73ec5,1.000000,12,True,0,0
8400,0xdb233d,0.333333,14,False,2,2
8401,0x3fbe2d,1.000000,16,True,0,0
8402,0x80448d,0.000000,7,False,1,3
8403,0xeb6adc,0.000000,15,False,1,3
8404,0x7b246a,1.000000,12,True,0,0
8405,0x15af4f,0.333333,14,False,2,2
8406,0x72214f,0.000000,11,False,1,3
8407,0xb23458,0.333333,10,False,2,2
8408,0xb74583,1.000000,12,True,0,0
8409,0xea9d5c,0.333333,14,False,2,2
8410,0xb290fb,0.666667,13,False,1,1
8411,0x59ceb9,0.333333,14,False,2,2
8412,0xcd5612,0.000000,11,False,1,3
8413,0xaa6801,1.000000,8,True,0,0
8414,0x9c5540,0.666667,9,False,1,1
8415,0x6e2b69,0.666667,13,False,1,1
8416,0x8d209e,0.333333,10,False,2,2
8417,0xb8dc78,0.666667,13,False,1,1
8418,0x72a073,0.000000,11,False,1,3
8419,0xd00666,0.666667,9,False,1,1
8420,0xb41816,0.666667,9,False,1,1
8421,0xbd1fb2,0.000000,15,False,1,3
8422,0xd61f2a,0.666667,13,False,1,1
8423,0x3be09f,0.333333,14,False,2,2
8424,0x12d62b,0.000000,11,False,1,3
8425,0x8d5739,0.666667,13,False,1,1
8426,0x8fdace,0.000000,15,False,1,3
8427,0x3a61b2,0.000000,11,False,1,3
8428,0xcc9e1c,1.000000,12,True,0,0
8429,0x8f9dc,1.000000,12,True,0,0
8430,0xdebc39,0.000000,15,False,1,3
8431,0x6f77fb,0.000000,19,False,3,3
8432,0xd226ff,0.000000,15,False,1,3
8433,0x22de85,0.000000,11,False,1,3
8434,0x469da7,0.666667,13,False,1,1
8435,0x212b29,0.666667,9,False,1,1
8436,0x6aced2,0.666667,13,False,1,1
8437,0xa80bc5,0.333333,10,False,2,2
8438,0x8dc3de,0.333333,14,False,2,2
8439,0xcbf2ca,0.333333,14,False,2,2
8440,0x674201,1.000000,8,True,0,0
8441,0x4dadfd,1.000000,16,True,0,0
8442,0xeb9d12,0.666667,13,False,1,1
8443,0xd707c3,0.666667,13,False,1,1
8444,0x60bd94,0.000000,11,False,1,3
8445,0xe7e1ee,1.000000,16,True,0,0
8446,0xf6a000,1.000000,8,True,0,0
8447,0x6a2660,0.666667,9,False,1,1
8448,0x8ee756,0.333333,14,False,2,2
8449,0x96e442,0.333333,10,False,2,2
8450,0xccc19b,1.000000,12,True,0,0
8451,0xcc27e9,0.666667,13,False,1,1
8452,0x47b0a8,0.333333,10,False,2,2
8453,0xa465e6,1.000000,12,True,0,0
8454,0xfbf80c,0.333333,14,False,2,2
8455,0xa06d55,0.000000,11,False,1,3
8456,0x7cc8eb,0.333333,14,False,2,2
8457,0x2a974b,1.000000,12,True,0,0
8458,0xe22473,0.000000,11,False,1,3
8459,0xfc943d,0.333333,14,False,2,2
8460,0xb18e0a,0.333333,10,False,2,2
8461,0xc6c595,1.000000,12,True,0,0
8462,0x482cc5,0.666667,9,False,1,1
8463,0x9eb027,1.000000,12,True,0,0
8464,0xee1aa9,0.666667,13,False,1,1
8465,0x6cd3ea,0.333333,14,False,2,2
8466,0x406931,1.000000,8,True,0,0
8467,0x2f4bad,0.333333,14,False,2,2
8468,0x28e810,0.000000,7,False,1,3
8469,0x8b2c37,1.000000,12,True,0,0
8470,0x81c5a8,0.666667,9,False,1,1
8471,0xb83f0b,0.666667,13,False,1,1
8472,0xa9bbcd,0.000000,15,False,1,3
8473,0x7f1bae,1.000000,16,True,0,0
8474,0xe7590d,0.666667,13,False,1,1
8475,0xca2d32,0.000000,11,False,1,3
8476,0x31ccd6,1.000000,12,True,0,0
8477,0x47361c,0.000000,11,False,1,3
8478,0xbffb8e,0.333333,18,False,2,2
8479,0x1eb995,0.666667,13,False,1,1
8480,0x15ab95,1.000000,12,True,0,0
8481,0x351c4f,1.000000,12,True,0,0
8482,0x2bf6d5,0.000000,15,False,1,3
8483,0x10c937,0.333333,10,False,2,2
8484,0x5eaedb,1.000000,16,True,0,0
8485,0x715ad2,1.000000,12,True,0,0
8486,0x5f8c01,0.333333,10,False,2,2
8487,0x625b10,0.666667,9,False,1,1
8488,0x5113f7,0.666667,13,False,1,1
8489,0xeda189,1.000000,12,True,0,0
8490,0x1b7361,1.000000,12,True,0,0
8491,0xe28163,0.333333,10,False,2,2
8492,0x76101f,0.000000,11,False,1,3
8493,0x18eb9c,1.000000,12,True,0,0
8494,0x267f07,0.666667,13,False,1,1
8495,0x2c1cd9,0.000000,11,False,1,3
8496,0x641104,0.333333,6,False,2,2
8497,0x1a7b0c,0.000000,11,False,1,3
8498,0x22b29c,0.333333,10,False,2,2
8499,0xc960f2,0.000000,11,False,1,3
8500,0x9fc69e,0.000000,15,False,1,3
8501,0x756a48,0.000000,11,False,1,3
8502,0x1e8d3f,0.333333,14,False,2,2
8503,0x755776,0.000000,15,False,1,3
8504,0x194ef8,1.000000,12,True,0,0
8505,0xf56ec,0.666667,13,False,1,1
8506,0x993345,0.000000,11,False,1,3
8507,0x5c7a7a,0.333333,14,False,2,2
8508,0x3b0253,0.333333,10,False,2,2
8509,0xd9af04,1.000000,12,True,0,0
8510,0x2e617f,0.333333,14,False,2,2
8511,0x50d9b1,0.000000,11,False,1,3
8512,0x8cd538,0.000000,11,False,1,3
8513,0x692bf,1.000000,12,True,0,0
8514,0x58e904,0.666667,9,False,1,1
8515,0x91c149,0.666667,9,False,1,1
8516,0xa0ff47,0.333333,14,False,2,2
8517,0x271c60,0.666667,9,False,1,1
8518,0xa77e3f,0.666667,17,False,1,1
8519,0xbcffc5,0.666667,17,False,1,1
8520,0x79217,0.333333,10,False,2,2
8521,0x5274bc,1.000000,12,True,0,0
8522,0x1f04a9,0.333333,10,False,2,2
8523,0x34e7e9,0.333333,14,False,2,2
8524,0x9f062b,1.000000,12,True,0,0
8525,0x11132d,0.666667,9,False,1,1
8526,0x7fe106,0.666667,13,False,1,1
8527,0x4cfb5d,0.000000,15,False,1,3
8528,0xc65ee0,1.000000,12,True,0,0
8529,0xb8c4df,0.333333,14,False,2,2
8530,0x18a77,0.333333,10,False,2,2
8531,0x95a0bd,1.000000,12,True,0,0
8532,0x99bc83,1.000000,12,True,0,0
8533,0x57d8cb,0.333333,14,False,2,2
8534,0x991c4,1.000000,8,True,0,0
8535,0xaf3f76,0.666667,17,False,1,1
8536,0x6a75d1,0.666667,13,False,1,1
8537,0xb3709e,0.666667,13,False,1,1
8538,0x1923e8,0.333333,10,False,2,2
8539,0xb2f38,0.000000,11,False,1,3
8540,0x68aa18,0.666667,9,False,1,1
8541,0x5c8367,1.000000,12,True,0,0
8542,0x7ad81d,0.666667,13,False,1,1
8543,0x742f41,0.000000,11,False,1,3
8544,0x6e800f,0.333333,10,False,2,2
8545,0x5abb07,0.666667,13,False,1,1
8546,0xc840e1,1.000000,8,True,0,0
8547,0x610a56,0.666667,9,False,1,1
8548,0xd7aed7,0.666667,17,False,1,1
8549,0xdd94a1,1.000000,12,True,0,0
8550,0x66b878,1.000000,12,True,0,0
8551,0x807270,1.000000,8,True,0,0
8552,0x745f56,0.333333,14,False,2,2
8553,0xa9661b,1.000000,12,True,0,0
8554,0xde195,0.000000,11,False,1,3
8555,0x31ee0d,1.000000,12,True,0,0
8556,0x7b34e,1.000000,12,True,0,0
8557,0x18e558,0.333333,10,False,2,2
8558,0x9d5a06,0.000000,11,False,1,3
8559,0xc7b986,0.666667,13,False,1,1
8560,0x2022b2,0.000000,7,False,1,3
8561,0xfcc617,0.333333,14,False,2,2
8562,0x8d649,0.666667,9,False,1,1
8563,0x12d321,0.666667,9,False,1,1
8564,0xd19038,0.666667,9,False,1,1
8565,0xc01663,0.666667,9,False,1,1
8566,0xdec852,1.000000,12,True,0,0
8567,0x96b891,0.000000,11,False,1,3
8568,0xc0deea,0.666667,13,False,1,1
8569,0xdb9893,0.666667,13,False,1,1
8570,0x82c445,1.000000,8,True,0,0
8571,0x2ab286,0.333333,10,False,2,2
8572,0x27653f,0.333333,14,False,2,2
8573,0xc8f77d,1.000000,16,True,0,0
8574,0x743c84,0.333333,10,False,2,2
8575,0x8c9ca7,1.000000,12,True,0,0
8576,0xac8133,0.333333,10,False,2,2
8577,0xdbe164,0.666667,13,False,1,1
8578,0xffc3a6,1.000000,16,True,0,0
8579,0x170896,0.666667,9,False,1,1
8580,0x9398fd,0.333333,14,False,2,2
8581,0x7ac380,0.333333,10,False,2,2
8582,0x2495a3,0.333333,10,False,2,2
8583,0x1dfc3d,0.000000,15,False,1,3
8584,0xc4d9ff,1.000000,16,True,0,0
8585,0xfdfce3,0.333333,18,False,2,2
8586,0x967350,0.000000,11,False,1,3
8587,0x2a0352,1.000000,8,True,0,0
8588,0x92413a,0.666667,9,False,1,1
8589,0xeddea6,1.000000,16,True,0,0
8590,0x8c1535,0.333333,10,False,2,2
8591,0xf0d4b0,0.000000,11,False,1,3
8592,0xc4e724,0.000000,11,False,1,3
8593,0x7fba7c,0.666667,17,False,1,1
8594,0xe573d,0.666667,13,False,1,1
8595,0xd4587f,0.333333,14,False,2,2
8596,0x8f0134,0.666667,9,False,1,1
8597,0xc0cc6e,0.000000,11,False,1,3
8598,0x302269,1.000000,8,True,0,0
8599,0x1308f3,0.333333,10,False,2,2
8600,0x820369,1.000000,8,True,0,0
8601,0x8b3ab8,1.000000,12,True,0,0
8602,0xc52bf2,0.666667,13,False,1,1
8603,0x743e5d,0.333333,14,False,2,2
8604,0xe2a605,0.333333,10,False,2,2
8605,0xaf5312,1.000000,12,True,0,0
8606,0x6338d2,0.000000,11,False,1,3
8607,0xdf4b37,1.000000,16,True,0,0
8608,0xb0cf83,1.000000,12,True,0,0
8609,0xb33169,1.000000,12,True,0,0
8610,0xa499e6,1.000000,12,True,0,0
8611,0x37522f,0.666667,13,False,1,1
8612,0xf68e64,0.666667,13,False,1,1
8613,0x858397,0.000000,11,False,1,3
8614,0x8517c,0.666667,9,False,1,1
8615,0xf850cc,0.000000,11,False,1,3
8616,0x4be939,0.666667,13,False,1,1
8617,0xe321da,1.000000,12,True,0,0
8618,0x63283f,1.000000,12,True,0,0
8619,0xfebee7,0.000000,19,False,3,3
8620,0x3fd33c,0.000000,15,False,1,3
8621,0x9f544c,1.000000,12,True,0,0
8622,0x51e957,0.666667,13,False,1,1
8623,0x53a912,0.333333,10,False,2,2
8624,0xbffcab,0.333333,18,False,2,2
8625,0x6f3381,1.000000,12,True,0,0
8626,0xaeab7c,0.000000,15,False,1,3
8627,0xb3b923,0.666667,13,False,1,1
8628,0x767c49,0.666667,13,False,1,1
8629,0xdc5b5d,0.000000,15,False,1,3
8630,0x5252dc,0.000000,11,False,1,3
8631,0x432496,0.666667,9,False,1,1
8632,0xb4d9dc,0.333333,14,False,2,2
8633,0xb164e7,0.666667,13,False,1,1
8634,0x4ef059,1.000000,12,True,0,0
8635,0xae4bea,0.333333,14,False,2,2
8636,0x877f6d,1.000000,16,True,0,0
8637,0x629b8a,0.000000,11,False,1,3
8638,0x1ecaaa,1.000000,12,True,0,0
8639,0xfbcdef,0.000000,19,False,3,3
8640,0x2d0632,0.666667,9,False,1,1
8641,0xa540af,0.000000,11,False,1,3
8642,0x6f28d8,1.000000,12,True,0,0
8643,0x89b114,0.666667,9,False,1,1
8644,0x811841,0.333333,6,False,2,2
8645,0xec5927,0.666667,13,False,1,1
8646,0x55fec5,0.000000,15,False,1,3
8647,0xbdecd7,0.666667,17,False,1,1
8648,0x201dc1,1.000000,8,True,0,0
8649,0x8c2daf,0.666667,13,False,1,1
8650,0xd99786,0.666667,13,False,1,1
8651,0xc916af,0.666667,13,False,1,1
8652,0xb9d1f6,0.000000,15,False,1,3
8653,0x4d38ba,1.000000,12,True,0,0
8654,0x81dc9a,0.000000,11,False,1,3
8655,0xd4a38c,0.000000,11,False,1,3
8656,0x32412,0.333333,6,False,2,2
8657,0x16c652,0.333333,10,False,2,2
8658,0xe4457c,1.000000,12,True,0,0
8659,0x90cc03,1.000000,8,True,0,0
8660,0x4cd9c9,1.000000,12,True,0,0
8661,0x9a741e,1.000000,12,True,0,0
8662,0x2ba3dc,0.666667,13,False,1,1
8663,0x166d20,0.666667,9,False,1,1
8664,0x952439,0.333333,10,False,2,2
8665,0xaf665b,0.000000,15,False,1,3
8666,0xa09798,0.333333,10,False,2,2
8667,0xf2be57,1.000000,16,True,0,0
8668,0xc33ac,0.333333,10,False,2,2
8669,0xc809f9,0.000000,11,False,1,3
8670,0xb3b1db,0.000000,15,False,1,3
8671,0x263d1e,1.000000,12,True,0,0
8672,0x77d6a3,0.000000,15,False,1,3
8673,0x2513ad,0.000000,11,False,1,3
8674,0x42caef,0.666667,13,False,1,1
8675,0xa4e6d7,0.333333,14,False,2,2
8676,0x4fd740,1.000000,12,True,0,0
8677,0x685f7a,0.333333,14,False,2,2
8678,0xeef2c1,0.333333,14,False,2,2
8679,0x6b956c,0.666667,13,False,1,1
8680,0xd0338b,0.000000,11,False,1,3
8681,0x75d240,0.333333,10,False,2,2
8682,0xdfed8d,0.666667,17,False,1,1
8683,0x71547a,1.000000,12,True,0,0
8684,0xa050d4,1.000000,8,True,0,0
8685,0x25e626,0.000000,11,False,1,3
8686,0x7d4776,0.000000,15,False,1,3
8687,0x40676,1.000000,8,True,0,0
8688,0xd1aade,0.333333,14,False,2,2
8689,0x5d2bd9,0.333333,14,False,2,2
8690,0x71844f,0.000000,11,False,1,3
8691,0xf4d6f9,1.000000,16,True,0,0
8692,0xd1f1d3,0.333333,14,False,2,2
8693,0xec6c46,1.000000,12,True,0,0
8694,0xa030e9,0.666667,9,False,1,1
8695,0xab5288,0.333333,10,False,2,2
8696,0xf879f,0.333333,14,False,2,2
8697,0xc6f7cd,1.000000,16,True,0,0
8698,0x66abee,0.000000,15,False,1,3
8699,0x4267b9,1.000000,12,True,0,0
8700,0x1e6fba,0.000000,15,False,1,3
8701,0xf1677b,1.000000,16,True,0,0
8702,0xb01295,0.666667,9,False,1,1
8703,0x8dfdd5,1.000000,16,True,0,0
8704,0xce6bac,0.333333,14,False,2,2
8705,0x3301de,0.000000,11,False,1,3
8706,0x16f91,0.333333,10,False,2,2
8707,0x8ec29,0.666667,9,False,1,1
8708,0x80b3b1,0.333333,10,False,2,2
8709,0xb4a494,0.333333,10,False,2,2
8710,0xe79091,0.000000,11,False,1,3
8711,0xa92629,0.333333,10,False,2,2
8712,0xd428a3,0.333333,10,False,2,2
8713,0xaf613a,0.666667,13,False,1,1
8714,0x493fc,0.000000,11,False,1,3
8715,0x8d7c4f,0.333333,14,False,2,2
8716,0xa67ec5,0.333333,14,False,2,2
8717,0xa6bbed,1.000000,16,True,0,0
8718,0xfe0124,0.333333,10,False,2,2
8719,0x1e5abc,0.666667,13,False,1,1
8720,0x528735,0.000000,11,False,1,3
8721,0x24cfd,0.000000,11,False,1,3
8722,0x98e135,0.000000,11,False,1,3
8723,0x67936e,0.333333,14,False,2,2
8724,0xd3ace0,1.000000,12,True,0,0
8725,0x7f674b,1.000000,16,True,0,0
8726,0x973480,0.666667,9,False,1,1
8727,0xb459cd,0.666667,13,False,1,1
8728,0x515956,0.000000,11,False,1,3
8729,0x8c458c,0.666667,9,False,1,1
8730,0x59a924,0.333333,10,False,2,2
8731,0xd41721,0.333333,10,False,2,2
8732,0xeb6d28,0.666667,13,False,1,1
8733,0x85890a,1.000000,8,True,0,0
8734,0x7deece,0.666667,17,False,1,1
8735,0xf9d748,0.333333,14,False,2,2
8736,0xe5c573,0.333333,14,False,2,2
8737,0xff476e,0.666667,17,False,1,1
8738,0x15162d,0.333333,10,False,2,2
8739,0xb4b531,1.000000,12,True,0,0
8740,0xae251e,1.000000,12,True,0,0
8741,0x971300,1.000000,8,True,0,0
8742,0x91e2bb,0.666667,13,False,1,1
8743,0x9dcb2d,0.333333,14,False,2,2
8744,0x3666d6,0.666667,13,False,1,1
8745,0x72a7,0.666667,9,False,1,1
8746,0xbad80e,1.000000,12,True,0,0
8747,0xde78aa,0.333333,14,False,2,2
8748,0xffd873,0.666667,17,False,1,1
8749,0x337b21,1.000000,12,True,0,0
8750,0x719d62,1.000000,12,True,0,0
8751,0xb4d5cd,0.333333,14,False,2,2
8752,0x955b4,0.333333,10,False,2,2
8753,0x460674,0.666667,9,False,1,1
8754,0xbb0da,0.000000,11,False,1,3
8755,0x33ec8e,0.666667,13,False,1,1
8756,0x34af37,0.333333,14,False,2,2
8757,0x6c04a8,1.000000,8,True,0,0
8758,0x2d6e11,0.000000,11,False,1,3
8759,0x8af9a8,1.000000,12,True,0,0
8760,0x54e1bb,0.666667,13,False,1,1
8761,0x58c8ad,0.000000,11,False,1,3
8762,0xfb269,1.000000,12,True,0,0
8763,0x433c31,0.333333,10,False,2,2
8764,0xc35f45,0.666667,13,False,1,1
8765,0xb39b82,1.000000,12,True,0,0
8766,0x49a091,1.000000,8,True,0,0
8767,0x2343dd,1.000000,12,True,0,0
8768,0x48bfed,0.000000,15,False,1,3
8769,0x3bffc5,0.666667,17,False,1,1
8770,0x24f2b9,1.000000,12,True,0,0
8771,0x231b4d,0.000000,11,False,1,3
8772,0x4000d5,0.333333,6,False,2,2
8773,0x1cea9,0.333333,10,False,2,2
8774,0x8655fb,0.333333,14,False,2,2
8775,0x89497f,0.666667,13,False,1,1
8776,0x8e4638,0.333333,10,False,2,2
8777,0xc6f45d,0.333333,14,False,2,2
8778,0x8b64ce,1.000000,12,True,0,0
8779,0xf62361,1.000000,12,True,0,0
8780,0x46ba2a,0.000000,11,False,1,3
8781,0x59d711,1.000000,12,True,0,0
8782,0x8f0846,0.666667,9,False,1,1
8783,0xc582e5,0.000000,11,False,1,3
8784,0x85405f,0.333333,10,False,2,2
8785,0x1d34f9,0.666667,13,False,1,1
8786,0xc145a8,0.666667,9,False,1,1
8787,0x74486f,1.000000,12,True,0,0
8788,0x54410f,0.666667,9,False,1,1
8789,0x55e94c,1.000000,12,True,0,0
8790,0xb2dd04,0.000000,11,False,1,3
8791,0x22610a,0.000000,7,False,1,3
8792,0xd7dfb5,0.333333,18,False,2,2
8793,0x9f4b06,1.000000,12,True,0,0
8794,0xc414a1,1.000000,8,True,0,0
8795,0x67276d,0.333333,14,False,2,2
8796,0xdd551b,0.333333,14,False,2,2
8797,0xad4547,1.000000,12,True,0,0
8798,0xb66c8b,0.666667,13,False,1,1
8799,0x85f5c5,0.666667,13,False,1,1
8800,0x5890d1,0.666667,9,False,1,1
8801,0x3beb59,0.000000,15,False,1,3
8802,0x9e9ede,1.000000,16,True,0,0
8803,0x7b7711,0.333333,14,False,2,2
8804,0x99ceff,0.666667,17,False,1,1
8805,0xc93880,1.000000,8,True,0,0
8806,0x34fcc2,1.000000,12,True,0,0
8807,0xa5969e,0.666667,13,False,1,1
8808,0x13faca,0.666667,13,False,1,1
8809,0xe54422,0.666667,9,False,1,1
8810,0x6b48c0,0.666667,9,False,1,1
8811,0x2f033d,1.000000,12,True,0,0
8812,0xc380fb,1.000000,12,True,0,0
8813,0xfd9ef7,0.000000,19,False,3,3
8814,0xddef54,1.000000,16,True,0,0
8815,0xbecc7e,1.000000,16,True,0,0
8816,0x12fc16,0.000000,11,False,1,3
8817,0x69fca9,0.333333,14,False,2,2
8818,0x5f243b,0.666667,13,False,1,1
8819,0xd42ee6,0.666667,13,False,1,1
8820,0x286574,0.333333,10,False,2,2
8821,0x949bd6,0.666667,13,False,1,1
8822,0x96bb23,0.666667,13,False,1,1
8823,0x7c3dd8,0.333333,14,False,2,2
8824,0x71abe1,0.666667,13,False,1,1
8825,0x5625ae,1.000000,12,True,0,0
8826,0xa8f42d,1.000000,12,True,0,0
8827,0x8984ff,0.666667,13,False,1,1
8828,0x30afe1,1.000000,12,True,0,0
8829,0xdc2f2c,0.666667,13,False,1,1
8830,0xca5dda,0.333333,14,False,2,2
8831,0x2097ef,0.666667,13,False,1,1
8832,0xb49bb5,0.333333,14,False,2,2
8833,0xa15c1b,0.000000,11,False,1,3
8834,0x30a2c1,1.000000,8,True,0,0
8835,0x5a664,0.666667,9,False,1,1
8836,0x1c70d1,0.333333,10,False,2,2
8837,0x6630e6,0.000000,11,False,1,3
8838,0xfd3fc4,1.000000,16,True,0,0
8839,0xf65e,0.000000,11,False,1,3
8840,0x5037cd,1.000000,12,True,0,0
8841,0x1c96e7,0.666667,13,False,1,1
8842,0x29d876,1.000000,12,True,0,0
8843,0xbde40b,0.666667,13,False,1,1
8844,0xd88d16,0.000000,11,False,1,3
8845,0xe3a068,0.333333,10,False,2,2
8846,0xc590b9,0.000000,11,False,1,3
8847,0xe29e53,0.666667,13,False,1,1
8848,0x147eb9,0.666667,13,False,1,1
8849,0x6e080,0.333333,6,False,2,2
8850,0x30e793,1.000000,12,True,0,0
8851,0xbc013,1.000000,8,True,0,0
8852,0x5dbc5a,0.333333,14,False,2,2
8853,0x719821,0.666667,9,False,1,1
8854,0x98cf1e,0.666667,13,False,1,1
8855,0xa4f298,0.000000,11,False,1,3
8856,0x75cc8,0.333333,10,False,2,2
8857,0xd9a806,0.333333,10,False,2,2
8858,0xee579b,1.000000,16,True,0,0
8859,0xe22d01,0.666667,9,False,1,1
8860,0xcc13c4,0.333333,10,False,2,2
8861,0x8d4632,0.333333,10,False,2,2
8862,0xbcd08c,0.000000,11,False,1,3
8863,0x724d65,1.000000,12,True,0,0
8864,0x122f59,0.000000,11,False,1,3
8865,0xe586be,0.333333,14,False,2,2
8866,0x61a7c5,1.000000,12,True,0,0
8867,0x10fb6a,1.000000,12,True,0,0
8868,0xb56e14,1.000000,12,True,0,0
8869,0x7cdd30,0.666667,13,False,1,1
8870,0x4bebc5,0.333333,14,False,2,2
8871,0xc77c0c,1.000000,12,True,0,0
8872,0x4021c0,0.666667,5,False,3,1
8873,0xb53d79,0.000000,15,False,1,3
8874,0x195497,0.000000,11,False,1,3
8875,0x9a2e0f,1.000000,12,True,0,0
8876,0xc90865,0.666667,9,False,1,1
8877,0x9f4ef2,0.000000,15,False,1,3
8878,0xb469c5,1.000000,12,True,0,0
8879,0x1235d7,1.000000,12,True,0,0
8880,0x9fdfec,0.333333,18,False,2,2
8881,0xde7efe,0.000000,19,False,3,3
8882,0x88ddbc,0.666667,13,False,1,1
8883,0x961aee,0.666667,13,False,1,1
8884,0x2a378b,1.000000,12,True,0,0
8885,0xd0658,1.000000,8,True,0,0
8886,0x6f3193,0.666667,13,False,1,1
8887,0xa65eb2,0.666667,13,False,1,1
8888,0xa06a76,0.000000,11,False,1,3
8889,0x6f47d5,0.000000,15,False,1,3
8890,0xa85b33,1.000000,12,True,0,0
8891,0x2c08a6,1.000000,8,True,0,0
8892,0x34a57,0.333333,10,False,2,2
8893,0x2db55c,0.666667,13,False,1,1
8894,0x1dfb33,0.000000,15,False,1,3
8895,0xedc069,1.000000,12,True,0,0
8896,0x6f5f5a,1.000000,16,True,0,0
8897,0x13ea9d,0.666667,13,False,1,1
8898,0xe1974b,0.666667,13,False,1,1
8899,0x5e1e38,1.000000,12,True,0,0
8900,0x3a3966,1.000000,12,True,0,0
8901,0xbd4473,0.666667,13,False,1,1
8902,0x8c66da,1.000000,12,True,0,0
8903,0xdc8cb0,0.000000,11,False,1,3
8904,0x4ca50f,0.000000,11,False,1,3
8905,0x6c462,1.000000,8,True,0,0
8906,0x2a0372,0.666667,9,False,1,1
8907,0x7f64fe,0.666667,17,False,1,1
8908,0x1a6dd7,0.333333,14,False,2,2
8909,0xf5aafa,1.000000,16,True,0,0
8910,0xcbef89,0.000000,15,False,1,3
8911,0xb41b2b,1.000000,12,True,0,0
8912,0xfe67cc,1.000000,16,True,0,0
8913,0xcf4c30,0.000000,11,False,1,3
8914,0x1e6985,0.000000,11,False,1,3
8915,0x1580b1,1.000000,8,True,0,0
8916,0x83bd36,0.666667,13,False,1,1
8917,0x1079a0,1.000000,8,True,0,0
8918,0xf04286,0.666667,9,False,1,1
8919,0xc82d0c,0.666667,9,False,1,1
8920,0x1c97e0,0.000000,11,False,1,3
8921,0x859ba8,0.000000,11,False,1,3
8922,0x16a0b7,0.000000,11,False,1,3
8923,0x3b4a01,0.666667,9,False,1,1
8924,0xc7e5fa,1.000000,16,True,0,0
8925,0x89dc75,0.666667,13,False,1,1
8926,0x739366,0.666667,13,False,1,1
8927,0xd96f13,0.333333,14,False,2,2
8928,0xd7dbf2,0.666667,17,False,1,1
8929,0x4b31ff,0.000000,15,False,1,3
8930,0xfbea43,0.000000,15,False,1,3
8931,0x54a833,0.333333,10,False,2,2
8932,0x37f8ae,0.000000,15,False,1,3
8933,0x25a19c,0.333333,10,False,2,2
8934,0xb27606,0.000000,11,False,1,3
8935,0x1c1756,0.000000,11,False,1,3
8936,0xf370a6,0.666667,13,False,1,1
8937,0xb4635b,0.666667,13,False,1,1
8938,0x886b34,0.333333,10,False,2,2
8939,0xb75245,1.000000,12,True,0,0
8940,0x76e5d8,0.333333,14,False,2,2
8941,0xb01756,0.000000,11,False,1,3
8942,0xe4b824,0.333333,10,False,2,2
8943,0x99da38,1.000000,12,True,0,0
8944,0x18682e,0.666667,9,False,1,1
8945,0xbe5bea,1.000000,16,True,0,0
8946,0xf73581,0.666667,13,False,1,1
8947,0x2d8b10,0.666667,9,False,1,1
8948,0x311eee,0.666667,13,False,1,1
8949,0x46adfd,0.000000,15,False,1,3
8950,0xa50209,0.000000,7,False,1,3
8951,0x8b51e,0.333333,10,False,2,2
8952,0xca2693,0.000000,11,False,1,3
8953,0x14855b,0.333333,10,False,2,2
8954,0xe019a,1.000000,8,True,0,0
8955,0xd7ea86,0.333333,14,False,2,2
8956,0x42cbfc,0.666667,13,False,1,1
8957,0x4a033c,0.666667,9,False,1,1
8958,0x6c4a4a,0.333333,10,False,2,2
8959,0x3c33b8,1.000000,12,True,0,0
8960,0x2f45a0,0.333333,10,False,2,2
8961,0x7e4365,0.666667,13,False,1,1
8962,0x60278c,0.666667,9,False,1,1
8963,0x85b132,0.333333,10,False,2,2
8964,0x551853,0.333333,10,False,2,2
8965,0xbb3c82,1.000000,12,True,0,0
8966,0x5e34da,0.666667,13,False,1,1
8967,0x1dfbf4,1.000000,16,True,0,0
8968,0xd14ad3,1.000000,12,True,0,0
8969,0x365b4b,0.666667,13,False,1,1
8970,0x597b67,0.000000,15,False,1,3
8971,0xd78d28,1.000000,12,True,0,0
8972,0x467c14,0.333333,10,False,2,2
8973,0x153128,1.000000,8,True,0,0
8974,0x23f373,0.333333,14,False,2,2
8975,0x3795ad,0.333333,14,False,2,2
8976,0x9167f0,1.000000,12,True,0,0
8977,0x2a432d,0.333333,10,False,2,2
8978,0x38ddc,0.000000,11,False,1,3
8979,0xf60761,1.000000,12,True,0,0
8980,0x437803,0.666667,9,False,1,1
8981,0x668832,0.666667,9,False,1,1
8982,0xb6cefa,1.000000,16,True,0,0
8983,0xd81a4d,0.000000,11,False,1,3
8984,0x621037,0.666667,9,False,1,1
8985,0xf03c8c,0.000000,11,False,1,3
8986,0x45dc92,0.000000,11,False,1,3
8987,0x57df4e,1.000000,16,True,0,0
8988,0x78fa82,1.000000,12,True,0,0
8989,0x957ef2,0.000000,15,False,1,3
8990,0xb3e9fb,0.666667,17,False,1,1
8991,0x64dbe3,0.333333,14,False,2,2
8992,0x52fac6,0.666667,13,False,1,1
8993,0xd39922,0.000000,11,False,1,3
8994,0x6f548e,0.666667,13,False,1,1
8995,0x9a1ce3,1.000000,12,True,0,0
8996,0x8463e9,0.000000,11,False,1,3
8997,0x325cba,1.000000,12,True,0,0
8998,0xd4feed,0.666667,17,False,1,1
8999,0x286f43,0.000000,11,False,1,3
9000,0x485535,0.333333,10,False,2,2
9001,0x6d7562,0.666667,13,False,1,1
9002,0x981a11,1.000000,8,True,0,0
9003,0x10f783,0.000000,11,False,1,3
9004,0xc55aa7,0.666667,13,False,1,1
9005,0xa97f76,1.000000,16,True,0,0
9006,0x85e04f,0.000000,11,False,1,3
9007,0x25725c,0.000000,11,False,1,3
9008,0x97383,0.333333,10,False,2,2
9009,0xdd8a7c,0.333333,14,False,2,2
9010,0x411aeb,0.000000,11,False,1,3
9011,0x669495,0.000000,11,False,1,3
9012,0xb25962,0.000000,11,False,1,3
9013,0xa97feb,0.666667,17,False,1,1
9014,0x7e24b1,1.000000,12,True,0,0
9015,0x28791d,0.000000,11,False,1,3
9016,0x91d6d7,0.333333,14,False,2,2
9017,0x3e1fc7,0.000000,15,False,1,3
9018,0x6c3e82,0.000000,11,False,1,3
9019,0xe395be,0.000000,15,False,1,3
9020,0xbdde4f,0.666667,17,False,1,1
9021,0x885fc3,1.000000,12,True,0,0
9022,0xf63d52,0.333333,14,False,2,2
9023,0x3365dc,0.666667,13,False,1,1
9024,0x23a79e,0.666667,13,False,1,1
9025,0xb6c2f1,0.666667,13,False,1,1
9026,0xf567e6,1.000000,16,True,0,0
9027,0x10c139,1.000000,8,True,0,0
9028,0x1cec3,0.333333,10,False,2,2
9029,0x5eddf0,0.000000,15,False,1,3
9030,0xf9544,0.333333,10,False,2,2
9031,0xe1add0,1.000000,12,True,0,0
9032,0x12ea81,0.666667,9,False,1,1
9033,0xfe04c2,0.000000,11,False,1,3
9034,0x25abdd,0.333333,14,False,2,2
9035,0x41ffd9,0.000000,15,False,1,3
9036,0x33421a,0.666667,9,False,1,1
9037,0xb46e4f,0.333333,14,False,2,2
9038,0xb0498,0.000000,7,False,1,3
9039,0xd42dc6,1.000000,12,True,0,0
9040,0x5ffaca,1.000000,16,True,0,0
9041,0xfdc111,1.000000,12,True,0,0
9042,0x2010db,1.000000,8,True,0,0
9043,0xde8915,1.000000,12,True,0,0
9044,0xb5eb9e,1.000000,16,True,0,0
9045,0x4c7c51,0.000000,11,False,1,3
9046,0x865e26,0.000000,11,False,1,3
9047,0x5b7177,0.000000,15,False,1,3
9048,0x56c523,0.000000,11,False,1,3
9049,0xe66e47,0.333333,14,False,2,2
9050,0x4a4363,0.333333,10,False,2,2
9051,0x2f04e3,0.000000,11,False,1,3
9052,0x264021,0.333333,6,False,2,2
9053,0x417d81,0.333333,10,False,2,2
9054,0x8a7d1b,0.666667,13,False,1,1
9055,0xa633d8,1.000000,12,True,0,0
9056,0x59b5d5,0.333333,14,False,2,2
9057,0x2c1f59,1.000000,12,True,0,0
9058,0xba1b09,0.000000,11,False,1,3
9059,0xa33bf1,0.333333,14,False,2,2
9060,0x4f358a,1.000000,12,True,0,0
9061,0x1ed9a8,1.000000,12,True,0,0
9062,0xef5b7e,0.333333,18,False,2,2
9063,0xb747cf,1.000000,16,True,0,0
9064,0x7f4fae,0.666667,17,False,1,1
9065,0x576fc2,0.333333,14,False,2,2
9066,0x6b2896,0.000000,11,False,1,3
9067,0xb38195,0.000000,11,False,1,3
9068,0xf7278c,0.333333,14,False,2,2
9069,0xc5a352,0.000000,11,False,1,3
9070,0x500b86,1.000000,8,True,0,0
9071,0x55e982,0.000000,11,False,1,3
9072,0x8d8cd,0.333333,10,False,2,2
9073,0x53ce1d,0.666667,13,False,1,1
9074,0x9572a3,1.000000,12,True,0,0
9075,0x138269,0.666667,9,False,1,1
9076,0xdaed01,1.000000,12,True,0,0
9077,0x1ebe31,0.666667,13,False,1,1
9078,0x2d47c9,1.000000,12,True,0,0
9079,0xa7f99e,1.000000,16,True,0,0
9080,0x4052bb,0.333333,10,False,2,2
9081,0x2b902f,0.000000,11,False,1,3
9082,0xdd4978,0.666667,13,False,1,1
9083,0xd77d36,1.000000,16,True,0,0
9084,0xdae6e3,0.000000,15,False,1,3
9085,0x881935,0.666667,9,False,1,1
9086,0x97656,0.000000,11,False,1,3
9087,0x434598,0.666667,9,False,1,1
9088,0x97e32e,0.333333,14,False,2,2
9089,0xba1f11,1.000000,12,True,0,0
9090,0x844367,0.333333,10,False,2,2
9091,0x6e6050,0.666667,9,False,1,1
9092,0xb12c16,0.333333,10,False,2,2
9093,0xd7c040,0.666667,9,False,1,1
9094,0x8e4dfa,0.333333,14,False,2,2
9095,0xc52102,0.000000,7,False,1,3
9096,0xb79da3,0.000000,15,False,1,3
9097,0xa41a9b,0.000000,11,False,1,3
9098,0x822930,0.000000,7,False,1,3
9099,0xd2aef4,0.333333,14,False,2,2
9100,0xf35cea,0.000000,15,False,1,3
9101,0x6a9611,0.333333,10,False,2,2
9102,0x11d047,0.666667,9,False,1,1
9103,0x2727a0,0.333333,10,False,2,2
9104,0xb53665,0.666667,13,False,1,1
9105,0x11d2b1,0.333333,10,False,2,2
9106,0x978219,0.333333,10,False,2,2
9107,0x76a492,0.000000,11,False,1,3
9108,0xba09ae,1.000000,12,True,0,0
9109,0xbb9931,0.666667,13,False,1,1
9110,0xb17b1e,0.333333,14,False,2,2
9111,0x28ddd4,1.000000,12,True,0,0
9112,0xdcf27d,1.000000,16,True,0,0
9113,0x5d8602,0.666667,9,False,1,1
9114,0x59ab5a,0.666667,13,False,1,1
9115,0x56ea6b,0.333333,14,False,2,2
9116,0xbbec83,0.333333,14,False,2,2
9117,0xa8c8d0,0.666667,9,False,1,1
9118,0xaae520,0.333333,10,False,2,2
9119,0xd0b41a,0.333333,10,False,2,2
9120,0x185e37,1.000000,12,True,0,0
9121,0x57116d,1.000000,12,True,0,0
9122,0xe0c7d5,0.666667,13,False,1,1
9123,0xf4d433,0.666667,13,False,1,1
9124,0x3babb1,0.333333,14,False,2,2
9125,0xacef33,0.000000,15,False,1,3
9126,0xeca659,0.666667,13,False,1,1
9127,0x3d3629,1.000000,12,True,0,0
9128,0xde42bc,0.666667,13,False,1,1
9129,0xa21f88,0.333333,10,False,2,2
9130,0x4d21c6,0.333333,10,False,2,2
9131,0xd264b7,0.666667,13,False,1,1
9132,0xc7ea2f,0.000000,15,False,1,3
9133,0xdfeb09,0.000000,15,False,1,3
9134,0x467afd,0.000000,15,False,1,3
9135,0x45a4de,1.000000,12,True,0,0
9136,0xda0ea9,1.000000,12,True,0,0
9137,0xe80d0b,0.333333,10,False,2,2
9138,0xc65d92,1.000000,12,True,0,0
9139,0xbb355,1.000000,12,True,0,0
9140,0x3159b,0.333333,10,False,2,2
9141,0x9aed0f,0.333333,14,False,2,2
9142,0xffa3fe,0.000000,19,False,3,3
9143,0xa39131,0.333333,10,False,2,2
9144,0x6d95d2,0.666667,13,False,1,1
9145,0x225d91,0.333333,10,False,2,2
9146,0x311636,0.333333,10,False,2,2
9147,0x9fb48c,0.666667,13,False,1,1
9148,0x4c3e86,0.000000,11,False,1,3
9149,0x52cddd,0.333333,14,False,2,2
9150,0x788922,0.666667,9,False,1,1
9151,0xa9a7c3,0.666667,13,False,1,1
9152,0x3b5f90,0.666667,13,False,1,1
9153,0x25da72,1.000000,12,True,0,0
9154,0xab91d0,0.000000,11,False,1,3
9155,0x824ba1,0.666667,9,False,1,1
9156,0x20c4a2,0.000000,7,False,1,3
9157,0x3e581,0.666667,9,False,1,1
9158,0x62c616,0.333333,10,False,2,2
9159,0xd30e4d,1.000000,12,True,0,0
9160,0xfb03b4,0.666667,13,False,1,1
9161,0x6fd274,0.333333,14,False,2,2
9162,0xe45175,1.000000,12,True,0,0
9163,0x91aa4a,0.333333,10,False,2,2
9164,0x778a9c,0.666667,13,False,1,1
9165,0x57595f,0.000000,15,False,1,3
9166,0x6d5a90,0.000000,11,False,1,3
9167,0x69628d,0.000000,11,False,1,3
9168,0x822896,1.000000,8,True,0,0
9169,0xe98e50,0.000000,11,False,1,3
9170,0x8535db,0.666667,13,False,1,1
9171,0x7054b1,0.333333,10,False,2,2
9172,0x8dbb68,0.666667,13,False,1,1
9173,0xdbc7d5,1.000000,16,True,0,0
9174,0xa6e63b,0.333333,14,False,2,2
9175,0xfc851a,1.000000,12,True,0,0
9176,0xeed952,0.333333,14,False,2,2
9177,0xfa5aaa,0.333333,14,False,2,2
9178,0x6efb2a,0.000000,15,False,1,3
9179,0x8499ea,0.000000,11,False,1,3
9180,0xa9c814,0.666667,9,False,1,1
9181,0x989ad4,0.000000,11,False,1,3
9182,0xe4dc07,1.000000,12,True,0,0
9183,0x97558a,1.000000,12,True,0,0
9184,0xf83870,0.000000,11,False,1,3
9185,0xd61089,0.666667,9,False,1,1
9186,0xd9a652,1.000000,12,True,0,0
9187,0x8c07c5,0.333333,10,False,2,2
9188,0xe54a0c,0.333333,10,False,2,2
9189,0x1d42c7,0.000000,11,False,1,3
9190,0x5a8b3,0.333333,10,False,2,2
9191,0xff6e9b,0.333333,18,False,2,2
9192,0x770695,1.000000,12,True,0,0
9193,0x8b4146,0.666667,9,False,1,1
9194,0xeda2d8,0.666667,13,False,1,1
9195,0xc23fcd,0.333333,14,False,2,2
9196,0xa1ec86,0.000000,11,False,1,3
9197,0x509078,1.000000,8,True,0,0
9198,0x87b6ed,0.000000,15,False,1,3
9199,0x97c2d4,1.000000,12,True,0,0
9200,0x457ac0,0.333333,10,False,2,2
9201,0xa4b28c,0.333333,10,False,2,2
9202,0x2d7515,1.000000,12,True,0,0
9203,0xd1c12a,0.333333,10,False,2,2
9204,0x5867a1,0.000000,11,False,1,3
9205,0x48249,0.333333,6,False,2,2
9206,0x12d619,0.333333,10,False,2,2
9207,0x3c3930,0.333333,10,False,2,2
9208,0x7e3787,0.000000,15,False,1,3
9209,0xe048ae,0.333333,10,False,2,2
9210,0x1ae525,0.000000,11,False,1,3
9211,0x75934e,0.666667,13,False,1,1
9212,0xfa8e9d,0.000000,15,False,1,3
9213,0x34b187,0.000000,11,False,1,3
9214,0xc5945d,1.000000,12,True,0,0
9215,0x49dced,0.333333,14,False,2,2
9216,0x6e1833,0.000000,11,False,1,3
9217,0x355b0c,0.000000,11,False,1,3
9218,0xab2bbb,0.000000,15,False,1,3
9219,0x66eba5,0.333333,14,False,2,2
9220,0x60bfc5,0.666667,13,False,1,1
9221,0x4e61ee,0.666667,13,False,1,1
9222,0xaaeeeb,1.000000,16,True,0,0
9223,0xe2bc9a,0.666667,13,False,1,1
9224,0xee763a,0.000000,15,False,1,3
9225,0x23dbfb,1.000000,16,True,0,0
9226,0xccfde1,0.000000,15,False,1,3
9227,0x435568,0.333333,10,False,2,2
9228,0xd4bd7e,1.000000,16,True,0,0
9229,0xc18769,0.000000,11,False,1,3
9230,0xf85e5c,0.333333,14,False,2,2
9231,0x48abdf,0.333333,14,False,2,2
9232,0x2d89dc,1.000000,12,True,0,0
9233,0x8429e8,0.666667,9,False,1,1
9234,0x37165d,0.666667,13,False,1,1
9235,0x83ab07,0.000000,11,False,1,3
9236,0x721877,1.000000,12,True,0,0
9237,0x921b3d,1.000000,12,True,0,0
9238,0xc792f7,0.000000,15,False,1,3
9239,0x8ef9ac,0.333333,14,False,2,2
9240,0xd5f8b0,0.666667,13,False,1,1
9241,0xb4ab00,0.666667,9,False,1,1
9242,0xa235c9,0.000000,11,False,1,3
9243,0xb84d5,0.333333,10,False,2,2
9244,0xc53fee,1.000000,16,True,0,0
9245,0x1d39,1.000000,8,True,0,0
9246,0x16fa73,0.333333,14,False,2,2
9247,0xb47a97,0.333333,14,False,2,2
9248,0x74eafd,1.000000,16,True,0,0
9249,0x601ab0,1.000000,8,True,0,0
9250,0x78fd11,0.666667,13,False,1,1
9251,0x4e318a,0.333333,10,False,2,2
9252,0x8b8401,0.000000,7,False,1,3
9253,0x9ecd12,1.000000,12,True,0,0
9254,0xef624a,0.666667,13,False,1,1
9255,0x76c940,0.333333,10,False,2,2
9256,0x1fcc18,0.000000,11,False,1,3
9257,0x2f5bbc,0.000000,15,False,1,3
9258,0xc51b7,0.000000,11,False,1,3
9259,0x397891,0.000000,11,False,1,3
9260,0x2e122a,0.666667,9,False,1,1
9261,0xcd879c,0.666667,13,False,1,1
9262,0xeffe7f,0.666667,21,False,3,1
9263,0x34ea45,0.000000,11,False,1,3
9264,0x7dcf25,0.000000,15,False,1,3
9265,0x6ab4b9,0.666667,13,False,1,1
9266,0xc6e1e1,1.000000,12,True,0,0
9267,0xf50ad6,0.666667,13,False,1,1
9268,0xe425e2,0.000000,11,False,1,3
9269,0xe596fb,1.000000,16,True,0,0
9270,0xb4f84a,1.000000,12,True,0,0
9271,0x5b6ada,0.333333,14,False,2,2
9272,0x29161,0.000000,7,False,1,3
9273,0x70b0a8,0.666667,9,False,1,1
9274,0x684e22,0.666667,9,False,1,1
9275,0x620f65,0.000000,11,False,1,3
9276,0xcfeac5,0.000000,15,False,1,3
9277,0xb5dc43,0.666667,13,False,1,1
9278,0x6cb1c2,0.000000,11,False,1,3
9279,0x3ca70a,0.000000,11,False,1,3
9280,0x4f275e,0.333333,14,False,2,2
9281,0x6705b9,1.000000,12,True,0,0
9282,0x3ef49f,1.000000,16,True,0,0
9283,0x28ae16,0.333333,10,False,2,2
9284,0x7c64c9,1.000000,12,True,0,0
9285,0xbf74e6,1.000000,16,True,0,0
9286,0x56f4d4,0.666667,13,False,1,1
9287,0xf40e6c,1.000000,12,True,0,0
9288,0x983d2f,0.666667,13,False,1,1
9289,0xca8b00,1.000000,8,True,0,0
9290,0x44a5e1,0.333333,10,False,2,2
9291,0xac7788,1.000000,12,True,0,0
9292,0x69462d,0.000000,11,False,1,3
9293,0x6ea2bb,0.333333,14,False,2,2
9294,0x215eca,0.000000,11,False,1,3
9295,0x147a3e,1.000000,12,True,0,0
9296,0xd3c769,0.333333,14,False,2,2
9297,0x9398f5,0.666667,13,False,1,1
9298,0x27b207,0.000000,11,False,1,3
9299,0xd990a8,0.333333,10,False,2,2
9300,0xe0649d,0.000000,11,False,1,3
9301,0x620406,0.333333,6,False,2,2
9302,0xea0800,0.333333,6,False,2,2
9303,0xad25c8,0.000000,11,False,1,3
9304,0x50e450,1.000000,8,True,0,0
9305,0x27031b,0.333333,10,False,2,2
9306,0x3102c7,0.666667,9,False,1,1
9307,0xf44282,0.666667,9,False,1,1
9308,0x6ed281,0.000000,11,False,1,3
9309,0x85a25f,1.000000,12,True,0,0
9310,0x672434,0.333333,10,False,2,2
9311,0x703d5c,1.000000,12,True,0,0
9312,0x22a0c7,0.666667,9,False,1,1
9313,0xde08bd,0.666667,13,False,1,1
9314,0x744f71,0.666667,13,False,1,1
9315,0x9037c9,0.000000,11,False,1,3
9316,0xcf00c4,0.666667,9,False,1,1
9317,0xf4c6e6,0.333333,14,False,2,2
9318,0xce451,0.666667,9,False,1,1
9319,0xea3a60,0.000000,11,False,1,3
9320,0xb22065,0.666667,9,False,1,1
9321,0xfcc146,1.000000,12,True,0,0
9322,0xaceee7,1.000000,16,True,0,0
9323,0xbcde9c,0.000000,15,False,1,3
9324,0x3ce2cf,0.333333,14,False,2,2
9325,0xec7c9f,1.000000,16,True,0,0
9326,0xf0f067,0.666667,13,False,1,1
9327,0x9bc7f6,1.000000,16,True,0,0
9328,0x210128,0.666667,5,False,3,1
9329,0x84885e,0.666667,9,False,1,1
9330,0xa46a3b,1.000000,12,True,0,0
9331,0x5a0249,1.000000,8,True,0,0
9332,0xdba868,1.000000,12,True,0,0
9333,0x424d88,1.000000,8,True,0,0
9334,0x859c96,0.000000,11,False,1,3
9335,0x6c3c19,0.000000,11,False,1,3
9336,0xb49d0b,1.000000,12,True,0,0
9337,0xb18d42,0.333333,10,False,2,2
9338,0x955c6d,0.666667,13,False,1,1
9339,0xc890e5,0.333333,10,False,2,2
9340,0x2bce7c,0.333333,14,False,2,2
9341,0x56a648,0.333333,10,False,2,2
9342,0x9b054a,0.333333,10,False,2,2
9343,0xc1bad5,0.666667,13,False,1,1
9344,0x7f7569,1.000000,16,True,0,0
9345,0xb0ea4,0.666667,9,False,1,1
9346,0x8ec567,0.666667,13,False,1,1
9347,0x5ab89c,1.000000,12,True,0,0
9348,0x90b7bf,0.000000,15,False,1,3
9349,0xb78b7,0.666667,13,False,1,1
9350,0xd6a0d8,0.000000,11,False,1,3
9351,0x565f4b,0.333333,14,False,2,2
9352,0x3766ed,0.000000,15,False,1,3
9353,0x1aaf2a,1.000000,12,True,0,0
9354,0x5fd36c,0.000000,15,False,1,3
9355,0x8c3428,1.000000,8,True,0,0
9356,0x928d0d,0.333333,10,False,2,2
9357,0xa2ef61,0.666667,13,False,1,1
9358,0x22a1d9,0.333333,10,False,2,2
9359,0xbfc187,0.333333,14,False,2,2
9360,0xd9489a,0.000000,11,False,1,3
9361,0xe11b2a,0.000000,11,False,1,3
9362,0x30c1a2,1.000000,8,True,0,0
9363,0xf300e5,0.000000,11,False,1,3
9364,0x5f4f91,0.333333,14,False,2,2
9365,0x4eb7a2,0.666667,13,False,1,1
9366,0xc64e44,0.333333,10,False,2,2
9367,0xf75415,0.666667,13,False,1,1
9368,0xb29179,1.000000,12,True,0,0
9369,0x976c14,0.000000,11,False,1,3
9370,0x37eb12,0.666667,13,False,1,1
9371,0x71af87,0.333333,14,False,2,2
9372,0x5ea476,0.666667,13,False,1,1
9373,0xcac168,0.333333,10,False,2,2
9374,0xda46c5,1.000000,12,True,0,0
9375,0x4b2012,0.000000,7,False,1,3
9376,0x58a86,1.000000,8,True,0,0
9377,0x96259c,0.000000,11,False,1,3
9378,0x84a7a0,0.666667,9,False,1,1
9379,0xc5dd12,1.000000,12,True,0,0
9380,0x3259a0,0.666667,9,False,1,1
9381,0x61412e,0.666667,9,False,1,1
9382,0xd3a45a,1.000000,12,True,0,0
9383,0x188600,0.666667,5,False,3,1
9384,0xc7414c,0.333333,10,False,2,2
9385,0x9f5676,0.000000,15,False,1,3
9386,0x9eb4f1,0.333333,14,False,2,2
9387,0x7739d,0.666667,13,False,1,1
9388,0x238cf8,0.000000,11,False,1,3
9389,0x9eb2b5,0.333333,14,False,2,2
9390,0x855f45,1.000000,12,True,0,0
9391,0xbb70db,0.000000,15,False,1,3
9392,0x337905,0.000000,11,False,1,3
9393,0x6dd141,0.000000,11,False,1,3
9394,0x64c837,0.000000,11,False,1,3
9395,0xa2b96f,0.333333,14,False,2,2
9396,0x18ef51,1.000000,12,True,0,0
9397,0x3b669a,0.666667,13,False,1,1
9398,0xa3af40,0.000000,11,False,1,3
9399,0x6b05d2,0.000000,11,False,1,3
9400,0x11b9f2,1.000000,12,True,0,0
9401,0x46f09c,0.000000,11,False,1,3
9402,0x40afac,0.000000,11,False,1,3
9403,0x79bd44,0.666667,13,False,1,1
9404,0xbeeefa,0.333333,18,False,2,2
9405,0x2bb0c8,0.333333,10,False,2,2
9406,0x1483f,0.666667,9,False,1,1
9407,0xaad15b,0.666667,13,False,1,1
9408,0xa4f438,0.000000,11,False,1,3
9409,0x10efb1,1.000000,12,True,0,0
9410,0x537a22,0.000000,11,False,1,3
9411,0x8bf4f1,0.333333,14,False,2,2
9412,0xf2c49a,1.000000,12,True,0,0
9413,0x3d709b,0.666667,13,False,1,1
9414,0xc0c6b5,0.000000,11,False,1,3
9415,0x675bf6,1.000000,16,True,0,0
9416,0xdf7203,0.666667,13,False,1,1
9417,0x3e3a4a,1.000000,12,True,0,0
9418,0xa3d03d,1.000000,12,True,0,0
9419,0x1b9337,0.666667,13,False,1,1
9420,0x8ed1d8,1.000000,12,True,0,0
9421,0xc33493,0.000000,11,False,1,3
9422,0xe9a41a,0.000000,11,False,1,3
9423,0xe9d572,0.333333,14,False,2,2
9424,0x299f25,1.000000,12,True,0,0
9425,0x6a8edb,0.333333,14,False,2,2
9426,0xcbbeb6,1.000000,16,True,0,0
9427,0xcc63fb,0.000000,15,False,1,3
9428,0x3394c5,0.000000,11,False,1,3
9429,0x7ca0e0,0.333333,10,False,2,2
9430,0x532ae0,0.333333,10,False,2,2
9431,0xccee8a,0.666667,13,False,1,1
9432,0x95f004,0.666667,9,False,1,1
9433,0x5b2cc,0.333333,10,False,2,2
9434,0x60fca2,0.000000,11,False,1,3
9435,0xa9784,0.666667,9,False,1,1
9436,0xff6d6c,0.666667,17,False,1,1
9437,0xd14a57,1.000000,12,True,0,0
9438,0x748cf3,0.666667,13,False,1,1
9439,0xfa618e,0.666667,13,False,1,1
9440,0xed3581,1.000000,12,True,0,0
9441,0xd2895b,1.000000,12,True,0,0
9442,0x2ad194,0.333333,10,False,2,2
9443,0xb23fa4,0.666667,13,False,1,1
9444,0x1a4d7a,1.000000,12,True,0,0
9445,0xb32d76,0.333333,14,False,2,2
9446,0x27115,1.000000,8,True,0,0
9447,0x3fefa8,1.000000,16,True,0,0
9448,0x27bf62,0.333333,14,False,2,2
9449,0x55035f,1.000000,12,True,0,0
9450,0x9417a9,0.000000,11,False,1,3
9451,0xaba446,0.000000,11,False,1,3
9452,0xc43741,0.333333,10,False,2,2
9453,0xd01f6c,1.000000,12,True,0,0
9454,0x3dd5bc,0.000000,15,False,1,3
9455,0x797665,0.333333,14,False,2,2
9456,0xaebd3b,1.000000,16,True,0,0
9457,0xcb7e7,0.333333,14,False,2,2
9458,0x4617f5,0.666667,13,False,1,1
9459,0x82d9a,0.666667,9,False,1,1
9460,0x1234bd,0.000000,11,False,1,3
9461,0xe40120,0.333333,6,False,2,2
9462,0xd748d4,1.000000,12,True,0,0
9463,0x328eeb,0.666667,13,False,1,1
9464,0x2a4ae3,0.000000,11,False,1,3
9465,0x77141,0.666667,9,False,1,1
9466,0x36b93,0.000000,11,False,1,3
9467,0xd1b1e1,1.000000,12,True,0,0
9468,0xea1a15,0.000000,11,False,1,3
9469,0x7b4faf,0.666667,17,False,1,1
9470,0xff7ca1,1.000000,16,True,0,0
9471,0x32b736,0.666667,13,False,1,1
9472,0x2a6587,0.000000,11,False,1,3
9473,0x6dc5ee,0.000000,15,False,1,3
9474,0x2f0bc2,0.000000,11,False,1,3
9475,0x91110,0.666667,5,False,3,1
9476,0x93b1f7,0.000000,15,False,1,3
9477,0x8f548b,1.000000,12,True,0,0
9478,0x348b00,0.000000,7,False,1,3
9479,0x7da5af,1.000000,16,True,0,0
9480,0xe0e7d3,0.333333,14,False,2,2
9481,0x53b554,1.000000,12,True,0,0
9482,0xd552a0,0.333333,10,False,2,2
9483,0xa710b1,0.333333,10,False,2,2
9484,0x4e2a94,0.333333,10,False,2,2
9485,0xd8962d,1.000000,12,True,0,0
9486,0x8dbae9,0.333333,14,False,2,2
9487,0xfb2e57,1.000000,16,True,0,0
9488,0x288e72,0.333333,10,False,2,2
9489,0x3389e0,0.333333,10,False,2,2
9490,0xfd3463,0.333333,14,False,2,2
9491,0x56ee8b,0.333333,14,False,2,2
9492,0x2fbf38,0.000000,15,False,1,3
9493,0x31cdc7,0.666667,13,False,1,1
9494,0xbccc79,0.333333,14,False,2,2
9495,0x7dbc3c,0.000000,15,False,1,3
9496,0x352f1c,1.000000,12,True,0,0
9497,0x1e92ef,0.333333,14,False,2,2
9498,0x6dda96,0.333333,14,False,2,2
9499,0x38cb25,0.000000,11,False,1,3
9500,0xfd268,0.000000,11,False,1,3
9501,0xab9de8,0.333333,14,False,2,2
9502,0x7dd52a,0.333333,14,False,2,2
9503,0x84bd3b,0.666667,13,False,1,1
9504,0xb8e641,0.000000,11,False,1,3
9505,0x47076d,1.000000,12,True,0,0
9506,0x230087,0.000000,7,False,1,3
9507,0x1b134e,0.000000,11,False,1,3
9508,0xdc06ac,0.000000,11,False,1,3
9509,0x821f31,0.333333,10,False,2,2
9510,0x372ac0,0.333333,10,False,2,2
9511,0x38d3c8,0.000000,11,False,1,3
9512,0xecf944,0.666667,13,False,1,1
9513,0xe1f722,0.666667,13,False,1,1
9514,0x785cbf,0.000000,15,False,1,3
9515,0x46b147,0.000000,11,False,1,3
9516,0xad093b,1.000000,12,True,0,0
9517,0xf5aee5,1.000000,16,True,0,0
9518,0x212526,1.000000,8,True,0,0
9519,0xe752ee,0.000000,15,False,1,3
9520,0xb86c97,0.666667,13,False,1,1
9521,0x4a9036,0.666667,9,False,1,1
9522,0xd7e1c3,0.333333,14,False,2,2
9523,0x6162d0,0.666667,9,False,1,1
9524,0x79a100,1.000000,8,True,0,0
9525,0xe57154,1.000000,12,True,0,0
9526,0x383ce6,1.000000,12,True,0,0
9527,0x1d58e4,0.000000,11,False,1,3
9528,0x4b1abe,0.666667,13,False,1,1
9529,0xe5d848,0.000000,11,False,1,3
9530,0x74df8b,0.000000,15,False,1,3
9531,0x5ec033,0.000000,11,False,1,3
9532,0x2adfc7,0.000000,15,False,1,3
9533,0xb4d7e7,1.000000,16,True,0,0
9534,0x6b71ac,0.666667,13,False,1,1
9535,0x1bf025,0.000000,11,False,1,3
9536,0xf72174,0.666667,13,False,1,1
9537,0x31aeb9,0.666667,13,False,1,1
9538,0xb6afea,1.000000,16,True,0,0
9539,0x83098,0.333333,6,False,2,2
9540,0xd3f7e4,1.000000,16,True,0,0
9541,0x89c13d,0.000000,11,False,1,3
9542,0x160bdf,0.666667,13,False,1,1
9543,0xe4f85,0.000000,11,False,1,3
9544,0xd1c064,0.666667,9,False,1,1
9545,0xe13c20,0.666667,9,False,1,1
9546,0xd3673b,0.000000,15,False,1,3
9547,0xaa0380,0.000000,7,False,1,3
9548,0x6a82ae,0.000000,11,False,1,3
9549,0x8b11dc,0.000000,11,False,1,3
9550,0x5d82da,1.000000,12,True,0,0
9551,0x9a5223,0.333333,10,False,2,2
9552,0x623e7c,0.666667,13,False,1,1
9553,0xf05efa,0.000000,15,False,1,3
9554,0x52d8de,0.666667,13,False,1,1
9555,0xf0cd2f,0.333333,14,False,2,2
9556,0x87edaf,1.000000,16,True,0,0
9557,0x2ebad7,0.000000,15,False,1,3
9558,0xa0e1a2,0.666667,9,False,1,1
9559,0x275dd2,0.666667,13,False,1,1
9560,0xe4d366,0.666667,13,False,1,1
9561,0xe3a5b3,0.333333,14,False,2,2
9562,0xa954ac,0.000000,11,False,1,3
9563,0x3638df,0.333333,14,False,2,2
9564,0xece1ea,0.333333,14,False,2,2
9565,0xb7e6fc,0.666667,17,False,1,1
9566,0xbc360c,0.000000,11,False,1,3
9567,0xfe5fa1,1.000000,16,True,0,0
9568,0xe29aa3,1.000000,12,True,0,0
9569,0x8347e2,0.000000,11,False,1,3
9570,0xd67a4e,0.333333,14,False,2,2
9571,0xfb3800,0.333333,10,False,2,2
9572,0x1dd467,0.666667,13,False,1,1
9573,0xfc37c7,1.000000,16,True,0,0
9574,0x5c83,0.000000,7,False,1,3
9575,0xfc4569,0.666667,13,False,1,1
9576,0xfa6232,1.000000,12,True,0,0
9577,0xf4560c,0.000000,11,False,1,3
9578,0x65858b,0.000000,11,False,1,3
9579,0x110eee,0.000000,11,False,1,3
9580,0xfa6c50,1.000000,12,True,0,0
9581,0x4969b0,0.333333,10,False,2,2
9582,0x3a55d4,1.000000,12,True,0,0
9583,0x872e9e,0.666667,13,False,1,1
9584,0xa56b13,1.000000,12,True,0,0
9585,0xe857af,0.000000,15,False,1,3
9586,0xbe0f81,1.000000,12,True,0,0
9587,0x9ac2f3,0.666667,13,False,1,1
9588,0x3861f1,0.000000,11,False,1,3
9589,0xe99faa,0.000000,15,False,1,3
9590,0x104d83,1.000000,8,True,0,0
9591,0x653389,0.000000,11,False,1,3
9592,0xf9e781,0.333333,14,False,2,2
9593,0x310bac,0.333333,10,False,2,2
9594,0xaa5fb5,0.000000,15,False,1,3
9595,0xd4a8f9,0.666667,13,False,1,1
9596,0x1ad0ef,0.666667,13,False,1,1
9597,0xb06242,1.000000,8,True,0,0
9598,0xffbe6d,0.000000,19,False,3,3
9599,0xd5bf7b,0.333333,18,False,2,2
9600,0x5b3ce,1.000000,12,True,0,0
9601,0xaa9f8e,0.333333,14,False,2,2
9602,0x7c5401,0.666667,9,False,1,1
9603,0xc89db9,0.666667,13,False,1,1
9604,0x462809,0.000000,7,False,1,3
9605,0xf540b4,0.000000,11,False,1,3
9606,0xff1009,0.000000,11,False,1,3
9607,0xaef1e6,0.000000,15,False,1,3
9608,0x82397a,0.000000,11,False,1,3
9609,0x92e9b6,0.666667,13,False,1,1
9610,0xa4d3ca,1.000000,12,True,0,0
9611,0x9d4f02,0.000000,11,False,1,3
9612,0xbbe2f5,1.000000,16,True,0,0
9613,0xb8a201,1.000000,8,True,0,0
9614,0xf8a86b,0.666667,13,False,1,1
9615,0x1636f0,0.000000,11,False,1,3
9616,0x32a8cc,0.333333,10,False,2,2
9617,0xb00aa8,1.000000,8,True,0,0
9618,0x926da2,0.000000,11,False,1,3
9619,0x3b5574,0.666667,13,False,1,1
9620,0x50c0e4,1.000000,8,True,0,0
9621,0x92e4b9,1.000000,12,True,0,0
9622,0xc900cd,0.666667,9,False,1,1
9623,0x397c1c,1.000000,12,True,0,0
9624,0xc75a62,1.000000,12,True,0,0
9625,0x99736c,0.666667,13,False,1,1
9626,0xfe88b3,0.333333,14,False,2,2
9627,0xad37e,0.666667,13,False,1,1
9628,0x45029f,0.333333,10,False,2,2
9629,0x17b23c,1.000000,12,True,0,0
9630,0x56562a,0.000000,11,False,1,3
9631,0xd006ac,0.666667,9,False,1,1
9632,0x1bc52a,0.000000,11,False,1,3
9633,0x195693,0.000000,11,False,1,3
9634,0xe56961,1.000000,12,True,0,0
9635,0xf1947a,0.666667,13,False,1,1
9636,0x75bd4c,0.333333,14,False,2,2
9637,0x83bbc0,0.000000,11,False,1,3
9638,0xd1065a,0.333333,10,False,2,2
9639,0x874ad9,1.000000,12,True,0,0
9640,0x211410,0.666667,5,False,3,1
9641,0xd356c0,0.000000,11,False,1,3
9642,0x302b10,0.000000,7,False,1,3
9643,0x126bb5,1.000000,12,True,0,0
9644,0x37eccd,0.000000,15,False,1,3
9645,0x2086b4,1.000000,8,True,0,0
9646,0xba6007,0.333333,10,False,2,2
9647,0xbadd22,0.666667,13,False,1,1
9648,0x1abfff,0.333333,18,False,2,2
9649,0x778d13,0.666667,13,False,1,1
9650,0xb281e1,0.333333,10,False,2,2
9651,0x598cba,1.000000,12,True,0,0
9652,0xfea699,0.000000,15,False,1,3
9653,0xa55c84,0.333333,10,False,2,2
9654,0x23d74c,1.000000,12,True,0,0
9655,0xa201a7,0.666667,9,False,1,1
9656,0xe3b89f,0.000000,15,False,1,3
9657,0x40a638,1.000000,8,True,0,0
9658,0x5fa1ef,1.000000,16,True,0,0
9659,0x8f9a0,0.666667,9,False,1,1
9660,0x902c0a,0.000000,7,False,1,3
9661,0x7e821a,0.000000,11,False,1,3
9662,0xc2afb,1.000000,12,True,0,0
9663,0x685568,0.333333,10,False,2,2
9664,0xc02e9,1.000000,8,True,0,0
9665,0x3dc256,1.000000,12,True,0,0
9666,0x8e2604,1.000000,8,True,0,0
9667,0x13d899,0.000000,11,False,1,3
9668,0x33a025,0.666667,9,False,1,1
9669,0x43f3d2,0.666667,13,False,1,1
9670,0xa8b37e,0.333333,14,False,2,2
9671,0x140239,0.000000,7,False,1,3
9672,0x38f184,0.333333,10,False,2,2
9673,0xb3fd07,0.000000,15,False,1,3
9674,0x164d22,0.666667,9,False,1,1
9675,0x809cb6,0.333333,10,False,2,2
9676,0xa5f1d6,0.333333,14,False,2,2
9677,0x314a56,0.333333,10,False,2,2
9678,0xc95fa8,0.666667,13,False,1,1
9679,0x5f8d1,0.000000,11,False,1,3
9680,0xf89fcf,0.666667,17,False,1,1
9681,0xf4ef39,1.000000,16,True,0,0
9682,0x4f3f32,0.333333,14,False,2,2
9683,0xe8165,0.666667,9,False,1,1
9684,0xf10413,0.666667,9,False,1,1
9685,0x50a7bf,0.333333,14,False,2,2
9686,0x869146,0.666667,9,False,1,1
9687,0x12c989,0.666667,9,False,1,1
9688,0x3b775c,0.000000,15,False,1,3
9689,0xcbea3b,0.000000,15,False,1,3
9690,0xc741f7,0.333333,14,False,2,2
9691,0x9016b1,0.666667,9,False,1,1
9692,0x4c8e0f,0.000000,11,False,1,3
9693,0x813ef8,1.000000,12,True,0,0
9694,0xf9e998,0.333333,14,False,2,2
9695,0x8e493,0.666667,9,False,1,1
9696,0x37ab17,0.333333,14,False,2,2
9697,0xa54381,0.666667,9,False,1,1
9698,0xf07937,0.333333,14,False,2,2
9699,0xce817a,1.000000,12,True,0,0
9700,0x5f8e87,0.333333,14,False,2,2
9701,0xf2e63d,0.000000,15,False,1,3
9702,0x70e53b,0.666667,13,False,1,1
9703,0x8e201,0.333333,6,False,2,2
9704,0x31c347,0.000000,11,False,1,3
9705,0xe7e237,0.000000,15,False,1,3
9706,0xcb1c10,0.666667,9,False,1,1
9707,0xf1d4a6,0.666667,13,False,1,1
9708,0xc58cec,1.000000,12,True,0,0
9709,0x91dd3a,0.666667,13,False,1,1
9710,0x672a87,1.000000,12,True,0,0
9711,0x4cc53f,0.666667,13,False,1,1
9712,0x84f167,1.000000,12,True,0,0
9713,0x2db3df,1.000000,16,True,0,0
9714,0x630d2e,0.000000,11,False,1,3
9715,0x9e535,0.000000,11,False,1,3
9716,0x83b003,1.000000,8,True,0,0
9717,0x73a213,0.000000,11,False,1,3
9718,0x6cc8c0,0.666667,9,False,1,1
9719,0x6110cb,0.666667,9,False,1,1
9720,0x7358ae,0.666667,13,False,1,1
9721,0xf42a31,0.000000,11,False,1,3
9722,0xcd0566,0.000000,11,False,1,3
9723,0x584dcd,1.000000,12,True,0,0
9724,0xe8e35f,0.000000,15,False,1,3
9725,0x66a68,0.666667,9,False,1,1
9726,0xbbfb90,0.000000,15,False,1,3
9727,0x708c05,1.000000,8,True,0,0
9728,0x62b56d,0.666667,13,False,1,1
9729,0xfdf4d1,1.000000,16,True,0,0
9730,0x13531a,0.333333,10,False,2,2
9731,0x498b3f,0.666667,13,False,1,1
9732,0x292daf,0.666667,13,False,1,1
9733,0xaf32b4,0.666667,13,False,1,1
9734,0x3d7b5d,1.000000,16,True,0,0
9735,0x21cf1b,1.000000,12,True,0,0
9736,0x8bc6d2,1.000000,12,True,0,0
9737,0x215342,1.000000,8,True,0,0
9738,0xd9fbfb,0.000000,19,False,3,3
9739,0x351ecc,1.000000,12,True,0,0
9740,0x9f414,0.666667,9,False,1,1
9741,0xe0c396,0.000000,11,False,1,3
9742,0xb66941,0.000000,11,False,1,3
9743,0xe9b07e,0.333333,14,False,2,2
9744,0x654e1d,1.000000,12,True,0,0
9745,0x26ee1f,0.333333,14,False,2,2
9746,0x8885f0,0.666667,9,False,1,1
9747,0x266e3,0.333333,10,False,2,2
9748,0x395a78,1.000000,12,True,0,0
9749,0x875a1c,0.000000,11,False,1,3
9750,0xd5cf39,0.000000,15,False,1,3
9751,0x1e9cf8,0.666667,13,False,1,1
9752,0x62b7cf,0.000000,15,False,1,3
9753,0x2e5fbf,0.666667,17,False,1,1
9754,0x7bf78c,1.000000,16,True,0,0
9755,0x2d9a17,1.000000,12,True,0,0
9756,0xf0c09d,0.000000,11,False,1,3
9757,0x496168,0.666667,9,False,1,1
9758,0xdcfa3c,0.000000,15,False,1,3
9759,0x87d7,0.333333,10,False,2,2
9760,0xf01452,0.666667,9,False,1,1
9761,0x1cb9d5,0.666667,13,False,1,1
9762,0xe98a76,0.666667,13,False,1,1
9763,0x1d7e7e,1.000000,16,True,0,0
9764,0x48a091,0.000000,7,False,1,3
9765,0xdaabf3,1.000000,16,True,0,0
9766,0xda002,0.333333,6,False,2,2
9767,0x9e2a36,1.000000,12,True,0,0
9768,0x82668f,0.000000,11,False,1,3
9769,0xb43c94,0.000000,11,False,1,3
9770,0xb9d091,0.000000,11,False,1,3
9771,0x80a0c7,1.000000,8,True,0,0
9772,0xd9eb3,0.666667,13,False,1,1
9773,0x80b549,0.666667,9,False,1,1
9774,0x35ddca,0.333333,14,False,2,2
9775,0x692716,0.000000,11,False,1,3
9776,0x927f8a,0.666667,13,False,1,1
9777,0xafe430,1.000000,12,True,0,0
9778,0x95deb1,0.333333,14,False,2,2
9779,0xd548ac,0.000000,11,False,1,3
9780,0x575095,0.000000,11,False,1,3
9781,0x1ba64f,0.666667,13,False,1,1
9782,0x69d131,0.000000,11,False,1,3
9783,0xbdd1f5,1.000000,16,True,0,0
9784,0xa04def,0.666667,13,False,1,1
9785,0x104583,0.000000,7,False,1,3
9786,0x858e27,0.000000,11,False,1,3
9787,0x65503e,0.000000,11,False,1,3
9788,0x61f8be,0.333333,14,False,2,2
9789,0xcf2e1e,0.333333,14,False,2,2
9790,0x1a73b9,0.666667,13,False,1,1
9791,0x78c6a7,0.666667,13,False,1,1
9792,0x96761,0.333333,10,False,2,2
9793,0x36fed6,1.000000,16,True,0,0
9794,0x924d30,0.666667,9,False,1,1
9795,0x7636de,0.000000,15,False,1,3
9796,0xf60161,0.333333,10,False,2,2
9797,0xc1766e,0.666667,13,False,1,1
9798,0x280d78,0.666667,9,False,1,1
9799,0xc48607,0.666667,9,False,1,1
9800,0x4688a6,0.666667,9,False,1,1
9801,0x3a7e04,0.000000,11,False,1,3
9802,0xf772b8,0.000000,15,False,1,3
9803,0x88194,0.333333,6,False,2,2
9804,0x5d5db5,0.000000,15,False,1,3
9805,0x23208,0.666667,5,False,3,1
9806,0x3e81e2,0.000000,11,False,1,3
9807,0x21a0e3,0.666667,9,False,1,1
9808,0x11c05c,1.000000,8,True,0,0
9809,0x1901e3,0.666667,9,False,1,1
9810,0x40fdfe,0.000000,15,False,1,3
9811,0xbd43d7,0.000000,15,False,1,3
9812,0x251405,0.000000,7,False,1,3
9813,0xa4de35,0.666667,13,False,1,1
9814,0xcc71c0,0.333333,10,False,2,2
9815,0x9caee7,0.000000,15,False,1,3
9816,0x2e2e5e,0.666667,13,False,1,1
9817,0x5b9039,0.000000,11,False,1,3
9818,0x9f328b,0.666667,13,False,1,1
9819,0x9cf7dd,0.666667,17,False,1,1
9820,0xc2f2d4,1.000000,12,True,0,0
9821,0x40b101,0.333333,6,False,2,2
9822,0xbb8d8d,0.333333,14,False,2,2
9823,0x3fb558,0.333333,14,False,2,2
9824,0x5ec684,0.000000,11,False,1,3
9825,0x553a54,0.000000,11,False,1,3
9826,0xf50884,0.666667,9,False,1,1
9827,0x4b53ce,0.666667,13,False,1,1
9828,0xb8064a,0.666667,9,False,1,1
9829,0xbd6586,0.666667,13,False,1,1
9830,0xfa09ca,1.000000,12,True,0,0
9831,0xf02c28,0.666667,9,False,1,1
9832,0xfa4bf1,0.000000,15,False,1,3
9833,0x830720,0.000000,7,False,1,3
9834,0x6f5656,0.333333,14,False,2,2
9835,0x4da74,0.333333,10,False,2,2
9836,0x6d7bd7,0.666667,17,False,1,1
9837,0x62ba36,1.000000,12,True,0,0
9838,0x80c352,1.000000,8,True,0,0
9839,0x34594c,0.333333,10,False,2,2
9840,0xa2eca8,0.000000,11,False,1,3
9841,0xf4cbff,0.333333,18,False,2,2
9842,0xd680ec,0.000000,11,False,1,3
9843,0xc8f169,1.000000,12,True,0,0
9844,0x85fdab,0.000000,15,False,1,3
9845,0xb55dba,0.000000,15,False,1,3
9846,0xb16a79,0.666667,13,False,1,1
9847,0x19ab6d,0.666667,13,False,1,1
9848,0x5910b4,0.666667,9,False,1,1
9849,0xd7e25b,0.000000,15,False,1,3
9850,0x2a6365,0.000000,11,False,1,3
9851,0xacf685,0.666667,13,False,1,1
9852,0x422502,0.333333,6,False,2,2
9853,0x715ff5,1.000000,16,True,0,0
9854,0xd1e74,0.000000,11,False,1,3
9855,0x2c3e8a,0.000000,11,False,1,3
9856,0x1b1aea,1.000000,12,True,0,0
9857,0x7d3bb8,0.000000,15,False,1,3
9858,0xa92d4d,1.000000,12,True,0,0
9859,0x20799d,0.000000,11,False,1,3
9860,0x4b234c,0.333333,10,False,2,2
9861,0xcc58d5,1.000000,12,True,0,0
9862,0xde223e,0.666667,13,False,1,1
9863,0x83cf58,1.000000,12,True,0,0
9864,0xbdce86,0.333333,14,False,2,2
9865,0xd640c8,0.666667,9,False,1,1
9866,0x837b03,0.000000,11,False,1,3
9867,0x5d92df,0.000000,15,False,1,3
9868,0xb3a78b,0.333333,14,False,2,2
9869,0x377477,0.000000,15,False,1,3
9870,0x38995e,1.000000,12,True,0,0
9871,0xbdb80e,0.666667,13,False,1,1
9872,0xbcf2e,0.666667,13,False,1,1
9873,0xe988fb,0.333333,14,False,2,2
9874,0xcdb1ff,0.666667,17,False,1,1
9875,0xa60fd1,1.000000,12,True,0,0
9876,0x879e96,0.666667,13,False,1,1
9877,0x5decf1,0.000000,15,False,1,3
9878,0x8d1f12,0.000000,11,False,1,3
9879,0xb78f8c,0.333333,14,False,2,2
9880,0x925fd5,0.333333,14,False,2,2
9881,0x3ce5f1,0.333333,14,False,2,2
9882,0x68cb10,0.666667,9,False,1,1
9883,0x63f915,0.666667,13,False,1,1
9884,0xab1f22,1.000000,12,True,0,0
9885,0x60fb37,0.333333,14,False,2,2
9886,0xe8e429,0.000000,11,False,1,3
9887,0xdcf8ca,0.333333,14,False,2,2
9888,0x30fc42,0.333333,10,False,2,2
9889,0x7503a1,0.333333,10,False,2,2
9890,0x1e9548,0.333333,10,False,2,2
9891,0xf79b47,1.000000,16,True,0,0
9892,0x8172b,0.666667,9,False,1,1
9893,0xa29b6b,0.666667,13,False,1,1
9894,0xab1fde,1.000000,16,True,0,0
9895,0xbc48d0,0.333333,10,False,2,2
9896,0x689e8a,0.000000,11,False,1,3
9897,0xb61f4d,0.333333,14,False,2,2
9898,0x1e65d,0.000000,11,False,1,3
9899,0xaa45a,0.666667,9,False,1,1
9900,0xa806dc,0.333333,10,False,2,2
9901,0x1be0e5,1.000000,12,True,0,0
9902,0x6d8f99,0.333333,14,False,2,2
9903,0x172e86,0.000000,11,False,1,3
9904,0x8556cb,1.000000,12,True,0,0
9905,0x9d4bd4,0.666667,13,False,1,1
9906,0xfa0a01,0.666667,9,False,1,1
9907,0xaf4e4e,0.333333,14,False,2,2
9908,0xeda943,0.666667,13,False,1,1
9909,0x28961f,0.000000,11,False,1,3
9910,0x34d624,0.333333,10,False,2,2
9911,0x2925c9,0.333333,10,False,2,2
9912,0x856ec6,1.000000,12,True,0,0
9913,0xbeec08,1.000000,12,True,0,0
9914,0x9ff160,0.666667,13,False,1,1
9915,0x2560c6,0.666667,9,False,1,1
9916,0x827f89,1.000000,12,True,0,0
9917,0xd49a25,0.000000,11,False,1,3
9918,0xffcc00,1.000000,12,True,0,0
9919,0xa02585,1.000000,8,True,0,0
9920,0x122ba4,0.666667,9,False,1,1
9921,0x9f406,0.666667,9,False,1,1
9922,0x9e3741,1.000000,12,True,0,0
9923,0x146a66,0.333333,10,False,2,2
9924,0x7fbf31,0.666667,17,False,1,1
9925,0x181d7e,1.000000,12,True,0,0
9926,0xa12c40,0.000000,7,False,1,3
9927,0xb5863d,0.666667,13,False,1,1
9928,0x657ea1,0.666667,13,False,1,1
9929,0x657d68,0.666667,13,False,1,1
9930,0x6b2b3a,0.666667,13,False,1,1
9931,0x50f1c9,0.000000,11,False,1,3
9932,0x41e376,1.000000,12,True,0,0
9933,0x2cb40b,0.333333,10,False,2,2
9934,0xf0271e,1.000000,12,True,0,0
9935,0x479d90,0.000000,11,False,1,3
9936,0x171166,0.333333,10,False,2,2
9937,0x4d77af,1.000000,16,True,0,0
9938,0xb2261b,0.000000,11,False,1,3
9939,0x371456,0.000000,11,False,1,3
9940,0x4669b9,1.000000,12,True,0,0
9941,0x4e9292,0.333333,10,False,2,2
9942,0x15f6d3,0.333333,14,False,2,2
9943,0xa4daba,0.666667,13,False,1,1
9944,0x9bf4b4,0.333333,14,False,2,2
9945,0x190e02,0.000000,7,False,1,3
9946,0x16ae74,1.000000,12,True,0,0
9947,0xa52680,1.000000,8,True,0,0
9948,0x80489a,0.000000,7,False,1,3
9949,0xb8de6f,1.000000,16,True,0,0
9950,0x9f066c,1.000000,12,True,0,0
9951,0x66c281,0.666667,9,False,1,1
9952,0xfca6df,0.666667,17,False,1,1
9953,0xf78543,0.666667,13,False,1,1
9954,0x4b34c5,0.000000,11,False,1,3
9955,0x62f398,1.000000,12,True,0,0
9956,0x18a6ab,0.000000,11,False,1,3
9957,0xd01bc4,0.333333,10,False,2,2
9958,0x5f8a91,1.000000,12,True,0,0
9959,0xf1d38e,0.333333,14,False,2,2
9960,0x6a8825,0.666667,9,False,1,1
9961,0x4463bb,1.000000,12,True,0,0
9962,0x21b5cd,1.000000,12,True,0,0
9963,0x6b53d5,0.333333,14,False,2,2
9964,0xaaef5c,0.000000,15,False,1,3
9965,0xe443f6,0.666667,13,False,1,1
9966,0xd7e035,0.666667,13,False,1,1
9967,0x66e4c2,0.000000,11,False,1,3
9968,0xc85b58,0.000000,11,False,1,3
9969,0xb80b79,1.000000,12,True,0,0
9970,0xab91ca,1.000000,12,True,0,0
9971,0x73dfd7,0.333333,18,False,2,2
9972,0x8cd42e,0.000000,11,False,1,3
9973,0xaf88b2,1.000000,12,True,0,0
9974,0xa1f7f1,0.000000,15,False,1,3
9975,0x8f2520,0.666667,9,False,1,1
9976,0xf1efd8,1.000000,16,True,0,0
9977,0xf6074e,0.666667,13,False,1,1
9978,0x1a1ebd,0.666667,13,False,1,1
9979,0x590771,0.000000,11,False,1,3
9980,0xa6fff8,0.666667,17,False,1,1
9981,0x220d96,0.666667,9,False,1,1
9982,0x8d8a3c,0.000000,11,False,1,3
9983,0xdcf20c,1.000000,12,True,0,0
9984,0x533f34,0.666667,13,False,1,1
9985,0xfe34c6,0.333333,14,False,2,2
9986,0x3d9329,1.000000,12,True,0,0
9987,0xcfbaec,1.000000,16,True,0,0
9988,0xce4208,1.000000,8,True,0,0
9989,0x1da605,0.333333,10,False,2,2
9990,0x34702d,0.333333,10,False,2,2
9991,0x57cf41,0.666667,13,False,1,1
9992,0x2f4c0b,0.000000,11,False,1,3
9993,0xdad7d4,0.000000,15,False,1,3
9994,0xc9f3f,0.333333,14,False,2,2
9995,0x36734d,0.666667,13,False,1,1
9996,0x2c684d,0.333333,10,False,2,2
9997,0x78b4a4,0.000000,11,False,1,3
9998,0xed7058,1.000000,12,True,0,0
9999,0x3b7ef9,0.666667,17,False,1,1
10000,0xec2c42,0.333333,10,False,2,2
