sample_id,offbit_value,tgic_coherence,weight,is_golay_codeword,distance_to_codeword_weight,golay_parity_mod_4
1,0x6f037d,0.333333,14,False,2,2
2,0xfd3df1,0.666667,17,False,1,1
3,0x6fab78,0.000000,15,False,1,3
4,0xdff61b,0.666667,17,False,1,1
5,0x575a74,0.666667,13,False,1,1
6,0xc4e3d,0.000000,11,False,1,3
7,0x58cdf0,1.000000,12,True,0,0
8,0x760ec3,1.000000,12,True,0,0
9,0xf0e32a,1.000000,12,True,0,0
10,0x79a35b,0.333333,14,False,2,2
11,0x89615,1.000000,8,True,0,0
12,0xe5a6a4,1.000000,12,True,0,0
13,0x1bce15,1.000000,12,True,0,0
14,0x81e5a5,0.000000,11,False,1,3
15,0xf8e3f4,0.000000,15,False,1,3
16,0xf27874,0.666667,13,False,1,1
17,0x364186,0.666667,9,False,1,1
18,0x53081b,0.666667,9,False,1,1
19,0x57f074,0.666667,13,False,1,1
20,0x624862,1.000000,8,True,0,0
21,0xf61717,0.333333,14,False,2,2
22,0x819f8,0.666667,9,False,1,1
23,0x7d1c4e,0.666667,13,False,1,1
24,0xf3112c,0.000000,11,False,1,3
25,0xdd2a5c,0.666667,13,False,1,1
26,0x1a2d01,1.000000,8,True,0,0
27,0xadfa88,0.666667,13,False,1,1
28,0xfec45a,0.333333,14,False,2,2
29,0x346452,0.666667,9,False,1,1
30,0x3f7eb9,0.666667,17,False,1,1
31,0x91c0e3,0.333333,10,False,2,2
32,0xde4c13,1.000000,12,True,0,0
33,0x4b1ac5,0.000000,11,False,1,3
34,0xfe7f48,1.000000,16,True,0,0
35,0xacb9b1,0.666667,13,False,1,1
36,0xfe3ef6,0.333333,18,False,2,2
37,0x7d1966,0.666667,13,False,1,1
38,0xa84c6,1.000000,8,True,0,0
39,0x6d3353,0.666667,13,False,1,1
40,0xbb0e5,0.000000,11,False,1,3
41,0x47742a,0.000000,11,False,1,3
42,0x9e4fd2,0.333333,14,False,2,2
43,0xcd778e,0.000000,15,False,1,3
44,0x197ed2,0.666667,13,False,1,1
45,0xd4e623,1.000000,12,True,0,0
46,0x9b7368,0.666667,13,False,1,1
47,0xada983,1.000000,12,True,0,0
48,0x6c1c12,0.666667,9,False,1,1
49,0x6a8c2d,0.000000,11,False,1,3
50,0x2499fb,0.666667,13,False,1,1
51,0x6181e,1.000000,8,True,0,0
52,0x42748,0.000000,7,False,1,3
53,0x455b3,0.333333,10,False,2,2
54,0x7c7e3c,0.000000,15,False,1,3
55,0x512ed,0.333333,10,False,2,2
56,0xb7ac3,1.000000,12,True,0,0
57,0xb15109,0.666667,9,False,1,1
58,0x637dc0,1.000000,12,True,0,0
59,0x546f7c,0.333333,14,False,2,2
60,0x1cb592,0.000000,11,False,1,3
61,0xb19d86,1.000000,12,True,0,0
62,0x75a557,0.333333,14,False,2,2
63,0xf5a8c7,0.333333,14,False,2,2
64,0xcb9593,0.666667,13,False,1,1
65,0x71b8fa,0.333333,14,False,2,2
66,0xe1c3b8,1.000000,12,True,0,0
67,0x750f8a,1.000000,12,True,0,0
68,0xdbd521,0.666667,13,False,1,1
69,0x645ccd,1.000000,12,True,0,0
70,0x34ffbf,0.333333,18,False,2,2
71,0xb2c646,0.000000,11,False,1,3
72,0xe0d1eb,0.666667,13,False,1,1
73,0xc5f852,1.000000,12,True,0,0
74,0xdabbdc,1.000000,16,True,0,0
75,0x281184,0.333333,6,False,2,2
76,0x61193e,0.000000,11,False,1,3
77,0x8da534,0.000000,11,False,1,3
78,0x8f720f,0.666667,13,False,1,1
79,0xb8b4cc,1.000000,12,True,0,0
80,0x1ac63b,1.000000,12,True,0,0
81,0xf4a344,0.000000,11,False,1,3
82,0x30208b,0.000000,7,False,1,3
83,0x6d216e,1.000000,12,True,0,0
84,0xfb530d,0.333333,14,False,2,2
85,0x642dec,1.000000,12,True,0,0
86,0xf2fa1e,0.000000,15,False,1,3
87,0xfac3b9,0.000000,15,False,1,3
88,0x49efa2,0.666667,13,False,1,1
89,0xabc185,0.000000,11,False,1,3
90,0x9f588c,1.000000,12,True,0,0
91,0x9b638b,0.666667,13,False,1,1
92,0xf8a283,0.000000,11,False,1,3
93,0x886819,1.000000,8,True,0,0
94,0x496641,0.666667,9,False,1,1
95,0x38c9e9,1.000000,12,True,0,0
96,0xf45c14,0.000000,11,False,1,3
97,0x7de607,0.333333,14,False,2,2
98,0x3add5b,0.000000,15,False,1,3
99,0x682e76,1.000000,12,True,0,0
100,0x229664,0.666667,9,False,1,1
101,0x9e7eec,1.000000,16,True,0,0
102,0xbf390e,0.333333,14,False,2,2
103,0x284fc2,0.333333,10,False,2,2
104,0x5e9d1d,0.333333,14,False,2,2
105,0xa4c40a,1.000000,8,True,0,0
106,0xec21be,0.666667,13,False,1,1
107,0x4bbc99,0.666667,13,False,1,1
108,0xe2bec7,0.000000,15,False,1,3
109,0xc4ee9c,0.666667,13,False,1,1
110,0x5243a6,0.333333,10,False,2,2
111,0x47ef59,0.000000,15,False,1,3
112,0x31227,1.000000,8,True,0,0
113,0xe9af6d,1.000000,16,True,0,0
114,0x93b088,0.666667,9,False,1,1
115,0xa5f304,0.000000,11,False,1,3
116,0xda6448,0.333333,10,False,2,2
117,0xcf2243,0.000000,11,False,1,3
118,0x3160b0,1.000000,8,True,0,0
119,0x4bed0e,0.666667,13,False,1,1
120,0x767878,0.666667,13,False,1,1
121,0xb9bdbd,0.666667,17,False,1,1
122,0xdeb1b3,0.000000,15,False,1,3
123,0xb4a9a9,1.000000,12,True,0,0
124,0x5fa3d8,0.333333,14,False,2,2
125,0x6f9336,0.333333,14,False,2,2
126,0x71fb30,0.666667,13,False,1,1
127,0x469dae,0.666667,13,False,1,1
128,0xa4b9f7,0.000000,15,False,1,3
129,0xfee289,0.333333,14,False,2,2
130,0x40f094,1.000000,8,True,0,0
131,0x509713,0.333333,10,False,2,2
132,0xda430b,0.000000,11,False,1,3
133,0x9c19b9,1.000000,12,True,0,0
134,0x94a0df,1.000000,12,True,0,0
135,0xc3bf17,0.000000,15,False,1,3
136,0xe83d80,0.333333,10,False,2,2
137,0x45d844,0.666667,9,False,1,1
138,0xeefb24,0.000000,15,False,1,3
139,0x1742e3,0.000000,11,False,1,3
140,0x4dd116,0.000000,11,False,1,3
141,0xbf3c65,0.000000,15,False,1,3
142,0x29351b,0.000000,11,False,1,3
143,0xbabd36,0.000000,15,False,1,3
144,0x6c5d2a,1.000000,12,True,0,0
145,0x4f500,0.000000,7,False,1,3
146,0x52f70f,0.333333,14,False,2,2
147,0x2a8032,0.000000,7,False,1,3
148,0xdc6428,0.333333,10,False,2,2
149,0xed7071,0.666667,13,False,1,1
150,0x823b1e,0.000000,11,False,1,3
151,0x5bed53,0.000000,15,False,1,3
152,0x337360,0.000000,11,False,1,3
153,0xe7cb9d,1.000000,16,True,0,0
154,0x5a441,0.000000,7,False,1,3
155,0x5d735,1.000000,12,True,0,0
156,0x514958,0.666667,9,False,1,1
157,0xf9a11e,0.666667,13,False,1,1
158,0x24de53,1.000000,12,True,0,0
159,0x9adef0,0.333333,14,False,2,2
160,0xc6d2a3,1.000000,12,True,0,0
161,0xd2591c,0.000000,11,False,1,3
162,0xd393e1,0.666667,13,False,1,1
163,0x600fd5,0.000000,11,False,1,3
164,0x73623f,0.333333,14,False,2,2
165,0x419347,0.333333,10,False,2,2
166,0x2841a1,0.000000,7,False,1,3
167,0x275a20,0.666667,9,False,1,1
168,0x3cc13e,1.000000,12,True,0,0
169,0x6e762b,0.333333,14,False,2,2
170,0xf6cd07,0.333333,14,False,2,2
171,0x373d52,0.666667,13,False,1,1
172,0xfef0c0,0.666667,13,False,1,1
173,0x715d75,0.333333,14,False,2,2
174,0x9e3769,0.333333,14,False,2,2
175,0x7b160a,0.000000,11,False,1,3
176,0xf54adb,0.000000,15,False,1,3
177,0x925e0f,1.000000,12,True,0,0
178,0x13c207,0.666667,9,False,1,1
179,0xc63926,0.000000,11,False,1,3
180,0xd093d3,1.000000,12,True,0,0
181,0x36a623,0.000000,11,False,1,3
182,0xd88197,0.000000,11,False,1,3
183,0xdbcbfd,0.333333,18,False,2,2
184,0xa8fc28,0.000000,11,False,1,3
185,0xc5e902,0.333333,10,False,2,2
186,0x1a4448,0.000000,7,False,1,3
187,0x509abc,0.000000,11,False,1,3
188,0xaae12e,1.000000,12,True,0,0
189,0x663bde,0.000000,15,False,1,3
190,0x4956b4,0.000000,11,False,1,3
191,0xb5a1be,0.333333,14,False,2,2
192,0x769cae,0.333333,14,False,2,2
193,0xe766b3,0.000000,15,False,1,3
194,0xf73129,0.666667,13,False,1,1
195,0xfb514d,0.333333,14,False,2,2
196,0xe08a9a,0.333333,10,False,2,2
197,0x11f13a,0.000000,11,False,1,3
198,0xa60221,0.000000,7,False,1,3
199,0xb78605,0.000000,11,False,1,3
200,0x43beaf,0.000000,15,False,1,3
201,0x9898da,0.000000,11,False,1,3
202,0xaf3dbf,0.333333,18,False,2,2
203,0x84c5fc,1.000000,12,True,0,0
204,0xb14896,0.333333,10,False,2,2
205,0xcce102,0.666667,9,False,1,1
206,0xcda7cd,0.000000,15,False,1,3
207,0xa4c65b,1.000000,12,True,0,0
208,0xbd54fd,1.000000,16,True,0,0
209,0x351dea,0.666667,13,False,1,1
210,0xcd91c7,0.666667,13,False,1,1
211,0x37d0c4,0.000000,11,False,1,3
212,0x34ce22,0.333333,10,False,2,2
213,0x5b933c,0.666667,13,False,1,1
214,0xc224aa,0.666667,9,False,1,1
215,0xdc6962,1.000000,12,True,0,0
216,0x369fc0,1.000000,12,True,0,0
217,0x5d7fe9,0.666667,17,False,1,1
218,0x7a1422,0.666667,9,False,1,1
219,0x4c9bec,0.666667,13,False,1,1
220,0x70e8d5,1.000000,12,True,0,0
221,0xe46a77,0.333333,14,False,2,2
222,0x547c9d,0.666667,13,False,1,1
223,0x3e12e9,1.000000,12,True,0,0
224,0x513250,1.000000,8,True,0,0
225,0x61bc57,0.666667,13,False,1,1
226,0xf1ca85,1.000000,12,True,0,0
227,0xd76869,0.666667,13,False,1,1
228,0xc29d2b,1.000000,12,True,0,0
229,0x84fbdb,0.000000,15,False,1,3
230,0x457a60,0.333333,10,False,2,2
231,0x74e6f1,0.333333,14,False,2,2
232,0x6d04df,0.666667,13,False,1,1
233,0xac4768,0.000000,11,False,1,3
234,0x841747,0.333333,10,False,2,2
235,0x94c6dc,1.000000,12,True,0,0
236,0xdbbc1,1.000000,12,True,0,0
237,0x2ff476,0.000000,15,False,1,3
238,0x338263,0.333333,10,False,2,2
239,0x344aa3,0.333333,10,False,2,2
240,0x613631,0.333333,10,False,2,2
241,0x4f6c48,0.000000,11,False,1,3
242,0x7adbcb,1.000000,16,True,0,0
243,0xfc5312,1.000000,12,True,0,0
244,0x3855a3,0.000000,11,False,1,3
245,0xd7476,1.000000,12,True,0,0
246,0x4f25bb,0.333333,14,False,2,2
247,0x353cb6,0.666667,13,False,1,1
248,0x67a301,0.333333,10,False,2,2
249,0x5011af,0.333333,10,False,2,2
250,0xa17b87,0.666667,13,False,1,1
251,0x3c071a,0.333333,10,False,2,2
252,0x481063,0.000000,7,False,1,3
253,0x3c1caa,0.000000,11,False,1,3
254,0x8a27d5,1.000000,12,True,0,0
255,0xeed0c,0.000000,11,False,1,3
256,0x43226d,0.333333,10,False,2,2
257,0x3b7591,0.666667,13,False,1,1
258,0x5018aa,1.000000,8,True,0,0
259,0x7caf85,0.333333,14,False,2,2
260,0xe75c5d,0.000000,15,False,1,3
261,0xae4430,0.666667,9,False,1,1
262,0xabab95,0.333333,14,False,2,2
263,0x58d840,1.000000,8,True,0,0
264,0x60b8eb,1.000000,12,True,0,0
265,0x1bf4b7,0.000000,15,False,1,3
266,0xef5a29,0.333333,14,False,2,2
267,0x3bd9d2,0.333333,14,False,2,2
268,0xa8f368,1.000000,12,True,0,0
269,0xf05bf1,0.333333,14,False,2,2
270,0xd61616,0.000000,11,False,1,3
271,0xe9948b,1.000000,12,True,0,0
272,0x6dece2,0.333333,14,False,2,2
273,0xf91717,0.333333,14,False,2,2
274,0xed49b5,0.333333,14,False,2,2
275,0xae1bb6,0.333333,14,False,2,2
276,0xdb708a,1.000000,12,True,0,0
277,0xeee0b,1.000000,12,True,0,0
278,0xe92d07,1.000000,12,True,0,0
279,0x4c212,0.333333,6,False,2,2
280,0x78c65c,1.000000,12,True,0,0
281,0xcd8027,0.333333,10,False,2,2
282,0x8749a8,0.333333,10,False,2,2
283,0x1ccba3,1.000000,12,True,0,0
284,0x291bfb,0.333333,14,False,2,2
285,0x9439fe,0.333333,14,False,2,2
286,0xdc77c5,0.000000,15,False,1,3
287,0x5b6fda,1.000000,16,True,0,0
288,0x81a684,1.000000,8,True,0,0
289,0x9107a2,0.666667,9,False,1,1
290,0x22ae91,0.333333,10,False,2,2
291,0x884377,0.000000,11,False,1,3
292,0xe872a5,1.000000,12,True,0,0
293,0x2d8384,0.666667,9,False,1,1
294,0x29fc24,0.000000,11,False,1,3
295,0x6181d6,0.333333,10,False,2,2
296,0xa00668,0.000000,7,False,1,3
297,0xc03a48,1.000000,8,True,0,0
298,0x9453d9,1.000000,12,True,0,0
299,0x12949d,0.333333,10,False,2,2
300,0x6bda78,0.333333,14,False,2,2
301,0x8fe2bb,0.000000,15,False,1,3
302,0x48133f,0.000000,11,False,1,3
303,0xe610a4,0.666667,9,False,1,1
304,0xaab02,1.000000,8,True,0,0
305,0xae2cf1,0.666667,13,False,1,1
306,0x90a8e5,0.333333,10,False,2,2
307,0xd6ed4c,0.333333,14,False,2,2
308,0x5cd6f5,0.000000,15,False,1,3
309,0x68d667,0.666667,13,False,1,1
310,0xa3e6e,1.000000,12,True,0,0
311,0xf02e5c,1.000000,12,True,0,0
312,0x2e3f23,0.666667,13,False,1,1
313,0xad3e7f,0.666667,17,False,1,1
314,0x26e8a4,0.333333,10,False,2,2
315,0xbfdbc3,0.666667,17,False,1,1
316,0xfcebb6,0.666667,17,False,1,1
317,0x70e7c,0.000000,11,False,1,3
318,0x64f946,1.000000,12,True,0,0
319,0x967e8,0.000000,11,False,1,3
320,0x6abd2f,0.000000,15,False,1,3
321,0x34c00c,0.000000,7,False,1,3
322,0xb7a3c6,0.333333,14,False,2,2
323,0x494109,0.000000,7,False,1,3
324,0x76f7c8,0.000000,15,False,1,3
325,0xf7277a,1.000000,16,True,0,0
326,0x647369,1.000000,12,True,0,0
327,0x452950,1.000000,8,True,0,0
328,0xa92415,0.666667,9,False,1,1
329,0xc27a63,1.000000,12,True,0,0
330,0xdff3,0.666667,13,False,1,1
331,0xe148ea,0.000000,11,False,1,3
332,0x5a0d2a,0.333333,10,False,2,2
333,0xb4decd,0.000000,15,False,1,3
334,0x478e0e,0.000000,11,False,1,3
335,0xf2527e,0.333333,14,False,2,2
336,0x492811,0.000000,7,False,1,3
337,0xcab4f7,0.000000,15,False,1,3
338,0xafcdee,0.666667,17,False,1,1
339,0x4aa43a,0.333333,10,False,2,2
340,0x87f733,0.000000,15,False,1,3
341,0x23c933,0.000000,11,False,1,3
342,0x5f2639,0.666667,13,False,1,1
343,0x51157d,1.000000,12,True,0,0
344,0x822543,1.000000,8,True,0,0
345,0xa10ec7,0.000000,11,False,1,3
346,0x3797f2,0.000000,15,False,1,3
347,0xc4f7a1,0.666667,13,False,1,1
348,0xb999b4,0.666667,13,False,1,1
349,0x734081,1.000000,8,True,0,0
350,0x9ac0eb,1.000000,12,True,0,0
351,0xd63e05,1.000000,12,True,0,0
352,0x52be51,1.000000,12,True,0,0
353,0xde5b1a,0.333333,14,False,2,2
354,0xb2fe1e,0.000000,15,False,1,3
355,0x101e1,0.333333,6,False,2,2
356,0x9c3bfa,0.000000,15,False,1,3
357,0xa11b29,0.333333,10,False,2,2
358,0xf3cd01,1.000000,12,True,0,0
359,0xb2720d,0.000000,11,False,1,3
360,0x93c530,0.333333,10,False,2,2
361,0xf43838,0.000000,11,False,1,3
362,0x2724bd,1.000000,12,True,0,0
363,0x5c916c,0.000000,11,False,1,3
364,0x150ac6,0.666667,9,False,1,1
365,0x2a9ad5,1.000000,12,True,0,0
366,0x8bd690,0.000000,11,False,1,3
367,0xc13f57,0.333333,14,False,2,2
368,0xe09a99,0.000000,11,False,1,3
369,0x64be08,0.333333,10,False,2,2
370,0xcc3ebf,1.000000,16,True,0,0
371,0xaa1e9a,1.000000,12,True,0,0
372,0xcbd4a6,0.666667,13,False,1,1
373,0xef3cef,0.333333,18,False,2,2
374,0x4b52b4,0.000000,11,False,1,3
375,0x357cce,0.333333,14,False,2,2
376,0x3211f,0.666667,9,False,1,1
377,0xf94f51,0.333333,14,False,2,2
378,0x1980b2,1.000000,8,True,0,0
379,0xc15a61,0.333333,10,False,2,2
380,0x13f5e5,0.333333,14,False,2,2
381,0xd416a0,0.666667,9,False,1,1
382,0xc593bb,0.333333,14,False,2,2
383,0x389bea,0.666667,13,False,1,1
384,0x28989a,0.666667,9,False,1,1
385,0x4687f1,1.000000,12,True,0,0
386,0x19c9f4,1.000000,12,True,0,0
387,0xe5fcf7,0.333333,18,False,2,2
388,0x90a5d2,0.333333,10,False,2,2
389,0x748593,0.000000,11,False,1,3
390,0xfbd527,1.000000,16,True,0,0
391,0xf58563,0.666667,13,False,1,1
392,0x7e2862,0.000000,11,False,1,3
393,0x3726e4,1.000000,12,True,0,0
394,0x2eb995,0.666667,13,False,1,1
395,0xbdfdee,0.000000,19,False,3,3
396,0xbc5f82,0.666667,13,False,1,1
397,0x5b9793,0.333333,14,False,2,2
398,0x5e4e6f,0.000000,15,False,1,3
399,0x8d0e0,0.000000,7,False,1,3
400,0xd0f3fc,0.000000,15,False,1,3
401,0xefebd4,0.666667,17,False,1,1
402,0xf5050a,0.333333,10,False,2,2
403,0x54e6f5,0.333333,14,False,2,2
404,0xf672db,1.000000,16,True,0,0
405,0x9a26f6,0.666667,13,False,1,1
406,0xd041b7,0.000000,11,False,1,3
407,0x5e81d7,0.666667,13,False,1,1
408,0x9920a2,1.000000,8,True,0,0
409,0x980685,1.000000,8,True,0,0
410,0x9da4ee,0.333333,14,False,2,2
411,0xc1f7f,0.333333,14,False,2,2
412,0x90e5a3,0.000000,11,False,1,3
413,0x81aa09,1.000000,8,True,0,0
414,0xf21385,0.000000,11,False,1,3
415,0x960186,1.000000,8,True,0,0
416,0xee1b0b,0.666667,13,False,1,1
417,0x857264,0.333333,10,False,2,2
418,0xedb5e9,1.000000,16,True,0,0
419,0x508bd2,0.333333,10,False,2,2
420,0x752c70,0.000000,11,False,1,3
421,0x4abd4d,0.666667,13,False,1,1
422,0xd737b,0.333333,14,False,2,2
423,0x4fa57e,0.000000,15,False,1,3
424,0x35c2f4,1.000000,12,True,0,0
425,0xe9a17d,0.333333,14,False,2,2
426,0x51e47c,1.000000,12,True,0,0
427,0x3926e8,0.000000,11,False,1,3
428,0x4d8a81,0.666667,9,False,1,1
429,0xc34cdd,0.666667,13,False,1,1
430,0x9a7558,1.000000,12,True,0,0
431,0xbd7f3e,0.333333,18,False,2,2
432,0xa94689,0.333333,10,False,2,2
433,0x6c256a,0.000000,11,False,1,3
434,0x458914,1.000000,8,True,0,0
435,0xdf1f93,1.000000,16,True,0,0
436,0x25c714,0.333333,10,False,2,2
437,0x9da302,0.333333,10,False,2,2
438,0x2548f9,0.000000,11,False,1,3
439,0x83ff9b,1.000000,16,True,0,0
440,0x4fce0a,1.000000,12,True,0,0
441,0xd102bc,0.333333,10,False,2,2
442,0xb14988,0.666667,9,False,1,1
443,0xc901a9,0.666667,9,False,1,1
444,0x377c3d,0.000000,15,False,1,3
445,0x26c2a0,1.000000,8,True,0,0
446,0x9df4d5,0.000000,15,False,1,3
447,0xbafb36,1.000000,16,True,0,0
448,0x41dcf,0.000000,11,False,1,3
449,0xfa431d,0.666667,13,False,1,1
450,0x25de86,1.000000,12,True,0,0
451,0xf92df3,1.000000,16,True,0,0
452,0xd6be30,0.666667,13,False,1,1
453,0xe61bbe,0.000000,15,False,1,3
454,0x66405,0.000000,7,False,1,3
455,0xae4608,0.666667,9,False,1,1
456,0xee880a,0.333333,10,False,2,2
457,0x727ac2,1.000000,12,True,0,0
458,0x711150,1.000000,8,True,0,0
459,0x9651e,0.333333,10,False,2,2
460,0xa9d8a5,1.000000,12,True,0,0
461,0xcfb163,0.333333,14,False,2,2
462,0x71c3c8,0.000000,11,False,1,3
463,0x4e91f0,0.000000,11,False,1,3
464,0x7cb2cb,0.333333,14,False,2,2
465,0x8cd389,0.000000,11,False,1,3
466,0x1cb4c9,0.000000,11,False,1,3
467,0x13c767,0.666667,13,False,1,1
468,0x9205f3,0.000000,11,False,1,3
469,0xc2661b,0.000000,11,False,1,3
470,0x1210ea,1.000000,8,True,0,0
471,0xbdac4b,0.333333,14,False,2,2
472,0xb38395,1.000000,12,True,0,0
473,0x5bd40b,1.000000,12,True,0,0
474,0x4a16f1,0.000000,11,False,1,3
475,0x8769eb,0.333333,14,False,2,2
476,0x8e864e,0.000000,11,False,1,3
477,0xf7d77f,1.000000,20,False,4,0
478,0x6fab6a,0.000000,15,False,1,3
479,0xb4d165,1.000000,12,True,0,0
480,0x7251f4,1.000000,12,True,0,0
481,0xfe4bb,0.333333,14,False,2,2
482,0xa2465,1.000000,8,True,0,0
483,0x6b62f0,1.000000,12,True,0,0
484,0x965bde,0.000000,15,False,1,3
485,0x5b42b1,0.000000,11,False,1,3
486,0x98c652,0.333333,10,False,2,2
487,0x8758c7,1.000000,12,True,0,0
488,0x1a7594,0.000000,11,False,1,3
489,0x8b06db,1.000000,12,True,0,0
490,0x44d971,0.000000,11,False,1,3
491,0x4ce75b,0.333333,14,False,2,2
492,0x9664a5,0.000000,11,False,1,3
493,0x942e66,0.000000,11,False,1,3
494,0x41a5e7,1.000000,12,True,0,0
495,0xe0cab2,0.000000,11,False,1,3
496,0x7fe632,0.000000,15,False,1,3
497,0xc37c26,1.000000,12,True,0,0
498,0xe8d2ef,0.000000,15,False,1,3
499,0xd5c909,0.000000,11,False,1,3
500,0xcf6be2,0.000000,15,False,1,3
501,0xdf63d6,1.000000,16,True,0,0
502,0x63d013,0.333333,10,False,2,2
503,0x818f05,0.666667,9,False,1,1
504,0x10832c,0.000000,7,False,1,3
505,0xe85549,0.000000,11,False,1,3
506,0x70904,0.333333,6,False,2,2
507,0x24b871,0.333333,10,False,2,2
508,0xfe7034,0.666667,13,False,1,1
509,0x8eccee,0.333333,14,False,2,2
510,0x8f00f1,0.333333,10,False,2,2
511,0x76b2e,1.000000,12,True,0,0
512,0x3cb58f,0.333333,14,False,2,2
513,0x3fa259,0.666667,13,False,1,1
514,0xd90f40,0.333333,10,False,2,2
515,0x841f44,0.666667,9,False,1,1
516,0x8f297e,0.333333,14,False,2,2
517,0xc0feef,1.000000,16,True,0,0
518,0xc66c5e,0.666667,13,False,1,1
519,0xb131fb,0.333333,14,False,2,2
520,0xa0c4e,1.000000,8,True,0,0
521,0x477544,0.000000,11,False,1,3
522,0x5de28d,0.666667,13,False,1,1
523,0x5354d9,1.000000,12,True,0,0
524,0x5a191,1.000000,8,True,0,0
525,0x7604a4,0.666667,9,False,1,1
526,0xc2b536,1.000000,12,True,0,0
527,0x9e9f10,1.000000,12,True,0,0
528,0xcfe7ed,0.333333,18,False,2,2
529,0xc2ab49,0.000000,11,False,1,3
530,0x8210d8,0.000000,7,False,1,3
531,0x7420d5,0.333333,10,False,2,2
532,0x95483f,1.000000,12,True,0,0
533,0x1103ca,1.000000,8,True,0,0
534,0xf0d9a9,0.666667,13,False,1,1
535,0x8dba96,0.666667,13,False,1,1
536,0xb98b4f,0.333333,14,False,2,2
537,0x9a967e,0.333333,14,False,2,2
538,0xfb115c,0.666667,13,False,1,1
539,0x6e4b15,1.000000,12,True,0,0
540,0x7e628e,0.666667,13,False,1,1
541,0xa263d7,0.666667,13,False,1,1
542,0xccc067,0.000000,11,False,1,3
543,0xefb5e6,0.666667,17,False,1,1
544,0x819416,1.000000,8,True,0,0
545,0x3bd08c,0.000000,11,False,1,3
546,0x81a784,0.666667,9,False,1,1
547,0x23352c,0.333333,10,False,2,2
548,0x9ebb3d,1.000000,16,True,0,0
549,0x1eac82,0.333333,10,False,2,2
550,0x1056ac,0.666667,9,False,1,1
551,0xfb3579,1.000000,16,True,0,0
552,0x843eff,0.000000,15,False,1,3
553,0x6bb4e4,0.666667,13,False,1,1
554,0xe8b372,0.666667,13,False,1,1
555,0x40719,0.000000,7,False,1,3
556,0xc05249,1.000000,8,True,0,0
557,0xc33ccf,0.333333,14,False,2,2
558,0xcb1de2,0.666667,13,False,1,1
559,0x41f37a,0.666667,13,False,1,1
560,0xe4cca7,0.666667,13,False,1,1
561,0x4c140,0.666667,5,False,3,1
562,0xad1868,0.333333,10,False,2,2
563,0x495af,0.000000,11,False,1,3
564,0xada171,1.000000,12,True,0,0
565,0x23526b,0.000000,11,False,1,3
566,0xd25982,0.333333,10,False,2,2
567,0xb501eb,1.000000,12,True,0,0
568,0xc5fa27,0.333333,14,False,2,2
569,0x1af1e,0.000000,11,False,1,3
570,0xfb0ded,1.000000,16,True,0,0
571,0x1fc484,0.333333,10,False,2,2
572,0x6f3d6a,0.000000,15,False,1,3
573,0x9098cf,0.000000,11,False,1,3
574,0xb3abe8,0.333333,14,False,2,2
575,0x1aa9f0,0.000000,11,False,1,3
576,0x36b4f,1.000000,12,True,0,0
577,0xc2c5fa,0.666667,13,False,1,1
578,0x4b09b8,0.333333,10,False,2,2
579,0x811aa3,0.666667,9,False,1,1
580,0xc0d38e,0.000000,11,False,1,3
581,0x6d4eb7,0.000000,15,False,1,3
582,0x4cc90,0.000000,7,False,1,3
583,0xc8922d,0.333333,10,False,2,2
584,0x3b8ce9,0.666667,13,False,1,1
585,0x7b28ef,0.000000,15,False,1,3
586,0xc47310,0.666667,9,False,1,1
587,0xcf18bb,0.333333,14,False,2,2
588,0xd726de,0.000000,15,False,1,3
589,0x170347,0.333333,10,False,2,2
590,0x4012eb,0.666667,9,False,1,1
591,0x75ca27,0.666667,13,False,1,1
592,0x363813,0.333333,10,False,2,2
593,0x19d807,0.333333,10,False,2,2
594,0x488ca1,1.000000,8,True,0,0
595,0xb6a7a1,0.666667,13,False,1,1
596,0x596c3,0.333333,10,False,2,2
597,0x3466d4,0.000000,11,False,1,3
598,0xb2e753,0.333333,14,False,2,2
599,0xf72b2c,0.333333,14,False,2,2
600,0x50a0c3,1.000000,8,True,0,0
601,0x8980b7,0.333333,10,False,2,2
602,0x7399e1,0.666667,13,False,1,1
603,0xed9e74,0.000000,15,False,1,3
604,0xd0e2,0.000000,7,False,1,3
605,0x4ecb28,0.000000,11,False,1,3
606,0x447e5b,0.666667,13,False,1,1
607,0x11eb72,1.000000,12,True,0,0
608,0xd197d2,0.666667,13,False,1,1
609,0x63c7d6,0.333333,14,False,2,2
610,0xb3fda5,1.000000,16,True,0,0
611,0xe676bd,1.000000,16,True,0,0
612,0x1daedd,0.000000,15,False,1,3
613,0xb30ce6,1.000000,12,True,0,0
614,0x5daebf,0.666667,17,False,1,1
615,0x5f9048,0.333333,10,False,2,2
616,0xb406c9,0.333333,10,False,2,2
617,0xb96e36,0.333333,14,False,2,2
618,0xfb3888,1.000000,12,True,0,0
619,0xfdebf1,0.333333,18,False,2,2
620,0x9a2b23,0.000000,11,False,1,3
621,0x161ed1,0.000000,11,False,1,3
622,0xd9f4a1,0.666667,13,False,1,1
623,0x6013f3,0.000000,11,False,1,3
624,0xc9abd0,1.000000,12,True,0,0
625,0xf8494a,0.000000,11,False,1,3
626,0x28beef,0.000000,15,False,1,3
627,0x240228,0.666667,5,False,3,1
628,0x394408,0.000000,7,False,1,3
629,0x8cd4ce,1.000000,12,True,0,0
630,0xd7ca5c,0.333333,14,False,2,2
631,0xcbcab3,0.333333,14,False,2,2
632,0xb95edb,1.000000,16,True,0,0
633,0xce3f99,0.000000,15,False,1,3
634,0x62dc54,0.000000,11,False,1,3
635,0x1b067b,1.000000,12,True,0,0
636,0x46b476,1.000000,12,True,0,0
637,0xa66428,0.666667,9,False,1,1
638,0xc6d294,0.000000,11,False,1,3
639,0xfba556,0.000000,15,False,1,3
640,0x9f8224,0.333333,10,False,2,2
641,0xe4ec88,0.000000,11,False,1,3
642,0x2e286d,0.000000,11,False,1,3
643,0x6dcae8,0.666667,13,False,1,1
644,0x6d2561,0.000000,11,False,1,3
645,0xbf98ea,0.000000,15,False,1,3
646,0x77da93,0.000000,15,False,1,3
647,0x4c7e4c,1.000000,12,True,0,0
648,0x7a1b22,0.000000,11,False,1,3
649,0xd5278,0.333333,10,False,2,2
650,0xf92d90,1.000000,12,True,0,0
651,0x75de85,0.333333,14,False,2,2
652,0x172548,0.666667,9,False,1,1
653,0xae48bf,0.333333,14,False,2,2
654,0x6da4be,0.333333,14,False,2,2
655,0x54e96a,1.000000,12,True,0,0
656,0xb4c2a2,0.333333,10,False,2,2
657,0x1311c,0.000000,7,False,1,3
658,0xd98952,0.000000,11,False,1,3
659,0x703ba,0.333333,10,False,2,2
660,0x422ce0,1.000000,8,True,0,0
661,0x476769,0.666667,13,False,1,1
662,0x23efba,0.000000,15,False,1,3
663,0xa762bd,0.333333,14,False,2,2
664,0x8ffb63,1.000000,16,True,0,0
665,0xf48bcb,0.333333,14,False,2,2
666,0x143a15,0.666667,9,False,1,1
667,0xda2aea,0.666667,13,False,1,1
668,0x2ae8e1,0.000000,11,False,1,3
669,0xe48586,0.333333,10,False,2,2
670,0x2ff3d8,0.000000,15,False,1,3
671,0xf57b71,1.000000,16,True,0,0
672,0x528e2c,0.333333,10,False,2,2
673,0xb811cf,1.000000,12,True,0,0
674,0xf600cf,1.000000,12,True,0,0
675,0xe187d0,0.000000,11,False,1,3
676,0x80ff05,0.000000,11,False,1,3
677,0x464f6a,1.000000,12,True,0,0
678,0xbfb948,0.333333,14,False,2,2
679,0x5dbe08,1.000000,12,True,0,0
680,0x482265,1.000000,8,True,0,0
681,0xf302ad,1.000000,12,True,0,0
682,0xaca03,1.000000,8,True,0,0
683,0xb5b34e,0.333333,14,False,2,2
684,0xa65681,0.333333,10,False,2,2
685,0x764772,0.666667,13,False,1,1
686,0xcc07f,0.000000,11,False,1,3
687,0x19b87a,1.000000,12,True,0,0
688,0x556f33,0.333333,14,False,2,2
689,0x10913b,0.666667,9,False,1,1
690,0x9f8675,0.333333,14,False,2,2
691,0xcd2311,0.333333,10,False,2,2
692,0x5b8424,0.666667,9,False,1,1
693,0x44bcaf,0.666667,13,False,1,1
694,0x71dda5,0.333333,14,False,2,2
695,0x5d33d5,0.333333,14,False,2,2
696,0xfd367c,1.000000,16,True,0,0
697,0xd121bb,1.000000,12,True,0,0
698,0x99cc0e,0.000000,11,False,1,3
699,0xe6e33b,0.000000,15,False,1,3
700,0x6a97f4,0.333333,14,False,2,2
701,0xd37e1b,0.000000,15,False,1,3
702,0xd55994,1.000000,12,True,0,0
703,0x2d9fe7,1.000000,16,True,0,0
704,0xbdd502,1.000000,12,True,0,0
705,0x66ecc,0.000000,11,False,1,3
706,0x500c88,0.333333,6,False,2,2
707,0x88f617,1.000000,12,True,0,0
708,0x144d54,0.666667,9,False,1,1
709,0x66d34,0.333333,10,False,2,2
710,0xafa1d9,0.333333,14,False,2,2
711,0xcdf4c6,0.333333,14,False,2,2
712,0xe1fb01,1.000000,12,True,0,0
713,0x928917,0.333333,10,False,2,2
714,0xe759d7,1.000000,16,True,0,0
715,0x1ef584,1.000000,12,True,0,0
716,0x324ab1,0.333333,10,False,2,2
717,0x4fc1b9,0.666667,13,False,1,1
718,0xef0c20,0.333333,10,False,2,2
719,0xaf10ff,0.000000,15,False,1,3
720,0xb6d058,0.000000,11,False,1,3
721,0xaa660e,0.000000,11,False,1,3
722,0x5c118c,0.666667,9,False,1,1
723,0xa0d08c,1.000000,8,True,0,0
724,0x3c8b7a,0.666667,13,False,1,1
725,0x89e82d,0.000000,11,False,1,3
726,0xe2d2d3,0.666667,13,False,1,1
727,0x102640,0.666667,5,False,3,1
728,0xb5f312,0.666667,13,False,1,1
729,0xecfa6e,1.000000,16,True,0,0
730,0x43c0c2,1.000000,8,True,0,0
731,0xe51f71,0.333333,14,False,2,2
732,0xad82f4,1.000000,12,True,0,0
733,0xc44abd,1.000000,12,True,0,0
734,0x147e2f,0.666667,13,False,1,1
735,0x87cef5,0.000000,15,False,1,3
736,0xa5807d,0.000000,11,False,1,3
737,0x9a04a6,0.666667,9,False,1,1
738,0xd62d03,0.000000,11,False,1,3
739,0xdace8f,0.000000,15,False,1,3
740,0x4f2598,0.000000,11,False,1,3
741,0xa9aecb,0.333333,14,False,2,2
742,0xa8f0cc,0.000000,11,False,1,3
743,0x32328a,0.666667,9,False,1,1
744,0xf9c6c3,0.333333,14,False,2,2
745,0x66457,0.333333,10,False,2,2
746,0x2e89ec,1.000000,12,True,0,0
747,0x64fc2c,1.000000,12,True,0,0
748,0x8b18a0,1.000000,8,True,0,0
749,0xd6bfd3,0.666667,17,False,1,1
750,0xf1016f,1.000000,12,True,0,0
751,0x10afb2,0.000000,11,False,1,3
752,0xcde6a1,0.666667,13,False,1,1
753,0xb06946,0.333333,10,False,2,2
754,0x9e29af,0.333333,14,False,2,2
755,0xd604e6,0.000000,11,False,1,3
756,0x733344,0.000000,11,False,1,3
757,0x75f8d,0.666667,13,False,1,1
758,0xc28367,0.000000,11,False,1,3
759,0x9f1db7,1.000000,16,True,0,0
760,0x384645,0.666667,9,False,1,1
761,0xab8304,0.666667,9,False,1,1
762,0x232574,0.333333,10,False,2,2
763,0xb7665e,0.000000,15,False,1,3
764,0xb474d7,0.333333,14,False,2,2
765,0x52c12e,0.333333,10,False,2,2
766,0x3fad46,0.333333,14,False,2,2
767,0xe00782,1.000000,8,True,0,0
768,0x40de7e,0.666667,13,False,1,1
769,0xea9027,0.000000,11,False,1,3
770,0xb0cf69,0.666667,13,False,1,1
771,0x18e9bc,1.000000,12,True,0,0
772,0x232f52,0.000000,11,False,1,3
773,0x2397fa,0.333333,14,False,2,2
774,0xe3aaaa,0.666667,13,False,1,1
775,0x1f747,1.000000,12,True,0,0
776,0x3e1026,0.666667,9,False,1,1
777,0xa92d48,0.333333,10,False,2,2
778,0xf243d2,1.000000,12,True,0,0
779,0x6d03f3,0.666667,13,False,1,1
780,0x671deb,0.000000,15,False,1,3
781,0x375792,0.666667,13,False,1,1
782,0x282ca1,1.000000,8,True,0,0
783,0x865ec7,0.666667,13,False,1,1
784,0xfdd6f0,1.000000,16,True,0,0
785,0x2366b2,0.000000,11,False,1,3
786,0xfb64db,1.000000,16,True,0,0
787,0x9bd82b,0.666667,13,False,1,1
788,0x5bcdf7,0.666667,17,False,1,1
789,0x84941a,1.000000,8,True,0,0
790,0xa0c4a1,1.000000,8,True,0,0
791,0x30434c,1.000000,8,True,0,0
792,0x622da2,0.333333,10,False,2,2
793,0x7006fb,1.000000,12,True,0,0
794,0x403c21,0.000000,7,False,1,3
795,0xa04de,0.666667,9,False,1,1
796,0x6376d2,0.666667,13,False,1,1
797,0xae58b6,0.666667,13,False,1,1
798,0x15a222,1.000000,8,True,0,0
799,0x70b0ba,0.000000,11,False,1,3
800,0xd43fc2,0.666667,13,False,1,1
801,0xe6a495,1.000000,12,True,0,0
802,0xd2ac6f,0.333333,14,False,2,2
803,0x586932,0.333333,10,False,2,2
804,0x6e7fc,0.333333,14,False,2,2
805,0x44c151,1.000000,8,True,0,0
806,0x6867d,0.000000,11,False,1,3
807,0xe11dcc,1.000000,12,True,0,0
808,0xa713c9,1.000000,12,True,0,0
809,0x9190d2,0.666667,9,False,1,1
810,0xfa3288,0.000000,11,False,1,3
811,0x14075a,0.666667,9,False,1,1
812,0x70d8dc,1.000000,12,True,0,0
813,0x1a3708,0.666667,9,False,1,1
814,0x779fa,0.333333,14,False,2,2
815,0x2066d1,0.666667,9,False,1,1
816,0x8cd056,0.333333,10,False,2,2
817,0xe4305f,1.000000,12,True,0,0
818,0xa23dde,0.333333,14,False,2,2
819,0x6d2f4f,0.000000,15,False,1,3
820,0x4c45c9,0.333333,10,False,2,2
821,0xa0e064,1.000000,8,True,0,0
822,0x126259,0.666667,9,False,1,1
823,0x28a8fe,1.000000,12,True,0,0
824,0x8f29f,1.000000,12,True,0,0
825,0x9e1a8c,0.000000,11,False,1,3
826,0xc212a2,1.000000,8,True,0,0
827,0x548e9,0.666667,9,False,1,1
828,0x9640f,0.666667,9,False,1,1
829,0xfb3d44,0.333333,14,False,2,2
830,0x7256eb,0.333333,14,False,2,2
831,0x52c1e5,0.000000,11,False,1,3
832,0x98304e,0.666667,9,False,1,1
833,0xf6adbd,0.666667,17,False,1,1
834,0x6dddc0,0.666667,13,False,1,1
835,0xdfbf7a,0.000000,19,False,3,3
836,0x71762d,0.666667,13,False,1,1
837,0x7a3bf,0.333333,14,False,2,2
838,0x49c1d9,0.000000,11,False,1,3
839,0x4ca130,1.000000,8,True,0,0
840,0x8e50ba,0.000000,11,False,1,3
841,0xea89af,0.333333,14,False,2,2
842,0xb7c36,1.000000,12,True,0,0
843,0xe5ea44,1.000000,12,True,0,0
844,0xda2dbd,0.000000,15,False,1,3
845,0xec9cd5,0.333333,14,False,2,2
846,0x4c098c,1.000000,8,True,0,0
847,0xd61fc8,0.666667,13,False,1,1
848,0x2ee7b2,0.333333,14,False,2,2
849,0xf5e066,0.666667,13,False,1,1
850,0x44eec8,0.000000,11,False,1,3
851,0x305a07,0.666667,9,False,1,1
852,0x764df3,0.000000,15,False,1,3
853,0xb0f5dc,0.333333,14,False,2,2
854,0x9a895c,0.000000,11,False,1,3
855,0x2abbec,0.333333,14,False,2,2
856,0x1729e,0.333333,10,False,2,2
857,0xb4e9f2,0.333333,14,False,2,2
858,0xe38e3f,0.000000,15,False,1,3
859,0xd1bdc6,0.333333,14,False,2,2
860,0x881ed,0.666667,9,False,1,1
861,0xf8f6ef,0.333333,18,False,2,2
862,0x625ab7,0.666667,13,False,1,1
863,0xa7f3c,0.666667,13,False,1,1
864,0x976a5b,0.333333,14,False,2,2
865,0x2528af,0.000000,11,False,1,3
866,0x8a21ba,0.333333,10,False,2,2
867,0x4841e7,0.333333,10,False,2,2
868,0x417e90,0.333333,10,False,2,2
869,0x2c4f3d,0.666667,13,False,1,1
870,0x535c8e,1.000000,12,True,0,0
871,0x311096,1.000000,8,True,0,0
872,0xc06079,0.666667,9,False,1,1
873,0xdef9f6,0.333333,18,False,2,2
874,0xeadb64,0.333333,14,False,2,2
875,0x3a1590,0.666667,9,False,1,1
876,0x5e1c0b,0.000000,11,False,1,3
877,0x9f1229,0.000000,11,False,1,3
878,0xf4972d,0.333333,14,False,2,2
879,0x18c3ee,1.000000,12,True,0,0
880,0x6c553,0.333333,10,False,2,2
881,0x85acbf,0.333333,14,False,2,2
882,0xa8a7e,0.000000,11,False,1,3
883,0xd49aa,0.333333,10,False,2,2
884,0x23fd57,0.000000,15,False,1,3
885,0x1593b4,0.000000,11,False,1,3
886,0x38fb9b,0.000000,15,False,1,3
887,0x2cb9d0,0.000000,11,False,1,3
888,0x49c9b0,0.333333,10,False,2,2
889,0xa7beb7,0.666667,17,False,1,1
890,0xb14d79,0.666667,13,False,1,1
891,0xb80acc,0.333333,10,False,2,2
892,0x3c8b99,1.000000,12,True,0,0
893,0xf4b57b,1.000000,16,True,0,0
894,0x8a240b,1.000000,8,True,0,0
895,0xacf8e4,0.666667,13,False,1,1
896,0xf0215c,0.333333,10,False,2,2
897,0x89b3e6,0.666667,13,False,1,1
898,0xb52ec1,1.000000,12,True,0,0
899,0xb41e2d,1.000000,12,True,0,0
900,0xfff376,0.000000,19,False,3,3
901,0x4905d2,0.666667,9,False,1,1
902,0x46c586,0.333333,10,False,2,2
903,0x191e1d,0.000000,11,False,1,3
904,0xf587af,1.000000,16,True,0,0
905,0xd1b6b,1.000000,12,True,0,0
906,0xdc02a1,0.666667,9,False,1,1
907,0x823ba8,0.333333,10,False,2,2
908,0x1f1585,0.000000,11,False,1,3
909,0x7e34f1,0.333333,14,False,2,2
910,0x851f2d,1.000000,12,True,0,0
911,0xcb30eb,0.666667,13,False,1,1
912,0x32cf2c,1.000000,12,True,0,0
913,0x72b108,0.666667,9,False,1,1
914,0x2fbbbc,1.000000,16,True,0,0
915,0xec0aa1,0.333333,10,False,2,2
916,0x73f5b8,0.000000,15,False,1,3
917,0x111331,1.000000,8,True,0,0
918,0xc92799,1.000000,12,True,0,0
919,0x47b827,1.000000,12,True,0,0
920,0x1bac10,0.666667,9,False,1,1
921,0x7eb64b,0.000000,15,False,1,3
922,0x950e75,1.000000,12,True,0,0
923,0x85e6de,0.333333,14,False,2,2
924,0xbbb02d,0.666667,13,False,1,1
925,0x477858,0.000000,11,False,1,3
926,0x9daea8,0.666667,13,False,1,1
927,0x7a7c07,0.666667,13,False,1,1
928,0xb9d96c,0.333333,14,False,2,2
929,0x36b550,0.000000,11,False,1,3
930,0x287310,1.000000,8,True,0,0
931,0x443af6,1.000000,12,True,0,0
932,0x7daa56,0.333333,14,False,2,2
933,0xb9ef55,1.000000,16,True,0,0
934,0x42589f,0.000000,11,False,1,3
935,0x484b5c,0.333333,10,False,2,2
936,0xd6c15c,1.000000,12,True,0,0
937,0x5f8782,1.000000,12,True,0,0
938,0x666acf,0.333333,14,False,2,2
939,0xd417be,0.333333,14,False,2,2
940,0x1cb7a8,1.000000,12,True,0,0
941,0xb88b07,0.000000,11,False,1,3
942,0xb8591b,1.000000,12,True,0,0
943,0xe3006c,0.666667,9,False,1,1
944,0xc648cb,0.000000,11,False,1,3
945,0x9145c9,0.333333,10,False,2,2
946,0x68ef2,0.000000,11,False,1,3
947,0xcd16f1,0.666667,13,False,1,1
948,0x4a7c6b,0.666667,13,False,1,1
949,0x6604c6,0.666667,9,False,1,1
950,0x14b5c1,0.333333,10,False,2,2
951,0x44564c,0.666667,9,False,1,1
952,0x65ae31,1.000000,12,True,0,0
953,0x4aec68,0.000000,11,False,1,3
954,0xcd5824,0.333333,10,False,2,2
955,0xc937e2,0.666667,13,False,1,1
956,0x7e37ad,1.000000,16,True,0,0
957,0xaac71f,0.333333,14,False,2,2
958,0xf061e9,1.000000,12,True,0,0
959,0xd7812c,0.000000,11,False,1,3
960,0x822e7a,0.000000,11,False,1,3
961,0x5e8e08,0.333333,10,False,2,2
962,0x2dbed2,0.333333,14,False,2,2
963,0x6bb354,0.666667,13,False,1,1
964,0x8f581f,0.666667,13,False,1,1
965,0x77170c,1.000000,12,True,0,0
966,0xd36cb4,0.666667,13,False,1,1
967,0x664a,0.000000,7,False,1,3
968,0x802c69,1.000000,8,True,0,0
969,0xa476ed,0.333333,14,False,2,2
970,0x526bcc,1.000000,12,True,0,0
971,0x1229dd,0.000000,11,False,1,3
972,0x8917f5,0.666667,13,False,1,1
973,0xb551ee,0.333333,14,False,2,2
974,0x55b96b,0.333333,14,False,2,2
975,0x3392be,0.666667,13,False,1,1
976,0x79a3ef,1.000000,16,True,0,0
977,0x756927,0.666667,13,False,1,1
978,0x8c5973,1.000000,12,True,0,0
979,0xd0155b,0.000000,11,False,1,3
980,0x3b29f2,0.666667,13,False,1,1
981,0x90d26d,0.000000,11,False,1,3
982,0xfd419f,0.000000,15,False,1,3
983,0x19f8fc,0.333333,14,False,2,2
984,0xcca8ec,1.000000,12,True,0,0
985,0xe469a8,0.000000,11,False,1,3
986,0x80057d,0.666667,9,False,1,1
987,0x2e98bc,1.000000,12,True,0,0
988,0xdc9c71,0.666667,13,False,1,1
989,0xffa625,0.000000,15,False,1,3
990,0x23d26a,0.000000,11,False,1,3
991,0xafc454,1.000000,12,True,0,0
992,0x3492a4,0.666667,9,False,1,1
993,0x5cb748,1.000000,12,True,0,0
994,0x334a3e,1.000000,12,True,0,0
995,0xbbf797,0.333333,18,False,2,2
996,0x13db68,1.000000,12,True,0,0
997,0xdfb232,0.333333,14,False,2,2
998,0x95c636,1.000000,12,True,0,0
999,0xb5ed1d,0.000000,15,False,1,3
1000,0xdb575,0.666667,13,False,1,1
1001,0x465faf,0.000000,15,False,1,3
1002,0x1b695b,0.666667,13,False,1,1
1003,0x277730,1.000000,12,True,0,0
1004,0x44006e,0.000000,7,False,1,3
1005,0xb70259,0.000000,11,False,1,3
1006,0x26cffd,1.000000,16,True,0,0
1007,0xff8492,0.666667,13,False,1,1
1008,0x794f91,0.666667,13,False,1,1
1009,0x3fc06c,1.000000,12,True,0,0
1010,0xee5c95,0.333333,14,False,2,2
1011,0x92273c,0.000000,11,False,1,3
1012,0x567392,1.000000,12,True,0,0
1013,0xf910d2,0.000000,11,False,1,3
1014,0xe5ad54,0.666667,13,False,1,1
1015,0xcf1b23,0.666667,13,False,1,1
1016,0x2499bf,0.666667,13,False,1,1
1017,0x3dc7,0.333333,10,False,2,2
1018,0x4cc54f,1.000000,12,True,0,0
1019,0x52a698,0.333333,10,False,2,2
1020,0x321bc7,1.000000,12,True,0,0
1021,0x801320,0.666667,5,False,3,1
1022,0xe79c4a,0.666667,13,False,1,1
1023,0xe6b10e,1.000000,12,True,0,0
1024,0xe480fd,1.000000,12,True,0,0
1025,0x588eeb,0.666667,13,False,1,1
1026,0x5d38e0,0.000000,11,False,1,3
1027,0x72fb08,1.000000,12,True,0,0
1028,0x93530,1.000000,8,True,0,0
1029,0xa4f779,0.000000,15,False,1,3
1030,0x87e2a0,0.333333,10,False,2,2
1031,0x81799f,0.666667,13,False,1,1
1032,0x47725,0.333333,10,False,2,2
1033,0xe9450a,0.333333,10,False,2,2
1034,0xd7e84,0.000000,11,False,1,3
1035,0x82b909,0.666667,9,False,1,1
1036,0x3062bc,0.333333,10,False,2,2
1037,0xd2eee4,0.333333,14,False,2,2
1038,0x5ee689,0.666667,13,False,1,1
1039,0xd0e3ca,1.000000,12,True,0,0
1040,0x43ef1d,0.333333,14,False,2,2
1041,0xf972e5,0.000000,15,False,1,3
1042,0x33bd72,0.333333,14,False,2,2
1043,0x926156,0.333333,10,False,2,2
1044,0x50bcde,0.666667,13,False,1,1
1045,0x9842a0,0.000000,7,False,1,3
1046,0x26d655,1.000000,12,True,0,0
1047,0x4faf34,0.333333,14,False,2,2
1048,0x7b8e75,0.000000,15,False,1,3
1049,0xe767e4,0.000000,15,False,1,3
1050,0x6997d7,0.000000,15,False,1,3
1051,0x6af212,0.000000,11,False,1,3
1052,0xeadda3,0.000000,15,False,1,3
1053,0xe310b5,0.000000,11,False,1,3
1054,0x74fc6d,0.000000,15,False,1,3
1055,0x8b6144,0.666667,9,False,1,1
1056,0x1c0907,1.000000,8,True,0,0
1057,0x23c37d,0.666667,13,False,1,1
1058,0x38f8f,1.000000,12,True,0,0
1059,0x89fac4,1.000000,12,True,0,0
1060,0xb56d00,0.333333,10,False,2,2
1061,0xe3794d,0.333333,14,False,2,2
1062,0x3b197d,0.333333,14,False,2,2
1063,0xd33601,0.333333,10,False,2,2
1064,0x4e096,1.000000,8,True,0,0
1065,0xc44b13,0.333333,10,False,2,2
1066,0xa99b89,1.000000,12,True,0,0
1067,0x97feec,0.666667,17,False,1,1
1068,0xf41a70,0.000000,11,False,1,3
1069,0x76940d,0.000000,11,False,1,3
1070,0x503506,1.000000,8,True,0,0
1071,0xf96bf,0.000000,15,False,1,3
1072,0x5fa170,1.000000,12,True,0,0
1073,0xc87075,0.000000,11,False,1,3
1074,0xe55e3,1.000000,12,True,0,0
1075,0xd943fb,0.000000,15,False,1,3
1076,0x4be636,0.666667,13,False,1,1
1077,0xe4374d,0.666667,13,False,1,1
1078,0x697903,0.000000,11,False,1,3
1079,0x58223b,0.333333,10,False,2,2
1080,0xbf7a26,0.000000,15,False,1,3
1081,0xef953,0.666667,13,False,1,1
1082,0x820631,0.000000,7,False,1,3
1083,0xed6a00,0.333333,10,False,2,2
1084,0xec661f,0.333333,14,False,2,2
1085,0x8413dd,0.000000,11,False,1,3
1086,0x5cad1e,0.666667,13,False,1,1
1087,0x5e14e2,0.000000,11,False,1,3
1088,0xa4b1d6,1.000000,12,True,0,0
1089,0xc19dfd,0.000000,15,False,1,3
1090,0x43da16,0.000000,11,False,1,3
1091,0xa3cfde,1.000000,16,True,0,0
1092,0x295f42,0.000000,11,False,1,3
1093,0xb14bfb,0.000000,15,False,1,3
1094,0x87cd70,1.000000,12,True,0,0
1095,0x271a8e,0.000000,11,False,1,3
1096,0x4ec0c5,0.333333,10,False,2,2
1097,0xc1435d,0.000000,11,False,1,3
1098,0xe2f6f9,1.000000,16,True,0,0
1099,0xc36c3e,0.666667,13,False,1,1
1100,0xfa796c,0.000000,15,False,1,3
1101,0x397bf2,0.000000,15,False,1,3
1102,0xd7951,0.000000,11,False,1,3
1103,0x34ff48,0.666667,13,False,1,1
1104,0xc1c484,1.000000,8,True,0,0
1105,0x381f58,0.000000,11,False,1,3
1106,0x3864ae,0.000000,11,False,1,3
1107,0x2e3bd1,0.666667,13,False,1,1
1108,0x63880d,0.666667,9,False,1,1
1109,0x3b546b,0.666667,13,False,1,1
1110,0xd99d1d,0.333333,14,False,2,2
1111,0x515cee,0.666667,13,False,1,1
1112,0xa2b2c1,0.333333,10,False,2,2
1113,0x7da043,0.000000,11,False,1,3
1114,0xcbc45d,0.666667,13,False,1,1
1115,0x4b931c,0.000000,11,False,1,3
1116,0xf0a497,1.000000,12,True,0,0
1117,0x40f35b,1.000000,12,True,0,0
1118,0xabe5a,1.000000,12,True,0,0
1119,0x93e316,1.000000,12,True,0,0
1120,0x56d205,0.333333,10,False,2,2
1121,0x2780bc,0.333333,10,False,2,2
1122,0x86ed9e,0.333333,14,False,2,2
1123,0xe500b4,0.666667,9,False,1,1
1124,0x423e2,1.000000,8,True,0,0
1125,0xadcd98,0.666667,13,False,1,1
1126,0x4cdaa7,0.666667,13,False,1,1
1127,0xb191b8,0.000000,11,False,1,3
1128,0x91813d,0.333333,10,False,2,2
1129,0x1fc581,0.000000,11,False,1,3
1130,0x664b4f,0.666667,13,False,1,1
1131,0xa3f45b,0.333333,14,False,2,2
1132,0x51bcad,0.666667,13,False,1,1
1133,0x5ad487,1.000000,12,True,0,0
1134,0xbbd702,0.666667,13,False,1,1
1135,0x10c284,0.333333,6,False,2,2
1136,0x526d17,1.000000,12,True,0,0
1137,0xf1806c,0.333333,10,False,2,2
1138,0x83b8c7,1.000000,12,True,0,0
1139,0x77a1c1,1.000000,12,True,0,0
1140,0xdd5dd6,1.000000,16,True,0,0
1141,0x88de75,0.666667,13,False,1,1
1142,0x909033,1.000000,8,True,0,0
1143,0x5fbf4,0.333333,14,False,2,2
1144,0xbd24ac,1.000000,12,True,0,0
1145,0xf8d905,1.000000,12,True,0,0
1146,0x8e1e31,0.000000,11,False,1,3
1147,0x866455,0.333333,10,False,2,2
1148,0xf739eb,0.666667,17,False,1,1
1149,0x21e01d,0.666667,9,False,1,1
1150,0xa9cc1d,1.000000,12,True,0,0
1151,0x5e3c44,0.000000,11,False,1,3
1152,0xc17d9f,0.000000,15,False,1,3
1153,0xac8b6a,1.000000,12,True,0,0
1154,0xaa9b1f,0.333333,14,False,2,2
1155,0xea5ece,0.000000,15,False,1,3
1156,0x92eb7a,0.333333,14,False,2,2
1157,0x89a463,0.333333,10,False,2,2
1158,0x26a3f,0.000000,11,False,1,3
1159,0x831513,0.666667,9,False,1,1
1160,0xd99eec,0.000000,15,False,1,3
1161,0xa4193f,1.000000,12,True,0,0
1162,0x4a3423,0.666667,9,False,1,1
1163,0xd88a84,0.666667,9,False,1,1
1164,0xd272a3,1.000000,12,True,0,0
1165,0x453218,1.000000,8,True,0,0
1166,0x82bd17,1.000000,12,True,0,0
1167,0x497304,0.666667,9,False,1,1
1168,0x814b52,0.666667,9,False,1,1
1169,0x145cce,0.000000,11,False,1,3
1170,0xe233f0,1.000000,12,True,0,0
1171,0x6b8141,0.666667,9,False,1,1
1172,0x8d1ae0,0.333333,10,False,2,2
1173,0xaf2181,0.333333,10,False,2,2
1174,0xca3b14,0.000000,11,False,1,3
1175,0x46cae9,1.000000,12,True,0,0
1176,0xea949c,1.000000,12,True,0,0
1177,0x42e4b1,0.333333,10,False,2,2
1178,0x790d05,0.333333,10,False,2,2
1179,0x70df34,0.666667,13,False,1,1
1180,0xa33864,0.333333,10,False,2,2
1181,0x7c6f23,0.333333,14,False,2,2
1182,0x67d829,1.000000,12,True,0,0
1183,0x9e1df2,0.333333,14,False,2,2
1184,0xeaef26,0.000000,15,False,1,3
1185,0x119ca7,0.000000,11,False,1,3
1186,0x9d282c,0.333333,10,False,2,2
1187,0x591be0,0.000000,11,False,1,3
1188,0xb4dbdd,1.000000,16,True,0,0
1189,0x78a45b,1.000000,12,True,0,0
1190,0x96280e,0.666667,9,False,1,1
1191,0x8e544b,0.000000,11,False,1,3
1192,0x231a70,0.666667,9,False,1,1
1193,0xbe16a8,1.000000,12,True,0,0
1194,0xa61747,1.000000,12,True,0,0
1195,0xe882c3,0.333333,10,False,2,2
1196,0x312614,1.000000,8,True,0,0
1197,0xbb905b,0.666667,13,False,1,1
1198,0xe61727,0.666667,13,False,1,1
1199,0xd3cd36,0.333333,14,False,2,2
1200,0xff90f2,0.000000,15,False,1,3
1201,0x7ac514,0.000000,11,False,1,3
1202,0xd8cef6,0.000000,15,False,1,3
1203,0x2bb119,0.000000,11,False,1,3
1204,0xc0cd35,0.000000,11,False,1,3
1205,0xf1c265,1.000000,12,True,0,0
1206,0xb23829,0.333333,10,False,2,2
1207,0x18740,0.333333,6,False,2,2
1208,0xee0866,0.000000,11,False,1,3
1209,0x85c3b0,0.333333,10,False,2,2
1210,0xcc05e6,0.000000,11,False,1,3
1211,0x187738,0.000000,11,False,1,3
1212,0xe68094,0.666667,9,False,1,1
1213,0x9bf49e,0.000000,15,False,1,3
1214,0xb92305,0.333333,10,False,2,2
1215,0x4161a,0.000000,7,False,1,3
1216,0xf472ef,1.000000,16,True,0,0
1217,0xa93d27,0.666667,13,False,1,1
1218,0x37e990,1.000000,12,True,0,0
1219,0x1eccc7,0.666667,13,False,1,1
1220,0x488482,0.333333,6,False,2,2
1221,0x4c7a85,0.000000,11,False,1,3
1222,0xb75d7f,0.333333,18,False,2,2
1223,0xd1a0ad,0.000000,11,False,1,3
1224,0x487835,0.333333,10,False,2,2
1225,0xcb0b35,1.000000,12,True,0,0
1226,0x9ae295,1.000000,12,True,0,0
1227,0xcd27f0,0.666667,13,False,1,1
1228,0x1469f9,1.000000,12,True,0,0
1229,0x5fe17a,0.000000,15,False,1,3
1230,0x53cf2c,0.666667,13,False,1,1
1231,0xf9ea95,0.000000,15,False,1,3
1232,0x554d75,0.666667,13,False,1,1
1233,0x406306,0.000000,7,False,1,3
1234,0xb96761,0.666667,13,False,1,1
1235,0x77e04a,1.000000,12,True,0,0
1236,0x3ff80,0.000000,11,False,1,3
1237,0x2ee231,0.000000,11,False,1,3
1238,0x1bf1d7,0.000000,15,False,1,3
1239,0x5a5052,0.666667,9,False,1,1
1240,0xf2e983,0.666667,13,False,1,1
1241,0x852727,0.000000,11,False,1,3
1242,0x83088b,1.000000,8,True,0,0
1243,0x23335b,1.000000,12,True,0,0
1244,0xfad95a,0.000000,15,False,1,3
1245,0x7bdb8b,1.000000,16,True,0,0
1246,0x9fff89,0.666667,17,False,1,1
1247,0x2ffc06,0.666667,13,False,1,1
1248,0x4b29dd,0.666667,13,False,1,1
1249,0xd19c8a,0.000000,11,False,1,3
1250,0xe553f9,0.000000,15,False,1,3
1251,0x3f97bd,0.666667,17,False,1,1
1252,0x95abbb,0.000000,15,False,1,3
1253,0x354624,0.666667,9,False,1,1
1254,0xc797f4,0.000000,15,False,1,3
1255,0xc3c2f3,0.666667,13,False,1,1
1256,0x5e5631,1.000000,12,True,0,0
1257,0xcbd9a3,0.333333,14,False,2,2
1258,0x26d26c,0.000000,11,False,1,3
1259,0x5eaa6a,0.666667,13,False,1,1
1260,0x547b5,0.000000,11,False,1,3
1261,0x2444ac,1.000000,8,True,0,0
1262,0x4fa29d,0.666667,13,False,1,1
1263,0xa820c4,0.000000,7,False,1,3
1264,0x876209,0.666667,9,False,1,1
1265,0x8cd1ac,0.000000,11,False,1,3
1266,0xf6ab70,0.333333,14,False,2,2
1267,0x1990f3,0.000000,11,False,1,3
1268,0x129ecc,0.000000,11,False,1,3
1269,0x61274c,0.333333,10,False,2,2
1270,0x5251c1,0.666667,9,False,1,1
1271,0xae56c3,0.666667,13,False,1,1
1272,0x439ceb,0.666667,13,False,1,1
1273,0x8a1373,0.000000,11,False,1,3
1274,0x1c7c0e,0.000000,11,False,1,3
1275,0x5a891,1.000000,8,True,0,0
1276,0x853c59,0.000000,11,False,1,3
1277,0x66ccf6,0.333333,14,False,2,2
1278,0x69c462,0.333333,10,False,2,2
1279,0xfc1f4b,0.000000,15,False,1,3
1280,0x519ce7,0.666667,13,False,1,1
1281,0xce1cec,0.666667,13,False,1,1
1282,0x9a15a3,0.000000,11,False,1,3
1283,0xd61d5c,0.666667,13,False,1,1
1284,0xe4856,0.666667,9,False,1,1
1285,0x1a10c3,1.000000,8,True,0,0
1286,0xeb2f8d,0.000000,15,False,1,3
1287,0x32c7f5,0.333333,14,False,2,2
1288,0x28d3b6,1.000000,12,True,0,0
1289,0x1d2d61,0.000000,11,False,1,3
1290,0x67dce8,0.333333,14,False,2,2
1291,0x5a2a43,0.333333,10,False,2,2
1292,0xec84d3,1.000000,12,True,0,0
1293,0x334f20,0.333333,10,False,2,2
1294,0xc091fb,1.000000,12,True,0,0
1295,0x1bc63a,1.000000,12,True,0,0
1296,0xfe4c65,0.333333,14,False,2,2
1297,0xcfe783,0.000000,15,False,1,3
1298,0xa4c21,0.000000,7,False,1,3
1299,0x86b354,0.000000,11,False,1,3
1300,0x661274,0.333333,10,False,2,2
1301,0x84557c,0.000000,11,False,1,3
1302,0xfc2e24,1.000000,12,True,0,0
1303,0xdfac1,1.000000,12,True,0,0
1304,0x911fc,0.333333,10,False,2,2
1305,0xfbbb13,1.000000,16,True,0,0
1306,0x583e65,1.000000,12,True,0,0
1307,0xca354a,0.000000,11,False,1,3
1308,0xaed286,1.000000,12,True,0,0
1309,0x1b8575,1.000000,12,True,0,0
1310,0x9b3ec1,0.666667,13,False,1,1
1311,0x9c7060,0.666667,9,False,1,1
1312,0x4672f3,0.666667,13,False,1,1
1313,0x727089,0.333333,10,False,2,2
1314,0x99af34,0.666667,13,False,1,1
1315,0x59389d,1.000000,12,True,0,0
1316,0xbd68df,1.000000,16,True,0,0
1317,0xffac9e,0.666667,17,False,1,1
1318,0xa8c474,0.333333,10,False,2,2
1319,0xeddae,0.333333,14,False,2,2
1320,0x23d3b5,0.666667,13,False,1,1
1321,0xf3f699,1.000000,16,True,0,0
1322,0x55a9e9,0.666667,13,False,1,1
1323,0xde0feb,1.000000,16,True,0,0
1324,0x23ef5c,0.333333,14,False,2,2
1325,0xc07107,0.666667,9,False,1,1
1326,0xb32f50,1.000000,12,True,0,0
1327,0x501d9f,1.000000,12,True,0,0
1328,0x92b81b,0.000000,11,False,1,3
1329,0xb3adfb,0.666667,17,False,1,1
1330,0x86d03c,0.333333,10,False,2,2
1331,0x4d120b,0.666667,9,False,1,1
1332,0x2d250f,0.000000,11,False,1,3
1333,0x3e2a78,1.000000,12,True,0,0
1334,0x75fb80,0.666667,13,False,1,1
1335,0x5d7668,0.666667,13,False,1,1
1336,0xfdbf8a,0.666667,17,False,1,1
1337,0xaaf7b2,0.000000,15,False,1,3
1338,0xebe079,0.333333,14,False,2,2
1339,0x852752,0.333333,10,False,2,2
1340,0x347977,0.333333,14,False,2,2
1341,0xaa49ef,0.333333,14,False,2,2
1342,0xe74ab8,0.666667,13,False,1,1
1343,0x6d2ae1,1.000000,12,True,0,0
1344,0xc691c4,0.333333,10,False,2,2
1345,0xe292f6,0.666667,13,False,1,1
1346,0xdd288a,0.000000,11,False,1,3
1347,0xff56b,0.000000,15,False,1,3
1348,0x409359,0.666667,9,False,1,1
1349,0x39bdac,0.333333,14,False,2,2
1350,0x85fe94,0.666667,13,False,1,1
1351,0x281890,0.333333,6,False,2,2
1352,0x42f2aa,0.000000,11,False,1,3
1353,0x6c11df,0.666667,13,False,1,1
1354,0x5884be,0.000000,11,False,1,3
1355,0x53b31f,0.333333,14,False,2,2
1356,0xeff372,0.666667,17,False,1,1
1357,0x991bf5,0.333333,14,False,2,2
1358,0xa495bf,0.333333,14,False,2,2
1359,0x127dff,1.000000,16,True,0,0
1360,0x715ae0,0.000000,11,False,1,3
1361,0xa1f5e8,0.666667,13,False,1,1
1362,0x4a6aad,1.000000,12,True,0,0
1363,0x761fe8,0.333333,14,False,2,2
1364,0x56d0f4,1.000000,12,True,0,0
1365,0x27d579,0.333333,14,False,2,2
1366,0x82a018,0.333333,6,False,2,2
1367,0x55e9e0,1.000000,12,True,0,0
1368,0x907bbc,0.666667,13,False,1,1
1369,0xb6e5b5,0.000000,15,False,1,3
1370,0xa8531c,0.333333,10,False,2,2
1371,0xfa0b96,0.666667,13,False,1,1
1372,0xcd40f3,1.000000,12,True,0,0
1373,0x9b9d7c,0.000000,15,False,1,3
1374,0xd45b94,1.000000,12,True,0,0
1375,0xe21946,0.333333,10,False,2,2
1376,0x4aec7f,0.000000,15,False,1,3
1377,0x167d5e,0.333333,14,False,2,2
1378,0x90d4bf,0.666667,13,False,1,1
1379,0x300629,0.000000,7,False,1,3
1380,0xeb3364,0.666667,13,False,1,1
1381,0x29e9c3,1.000000,12,True,0,0
1382,0xe36147,1.000000,12,True,0,0
1383,0xfcc87,1.000000,12,True,0,0
1384,0xcbdf1,0.666667,13,False,1,1
1385,0x9896c6,0.000000,11,False,1,3
1386,0x228378,0.666667,9,False,1,1
1387,0xdc5ebf,0.666667,17,False,1,1
1388,0x5767bd,1.000000,16,True,0,0
1389,0x688b54,0.333333,10,False,2,2
1390,0x84518f,0.333333,10,False,2,2
1391,0xc8f119,0.000000,11,False,1,3
1392,0x326f22,0.000000,11,False,1,3
1393,0xa650e7,1.000000,12,True,0,0
1394,0x41cd07,0.333333,10,False,2,2
1395,0xd09d3a,1.000000,12,True,0,0
1396,0xf00804,0.333333,6,False,2,2
1397,0x351a4c,0.333333,10,False,2,2
1398,0xb699b7,0.000000,15,False,1,3
1399,0x4fa887,1.000000,12,True,0,0
1400,0xb8b84b,1.000000,12,True,0,0
1401,0x2fc7de,1.000000,16,True,0,0
1402,0xbc04f5,1.000000,12,True,0,0
1403,0x2d2c0c,0.666667,9,False,1,1
1404,0x3761b2,1.000000,12,True,0,0
1405,0x8c716d,1.000000,12,True,0,0
1406,0x239952,0.333333,10,False,2,2
1407,0x740621,1.000000,8,True,0,0
1408,0x4445f6,0.000000,11,False,1,3
1409,0xa422b4,0.666667,9,False,1,1
1410,0x8c481c,1.000000,8,True,0,0
1411,0xb164f,0.000000,11,False,1,3
1412,0x8b97b0,1.000000,12,True,0,0
1413,0xccee02,0.000000,11,False,1,3
1414,0xc38b55,1.000000,12,True,0,0
1415,0xc15bde,0.333333,14,False,2,2
1416,0xc4cda8,0.000000,11,False,1,3
1417,0x327091,0.666667,9,False,1,1
1418,0x95b8b1,1.000000,12,True,0,0
1419,0x1bd9ac,0.666667,13,False,1,1
1420,0xce5842,0.333333,10,False,2,2
1421,0x75a926,1.000000,12,True,0,0
1422,0xab20d3,0.000000,11,False,1,3
1423,0xfac064,0.000000,11,False,1,3
1424,0xbe774b,1.000000,16,True,0,0
1425,0xc889b4,0.333333,10,False,2,2
1426,0xde72ff,0.333333,18,False,2,2
1427,0x9362a4,0.333333,10,False,2,2
1428,0x87d6e4,0.666667,13,False,1,1
1429,0x52d986,0.000000,11,False,1,3
1430,0xfb2c06,1.000000,12,True,0,0
1431,0xce0081,0.000000,7,False,1,3
1432,0x49fbfc,1.000000,16,True,0,0
1433,0x82714b,0.333333,10,False,2,2
1434,0x208dcb,0.333333,10,False,2,2
1435,0xac24af,1.000000,12,True,0,0
1436,0xae8cb,0.000000,11,False,1,3
1437,0x30c727,0.000000,11,False,1,3
1438,0xa37f56,0.000000,15,False,1,3
1439,0x6e7c4a,0.666667,13,False,1,1
1440,0xf29be2,0.333333,14,False,2,2
1441,0xd91e7e,0.000000,15,False,1,3
1442,0x3aa539,1.000000,12,True,0,0
1443,0x653876,1.000000,12,True,0,0
1444,0xb53f4f,1.000000,16,True,0,0
1445,0x7cfd73,0.666667,17,False,1,1
1446,0x9c4eb9,0.666667,13,False,1,1
1447,0x5b5616,1.000000,12,True,0,0
1448,0xc8d79f,0.000000,15,False,1,3
1449,0x585e82,0.333333,10,False,2,2
1450,0xe8201b,0.666667,9,False,1,1
1451,0x6ed971,0.333333,14,False,2,2
1452,0xcfea10,1.000000,12,True,0,0
1453,0xbd5003,0.333333,10,False,2,2
1454,0xa03b6b,1.000000,12,True,0,0
1455,0xb307a9,1.000000,12,True,0,0
1456,0x1bd8c1,0.000000,11,False,1,3
1457,0xe242b9,0.000000,11,False,1,3
1458,0xebbfe4,0.666667,17,False,1,1
1459,0x158000,1.000000,4,False,4,0
1460,0x50aa18,1.000000,8,True,0,0
1461,0x5e7641,1.000000,12,True,0,0
1462,0xd1bbff,0.333333,18,False,2,2
1463,0xb282e4,0.333333,10,False,2,2
1464,0xa059ca,0.333333,10,False,2,2
1465,0xaf4efb,0.666667,17,False,1,1
1466,0x7586ab,0.666667,13,False,1,1
1467,0x7b1a6f,0.000000,15,False,1,3
1468,0x8e8640,1.000000,8,True,0,0
1469,0x33a9ad,0.666667,13,False,1,1
1470,0x71f061,0.000000,11,False,1,3
1471,0x173cd5,0.666667,13,False,1,1
1472,0x16b1d6,1.000000,12,True,0,0
1473,0x801fc6,0.333333,10,False,2,2
1474,0x6ce7d0,0.666667,13,False,1,1
1475,0xcf6b1a,0.333333,14,False,2,2
1476,0x7fb956,1.000000,16,True,0,0
1477,0x2da3c2,0.000000,11,False,1,3
1478,0x8ff2a4,0.666667,13,False,1,1
1479,0x4ec488,0.666667,9,False,1,1
1480,0x2f46b3,0.666667,13,False,1,1
1481,0xed9219,1.000000,12,True,0,0
1482,0x1b256e,1.000000,12,True,0,0
1483,0xc85acb,1.000000,12,True,0,0
1484,0x786c7b,0.333333,14,False,2,2
1485,0xe2b194,0.000000,11,False,1,3
1486,0x8da8e3,1.000000,12,True,0,0
1487,0xc79b8,0.000000,11,False,1,3
1488,0xf96fa0,0.333333,14,False,2,2
1489,0x316ef7,0.000000,15,False,1,3
1490,0xba76b9,0.000000,15,False,1,3
1491,0x2daff7,0.666667,17,False,1,1
1492,0xf32e0e,0.666667,13,False,1,1
1493,0x59439e,1.000000,12,True,0,0
1494,0x14649a,0.666667,9,False,1,1
1495,0xe91d27,0.666667,13,False,1,1
1496,0xf7b9aa,1.000000,16,True,0,0
1497,0x71b9eb,0.000000,15,False,1,3
1498,0x3946b9,1.000000,12,True,0,0
1499,0xd209a1,0.666667,9,False,1,1
1500,0xb20083,0.000000,7,False,1,3
1501,0x40de13,0.333333,10,False,2,2
1502,0x909229,1.000000,8,True,0,0
1503,0xbf1fce,0.666667,17,False,1,1
1504,0x2c7d91,1.000000,12,True,0,0
1505,0x8463fd,0.666667,13,False,1,1
1506,0x26dc51,0.000000,11,False,1,3
1507,0xdc79e,0.666667,13,False,1,1
1508,0x1a1a78,0.333333,10,False,2,2
1509,0x3eea9,1.000000,12,True,0,0
1510,0x4e7af2,0.333333,14,False,2,2
1511,0xb24ebd,0.333333,14,False,2,2
1512,0xbba11c,1.000000,12,True,0,0
1513,0xc32061,1.000000,8,True,0,0
1514,0x383e86,0.000000,11,False,1,3
1515,0xf4925d,0.666667,13,False,1,1
1516,0x35ba0,0.666667,9,False,1,1
1517,0x2d9131,0.333333,10,False,2,2
1518,0x2c7ca0,0.333333,10,False,2,2
1519,0x23d3cf,0.333333,14,False,2,2
1520,0xee00,0.333333,6,False,2,2
1521,0xda9ef9,1.000000,16,True,0,0
1522,0x78bbb3,0.000000,15,False,1,3
1523,0x8dbc03,0.000000,11,False,1,3
1524,0x521f0f,1.000000,12,True,0,0
1525,0xe4eeda,0.000000,15,False,1,3
1526,0x940e4b,0.333333,10,False,2,2
1527,0xbe6b35,0.000000,15,False,1,3
1528,0x2b004c,0.000000,7,False,1,3
1529,0x240460,0.666667,5,False,3,1
1530,0xcc5242,0.666667,9,False,1,1
1531,0xe067a,0.333333,10,False,2,2
1532,0xbd964e,0.333333,14,False,2,2
1533,0x4bf8a1,1.000000,12,True,0,0
1534,0x3b3106,0.333333,10,False,2,2
1535,0xb7381c,1.000000,12,True,0,0
1536,0xfa5293,0.666667,13,False,1,1
1537,0x4e0de6,1.000000,12,True,0,0
1538,0x3071ea,0.000000,11,False,1,3
1539,0x16a0f5,0.000000,11,False,1,3
1540,0xd0f10c,0.333333,10,False,2,2
1541,0x9e9d0d,0.666667,13,False,1,1
1542,0x1c13ba,0.000000,11,False,1,3
1543,0x687f9a,0.333333,14,False,2,2
1544,0xbedd1d,1.000000,16,True,0,0
1545,0x936d2,0.333333,10,False,2,2
1546,0x4bdf93,0.000000,15,False,1,3
1547,0xaeddba,1.000000,16,True,0,0
1548,0x47eb3d,0.000000,15,False,1,3
1549,0x9e5f69,0.000000,15,False,1,3
1550,0x4cafa1,1.000000,12,True,0,0
1551,0xe6dc0d,0.666667,13,False,1,1
1552,0x1374c1,0.333333,10,False,2,2
1553,0xa481b1,0.666667,9,False,1,1
1554,0xfbc06a,0.666667,13,False,1,1
1555,0x99f3bb,1.000000,16,True,0,0
1556,0x68f275,0.666667,13,False,1,1
1557,0x9ac431,0.333333,10,False,2,2
1558,0x49bc85,0.000000,11,False,1,3
1559,0xccf6d8,0.333333,14,False,2,2
1560,0xb4f0ba,0.666667,13,False,1,1
1561,0xc6e476,0.666667,13,False,1,1
1562,0xfe2679,0.000000,15,False,1,3
1563,0xbba6ff,0.333333,18,False,2,2
1564,0xf6cfe,0.000000,15,False,1,3
1565,0xa022c2,0.000000,7,False,1,3
1566,0x93fbe7,0.666667,17,False,1,1
1567,0xf60b3,0.000000,11,False,1,3
1568,0x2c8050,0.333333,6,False,2,2
1569,0x427c97,1.000000,12,True,0,0
1570,0x562779,0.666667,13,False,1,1
1571,0x461215,1.000000,8,True,0,0
1572,0x8c1023,0.000000,7,False,1,3
1573,0x691d3a,1.000000,12,True,0,0
1574,0xba4c5f,0.333333,14,False,2,2
1575,0x60265f,0.000000,11,False,1,3
1576,0x449299,0.666667,9,False,1,1
1577,0x930528,1.000000,8,True,0,0
1578,0x2fb6ed,1.000000,16,True,0,0
1579,0x387a78,1.000000,12,True,0,0
1580,0xc3003e,0.666667,9,False,1,1
1581,0xe33b4e,0.333333,14,False,2,2
1582,0x11bd3b,0.666667,13,False,1,1
1583,0x17ab89,1.000000,12,True,0,0
1584,0xce9250,0.333333,10,False,2,2
1585,0x5c294d,0.000000,11,False,1,3
1586,0x6cbcbb,0.000000,15,False,1,3
1587,0x1d0be6,1.000000,12,True,0,0
1588,0x336991,0.000000,11,False,1,3
1589,0xb02570,0.666667,9,False,1,1
1590,0xd32763,0.666667,13,False,1,1
1591,0x7ba1a3,0.666667,13,False,1,1
1592,0x7a6d33,0.333333,14,False,2,2
1593,0x40f00f,0.666667,9,False,1,1
1594,0x7b6226,1.000000,12,True,0,0
1595,0xc8d3ba,0.666667,13,False,1,1
1596,0xa66833,0.000000,11,False,1,3
1597,0xf28341,0.333333,10,False,2,2
1598,0x93c9a2,0.000000,11,False,1,3
1599,0x9c6528,0.333333,10,False,2,2
1600,0x401906,0.333333,6,False,2,2
1601,0x4f4fcd,0.000000,15,False,1,3
1602,0x423d3f,0.666667,13,False,1,1
1603,0x2c9c72,0.000000,11,False,1,3
1604,0x536600,1.000000,8,True,0,0
1605,0xa64a79,1.000000,12,True,0,0
1606,0x759dd9,0.000000,15,False,1,3
1607,0xee57c7,1.000000,16,True,0,0
1608,0xac1b7b,0.333333,14,False,2,2
1609,0xcc5e96,0.666667,13,False,1,1
1610,0x41ea9,0.666667,9,False,1,1
1611,0xd5a403,0.333333,10,False,2,2
1612,0x7edbd5,0.666667,17,False,1,1
1613,0x8b31d5,1.000000,12,True,0,0
1614,0x282d24,1.000000,8,True,0,0
1615,0x4a217,1.000000,8,True,0,0
1616,0x115984,1.000000,8,True,0,0
1617,0x270d53,0.000000,11,False,1,3
1618,0xa5d8f4,0.666667,13,False,1,1
1619,0xad86f1,0.666667,13,False,1,1
1620,0xa33d5,0.000000,11,False,1,3
1621,0xaa5150,0.666667,9,False,1,1
1622,0xa8c2ab,0.000000,11,False,1,3
1623,0xa46d12,0.333333,10,False,2,2
1624,0xc537ff,0.666667,17,False,1,1
1625,0x11d827,0.333333,10,False,2,2
1626,0xa9089e,0.333333,10,False,2,2
1627,0x6753e8,0.666667,13,False,1,1
1628,0xa90c06,1.000000,8,True,0,0
1629,0x4ae5b9,0.666667,13,False,1,1
1630,0x6764e6,0.666667,13,False,1,1
1631,0xbd05d3,0.666667,13,False,1,1
1632,0x34b70,0.666667,9,False,1,1
1633,0x478316,0.333333,10,False,2,2
1634,0x743466,0.000000,11,False,1,3
1635,0xb1d466,1.000000,12,True,0,0
1636,0xb7876d,0.000000,15,False,1,3
1637,0xaeeaa6,0.333333,14,False,2,2
1638,0x776e,0.000000,11,False,1,3
1639,0xc230be,0.000000,11,False,1,3
1640,0x4f3661,1.000000,12,True,0,0
1641,0x5ce664,1.000000,12,True,0,0
1642,0x8f25f7,0.000000,15,False,1,3
1643,0xefa546,0.333333,14,False,2,2
1644,0xda2003,1.000000,8,True,0,0
1645,0x9fad77,0.666667,17,False,1,1
1646,0x9acefe,1.000000,16,True,0,0
1647,0x124fe7,0.666667,13,False,1,1
1648,0xa75070,0.333333,10,False,2,2
1649,0xe98dd7,0.000000,15,False,1,3
1650,0xc1ba7e,0.333333,14,False,2,2
1651,0x3fccef,0.666667,17,False,1,1
1652,0xa27fb1,0.333333,14,False,2,2
1653,0xe3e300,0.333333,10,False,2,2
1654,0x860e7,0.666667,9,False,1,1
1655,0x619d85,0.000000,11,False,1,3
1656,0xfe0d5e,0.000000,15,False,1,3
1657,0xac1f8e,0.666667,13,False,1,1
1658,0x86d6e,0.000000,11,False,1,3
1659,0x1d899e,1.000000,12,True,0,0
1660,0xbcf3a4,0.333333,14,False,2,2
1661,0x92ccd3,1.000000,12,True,0,0
1662,0x8717d8,1.000000,12,True,0,0
1663,0xb9cf43,0.333333,14,False,2,2
1664,0xa61b1e,1.000000,12,True,0,0
1665,0x5a1b28,0.333333,10,False,2,2
1666,0x691f99,0.666667,13,False,1,1
1667,0xfbb741,0.000000,15,False,1,3
1668,0xc351da,1.000000,12,True,0,0
1669,0x3866dc,1.000000,12,True,0,0
1670,0xa963d9,0.666667,13,False,1,1
1671,0x7f18c4,1.000000,12,True,0,0
1672,0xbe9446,1.000000,12,True,0,0
1673,0x90ad06,0.666667,9,False,1,1
1674,0x8f2033,0.333333,10,False,2,2
1675,0x727ccc,0.666667,13,False,1,1
1676,0x43e211,0.666667,9,False,1,1
1677,0x8d4711,0.333333,10,False,2,2
1678,0xc08947,0.666667,9,False,1,1
1679,0x4e42f3,1.000000,12,True,0,0
1680,0x19a8ec,0.000000,11,False,1,3
1681,0x6ec297,0.666667,13,False,1,1
1682,0xa07ed1,1.000000,12,True,0,0
1683,0xb84066,0.666667,9,False,1,1
1684,0x3e1b0,0.666667,9,False,1,1
1685,0x57213,0.666667,9,False,1,1
1686,0x8408d6,1.000000,8,True,0,0
1687,0xf6a20b,1.000000,12,True,0,0
1688,0xb148c8,0.666667,9,False,1,1
1689,0x50abc4,0.333333,10,False,2,2
1690,0x864eb3,1.000000,12,True,0,0
1691,0x382265,0.666667,9,False,1,1
1692,0x9ddc95,0.333333,14,False,2,2
1693,0x42e4dd,1.000000,12,True,0,0
1694,0x3c013e,0.333333,10,False,2,2
1695,0x588c4,0.000000,7,False,1,3
1696,0x9b39b4,0.666667,13,False,1,1
1697,0xc5146e,0.000000,11,False,1,3
1698,0x760b55,1.000000,12,True,0,0
1699,0xdb7da,0.333333,14,False,2,2
1700,0x996b7e,0.000000,15,False,1,3
1701,0x9e6ca6,0.666667,13,False,1,1
1702,0xed5ec5,0.000000,15,False,1,3
1703,0x850a74,0.666667,9,False,1,1
1704,0xaaac89,0.000000,11,False,1,3
1705,0xa07bdd,0.333333,14,False,2,2
1706,0x5af73c,0.000000,15,False,1,3
1707,0xb047d3,1.000000,12,True,0,0
1708,0x1eed1,0.000000,11,False,1,3
1709,0x5872b1,0.000000,11,False,1,3
1710,0x7912c8,0.333333,10,False,2,2
1711,0xfccf40,0.666667,13,False,1,1
1712,0xafcb0a,0.666667,13,False,1,1
1713,0x52d6,1.000000,8,True,0,0
1714,0xdf89e2,0.333333,14,False,2,2
1715,0xb47bb7,1.000000,16,True,0,0
1716,0x4f4a09,0.333333,10,False,2,2
1717,0x942178,0.666667,9,False,1,1
1718,0x2d81ea,0.000000,11,False,1,3
1719,0xd5aabc,0.333333,14,False,2,2
1720,0xf69911,1.000000,12,True,0,0
1721,0x3ae747,0.333333,14,False,2,2
1722,0x86bb3b,0.333333,14,False,2,2
1723,0x3624a0,1.000000,8,True,0,0
1724,0xb43dc,0.000000,11,False,1,3
1725,0x3ce463,1.000000,12,True,0,0
1726,0x5e6011,0.666667,9,False,1,1
1727,0xbea0b,0.000000,11,False,1,3
1728,0xdf3535,0.000000,15,False,1,3
1729,0x827994,0.333333,10,False,2,2
1730,0xb7a45,0.000000,11,False,1,3
1731,0x322059,1.000000,8,True,0,0
1732,0x79e9f8,0.000000,15,False,1,3
1733,0xc3c4aa,0.000000,11,False,1,3
1734,0x5bd816,1.000000,12,True,0,0
1735,0x129a6e,0.000000,11,False,1,3
1736,0x26915f,1.000000,12,True,0,0
1737,0x9d07,1.000000,8,True,0,0
1738,0x93eb5c,0.333333,14,False,2,2
1739,0xe8be0e,0.666667,13,False,1,1
1740,0x12da25,0.333333,10,False,2,2
1741,0xeadbbd,0.666667,17,False,1,1
1742,0x9ea028,0.666667,9,False,1,1
1743,0xccb28,0.666667,9,False,1,1
1744,0xf515f7,1.000000,16,True,0,0
1745,0xe8e87e,0.333333,14,False,2,2
1746,0x3eb028,0.333333,10,False,2,2
1747,0x62ad14,0.333333,10,False,2,2
1748,0x30e7ff,1.000000,16,True,0,0
1749,0x6e0f6d,0.333333,14,False,2,2
1750,0xf358a9,0.666667,13,False,1,1
1751,0x45d16f,0.666667,13,False,1,1
1752,0x522c4c,0.666667,9,False,1,1
1753,0x3cbda0,1.000000,12,True,0,0
1754,0xcbf3fc,0.666667,17,False,1,1
1755,0x1c791d,1.000000,12,True,0,0
1756,0x8a0931,1.000000,8,True,0,0
1757,0xa3bda9,0.333333,14,False,2,2
1758,0x125a16,0.666667,9,False,1,1
1759,0xb62c9b,0.666667,13,False,1,1
1760,0xf3ad0c,0.666667,13,False,1,1
1761,0xddb3e5,1.000000,16,True,0,0
1762,0x92a35a,0.000000,11,False,1,3
1763,0x179244,0.666667,9,False,1,1
1764,0x754c88,0.333333,10,False,2,2
1765,0xcc6514,0.333333,10,False,2,2
1766,0xff1391,0.333333,14,False,2,2
1767,0x71a9b1,1.000000,12,True,0,0
1768,0xe63203,0.333333,10,False,2,2
1769,0x8f96a,0.000000,11,False,1,3
1770,0x67015d,0.000000,11,False,1,3
1771,0x37ee95,0.000000,15,False,1,3
1772,0x319cfe,0.333333,14,False,2,2
1773,0x8b3c82,0.333333,10,False,2,2
1774,0x65e91,0.333333,10,False,2,2
1775,0xb30bce,0.666667,13,False,1,1
1776,0xaeec69,0.333333,14,False,2,2
1777,0xdd1cd4,0.666667,13,False,1,1
1778,0x92489a,0.666667,9,False,1,1
1779,0x256998,0.333333,10,False,2,2
1780,0xdd6c75,0.000000,15,False,1,3
1781,0x94f54a,1.000000,12,True,0,0
1782,0x2cc017,0.666667,9,False,1,1
1783,0x82234c,1.000000,8,True,0,0
1784,0x9d6564,1.000000,12,True,0,0
1785,0x15bb2e,0.666667,13,False,1,1
1786,0xa85d5,0.333333,10,False,2,2
1787,0x1a8200,0.666667,5,False,3,1
1788,0x754f58,0.666667,13,False,1,1
1789,0x727b3e,0.000000,15,False,1,3
1790,0xa4d8f5,0.666667,13,False,1,1
1791,0x92a72b,1.000000,12,True,0,0
1792,0xf8af3f,0.666667,17,False,1,1
1793,0x17cf68,0.666667,13,False,1,1
1794,0x3eb8e8,0.666667,13,False,1,1
1795,0x2189d5,0.333333,10,False,2,2
1796,0x412aab,0.333333,10,False,2,2
1797,0xae4034,0.666667,9,False,1,1
1798,0x4529ab,0.000000,11,False,1,3
1799,0xf0553c,1.000000,12,True,0,0
1800,0x7c9ef4,0.000000,15,False,1,3
1801,0xba3f0b,0.333333,14,False,2,2
1802,0x8a6869,0.333333,10,False,2,2
1803,0x8b018a,1.000000,8,True,0,0
1804,0x4a1a50,1.000000,8,True,0,0
1805,0x79c6b1,0.666667,13,False,1,1
1806,0x7cf41a,0.666667,13,False,1,1
1807,0xfbf0dc,1.000000,16,True,0,0
1808,0x3a0edd,0.666667,13,False,1,1
1809,0x715bd9,0.333333,14,False,2,2
1810,0x7b26e7,0.000000,15,False,1,3
1811,0x630491,1.000000,8,True,0,0
1812,0x515a92,0.333333,10,False,2,2
1813,0x79804e,0.333333,10,False,2,2
1814,0xbfffd1,0.000000,19,False,3,3
1815,0x5cfa7c,0.000000,15,False,1,3
1816,0x1125ba,0.333333,10,False,2,2
1817,0x178955,0.000000,11,False,1,3
1818,0x90f8b2,0.000000,11,False,1,3
1819,0xb3421c,0.333333,10,False,2,2
1820,0x2e0a8a,0.666667,9,False,1,1
1821,0x785909,0.333333,10,False,2,2
1822,0x7b894f,0.333333,14,False,2,2
1823,0xba58eb,0.333333,14,False,2,2
1824,0x7bdfa4,1.000000,16,True,0,0
1825,0xafa50d,0.666667,13,False,1,1
1826,0x20161,0.666667,5,False,3,1
1827,0xf79dd3,0.666667,17,False,1,1
1828,0x8e6b8e,0.666667,13,False,1,1
1829,0x7f63b0,0.333333,14,False,2,2
1830,0x10c2c9,1.000000,8,True,0,0
1831,0xab65ef,1.000000,16,True,0,0
1832,0xef8672,0.333333,14,False,2,2
1833,0x62b15d,1.000000,12,True,0,0
1834,0x1d1b3e,0.666667,13,False,1,1
1835,0xf78831,1.000000,12,True,0,0
1836,0xe6b444,0.000000,11,False,1,3
1837,0x995c28,0.333333,10,False,2,2
1838,0x3139e2,0.000000,11,False,1,3
1839,0x58e587,1.000000,12,True,0,0
1840,0xe5158d,1.000000,12,True,0,0
1841,0x342936,0.333333,10,False,2,2
1842,0x21bb86,0.000000,11,False,1,3
1843,0xa00ee8,0.666667,9,False,1,1
1844,0x4d21bb,1.000000,12,True,0,0
1845,0xd823f7,0.333333,14,False,2,2
1846,0xc397df,1.000000,16,True,0,0
1847,0x2ccf68,1.000000,12,True,0,0
1848,0x5b6bb9,0.000000,15,False,1,3
1849,0xa97032,0.333333,10,False,2,2
1850,0xa256d,0.333333,10,False,2,2
1851,0x804853,0.000000,7,False,1,3
1852,0x57ca49,1.000000,12,True,0,0
1853,0x1e6d67,0.333333,14,False,2,2
1854,0xedc2ff,0.666667,17,False,1,1
1855,0x4e087e,0.000000,11,False,1,3
1856,0x78931,0.666667,9,False,1,1
1857,0x863d4,0.666667,9,False,1,1
1858,0x3c8365,0.000000,11,False,1,3
1859,0x414cf1,0.333333,10,False,2,2
1860,0x387474,0.000000,11,False,1,3
1861,0x687ef4,0.333333,14,False,2,2
1862,0x16b028,1.000000,8,True,0,0
1863,0x886810,0.333333,6,False,2,2
1864,0x53deee,1.000000,16,True,0,0
1865,0x2e0eb0,0.333333,10,False,2,2
1866,0x1a97e0,0.000000,11,False,1,3
1867,0x4806b6,0.666667,9,False,1,1
1868,0x754cd4,1.000000,12,True,0,0
1869,0xda55fb,1.000000,16,True,0,0
1870,0x621962,0.666667,9,False,1,1
1871,0x420cd6,0.666667,9,False,1,1
1872,0x7de7f7,0.000000,19,False,3,3
1873,0x282081,0.666667,5,False,3,1
1874,0x92b24,1.000000,8,True,0,0
1875,0xc2dd95,0.666667,13,False,1,1
1876,0xef5d04,0.666667,13,False,1,1
1877,0x81535d,0.000000,11,False,1,3
1878,0xe737a5,0.000000,15,False,1,3
1879,0x310106,0.333333,6,False,2,2
1880,0xc51962,0.333333,10,False,2,2
1881,0x355e8a,1.000000,12,True,0,0
1882,0x412ea9,0.333333,10,False,2,2
1883,0x4d7d44,1.000000,12,True,0,0
1884,0x6903d6,0.000000,11,False,1,3
1885,0x68c78b,1.000000,12,True,0,0
1886,0x65ab21,0.000000,11,False,1,3
1887,0xbb400c,0.666667,9,False,1,1
1888,0x1c0715,0.666667,9,False,1,1
1889,0xdad37f,0.666667,17,False,1,1
1890,0x50a655,0.333333,10,False,2,2
1891,0xd072b7,0.666667,13,False,1,1
1892,0xe90be5,0.666667,13,False,1,1
1893,0x91ccfb,0.333333,14,False,2,2
1894,0x3a2178,0.333333,10,False,2,2
1895,0x6cacf3,0.333333,14,False,2,2
1896,0x2cdb98,1.000000,12,True,0,0
1897,0x529577,0.666667,13,False,1,1
1898,0x91e6b9,0.666667,13,False,1,1
1899,0xd0b1e,0.333333,10,False,2,2
1900,0xc779a0,1.000000,12,True,0,0
1901,0x8acaca,0.000000,11,False,1,3
1902,0xce339b,0.333333,14,False,2,2
1903,0x43cdd4,1.000000,12,True,0,0
1904,0xbf16c0,1.000000,12,True,0,0
1905,0x5eae30,1.000000,12,True,0,0
1906,0x952e47,1.000000,12,True,0,0
1907,0x9186ab,0.000000,11,False,1,3
1908,0xbd4a55,0.666667,13,False,1,1
1909,0xf258e6,0.666667,13,False,1,1
1910,0x1e12f5,1.000000,12,True,0,0
1911,0x50055a,1.000000,8,True,0,0
1912,0xebe7dc,0.666667,17,False,1,1
1913,0x99f5e9,0.000000,15,False,1,3
1914,0xac3dcd,0.333333,14,False,2,2
1915,0x9ae2e7,0.333333,14,False,2,2
1916,0x6202c3,1.000000,8,True,0,0
1917,0xc242ab,0.333333,10,False,2,2
1918,0xcc6544,0.333333,10,False,2,2
1919,0x997ad5,0.333333,14,False,2,2
1920,0x4588e0,1.000000,8,True,0,0
1921,0xdf204e,1.000000,12,True,0,0
1922,0x45d166,0.000000,11,False,1,3
1923,0xb586f3,0.333333,14,False,2,2
1924,0x3fc98f,0.000000,15,False,1,3
1925,0x4c2746,0.333333,10,False,2,2
1926,0xac71cd,0.666667,13,False,1,1
1927,0xb7ffbe,1.000000,20,False,4,0
1928,0xa3dbd4,0.333333,14,False,2,2
1929,0xe67af7,0.666667,17,False,1,1
1930,0xb5f645,0.333333,14,False,2,2
1931,0xd1e4c0,0.333333,10,False,2,2
1932,0x58851d,0.333333,10,False,2,2
1933,0x703075,0.333333,10,False,2,2
1934,0x26a8bb,1.000000,12,True,0,0
1935,0x1c98f6,1.000000,12,True,0,0
1936,0x19636f,0.666667,13,False,1,1
1937,0xfe99e2,0.000000,15,False,1,3
1938,0x3c99e1,1.000000,12,True,0,0
1939,0xceea1a,0.666667,13,False,1,1
1940,0xb10102,0.333333,6,False,2,2
1941,0x9b6955,0.666667,13,False,1,1
1942,0x10b12f,0.333333,10,False,2,2
1943,0xb9c1f3,0.333333,14,False,2,2
1944,0xa3bf4a,0.333333,14,False,2,2
1945,0x95b394,1.000000,12,True,0,0
1946,0x4c4914,1.000000,8,True,0,0
1947,0xecddf4,1.000000,16,True,0,0
1948,0x6d294a,0.000000,11,False,1,3
1949,0x2c296b,0.000000,11,False,1,3
1950,0x2306c8,1.000000,8,True,0,0
1951,0x9df8b2,0.333333,14,False,2,2
1952,0x184e63,0.333333,10,False,2,2
1953,0x5638a2,0.333333,10,False,2,2
1954,0xbbee00,1.000000,12,True,0,0
1955,0x478a3d,1.000000,12,True,0,0
1956,0xa6e093,0.000000,11,False,1,3
1957,0xf332ea,0.333333,14,False,2,2
1958,0xe09078,0.666667,9,False,1,1
1959,0x534f42,0.000000,11,False,1,3
1960,0x1aed34,1.000000,12,True,0,0
1961,0x15d2fc,0.666667,13,False,1,1
1962,0xc086ee,0.000000,11,False,1,3
1963,0x7e905c,1.000000,12,True,0,0
1964,0xd2ea49,1.000000,12,True,0,0
1965,0x86598d,0.000000,11,False,1,3
1966,0x87507,0.666667,9,False,1,1
1967,0x23bde7,0.000000,15,False,1,3
1968,0x783707,1.000000,12,True,0,0
1969,0x5b58dc,0.666667,13,False,1,1
1970,0xde9a8a,0.666667,13,False,1,1
1971,0x465a8b,0.000000,11,False,1,3
1972,0x914388,1.000000,8,True,0,0
1973,0x8745e7,0.666667,13,False,1,1
1974,0xdb44d,0.000000,11,False,1,3
1975,0x8aa49b,0.000000,11,False,1,3
1976,0x49a31b,0.000000,11,False,1,3
1977,0x182505,0.000000,7,False,1,3
1978,0xd7d4e1,0.333333,14,False,2,2
1979,0x16642c,0.666667,9,False,1,1
1980,0x5918c5,0.333333,10,False,2,2
1981,0x6723f9,0.333333,14,False,2,2
1982,0x864d93,0.000000,11,False,1,3
1983,0x7efe2e,0.666667,17,False,1,1
1984,0x5f1004,1.000000,8,True,0,0
1985,0x625bb,0.000000,11,False,1,3
1986,0x6ae975,0.333333,14,False,2,2
1987,0x6a370b,1.000000,12,True,0,0
1988,0xce3fb6,1.000000,16,True,0,0
1989,0x3a9216,0.333333,10,False,2,2
1990,0xa75eb8,0.333333,14,False,2,2
1991,0x488798,0.666667,9,False,1,1
1992,0x3edb08,1.000000,12,True,0,0
1993,0x606278,0.666667,9,False,1,1
1994,0x4949f7,0.666667,13,False,1,1
1995,0x4d5910,0.666667,9,False,1,1
1996,0xf46137,0.666667,13,False,1,1
1997,0x8383b3,0.000000,11,False,1,3
1998,0x26220f,0.666667,9,False,1,1
1999,0x108c63,1.000000,8,True,0,0
2000,0xe4d44d,1.000000,12,True,0,0
2001,0x66cd7c,0.333333,14,False,2,2
2002,0xb50164,0.666667,9,False,1,1
2003,0x95adad,0.333333,14,False,2,2
2004,0x7fcc97,1.000000,16,True,0,0
2005,0x6fcc71,0.333333,14,False,2,2
2006,0x8579f7,0.000000,15,False,1,3
2007,0xc91f13,1.000000,12,True,0,0
2008,0x91eadb,0.333333,14,False,2,2
2009,0x48108,1.000000,4,False,4,0
2010,0xf73935,0.000000,15,False,1,3
2011,0xf06718,0.000000,11,False,1,3
2012,0x27defc,1.000000,16,True,0,0
2013,0x941078,1.000000,8,True,0,0
2014,0x370be,0.000000,11,False,1,3
2015,0xaf28db,0.333333,14,False,2,2
2016,0xeef726,1.000000,16,True,0,0
2017,0x295c8f,1.000000,12,True,0,0
2018,0x8f7745,0.333333,14,False,2,2
2019,0xeaec68,0.666667,13,False,1,1
2020,0xb4bc3d,0.333333,14,False,2,2
2021,0xb27373,0.333333,14,False,2,2
2022,0x37a4c6,1.000000,12,True,0,0
2023,0x333929,0.000000,11,False,1,3
2024,0x2f45b3,0.666667,13,False,1,1
2025,0x69b442,0.333333,10,False,2,2
2026,0x66fba5,0.000000,15,False,1,3
2027,0xf998e4,0.666667,13,False,1,1
2028,0x56e2cc,1.000000,12,True,0,0
2029,0x8f47fe,1.000000,16,True,0,0
2030,0xa7ca7c,0.333333,14,False,2,2
2031,0xd97a2a,0.666667,13,False,1,1
2032,0xd8c711,0.000000,11,False,1,3
2033,0x220ae9,0.666667,9,False,1,1
2034,0x352309,0.666667,9,False,1,1
2035,0xca372c,1.000000,12,True,0,0
2036,0x409e81,1.000000,8,True,0,0
2037,0x369c0b,0.000000,11,False,1,3
2038,0x6839eb,0.666667,13,False,1,1
2039,0xcdbae7,1.000000,16,True,0,0
2040,0xbdb430,1.000000,12,True,0,0
2041,0x3ef6e2,0.000000,15,False,1,3
2042,0x3b8ee,1.000000,12,True,0,0
2043,0xccd738,0.666667,13,False,1,1
2044,0x82fae9,0.666667,13,False,1,1
2045,0x3153f9,0.666667,13,False,1,1
2046,0x978e3f,0.000000,15,False,1,3
2047,0x34f32d,0.666667,13,False,1,1
2048,0x3341ee,1.000000,12,True,0,0
2049,0xec875,0.000000,11,False,1,3
2050,0xef500c,0.000000,11,False,1,3
2051,0xf174b1,0.666667,13,False,1,1
2052,0xb5a901,0.333333,10,False,2,2
2053,0x365949,0.000000,11,False,1,3
2054,0x7b4d3d,0.000000,15,False,1,3
2055,0x117f91,1.000000,12,True,0,0
2056,0xa4de01,0.333333,10,False,2,2
2057,0x60c5e3,0.000000,11,False,1,3
2058,0x41e491,0.666667,9,False,1,1
2059,0x4dd06a,0.000000,11,False,1,3
2060,0x3255bd,0.666667,13,False,1,1
2061,0x545cbd,0.666667,13,False,1,1
2062,0xd0ffda,1.000000,16,True,0,0
2063,0x86637,0.333333,10,False,2,2
2064,0x6a1532,0.333333,10,False,2,2
2065,0x85161,0.000000,7,False,1,3
2066,0xefd9ba,0.666667,17,False,1,1
2067,0xff2679,1.000000,16,True,0,0
2068,0xd9e21e,0.666667,13,False,1,1
2069,0x764ee2,0.666667,13,False,1,1
2070,0xe1633b,0.666667,13,False,1,1
2071,0xefba8d,1.000000,16,True,0,0
2072,0xfbad68,0.000000,15,False,1,3
2073,0xef238,0.000000,11,False,1,3
2074,0x217b6a,1.000000,12,True,0,0
2075,0x3b6509,0.000000,11,False,1,3
2076,0x72ebe5,0.000000,15,False,1,3
2077,0xf8c4fc,0.333333,14,False,2,2
2078,0x9cfa3a,0.333333,14,False,2,2
2079,0x178ebb,0.333333,14,False,2,2
2080,0x193dca,1.000000,12,True,0,0
2081,0xc9d536,0.666667,13,False,1,1
2082,0x5256af,0.666667,13,False,1,1
2083,0x51a50d,0.333333,10,False,2,2
2084,0x7674ca,0.666667,13,False,1,1
2085,0xff184c,0.666667,13,False,1,1
2086,0x7bdec5,1.000000,16,True,0,0
2087,0xc6f7fb,0.333333,18,False,2,2
2088,0x420378,1.000000,8,True,0,0
2089,0x765bb1,0.333333,14,False,2,2
2090,0xa0d413,0.666667,9,False,1,1
2091,0xb0ac9e,1.000000,12,True,0,0
2092,0x8753ed,0.333333,14,False,2,2
2093,0xea04cb,0.000000,11,False,1,3
2094,0xe8875,0.333333,10,False,2,2
2095,0x3286b7,1.000000,12,True,0,0
2096,0xacc77d,0.000000,15,False,1,3
2097,0xea9a0f,0.666667,13,False,1,1
2098,0xc351f5,0.666667,13,False,1,1
2099,0x412085,0.333333,6,False,2,2
2100,0x748b16,0.000000,11,False,1,3
2101,0xf41707,1.000000,12,True,0,0
2102,0x58fae,1.000000,12,True,0,0
2103,0x2ca728,0.333333,10,False,2,2
2104,0x6e7a44,1.000000,12,True,0,0
2105,0xcbd4cf,0.000000,15,False,1,3
2106,0x90acfc,1.000000,12,True,0,0
2107,0x982e7f,0.333333,14,False,2,2
2108,0x1eae69,0.666667,13,False,1,1
2109,0xdf30b0,1.000000,12,True,0,0
2110,0xda0692,0.333333,10,False,2,2
2111,0x271259,0.333333,10,False,2,2
2112,0xb6c31c,1.000000,12,True,0,0
2113,0xc28c7,0.666667,9,False,1,1
2114,0x664411,1.000000,8,True,0,0
2115,0xdf04a3,1.000000,12,True,0,0
2116,0x7ed8c5,0.333333,14,False,2,2
2117,0xadae15,0.666667,13,False,1,1
2118,0xafd41d,0.333333,14,False,2,2
2119,0xdc5cb0,1.000000,12,True,0,0
2120,0x86587f,0.666667,13,False,1,1
2121,0xcfa1ab,0.333333,14,False,2,2
2122,0xb02182,0.000000,7,False,1,3
2123,0xf26fc2,0.333333,14,False,2,2
2124,0xe965bb,0.000000,15,False,1,3
2125,0x7565fd,1.000000,16,True,0,0
2126,0xf0f39d,0.000000,15,False,1,3
2127,0x731943,0.000000,11,False,1,3
2128,0x978ff2,0.000000,15,False,1,3
2129,0xbcd457,0.333333,14,False,2,2
2130,0x75e158,1.000000,12,True,0,0
2131,0x243808,0.333333,6,False,2,2
2132,0x16be7,1.000000,12,True,0,0
2133,0xb2109b,0.333333,10,False,2,2
2134,0x8b3129,0.333333,10,False,2,2
2135,0xdbaa94,0.666667,13,False,1,1
2136,0xf3b0f2,0.333333,14,False,2,2
2137,0xffc3ab,0.666667,17,False,1,1
2138,0xb6a891,0.000000,11,False,1,3
2139,0xe4a67d,0.333333,14,False,2,2
2140,0xa5c64d,1.000000,12,True,0,0
2141,0xb359fc,0.000000,15,False,1,3
2142,0x87e323,1.000000,12,True,0,0
2143,0x8a031,0.333333,6,False,2,2
2144,0x1fcabd,0.000000,15,False,1,3
2145,0xc9b6c9,0.666667,13,False,1,1
2146,0xb754ac,0.666667,13,False,1,1
2147,0x5ace9e,0.333333,14,False,2,2
2148,0xe5b514,1.000000,12,True,0,0
2149,0x45263,1.000000,8,True,0,0
2150,0xe19b21,0.000000,11,False,1,3
2151,0x7c055e,1.000000,12,True,0,0
2152,0x59c0fb,0.666667,13,False,1,1
2153,0x83fe4e,0.333333,14,False,2,2
2154,0xafe614,0.666667,13,False,1,1
2155,0xa98e4d,1.000000,12,True,0,0
2156,0x91fb86,0.666667,13,False,1,1
2157,0xfccc20,0.000000,11,False,1,3
2158,0xcdda7b,1.000000,16,True,0,0
2159,0x20c30e,1.000000,8,True,0,0
2160,0x2e1462,0.666667,9,False,1,1
2161,0xc94401,0.000000,7,False,1,3
2162,0xbc9843,0.000000,11,False,1,3
2163,0xfbf23,0.333333,14,False,2,2
2164,0x1701e2,0.666667,9,False,1,1
2165,0x6b0aac,0.000000,11,False,1,3
2166,0xcdc6a5,0.666667,13,False,1,1
2167,0x21b4e4,0.333333,10,False,2,2
2168,0x99cf4,0.000000,11,False,1,3
2169,0x90219,0.333333,6,False,2,2
2170,0xe75020,0.666667,9,False,1,1
2171,0x4a0f7d,0.666667,13,False,1,1
2172,0x625a,0.000000,7,False,1,3
2173,0xb4f2bc,0.333333,14,False,2,2
2174,0xbc0954,0.333333,10,False,2,2
2175,0x4f9a80,0.333333,10,False,2,2
2176,0x49c3d1,0.000000,11,False,1,3
2177,0x8a3d84,0.333333,10,False,2,2
2178,0xf9bed8,1.000000,16,True,0,0
2179,0x9795bb,0.000000,15,False,1,3
2180,0x9b6bd5,0.000000,15,False,1,3
2181,0xcb4ac8,0.000000,11,False,1,3
2182,0xccaaf0,1.000000,12,True,0,0
2183,0x75cba2,0.666667,13,False,1,1
2184,0x2c8a8,0.000000,7,False,1,3
2185,0x94cdb,0.000000,11,False,1,3
2186,0x98fa3b,0.333333,14,False,2,2
2187,0x69e2c0,0.333333,10,False,2,2
2188,0xef22f3,0.000000,15,False,1,3
2189,0xf48d98,1.000000,12,True,0,0
2190,0x2f8797,0.333333,14,False,2,2
2191,0x9ac601,0.666667,9,False,1,1
2192,0xd1e339,0.666667,13,False,1,1
2193,0x3cf396,0.333333,14,False,2,2
2194,0x165c5b,1.000000,12,True,0,0
2195,0x6d4a51,0.000000,11,False,1,3
2196,0xec9b5c,0.333333,14,False,2,2
2197,0xf32299,1.000000,12,True,0,0
2198,0x5d6dfb,0.666667,17,False,1,1
2199,0xe74e7a,0.000000,15,False,1,3
2200,0xf4dae5,0.000000,15,False,1,3
2201,0xe4eaee,0.000000,15,False,1,3
2202,0x791dc0,0.000000,11,False,1,3
2203,0xebf1c4,0.333333,14,False,2,2
2204,0x3c3ee9,0.333333,14,False,2,2
2205,0x56849f,1.000000,12,True,0,0
2206,0x968433,0.333333,10,False,2,2
2207,0xcb469d,0.666667,13,False,1,1
2208,0x86b3c,0.333333,10,False,2,2
2209,0x21071c,1.000000,8,True,0,0
2210,0xfacb84,0.666667,13,False,1,1
2211,0x7bd8de,1.000000,16,True,0,0
2212,0x9866e,0.333333,10,False,2,2
2213,0xaeef25,0.000000,15,False,1,3
2214,0x199b6b,0.666667,13,False,1,1
2215,0xfdd496,0.000000,15,False,1,3
2216,0xc12fda,0.666667,13,False,1,1
2217,0x4d9cae,0.666667,13,False,1,1
2218,0xe499af,0.333333,14,False,2,2
2219,0x2bea62,1.000000,12,True,0,0
2220,0x38f0db,0.666667,13,False,1,1
2221,0xaf84d5,0.666667,13,False,1,1
2222,0xac2212,1.000000,8,True,0,0
2223,0xd5d7a6,0.000000,15,False,1,3
2224,0xe8783f,0.333333,14,False,2,2
2225,0xaf4099,0.000000,11,False,1,3
2226,0xd88168,0.666667,9,False,1,1
2227,0xa2f7b8,0.333333,14,False,2,2
2228,0x184f3c,0.000000,11,False,1,3
2229,0x73e998,0.666667,13,False,1,1
2230,0x1e9348,0.333333,10,False,2,2
2231,0x2c2406,0.000000,7,False,1,3
2232,0x9743c1,0.000000,11,False,1,3
2233,0x96de85,0.666667,13,False,1,1
2234,0x565c35,1.000000,12,True,0,0
2235,0x7e48ac,1.000000,12,True,0,0
2236,0x12e405,1.000000,8,True,0,0
2237,0x722427,0.333333,10,False,2,2
2238,0x28a085,0.000000,7,False,1,3
2239,0x660f0a,0.333333,10,False,2,2
2240,0x666c99,1.000000,12,True,0,0
2241,0x3c8388,0.666667,9,False,1,1
2242,0x6fc5ab,0.000000,15,False,1,3
2243,0xcca89a,0.000000,11,False,1,3
2244,0x7b313c,0.666667,13,False,1,1
2245,0x18fc86,0.000000,11,False,1,3
2246,0x655297,1.000000,12,True,0,0
2247,0x1142db,0.333333,10,False,2,2
2248,0x703a47,0.000000,11,False,1,3
2249,0xbc379c,0.333333,14,False,2,2
2250,0x230204,0.666667,5,False,3,1
2251,0xb092a7,0.000000,11,False,1,3
2252,0xa84fcb,0.666667,13,False,1,1
2253,0x280f3d,0.000000,11,False,1,3
2254,0xd10a35,0.333333,10,False,2,2
2255,0xa33595,1.000000,12,True,0,0
2256,0x219c2a,0.666667,9,False,1,1
2257,0xadf795,1.000000,16,True,0,0
2258,0x64bbad,0.333333,14,False,2,2
2259,0xfb96aa,0.000000,15,False,1,3
2260,0x837d8d,0.666667,13,False,1,1
2261,0x16bcff,1.000000,16,True,0,0
2262,0x5294cd,0.000000,11,False,1,3
2263,0xe9258f,0.666667,13,False,1,1
2264,0xdbcd41,0.666667,13,False,1,1
2265,0x21a456,0.666667,9,False,1,1
2266,0xd16674,1.000000,12,True,0,0
2267,0x74dbb6,0.000000,15,False,1,3
2268,0xa37881,0.333333,10,False,2,2
2269,0x7e0169,0.000000,11,False,1,3
2270,0xc561f8,1.000000,12,True,0,0
2271,0x41b698,0.333333,10,False,2,2
2272,0x1d00cb,0.666667,9,False,1,1
2273,0x231b34,0.333333,10,False,2,2
2274,0x9c4166,0.333333,10,False,2,2
2275,0x69b090,0.666667,9,False,1,1
2276,0xcd702d,1.000000,12,True,0,0
2277,0x9e7f8d,1.000000,16,True,0,0
2278,0x5d7c3d,0.000000,15,False,1,3
2279,0xad37d9,0.000000,15,False,1,3
2280,0xb61654,0.000000,11,False,1,3
2281,0xb6d5ca,0.333333,14,False,2,2
2282,0xf83850,0.333333,10,False,2,2
2283,0x9e6f1a,0.333333,14,False,2,2
2284,0x4e21c8,0.666667,9,False,1,1
2285,0x7a5df7,0.666667,17,False,1,1
2286,0xfa9bce,1.000000,16,True,0,0
2287,0x4a7840,1.000000,8,True,0,0
2288,0xe5da99,0.333333,14,False,2,2
2289,0x5f04a6,0.000000,11,False,1,3
2290,0x5ff95c,1.000000,16,True,0,0
2291,0x86277a,1.000000,12,True,0,0
2292,0x2170cb,0.333333,10,False,2,2
2293,0xcfec1e,0.000000,15,False,1,3
2294,0x320b90,1.000000,8,True,0,0
2295,0xc5dc63,0.666667,13,False,1,1
2296,0x4b242b,0.333333,10,False,2,2
2297,0xe8bf9e,1.000000,16,True,0,0
2298,0x2d9815,0.333333,10,False,2,2
2299,0xcbd18b,0.666667,13,False,1,1
2300,0x569031,0.666667,9,False,1,1
2301,0xb56e10,0.000000,11,False,1,3
2302,0xeb384c,1.000000,12,True,0,0
2303,0x41b0a7,0.333333,10,False,2,2
2304,0x762446,0.333333,10,False,2,2
2305,0xae00d8,0.666667,9,False,1,1
2306,0x5f7a70,0.333333,14,False,2,2
2307,0x1134c4,1.000000,8,True,0,0
2308,0x7e9872,0.666667,13,False,1,1
2309,0xc81b8,1.000000,8,True,0,0
2310,0xd391b1,1.000000,12,True,0,0
2311,0x7c2a80,0.666667,9,False,1,1
2312,0x49e794,1.000000,12,True,0,0
2313,0xbf6707,0.000000,15,False,1,3
2314,0xbcefa8,0.000000,15,False,1,3
2315,0x1a1ead,1.000000,12,True,0,0
2316,0xfd0fcc,0.000000,15,False,1,3
2317,0xd63a40,0.333333,10,False,2,2
2318,0xb10f10,0.666667,9,False,1,1
2319,0x6d8df4,0.333333,14,False,2,2
2320,0x8c8bb7,0.666667,13,False,1,1
2321,0x27d7c3,0.333333,14,False,2,2
2322,0xdbe668,0.333333,14,False,2,2
2323,0x7cee5a,0.000000,15,False,1,3
2324,0x255f96,0.666667,13,False,1,1
2325,0x86e33e,0.666667,13,False,1,1
2326,0xf619ab,0.333333,14,False,2,2
2327,0x615fec,0.333333,14,False,2,2
2328,0x62e6a1,0.000000,11,False,1,3
2329,0xd632c7,0.666667,13,False,1,1
2330,0xe56c83,1.000000,12,True,0,0
2331,0xa0ba8b,0.000000,11,False,1,3
2332,0xc89f,0.666667,9,False,1,1
2333,0xe2e1de,0.333333,14,False,2,2
2334,0xb6a1bf,0.000000,15,False,1,3
2335,0x8328ec,0.333333,10,False,2,2
2336,0xdb0857,1.000000,12,True,0,0
2337,0xf9291b,0.666667,13,False,1,1
2338,0x877238,0.000000,11,False,1,3
2339,0xf375e3,1.000000,16,True,0,0
2340,0x7bd165,0.333333,14,False,2,2
2341,0xcaf182,0.000000,11,False,1,3
2342,0x503a09,1.000000,8,True,0,0
2343,0xc89579,1.000000,12,True,0,0
2344,0x67abd3,0.000000,15,False,1,3
2345,0xa55a26,0.000000,11,False,1,3
2346,0x2e8f7,1.000000,12,True,0,0
2347,0x78f373,0.000000,15,False,1,3
2348,0x6415b0,0.666667,9,False,1,1
2349,0x3df2df,0.666667,17,False,1,1
2350,0xc8e635,1.000000,12,True,0,0
2351,0x7be9a2,0.333333,14,False,2,2
2352,0x88b33d,1.000000,12,True,0,0
2353,0x5a7a6,0.000000,11,False,1,3
2354,0x622242,0.000000,7,False,1,3
2355,0x10d976,0.000000,11,False,1,3
2356,0xaadcff,0.666667,17,False,1,1
2357,0x1a5d9b,0.666667,13,False,1,1
2358,0x9dec62,0.666667,13,False,1,1
2359,0xf189c0,0.333333,10,False,2,2
2360,0x158d30,0.666667,9,False,1,1
2361,0x5803ce,0.333333,10,False,2,2
2362,0xf5a491,1.000000,12,True,0,0
2363,0x74ffb,0.000000,15,False,1,3
2364,0x7c935d,0.333333,14,False,2,2
2365,0x6ca559,1.000000,12,True,0,0
2366,0xe90d27,1.000000,12,True,0,0
2367,0xf93bcd,1.000000,16,True,0,0
2368,0xf7fefe,0.666667,21,False,3,1
2369,0x3c6069,0.333333,10,False,2,2
2370,0x3ddea9,0.000000,15,False,1,3
2371,0xaecdaf,1.000000,16,True,0,0
2372,0x6acb72,0.666667,13,False,1,1
2373,0x4cf28d,1.000000,12,True,0,0
2374,0x303574,0.333333,10,False,2,2
2375,0x8ce2a9,0.000000,11,False,1,3
2376,0xe4b8dd,0.333333,14,False,2,2
2377,0xdc95e,1.000000,12,True,0,0
2378,0x96167b,0.666667,13,False,1,1
2379,0xc4fda8,0.666667,13,False,1,1
2380,0x68e908,0.666667,9,False,1,1
2381,0xb1936e,0.666667,13,False,1,1
2382,0xffc3d7,0.333333,18,False,2,2
2383,0x2b5584,0.333333,10,False,2,2
2384,0xad3344,0.000000,11,False,1,3
2385,0xfd4bb0,0.333333,14,False,2,2
2386,0x30a68,0.000000,7,False,1,3
2387,0x13d102,1.000000,8,True,0,0
2388,0x2fb1a7,0.333333,14,False,2,2
2389,0xd558fb,0.000000,15,False,1,3
2390,0x968b,1.000000,8,True,0,0
2391,0x3d149d,1.000000,12,True,0,0
2392,0x586a15,0.333333,10,False,2,2
2393,0x99315e,1.000000,12,True,0,0
2394,0xd07c51,0.000000,11,False,1,3
2395,0x5d0eaf,0.333333,14,False,2,2
2396,0xfc3680,0.000000,11,False,1,3
2397,0xf2e959,0.333333,14,False,2,2
2398,0x720d31,0.333333,10,False,2,2
2399,0xdc1eb0,1.000000,12,True,0,0
2400,0x7ce851,1.000000,12,True,0,0
2401,0x45b2c1,0.333333,10,False,2,2
2402,0xd716a2,1.000000,12,True,0,0
2403,0x8574a2,0.333333,10,False,2,2
2404,0xbb4fd5,1.000000,16,True,0,0
2405,0x7e0ddf,1.000000,16,True,0,0
2406,0x67e6ff,0.333333,18,False,2,2
2407,0x94f80d,0.000000,11,False,1,3
2408,0x7b1c39,0.666667,13,False,1,1
2409,0x9e95bd,0.000000,15,False,1,3
2410,0xb1e062,0.333333,10,False,2,2
2411,0x57e1ff,0.666667,17,False,1,1
2412,0x336007,0.666667,9,False,1,1
2413,0x336c26,0.000000,11,False,1,3
2414,0x730702,0.666667,9,False,1,1
2415,0x39ca7,0.000000,11,False,1,3
2416,0x2ae40d,0.333333,10,False,2,2
2417,0x2dcf95,0.333333,14,False,2,2
2418,0x3c03b0,0.666667,9,False,1,1
2419,0x7f2f7a,0.666667,17,False,1,1
2420,0x954c55,0.000000,11,False,1,3
2421,0x7a1672,1.000000,12,True,0,0
2422,0xcbea9f,1.000000,16,True,0,0
2423,0x8a0b50,1.000000,8,True,0,0
2424,0x11d3e4,0.000000,11,False,1,3
2425,0x49306d,0.333333,10,False,2,2
2426,0xa47355,1.000000,12,True,0,0
2427,0xebc9e5,0.000000,15,False,1,3
2428,0xb7b572,0.000000,15,False,1,3
2429,0x58b2a8,0.333333,10,False,2,2
2430,0x70bb90,0.000000,11,False,1,3
2431,0x25b704,0.333333,10,False,2,2
2432,0xcf6c49,0.666667,13,False,1,1
2433,0xd77805,1.000000,12,True,0,0
2434,0x4d491a,0.333333,10,False,2,2
2435,0xad4516,0.000000,11,False,1,3
2436,0x28d864,0.666667,9,False,1,1
2437,0x905f97,0.666667,13,False,1,1
2438,0x42e70d,0.000000,11,False,1,3
2439,0x128883,0.000000,7,False,1,3
2440,0x6eb61e,0.333333,14,False,2,2
2441,0x6dbb89,0.333333,14,False,2,2
2442,0xaabd5d,0.000000,15,False,1,3
2443,0x3b1540,0.666667,9,False,1,1
2444,0x9b0a00,0.000000,7,False,1,3
2445,0x8adfb0,0.666667,13,False,1,1
2446,0xeff5f7,1.000000,20,False,4,0
2447,0x4ab764,1.000000,12,True,0,0
2448,0xa14ca7,0.000000,11,False,1,3
2449,0x8fb140,0.333333,10,False,2,2
2450,0x3dc947,0.666667,13,False,1,1
2451,0x62b443,0.333333,10,False,2,2
2452,0x459ec5,1.000000,12,True,0,0
2453,0xc87e7e,0.000000,15,False,1,3
2454,0xfac3f5,1.000000,16,True,0,0
2455,0x4653a5,0.000000,11,False,1,3
2456,0x4fbca,1.000000,12,True,0,0
2457,0xc93e47,0.666667,13,False,1,1
2458,0xd733ee,1.000000,16,True,0,0
2459,0x2c759,0.333333,10,False,2,2
2460,0x4022eb,0.666667,9,False,1,1
2461,0xda69d1,0.666667,13,False,1,1
2462,0x36d1f0,1.000000,12,True,0,0
2463,0x2354f0,0.333333,10,False,2,2
2464,0xed445,0.333333,10,False,2,2
2465,0x848523,1.000000,8,True,0,0
2466,0x6e67d2,0.333333,14,False,2,2
2467,0x66fde5,1.000000,16,True,0,0
2468,0x7a0cae,1.000000,12,True,0,0
2469,0x749493,0.000000,11,False,1,3
2470,0x7c8b4c,1.000000,12,True,0,0
2471,0x73a3f1,0.333333,14,False,2,2
2472,0x6323e,0.333333,10,False,2,2
2473,0xbb7fd9,0.333333,18,False,2,2
2474,0x32cafe,0.333333,14,False,2,2
2475,0x256ca0,0.666667,9,False,1,1
2476,0xa6a450,0.666667,9,False,1,1
2477,0xf92459,1.000000,12,True,0,0
2478,0x333797,0.333333,14,False,2,2
2479,0xbe87b3,0.000000,15,False,1,3
2480,0xa33cec,0.666667,13,False,1,1
2481,0x21f12c,0.333333,10,False,2,2
2482,0x21eae5,1.000000,12,True,0,0
2483,0x5bcb39,0.333333,14,False,2,2
2484,0x3f73c3,0.000000,15,False,1,3
2485,0x798e78,0.666667,13,False,1,1
2486,0x5dd18c,1.000000,12,True,0,0
2487,0x596028,1.000000,8,True,0,0
2488,0x429a20,0.000000,7,False,1,3
2489,0xf34303,0.000000,11,False,1,3
2490,0x533d6,0.000000,11,False,1,3
2491,0x4fd3c7,0.000000,15,False,1,3
2492,0x96e840,0.666667,9,False,1,1
2493,0xa991fb,0.333333,14,False,2,2
2494,0x3ff7fd,1.000000,20,False,4,0
2495,0xd12da9,1.000000,12,True,0,0
2496,0x3ffb26,1.000000,16,True,0,0
2497,0xda69a5,0.666667,13,False,1,1
2498,0xa5290f,0.000000,11,False,1,3
2499,0xbb8fe7,0.666667,17,False,1,1
2500,0xc99a5b,0.666667,13,False,1,1
2501,0x437496,0.000000,11,False,1,3
2502,0xa64ab8,0.000000,11,False,1,3
2503,0x5987e4,1.000000,12,True,0,0
2504,0x9f9baf,0.666667,17,False,1,1
2505,0x7b8e3b,0.000000,15,False,1,3
2506,0xfad7af,0.333333,18,False,2,2
2507,0x9619ad,1.000000,12,True,0,0
2508,0x17580e,0.333333,10,False,2,2
2509,0xc68b28,0.333333,10,False,2,2
2510,0x609c27,0.333333,10,False,2,2
2511,0x817be3,0.666667,13,False,1,1
2512,0xd0868d,0.333333,10,False,2,2
2513,0xa67d92,0.666667,13,False,1,1
2514,0x9918de,1.000000,12,True,0,0
2515,0xc21563,0.333333,10,False,2,2
2516,0x47d9b9,0.333333,14,False,2,2
2517,0xb2542a,0.333333,10,False,2,2
2518,0x95b7e7,1.000000,16,True,0,0
2519,0x915f80,0.333333,10,False,2,2
2520,0x6fded6,0.666667,17,False,1,1
2521,0x9ec65e,0.333333,14,False,2,2
2522,0xa2c4b2,0.333333,10,False,2,2
2523,0xf798b9,0.000000,15,False,1,3
2524,0xa0ef26,1.000000,12,True,0,0
2525,0x3b2ff7,0.666667,17,False,1,1
2526,0x86ff17,0.000000,15,False,1,3
2527,0xf7506c,0.666667,13,False,1,1
2528,0xaad6e3,0.333333,14,False,2,2
2529,0x4c2a19,0.666667,9,False,1,1
2530,0xec4275,1.000000,12,True,0,0
2531,0x29d6a3,1.000000,12,True,0,0
2532,0xe5b03c,1.000000,12,True,0,0
2533,0x65e8df,0.000000,15,False,1,3
2534,0x118fa0,0.666667,9,False,1,1
2535,0x361328,0.666667,9,False,1,1
2536,0x1bc62e,1.000000,12,True,0,0
2537,0x85aeb9,0.666667,13,False,1,1
2538,0x823ff7,0.000000,15,False,1,3
2539,0x7b6c4d,0.333333,14,False,2,2
2540,0x61caf0,0.000000,11,False,1,3
2541,0x3be912,1.000000,12,True,0,0
2542,0xed5d0f,0.000000,15,False,1,3
2543,0x83c756,1.000000,12,True,0,0
2544,0x5d6e62,0.666667,13,False,1,1
2545,0x4324ba,0.333333,10,False,2,2
2546,0x37b138,1.000000,12,True,0,0
2547,0xeeb6d,0.333333,14,False,2,2
2548,0xb63041,0.666667,9,False,1,1
2549,0x58f68a,1.000000,12,True,0,0
2550,0x4cbac7,0.666667,13,False,1,1
2551,0x107e70,0.333333,10,False,2,2
2552,0xadd720,1.000000,12,True,0,0
2553,0xd34775,0.333333,14,False,2,2
2554,0xb07eda,0.333333,14,False,2,2
2555,0x2c1d8c,0.333333,10,False,2,2
2556,0x7ab66e,0.000000,15,False,1,3
2557,0x3ffc2b,1.000000,16,True,0,0
2558,0x6db833,0.666667,13,False,1,1
2559,0x64329e,0.000000,11,False,1,3
2560,0xc149cc,0.333333,10,False,2,2
2561,0xb6e82b,0.666667,13,False,1,1
2562,0x86d172,0.000000,11,False,1,3
2563,0xd20453,0.666667,9,False,1,1
2564,0xdde872,0.333333,14,False,2,2
2565,0xd567f2,0.000000,15,False,1,3
2566,0x3de5f4,0.000000,15,False,1,3
2567,0x6f0cc1,0.000000,11,False,1,3
2568,0x7cda3f,1.000000,16,True,0,0
2569,0xff43fc,0.666667,17,False,1,1
2570,0x45bb8f,0.333333,14,False,2,2
2571,0xf2645d,0.666667,13,False,1,1
2572,0x819e40,1.000000,8,True,0,0
2573,0x85f9f8,0.333333,14,False,2,2
2574,0x12f515,0.000000,11,False,1,3
2575,0x7590a0,0.666667,9,False,1,1
2576,0xb5f42f,0.000000,15,False,1,3
2577,0xfd23e2,0.333333,14,False,2,2
2578,0x9209e3,0.333333,10,False,2,2
2579,0xd80e89,0.333333,10,False,2,2
2580,0x4fef13,0.000000,15,False,1,3
2581,0x107e46,0.333333,10,False,2,2
2582,0xe9f0f,0.666667,13,False,1,1
2583,0xdd73d9,1.000000,16,True,0,0
2584,0xe9d2b3,0.333333,14,False,2,2
2585,0x277ada,0.333333,14,False,2,2
2586,0x5a89c,0.666667,9,False,1,1
2587,0x902f65,0.000000,11,False,1,3
2588,0x11fd6c,0.666667,13,False,1,1
2589,0x37c866,1.000000,12,True,0,0
2590,0x606b81,0.666667,9,False,1,1
2591,0xb054bd,1.000000,12,True,0,0
2592,0x97745c,0.666667,13,False,1,1
2593,0x50573e,1.000000,12,True,0,0
2594,0xdaab2,0.000000,11,False,1,3
2595,0xee4314,0.000000,11,False,1,3
2596,0x6da4f3,0.333333,14,False,2,2
2597,0x6cfd5a,0.000000,15,False,1,3
2598,0x60a67b,1.000000,12,True,0,0
2599,0xdc64b8,1.000000,12,True,0,0
2600,0xa52ae1,0.000000,11,False,1,3
2601,0xdced09,0.666667,13,False,1,1
2602,0x1f8311,0.333333,10,False,2,2
2603,0xddb497,0.000000,15,False,1,3
2604,0x1baf33,0.333333,14,False,2,2
2605,0x98a62f,1.000000,12,True,0,0
2606,0x6d36aa,0.666667,13,False,1,1
2607,0x30f55d,0.666667,13,False,1,1
2608,0x8a5f4b,0.666667,13,False,1,1
2609,0x5b5a2e,0.666667,13,False,1,1
2610,0x5b7f2b,1.000000,16,True,0,0
2611,0x575823,0.000000,11,False,1,3
2612,0xdff79f,1.000000,20,False,4,0
2613,0x9c37de,0.000000,15,False,1,3
2614,0x186032,0.000000,7,False,1,3
2615,0xdc06d2,0.000000,11,False,1,3
2616,0xecaee7,1.000000,16,True,0,0
2617,0x79fcb7,0.666667,17,False,1,1
2618,0x50dc9e,1.000000,12,True,0,0
2619,0xad3188,0.333333,10,False,2,2
2620,0xd70f2d,0.333333,14,False,2,2
2621,0x2a23f4,0.000000,11,False,1,3
2622,0x38d197,1.000000,12,True,0,0
2623,0x5dc83a,1.000000,12,True,0,0
2624,0x2fc61c,1.000000,12,True,0,0
2625,0xc46a14,0.666667,9,False,1,1
2626,0xc64c69,0.000000,11,False,1,3
2627,0xb29881,0.666667,9,False,1,1
2628,0x652758,0.000000,11,False,1,3
2629,0x8d5917,1.000000,12,True,0,0
2630,0xd43569,1.000000,12,True,0,0
2631,0x73d77c,1.000000,16,True,0,0
2632,0xa50421,0.000000,7,False,1,3
2633,0xc70820,0.000000,7,False,1,3
2634,0x95d0b4,0.000000,11,False,1,3
2635,0x32447f,1.000000,12,True,0,0
2636,0x94e076,0.000000,11,False,1,3
2637,0x661a4,1.000000,8,True,0,0
2638,0x65e282,0.333333,10,False,2,2
2639,0x5fd26b,0.000000,15,False,1,3
2640,0x5d7a47,0.333333,14,False,2,2
2641,0x4f028d,0.333333,10,False,2,2
2642,0x143440,0.333333,6,False,2,2
2643,0x864831,1.000000,8,True,0,0
2644,0x46edb6,0.333333,14,False,2,2
2645,0x11ed8e,1.000000,12,True,0,0
2646,0x610599,0.666667,9,False,1,1
2647,0x93b7ce,0.000000,15,False,1,3
2648,0x542eb9,1.000000,12,True,0,0
2649,0xd2e6e2,0.666667,13,False,1,1
2650,0xbdc1bb,0.000000,15,False,1,3
2651,0xde0c07,0.000000,11,False,1,3
2652,0xe34cf,1.000000,12,True,0,0
2653,0x8b62c7,1.000000,12,True,0,0
2654,0xc47281,0.666667,9,False,1,1
2655,0x5efe80,0.666667,13,False,1,1
2656,0xb43a33,1.000000,12,True,0,0
2657,0xb13ab6,0.666667,13,False,1,1
2658,0x2e015,0.000000,7,False,1,3
2659,0xb5f2a7,0.000000,15,False,1,3
2660,0x739d37,0.000000,15,False,1,3
2661,0xabdb41,0.666667,13,False,1,1
2662,0xdea52c,0.666667,13,False,1,1
2663,0xb179ad,0.333333,14,False,2,2
2664,0xf9e4f3,1.000000,16,True,0,0
2665,0x4ff331,0.333333,14,False,2,2
2666,0x9f4551,1.000000,12,True,0,0
2667,0xebc343,0.666667,13,False,1,1
2668,0x711222,1.000000,8,True,0,0
2669,0x10a281,0.333333,6,False,2,2
2670,0xb36654,1.000000,12,True,0,0
2671,0xbbaec6,0.000000,15,False,1,3
2672,0xacae3b,0.333333,14,False,2,2
2673,0x4ed6bd,0.000000,15,False,1,3
2674,0xab0c9e,1.000000,12,True,0,0
2675,0x6e67fc,1.000000,16,True,0,0
2676,0x5abf10,1.000000,12,True,0,0
2677,0xa95ba0,0.000000,11,False,1,3
2678,0x2d0a78,0.333333,10,False,2,2
2679,0x668be1,1.000000,12,True,0,0
2680,0x3521dd,1.000000,12,True,0,0
2681,0x7e975,0.666667,13,False,1,1
2682,0x250e37,0.000000,11,False,1,3
2683,0x945002,0.333333,6,False,2,2
2684,0xdc8db8,0.666667,13,False,1,1
2685,0x2b29db,0.666667,13,False,1,1
2686,0x19082,0.666667,5,False,3,1
2687,0x912fba,0.666667,13,False,1,1
2688,0x5f99a9,0.333333,14,False,2,2
2689,0xae800,0.333333,6,False,2,2
2690,0x30e53c,0.000000,11,False,1,3
2691,0xe9a7e,0.666667,13,False,1,1
2692,0x92109c,1.000000,8,True,0,0
2693,0x41739d,1.000000,12,True,0,0
2694,0xf557a5,0.000000,15,False,1,3
2695,0x7f7c69,1.000000,16,True,0,0
2696,0x564d79,0.666667,13,False,1,1
2697,0x8ea783,1.000000,12,True,0,0
2698,0x78d403,0.333333,10,False,2,2
2699,0x475aed,0.333333,14,False,2,2
2700,0x210199,0.000000,7,False,1,3
2701,0x4f8cf1,0.666667,13,False,1,1
2702,0xe77cdb,0.666667,17,False,1,1
2703,0x882513,1.000000,8,True,0,0
2704,0x6f8951,1.000000,12,True,0,0
2705,0xda532f,0.333333,14,False,2,2
2706,0xcc34,0.000000,7,False,1,3
2707,0x43cb25,0.000000,11,False,1,3
2708,0xab8b04,0.333333,10,False,2,2
2709,0xfa6e1a,0.333333,14,False,2,2
2710,0x989c09,0.666667,9,False,1,1
2711,0x72f2a,0.000000,11,False,1,3
2712,0x5c3731,1.000000,12,True,0,0
2713,0x9a92e,0.333333,10,False,2,2
2714,0x30782c,0.666667,9,False,1,1
2715,0x5cef21,0.666667,13,False,1,1
2716,0x899883,0.666667,9,False,1,1
2717,0xd11ddc,0.666667,13,False,1,1
2718,0x283a4e,0.333333,10,False,2,2
2719,0x2306dc,0.333333,10,False,2,2
2720,0xa0531e,0.333333,10,False,2,2
2721,0xd3393b,0.333333,14,False,2,2
2722,0xd89ea8,1.000000,12,True,0,0
2723,0x502f70,0.333333,10,False,2,2
2724,0xc31b9a,1.000000,12,True,0,0
2725,0x469784,0.333333,10,False,2,2
2726,0x68cf15,1.000000,12,True,0,0
2727,0xd94b90,0.000000,11,False,1,3
2728,0xb67c64,0.666667,13,False,1,1
2729,0x9e44cf,0.666667,13,False,1,1
2730,0xd47c1c,1.000000,12,True,0,0
2731,0x864d33,0.000000,11,False,1,3
2732,0x4ed447,1.000000,12,True,0,0
2733,0xe85ef6,0.000000,15,False,1,3
2734,0x75be1e,0.000000,15,False,1,3
2735,0x2ba162,0.333333,10,False,2,2
2736,0x11e47,0.666667,9,False,1,1
2737,0xfc165d,0.333333,14,False,2,2
2738,0x81bb16,0.000000,11,False,1,3
2739,0xc2f7b7,1.000000,16,True,0,0
2740,0x4583de,1.000000,12,True,0,0
2741,0x8e6f29,0.666667,13,False,1,1
2742,0xc72ebd,0.000000,15,False,1,3
2743,0x42159b,0.333333,10,False,2,2
2744,0x8fc9d9,0.333333,14,False,2,2
2745,0x62b13e,1.000000,12,True,0,0
2746,0xc5e77e,1.000000,16,True,0,0
2747,0x3e771f,1.000000,16,True,0,0
2748,0x598cd9,1.000000,12,True,0,0
2749,0x6601c9,0.666667,9,False,1,1
2750,0x6eddf1,1.000000,16,True,0,0
2751,0x25d90b,0.000000,11,False,1,3
2752,0x82e7ec,0.666667,13,False,1,1
2753,0xbbbdc1,0.000000,15,False,1,3
2754,0x9cacd9,0.666667,13,False,1,1
2755,0x23ec22,0.333333,10,False,2,2
2756,0xa9e012,0.666667,9,False,1,1
2757,0x60bf25,1.000000,12,True,0,0
2758,0xe05db3,0.666667,13,False,1,1
2759,0x3f51d9,0.333333,14,False,2,2
2760,0x6fa934,0.666667,13,False,1,1
2761,0x4a65fa,0.666667,13,False,1,1
2762,0xcbc047,0.000000,11,False,1,3
2763,0x4379ef,0.000000,15,False,1,3
2764,0xc59e52,1.000000,12,True,0,0
2765,0x98d199,0.000000,11,False,1,3
2766,0x82882a,0.000000,7,False,1,3
2767,0x98a914,0.666667,9,False,1,1
2768,0xc53803,0.666667,9,False,1,1
2769,0x47ffbf,0.000000,19,False,3,3
2770,0xf71acd,0.000000,15,False,1,3
2771,0x1052b8,1.000000,8,True,0,0
2772,0xf7dcfe,0.000000,19,False,3,3
2773,0xb01529,0.666667,9,False,1,1
2774,0x93354a,0.000000,11,False,1,3
2775,0xd964f5,0.333333,14,False,2,2
2776,0xa0ca54,0.666667,9,False,1,1
2777,0x28625a,0.666667,9,False,1,1
2778,0x3df25d,0.000000,15,False,1,3
2779,0x659d36,0.666667,13,False,1,1
2780,0x7116db,0.666667,13,False,1,1
2781,0xccb74b,0.333333,14,False,2,2
2782,0x965087,0.333333,10,False,2,2
2783,0x30f7c3,0.666667,13,False,1,1
2784,0x325c05,0.666667,9,False,1,1
2785,0x299558,0.333333,10,False,2,2
2786,0x5a9034,0.666667,9,False,1,1
2787,0xbf473a,0.000000,15,False,1,3
2788,0x279caa,1.000000,12,True,0,0
2789,0x9449c2,0.666667,9,False,1,1
2790,0x85e441,0.666667,9,False,1,1
2791,0x7631fa,0.333333,14,False,2,2
2792,0x1c442e,0.666667,9,False,1,1
2793,0xcd7569,0.333333,14,False,2,2
2794,0x7b5abf,0.666667,17,False,1,1
2795,0x1761c1,0.333333,10,False,2,2
2796,0xa3514a,0.333333,10,False,2,2
2797,0xc3675f,0.000000,15,False,1,3
2798,0x1ce604,0.666667,9,False,1,1
2799,0x38c2c9,0.333333,10,False,2,2
2800,0xf7286d,0.333333,14,False,2,2
2801,0xa6c695,1.000000,12,True,0,0
2802,0x4e86ce,1.000000,12,True,0,0
2803,0xe381a2,0.333333,10,False,2,2
2804,0x352e4e,1.000000,12,True,0,0
2805,0xfa38bf,1.000000,16,True,0,0
2806,0x822051,0.333333,6,False,2,2
2807,0x60a3ad,0.000000,11,False,1,3
2808,0x6b8b23,1.000000,12,True,0,0
2809,0x8bb0f9,0.666667,13,False,1,1
2810,0x8d2626,0.333333,10,False,2,2
2811,0x8a5888,1.000000,8,True,0,0
2812,0xb1c727,0.666667,13,False,1,1
2813,0xbd55ae,0.000000,15,False,1,3
2814,0x708481,0.000000,7,False,1,3
2815,0xc68dc5,1.000000,12,True,0,0
2816,0xc3133e,1.000000,12,True,0,0
2817,0xbd3841,0.000000,11,False,1,3
2818,0x38b08f,0.000000,11,False,1,3
2819,0x8c46ba,0.000000,11,False,1,3
2820,0x44503f,0.333333,10,False,2,2
2821,0xe42036,0.666667,9,False,1,1
2822,0xf29da5,0.333333,14,False,2,2
2823,0x9d37f3,1.000000,16,True,0,0
2824,0xa86c32,0.333333,10,False,2,2
2825,0x1b391e,1.000000,12,True,0,0
2826,0xba81cb,1.000000,12,True,0,0
2827,0xf01f74,0.666667,13,False,1,1
2828,0xb6c4f,1.000000,12,True,0,0
2829,0xfced41,0.333333,14,False,2,2
2830,0x5b0e46,0.000000,11,False,1,3
2831,0x93929d,1.000000,12,True,0,0
2832,0x97ffef,1.000000,20,False,4,0
2833,0x8a46b8,0.333333,10,False,2,2
2834,0xe84c4e,0.000000,11,False,1,3
2835,0xc808d,0.000000,7,False,1,3
2836,0x346011,0.000000,7,False,1,3
2837,0x27a010,0.000000,7,False,1,3
2838,0xacdf61,0.333333,14,False,2,2
2839,0xd6893b,0.666667,13,False,1,1
2840,0xdb1fce,1.000000,16,True,0,0
2841,0xf09c7c,0.666667,13,False,1,1
2842,0xa248f5,0.000000,11,False,1,3
2843,0x72cf74,0.333333,14,False,2,2
2844,0xa7447c,1.000000,12,True,0,0
2845,0x9e53c7,0.333333,14,False,2,2
2846,0x534689,0.333333,10,False,2,2
2847,0x67ac0a,0.000000,11,False,1,3
2848,0x611bbc,1.000000,12,True,0,0
2849,0x39c621,0.333333,10,False,2,2
2850,0x711482,1.000000,8,True,0,0
2851,0x72a2b1,0.000000,11,False,1,3
2852,0x16e9a3,1.000000,12,True,0,0
2853,0xfa310b,1.000000,12,True,0,0
2854,0xebb6aa,0.000000,15,False,1,3
2855,0xd7393f,1.000000,16,True,0,0
2856,0x6426fd,0.666667,13,False,1,1
2857,0x2fe217,0.666667,13,False,1,1
2858,0x997ebb,1.000000,16,True,0,0
2859,0xfe436f,1.000000,16,True,0,0
2860,0x344ee7,0.666667,13,False,1,1
2861,0xb7f548,0.333333,14,False,2,2
2862,0x7045e8,0.333333,10,False,2,2
2863,0xd4db89,0.666667,13,False,1,1
2864,0x25cfce,0.333333,14,False,2,2
2865,0x8cabdf,0.000000,15,False,1,3
2866,0x63d466,1.000000,12,True,0,0
2867,0xa63687,1.000000,12,True,0,0
2868,0x6bd344,1.000000,12,True,0,0
2869,0xb4ee58,0.666667,13,False,1,1
2870,0x548961,0.666667,9,False,1,1
2871,0x4527e2,0.000000,11,False,1,3
2872,0xdf25f7,0.666667,17,False,1,1
2873,0x28eb2c,0.000000,11,False,1,3
2874,0x1c7946,0.000000,11,False,1,3
2875,0x55d3f6,0.000000,15,False,1,3
2876,0xb3dd24,0.666667,13,False,1,1
2877,0xeef735,0.666667,17,False,1,1
2878,0x831eef,0.333333,14,False,2,2
2879,0x5bcf82,0.666667,13,False,1,1
2880,0xa9db81,1.000000,12,True,0,0
2881,0x3f957d,1.000000,16,True,0,0
2882,0xf1ac38,1.000000,12,True,0,0
2883,0x7500bb,0.000000,11,False,1,3
2884,0x2f3c5b,0.333333,14,False,2,2
2885,0xceb060,0.333333,10,False,2,2
2886,0x6301d9,0.333333,10,False,2,2
2887,0xa97472,1.000000,12,True,0,0
2888,0xce1ffa,1.000000,16,True,0,0
2889,0x3e9966,0.666667,13,False,1,1
2890,0x3aa611,0.333333,10,False,2,2
2891,0x569823,0.333333,10,False,2,2
2892,0x18c9e5,0.000000,11,False,1,3
2893,0x66ebdd,1.000000,16,True,0,0
2894,0x7588af,0.666667,13,False,1,1
2895,0x7b0c02,0.666667,9,False,1,1
2896,0xdd5c18,1.000000,12,True,0,0
2897,0x1ea0f5,1.000000,12,True,0,0
2898,0x438e57,1.000000,12,True,0,0
2899,0x60f57b,0.333333,14,False,2,2
2900,0x10ad1,0.000000,7,False,1,3
2901,0x3b8b7a,0.333333,14,False,2,2
2902,0x54358a,0.333333,10,False,2,2
2903,0x24b417,0.333333,10,False,2,2
2904,0x31ccf,0.000000,11,False,1,3
2905,0xe60b2b,1.000000,12,True,0,0
2906,0x913e2b,1.000000,12,True,0,0
2907,0xfccfd6,0.666667,17,False,1,1
2908,0xd416ed,0.666667,13,False,1,1
2909,0x9202ed,0.333333,10,False,2,2
2910,0xc1c654,0.333333,10,False,2,2
2911,0xcb57cd,0.000000,15,False,1,3
2912,0xb8808a,1.000000,8,True,0,0
2913,0xb546c,0.333333,10,False,2,2
2914,0xd5a94,0.333333,10,False,2,2
2915,0x60f205,0.666667,9,False,1,1
2916,0xf3350d,0.666667,13,False,1,1
2917,0xb8899d,1.000000,12,True,0,0
2918,0x60f8b3,1.000000,12,True,0,0
2919,0x7d9391,0.666667,13,False,1,1
2920,0x272f5,0.000000,11,False,1,3
2921,0x4a3743,0.000000,11,False,1,3
2922,0x48abe9,1.000000,12,True,0,0
2923,0x9a9aa5,1.000000,12,True,0,0
2924,0xcb4bee,0.000000,15,False,1,3
2925,0x48a1ce,0.333333,10,False,2,2
2926,0x70457b,1.000000,12,True,0,0
2927,0x2ad3c7,0.666667,13,False,1,1
2928,0x6aaefe,1.000000,16,True,0,0
2929,0xc2f7cc,0.333333,14,False,2,2
2930,0x7c58b,0.000000,11,False,1,3
2931,0xcc09cc,0.333333,10,False,2,2
2932,0xd7614e,0.666667,13,False,1,1
2933,0x345d81,0.333333,10,False,2,2
2934,0xa5abb8,0.666667,13,False,1,1
2935,0x7c60df,0.333333,14,False,2,2
2936,0x6d723f,0.000000,15,False,1,3
2937,0x9d244f,1.000000,12,True,0,0
2938,0x7f421d,0.666667,13,False,1,1
2939,0x1d2952,0.333333,10,False,2,2
2940,0xbd5935,0.333333,14,False,2,2
2941,0x96c0ed,1.000000,12,True,0,0
2942,0xa8e1e3,1.000000,12,True,0,0
2943,0x8af945,1.000000,12,True,0,0
2944,0x102019,0.666667,5,False,3,1
2945,0xdba04f,0.666667,13,False,1,1
2946,0x140508,0.666667,5,False,3,1
2947,0x195c25,0.333333,10,False,2,2
2948,0x620b10,0.000000,7,False,1,3
2949,0xd4ab66,0.666667,13,False,1,1
2950,0xdb0420,1.000000,8,True,0,0
2951,0x374401,1.000000,8,True,0,0
2952,0x2d9aee,0.333333,14,False,2,2
2953,0xdccc1,0.333333,10,False,2,2
2954,0x7a4e2d,0.666667,13,False,1,1
2955,0x71756b,0.333333,14,False,2,2
2956,0x9db146,1.000000,12,True,0,0
2957,0x3b692a,1.000000,12,True,0,0
2958,0x61df66,0.333333,14,False,2,2
2959,0x54258d,0.333333,10,False,2,2
2960,0xc01e80,0.000000,7,False,1,3
2961,0x1ebd45,0.666667,13,False,1,1
2962,0xaaf885,1.000000,12,True,0,0
2963,0x63f188,0.000000,11,False,1,3
2964,0x3651f8,1.000000,12,True,0,0
2965,0x922533,0.333333,10,False,2,2
2966,0xe174a5,1.000000,12,True,0,0
2967,0xcfdf2f,0.333333,18,False,2,2
2968,0xc00a1e,1.000000,8,True,0,0
2969,0x6eb913,0.666667,13,False,1,1
2970,0x9e35e1,0.666667,13,False,1,1
2971,0xc7b182,0.000000,11,False,1,3
2972,0x20c98f,0.333333,10,False,2,2
2973,0x54c252,0.666667,9,False,1,1
2974,0x2d8521,0.666667,9,False,1,1
2975,0x384594,0.666667,9,False,1,1
2976,0x951af2,1.000000,12,True,0,0
2977,0xf5e280,0.000000,11,False,1,3
2978,0x2f3f4d,0.000000,15,False,1,3
2979,0x594982,0.666667,9,False,1,1
2980,0x675483,0.000000,11,False,1,3
2981,0xef7b9b,0.333333,18,False,2,2
2982,0x4acac9,0.000000,11,False,1,3
2983,0xe870ac,0.000000,11,False,1,3
2984,0x71b592,1.000000,12,True,0,0
2985,0x312cbb,1.000000,12,True,0,0
2986,0x3f9987,0.333333,14,False,2,2
2987,0xd87903,0.000000,11,False,1,3
2988,0x95eced,0.000000,15,False,1,3
2989,0xe90cc6,0.000000,11,False,1,3
2990,0x7a1086,0.666667,9,False,1,1
2991,0x8f2f4d,0.333333,14,False,2,2
2992,0xd544ac,0.000000,11,False,1,3
2993,0x70a634,0.333333,10,False,2,2
2994,0xcab5a,0.000000,11,False,1,3
2995,0x961cc3,0.000000,11,False,1,3
2996,0x97e949,0.666667,13,False,1,1
2997,0x65b290,0.333333,10,False,2,2
2998,0x9db975,0.000000,15,False,1,3
2999,0x1a309e,0.333333,10,False,2,2
3000,0xafaca1,0.666667,13,False,1,1
3001,0x66c141,0.666667,9,False,1,1
3002,0xc7d9e9,0.000000,15,False,1,3
3003,0xdba877,0.000000,15,False,1,3
3004,0x469c4e,0.000000,11,False,1,3
3005,0x440249,0.333333,6,False,2,2
3006,0x6e88af,0.666667,13,False,1,1
3007,0x43f593,0.666667,13,False,1,1
3008,0x761402,1.000000,8,True,0,0
3009,0x7fa52d,0.000000,15,False,1,3
3010,0xf75346,0.333333,14,False,2,2
3011,0x504b6c,0.333333,10,False,2,2
3012,0x4196fe,0.666667,13,False,1,1
3013,0xd6101e,0.333333,10,False,2,2
3014,0xea3e1,0.000000,11,False,1,3
3015,0x670111,1.000000,8,True,0,0
3016,0x67ddc0,0.666667,13,False,1,1
3017,0x1ba2e,0.333333,10,False,2,2
3018,0xeeecfc,0.666667,17,False,1,1
3019,0x5dafe7,0.666667,17,False,1,1
3020,0xec11fd,0.333333,14,False,2,2
3021,0xdf664,1.000000,12,True,0,0
3022,0xd102,0.666667,5,False,3,1
3023,0x742de2,1.000000,12,True,0,0
3024,0xd8de68,0.666667,13,False,1,1
3025,0x562ed9,0.666667,13,False,1,1
3026,0x9fbf6d,0.333333,18,False,2,2
3027,0xa881d3,0.333333,10,False,2,2
3028,0xea6837,0.666667,13,False,1,1
3029,0x974c6e,0.666667,13,False,1,1
3030,0xdfc822,1.000000,12,True,0,0
3031,0x2c9c0d,0.333333,10,False,2,2
3032,0xf5419c,1.000000,12,True,0,0
3033,0x64ff9f,0.666667,17,False,1,1
3034,0xbc48cc,0.000000,11,False,1,3
3035,0xc1df3,1.000000,12,True,0,0
3036,0x976e62,0.666667,13,False,1,1
3037,0xa67781,1.000000,12,True,0,0
3038,0x71b770,0.666667,13,False,1,1
3039,0x4b763a,0.666667,13,False,1,1
3040,0xcc4b85,0.000000,11,False,1,3
3041,0xcb876a,0.666667,13,False,1,1
3042,0x7b42e4,1.000000,12,True,0,0
3043,0xcc8452,0.666667,9,False,1,1
3044,0x50d176,0.000000,11,False,1,3
3045,0x53ac6b,0.666667,13,False,1,1
3046,0xb6df0b,0.000000,15,False,1,3
3047,0x99b835,1.000000,12,True,0,0
3048,0x358bd,0.000000,11,False,1,3
3049,0x7db6ec,1.000000,16,True,0,0
3050,0xcd80f3,1.000000,12,True,0,0
3051,0x8a6e26,0.000000,11,False,1,3
3052,0x33e0e7,0.666667,13,False,1,1
3053,0xc36841,0.666667,9,False,1,1
3054,0x74737a,0.333333,14,False,2,2
3055,0x83fdc8,0.666667,13,False,1,1
3056,0x7d5462,1.000000,12,True,0,0
3057,0xf836bf,1.000000,16,True,0,0
3058,0x5e862f,0.666667,13,False,1,1
3059,0x63cf10,0.000000,11,False,1,3
3060,0x53d7b6,0.000000,15,False,1,3
3061,0x8ba644,0.333333,10,False,2,2
3062,0xf979d4,0.000000,15,False,1,3
3063,0x4df591,0.666667,13,False,1,1
3064,0x366840,1.000000,8,True,0,0
3065,0xd10ad4,0.333333,10,False,2,2
3066,0x2bab22,0.000000,11,False,1,3
3067,0xb89dad,0.333333,14,False,2,2
3068,0xbeb019,1.000000,12,True,0,0
3069,0xdac09,0.666667,9,False,1,1
3070,0x76e9be,1.000000,16,True,0,0
3071,0x504f2d,0.000000,11,False,1,3
3072,0x3891a5,0.333333,10,False,2,2
3073,0x1a9182,1.000000,8,True,0,0
3074,0x3802e3,0.666667,9,False,1,1
3075,0x2eb30f,0.666667,13,False,1,1
3076,0x510b48,1.000000,8,True,0,0
3077,0x9bd816,1.000000,12,True,0,0
3078,0xc49d32,0.000000,11,False,1,3
3079,0x6d9275,0.666667,13,False,1,1
3080,0x7cf629,0.333333,14,False,2,2
3081,0xf41a52,0.000000,11,False,1,3
3082,0x5c551,0.666667,9,False,1,1
3083,0xffd1f4,0.666667,17,False,1,1
3084,0x235e55,1.000000,12,True,0,0
3085,0x41fd13,1.000000,12,True,0,0
3086,0xa75c9e,0.333333,14,False,2,2
3087,0x25ccc9,0.000000,11,False,1,3
3088,0xe0a669,0.000000,11,False,1,3
3089,0xa146d8,0.333333,10,False,2,2
3090,0x923aa,0.666667,9,False,1,1
3091,0x2dccdd,0.333333,14,False,2,2
3092,0x977991,0.666667,13,False,1,1
3093,0xdb2362,1.000000,12,True,0,0
3094,0x2ced00,0.666667,9,False,1,1
3095,0x282e1c,0.666667,9,False,1,1
3096,0x74d0c,0.666667,9,False,1,1
3097,0xfca24e,0.666667,13,False,1,1
3098,0xc8655a,0.000000,11,False,1,3
3099,0x90e35d,1.000000,12,True,0,0
3100,0x6d6176,0.666667,13,False,1,1
3101,0x5f90a4,0.000000,11,False,1,3
3102,0x73ab2a,0.666667,13,False,1,1
3103,0xa05aa1,0.666667,9,False,1,1
3104,0xcac77c,0.333333,14,False,2,2
3105,0x98244f,0.333333,10,False,2,2
3106,0x414f4e,0.000000,11,False,1,3
3107,0xf81324,0.333333,10,False,2,2
3108,0xda8b7,1.000000,12,True,0,0
3109,0x316096,0.666667,9,False,1,1
3110,0x151cbc,0.000000,11,False,1,3
3111,0x74db1a,0.666667,13,False,1,1
3112,0x1579f6,0.333333,14,False,2,2
3113,0x380750,1.000000,8,True,0,0
3114,0x4abac7,0.666667,13,False,1,1
3115,0xc75d5b,0.000000,15,False,1,3
3116,0x3de5c5,0.333333,14,False,2,2
3117,0x2c23c8,0.666667,9,False,1,1
3118,0x964cb6,1.000000,12,True,0,0
3119,0xfda849,0.666667,13,False,1,1
3120,0xd5b67b,1.000000,16,True,0,0
3121,0xf226bb,0.333333,14,False,2,2
3122,0x5452ad,0.000000,11,False,1,3
3123,0x2ecae1,1.000000,12,True,0,0
3124,0x599267,1.000000,12,True,0,0
3125,0x72e57,1.000000,12,True,0,0
3126,0xa06089,0.000000,7,False,1,3
3127,0x247940,1.000000,8,True,0,0
3128,0x7ec54c,0.666667,13,False,1,1
3129,0x3e398d,0.666667,13,False,1,1
3130,0x95601f,0.000000,11,False,1,3
3131,0xa99ecb,0.333333,14,False,2,2
3132,0xac7e26,0.666667,13,False,1,1
3133,0xa887ab,1.000000,12,True,0,0
3134,0xf23fab,1.000000,16,True,0,0
3135,0xc897e,0.000000,11,False,1,3
3136,0x86a8b6,0.000000,11,False,1,3
3137,0xe7a3a2,0.666667,13,False,1,1
3138,0xe8c595,1.000000,12,True,0,0
3139,0x6cf284,0.000000,11,False,1,3
3140,0x498ce6,0.000000,11,False,1,3
3141,0x60c59,1.000000,8,True,0,0
3142,0x563e29,1.000000,12,True,0,0
3143,0x79b5a9,0.333333,14,False,2,2
3144,0x3bdefe,0.333333,18,False,2,2
3145,0xa58201,0.000000,7,False,1,3
3146,0xdf6beb,0.333333,18,False,2,2
3147,0xced208,0.333333,10,False,2,2
3148,0x309979,0.000000,11,False,1,3
3149,0x3d1328,0.333333,10,False,2,2
3150,0x3a5310,0.666667,9,False,1,1
3151,0xa52a04,1.000000,8,True,0,0
3152,0x7ca1f4,0.666667,13,False,1,1
3153,0x7fc824,1.000000,12,True,0,0
3154,0x16429e,0.333333,10,False,2,2
3155,0xd0b3a2,0.000000,11,False,1,3
3156,0x126a4d,0.333333,10,False,2,2
3157,0x18f13d,1.000000,12,True,0,0
3158,0x3e7147,0.666667,13,False,1,1
3159,0x2756de,0.333333,14,False,2,2
3160,0x4cffbe,0.666667,17,False,1,1
3161,0x4b469e,1.000000,12,True,0,0
3162,0xd0749c,0.000000,11,False,1,3
3163,0x20ece6,0.000000,11,False,1,3
3164,0xe7a20d,1.000000,12,True,0,0
3165,0x9a9fc4,0.666667,13,False,1,1
3166,0xcb7bbd,0.666667,17,False,1,1
3167,0x48a4cb,0.333333,10,False,2,2
3168,0x826e1c,0.333333,10,False,2,2
3169,0x3d3f60,0.666667,13,False,1,1
3170,0xbd4532,1.000000,12,True,0,0
3171,0xa85314,0.666667,9,False,1,1
3172,0x2a49c9,0.333333,10,False,2,2
3173,0x66c7d2,0.666667,13,False,1,1
3174,0x81b899,0.333333,10,False,2,2
3175,0xf0e635,0.666667,13,False,1,1
3176,0x66001c,0.000000,7,False,1,3
3177,0xc56bff,0.666667,17,False,1,1
3178,0x564f7c,0.333333,14,False,2,2
3179,0xe5ca22,0.000000,11,False,1,3
3180,0x2308fd,0.000000,11,False,1,3
3181,0xaed549,0.666667,13,False,1,1
3182,0xf68717,0.333333,14,False,2,2
3183,0x604bfb,0.666667,13,False,1,1
3184,0xca97d0,1.000000,12,True,0,0
3185,0x43d5f1,0.666667,13,False,1,1
3186,0xca3745,1.000000,12,True,0,0
3187,0xa5b9c8,1.000000,12,True,0,0
3188,0x563fe3,0.000000,15,False,1,3
3189,0x2a8ce9,0.000000,11,False,1,3
3190,0x937f0d,0.333333,14,False,2,2
3191,0x7544e9,1.000000,12,True,0,0
3192,0x9f0b7a,0.333333,14,False,2,2
3193,0x4d545f,0.666667,13,False,1,1
3194,0x1e2547,0.000000,11,False,1,3
3195,0xfd1a8c,0.666667,13,False,1,1
3196,0x4a80b1,1.000000,8,True,0,0
3197,0x6bae5a,0.333333,14,False,2,2
3198,0x70f1c7,0.666667,13,False,1,1
3199,0x868e50,0.666667,9,False,1,1
3200,0xa82df0,0.000000,11,False,1,3
3201,0xe9088b,0.333333,10,False,2,2
3202,0x58c0ed,0.000000,11,False,1,3
3203,0xb41f49,1.000000,12,True,0,0
3204,0xa630b3,0.000000,11,False,1,3
3205,0x8a119c,0.666667,9,False,1,1
3206,0x7ff866,1.000000,16,True,0,0
3207,0xec3efc,1.000000,16,True,0,0
3208,0x8593e,0.333333,10,False,2,2
3209,0x6a5ba9,0.666667,13,False,1,1
3210,0x92e092,0.666667,9,False,1,1
3211,0x3c16f1,1.000000,12,True,0,0
3212,0xf7394d,0.000000,15,False,1,3
3213,0x3bcd93,0.333333,14,False,2,2
3214,0x7697ce,0.000000,15,False,1,3
3215,0x102805,0.666667,5,False,3,1
3216,0x46a41,0.000000,7,False,1,3
3217,0x3c7281,0.333333,10,False,2,2
3218,0x9d4c55,1.000000,12,True,0,0
3219,0x51b23b,1.000000,12,True,0,0
3220,0x78b66f,0.000000,15,False,1,3
3221,0x515e2e,1.000000,12,True,0,0
3222,0xc051eb,0.000000,11,False,1,3
3223,0x7dbfbb,0.000000,19,False,3,3
3224,0x48bbfc,0.333333,14,False,2,2
3225,0xf8f253,0.333333,14,False,2,2
3226,0xe0fd8,0.000000,11,False,1,3
3227,0xde9261,1.000000,12,True,0,0
3228,0x3985b9,1.000000,12,True,0,0
3229,0x3cd7e,0.666667,13,False,1,1
3230,0x973f40,1.000000,12,True,0,0
3231,0xe9864e,1.000000,12,True,0,0
3232,0x8ab5cd,0.666667,13,False,1,1
3233,0xcae9ff,0.666667,17,False,1,1
3234,0x3999d,0.000000,11,False,1,3
3235,0xc51d9f,0.333333,14,False,2,2
3236,0x774b1,0.000000,11,False,1,3
3237,0x5b094d,0.000000,11,False,1,3
3238,0x49ee4,0.333333,10,False,2,2
3239,0xde6100,0.666667,9,False,1,1
3240,0x8ecf2,0.000000,11,False,1,3
3241,0xd3a7,0.333333,10,False,2,2
3242,0xa337a3,0.666667,13,False,1,1
3243,0x36df68,0.333333,14,False,2,2
3244,0x426c7c,0.000000,11,False,1,3
3245,0xb99fe4,0.000000,15,False,1,3
3246,0x58f53f,0.000000,15,False,1,3
3247,0xd8f927,0.333333,14,False,2,2
3248,0xa66991,0.000000,11,False,1,3
3249,0x897310,0.666667,9,False,1,1
3250,0xdddf51,1.000000,16,True,0,0
3251,0x72d31c,1.000000,12,True,0,0
3252,0xa70cd,0.333333,10,False,2,2
3253,0x4e071c,0.333333,10,False,2,2
3254,0x809612,0.000000,7,False,1,3
3255,0xddea63,0.000000,15,False,1,3
3256,0xe9efff,1.000000,20,False,4,0
3257,0x2b78ae,0.666667,13,False,1,1
3258,0x6233b3,1.000000,12,True,0,0
3259,0x206a2c,1.000000,8,True,0,0
3260,0x1f27c5,0.666667,13,False,1,1
3261,0xfb9a44,0.666667,13,False,1,1
3262,0x9d2c7c,0.666667,13,False,1,1
3263,0xf876ac,0.333333,14,False,2,2
3264,0xe2f87e,0.000000,15,False,1,3
3265,0x9d8228,0.666667,9,False,1,1
3266,0x430f0b,0.333333,10,False,2,2
3267,0xcbb27f,1.000000,16,True,0,0
3268,0x4d2d5e,0.666667,13,False,1,1
3269,0x155417,0.333333,10,False,2,2
3270,0x64aca1,0.333333,10,False,2,2
3271,0x4010c4,0.666667,5,False,3,1
3272,0x7ea40a,0.000000,11,False,1,3
3273,0x29c87f,0.666667,13,False,1,1
3274,0x1bc794,1.000000,12,True,0,0
3275,0xf5ee64,0.000000,15,False,1,3
3276,0x799ce2,0.666667,13,False,1,1
3277,0x39dc32,1.000000,12,True,0,0
3278,0xf419c6,1.000000,12,True,0,0
3279,0x57434e,1.000000,12,True,0,0
3280,0x10beec,1.000000,12,True,0,0
3281,0xa7b780,1.000000,12,True,0,0
3282,0xf5c5b1,0.333333,14,False,2,2
3283,0xe5dd42,0.666667,13,False,1,1
3284,0x8f6b9e,0.000000,15,False,1,3
3285,0xf6921,0.333333,10,False,2,2
3286,0x964299,0.333333,10,False,2,2
3287,0x8e7ad7,0.000000,15,False,1,3
3288,0xbb2353,0.666667,13,False,1,1
3289,0xb68d30,0.000000,11,False,1,3
3290,0x85fac3,0.666667,13,False,1,1
3291,0xa8f585,1.000000,12,True,0,0
3292,0x9940d6,0.333333,10,False,2,2
3293,0xe29d96,0.666667,13,False,1,1
3294,0x4548bf,1.000000,12,True,0,0
3295,0xea159f,0.333333,14,False,2,2
3296,0x3149ee,1.000000,12,True,0,0
3297,0x411ac5,0.666667,9,False,1,1
3298,0x10313f,0.333333,10,False,2,2
3299,0x8ae880,1.000000,8,True,0,0
3300,0x145ddf,0.333333,14,False,2,2
3301,0x6add69,0.333333,14,False,2,2
3302,0x8e88a0,1.000000,8,True,0,0
3303,0x364937,1.000000,12,True,0,0
3304,0xde6ba6,0.000000,15,False,1,3
3305,0x96e1a7,0.666667,13,False,1,1
3306,0xd138fa,0.666667,13,False,1,1
3307,0xbbfd84,0.000000,15,False,1,3
3308,0x29a0ed,0.000000,11,False,1,3
3309,0x3b5918,0.000000,11,False,1,3
3310,0x898dab,1.000000,12,True,0,0
3311,0xce24f9,0.666667,13,False,1,1
3312,0xf8c4ec,0.666667,13,False,1,1
3313,0x88a5a4,0.666667,9,False,1,1
3314,0xa288be,0.000000,11,False,1,3
3315,0x6c9fc4,0.666667,13,False,1,1
3316,0x3f626,0.000000,11,False,1,3
3317,0xd7c5c5,0.333333,14,False,2,2
3318,0xa3b803,0.333333,10,False,2,2
3319,0x997b9a,0.333333,14,False,2,2
3320,0x99c693,1.000000,12,True,0,0
3321,0x2aa9e8,0.000000,11,False,1,3
3322,0x4cb57e,0.333333,14,False,2,2
3323,0x758091,0.666667,9,False,1,1
3324,0x6ece1f,0.000000,15,False,1,3
3325,0x688530,1.000000,8,True,0,0
3326,0x13ad92,0.000000,11,False,1,3
3327,0x23bfbf,0.666667,17,False,1,1
3328,0x9c0946,0.666667,9,False,1,1
3329,0xc60298,1.000000,8,True,0,0
3330,0xa486d9,0.000000,11,False,1,3
3331,0x93509f,1.000000,12,True,0,0
3332,0x49b805,0.666667,9,False,1,1
3333,0x976c63,0.666667,13,False,1,1
3334,0x71e649,1.000000,12,True,0,0
3335,0xd5d1c0,0.000000,11,False,1,3
3336,0xf705f2,0.333333,14,False,2,2
3337,0xb50710,0.666667,9,False,1,1
3338,0xf0578d,0.666667,13,False,1,1
3339,0x7eb3fa,0.666667,17,False,1,1
3340,0x9fad36,0.000000,15,False,1,3
3341,0xff3a37,0.666667,17,False,1,1
3342,0xb05568,0.333333,10,False,2,2
3343,0x1aa35,0.666667,9,False,1,1
3344,0x213a93,0.333333,10,False,2,2
3345,0x7a267d,0.333333,14,False,2,2
3346,0x9ea7ee,1.000000,16,True,0,0
3347,0xd6e11d,0.666667,13,False,1,1
3348,0xcbe954,0.666667,13,False,1,1
3349,0xc73293,1.000000,12,True,0,0
3350,0x882c6,0.000000,7,False,1,3
3351,0x6d4769,0.666667,13,False,1,1
3352,0x3f0c55,1.000000,12,True,0,0
3353,0xfdfb88,1.000000,16,True,0,0
3354,0x11ffed,1.000000,16,True,0,0
3355,0xb004fd,0.000000,11,False,1,3
3356,0xd52f91,0.666667,13,False,1,1
3357,0x1f7c26,0.666667,13,False,1,1
3358,0xd38fb4,0.333333,14,False,2,2
3359,0xb4a55c,1.000000,12,True,0,0
3360,0x387aa3,1.000000,12,True,0,0
3361,0x72eded,1.000000,16,True,0,0
3362,0xe4b278,1.000000,12,True,0,0
3363,0xaef2e5,0.000000,15,False,1,3
3364,0x6f6695,0.333333,14,False,2,2
3365,0xe32798,1.000000,12,True,0,0
3366,0x17bddb,1.000000,16,True,0,0
3367,0x96fabf,0.666667,17,False,1,1
3368,0x3ef991,0.333333,14,False,2,2
3369,0x2128cb,0.666667,9,False,1,1
3370,0x69b79b,0.000000,15,False,1,3
3371,0x8dfef3,0.666667,17,False,1,1
3372,0x369cf2,0.666667,13,False,1,1
3373,0x479a27,1.000000,12,True,0,0
3374,0xd9786f,0.000000,15,False,1,3
3375,0xf9a3fa,1.000000,16,True,0,0
3376,0x9dff6b,0.333333,18,False,2,2
3377,0xc6a020,0.000000,7,False,1,3
3378,0xc6018,0.333333,6,False,2,2
3379,0x3dc308,0.333333,10,False,2,2
3380,0x94394b,0.000000,11,False,1,3
3381,0x8aac55,0.000000,11,False,1,3
3382,0xd0e285,0.333333,10,False,2,2
3383,0x6e7af7,0.666667,17,False,1,1
3384,0x54e10a,0.666667,9,False,1,1
3385,0x845f0a,0.333333,10,False,2,2
3386,0xb01ebd,0.666667,13,False,1,1
3387,0x93d490,0.333333,10,False,2,2
3388,0xd49b41,0.000000,11,False,1,3
3389,0x28f4f3,0.666667,13,False,1,1
3390,0x8fc27a,0.666667,13,False,1,1
3391,0x4372e6,1.000000,12,True,0,0
3392,0x1c3dc6,1.000000,12,True,0,0
3393,0xc7d8d0,1.000000,12,True,0,0
3394,0x8dd0d8,0.000000,11,False,1,3
3395,0x979f03,0.666667,13,False,1,1
3396,0xb6dc01,0.000000,11,False,1,3
3397,0xfe1d06,0.666667,13,False,1,1
3398,0x941279,0.333333,10,False,2,2
3399,0x6a0b9c,0.000000,11,False,1,3
3400,0x114b3b,0.000000,11,False,1,3
3401,0x667c21,0.000000,11,False,1,3
3402,0x31931a,0.333333,10,False,2,2
3403,0x3d3ba4,0.666667,13,False,1,1
3404,0x4ebb25,0.666667,13,False,1,1
3405,0xab4720,0.333333,10,False,2,2
3406,0xafcfcd,0.666667,17,False,1,1
3407,0xcf5e5f,0.666667,17,False,1,1
3408,0xbb6f07,0.000000,15,False,1,3
3409,0xd51fa,1.000000,12,True,0,0
3410,0x21907e,0.333333,10,False,2,2
3411,0x12077c,0.333333,10,False,2,2
3412,0x94d065,0.333333,10,False,2,2
3413,0x5da838,0.000000,11,False,1,3
3414,0x461131,1.000000,8,True,0,0
3415,0x9a2b15,0.000000,11,False,1,3
3416,0x6b717b,0.000000,15,False,1,3
3417,0x52e6e4,1.000000,12,True,0,0
3418,0x341c6c,0.333333,10,False,2,2
3419,0x1c696c,0.000000,11,False,1,3
3420,0xda93a7,0.333333,14,False,2,2
3421,0xc5de4c,0.666667,13,False,1,1
3422,0xc6a73a,0.666667,13,False,1,1
3423,0xe0022f,0.666667,9,False,1,1
3424,0xae104f,0.000000,11,False,1,3
3425,0xdbc2dc,0.333333,14,False,2,2
3426,0x6931a2,0.333333,10,False,2,2
3427,0x34af26,1.000000,12,True,0,0
3428,0xc6346c,0.000000,11,False,1,3
3429,0x5b77ac,0.000000,15,False,1,3
3430,0xeada88,1.000000,12,True,0,0
3431,0x8df87d,0.000000,15,False,1,3
3432,0xa00910,0.666667,5,False,3,1
3433,0xfd00f7,0.333333,14,False,2,2
3434,0xc50f6,0.333333,10,False,2,2
3435,0x13aff1,0.333333,14,False,2,2
3436,0x1ee09b,1.000000,12,True,0,0
3437,0xacda4c,1.000000,12,True,0,0
3438,0xe7e8f8,0.000000,15,False,1,3
3439,0xcd7321,1.000000,12,True,0,0
3440,0xbc74d2,0.666667,13,False,1,1
3441,0x43c307,0.333333,10,False,2,2
3442,0xdbcc8c,0.666667,13,False,1,1
3443,0x27c4df,0.333333,14,False,2,2
3444,0x957350,0.000000,11,False,1,3
3445,0x98f44,0.666667,9,False,1,1
3446,0x23d41b,0.000000,11,False,1,3
3447,0xa7b906,1.000000,12,True,0,0
3448,0x2105e8,1.000000,8,True,0,0
3449,0x128293,1.000000,8,True,0,0
3450,0x79b5ca,0.333333,14,False,2,2
3451,0xe9e1b0,1.000000,12,True,0,0
3452,0x4de128,0.333333,10,False,2,2
3453,0x3c872c,0.000000,11,False,1,3
3454,0xf6b14d,0.333333,14,False,2,2
3455,0x26f2a7,0.666667,13,False,1,1
3456,0xc7d9ca,0.333333,14,False,2,2
3457,0xb6ebe5,1.000000,16,True,0,0
3458,0xf573a2,0.333333,14,False,2,2
3459,0x7cc305,0.000000,11,False,1,3
3460,0xfc53c6,0.333333,14,False,2,2
3461,0xeb3401,0.333333,10,False,2,2
3462,0x704ba4,0.333333,10,False,2,2
3463,0xa5563d,0.666667,13,False,1,1
3464,0x534c0d,0.333333,10,False,2,2
3465,0x58f5e1,0.666667,13,False,1,1
3466,0xb9016e,0.000000,11,False,1,3
3467,0xeff87e,0.333333,18,False,2,2
3468,0x6a33ea,0.666667,13,False,1,1
3469,0x6a1ca6,0.000000,11,False,1,3
3470,0x4c96c1,0.333333,10,False,2,2
3471,0x7442c1,0.666667,9,False,1,1
3472,0xa6d86d,0.666667,13,False,1,1
3473,0x4d70f9,0.666667,13,False,1,1
3474,0xb858a9,0.000000,11,False,1,3
3475,0x6d5f8d,0.000000,15,False,1,3
3476,0xde69a5,0.333333,14,False,2,2
3477,0x6057fb,0.333333,14,False,2,2
3478,0xde04c4,0.333333,10,False,2,2
3479,0xe6121c,0.333333,10,False,2,2
3480,0x27ddcf,1.000000,16,True,0,0
3481,0x6d9d5f,1.000000,16,True,0,0
3482,0x34dbf1,0.333333,14,False,2,2
3483,0x3d4aa1,0.000000,11,False,1,3
3484,0x55e4ef,0.000000,15,False,1,3
3485,0x7e6724,0.666667,13,False,1,1
3486,0xa72949,0.000000,11,False,1,3
3487,0x1fe3,0.333333,10,False,2,2
3488,0x579089,0.333333,10,False,2,2
3489,0x41fbd0,1.000000,12,True,0,0
3490,0x987890,0.666667,9,False,1,1
3491,0xb47329,1.000000,12,True,0,0
3492,0x39480f,0.333333,10,False,2,2
3493,0x2edf4b,0.000000,15,False,1,3
3494,0x3c12a9,0.333333,10,False,2,2
3495,0x80fc93,0.000000,11,False,1,3
3496,0x162ebf,0.333333,14,False,2,2
3497,0x2093c6,0.666667,9,False,1,1
3498,0x1324a4,1.000000,8,True,0,0
3499,0xdcf370,0.333333,14,False,2,2
3500,0xd2dc1c,1.000000,12,True,0,0
3501,0x1faa11,0.000000,11,False,1,3
3502,0x32a534,0.333333,10,False,2,2
3503,0x1c79c,0.333333,10,False,2,2
3504,0xc337cd,0.333333,14,False,2,2
3505,0xd3ee50,0.666667,13,False,1,1
3506,0xb13152,0.333333,10,False,2,2
3507,0x7ddf46,1.000000,16,True,0,0
3508,0x6d521,0.666667,9,False,1,1
3509,0x86b56c,1.000000,12,True,0,0
3510,0x19a6,0.000000,7,False,1,3
3511,0x3f4f1d,0.000000,15,False,1,3
3512,0x3e6650,0.000000,11,False,1,3
3513,0xab0aed,0.666667,13,False,1,1
3514,0xe11ff9,0.000000,15,False,1,3
3515,0xefe202,1.000000,12,True,0,0
3516,0x61ec57,0.666667,13,False,1,1
3517,0x177726,0.666667,13,False,1,1
3518,0x283bc1,0.333333,10,False,2,2
3519,0xeb971e,0.000000,15,False,1,3
3520,0x581c0d,0.666667,9,False,1,1
3521,0x5954ad,1.000000,12,True,0,0
3522,0xf8bed6,1.000000,16,True,0,0
3523,0xd6ee0,0.000000,11,False,1,3
3524,0xe42a3,0.666667,9,False,1,1
3525,0x60b80f,0.333333,10,False,2,2
3526,0xea5f4b,0.000000,15,False,1,3
3527,0x528e9d,1.000000,12,True,0,0
3528,0xe686fb,0.000000,15,False,1,3
3529,0xe5ba21,1.000000,12,True,0,0
3530,0x91535,0.666667,9,False,1,1
3531,0xe74726,0.666667,13,False,1,1
3532,0x917cd7,0.333333,14,False,2,2
3533,0x145334,0.666667,9,False,1,1
3534,0x740e07,0.333333,10,False,2,2
3535,0x4faa78,0.666667,13,False,1,1
3536,0x771ddf,0.666667,17,False,1,1
3537,0x414654,1.000000,8,True,0,0
3538,0x844b6c,0.333333,10,False,2,2
3539,0x914799,0.000000,11,False,1,3
3540,0x81b361,0.333333,10,False,2,2
3541,0xf78467,0.333333,14,False,2,2
3542,0x93f081,0.333333,10,False,2,2
3543,0xd73023,0.000000,11,False,1,3
3544,0x7e9a7a,0.000000,15,False,1,3
3545,0xc9d6c8,1.000000,12,True,0,0
3546,0xd799e2,0.333333,14,False,2,2
3547,0xb38f6c,0.333333,14,False,2,2
3548,0xccab5f,0.000000,15,False,1,3
3549,0xbe46b3,0.333333,14,False,2,2
3550,0x3763cd,0.333333,14,False,2,2
3551,0xf22320,0.666667,9,False,1,1
3552,0x658bcb,0.666667,13,False,1,1
3553,0xb44cc8,0.333333,10,False,2,2
3554,0x4c71b5,1.000000,12,True,0,0
3555,0x8552cf,1.000000,12,True,0,0
3556,0x1cff53,0.000000,15,False,1,3
3557,0x751176,1.000000,12,True,0,0
3558,0x6c1eba,0.666667,13,False,1,1
3559,0x689fed,0.000000,15,False,1,3
3560,0xfea3f0,0.000000,15,False,1,3
3561,0x8f9088,0.666667,9,False,1,1
3562,0xd281fa,1.000000,12,True,0,0
3563,0x7afa14,0.666667,13,False,1,1
3564,0xf72c0e,0.666667,13,False,1,1
3565,0xa50a88,1.000000,8,True,0,0
3566,0xc7f5f5,0.666667,17,False,1,1
3567,0xf73e31,0.000000,15,False,1,3
3568,0x1df721,0.666667,13,False,1,1
3569,0x443378,0.333333,10,False,2,2
3570,0x1ff5b7,0.666667,17,False,1,1
3571,0x8a2e2e,0.000000,11,False,1,3
3572,0xf33515,0.666667,13,False,1,1
3573,0xa167f0,1.000000,12,True,0,0
3574,0xbbe88e,0.333333,14,False,2,2
3575,0x610205,0.333333,6,False,2,2
3576,0x2b3000,0.333333,6,False,2,2
3577,0xb1c382,0.333333,10,False,2,2
3578,0x8d8eb4,1.000000,12,True,0,0
3579,0x781196,0.333333,10,False,2,2
3580,0xd2fef0,0.000000,15,False,1,3
3581,0xf055d4,1.000000,12,True,0,0
3582,0xbeaeef,0.333333,18,False,2,2
3583,0xc107d1,0.333333,10,False,2,2
3584,0x4fc5df,1.000000,16,True,0,0
3585,0x174a27,0.000000,11,False,1,3
3586,0x5aa88b,0.000000,11,False,1,3
3587,0x84a627,0.333333,10,False,2,2
3588,0x8e9e9a,0.666667,13,False,1,1
3589,0x50de5d,0.666667,13,False,1,1
3590,0xdaad30,1.000000,12,True,0,0
3591,0x9bd2bd,0.000000,15,False,1,3
3592,0xae27c6,0.666667,13,False,1,1
3593,0x74f838,1.000000,12,True,0,0
3594,0xd5b294,1.000000,12,True,0,0
3595,0xc293a3,0.000000,11,False,1,3
3596,0xbdbdb,0.000000,15,False,1,3
3597,0x6d7132,1.000000,12,True,0,0
3598,0xdacf22,0.666667,13,False,1,1
3599,0x80105,1.000000,4,False,4,0
3600,0xda56e0,1.000000,12,True,0,0
3601,0xbf501a,1.000000,12,True,0,0
3602,0xe84160,1.000000,8,True,0,0
3603,0xed2278,1.000000,12,True,0,0
3604,0x34821b,0.666667,9,False,1,1
3605,0x89d12f,1.000000,12,True,0,0
3606,0x43df9f,1.000000,16,True,0,0
3607,0xe4751b,0.666667,13,False,1,1
3608,0xfab54,1.000000,12,True,0,0
3609,0x5f1c05,0.000000,11,False,1,3
3610,0xf9ffa8,0.666667,17,False,1,1
3611,0x41c4ca,0.666667,9,False,1,1
3612,0xff1334,0.333333,14,False,2,2
3613,0x295780,0.666667,9,False,1,1
3614,0xf5f570,0.000000,15,False,1,3
3615,0x89ab55,1.000000,12,True,0,0
3616,0x5b4dd9,0.333333,14,False,2,2
3617,0x363073,0.000000,11,False,1,3
3618,0x31295a,0.333333,10,False,2,2
3619,0x9f7ce3,1.000000,16,True,0,0
3620,0x759a9b,0.333333,14,False,2,2
3621,0x52f6b9,0.333333,14,False,2,2
3622,0x4b52ec,1.000000,12,True,0,0
3623,0xdeb39a,0.000000,15,False,1,3
3624,0xbf555a,0.000000,15,False,1,3
3625,0xddf972,1.000000,16,True,0,0
3626,0xaf5fa8,0.000000,15,False,1,3
3627,0xadc980,0.333333,10,False,2,2
3628,0xa05c5,1.000000,8,True,0,0
3629,0x700c59,0.666667,9,False,1,1
3630,0xdbcb7,0.333333,14,False,2,2
3631,0xcebc39,0.333333,14,False,2,2
3632,0x44568f,0.000000,11,False,1,3
3633,0xefe513,0.000000,15,False,1,3
3634,0xbf8e4b,0.000000,15,False,1,3
3635,0x29fb25,0.666667,13,False,1,1
3636,0xd11592,0.333333,10,False,2,2
3637,0x3377b3,0.000000,15,False,1,3
3638,0xeba841,0.000000,11,False,1,3
3639,0x381100,0.666667,5,False,3,1
3640,0xe22bc0,0.333333,10,False,2,2
3641,0x969259,0.000000,11,False,1,3
3642,0x7aef5f,0.333333,18,False,2,2
3643,0xb4d8f1,0.666667,13,False,1,1
3644,0x6096e8,0.333333,10,False,2,2
3645,0xd8e786,0.666667,13,False,1,1
3646,0x5ededc,1.000000,16,True,0,0
3647,0x41b342,0.666667,9,False,1,1
3648,0xd0a4f7,0.666667,13,False,1,1
3649,0x616c74,0.000000,11,False,1,3
3650,0xb2e8e3,0.666667,13,False,1,1
3651,0xb1bbd,0.666667,13,False,1,1
3652,0x98985a,0.333333,10,False,2,2
3653,0xe8f582,1.000000,12,True,0,0
3654,0xde118b,1.000000,12,True,0,0
3655,0x10c0ab,1.000000,8,True,0,0
3656,0xff24ba,0.000000,15,False,1,3
3657,0x119e3a,0.000000,11,False,1,3
3658,0x93fb6a,0.000000,15,False,1,3
3659,0x1b6cdf,0.000000,15,False,1,3
3660,0x3bc5cc,0.666667,13,False,1,1
3661,0x5c5719,1.000000,12,True,0,0
3662,0xb0583a,0.333333,10,False,2,2
3663,0xe77719,0.000000,15,False,1,3
3664,0x7f751b,1.000000,16,True,0,0
3665,0xc4b6c5,1.000000,12,True,0,0
3666,0x52c477,1.000000,12,True,0,0
3667,0x89412d,0.666667,9,False,1,1
3668,0xd1541b,0.000000,11,False,1,3
3669,0xf3de95,1.000000,16,True,0,0
3670,0xc2b8e7,0.666667,13,False,1,1
3671,0x6893c3,0.000000,11,False,1,3
3672,0xcf7eae,0.666667,17,False,1,1
3673,0x341c70,0.666667,9,False,1,1
3674,0xaef2b8,0.333333,14,False,2,2
3675,0xa55193,0.000000,11,False,1,3
3676,0xaa8428,1.000000,8,True,0,0
3677,0xf44aaf,0.333333,14,False,2,2
3678,0xc843d,0.666667,9,False,1,1
3679,0x733770,0.666667,13,False,1,1
3680,0xf32837,0.666667,13,False,1,1
3681,0x3ef328,0.666667,13,False,1,1
3682,0x7dca7f,0.666667,17,False,1,1
3683,0x4e6bf8,0.333333,14,False,2,2
3684,0xd74dd8,0.333333,14,False,2,2
3685,0x3ffc8,0.666667,13,False,1,1
3686,0xc17343,0.000000,11,False,1,3
3687,0xc23c10,1.000000,8,True,0,0
3688,0x625335,0.000000,11,False,1,3
3689,0xbb5ea1,0.333333,14,False,2,2
3690,0x18e116,0.666667,9,False,1,1
3691,0xd04e2a,0.333333,10,False,2,2
3692,0x303f2b,1.000000,12,True,0,0
3693,0x25c8f9,1.000000,12,True,0,0
3694,0x251e20,1.000000,8,True,0,0
3695,0xac6345,0.000000,11,False,1,3
3696,0x8b9d6f,0.000000,15,False,1,3
3697,0xe95897,0.666667,13,False,1,1
3698,0xb9ee05,0.666667,13,False,1,1
3699,0x75873b,0.333333,14,False,2,2
3700,0x65e2c8,0.000000,11,False,1,3
3701,0x1a1ce3,0.000000,11,False,1,3
3702,0x9ca4fb,0.333333,14,False,2,2
3703,0x429dfc,0.666667,13,False,1,1
3704,0x40f63f,0.666667,13,False,1,1
3705,0xac773e,0.000000,15,False,1,3
3706,0xdefa0,1.000000,12,True,0,0
3707,0xb4c905,0.333333,10,False,2,2
3708,0xbdaeaf,0.666667,17,False,1,1
3709,0xc6e276,0.666667,13,False,1,1
3710,0x532f9a,0.666667,13,False,1,1
3711,0x2790dc,0.000000,11,False,1,3
3712,0x52f8e,0.000000,11,False,1,3
3713,0xd87179,0.666667,13,False,1,1
3714,0x1a3a09,0.666667,9,False,1,1
3715,0xf74557,0.000000,15,False,1,3
3716,0x3c0946,0.666667,9,False,1,1
3717,0xa9e66f,0.000000,15,False,1,3
3718,0x74cb20,0.333333,10,False,2,2
3719,0x66c5ee,0.333333,14,False,2,2
3720,0x2c0896,1.000000,8,True,0,0
3721,0x48b9c1,0.333333,10,False,2,2
3722,0xb70c16,0.000000,11,False,1,3
3723,0x7ba287,0.666667,13,False,1,1
3724,0x62fa7c,0.333333,14,False,2,2
3725,0xb83968,0.000000,11,False,1,3
3726,0x388c3c,0.333333,10,False,2,2
3727,0x2d28e6,0.000000,11,False,1,3
3728,0x74edb6,0.000000,15,False,1,3
3729,0x7e2550,0.000000,11,False,1,3
3730,0xa25596,0.000000,11,False,1,3
3731,0xa4c2f,0.333333,10,False,2,2
3732,0x63d338,1.000000,12,True,0,0
3733,0xfa8823,0.000000,11,False,1,3
3734,0xc560e6,0.000000,11,False,1,3
3735,0x9c8515,0.333333,10,False,2,2
3736,0x33e9d7,0.000000,15,False,1,3
3737,0xf8155f,0.333333,14,False,2,2
3738,0xf53e24,0.666667,13,False,1,1
3739,0xc4ca71,0.000000,11,False,1,3
3740,0x6bd7a1,0.333333,14,False,2,2
3741,0x63fce6,0.000000,15,False,1,3
3742,0x3ce257,0.666667,13,False,1,1
3743,0x83866f,1.000000,12,True,0,0
3744,0x9fa73a,0.000000,15,False,1,3
3745,0x953a4,0.666667,9,False,1,1
3746,0xcfca75,0.000000,15,False,1,3
3747,0xb15427,0.000000,11,False,1,3
3748,0x21a557,0.000000,11,False,1,3
3749,0xba9d64,0.666667,13,False,1,1
3750,0xc1ca81,0.666667,9,False,1,1
3751,0x16ef2c,0.666667,13,False,1,1
3752,0x301dfb,0.666667,13,False,1,1
3753,0x4f10eb,1.000000,12,True,0,0
3754,0x24a82,0.333333,6,False,2,2
3755,0x70fc61,1.000000,12,True,0,0
3756,0x5c48f2,0.000000,11,False,1,3
3757,0x6d4f9d,0.000000,15,False,1,3
3758,0xfab8a3,0.333333,14,False,2,2
3759,0xe4686a,0.000000,11,False,1,3
3760,0x64391b,0.000000,11,False,1,3
3761,0xfb0f47,0.000000,15,False,1,3
3762,0x34256c,0.333333,10,False,2,2
3763,0xe6a7a8,0.666667,13,False,1,1
3764,0x5cd7b3,0.000000,15,False,1,3
3765,0xebd0fd,1.000000,16,True,0,0
3766,0x2130ba,0.666667,9,False,1,1
3767,0x49ea2d,1.000000,12,True,0,0
3768,0xb1b3ce,0.333333,14,False,2,2
3769,0xc650be,1.000000,12,True,0,0
3770,0x88e90,0.000000,7,False,1,3
3771,0x316847,0.333333,10,False,2,2
3772,0x216f09,0.333333,10,False,2,2
3773,0x240975,0.666667,9,False,1,1
3774,0x559dc9,0.666667,13,False,1,1
3775,0xc99c5c,1.000000,12,True,0,0
3776,0x8803d5,0.666667,9,False,1,1
3777,0x470518,1.000000,8,True,0,0
3778,0xac54ce,1.000000,12,True,0,0
3779,0x272ff3,0.000000,15,False,1,3
3780,0xc71e20,0.333333,10,False,2,2
3781,0x44aa18,1.000000,8,True,0,0
3782,0x2cc013,1.000000,8,True,0,0
3783,0x82ae32,0.333333,10,False,2,2
3784,0xfa3032,0.000000,11,False,1,3
3785,0x4858e3,0.333333,10,False,2,2
3786,0xaf17ad,0.000000,15,False,1,3
3787,0xad7dc4,0.333333,14,False,2,2
3788,0xcb8b76,0.333333,14,False,2,2
3789,0x29f3f7,1.000000,16,True,0,0
3790,0xc1e995,1.000000,12,True,0,0
3791,0xab94a5,1.000000,12,True,0,0
3792,0xd86e87,0.666667,13,False,1,1
3793,0x96c184,0.666667,9,False,1,1
3794,0x6e9fc7,1.000000,16,True,0,0
3795,0xf98819,0.000000,11,False,1,3
3796,0x6de8bc,0.333333,14,False,2,2
3797,0x5691fd,0.333333,14,False,2,2
3798,0xd11fcb,0.333333,14,False,2,2
3799,0xc6a3cd,0.666667,13,False,1,1
3800,0x1b1777,0.333333,14,False,2,2
3801,0x43efc9,0.333333,14,False,2,2
3802,0x87ad41,0.000000,11,False,1,3
3803,0xe1ca53,1.000000,12,True,0,0
3804,0x87b65d,0.333333,14,False,2,2
3805,0xb103ec,0.000000,11,False,1,3
3806,0xc4aeb,0.000000,11,False,1,3
3807,0x4ec375,0.666667,13,False,1,1
3808,0xae8a9a,1.000000,12,True,0,0
3809,0x6348cb,0.000000,11,False,1,3
3810,0xe8d4da,0.666667,13,False,1,1
3811,0x9ad20b,0.000000,11,False,1,3
3812,0xd13810,1.000000,8,True,0,0
3813,0x32077c,0.000000,11,False,1,3
3814,0x97d5b4,0.333333,14,False,2,2
3815,0xa11732,0.333333,10,False,2,2
3816,0x2fbfa9,1.000000,16,True,0,0
3817,0xe60d53,1.000000,12,True,0,0
3818,0x267438,0.333333,10,False,2,2
3819,0x846af0,0.333333,10,False,2,2
3820,0x237102,1.000000,8,True,0,0
3821,0xede89a,0.333333,14,False,2,2
3822,0xcc4b4d,1.000000,12,True,0,0
3823,0x3758e8,1.000000,12,True,0,0
3824,0xad418d,0.000000,11,False,1,3
3825,0xdf2d80,1.000000,12,True,0,0
3826,0x618475,0.333333,10,False,2,2
3827,0xea8d83,1.000000,12,True,0,0
3828,0xa14dc4,0.333333,10,False,2,2
3829,0x5cbe69,0.333333,14,False,2,2
3830,0xac9506,0.333333,10,False,2,2
3831,0x4bc767,0.333333,14,False,2,2
3832,0x33979,0.000000,11,False,1,3
3833,0xf6385d,0.333333,14,False,2,2
3834,0x9c50b0,0.666667,9,False,1,1
3835,0x66a46c,0.000000,11,False,1,3
3836,0xe19ffd,0.666667,17,False,1,1
3837,0x7db868,0.666667,13,False,1,1
3838,0x1e8639,0.000000,11,False,1,3
3839,0xd510d4,0.333333,10,False,2,2
3840,0x56317d,0.666667,13,False,1,1
3841,0xdaaafc,0.000000,15,False,1,3
3842,0xc0b6bb,0.666667,13,False,1,1
3843,0x52564,1.000000,8,True,0,0
3844,0xe3d491,1.000000,12,True,0,0
3845,0x562874,0.333333,10,False,2,2
3846,0x794ddb,0.000000,15,False,1,3
3847,0xe34784,0.000000,11,False,1,3
3848,0x63eddb,1.000000,16,True,0,0
3849,0x2ce997,0.666667,13,False,1,1
3850,0x3dee8d,0.000000,15,False,1,3
3851,0x6c03a0,1.000000,8,True,0,0
3852,0x2801b4,0.000000,7,False,1,3
3853,0x2a474f,1.000000,12,True,0,0
3854,0xb980c3,0.333333,10,False,2,2
3855,0x4a5690,0.666667,9,False,1,1
3856,0xc88ecc,0.000000,11,False,1,3
3857,0x2a2e9a,0.000000,11,False,1,3
3858,0x420deb,0.000000,11,False,1,3
3859,0xa417a4,0.333333,10,False,2,2
3860,0x20dfb3,0.666667,13,False,1,1
3861,0x44d52c,0.333333,10,False,2,2
3862,0x90d7ea,0.666667,13,False,1,1
3863,0x5f75f2,1.000000,16,True,0,0
3864,0x43436e,0.000000,11,False,1,3
3865,0x995e6c,0.666667,13,False,1,1
3866,0x9ec4e8,1.000000,12,True,0,0
3867,0x65a5cb,0.666667,13,False,1,1
3868,0x268ab0,0.666667,9,False,1,1
3869,0x50dafb,0.333333,14,False,2,2
3870,0xb0d2ef,0.333333,14,False,2,2
3871,0x604883,0.000000,7,False,1,3
3872,0x8573f1,0.666667,13,False,1,1
3873,0x600321,0.333333,6,False,2,2
3874,0x30f5ec,0.666667,13,False,1,1
3875,0x99cf7d,1.000000,16,True,0,0
3876,0x581839,0.666667,9,False,1,1
3877,0x36df20,1.000000,12,True,0,0
3878,0x9b223c,0.000000,11,False,1,3
3879,0xa20770,0.666667,9,False,1,1
3880,0x626070,1.000000,8,True,0,0
3881,0xf852f3,0.333333,14,False,2,2
3882,0x5b46cc,1.000000,12,True,0,0
3883,0xe7e234,0.666667,13,False,1,1
3884,0x95a706,0.000000,11,False,1,3
3885,0x519697,1.000000,12,True,0,0
3886,0x44505b,0.666667,9,False,1,1
3887,0xfe7877,0.666667,17,False,1,1
3888,0xcdc095,0.000000,11,False,1,3
3889,0xa2e23d,1.000000,12,True,0,0
3890,0x96fb2c,0.333333,14,False,2,2
3891,0x28756b,1.000000,12,True,0,0
3892,0xbbc5b9,0.000000,15,False,1,3
3893,0x8766c8,0.000000,11,False,1,3
3894,0xde43e7,0.000000,15,False,1,3
3895,0x53eb47,0.333333,14,False,2,2
3896,0xa5c0ff,0.333333,14,False,2,2
3897,0x8ec3b9,0.666667,13,False,1,1
3898,0x227250,1.000000,8,True,0,0
3899,0xa7ed42,0.666667,13,False,1,1
3900,0xe487ef,0.000000,15,False,1,3
3901,0x84cc11,1.000000,8,True,0,0
3902,0x214224,0.333333,6,False,2,2
3903,0xb67c12,1.000000,12,True,0,0
3904,0x7bfaeb,0.333333,18,False,2,2
3905,0x86c096,0.666667,9,False,1,1
3906,0x122e34,0.666667,9,False,1,1
3907,0xcd318f,0.666667,13,False,1,1
3908,0xb9b0e6,0.666667,13,False,1,1
3909,0x1e13fb,0.333333,14,False,2,2
3910,0xf63520,0.000000,11,False,1,3
3911,0xd7000c,1.000000,8,True,0,0
3912,0x1013eb,0.333333,10,False,2,2
3913,0xa21881,0.000000,7,False,1,3
3914,0xeac5b6,0.333333,14,False,2,2
3915,0xeb1706,1.000000,12,True,0,0
3916,0x6c8817,0.333333,10,False,2,2
3917,0x5307c1,0.333333,10,False,2,2
3918,0xadc7d9,0.000000,15,False,1,3
3919,0xc240d4,1.000000,8,True,0,0
3920,0xfdc109,1.000000,12,True,0,0
3921,0x4a80c2,0.000000,7,False,1,3
3922,0xfc0215,0.333333,10,False,2,2
3923,0xf5c4e6,0.333333,14,False,2,2
3924,0xe67e46,0.333333,14,False,2,2
3925,0x502567,0.333333,10,False,2,2
3926,0xba86d7,0.333333,14,False,2,2
3927,0x5ac9f9,0.333333,14,False,2,2
3928,0xb87ff4,1.000000,16,True,0,0
3929,0xf708ea,0.666667,13,False,1,1
3930,0x9c3702,0.333333,10,False,2,2
3931,0x2129ab,0.333333,10,False,2,2
3932,0xb06a88,0.666667,9,False,1,1
3933,0xd6924d,1.000000,12,True,0,0
3934,0xd7c993,0.333333,14,False,2,2
3935,0x919b2b,1.000000,12,True,0,0
3936,0xe7bf52,1.000000,16,True,0,0
3937,0x230f45,0.333333,10,False,2,2
3938,0x4d7306,0.000000,11,False,1,3
3939,0x2f463e,0.666667,13,False,1,1
3940,0xce48ae,1.000000,12,True,0,0
3941,0x332d5a,1.000000,12,True,0,0
3942,0xa82995,0.333333,10,False,2,2
3943,0x984685,0.666667,9,False,1,1
3944,0xfbce7d,0.333333,18,False,2,2
3945,0x43f8,1.000000,8,True,0,0
3946,0x8fbcf9,1.000000,16,True,0,0
3947,0x73bc4a,0.666667,13,False,1,1
3948,0x134c42,1.000000,8,True,0,0
3949,0x88c7d3,1.000000,12,True,0,0
3950,0x53962e,1.000000,12,True,0,0
3951,0xa19ec3,1.000000,12,True,0,0
3952,0xddb9a,0.666667,13,False,1,1
3953,0x8f89d,0.000000,11,False,1,3
3954,0x4b0a44,1.000000,8,True,0,0
3955,0x825511,1.000000,8,True,0,0
3956,0x7a1109,0.666667,9,False,1,1
3957,0x767044,0.333333,10,False,2,2
3958,0xe548af,0.666667,13,False,1,1
3959,0x3ea39b,0.333333,14,False,2,2
3960,0x568d64,0.000000,11,False,1,3
3961,0xa3aed1,0.666667,13,False,1,1
3962,0x1a817a,0.333333,10,False,2,2
3963,0x8aaed0,0.000000,11,False,1,3
3964,0x67ae9c,0.333333,14,False,2,2
3965,0xa89c41,0.666667,9,False,1,1
3966,0x4bc1cd,1.000000,12,True,0,0
3967,0xd94140,1.000000,8,True,0,0
3968,0x6e9c68,1.000000,12,True,0,0
3969,0x9b5fff,0.000000,19,False,3,3
3970,0x110011,1.000000,4,False,4,0
3971,0x454df8,1.000000,12,True,0,0
3972,0x5fa7ba,1.000000,16,True,0,0
3973,0x58e203,0.666667,9,False,1,1
3974,0xa36e1,0.333333,10,False,2,2
3975,0xac5f91,0.666667,13,False,1,1
3976,0x8933d2,0.000000,11,False,1,3
3977,0xc378cd,0.666667,13,False,1,1
3978,0xf398fb,1.000000,16,True,0,0
3979,0xc89e82,0.333333,10,False,2,2
3980,0x9fc40e,1.000000,12,True,0,0
3981,0x55dffd,0.333333,18,False,2,2
3982,0xa5e1eb,0.333333,14,False,2,2
3983,0x1465f4,0.000000,11,False,1,3
3984,0xc479bb,0.333333,14,False,2,2
3985,0xf55aa9,0.333333,14,False,2,2
3986,0x5a8e18,0.333333,10,False,2,2
3987,0xf0682d,0.000000,11,False,1,3
3988,0xcb497c,0.666667,13,False,1,1
3989,0x7ed83a,0.333333,14,False,2,2
3990,0x7c9fc5,0.000000,15,False,1,3
3991,0xd3bd2c,0.333333,14,False,2,2
3992,0x599112,0.666667,9,False,1,1
3993,0x153af8,1.000000,12,True,0,0
3994,0x420d46,1.000000,8,True,0,0
3995,0xe5a49d,0.666667,13,False,1,1
3996,0x93c60e,0.000000,11,False,1,3
3997,0xc057f9,0.666667,13,False,1,1
3998,0xf68439,1.000000,12,True,0,0
3999,0xd69615,1.000000,12,True,0,0
4000,0xd81237,0.000000,11,False,1,3
4001,0x673a4,0.333333,10,False,2,2
4002,0xc2d99,0.333333,10,False,2,2
4003,0xf8d529,0.666667,13,False,1,1
4004,0x819c83,0.666667,9,False,1,1
4005,0x4d7d62,0.666667,13,False,1,1
4006,0x50b2fc,1.000000,12,True,0,0
4007,0x85c285,0.666667,9,False,1,1
4008,0x12844a,0.000000,7,False,1,3
4009,0xbd1571,0.666667,13,False,1,1
4010,0x616ca5,0.000000,11,False,1,3
4011,0xd0e49f,0.666667,13,False,1,1
4012,0x25a2e9,0.000000,11,False,1,3
4013,0x61902a,1.000000,8,True,0,0
4014,0x956677,0.333333,14,False,2,2
4015,0xb4b08f,1.000000,12,True,0,0
4016,0x9be2f4,0.333333,14,False,2,2
4017,0xb93850,0.333333,10,False,2,2
4018,0x153c80,1.000000,8,True,0,0
4019,0x81693a,0.333333,10,False,2,2
4020,0x2d4e34,0.000000,11,False,1,3
4021,0xa48614,1.000000,8,True,0,0
4022,0xc9c04c,0.666667,9,False,1,1
4023,0x926eb7,0.333333,14,False,2,2
4024,0x2f76cf,1.000000,16,True,0,0
4025,0xdaf08c,1.000000,12,True,0,0
4026,0x9410b7,0.333333,10,False,2,2
4027,0xf7b52d,1.000000,16,True,0,0
4028,0xe1900d,0.666667,9,False,1,1
4029,0x8479ac,0.000000,11,False,1,3
4030,0x7046ab,0.000000,11,False,1,3
4031,0x684c57,0.000000,11,False,1,3
4032,0x9b1b1,0.333333,10,False,2,2
4033,0x5d1edb,0.000000,15,False,1,3
4034,0x5b714b,0.666667,13,False,1,1
4035,0xcf2ce6,0.333333,14,False,2,2
4036,0x2498f2,0.333333,10,False,2,2
4037,0x316fa5,0.666667,13,False,1,1
4038,0x3f0226,0.333333,10,False,2,2
4039,0x7bf0aa,0.333333,14,False,2,2
4040,0x286deb,0.666667,13,False,1,1
4041,0xea02f2,0.000000,11,False,1,3
4042,0x1c999f,0.666667,13,False,1,1
4043,0xb55240,0.666667,9,False,1,1
4044,0x857226,0.333333,10,False,2,2
4045,0xd363fa,0.000000,15,False,1,3
4046,0x773614,1.000000,12,True,0,0
4047,0x583ce2,0.000000,11,False,1,3
4048,0xc528cb,0.000000,11,False,1,3
4049,0x8b0ac9,0.333333,10,False,2,2
4050,0xfb2d30,0.666667,13,False,1,1
4051,0xc172e3,1.000000,12,True,0,0
4052,0xc4fdd8,0.333333,14,False,2,2
4053,0xdf45b4,0.333333,14,False,2,2
4054,0x36ba20,0.333333,10,False,2,2
4055,0x9f5e0f,0.000000,15,False,1,3
4056,0x55da0c,0.000000,11,False,1,3
4057,0x39d94c,1.000000,12,True,0,0
4058,0x41355a,0.333333,10,False,2,2
4059,0x5a5d50,0.000000,11,False,1,3
4060,0xa657e3,0.333333,14,False,2,2
4061,0xdd564a,0.666667,13,False,1,1
4062,0x1d1164,0.666667,9,False,1,1
4063,0x7239a9,1.000000,12,True,0,0
4064,0x490311,0.000000,7,False,1,3
4065,0xea7dff,0.000000,19,False,3,3
4066,0xd515d3,0.666667,13,False,1,1
4067,0x5c9f50,1.000000,12,True,0,0
4068,0x442bd3,0.000000,11,False,1,3
4069,0x94ec65,1.000000,12,True,0,0
4070,0xd524ec,1.000000,12,True,0,0
4071,0x632fec,0.333333,14,False,2,2
4072,0xfb3912,0.666667,13,False,1,1
4073,0x377061,0.000000,11,False,1,3
4074,0x667827,1.000000,12,True,0,0
4075,0x32b762,1.000000,12,True,0,0
4076,0x16bd6b,0.333333,14,False,2,2
4077,0x409c84,0.000000,7,False,1,3
4078,0x554671,0.000000,11,False,1,3
4079,0x17325e,1.000000,12,True,0,0
4080,0x71b07c,1.000000,12,True,0,0
4081,0x830759,0.333333,10,False,2,2
4082,0x6eaa34,1.000000,12,True,0,0
4083,0xc7cf83,0.333333,14,False,2,2
4084,0xd958f8,0.666667,13,False,1,1
4085,0x1f9c77,0.000000,15,False,1,3
4086,0x610861,0.000000,7,False,1,3
4087,0xfd2148,0.000000,11,False,1,3
4088,0x8ed349,1.000000,12,True,0,0
4089,0xf71125,1.000000,12,True,0,0
4090,0x541eb0,0.333333,10,False,2,2
4091,0xf4d5f1,0.000000,15,False,1,3
4092,0xf6ad23,0.333333,14,False,2,2
4093,0xe9f013,1.000000,12,True,0,0
4094,0x31e969,1.000000,12,True,0,0
4095,0xfa35,0.333333,10,False,2,2
4096,0xb81e97,0.666667,13,False,1,1
4097,0xf602f7,0.333333,14,False,2,2
4098,0x98f482,0.333333,10,False,2,2
4099,0x57fba2,0.000000,15,False,1,3
4100,0xe2c863,0.000000,11,False,1,3
4101,0xb9bfd5,0.666667,17,False,1,1
4102,0xdd9f2d,1.000000,16,True,0,0
4103,0xc7d2cc,0.666667,13,False,1,1
4104,0xf3faa1,0.000000,15,False,1,3
4105,0xa127c4,0.333333,10,False,2,2
4106,0xd23dc4,1.000000,12,True,0,0
4107,0x77ddfa,0.333333,18,False,2,2
4108,0x756876,0.666667,13,False,1,1
4109,0xf5d706,0.333333,14,False,2,2
4110,0xdc17ec,0.333333,14,False,2,2
4111,0x5d6506,0.000000,11,False,1,3
4112,0xc35ede,0.000000,15,False,1,3
4113,0x87d576,0.333333,14,False,2,2
4114,0x5e17da,0.333333,14,False,2,2
4115,0x83e647,1.000000,12,True,0,0
4116,0x1dbbc9,0.333333,14,False,2,2
4117,0x2a33c8,0.333333,10,False,2,2
4118,0xb54222,0.666667,9,False,1,1
4119,0xeb94fd,1.000000,16,True,0,0
4120,0x10922a,0.000000,7,False,1,3
4121,0x5e17d0,1.000000,12,True,0,0
4122,0x9b363,0.000000,11,False,1,3
4123,0x77cc44,1.000000,12,True,0,0
4124,0xb5a859,1.000000,12,True,0,0
4125,0x7f85f1,0.000000,15,False,1,3
4126,0x749bb5,0.333333,14,False,2,2
4127,0x9a5963,1.000000,12,True,0,0
4128,0x666e90,0.000000,11,False,1,3
4129,0xb1b268,0.000000,11,False,1,3
4130,0xc94a53,0.000000,11,False,1,3
4131,0xafb8ce,0.000000,15,False,1,3
4132,0xf0f47c,0.333333,14,False,2,2
4133,0xab656f,0.000000,15,False,1,3
4134,0xbcbc92,0.666667,13,False,1,1
4135,0x9ea6d4,0.666667,13,False,1,1
4136,0x7cd482,0.000000,11,False,1,3
4137,0xaf4b5a,0.333333,14,False,2,2
4138,0x22f70e,1.000000,12,True,0,0
4139,0xcad7cc,0.333333,14,False,2,2
4140,0x2e4a5c,0.000000,11,False,1,3
4141,0x7d682f,0.333333,14,False,2,2
4142,0xc685c4,0.333333,10,False,2,2
4143,0x159070,1.000000,8,True,0,0
4144,0xe4caad,0.666667,13,False,1,1
4145,0xb5b340,0.000000,11,False,1,3
4146,0x3c6ec1,1.000000,12,True,0,0
4147,0x7489b5,1.000000,12,True,0,0
4148,0x31ad3,0.333333,10,False,2,2
4149,0xc6dbc0,1.000000,12,True,0,0
4150,0xc2e781,0.000000,11,False,1,3
4151,0x8ae182,0.666667,9,False,1,1
4152,0x3b9469,1.000000,12,True,0,0
4153,0x8a4dae,1.000000,12,True,0,0
4154,0x6cec59,0.666667,13,False,1,1
4155,0x6ef6c2,0.333333,14,False,2,2
4156,0xb380ec,0.000000,11,False,1,3
4157,0x94f2a3,1.000000,12,True,0,0
4158,0xdd0fb2,0.333333,14,False,2,2
4159,0x65ab4e,0.666667,13,False,1,1
4160,0x15ef9a,0.333333,14,False,2,2
4161,0x92494a,0.666667,9,False,1,1
4162,0xc831e4,0.333333,10,False,2,2
4163,0x401f70,0.666667,9,False,1,1
4164,0xd318e2,0.000000,11,False,1,3
4165,0xb2d47e,0.333333,14,False,2,2
4166,0xec465e,0.666667,13,False,1,1
4167,0x6eb4b0,1.000000,12,True,0,0
4168,0x3435d7,0.666667,13,False,1,1
4169,0xe1d31b,0.666667,13,False,1,1
4170,0xc18e6c,0.000000,11,False,1,3
4171,0xc79e82,1.000000,12,True,0,0
4172,0xbec8ab,0.333333,14,False,2,2
4173,0xbc5b91,0.666667,13,False,1,1
4174,0x72f4eb,0.000000,15,False,1,3
4175,0x22269b,0.333333,10,False,2,2
4176,0x1b6194,0.333333,10,False,2,2
4177,0xc41b34,0.333333,10,False,2,2
4178,0x6ee976,0.000000,15,False,1,3
4179,0x3692cc,0.000000,11,False,1,3
4180,0x9aa0ec,0.000000,11,False,1,3
4181,0xac18c0,1.000000,8,True,0,0
4182,0x68db0a,0.000000,11,False,1,3
4183,0xdf1ccc,0.333333,14,False,2,2
4184,0x4916fc,1.000000,12,True,0,0
4185,0xf8c2ea,0.666667,13,False,1,1
4186,0x36bc4b,0.666667,13,False,1,1
4187,0xe64d24,0.000000,11,False,1,3
4188,0xc57b8e,0.333333,14,False,2,2
4189,0x4b1284,1.000000,8,True,0,0
4190,0x62b959,1.000000,12,True,0,0
4191,0xab8d09,0.000000,11,False,1,3
4192,0xe8c00,0.333333,6,False,2,2
4193,0x273df,0.666667,13,False,1,1
4194,0x4c65d6,1.000000,12,True,0,0
4195,0x38e7e5,0.333333,14,False,2,2
4196,0x2f87e8,0.666667,13,False,1,1
4197,0xcea02f,1.000000,12,True,0,0
4198,0x672f6d,0.000000,15,False,1,3
4199,0xd3f02,0.333333,10,False,2,2
4200,0x5f57cf,0.666667,17,False,1,1
4201,0x3125ce,0.000000,11,False,1,3
4202,0x1ea6e3,0.666667,13,False,1,1
4203,0x9d13d3,0.666667,13,False,1,1
4204,0xc03a6e,0.000000,11,False,1,3
4205,0x9a12b8,0.333333,10,False,2,2
4206,0x1f389,0.333333,10,False,2,2
4207,0x8bf831,1.000000,12,True,0,0
4208,0x721ba6,1.000000,12,True,0,0
4209,0x5d646c,1.000000,12,True,0,0
4210,0x6a55c8,0.000000,11,False,1,3
4211,0xf486bd,0.333333,14,False,2,2
4212,0x823aa1,0.666667,9,False,1,1
4213,0x2e1a7a,1.000000,12,True,0,0
4214,0x972594,0.000000,11,False,1,3
4215,0xfcd481,1.000000,12,True,0,0
4216,0xaa43f8,1.000000,12,True,0,0
4217,0x96dd02,0.000000,11,False,1,3
4218,0x1b1c78,0.000000,11,False,1,3
4219,0x9489e6,0.000000,11,False,1,3
4220,0x6b46bc,0.666667,13,False,1,1
4221,0x9b62de,0.333333,14,False,2,2
4222,0x842746,0.666667,9,False,1,1
4223,0x4a33fb,0.333333,14,False,2,2
4224,0x17fa2e,0.333333,14,False,2,2
4225,0xdf536f,0.666667,17,False,1,1
4226,0x2aeac0,0.333333,10,False,2,2
4227,0xbf5843,0.666667,13,False,1,1
4228,0xac4d58,0.000000,11,False,1,3
4229,0xbf7983,0.000000,15,False,1,3
4230,0x8bf7a5,0.000000,15,False,1,3
4231,0xb7cf4b,1.000000,16,True,0,0
4232,0xca119f,1.000000,12,True,0,0
4233,0x13c92f,1.000000,12,True,0,0
4234,0xebf871,0.000000,15,False,1,3
4235,0xd7d0f5,0.000000,15,False,1,3
4236,0xfe64c2,0.666667,13,False,1,1
4237,0x95209b,0.333333,10,False,2,2
4238,0xbc1939,1.000000,12,True,0,0
4239,0xa287f2,1.000000,12,True,0,0
4240,0xae96b7,0.000000,15,False,1,3
4241,0x7ca108,0.666667,9,False,1,1
4242,0xea7c97,0.000000,15,False,1,3
4243,0x8bfbab,1.000000,16,True,0,0
4244,0xb3687c,0.666667,13,False,1,1
4245,0x867831,0.333333,10,False,2,2
4246,0x58103a,1.000000,8,True,0,0
4247,0xd78bc,1.000000,12,True,0,0
4248,0xadfa34,0.333333,14,False,2,2
4249,0x279e79,0.333333,14,False,2,2
4250,0x32b7a6,0.666667,13,False,1,1
4251,0xccab18,0.000000,11,False,1,3
4252,0x44266e,0.333333,10,False,2,2
4253,0xeb27eb,1.000000,16,True,0,0
4254,0x125631,0.666667,9,False,1,1
4255,0x423ef0,0.000000,11,False,1,3
4256,0x546791,0.000000,11,False,1,3
4257,0xe1e150,0.333333,10,False,2,2
4258,0xd73a19,0.666667,13,False,1,1
4259,0xf303a2,0.000000,11,False,1,3
4260,0x2ef15,0.000000,11,False,1,3
4261,0xf25e3e,0.000000,15,False,1,3
4262,0x361289,0.666667,9,False,1,1
4263,0xf4e418,0.000000,11,False,1,3
4264,0xfe0562,1.000000,12,True,0,0
4265,0x9e8180,1.000000,8,True,0,0
4266,0xfceeef,0.000000,19,False,3,3
4267,0x888ce7,0.000000,11,False,1,3
4268,0x9cc1cf,0.666667,13,False,1,1
4269,0xdeddb6,0.666667,17,False,1,1
4270,0x99c37a,0.666667,13,False,1,1
4271,0x2021bb,0.666667,9,False,1,1
4272,0x399bca,0.666667,13,False,1,1
4273,0x7c2c50,0.333333,10,False,2,2
4274,0xb8c4b4,0.000000,11,False,1,3
4275,0x2a391,1.000000,8,True,0,0
4276,0x45dd95,0.666667,13,False,1,1
4277,0x7b0d23,1.000000,12,True,0,0
4278,0xc3cf6a,0.333333,14,False,2,2
4279,0xd7012f,1.000000,12,True,0,0
4280,0xeeeae2,0.000000,15,False,1,3
4281,0x7c9745,0.666667,13,False,1,1
4282,0xb4cd50,0.000000,11,False,1,3
4283,0x56d14b,1.000000,12,True,0,0
4284,0x319f69,0.666667,13,False,1,1
4285,0x691f86,1.000000,12,True,0,0
4286,0xf30f8,0.000000,11,False,1,3
4287,0xd17d71,0.333333,14,False,2,2
4288,0xaf3831,1.000000,12,True,0,0
4289,0x29e54a,0.000000,11,False,1,3
4290,0xba0cea,1.000000,12,True,0,0
4291,0x7c6e5c,0.333333,14,False,2,2
4292,0x5adb8c,0.666667,13,False,1,1
4293,0x5524ed,1.000000,12,True,0,0
4294,0xf2ce46,0.666667,13,False,1,1
4295,0xb0f454,0.000000,11,False,1,3
4296,0x4cf281,0.333333,10,False,2,2
4297,0xbb1d42,1.000000,12,True,0,0
4298,0x99ed43,0.666667,13,False,1,1
4299,0x19aef7,0.000000,15,False,1,3
4300,0x62b53c,1.000000,12,True,0,0
4301,0x3501e1,0.666667,9,False,1,1
4302,0xec1d83,1.000000,12,True,0,0
4303,0x3c974c,1.000000,12,True,0,0
4304,0x21a17f,1.000000,12,True,0,0
4305,0x22577e,0.666667,13,False,1,1
4306,0x80b5f9,1.000000,12,True,0,0
4307,0x1be96,0.000000,11,False,1,3
4308,0x329614,0.666667,9,False,1,1
4309,0x125ba3,0.000000,11,False,1,3
4310,0x1166f0,0.333333,10,False,2,2
4311,0x6a3ed2,0.666667,13,False,1,1
4312,0x28bdde,0.333333,14,False,2,2
4313,0x65dfc7,1.000000,16,True,0,0
4314,0x3588af,1.000000,12,True,0,0
4315,0xc39744,0.000000,11,False,1,3
4316,0xd5ed00,0.000000,11,False,1,3
4317,0xd86905,0.333333,10,False,2,2
4318,0x92a1f2,0.000000,11,False,1,3
4319,0x18acc0,1.000000,8,True,0,0
4320,0x6cd86d,0.666667,13,False,1,1
4321,0xa0cc19,0.666667,9,False,1,1
4322,0xe0d1c4,0.333333,10,False,2,2
4323,0x970216,0.666667,9,False,1,1
4324,0x2bf7d5,1.000000,16,True,0,0
4325,0xddca64,0.666667,13,False,1,1
4326,0x4d5e3f,0.000000,15,False,1,3
4327,0x401a8c,0.000000,7,False,1,3
4328,0x2d7bd8,0.333333,14,False,2,2
4329,0x7a995a,0.666667,13,False,1,1
4330,0xf54b0f,0.333333,14,False,2,2
4331,0x5a8beb,0.333333,14,False,2,2
4332,0x45ce83,0.000000,11,False,1,3
4333,0xf30b10,0.333333,10,False,2,2
4334,0xbc88b7,0.666667,13,False,1,1
4335,0x282cb9,0.333333,10,False,2,2
4336,0x9367eb,0.000000,15,False,1,3
4337,0xaf9e1d,0.000000,15,False,1,3
4338,0x6eba96,0.333333,14,False,2,2
4339,0x9736bc,0.333333,14,False,2,2
4340,0x579981,0.000000,11,False,1,3
4341,0x97d18a,1.000000,12,True,0,0
4342,0x5adc35,0.666667,13,False,1,1
4343,0xd7b4bb,1.000000,16,True,0,0
4344,0xff8e4b,1.000000,16,True,0,0
4345,0x4ab77f,1.000000,16,True,0,0
4346,0x91a5be,0.666667,13,False,1,1
4347,0x3b5d38,0.666667,13,False,1,1
4348,0x74f10b,1.000000,12,True,0,0
4349,0x92c8f6,1.000000,12,True,0,0
4350,0xce43d9,0.666667,13,False,1,1
4351,0xae66a,0.000000,11,False,1,3
4352,0xe387b0,1.000000,12,True,0,0
4353,0xf4a4cb,0.666667,13,False,1,1
4354,0x30a0a0,0.333333,6,False,2,2
4355,0x2e1072,0.666667,9,False,1,1
4356,0x14383e,0.333333,10,False,2,2
4357,0x8ae297,1.000000,12,True,0,0
4358,0x51415c,0.666667,9,False,1,1
4359,0xa74915,0.000000,11,False,1,3
4360,0x4e4551,0.333333,10,False,2,2
4361,0x1d226,1.000000,8,True,0,0
4362,0xcb9157,0.666667,13,False,1,1
4363,0x27a111,0.666667,9,False,1,1
4364,0x1b09dc,0.000000,11,False,1,3
4365,0x5f3c99,0.333333,14,False,2,2
4366,0xae389c,1.000000,12,True,0,0
4367,0x199919,0.333333,10,False,2,2
4368,0xd334fe,0.000000,15,False,1,3
4369,0x8fb8fb,1.000000,16,True,0,0
4370,0xcb3f3,0.666667,13,False,1,1
4371,0x233b4c,0.000000,11,False,1,3
4372,0x43b4b0,0.333333,10,False,2,2
4373,0xd2f7f9,0.666667,17,False,1,1
4374,0x363461,0.333333,10,False,2,2
4375,0x687c05,0.333333,10,False,2,2
4376,0x288f6d,1.000000,12,True,0,0
4377,0xe99b72,0.333333,14,False,2,2
4378,0xd4725d,0.666667,13,False,1,1
4379,0xd28302,1.000000,8,True,0,0
4380,0xc6eda7,0.000000,15,False,1,3
4381,0x22759d,1.000000,12,True,0,0
4382,0x1fc597,0.333333,14,False,2,2
4383,0x9cc419,0.333333,10,False,2,2
4384,0xf29f85,0.333333,14,False,2,2
4385,0xaf228f,0.666667,13,False,1,1
4386,0xf02e84,0.333333,10,False,2,2
4387,0x572440,1.000000,8,True,0,0
4388,0xd81b7a,0.666667,13,False,1,1
4389,0xe9e88e,0.666667,13,False,1,1
4390,0x316f15,1.000000,12,True,0,0
4391,0xeca5d8,0.666667,13,False,1,1
4392,0xc0b17b,1.000000,12,True,0,0
4393,0x70e157,1.000000,12,True,0,0
4394,0x1b447,0.666667,9,False,1,1
4395,0x98ef80,0.000000,11,False,1,3
4396,0xeacc2a,1.000000,12,True,0,0
4397,0x3967a3,0.666667,13,False,1,1
4398,0xb467ab,0.333333,14,False,2,2
4399,0xcd69ad,0.333333,14,False,2,2
4400,0x34d41e,0.000000,11,False,1,3
4401,0x5dfa62,0.333333,14,False,2,2
4402,0xc0639b,0.000000,11,False,1,3
4403,0xcf2f3d,1.000000,16,True,0,0
4404,0xeddb93,1.000000,16,True,0,0
4405,0xc27461,0.333333,10,False,2,2
4406,0xa531c7,1.000000,12,True,0,0
4407,0x3901aa,0.666667,9,False,1,1
4408,0x23b28f,1.000000,12,True,0,0
4409,0x4438a4,1.000000,8,True,0,0
4410,0xaa1a4c,0.333333,10,False,2,2
4411,0xb8470,1.000000,8,True,0,0
4412,0xc98a36,0.000000,11,False,1,3
4413,0x382030,0.333333,6,False,2,2
4414,0xaedd00,0.000000,11,False,1,3
4415,0x74419b,0.000000,11,False,1,3
4416,0xcbb001,0.666667,9,False,1,1
4417,0x12a35a,0.333333,10,False,2,2
4418,0xae0583,0.333333,10,False,2,2
4419,0x740d43,0.333333,10,False,2,2
4420,0x11e1b5,0.000000,11,False,1,3
4421,0x2da53d,0.666667,13,False,1,1
4422,0xd0c4c2,0.666667,9,False,1,1
4423,0xeacc08,0.333333,10,False,2,2
4424,0x1a3a9,0.666667,9,False,1,1
4425,0x7997d9,0.000000,15,False,1,3
4426,0x8f743b,0.333333,14,False,2,2
4427,0xc93ee0,1.000000,12,True,0,0
4428,0x34c56f,0.666667,13,False,1,1
4429,0x7ad555,0.333333,14,False,2,2
4430,0x61af5b,0.333333,14,False,2,2
4431,0x3861e5,0.000000,11,False,1,3
4432,0x5900e1,1.000000,8,True,0,0
4433,0x5336d6,0.666667,13,False,1,1
4434,0x993c1d,1.000000,12,True,0,0
4435,0xf2f920,1.000000,12,True,0,0
4436,0x13a2ff,0.333333,14,False,2,2
4437,0xebb9cc,0.000000,15,False,1,3
4438,0x456b1d,1.000000,12,True,0,0
4439,0x20a97,1.000000,8,True,0,0
4440,0xed8736,0.333333,14,False,2,2
4441,0xa849b6,0.000000,11,False,1,3
4442,0xdfc9e1,0.000000,15,False,1,3
4443,0xea9266,1.000000,12,True,0,0
4444,0x692b34,0.000000,11,False,1,3
4445,0x59ec27,0.666667,13,False,1,1
4446,0x8a31d1,0.333333,10,False,2,2
4447,0xf29046,0.333333,10,False,2,2
4448,0xd84641,0.666667,9,False,1,1
4449,0xbf4547,0.333333,14,False,2,2
4450,0x2ad7e0,1.000000,12,True,0,0
4451,0x1a093b,0.333333,10,False,2,2
4452,0xfef45a,1.000000,16,True,0,0
4453,0x5895b,0.333333,10,False,2,2
4454,0xfa9bc,0.666667,13,False,1,1
4455,0x7b233,0.000000,11,False,1,3
4456,0x9a18cb,0.000000,11,False,1,3
4457,0x69d54c,1.000000,12,True,0,0
4458,0xb67d8,1.000000,12,True,0,0
4459,0xec120d,0.333333,10,False,2,2
4460,0x76024a,0.666667,9,False,1,1
4461,0xfa30be,0.333333,14,False,2,2
4462,0x60bcb9,1.000000,12,True,0,0
4463,0x7709da,0.666667,13,False,1,1
4464,0xa1b68c,0.000000,11,False,1,3
4465,0x3a280e,0.666667,9,False,1,1
4466,0x6653e3,0.666667,13,False,1,1
4467,0x648e5c,0.000000,11,False,1,3
4468,0x864752,0.333333,10,False,2,2
4469,0x6af6f4,0.000000,15,False,1,3
4470,0xf7e52a,0.000000,15,False,1,3
4471,0xe03579,1.000000,12,True,0,0
4472,0x5f66bc,0.000000,15,False,1,3
4473,0xfac4dd,0.000000,15,False,1,3
4474,0xc45369,0.000000,11,False,1,3
4475,0x123f16,0.000000,11,False,1,3
4476,0xaa063d,0.000000,11,False,1,3
4477,0x9efa48,0.666667,13,False,1,1
4478,0x95584c,0.333333,10,False,2,2
4479,0xf05c13,0.000000,11,False,1,3
4480,0xf15b1a,0.666667,13,False,1,1
4481,0x1f9ded,1.000000,16,True,0,0
4482,0xe41c80,1.000000,8,True,0,0
4483,0xf11e5,0.000000,11,False,1,3
4484,0x15e4ed,0.666667,13,False,1,1
4485,0x77d6a3,0.000000,15,False,1,3
4486,0xedd05e,0.333333,14,False,2,2
4487,0x7d4b4b,0.333333,14,False,2,2
4488,0xb14288,1.000000,8,True,0,0
4489,0x55f50b,0.666667,13,False,1,1
4490,0x529e32,0.000000,11,False,1,3
4491,0xebbba,0.333333,14,False,2,2
4492,0xf47256,0.666667,13,False,1,1
4493,0x7b881a,0.000000,11,False,1,3
4494,0xefbc0e,0.000000,15,False,1,3
4495,0x21370a,0.666667,9,False,1,1
4496,0x5d312c,0.000000,11,False,1,3
4497,0x8c1cbd,1.000000,12,True,0,0
4498,0x7b48aa,1.000000,12,True,0,0
4499,0x33c6d7,0.333333,14,False,2,2
4500,0x5a4cc1,0.333333,10,False,2,2
4501,0x40b9dd,1.000000,12,True,0,0
4502,0x1a7ee4,0.666667,13,False,1,1
4503,0xc74cde,0.333333,14,False,2,2
4504,0xf3a72c,0.333333,14,False,2,2
4505,0x4e070e,0.333333,10,False,2,2
4506,0xfee8b2,0.000000,15,False,1,3
4507,0x158bc2,0.333333,10,False,2,2
4508,0x171135,0.333333,10,False,2,2
4509,0xe24dba,0.666667,13,False,1,1
4510,0xf3642e,0.666667,13,False,1,1
4511,0xb4474c,0.000000,11,False,1,3
4512,0x2d5331,0.000000,11,False,1,3
4513,0x6f4510,0.333333,10,False,2,2
4514,0x5b6dac,0.333333,14,False,2,2
4515,0x920a48,0.000000,7,False,1,3
4516,0xbf99a3,0.000000,15,False,1,3
4517,0xe389c5,1.000000,12,True,0,0
4518,0xa4bc7a,0.666667,13,False,1,1
4519,0xe2bcbb,0.000000,15,False,1,3
4520,0x6e040f,0.333333,10,False,2,2
4521,0xa773a4,0.666667,13,False,1,1
4522,0x7ffaa3,0.666667,17,False,1,1
4523,0xbba1b,1.000000,12,True,0,0
4524,0x6a9532,0.000000,11,False,1,3
4525,0x418f91,0.333333,10,False,2,2
4526,0xcb6e53,0.333333,14,False,2,2
4527,0x9d3004,1.000000,8,True,0,0
4528,0xcb7c9,1.000000,12,True,0,0
4529,0xc5817a,0.000000,11,False,1,3
4530,0xfd0eb6,0.000000,15,False,1,3
4531,0x1a099e,0.333333,10,False,2,2
4532,0x592e86,0.000000,11,False,1,3
4533,0xa5f1a4,1.000000,12,True,0,0
4534,0x7740bc,1.000000,12,True,0,0
4535,0xc2542f,0.000000,11,False,1,3
4536,0x2ce66b,0.666667,13,False,1,1
4537,0xff5cfa,0.333333,18,False,2,2
4538,0xf547df,0.666667,17,False,1,1
4539,0xf6fa62,0.000000,15,False,1,3
4540,0x57ece0,0.666667,13,False,1,1
4541,0x173df1,0.333333,14,False,2,2
4542,0x6e5603,0.000000,11,False,1,3
4543,0xa95085,0.666667,9,False,1,1
4544,0xc55654,0.000000,11,False,1,3
4545,0xbff86d,0.666667,17,False,1,1
4546,0xfcd565,0.000000,15,False,1,3
4547,0xcd4e7b,0.000000,15,False,1,3
4548,0x32faa7,0.333333,14,False,2,2
4549,0x82d845,0.666667,9,False,1,1
4550,0xa2f497,0.666667,13,False,1,1
4551,0xdb3f31,0.000000,15,False,1,3
4552,0xc40260,0.333333,6,False,2,2
4553,0x7f4a19,0.666667,13,False,1,1
4554,0xe12d3f,0.333333,14,False,2,2
4555,0x5df734,0.000000,15,False,1,3
4556,0xf2d97b,1.000000,16,True,0,0
4557,0x47462d,0.000000,11,False,1,3
4558,0x8d802a,1.000000,8,True,0,0
4559,0x8676a2,0.000000,11,False,1,3
4560,0xe20566,0.333333,10,False,2,2
4561,0x66c3f6,0.333333,14,False,2,2
4562,0x771d2d,0.333333,14,False,2,2
4563,0x3fb5cf,0.666667,17,False,1,1
4564,0xb33104,0.666667,9,False,1,1
4565,0x13a26f,1.000000,12,True,0,0
4566,0x2324ac,0.666667,9,False,1,1
4567,0x91ff7b,0.666667,17,False,1,1
4568,0x8ab09c,0.333333,10,False,2,2
4569,0x4c0f57,1.000000,12,True,0,0
4570,0x89e836,0.000000,11,False,1,3
4571,0x1bf62e,0.333333,14,False,2,2
4572,0x20b3c,1.000000,8,True,0,0
4573,0x382e02,1.000000,8,True,0,0
4574,0x6df17e,1.000000,16,True,0,0
4575,0x75d14,0.333333,10,False,2,2
4576,0x8fe70e,0.333333,14,False,2,2
4577,0xe1821d,0.333333,10,False,2,2
4578,0xd4ba8b,0.666667,13,False,1,1
4579,0x3bcebd,1.000000,16,True,0,0
4580,0xfa44a5,1.000000,12,True,0,0
4581,0xd1a35c,1.000000,12,True,0,0
4582,0xcde37,0.666667,13,False,1,1
4583,0x4be333,0.666667,13,False,1,1
4584,0x3e28d7,0.666667,13,False,1,1
4585,0xb3f6ed,0.666667,17,False,1,1
4586,0x6f18dc,0.666667,13,False,1,1
4587,0xcfdec6,1.000000,16,True,0,0
4588,0x373ca2,1.000000,12,True,0,0
4589,0x135baf,0.333333,14,False,2,2
4590,0x4f629f,0.333333,14,False,2,2
4591,0x40279e,0.333333,10,False,2,2
4592,0x2edfc7,1.000000,16,True,0,0
4593,0xeb6147,0.666667,13,False,1,1
4594,0xdaab15,0.666667,13,False,1,1
4595,0xb2823b,0.000000,11,False,1,3
4596,0x2edd41,1.000000,12,True,0,0
4597,0x34f866,1.000000,12,True,0,0
4598,0x4570b9,0.000000,11,False,1,3
4599,0x572734,1.000000,12,True,0,0
4600,0xd23751,1.000000,12,True,0,0
4601,0xac85e0,0.333333,10,False,2,2
4602,0xe2f634,0.666667,13,False,1,1
4603,0x72ad66,0.666667,13,False,1,1
4604,0x16d8af,0.666667,13,False,1,1
4605,0x9a6695,1.000000,12,True,0,0
4606,0x2ce8d3,1.000000,12,True,0,0
4607,0x31ba30,0.333333,10,False,2,2
4608,0x932c51,0.333333,10,False,2,2
4609,0x225b9d,1.000000,12,True,0,0
4610,0x3b31bb,0.333333,14,False,2,2
4611,0x3972af,0.333333,14,False,2,2
4612,0x2bef8,1.000000,12,True,0,0
4613,0x88586,0.000000,7,False,1,3
4614,0xdb585e,0.333333,14,False,2,2
4615,0x32adc4,0.000000,11,False,1,3
4616,0xd1f294,1.000000,12,True,0,0
4617,0x5c7981,0.000000,11,False,1,3
4618,0x67f4bf,0.666667,17,False,1,1
4619,0x898f46,0.000000,11,False,1,3
4620,0x37ce50,1.000000,12,True,0,0
4621,0x8a73cb,0.666667,13,False,1,1
4622,0x33473c,1.000000,12,True,0,0
4623,0xd38d2e,0.666667,13,False,1,1
4624,0x2831f4,0.333333,10,False,2,2
4625,0xc76f26,0.333333,14,False,2,2
4626,0xc7231b,1.000000,12,True,0,0
4627,0x585986,0.333333,10,False,2,2
4628,0xd5fd29,0.000000,15,False,1,3
4629,0x4c584,0.000000,7,False,1,3
4630,0x655b44,0.000000,11,False,1,3
4631,0xa2d24b,0.000000,11,False,1,3
4632,0x2ca818,1.000000,8,True,0,0
4633,0xb48069,0.666667,9,False,1,1
4634,0x977485,1.000000,12,True,0,0
4635,0x83fbeb,1.000000,16,True,0,0
4636,0x1f257e,0.333333,14,False,2,2
4637,0xecbfce,0.666667,17,False,1,1
4638,0x473b1a,1.000000,12,True,0,0
4639,0xb2c31e,1.000000,12,True,0,0
4640,0x10410f,0.000000,7,False,1,3
4641,0xeb9a23,0.666667,13,False,1,1
4642,0x2e106f,0.000000,11,False,1,3
4643,0x6e6265,1.000000,12,True,0,0
4644,0x6c9c1,0.666667,9,False,1,1
4645,0x36b7fe,0.666667,17,False,1,1
4646,0x78b4fb,0.000000,15,False,1,3
4647,0x7900f,0.666667,9,False,1,1
4648,0x90edce,0.666667,13,False,1,1
4649,0x781c65,0.000000,11,False,1,3
4650,0x7efa5e,0.666667,17,False,1,1
4651,0x2e4010,0.333333,6,False,2,2
4652,0x285230,0.000000,7,False,1,3
4653,0x1570e4,0.333333,10,False,2,2
4654,0xfb796d,0.666667,17,False,1,1
4655,0xcfac71,0.333333,14,False,2,2
4656,0x120a91,0.000000,7,False,1,3
4657,0xae6dbe,1.000000,16,True,0,0
4658,0xaf30d6,0.666667,13,False,1,1
4659,0xfe968c,0.333333,14,False,2,2
4660,0x17dc3f,0.000000,15,False,1,3
4661,0x8de965,0.666667,13,False,1,1
4662,0x20d57e,1.000000,12,True,0,0
4663,0x8de282,0.333333,10,False,2,2
4664,0x63a81a,0.333333,10,False,2,2
4665,0x311a23,0.666667,9,False,1,1
4666,0xe5a02,1.000000,8,True,0,0
4667,0xfc5ca4,0.666667,13,False,1,1
4668,0xa5bc57,0.333333,14,False,2,2
4669,0x8d5c03,0.333333,10,False,2,2
4670,0xd1a34f,0.666667,13,False,1,1
4671,0x4d46eb,0.666667,13,False,1,1
4672,0xf04911,0.666667,9,False,1,1
4673,0x9a945e,1.000000,12,True,0,0
4674,0x19f704,0.000000,11,False,1,3
4675,0xd0d7ee,0.000000,15,False,1,3
4676,0x865198,0.666667,9,False,1,1
4677,0x1b8e35,1.000000,12,True,0,0
4678,0x860a2b,0.666667,9,False,1,1
4679,0xb9a432,0.000000,11,False,1,3
4680,0xc67ff,0.000000,15,False,1,3
4681,0x1bb2be,0.333333,14,False,2,2
4682,0x73e826,1.000000,12,True,0,0
4683,0xb7eedd,0.333333,18,False,2,2
4684,0xb3eec3,0.000000,15,False,1,3
4685,0x530f0d,0.000000,11,False,1,3
4686,0xe82c4b,0.000000,11,False,1,3
4687,0x47a9dc,0.666667,13,False,1,1
4688,0x82f351,0.000000,11,False,1,3
4689,0xf6d066,0.666667,13,False,1,1
4690,0x6cbf88,0.666667,13,False,1,1
4691,0xdb280,1.000000,8,True,0,0
4692,0x5233f6,0.666667,13,False,1,1
4693,0x93b67a,0.333333,14,False,2,2
4694,0x4c45a4,0.666667,9,False,1,1
4695,0x380046,0.333333,6,False,2,2
4696,0xef64e8,0.333333,14,False,2,2
4697,0x6160c5,0.666667,9,False,1,1
4698,0x31fce6,0.333333,14,False,2,2
4699,0x546390,0.666667,9,False,1,1
4700,0x7526a9,1.000000,12,True,0,0
4701,0x60a1f1,0.333333,10,False,2,2
4702,0xee57ff,0.000000,19,False,3,3
4703,0x4635d8,0.000000,11,False,1,3
4704,0x6a8d4f,0.666667,13,False,1,1
4705,0xa657dc,0.333333,14,False,2,2
4706,0xac0bc0,0.666667,9,False,1,1
4707,0xd23727,0.666667,13,False,1,1
4708,0x4dfce6,0.000000,15,False,1,3
4709,0xc15e87,1.000000,12,True,0,0
4710,0x8ccdb6,0.666667,13,False,1,1
4711,0x7f5def,0.000000,19,False,3,3
4712,0xb43129,0.333333,10,False,2,2
4713,0xcd3ad7,0.000000,15,False,1,3
4714,0xc565f6,0.333333,14,False,2,2
4715,0xadf058,1.000000,12,True,0,0
4716,0x247172,0.333333,10,False,2,2
4717,0x7d18b4,1.000000,12,True,0,0
4718,0x8419e9,0.333333,10,False,2,2
4719,0x9531d7,0.666667,13,False,1,1
4720,0x6f4d1d,0.333333,14,False,2,2
4721,0x790d9c,1.000000,12,True,0,0
4722,0x33057b,1.000000,12,True,0,0
4723,0x52efa5,0.333333,14,False,2,2
4724,0xca1d44,0.333333,10,False,2,2
4725,0xed7609,0.666667,13,False,1,1
4726,0x90f510,0.666667,9,False,1,1
4727,0xdfe17d,0.666667,17,False,1,1
4728,0x3bcc70,1.000000,12,True,0,0
4729,0x6bc629,1.000000,12,True,0,0
4730,0xb474fc,0.333333,14,False,2,2
4731,0x5816f4,0.000000,11,False,1,3
4732,0xc468ef,0.666667,13,False,1,1
4733,0x5ba9cb,0.333333,14,False,2,2
4734,0x7cf4a8,0.666667,13,False,1,1
4735,0x9a1803,1.000000,8,True,0,0
4736,0x391450,1.000000,8,True,0,0
4737,0xb95e5,1.000000,12,True,0,0
4738,0xb59772,0.333333,14,False,2,2
4739,0x253d74,1.000000,12,True,0,0
4740,0xb4ee7,0.666667,13,False,1,1
4741,0xcbba80,0.000000,11,False,1,3
4742,0x1982fd,1.000000,12,True,0,0
4743,0x8e1424,1.000000,8,True,0,0
4744,0x55aa8b,1.000000,12,True,0,0
4745,0x578c90,0.333333,10,False,2,2
4746,0x2594b,0.666667,9,False,1,1
4747,0xc14555,0.333333,10,False,2,2
4748,0xfe51a0,1.000000,12,True,0,0
4749,0x1937d1,1.000000,12,True,0,0
4750,0x623a6d,1.000000,12,True,0,0
4751,0x5ed4c9,0.666667,13,False,1,1
4752,0x89227a,0.333333,10,False,2,2
4753,0xdc9ff3,0.666667,17,False,1,1
4754,0xa68d90,0.333333,10,False,2,2
4755,0xf7f53,0.000000,15,False,1,3
4756,0x1705d0,0.666667,9,False,1,1
4757,0x609368,0.666667,9,False,1,1
4758,0xf9ab53,0.000000,15,False,1,3
4759,0x4f00a3,0.666667,9,False,1,1
4760,0xc4ce5d,0.666667,13,False,1,1
4761,0xbe7df1,0.666667,17,False,1,1
4762,0xe3dc1c,0.666667,13,False,1,1
4763,0xd1ed8e,0.333333,14,False,2,2
4764,0x8d1f49,1.000000,12,True,0,0
4765,0x5863e7,0.666667,13,False,1,1
4766,0x8273d0,0.333333,10,False,2,2
4767,0x1d6f7c,0.000000,15,False,1,3
4768,0x94a627,0.000000,11,False,1,3
4769,0x9b502c,0.333333,10,False,2,2
4770,0x1a7c62,0.000000,11,False,1,3
4771,0xfffffb,0.000000,23,False,1,3
4772,0x18929b,0.333333,10,False,2,2
4773,0x791f69,0.333333,14,False,2,2
4774,0x606439,0.666667,9,False,1,1
4775,0x5530be,1.000000,12,True,0,0
4776,0x940938,1.000000,8,True,0,0
4777,0x17ed0a,1.000000,12,True,0,0
4778,0xb4f12d,0.666667,13,False,1,1
4779,0x944c60,1.000000,8,True,0,0
4780,0x7fdb63,0.666667,17,False,1,1
4781,0x555b9f,0.000000,15,False,1,3
4782,0xb558c,0.333333,10,False,2,2
4783,0x64735d,0.666667,13,False,1,1
4784,0x6ef536,0.000000,15,False,1,3
4785,0x21cea,0.666667,9,False,1,1
4786,0x6f56bb,1.000000,16,True,0,0
4787,0x850dfd,0.666667,13,False,1,1
4788,0x98a7c9,1.000000,12,True,0,0
4789,0x8c6eab,0.666667,13,False,1,1
4790,0xd7c8dc,0.333333,14,False,2,2
4791,0x30c385,0.666667,9,False,1,1
4792,0x513f00,0.666667,9,False,1,1
4793,0x557bec,0.000000,15,False,1,3
4794,0x8af036,0.000000,11,False,1,3
4795,0x3bd34e,0.333333,14,False,2,2
4796,0xd220ce,0.333333,10,False,2,2
4797,0xe5cd40,0.000000,11,False,1,3
4798,0x21f074,0.333333,10,False,2,2
4799,0x93bc55,0.666667,13,False,1,1
4800,0xee4a63,0.666667,13,False,1,1
4801,0x282dfe,0.666667,13,False,1,1
4802,0xf4ba0,0.333333,10,False,2,2
4803,0xcd5d6d,0.000000,15,False,1,3
4804,0x82a5c2,0.666667,9,False,1,1
4805,0x9c3a05,0.333333,10,False,2,2
4806,0x529eaa,1.000000,12,True,0,0
4807,0x6ad8c2,0.000000,11,False,1,3
4808,0x82e740,0.666667,9,False,1,1
4809,0x273840,1.000000,8,True,0,0
4810,0x31d7ce,0.333333,14,False,2,2
4811,0xa7daf2,0.000000,15,False,1,3
4812,0x58ffa,0.666667,13,False,1,1
4813,0xb19931,0.000000,11,False,1,3
4814,0x39d7be,1.000000,16,True,0,0
4815,0x4b391b,1.000000,12,True,0,0
4816,0x19d651,0.000000,11,False,1,3
4817,0x586509,0.666667,9,False,1,1
4818,0x1dc391,0.000000,11,False,1,3
4819,0xa57296,1.000000,12,True,0,0
4820,0x6024dd,0.333333,10,False,2,2
4821,0xe512f9,0.666667,13,False,1,1
4822,0xa180fe,0.000000,11,False,1,3
4823,0xf7c6a1,0.333333,14,False,2,2
4824,0x13044f,0.666667,9,False,1,1
4825,0xd7badb,0.666667,17,False,1,1
4826,0x8c1483,1.000000,8,True,0,0
4827,0xf6f0a0,1.000000,12,True,0,0
4828,0x883fac,1.000000,12,True,0,0
4829,0xe9075a,1.000000,12,True,0,0
4830,0x2aefe3,0.000000,15,False,1,3
4831,0xcecc0b,1.000000,12,True,0,0
4832,0xc18802,0.333333,6,False,2,2
4833,0x84c102,0.333333,6,False,2,2
4834,0x32bb61,1.000000,12,True,0,0
4835,0xb5a62a,1.000000,12,True,0,0
4836,0xf77dc7,0.333333,18,False,2,2
4837,0x89881a,1.000000,8,True,0,0
4838,0x656279,1.000000,12,True,0,0
4839,0xdfba73,0.666667,17,False,1,1
4840,0x147bc5,1.000000,12,True,0,0
4841,0x607dbc,0.666667,13,False,1,1
4842,0x2ebd73,0.000000,15,False,1,3
4843,0x7de20a,1.000000,12,True,0,0
4844,0xb85171,0.000000,11,False,1,3
4845,0x9d0a00,0.000000,7,False,1,3
4846,0x4a3a1c,0.333333,10,False,2,2
4847,0xa1b382,0.333333,10,False,2,2
4848,0xede65e,1.000000,16,True,0,0
4849,0xbf9e5e,0.666667,17,False,1,1
4850,0x28b298,0.666667,9,False,1,1
4851,0x4102b4,0.000000,7,False,1,3
4852,0xbbb527,0.000000,15,False,1,3
4853,0xccde9,1.000000,12,True,0,0
4854,0x12d8d1,0.333333,10,False,2,2
4855,0x471dfb,0.000000,15,False,1,3
4856,0x22c85a,0.666667,9,False,1,1
4857,0x7237b,1.000000,12,True,0,0
4858,0x83f4f1,0.666667,13,False,1,1
4859,0xd4cb7d,0.000000,15,False,1,3
4860,0x9868d0,0.666667,9,False,1,1
4861,0xca69fb,0.000000,15,False,1,3
4862,0x7f218e,0.666667,13,False,1,1
4863,0xb39f25,0.333333,14,False,2,2
4864,0xecd01e,1.000000,12,True,0,0
4865,0x6b099e,1.000000,12,True,0,0
4866,0x370c5f,0.666667,13,False,1,1
4867,0xc458b1,0.333333,10,False,2,2
4868,0x5a810,0.333333,6,False,2,2
4869,0xedb678,0.000000,15,False,1,3
4870,0x42d04a,1.000000,8,True,0,0
4871,0x6f9f,1.000000,12,True,0,0
4872,0x2d127a,0.000000,11,False,1,3
4873,0x2d0822,0.000000,7,False,1,3
4874,0x8e0015,0.000000,7,False,1,3
4875,0x1a0729,0.666667,9,False,1,1
4876,0x7ab908,0.000000,11,False,1,3
4877,0xd13836,0.000000,11,False,1,3
4878,0x2288cb,0.666667,9,False,1,1
4879,0x170780,1.000000,8,True,0,0
4880,0xa1007e,0.666667,9,False,1,1
4881,0xc94b37,0.666667,13,False,1,1
4882,0xad9e0c,1.000000,12,True,0,0
4883,0x5a6dcc,0.666667,13,False,1,1
4884,0x811f44,0.666667,9,False,1,1
4885,0x90ec06,0.666667,9,False,1,1
4886,0xd62d63,0.666667,13,False,1,1
4887,0x96384d,0.000000,11,False,1,3
4888,0xc91e72,1.000000,12,True,0,0
4889,0x1a6b4d,1.000000,12,True,0,0
4890,0x9a2561,0.333333,10,False,2,2
4891,0xf0eb9,1.000000,12,True,0,0
4892,0xed729f,1.000000,16,True,0,0
4893,0x1d3f65,0.333333,14,False,2,2
4894,0x9cd53d,0.333333,14,False,2,2
4895,0x32f557,0.333333,14,False,2,2
4896,0xc9690a,0.333333,10,False,2,2
4897,0x3f9d20,1.000000,12,True,0,0
4898,0xb5531e,0.666667,13,False,1,1
4899,0xbd5e80,1.000000,12,True,0,0
4900,0x22c212,0.000000,7,False,1,3
4901,0x48dc0b,0.333333,10,False,2,2
4902,0x6b54df,0.000000,15,False,1,3
4903,0xfef67a,0.333333,18,False,2,2
4904,0xf8a04c,0.333333,10,False,2,2
4905,0x6dbe89,0.333333,14,False,2,2
4906,0xc7b4e6,0.333333,14,False,2,2
4907,0xaf126d,0.666667,13,False,1,1
4908,0x7c7cde,1.000000,16,True,0,0
4909,0x5985da,1.000000,12,True,0,0
4910,0x8a7e22,0.000000,11,False,1,3
4911,0x4c92ba,0.000000,11,False,1,3
4912,0xf2dba7,1.000000,16,True,0,0
4913,0x28fd24,0.000000,11,False,1,3
4914,0xd3cdaa,0.333333,14,False,2,2
4915,0x4ff55d,1.000000,16,True,0,0
4916,0x242386,1.000000,8,True,0,0
4917,0x559033,0.333333,10,False,2,2
4918,0x9cb881,0.333333,10,False,2,2
4919,0x7a262,0.666667,9,False,1,1
4920,0x4ceb6d,0.333333,14,False,2,2
4921,0xace45,0.333333,10,False,2,2
4922,0xc39a7,0.000000,11,False,1,3
4923,0x295542,0.666667,9,False,1,1
4924,0xc7da54,0.666667,13,False,1,1
4925,0x482306,0.000000,7,False,1,3
4926,0x53c321,0.333333,10,False,2,2
4927,0x4514f4,0.333333,10,False,2,2
4928,0xb54a64,0.000000,11,False,1,3
4929,0x1292fa,0.000000,11,False,1,3
4930,0x465400,0.333333,6,False,2,2
4931,0xfe32b4,0.333333,14,False,2,2
4932,0xce635e,0.333333,14,False,2,2
4933,0xc3728f,0.666667,13,False,1,1
4934,0x3acd16,1.000000,12,True,0,0
4935,0xf4851a,0.000000,11,False,1,3
4936,0x1fd9c1,0.666667,13,False,1,1
4937,0x3884a0,0.000000,7,False,1,3
4938,0x2970b8,0.333333,10,False,2,2
4939,0x61215f,0.000000,11,False,1,3
4940,0x1c3973,1.000000,12,True,0,0
4941,0x3c6f8c,0.666667,13,False,1,1
4942,0x4e461c,0.333333,10,False,2,2
4943,0xcfcd5c,0.000000,15,False,1,3
4944,0xe8cb56,0.666667,13,False,1,1
4945,0x192465,0.666667,9,False,1,1
4946,0xaa482d,0.333333,10,False,2,2
4947,0xe24538,0.333333,10,False,2,2
4948,0x28c52e,0.333333,10,False,2,2
4949,0x6e1fa3,0.333333,14,False,2,2
4950,0x33efba,1.000000,16,True,0,0
4951,0x2ecd8e,0.666667,13,False,1,1
4952,0xc7ee68,0.333333,14,False,2,2
4953,0xe566e2,0.666667,13,False,1,1
4954,0xb58b3d,0.333333,14,False,2,2
4955,0x77c1f6,0.000000,15,False,1,3
4956,0xdab334,0.666667,13,False,1,1
4957,0x23c7b9,0.666667,13,False,1,1
4958,0x7aa4f3,0.333333,14,False,2,2
4959,0xf3deba,0.666667,17,False,1,1
4960,0x9ef5aa,0.000000,15,False,1,3
4961,0x336474,0.000000,11,False,1,3
4962,0x5b091f,1.000000,12,True,0,0
4963,0x173458,0.333333,10,False,2,2
4964,0xa947f4,0.666667,13,False,1,1
4965,0xd3fb48,0.333333,14,False,2,2
4966,0x12a7b1,0.000000,11,False,1,3
4967,0xb6cf6e,1.000000,16,True,0,0
4968,0x57a54,0.333333,10,False,2,2
4969,0xec9d3d,0.000000,15,False,1,3
4970,0x1e46be,0.666667,13,False,1,1
4971,0xe6839f,0.333333,14,False,2,2
4972,0x3067bc,1.000000,12,True,0,0
4973,0x34f25,0.333333,10,False,2,2
4974,0x9ae617,0.666667,13,False,1,1
4975,0x82770,1.000000,8,True,0,0
4976,0x56267b,0.666667,13,False,1,1
4977,0xe2ffc6,1.000000,16,True,0,0
4978,0x834534,0.666667,9,False,1,1
4979,0x769783,0.666667,13,False,1,1
4980,0x72ce1b,0.666667,13,False,1,1
4981,0xa34b00,1.000000,8,True,0,0
4982,0x4f1cd6,0.666667,13,False,1,1
4983,0xf094af,0.666667,13,False,1,1
4984,0x37831a,0.000000,11,False,1,3
4985,0x3eefa7,0.666667,17,False,1,1
4986,0x54290c,1.000000,8,True,0,0
4987,0x20c862,0.000000,7,False,1,3
4988,0x4012d3,1.000000,8,True,0,0
4989,0x7fb586,0.000000,15,False,1,3
4990,0x164577,1.000000,12,True,0,0
4991,0xc30161,1.000000,8,True,0,0
4992,0x817b65,1.000000,12,True,0,0
4993,0x82a53a,0.333333,10,False,2,2
4994,0xc5b7ed,1.000000,16,True,0,0
4995,0x2f27cb,0.333333,14,False,2,2
4996,0xd87204,0.666667,9,False,1,1
4997,0x8fdb8e,0.000000,15,False,1,3
4998,0x40a3f9,0.000000,11,False,1,3
4999,0xc25f67,0.333333,14,False,2,2
5000,0xc53016,0.666667,9,False,1,1
5001,0xa07bdb,0.333333,14,False,2,2
5002,0xd77d72,1.000000,16,True,0,0
5003,0xb0bd95,0.666667,13,False,1,1
5004,0xd56816,0.000000,11,False,1,3
5005,0x2e104e,0.666667,9,False,1,1
5006,0xdf856f,1.000000,16,True,0,0
5007,0x3edd1b,0.000000,15,False,1,3
5008,0x2dac26,0.000000,11,False,1,3
5009,0xd57747,0.000000,15,False,1,3
5010,0x431ccc,0.333333,10,False,2,2
5011,0x3a4941,0.666667,9,False,1,1
5012,0x3762f,1.000000,12,True,0,0
5013,0xd9973f,1.000000,16,True,0,0
5014,0x3acae1,1.000000,12,True,0,0
5015,0x8a0f54,0.333333,10,False,2,2
5016,0xea2197,1.000000,12,True,0,0
5017,0x28da92,0.333333,10,False,2,2
5018,0x9e3f3c,0.000000,15,False,1,3
5019,0x7d106,0.666667,9,False,1,1
5020,0x82a39c,0.333333,10,False,2,2
5021,0xa67e88,1.000000,12,True,0,0
5022,0x5109e0,1.000000,8,True,0,0
5023,0x80ec9d,0.000000,11,False,1,3
5024,0xd32c52,0.000000,11,False,1,3
5025,0x52394f,1.000000,12,True,0,0
5026,0x7249b0,0.333333,10,False,2,2
5027,0x250e98,0.666667,9,False,1,1
5028,0x682e26,0.333333,10,False,2,2
5029,0x71de03,1.000000,12,True,0,0
5030,0x826be4,0.000000,11,False,1,3
5031,0xc81f16,0.000000,11,False,1,3
5032,0x8f60e7,0.666667,13,False,1,1
5033,0xf3bd48,0.333333,14,False,2,2
5034,0x574f9f,1.000000,16,True,0,0
5035,0xa088e8,1.000000,8,True,0,0
5036,0xa0d250,1.000000,8,True,0,0
5037,0xd1ee6c,0.333333,14,False,2,2
5038,0x59e784,1.000000,12,True,0,0
5039,0xa6244f,0.000000,11,False,1,3
5040,0x1f86a7,0.666667,13,False,1,1
5041,0x994095,0.666667,9,False,1,1
5042,0xf01f67,0.333333,14,False,2,2
5043,0xa8a5d7,0.666667,13,False,1,1
5044,0x75937f,1.000000,16,True,0,0
5045,0xd2fd84,0.666667,13,False,1,1
5046,0xaf9436,0.666667,13,False,1,1
5047,0xe025ef,0.666667,13,False,1,1
5048,0x711a28,0.666667,9,False,1,1
5049,0x6e6273,0.666667,13,False,1,1
5050,0x685a9c,0.000000,11,False,1,3
5051,0xa4d68e,1.000000,12,True,0,0
5052,0xd61951,0.000000,11,False,1,3
5053,0x61cb6f,0.333333,14,False,2,2
5054,0x86cf5d,0.333333,14,False,2,2
5055,0x6c21c0,1.000000,8,True,0,0
5056,0x16ab01,0.666667,9,False,1,1
5057,0x915ab2,0.000000,11,False,1,3
5058,0x26b14d,0.000000,11,False,1,3
5059,0xd143b4,0.000000,11,False,1,3
5060,0xa2095c,0.666667,9,False,1,1
5061,0x1b9a0d,0.000000,11,False,1,3
5062,0x4ea36f,0.333333,14,False,2,2
5063,0x386b28,0.333333,10,False,2,2
5064,0x106688,0.000000,7,False,1,3
5065,0xd99d3e,0.000000,15,False,1,3
5066,0x807aa0,1.000000,8,True,0,0
5067,0x2094be,0.333333,10,False,2,2
5068,0xe82f5d,0.333333,14,False,2,2
5069,0x56b2b5,0.666667,13,False,1,1
5070,0x6422ee,0.000000,11,False,1,3
5071,0x787d25,0.666667,13,False,1,1
5072,0xf00c06,1.000000,8,True,0,0
5073,0xc3fe2e,0.000000,15,False,1,3
5074,0x4b398c,0.000000,11,False,1,3
5075,0xc77c,0.333333,10,False,2,2
5076,0x20aa49,1.000000,8,True,0,0
5077,0xc1c17a,0.000000,11,False,1,3
5078,0xf65206,0.000000,11,False,1,3
5079,0x67a280,0.666667,9,False,1,1
5080,0xe3e05,0.333333,10,False,2,2
5081,0x111ac9,0.666667,9,False,1,1
5082,0x5448ee,0.000000,11,False,1,3
5083,0x84355,1.000000,8,True,0,0
5084,0x26eca5,1.000000,12,True,0,0
5085,0xcb0340,1.000000,8,True,0,0
5086,0xf98a78,0.666667,13,False,1,1
5087,0xfd13e1,0.333333,14,False,2,2
5088,0x16019f,0.333333,10,False,2,2
5089,0x4ac6b9,1.000000,12,True,0,0
5090,0x3a8b3c,1.000000,12,True,0,0
5091,0x80fc9a,0.000000,11,False,1,3
5092,0xaef6b4,0.000000,15,False,1,3
5093,0xeabc69,0.333333,14,False,2,2
5094,0xf8812c,0.333333,10,False,2,2
5095,0x3f8c40,0.333333,10,False,2,2
5096,0x7ce430,0.000000,11,False,1,3
5097,0x7d65ec,0.000000,15,False,1,3
5098,0x57a5db,0.000000,15,False,1,3
5099,0xc99183,0.333333,10,False,2,2
5100,0xb55efb,0.666667,17,False,1,1
5101,0x26b50d,0.000000,11,False,1,3
5102,0x5266f,0.000000,11,False,1,3
5103,0x9b1bbb,0.000000,15,False,1,3
5104,0x96fcec,0.000000,15,False,1,3
5105,0x4487c2,0.666667,9,False,1,1
5106,0xcca5b3,0.666667,13,False,1,1
5107,0xb443a4,0.333333,10,False,2,2
5108,0x40966a,0.666667,9,False,1,1
5109,0x23db6f,0.000000,15,False,1,3
5110,0xd30bab,0.666667,13,False,1,1
5111,0x1c0d09,1.000000,8,True,0,0
5112,0x299dab,0.666667,13,False,1,1
5113,0xf3b8bb,1.000000,16,True,0,0
5114,0xd6235a,1.000000,12,True,0,0
5115,0xc7c1b9,0.666667,13,False,1,1
5116,0x961c3f,0.666667,13,False,1,1
5117,0x940058,0.333333,6,False,2,2
5118,0xed11ee,0.333333,14,False,2,2
5119,0x171199,0.333333,10,False,2,2
5120,0xfc9a1b,0.333333,14,False,2,2
5121,0xba91b4,1.000000,12,True,0,0
5122,0xc2b569,1.000000,12,True,0,0
5123,0xaf65fa,1.000000,16,True,0,0
5124,0x95d9b0,1.000000,12,True,0,0
5125,0x92118c,1.000000,8,True,0,0
5126,0xbd6174,0.666667,13,False,1,1
5127,0x4b995d,0.666667,13,False,1,1
5128,0xa30883,1.000000,8,True,0,0
5129,0x24d930,0.666667,9,False,1,1
5130,0xaa0ad9,0.000000,11,False,1,3
5131,0xc1bc72,1.000000,12,True,0,0
5132,0x7a9bbb,1.000000,16,True,0,0
5133,0x7b8cd4,0.666667,13,False,1,1
5134,0x59926d,1.000000,12,True,0,0
5135,0x465aab,1.000000,12,True,0,0
5136,0x242ea7,0.000000,11,False,1,3
5137,0x2fa23a,1.000000,12,True,0,0
5138,0x3c875d,0.666667,13,False,1,1
5139,0xde574e,0.000000,15,False,1,3
5140,0x396e57,0.333333,14,False,2,2
5141,0xdf0b3b,0.000000,15,False,1,3
5142,0x3a8320,1.000000,8,True,0,0
5143,0xdecf44,0.333333,14,False,2,2
5144,0xe9b398,0.666667,13,False,1,1
5145,0x483495,0.666667,9,False,1,1
5146,0x9335d1,1.000000,12,True,0,0
5147,0xf48e9f,0.000000,15,False,1,3
5148,0xed2e50,1.000000,12,True,0,0
5149,0x77d20d,0.666667,13,False,1,1
5150,0xb692d5,0.666667,13,False,1,1
5151,0xb70c5d,0.666667,13,False,1,1
5152,0x7047f8,1.000000,12,True,0,0
5153,0xf1f0d5,0.333333,14,False,2,2
5154,0x1d62cc,0.000000,11,False,1,3
5155,0x9967e2,0.666667,13,False,1,1
5156,0x138e42,0.666667,9,False,1,1
5157,0x818e15,0.666667,9,False,1,1
5158,0x1354f6,1.000000,12,True,0,0
5159,0xb55c65,0.666667,13,False,1,1
5160,0x6f22b4,1.000000,12,True,0,0
5161,0x41400a,0.666667,5,False,3,1
5162,0x9ccd01,0.333333,10,False,2,2
5163,0xb59328,0.000000,11,False,1,3
5164,0xda25a4,0.000000,11,False,1,3
5165,0xf6f03b,0.000000,15,False,1,3
5166,0x5ce581,0.000000,11,False,1,3
5167,0xac4333,0.000000,11,False,1,3
5168,0x34c9ce,1.000000,12,True,0,0
5169,0xd7cd57,1.000000,16,True,0,0
5170,0xeb4a03,0.000000,11,False,1,3
5171,0xffd04e,0.000000,15,False,1,3
5172,0xf386c9,0.666667,13,False,1,1
5173,0x719f8b,0.333333,14,False,2,2
5174,0x2d6fd,0.666667,13,False,1,1
5175,0x9ba074,0.000000,11,False,1,3
5176,0x1e80b4,0.666667,9,False,1,1
5177,0x969a81,0.333333,10,False,2,2
5178,0x993760,0.000000,11,False,1,3
5179,0x77aed2,0.000000,15,False,1,3
5180,0xd91bb9,0.333333,14,False,2,2
5181,0x8f07e,0.000000,11,False,1,3
5182,0x424b18,1.000000,8,True,0,0
5183,0xa4343d,0.000000,11,False,1,3
5184,0x4a875d,1.000000,12,True,0,0
5185,0xc51f17,0.666667,13,False,1,1
5186,0x29d26e,1.000000,12,True,0,0
5187,0x30ec7d,0.666667,13,False,1,1
5188,0xd679a2,0.666667,13,False,1,1
5189,0x83ea1e,1.000000,12,True,0,0
5190,0xacb964,1.000000,12,True,0,0
5191,0x43bf73,0.000000,15,False,1,3
5192,0x1aae65,1.000000,12,True,0,0
5193,0x62ee62,1.000000,12,True,0,0
5194,0x547aa3,1.000000,12,True,0,0
5195,0xc74725,1.000000,12,True,0,0
5196,0x628947,0.333333,10,False,2,2
5197,0xb28cbf,0.333333,14,False,2,2
5198,0x3c9b3c,0.666667,13,False,1,1
5199,0x97c261,0.000000,11,False,1,3
5200,0x1c8388,1.000000,8,True,0,0
5201,0x2d842,0.000000,7,False,1,3
5202,0xf27682,1.000000,12,True,0,0
5203,0x3c6518,0.333333,10,False,2,2
5204,0x5562cb,1.000000,12,True,0,0
5205,0x60dab7,0.666667,13,False,1,1
5206,0xbcba92,0.666667,13,False,1,1
5207,0x413d00,0.000000,7,False,1,3
5208,0x558a67,1.000000,12,True,0,0
5209,0xad0af7,0.333333,14,False,2,2
5210,0x51a710,0.666667,9,False,1,1
5211,0xaabe1b,0.333333,14,False,2,2
5212,0xcb4908,0.666667,9,False,1,1
5213,0x88a668,0.666667,9,False,1,1
5214,0x62f4dc,0.666667,13,False,1,1
5215,0xc203d,1.000000,8,True,0,0
5216,0x561a6e,1.000000,12,True,0,0
5217,0xa3a9dc,0.666667,13,False,1,1
5218,0xc10e2c,0.666667,9,False,1,1
5219,0x7b7c0b,0.333333,14,False,2,2
5220,0x29b3f,1.000000,12,True,0,0
5221,0x29870e,0.333333,10,False,2,2
5222,0x735c09,0.000000,11,False,1,3
5223,0x7bc93c,0.333333,14,False,2,2
5224,0xe83004,0.000000,7,False,1,3
5225,0x34d0cb,0.000000,11,False,1,3
5226,0x5bd729,0.333333,14,False,2,2
5227,0xbb5b76,1.000000,16,True,0,0
5228,0xaea88b,1.000000,12,True,0,0
5229,0xb4d006,0.666667,9,False,1,1
5230,0xd3bbfe,0.333333,18,False,2,2
5231,0x7709cf,0.333333,14,False,2,2
5232,0xf4b9c1,0.666667,13,False,1,1
5233,0x18befe,0.000000,15,False,1,3
5234,0x855611,0.666667,9,False,1,1
5235,0x2b1356,0.000000,11,False,1,3
5236,0x591d2,0.666667,9,False,1,1
5237,0x599827,0.000000,11,False,1,3
5238,0x899319,0.333333,10,False,2,2
5239,0xbbc0be,0.333333,14,False,2,2
5240,0x2f2a12,0.333333,10,False,2,2
5241,0xe805e1,0.333333,10,False,2,2
5242,0x4929fd,0.666667,13,False,1,1
5243,0xf6e4a1,0.666667,13,False,1,1
5244,0x621ba8,0.333333,10,False,2,2
5245,0xc8cb18,0.333333,10,False,2,2
5246,0x1bb0ea,1.000000,12,True,0,0
5247,0x8a8a77,1.000000,12,True,0,0
5248,0x887921,0.666667,9,False,1,1
5249,0xf2efcc,1.000000,16,True,0,0
5250,0x75611d,1.000000,12,True,0,0
5251,0x8b10c6,0.666667,9,False,1,1
5252,0x9d12f,0.000000,11,False,1,3
5253,0xcdee03,0.666667,13,False,1,1
5254,0xb43ad5,0.666667,13,False,1,1
5255,0xfd0a90,0.000000,11,False,1,3
5256,0xed0fb0,0.666667,13,False,1,1
5257,0x4ce539,1.000000,12,True,0,0
5258,0x292887,0.666667,9,False,1,1
5259,0xab2a63,1.000000,12,True,0,0
5260,0x802b6a,0.666667,9,False,1,1
5261,0xd733fb,0.666667,17,False,1,1
5262,0x1fed9f,0.666667,17,False,1,1
5263,0x10f83f,1.000000,12,True,0,0
5264,0xe2a65f,0.333333,14,False,2,2
5265,0xfb6055,0.666667,13,False,1,1
5266,0x8b89b0,0.333333,10,False,2,2
5267,0x1104a6,0.000000,7,False,1,3
5268,0x7bf7c9,0.666667,17,False,1,1
5269,0xa8d54e,1.000000,12,True,0,0
5270,0x51739c,1.000000,12,True,0,0
5271,0x173a14,0.333333,10,False,2,2
5272,0x489458,1.000000,8,True,0,0
5273,0xfdb08d,0.333333,14,False,2,2
5274,0xb43b29,1.000000,12,True,0,0
5275,0xfb073f,1.000000,16,True,0,0
5276,0x3b0c65,0.000000,11,False,1,3
5277,0x388ea0,0.666667,9,False,1,1
5278,0x291be3,1.000000,12,True,0,0
5279,0xf5c19a,0.666667,13,False,1,1
5280,0x4a9670,0.333333,10,False,2,2
5281,0xa6069c,0.333333,10,False,2,2
5282,0x368e83,0.000000,11,False,1,3
5283,0x11cedc,1.000000,12,True,0,0
5284,0x738c49,0.000000,11,False,1,3
5285,0x416fc,0.333333,10,False,2,2
5286,0x48076e,0.333333,10,False,2,2
5287,0x688152,1.000000,8,True,0,0
5288,0xc9290e,0.333333,10,False,2,2
5289,0x77146,0.333333,10,False,2,2
5290,0xe22dfa,0.333333,14,False,2,2
5291,0x80f7c9,1.000000,12,True,0,0
5292,0x5ecd6e,0.000000,15,False,1,3
5293,0x289b03,0.666667,9,False,1,1
5294,0xe69fd4,0.000000,15,False,1,3
5295,0x2d510b,0.333333,10,False,2,2
5296,0xac041b,0.666667,9,False,1,1
5297,0xf13d40,0.000000,11,False,1,3
5298,0xc6bdb0,0.666667,13,False,1,1
5299,0xb79c5f,1.000000,16,True,0,0
5300,0x85917d,1.000000,12,True,0,0
5301,0xe7f9b0,0.000000,15,False,1,3
5302,0xd4b93d,0.333333,14,False,2,2
5303,0x221a6b,0.333333,10,False,2,2
5304,0x1eaa33,1.000000,12,True,0,0
5305,0x376af2,0.333333,14,False,2,2
5306,0xe313a3,1.000000,12,True,0,0
5307,0xf8d1be,0.000000,15,False,1,3
5308,0x854979,0.000000,11,False,1,3
5309,0xb76cf,0.333333,14,False,2,2
5310,0xf72dd1,0.000000,15,False,1,3
5311,0x1fb0ee,0.333333,14,False,2,2
5312,0x399030,1.000000,8,True,0,0
5313,0xe7de76,0.666667,17,False,1,1
5314,0x422bef,0.666667,13,False,1,1
5315,0xef34a5,0.333333,14,False,2,2
5316,0x397299,1.000000,12,True,0,0
5317,0x67985a,1.000000,12,True,0,0
5318,0xd3c7ff,0.333333,18,False,2,2
5319,0xbfc006,0.000000,11,False,1,3
5320,0xa35f4c,0.666667,13,False,1,1
5321,0x364b80,0.666667,9,False,1,1
5322,0x4ce508,0.666667,9,False,1,1
5323,0x6f986c,0.666667,13,False,1,1
5324,0xa9f50,0.333333,10,False,2,2
5325,0xd0a2c7,0.000000,11,False,1,3
5326,0xbe2a31,1.000000,12,True,0,0
5327,0x134699,0.333333,10,False,2,2
5328,0x6a1439,0.333333,10,False,2,2
5329,0x16c7a1,0.000000,11,False,1,3
5330,0x2a6fd2,0.666667,13,False,1,1
5331,0xea2213,0.333333,10,False,2,2
5332,0xceb75b,1.000000,16,True,0,0
5333,0xb1e0be,0.666667,13,False,1,1
5334,0xb73dd3,1.000000,16,True,0,0
5335,0x1486fd,1.000000,12,True,0,0
5336,0x807cab,0.000000,11,False,1,3
5337,0x9c8c1b,0.000000,11,False,1,3
5338,0x8bc21d,0.000000,11,False,1,3
5339,0xb86834,0.333333,10,False,2,2
5340,0xd6198b,1.000000,12,True,0,0
5341,0x84ba9b,1.000000,12,True,0,0
5342,0x55ae41,0.000000,11,False,1,3
5343,0x27083a,0.666667,9,False,1,1
5344,0x986f22,0.000000,11,False,1,3
5345,0x250dbe,1.000000,12,True,0,0
5346,0xf7bc2f,0.666667,17,False,1,1
5347,0x67895b,0.666667,13,False,1,1
5348,0x36afd1,0.333333,14,False,2,2
5349,0xee93b9,0.000000,15,False,1,3
5350,0x91ae6e,0.666667,13,False,1,1
5351,0x3678dd,0.333333,14,False,2,2
5352,0x875e8c,1.000000,12,True,0,0
5353,0xebef1e,0.666667,17,False,1,1
5354,0x18dac5,0.000000,11,False,1,3
5355,0x198f21,0.333333,10,False,2,2
5356,0x87a24c,0.333333,10,False,2,2
5357,0xf70af1,0.333333,14,False,2,2
5358,0x447b4c,0.000000,11,False,1,3
5359,0x6138cd,0.000000,11,False,1,3
5360,0xd4752b,0.666667,13,False,1,1
5361,0x9dbb21,0.666667,13,False,1,1
5362,0xd62fce,0.000000,15,False,1,3
5363,0x8e42cc,0.333333,10,False,2,2
5364,0x217cdb,0.666667,13,False,1,1
5365,0xdd1c66,0.666667,13,False,1,1
5366,0x811af8,0.333333,10,False,2,2
5367,0x7143f5,0.666667,13,False,1,1
5368,0xbdd7ab,0.666667,17,False,1,1
5369,0xc82071,1.000000,8,True,0,0
5370,0x72cbf1,0.333333,14,False,2,2
5371,0x63398c,0.000000,11,False,1,3
5372,0x35961,0.666667,9,False,1,1
5373,0x6b141,1.000000,8,True,0,0
5374,0x7e48,1.000000,8,True,0,0
5375,0x650acc,0.333333,10,False,2,2
5376,0x8cba67,0.666667,13,False,1,1
5377,0x7c856,0.333333,10,False,2,2
5378,0xbfe278,0.000000,15,False,1,3
5379,0x958d13,0.000000,11,False,1,3
5380,0x5a10e7,0.000000,11,False,1,3
5381,0xa9bd4f,0.000000,15,False,1,3
5382,0xef3e6c,1.000000,16,True,0,0
5383,0x4c3efd,0.000000,15,False,1,3
5384,0x1f6d6,1.000000,12,True,0,0
5385,0x75e24d,0.666667,13,False,1,1
5386,0x29f770,0.666667,13,False,1,1
5387,0x87f503,1.000000,12,True,0,0
5388,0x7557b1,0.333333,14,False,2,2
5389,0x4ffee7,0.333333,18,False,2,2
5390,0xb2e38f,0.333333,14,False,2,2
5391,0xd0dbdc,0.333333,14,False,2,2
5392,0x9e0e02,0.666667,9,False,1,1
5393,0xd3cfb5,1.000000,16,True,0,0
5394,0xa8ab3f,0.333333,14,False,2,2
5395,0x1607c0,1.000000,8,True,0,0
5396,0x91737,0.000000,11,False,1,3
5397,0xb6264f,0.666667,13,False,1,1
5398,0xa9b39c,0.666667,13,False,1,1
5399,0x65e30d,1.000000,12,True,0,0
5400,0x8709b3,0.000000,11,False,1,3
5401,0x76a7c7,0.000000,15,False,1,3
5402,0xfd95c1,0.333333,14,False,2,2
5403,0xb3a222,0.333333,10,False,2,2
5404,0xb42eff,1.000000,16,True,0,0
5405,0xde22a2,0.000000,11,False,1,3
5406,0x33a174,0.000000,11,False,1,3
5407,0xe22094,1.000000,8,True,0,0
5408,0x35b9aa,0.666667,13,False,1,1
5409,0xff6048,1.000000,12,True,0,0
5410,0xa13a1f,1.000000,12,True,0,0
5411,0x48638,0.000000,7,False,1,3
5412,0x810d23,1.000000,8,True,0,0
5413,0xf52cc7,0.333333,14,False,2,2
5414,0xf8dda,0.666667,13,False,1,1
5415,0xcdc97d,0.000000,15,False,1,3
5416,0x57c6b,1.000000,12,True,0,0
5417,0x5a0a2,0.000000,7,False,1,3
5418,0xe5f11c,0.666667,13,False,1,1
5419,0x542905,1.000000,8,True,0,0
5420,0x941fd2,1.000000,12,True,0,0
5421,0x18afeb,0.333333,14,False,2,2
5422,0xaa02f7,1.000000,12,True,0,0
5423,0xbd67f3,0.666667,17,False,1,1
5424,0x8cee6a,0.666667,13,False,1,1
5425,0x8ecfea,0.000000,15,False,1,3
5426,0x1b91ea,1.000000,12,True,0,0
5427,0xbaeaa0,1.000000,12,True,0,0
5428,0x2422ae,0.666667,9,False,1,1
5429,0xc1af3a,0.666667,13,False,1,1
5430,0x3c6549,0.000000,11,False,1,3
5431,0x68c96f,0.666667,13,False,1,1
5432,0x553c0c,0.333333,10,False,2,2
5433,0x13306c,0.666667,9,False,1,1
5434,0x874f05,0.000000,11,False,1,3
5435,0xfcb587,0.000000,15,False,1,3
5436,0x5f453c,0.666667,13,False,1,1
5437,0x6cd357,0.333333,14,False,2,2
5438,0xd4e60a,0.000000,11,False,1,3
5439,0x38bf86,0.666667,13,False,1,1
5440,0x9e941c,0.000000,11,False,1,3
5441,0xcd7fc9,1.000000,16,True,0,0
5442,0xc8f61c,1.000000,12,True,0,0
5443,0xf82ea8,1.000000,12,True,0,0
5444,0x13bbb2,0.666667,13,False,1,1
5445,0xcec92a,1.000000,12,True,0,0
5446,0xdf11be,0.000000,15,False,1,3
5447,0x4bf02e,1.000000,12,True,0,0
5448,0xdd0f49,0.666667,13,False,1,1
5449,0x54d661,0.000000,11,False,1,3
5450,0x7389b1,1.000000,12,True,0,0
5451,0x78a3aa,1.000000,12,True,0,0
5452,0x6c2264,0.666667,9,False,1,1
5453,0xa23bf7,0.000000,15,False,1,3
5454,0xc53a79,0.666667,13,False,1,1
5455,0x6e04f4,0.000000,11,False,1,3
5456,0x8e3ec7,0.333333,14,False,2,2
5457,0x4e5376,0.666667,13,False,1,1
5458,0x448b80,0.000000,7,False,1,3
5459,0xfbc1c8,0.666667,13,False,1,1
5460,0x168077,0.333333,10,False,2,2
5461,0xb1f634,0.666667,13,False,1,1
5462,0x89b50a,0.333333,10,False,2,2
5463,0x32476d,1.000000,12,True,0,0
5464,0x31216f,0.000000,11,False,1,3
5465,0x1e0cd1,0.333333,10,False,2,2
5466,0x51ece5,0.666667,13,False,1,1
5467,0x1e3d69,0.666667,13,False,1,1
5468,0x3a99,1.000000,8,True,0,0
5469,0x91800,1.000000,4,False,4,0
5470,0x6fc7b,0.333333,14,False,2,2
5471,0xea874f,0.333333,14,False,2,2
5472,0xe3ca8d,0.666667,13,False,1,1
5473,0x458505,1.000000,8,True,0,0
5474,0x1fa2cc,1.000000,12,True,0,0
5475,0x9c06d8,0.333333,10,False,2,2
5476,0xb0bede,0.000000,15,False,1,3
5477,0x3c6c90,0.333333,10,False,2,2
5478,0x329130,1.000000,8,True,0,0
5479,0xaf613,0.000000,11,False,1,3
5480,0xe867f2,0.333333,14,False,2,2
5481,0x33ede8,0.333333,14,False,2,2
5482,0x44e290,1.000000,8,True,0,0
5483,0x289683,0.666667,9,False,1,1
5484,0x721964,0.333333,10,False,2,2
5485,0x9ee5ec,0.000000,15,False,1,3
5486,0x86896f,1.000000,12,True,0,0
5487,0xc26a8a,0.333333,10,False,2,2
5488,0x48c481,0.000000,7,False,1,3
5489,0xffba04,0.333333,14,False,2,2
5490,0xb50ac5,0.000000,11,False,1,3
5491,0xef0fb9,1.000000,16,True,0,0
5492,0x7eb602,1.000000,12,True,0,0
5493,0x4fd017,1.000000,12,True,0,0
5494,0xbc583d,0.666667,13,False,1,1
5495,0xb085b8,0.333333,10,False,2,2
5496,0x6e1a4d,1.000000,12,True,0,0
5497,0x74ce9c,0.666667,13,False,1,1
5498,0x8dbf6c,0.000000,15,False,1,3
5499,0xcd46c0,0.333333,10,False,2,2
5500,0x45453c,0.333333,10,False,2,2
5501,0x3cbf0e,0.333333,14,False,2,2
5502,0x246c49,0.666667,9,False,1,1
5503,0x68ee4e,0.666667,13,False,1,1
5504,0xc08951,1.000000,8,True,0,0
5505,0xe0fcee,0.000000,15,False,1,3
5506,0xcaa9e7,0.333333,14,False,2,2
5507,0x85a9dc,1.000000,12,True,0,0
5508,0xb65f76,1.000000,16,True,0,0
5509,0x93b14b,1.000000,12,True,0,0
5510,0x85c14c,0.666667,9,False,1,1
5511,0x1dee1b,0.333333,14,False,2,2
5512,0xd55c1b,0.666667,13,False,1,1
5513,0x7f6bc0,0.333333,14,False,2,2
5514,0x10a879,0.666667,9,False,1,1
5515,0x38825b,0.333333,10,False,2,2
5516,0x58536c,0.000000,11,False,1,3
5517,0x9c814e,0.333333,10,False,2,2
5518,0xc03d0,0.000000,7,False,1,3
5519,0xc1ff8a,0.333333,14,False,2,2
5520,0x67c7e,0.666667,13,False,1,1
5521,0x927d05,0.000000,11,False,1,3
5522,0xbf5fc1,1.000000,16,True,0,0
5523,0xbf74ce,1.000000,16,True,0,0
5524,0x726258,0.333333,10,False,2,2
5525,0xdc4b8a,1.000000,12,True,0,0
5526,0x324b07,0.333333,10,False,2,2
5527,0x93fb42,0.666667,13,False,1,1
5528,0x2b4b4b,1.000000,12,True,0,0
5529,0xb85e6,0.000000,11,False,1,3
5530,0x9dfbd5,0.666667,17,False,1,1
5531,0xd0e944,0.333333,10,False,2,2
5532,0x41cc7,0.666667,9,False,1,1
5533,0x9ef7a3,1.000000,16,True,0,0
5534,0xc8ae58,0.000000,11,False,1,3
5535,0x7a0f8d,0.666667,13,False,1,1
5536,0x4da33f,0.333333,14,False,2,2
5537,0x86a1af,1.000000,12,True,0,0
5538,0xbd8d64,0.666667,13,False,1,1
5539,0xe5262f,0.666667,13,False,1,1
5540,0xfe1eda,1.000000,16,True,0,0
5541,0x8af4c7,0.666667,13,False,1,1
5542,0xaae3c0,0.000000,11,False,1,3
5543,0x2d9744,0.000000,11,False,1,3
5544,0xb72b4d,0.333333,14,False,2,2
5545,0x9926f9,0.666667,13,False,1,1
5546,0x87a6d7,0.333333,14,False,2,2
5547,0x333d78,0.666667,13,False,1,1
5548,0xff10a1,1.000000,12,True,0,0
5549,0x7b299e,0.333333,14,False,2,2
5550,0x147fc,0.000000,11,False,1,3
5551,0x2c3f9d,0.333333,14,False,2,2
5552,0x309abc,0.000000,11,False,1,3
5553,0xc459e5,1.000000,12,True,0,0
5554,0x973bbd,1.000000,16,True,0,0
5555,0xfe9f16,1.000000,16,True,0,0
5556,0xa4a84e,0.333333,10,False,2,2
5557,0x43048,0.666667,5,False,3,1
5558,0xea7272,0.666667,13,False,1,1
5559,0xb3f267,0.000000,15,False,1,3
5560,0x4d2e2e,1.000000,12,True,0,0
5561,0xb20a6d,0.000000,11,False,1,3
5562,0x2f0daf,0.333333,14,False,2,2
5563,0xfffff9,0.333333,22,False,2,2
5564,0xe72d76,0.000000,15,False,1,3
5565,0xc48d96,0.000000,11,False,1,3
5566,0x60516d,0.333333,10,False,2,2
5567,0xb9865,0.333333,10,False,2,2
5568,0x8da192,0.333333,10,False,2,2
5569,0x30562,0.000000,7,False,1,3
5570,0x5af3a2,0.666667,13,False,1,1
5571,0xc2d7ea,0.333333,14,False,2,2
5572,0xe8e655,0.666667,13,False,1,1
5573,0xdce4f2,0.333333,14,False,2,2
5574,0xebf501,0.666667,13,False,1,1
5575,0x325556,0.000000,11,False,1,3
5576,0x166987,0.000000,11,False,1,3
5577,0xac9d94,1.000000,12,True,0,0
5578,0x31da9e,0.666667,13,False,1,1
5579,0x34837a,0.000000,11,False,1,3
5580,0x2220cb,1.000000,8,True,0,0
5581,0x8fc195,1.000000,12,True,0,0
5582,0xbdf282,0.666667,13,False,1,1
5583,0x158476,0.333333,10,False,2,2
5584,0x7c9084,0.666667,9,False,1,1
5585,0x590706,0.666667,9,False,1,1
5586,0x835ddf,0.000000,15,False,1,3
5587,0x8c95de,0.666667,13,False,1,1
5588,0x1762e9,1.000000,12,True,0,0
5589,0x6ae561,1.000000,12,True,0,0
5590,0x4a56e6,1.000000,12,True,0,0
5591,0xefcef1,0.666667,17,False,1,1
5592,0x69ace7,0.333333,14,False,2,2
5593,0xd5773e,1.000000,16,True,0,0
5594,0x25cfbc,0.333333,14,False,2,2
5595,0xb2509e,0.000000,11,False,1,3
5596,0xfc4c7a,0.333333,14,False,2,2
5597,0xe7b23,1.000000,12,True,0,0
5598,0xa816e3,0.000000,11,False,1,3
5599,0x95e90,0.666667,9,False,1,1
5600,0x2eec1e,0.666667,13,False,1,1
5601,0xe10366,0.333333,10,False,2,2
5602,0x9d03af,0.666667,13,False,1,1
5603,0xc19496,0.333333,10,False,2,2
5604,0xce370d,0.666667,13,False,1,1
5605,0xd6efae,0.666667,17,False,1,1
5606,0xd608bf,0.666667,13,False,1,1
5607,0x743d74,0.666667,13,False,1,1
5608,0xac18f,0.333333,10,False,2,2
5609,0xdae386,0.666667,13,False,1,1
5610,0x7c8ac9,1.000000,12,True,0,0
5611,0x276ba7,0.333333,14,False,2,2
5612,0xea1dbd,0.000000,15,False,1,3
5613,0xda4a66,1.000000,12,True,0,0
5614,0xffd5b0,1.000000,16,True,0,0
5615,0xfff78c,0.333333,18,False,2,2
5616,0x5637c,0.000000,11,False,1,3
5617,0x5e8ec7,0.333333,14,False,2,2
5618,0x30a1a1,1.000000,8,True,0,0
5619,0x500e2,0.333333,6,False,2,2
5620,0x1bf8ab,0.333333,14,False,2,2
5621,0x77618d,0.666667,13,False,1,1
5622,0x71a52f,0.666667,13,False,1,1
5623,0xfc414c,0.000000,11,False,1,3
5624,0x8739f8,0.666667,13,False,1,1
5625,0x316243,0.666667,9,False,1,1
5626,0x8f9da5,0.333333,14,False,2,2
5627,0xecd383,0.666667,13,False,1,1
5628,0x4e9e1d,0.666667,13,False,1,1
5629,0x1566af,0.666667,13,False,1,1
5630,0x58324f,0.000000,11,False,1,3
5631,0xcd4325,0.000000,11,False,1,3
5632,0x8512ef,1.000000,12,True,0,0
5633,0x501687,0.666667,9,False,1,1
5634,0x2ec29f,0.666667,13,False,1,1
5635,0xc72c6a,1.000000,12,True,0,0
5636,0xe70ff2,0.000000,15,False,1,3
5637,0xb37512,1.000000,12,True,0,0
5638,0xf90d1e,0.666667,13,False,1,1
5639,0xf87e54,0.333333,14,False,2,2
5640,0xf1fe50,0.333333,14,False,2,2
5641,0xd8f9c3,0.333333,14,False,2,2
5642,0x6d9a4d,0.666667,13,False,1,1
5643,0xcfaa6a,0.333333,14,False,2,2
5644,0x13510c,1.000000,8,True,0,0
5645,0x49e9d0,0.000000,11,False,1,3
5646,0xd10d55,0.000000,11,False,1,3
5647,0xd96f35,0.000000,15,False,1,3
5648,0x35b7fa,1.000000,16,True,0,0
5649,0xe9b827,0.666667,13,False,1,1
5650,0x36fa82,1.000000,12,True,0,0
5651,0xe06f0a,0.000000,11,False,1,3
5652,0xcbfe8b,1.000000,16,True,0,0
5653,0xf90874,0.000000,11,False,1,3
5654,0xbae2b2,0.666667,13,False,1,1
5655,0x45faaa,0.666667,13,False,1,1
5656,0x34436d,0.000000,11,False,1,3
5657,0x8e1f86,1.000000,12,True,0,0
5658,0x9a4ed8,1.000000,12,True,0,0
5659,0xe4d921,0.000000,11,False,1,3
5660,0xf4e8df,1.000000,16,True,0,0
5661,0xc435d5,1.000000,12,True,0,0
5662,0x5d5572,0.666667,13,False,1,1
5663,0x557eb2,0.333333,14,False,2,2
5664,0xee7b3e,0.666667,17,False,1,1
5665,0x19c71d,1.000000,12,True,0,0
5666,0x75f818,1.000000,12,True,0,0
5667,0xafc25c,0.666667,13,False,1,1
5668,0x44b597,1.000000,12,True,0,0
5669,0x1ce9a1,0.000000,11,False,1,3
5670,0x8dc84a,0.333333,10,False,2,2
5671,0x848185,0.000000,7,False,1,3
5672,0x7a9df7,0.666667,17,False,1,1
5673,0x58c78d,1.000000,12,True,0,0
5674,0x11635c,0.333333,10,False,2,2
5675,0x93ed21,1.000000,12,True,0,0
5676,0x4937de,0.333333,14,False,2,2
5677,0xcac350,0.333333,10,False,2,2
5678,0x689c84,0.666667,9,False,1,1
5679,0x774444,0.333333,10,False,2,2
5680,0x6b4014,1.000000,8,True,0,0
5681,0xc56d6b,0.333333,14,False,2,2
5682,0x829430,0.000000,7,False,1,3
5683,0xb21a7e,0.666667,13,False,1,1
5684,0x5cb443,0.000000,11,False,1,3
5685,0x378dfd,1.000000,16,True,0,0
5686,0x354b45,0.000000,11,False,1,3
5687,0x1981a5,0.666667,9,False,1,1
5688,0x8930f5,0.000000,11,False,1,3
5689,0xbd0764,1.000000,12,True,0,0
5690,0x93e69c,0.666667,13,False,1,1
5691,0x60a588,1.000000,8,True,0,0
5692,0x8eaac7,0.666667,13,False,1,1
5693,0x69a1a,0.666667,9,False,1,1
5694,0x2d46a9,0.000000,11,False,1,3
5695,0x8385d6,0.000000,11,False,1,3
5696,0x4d21fe,0.666667,13,False,1,1
5697,0x170ac3,0.333333,10,False,2,2
5698,0x16cdf,1.000000,12,True,0,0
5699,0x1a58bc,0.000000,11,False,1,3
5700,0x58d757,0.333333,14,False,2,2
5701,0xe2349,0.666667,9,False,1,1
5702,0xf2814,1.000000,8,True,0,0
5703,0xed2a0c,0.000000,11,False,1,3
5704,0x141739,0.333333,10,False,2,2
5705,0x35f1e0,1.000000,12,True,0,0
5706,0xcb38e1,1.000000,12,True,0,0
5707,0xd1a869,0.000000,11,False,1,3
5708,0x547204,1.000000,8,True,0,0
5709,0xf21883,0.333333,10,False,2,2
5710,0x59cf19,0.666667,13,False,1,1
5711,0x24602b,1.000000,8,True,0,0
5712,0x5951bc,1.000000,12,True,0,0
5713,0xc49ed2,1.000000,12,True,0,0
5714,0x345dab,0.666667,13,False,1,1
5715,0xbea665,0.333333,14,False,2,2
5716,0x85dc2a,0.000000,11,False,1,3
5717,0x52ae83,0.000000,11,False,1,3
5718,0x3dde0b,0.333333,14,False,2,2
5719,0xc3b46d,0.666667,13,False,1,1
5720,0xd7f2cb,1.000000,16,True,0,0
5721,0x12cfe9,0.666667,13,False,1,1
5722,0xe12518,0.666667,9,False,1,1
5723,0x12171c,0.666667,9,False,1,1
5724,0xba9398,1.000000,12,True,0,0
5725,0x9e595c,0.666667,13,False,1,1
5726,0xca5f75,0.000000,15,False,1,3
5727,0xe200ed,0.333333,10,False,2,2
5728,0xabe844,0.000000,11,False,1,3
5729,0xd7b266,0.333333,14,False,2,2
5730,0x12038e,1.000000,8,True,0,0
5731,0xef13a1,0.666667,13,False,1,1
5732,0x37ac07,1.000000,12,True,0,0
5733,0x3af266,0.666667,13,False,1,1
5734,0x6b0316,0.333333,10,False,2,2
5735,0xb0fda3,0.333333,14,False,2,2
5736,0x3b9012,0.666667,9,False,1,1
5737,0xac8407,0.666667,9,False,1,1
5738,0xc649a2,0.333333,10,False,2,2
5739,0x82f54a,0.000000,11,False,1,3
5740,0x61ba64,0.000000,11,False,1,3
5741,0xc6f737,1.000000,16,True,0,0
5742,0xfd71e1,0.000000,15,False,1,3
5743,0x9a40ce,0.333333,10,False,2,2
5744,0x6b8f57,0.000000,15,False,1,3
5745,0x31c481,1.000000,8,True,0,0
5746,0x8f243b,1.000000,12,True,0,0
5747,0x6c57cd,0.333333,14,False,2,2
5748,0xc5bb41,1.000000,12,True,0,0
5749,0x4c124,0.333333,6,False,2,2
5750,0x81fdc3,0.666667,13,False,1,1
5751,0xe4ddf0,0.333333,14,False,2,2
5752,0x551cbb,0.666667,13,False,1,1
5753,0xa61fdb,0.000000,15,False,1,3
5754,0xd72bb5,0.000000,15,False,1,3
5755,0x7074fc,0.666667,13,False,1,1
5756,0xa9e23d,0.666667,13,False,1,1
5757,0x830bd9,0.000000,11,False,1,3
5758,0x218861,0.000000,7,False,1,3
5759,0x40e237,0.333333,10,False,2,2
5760,0xabd087,1.000000,12,True,0,0
5761,0xff1834,0.666667,13,False,1,1
5762,0x547277,0.666667,13,False,1,1
5763,0xfcb63d,1.000000,16,True,0,0
5764,0xe9eba8,0.333333,14,False,2,2
5765,0x5b5d60,1.000000,12,True,0,0
5766,0x7952e9,0.666667,13,False,1,1
5767,0xe6713d,0.333333,14,False,2,2
5768,0x7bd870,0.666667,13,False,1,1
5769,0x8cfa90,0.000000,11,False,1,3
5770,0x5f2f16,0.333333,14,False,2,2
5771,0x25ceea,0.666667,13,False,1,1
5772,0xb801a4,1.000000,8,True,0,0
5773,0x8b59ea,0.666667,13,False,1,1
5774,0x21e691,0.333333,10,False,2,2
5775,0x979c47,0.666667,13,False,1,1
5776,0xc4753f,0.333333,14,False,2,2
5777,0x28380e,1.000000,8,True,0,0
5778,0x3f2898,0.000000,11,False,1,3
5779,0xe99426,0.000000,11,False,1,3
5780,0xee5b17,0.000000,15,False,1,3
5781,0x494c44,1.000000,8,True,0,0
5782,0x4f6b34,0.666667,13,False,1,1
5783,0x92ae8,0.666667,9,False,1,1
5784,0xa88ee8,0.000000,11,False,1,3
5785,0xfb46c5,0.333333,14,False,2,2
5786,0xed2ef3,1.000000,16,True,0,0
5787,0xd6eeb4,0.000000,15,False,1,3
5788,0x7cdec2,0.333333,14,False,2,2
5789,0x8528fe,1.000000,12,True,0,0
5790,0xdabe6,0.666667,13,False,1,1
5791,0x56aa5d,0.666667,13,False,1,1
5792,0x899257,0.000000,11,False,1,3
5793,0xd05292,0.666667,9,False,1,1
5794,0x7e0f61,0.666667,13,False,1,1
5795,0x98984f,0.000000,11,False,1,3
5796,0x1d2c78,0.000000,11,False,1,3
5797,0xaba1c0,0.333333,10,False,2,2
5798,0xba0f50,0.000000,11,False,1,3
5799,0x66b3e5,0.333333,14,False,2,2
5800,0x8648c,0.000000,7,False,1,3
5801,0x893fb4,0.666667,13,False,1,1
5802,0xf1ce1e,0.333333,14,False,2,2
5803,0xddcf17,1.000000,16,True,0,0
5804,0x56149c,0.333333,10,False,2,2
5805,0xae22d1,0.000000,11,False,1,3
5806,0xef8e36,0.000000,15,False,1,3
5807,0xb5ed8e,0.000000,15,False,1,3
5808,0x382164,1.000000,8,True,0,0
5809,0x2a84fe,1.000000,12,True,0,0
5810,0xc9660b,0.000000,11,False,1,3
5811,0x6652ea,1.000000,12,True,0,0
5812,0x840952,0.000000,7,False,1,3
5813,0x26aba0,0.333333,10,False,2,2
5814,0x30466c,0.666667,9,False,1,1
5815,0xe7c99e,0.000000,15,False,1,3
5816,0x78622d,0.000000,11,False,1,3
5817,0x68a758,0.000000,11,False,1,3
5818,0xa09ba1,0.333333,10,False,2,2
5819,0xad3767,0.000000,15,False,1,3
5820,0xc69d8a,1.000000,12,True,0,0
5821,0xc68c37,1.000000,12,True,0,0
5822,0x808bbb,0.000000,11,False,1,3
5823,0xb74c29,1.000000,12,True,0,0
5824,0xad8abb,0.333333,14,False,2,2
5825,0xe40152,1.000000,8,True,0,0
5826,0x326359,0.000000,11,False,1,3
5827,0x4e456e,1.000000,12,True,0,0
5828,0xd372cb,0.333333,14,False,2,2
5829,0xe8addf,1.000000,16,True,0,0
5830,0x4f07e9,0.666667,13,False,1,1
5831,0xf49d38,0.666667,13,False,1,1
5832,0xd5c591,1.000000,12,True,0,0
5833,0xad7cba,0.000000,15,False,1,3
5834,0x4cc387,0.000000,11,False,1,3
5835,0xcb0821,1.000000,8,True,0,0
5836,0xe159c0,0.333333,10,False,2,2
5837,0xce0bcc,1.000000,12,True,0,0
5838,0x78f8ea,0.333333,14,False,2,2
5839,0x482f42,0.666667,9,False,1,1
5840,0xb73e35,0.000000,15,False,1,3
5841,0xe856b0,0.000000,11,False,1,3
5842,0x50f769,0.666667,13,False,1,1
5843,0x939216,0.333333,10,False,2,2
5844,0xb73168,1.000000,12,True,0,0
5845,0xdece9e,1.000000,16,True,0,0
5846,0xcd7cbe,1.000000,16,True,0,0
5847,0x9af654,0.666667,13,False,1,1
5848,0x6b0e27,1.000000,12,True,0,0
5849,0xe3e74b,0.000000,15,False,1,3
5850,0x5172fb,0.333333,14,False,2,2
5851,0xcc4ad3,1.000000,12,True,0,0
5852,0x3939dc,0.666667,13,False,1,1
5853,0xa39413,0.333333,10,False,2,2
5854,0x3ca013,0.666667,9,False,1,1
5855,0xa1c2a8,0.666667,9,False,1,1
5856,0xc9ddf2,0.000000,15,False,1,3
5857,0xf29154,0.000000,11,False,1,3
5858,0x42e75c,1.000000,12,True,0,0
5859,0x275f5,1.000000,12,True,0,0
5860,0xb690e7,0.666667,13,False,1,1
5861,0x6f2011,0.666667,9,False,1,1
5862,0x4818d7,0.333333,10,False,2,2
5863,0x74564f,0.666667,13,False,1,1
5864,0x9dce68,0.666667,13,False,1,1
5865,0x1500ea,1.000000,8,True,0,0
5866,0xbc3540,0.333333,10,False,2,2
5867,0x96162e,0.000000,11,False,1,3
5868,0xb395db,0.000000,15,False,1,3
5869,0xdcff93,0.666667,17,False,1,1
5870,0xf8e276,0.333333,14,False,2,2
5871,0x84c28b,0.666667,9,False,1,1
5872,0xd03d90,0.333333,10,False,2,2
5873,0x85e6af,0.333333,14,False,2,2
5874,0xd6cf2b,0.000000,15,False,1,3
5875,0x923e60,0.333333,10,False,2,2
5876,0xdd96c3,0.333333,14,False,2,2
5877,0x42e7d3,0.666667,13,False,1,1
5878,0x99e832,0.000000,11,False,1,3
5879,0x605b3c,0.000000,11,False,1,3
5880,0x2c9493,0.333333,10,False,2,2
5881,0x13fcea,0.333333,14,False,2,2
5882,0x680a82,0.000000,7,False,1,3
5883,0xef5a38,0.333333,14,False,2,2
5884,0x7431b0,0.333333,10,False,2,2
5885,0x1b3058,0.666667,9,False,1,1
5886,0x5d25bf,0.000000,15,False,1,3
5887,0xdbb229,0.666667,13,False,1,1
5888,0xf72f57,0.666667,17,False,1,1
5889,0x681421,0.000000,7,False,1,3
5890,0x1b156e,1.000000,12,True,0,0
5891,0xde2418,0.333333,10,False,2,2
5892,0x266fd0,1.000000,12,True,0,0
5893,0x75a408,0.666667,9,False,1,1
5894,0x20c091,0.333333,6,False,2,2
5895,0xa941b4,0.333333,10,False,2,2
5896,0xaec68c,1.000000,12,True,0,0
5897,0x402e4,0.333333,6,False,2,2
5898,0x467694,0.000000,11,False,1,3
5899,0xf9ec8c,0.333333,14,False,2,2
5900,0x87bfea,1.000000,16,True,0,0
5901,0x5dfec2,0.000000,15,False,1,3
5902,0x72a6cd,0.666667,13,False,1,1
5903,0x26ae4a,0.000000,11,False,1,3
5904,0x92e3c,0.333333,10,False,2,2
5905,0x18e6a4,0.333333,10,False,2,2
5906,0xc8d522,0.333333,10,False,2,2
5907,0x9020be,0.666667,9,False,1,1
5908,0x279ff1,0.000000,15,False,1,3
5909,0x6ccee9,0.333333,14,False,2,2
5910,0xed88e9,0.666667,13,False,1,1
5911,0xe341af,0.666667,13,False,1,1
5912,0x714b97,0.666667,13,False,1,1
5913,0x526fa,0.000000,11,False,1,3
5914,0xd3973e,0.000000,15,False,1,3
5915,0x108289,0.333333,6,False,2,2
5916,0x5ea9f6,0.000000,15,False,1,3
5917,0x86d85b,1.000000,12,True,0,0
5918,0xdc777e,0.666667,17,False,1,1
5919,0x965872,0.000000,11,False,1,3
5920,0xa170ae,0.000000,11,False,1,3
5921,0xf5fd55,0.666667,17,False,1,1
5922,0xd55030,0.666667,9,False,1,1
5923,0x8b1b70,0.000000,11,False,1,3
5924,0x44c39c,0.333333,10,False,2,2
5925,0x9f01af,0.666667,13,False,1,1
5926,0xf0f498,1.000000,12,True,0,0
5927,0xd04dd1,0.000000,11,False,1,3
5928,0xfa7f0b,1.000000,16,True,0,0
5929,0xfc298e,0.666667,13,False,1,1
5930,0xd1951e,1.000000,12,True,0,0
5931,0x8d6276,1.000000,12,True,0,0
5932,0x128192,0.000000,7,False,1,3
5933,0xe752a8,1.000000,12,True,0,0
5934,0x380b1b,0.333333,10,False,2,2
5935,0xd4e2e0,0.000000,11,False,1,3
5936,0xb0d9d5,0.666667,13,False,1,1
5937,0x6c535c,1.000000,12,True,0,0
5938,0x67ac24,0.000000,11,False,1,3
5939,0x165bec,0.666667,13,False,1,1
5940,0xfa6ddc,1.000000,16,True,0,0
5941,0x3aa4cb,1.000000,12,True,0,0
5942,0x931673,1.000000,12,True,0,0
5943,0x225d1b,0.000000,11,False,1,3
5944,0x218278,1.000000,8,True,0,0
5945,0xbbd5b7,0.666667,17,False,1,1
5946,0x45ea9c,1.000000,12,True,0,0
5947,0x906d7f,0.333333,14,False,2,2
5948,0xf177c6,0.000000,15,False,1,3
5949,0xf41a58,0.000000,11,False,1,3
5950,0x580652,1.000000,8,True,0,0
5951,0x12639d,0.000000,11,False,1,3
5952,0xafb00a,0.000000,11,False,1,3
5953,0x5b403,1.000000,8,True,0,0
5954,0x903317,0.333333,10,False,2,2
5955,0x9c5cea,0.666667,13,False,1,1
5956,0x230a9,0.000000,7,False,1,3
5957,0xefbfb9,0.000000,19,False,3,3
5958,0xad64d4,1.000000,12,True,0,0
5959,0xd1616c,0.000000,11,False,1,3
5960,0xf22617,1.000000,12,True,0,0
5961,0x886824,0.000000,7,False,1,3
5962,0x60ae1a,0.333333,10,False,2,2
5963,0x90b1ae,0.000000,11,False,1,3
5964,0xa5990,1.000000,8,True,0,0
5965,0x7c505,0.666667,9,False,1,1
5966,0x33b4cb,0.666667,13,False,1,1
5967,0x958261,0.666667,9,False,1,1
5968,0x66ab02,0.333333,10,False,2,2
5969,0xa57949,1.000000,12,True,0,0
5970,0xa73540,0.333333,10,False,2,2
5971,0xc78928,0.333333,10,False,2,2
5972,0x1f9299,1.000000,12,True,0,0
5973,0x38d2de,0.666667,13,False,1,1
5974,0xac473d,0.666667,13,False,1,1
5975,0x6b03b0,0.333333,10,False,2,2
5976,0x60f17a,1.000000,12,True,0,0
5977,0xde4c6d,0.333333,14,False,2,2
5978,0x9118e0,1.000000,8,True,0,0
5979,0x57b639,0.333333,14,False,2,2
5980,0x55980,0.000000,7,False,1,3
5981,0xacfd59,0.000000,15,False,1,3
5982,0xeaa7f8,0.000000,15,False,1,3
5983,0xcc75cb,0.333333,14,False,2,2
5984,0x545b2,0.666667,9,False,1,1
5985,0xca17a6,1.000000,12,True,0,0
5986,0x6bfc72,0.000000,15,False,1,3
5987,0x910a8f,0.333333,10,False,2,2
5988,0xb69e9f,1.000000,16,True,0,0
5989,0x5b1ae0,0.000000,11,False,1,3
5990,0xfc6bb8,0.000000,15,False,1,3
5991,0x690179,0.333333,10,False,2,2
5992,0x4a8eb1,0.000000,11,False,1,3
5993,0x3c3eb6,0.333333,14,False,2,2
5994,0x38b240,1.000000,8,True,0,0
5995,0xe67227,0.666667,13,False,1,1
5996,0x40c2fc,0.333333,10,False,2,2
5997,0x558529,0.333333,10,False,2,2
5998,0xa8b991,0.000000,11,False,1,3
5999,0xdda7c5,0.000000,15,False,1,3
6000,0x26fd18,1.000000,12,True,0,0
6001,0xdf6084,0.000000,11,False,1,3
6002,0x35deaf,1.000000,16,True,0,0
6003,0x427355,0.000000,11,False,1,3
6004,0xa25c9c,0.000000,11,False,1,3
6005,0xa2fd8a,0.666667,13,False,1,1
6006,0x3aaf00,0.333333,10,False,2,2
6007,0xab1f73,0.000000,15,False,1,3
6008,0x261e15,0.333333,10,False,2,2
6009,0xd4b9f5,0.000000,15,False,1,3
6010,0x178417,0.333333,10,False,2,2
6011,0x80c6c4,1.000000,8,True,0,0
6012,0xa881a6,0.666667,9,False,1,1
6013,0x5fb764,0.000000,15,False,1,3
6014,0xc7675,1.000000,12,True,0,0
6015,0x3b3f9f,0.666667,17,False,1,1
6016,0xf3a98b,0.333333,14,False,2,2
6017,0x523c61,0.333333,10,False,2,2
6018,0x4858f8,0.333333,10,False,2,2
6019,0x1992b8,0.333333,10,False,2,2
6020,0x7b05f0,1.000000,12,True,0,0
6021,0xfdba2b,1.000000,16,True,0,0
6022,0xbba2a6,0.666667,13,False,1,1
6023,0xbfb5d,0.000000,15,False,1,3
6024,0x6d072d,1.000000,12,True,0,0
6025,0x9d0945,0.333333,10,False,2,2
6026,0x965c3b,0.666667,13,False,1,1
6027,0x457523,0.000000,11,False,1,3
6028,0xe63ffd,0.333333,18,False,2,2
6029,0x3c770,0.333333,10,False,2,2
6030,0xe4e5fe,1.000000,16,True,0,0
6031,0xd729a9,0.666667,13,False,1,1
6032,0xeb39a7,0.000000,15,False,1,3
6033,0xace5a1,1.000000,12,True,0,0
6034,0x2f5148,0.333333,10,False,2,2
6035,0x520728,1.000000,8,True,0,0
6036,0xa165f1,1.000000,12,True,0,0
6037,0xeaf6d9,1.000000,16,True,0,0
6038,0x1479d3,1.000000,12,True,0,0
6039,0xfcdc4b,0.000000,15,False,1,3
6040,0xb89441,0.666667,9,False,1,1
6041,0xa104bf,0.000000,11,False,1,3
6042,0xa8061e,0.666667,9,False,1,1
6043,0xebc2f1,0.333333,14,False,2,2
6044,0xc05959,0.333333,10,False,2,2
6045,0x5e1a53,1.000000,12,True,0,0
6046,0x256563,0.000000,11,False,1,3
6047,0x9f70b4,0.666667,13,False,1,1
6048,0x5e69a4,1.000000,12,True,0,0
6049,0xbd5a99,0.333333,14,False,2,2
6050,0xc6e26b,0.666667,13,False,1,1
6051,0xd11de,0.000000,11,False,1,3
6052,0x71c87d,0.666667,13,False,1,1
6053,0x23d897,1.000000,12,True,0,0
6054,0x6351bd,0.666667,13,False,1,1
6055,0xb57140,0.333333,10,False,2,2
6056,0x4b0fd7,0.333333,14,False,2,2
6057,0x1fc589,1.000000,12,True,0,0
6058,0x82549,0.000000,7,False,1,3
6059,0xbc56ea,0.333333,14,False,2,2
6060,0x85042f,0.666667,9,False,1,1
6061,0x611502,0.000000,7,False,1,3
6062,0xf17a2f,0.000000,15,False,1,3
6063,0xd8f821,0.000000,11,False,1,3
6064,0x9d7ab4,0.333333,14,False,2,2
6065,0xce0535,0.000000,11,False,1,3
6066,0x6cb505,0.000000,11,False,1,3
6067,0xe73d77,0.666667,17,False,1,1
6068,0x1bd854,0.000000,11,False,1,3
6069,0xb01912,1.000000,8,True,0,0
6070,0x301de1,0.333333,10,False,2,2
6071,0xc08019,0.333333,6,False,2,2
6072,0xb90b93,1.000000,12,True,0,0
6073,0x4ed970,1.000000,12,True,0,0
6074,0x135bcb,0.666667,13,False,1,1
6075,0xf591f6,0.000000,15,False,1,3
6076,0xe7872f,0.000000,15,False,1,3
6077,0xa03df3,0.666667,13,False,1,1
6078,0x5e26c9,1.000000,12,True,0,0
6079,0xeec287,0.666667,13,False,1,1
6080,0x4a5507,0.333333,10,False,2,2
6081,0x473bbd,0.000000,15,False,1,3
6082,0xb59a41,0.000000,11,False,1,3
6083,0x4a661,1.000000,8,True,0,0
6084,0xccb632,1.000000,12,True,0,0
6085,0x32ecb2,1.000000,12,True,0,0
6086,0x1df308,0.000000,11,False,1,3
6087,0x6a20df,1.000000,12,True,0,0
6088,0x50275a,0.333333,10,False,2,2
6089,0x991320,1.000000,8,True,0,0
6090,0x4549d1,0.333333,10,False,2,2
6091,0xf4738d,0.333333,14,False,2,2
6092,0xd8c470,0.333333,10,False,2,2
6093,0xbc1825,0.333333,10,False,2,2
6094,0xebc429,1.000000,12,True,0,0
6095,0x22f637,0.666667,13,False,1,1
6096,0x43bff0,0.333333,14,False,2,2
6097,0xbbae9b,1.000000,16,True,0,0
6098,0x55ee79,0.000000,15,False,1,3
6099,0xcde2eb,0.000000,15,False,1,3
6100,0x4ad5ee,0.333333,14,False,2,2
6101,0xb1a5e2,1.000000,12,True,0,0
6102,0x3a89d2,0.000000,11,False,1,3
6103,0xb93886,0.000000,11,False,1,3
6104,0x9b9c94,1.000000,12,True,0,0
6105,0xe3d811,0.000000,11,False,1,3
6106,0x1dd4c8,0.000000,11,False,1,3
6107,0x7375c7,0.000000,15,False,1,3
6108,0xa03499,0.666667,9,False,1,1
6109,0x649218,1.000000,8,True,0,0
6110,0x2b27ef,0.000000,15,False,1,3
6111,0xcb7fd5,0.666667,17,False,1,1
6112,0xaeecc3,0.333333,14,False,2,2
6113,0x78d392,1.000000,12,True,0,0
6114,0x933e0a,0.000000,11,False,1,3
6115,0x6da175,0.666667,13,False,1,1
6116,0x626bd7,0.333333,14,False,2,2
6117,0x82e1c8,0.666667,9,False,1,1
6118,0x7c4990,0.333333,10,False,2,2
6119,0x9bbb13,0.333333,14,False,2,2
6120,0x13abbf,0.000000,15,False,1,3
6121,0x461833,0.666667,9,False,1,1
6122,0x401167,1.000000,8,True,0,0
6123,0x3b8fdc,0.000000,15,False,1,3
6124,0x5fbe61,0.000000,15,False,1,3
6125,0xba65dc,0.333333,14,False,2,2
6126,0x94f186,0.000000,11,False,1,3
6127,0xb582e0,0.333333,10,False,2,2
6128,0xaccd82,0.000000,11,False,1,3
6129,0xa07198,0.666667,9,False,1,1
6130,0x878c6d,1.000000,12,True,0,0
6131,0x1d481b,0.333333,10,False,2,2
6132,0x8df3a3,0.333333,14,False,2,2
6133,0xb7ecf2,1.000000,16,True,0,0
6134,0x9b2ec8,1.000000,12,True,0,0
6135,0x7256c8,0.000000,11,False,1,3
6136,0x9c5d70,1.000000,12,True,0,0
6137,0xb93668,1.000000,12,True,0,0
6138,0xbdf028,1.000000,12,True,0,0
6139,0x990c2e,0.333333,10,False,2,2
6140,0xbd9b48,0.666667,13,False,1,1
6141,0x6ce12b,1.000000,12,True,0,0
6142,0xee5aab,0.000000,15,False,1,3
6143,0xa1c24d,0.333333,10,False,2,2
6144,0x479eb3,0.333333,14,False,2,2
6145,0xde680c,0.000000,11,False,1,3
6146,0xced4c9,0.666667,13,False,1,1
6147,0x6d3493,1.000000,12,True,0,0
6148,0x73b781,0.666667,13,False,1,1
6149,0xd8913,0.666667,9,False,1,1
6150,0xc3ef95,0.000000,15,False,1,3
6151,0xc53d88,0.000000,11,False,1,3
6152,0xa3a5d4,1.000000,12,True,0,0
6153,0x865d74,1.000000,12,True,0,0
6154,0xd59c2,0.333333,10,False,2,2
6155,0xc3319e,1.000000,12,True,0,0
6156,0xa1a8b,0.666667,9,False,1,1
6157,0x357489,0.000000,11,False,1,3
6158,0x297072,0.333333,10,False,2,2
6159,0x50d090,0.000000,7,False,1,3
6160,0x7e21f3,0.333333,14,False,2,2
6161,0x9afe88,0.666667,13,False,1,1
6162,0xd4c169,0.000000,11,False,1,3
6163,0x4a161c,0.666667,9,False,1,1
6164,0xfc411e,1.000000,12,True,0,0
6165,0xe002d0,0.000000,7,False,1,3
6166,0x3a6f66,0.333333,14,False,2,2
6167,0x25a00d,1.000000,8,True,0,0
6168,0xe4e572,0.666667,13,False,1,1
6169,0x8f4ed1,0.666667,13,False,1,1
6170,0x8c8ab1,0.333333,10,False,2,2
6171,0x573bf5,1.000000,16,True,0,0
6172,0x1dd87f,0.000000,15,False,1,3
6173,0x6f5c84,1.000000,12,True,0,0
6174,0x859eba,0.666667,13,False,1,1
6175,0x44dc09,0.666667,9,False,1,1
6176,0xfcfdda,0.333333,18,False,2,2
6177,0x3d7956,0.333333,14,False,2,2
6178,0x7d0f5e,0.000000,15,False,1,3
6179,0xea408d,0.333333,10,False,2,2
6180,0xb35779,0.000000,15,False,1,3
6181,0x94ab8c,0.000000,11,False,1,3
6182,0xb5a8aa,1.000000,12,True,0,0
6183,0x597631,1.000000,12,True,0,0
6184,0xdc5e44,1.000000,12,True,0,0
6185,0x22620e,1.000000,8,True,0,0
6186,0x7139b6,0.666667,13,False,1,1
6187,0xfbcc6b,1.000000,16,True,0,0
6188,0x29e69,0.333333,10,False,2,2
6189,0x8ff84e,0.333333,14,False,2,2
6190,0xa1857,0.666667,9,False,1,1
6191,0x8e6f26,0.666667,13,False,1,1
6192,0xbea5c7,0.000000,15,False,1,3
6193,0x4230e7,0.333333,10,False,2,2
6194,0xd02ae3,0.000000,11,False,1,3
6195,0xac696f,0.333333,14,False,2,2
6196,0x531d83,0.000000,11,False,1,3
6197,0xdb9f98,0.000000,15,False,1,3
6198,0x98f49a,1.000000,12,True,0,0
6199,0x298342,1.000000,8,True,0,0
6200,0xc420e1,1.000000,8,True,0,0
6201,0x1426c7,0.333333,10,False,2,2
6202,0xfea0e4,0.666667,13,False,1,1
6203,0xa381d8,0.333333,10,False,2,2
6204,0x4a26ca,0.333333,10,False,2,2
6205,0x9d056f,0.666667,13,False,1,1
6206,0x30a10f,0.666667,9,False,1,1
6207,0xb41d44,0.333333,10,False,2,2
6208,0x1ed71a,0.666667,13,False,1,1
6209,0x10910c,0.333333,6,False,2,2
6210,0x72fae8,0.333333,14,False,2,2
6211,0xa9d0c3,0.000000,11,False,1,3
6212,0x56d68d,0.666667,13,False,1,1
6213,0x2f4711,0.000000,11,False,1,3
6214,0xcd8b6a,0.666667,13,False,1,1
6215,0x2af327,0.666667,13,False,1,1
6216,0xb1404f,0.333333,10,False,2,2
6217,0xceee03,0.666667,13,False,1,1
6218,0x828e48,1.000000,8,True,0,0
6219,0x39519f,0.666667,13,False,1,1
6220,0xad426d,1.000000,12,True,0,0
6221,0x1e2059,0.666667,9,False,1,1
6222,0xb456ba,0.666667,13,False,1,1
6223,0x97b9cd,0.000000,15,False,1,3
6224,0x2b6e2d,0.666667,13,False,1,1
6225,0x17a3cf,0.333333,14,False,2,2
6226,0xbb16a7,0.333333,14,False,2,2
6227,0x12b390,0.666667,9,False,1,1
6228,0x24c1be,0.000000,11,False,1,3
6229,0x43ef54,0.666667,13,False,1,1
6230,0xae54c5,1.000000,12,True,0,0
6231,0x456908,1.000000,8,True,0,0
6232,0xdf6423,0.666667,13,False,1,1
6233,0x2358b5,0.000000,11,False,1,3
6234,0x31fad7,0.000000,15,False,1,3
6235,0x82472a,0.666667,9,False,1,1
6236,0xf00e18,0.666667,9,False,1,1
6237,0x7a0822,1.000000,8,True,0,0
6238,0xdb1be8,0.333333,14,False,2,2
6239,0x5c96c8,0.000000,11,False,1,3
6240,0xaea22f,0.666667,13,False,1,1
6241,0x7b5d60,0.666667,13,False,1,1
6242,0x53078c,0.333333,10,False,2,2
6243,0x5b6df7,0.666667,17,False,1,1
6244,0x3b8cf,1.000000,12,True,0,0
6245,0x40d59f,1.000000,12,True,0,0
6246,0xe015b4,0.333333,10,False,2,2
6247,0x2dd5b7,0.000000,15,False,1,3
6248,0xb516ee,0.333333,14,False,2,2
6249,0x308a5d,0.333333,10,False,2,2
6250,0x98ec40,0.666667,9,False,1,1
6251,0xd2bd53,0.333333,14,False,2,2
6252,0x2c9f03,0.000000,11,False,1,3
6253,0x2e190b,0.333333,10,False,2,2
6254,0x44559e,0.000000,11,False,1,3
6255,0x3d48d3,1.000000,12,True,0,0
6256,0xa3c927,1.000000,12,True,0,0
6257,0xb642a5,0.000000,11,False,1,3
6258,0xd07fb6,0.000000,15,False,1,3
6259,0x5ea105,0.333333,10,False,2,2
6260,0x323db1,1.000000,12,True,0,0
6261,0xf932ff,0.666667,17,False,1,1
6262,0xda5994,1.000000,12,True,0,0
6263,0xfde4a6,0.000000,15,False,1,3
6264,0x83d254,0.333333,10,False,2,2
6265,0x122e63,0.333333,10,False,2,2
6266,0x595b10,0.333333,10,False,2,2
6267,0x56c0ae,0.000000,11,False,1,3
6268,0xac8774,1.000000,12,True,0,0
6269,0x89b018,1.000000,8,True,0,0
6270,0x9ecb90,1.000000,12,True,0,0
6271,0xe09314,0.666667,9,False,1,1
6272,0x215ec4,0.333333,10,False,2,2
6273,0xaf9088,0.333333,10,False,2,2
6274,0xad35d,1.000000,12,True,0,0
6275,0x2d1677,0.666667,13,False,1,1
6276,0x6303c5,0.333333,10,False,2,2
6277,0xd2a5d2,1.000000,12,True,0,0
6278,0x60d96b,1.000000,12,True,0,0
6279,0xce1699,1.000000,12,True,0,0
6280,0x91f5,0.666667,9,False,1,1
6281,0xeb490c,0.000000,11,False,1,3
6282,0x2a81c9,0.666667,9,False,1,1
6283,0xa19742,0.333333,10,False,2,2
6284,0x8fc9b9,0.333333,14,False,2,2
6285,0x6df17e,1.000000,16,True,0,0
6286,0xcbd4c2,1.000000,12,True,0,0
6287,0x169cd3,1.000000,12,True,0,0
6288,0x6c426,1.000000,8,True,0,0
6289,0x58d2b2,0.000000,11,False,1,3
6290,0xa18df3,0.666667,13,False,1,1
6291,0x12491c,1.000000,8,True,0,0
6292,0x1d3ab7,0.333333,14,False,2,2
6293,0xc24af3,1.000000,12,True,0,0
6294,0xcdf0d4,0.666667,13,False,1,1
6295,0xdff02a,0.333333,14,False,2,2
6296,0x63e97c,0.333333,14,False,2,2
6297,0xb0e6dc,0.666667,13,False,1,1
6298,0xe81831,0.666667,9,False,1,1
6299,0x53ce37,0.333333,14,False,2,2
6300,0xd67a38,0.666667,13,False,1,1
6301,0x316fb9,0.333333,14,False,2,2
6302,0xc9398f,0.666667,13,False,1,1
6303,0x411842,0.333333,6,False,2,2
6304,0xfa46ac,0.666667,13,False,1,1
6305,0x116ef5,0.666667,13,False,1,1
6306,0xe087d4,0.000000,11,False,1,3
6307,0x861791,0.333333,10,False,2,2
6308,0x640dad,0.000000,11,False,1,3
6309,0xa7e716,0.333333,14,False,2,2
6310,0xbb3037,0.666667,13,False,1,1
6311,0xd0e4f,0.000000,11,False,1,3
6312,0x9942b0,0.666667,9,False,1,1
6313,0xa88467,0.333333,10,False,2,2
6314,0x1cf822,0.333333,10,False,2,2
6315,0xbc5575,0.333333,14,False,2,2
6316,0xe8c3da,0.666667,13,False,1,1
6317,0x45f20e,0.000000,11,False,1,3
6318,0xc1efdc,0.000000,15,False,1,3
6319,0x1556a,0.666667,9,False,1,1
6320,0x616e30,0.333333,10,False,2,2
6321,0xc29dd0,0.000000,11,False,1,3
6322,0x1da44f,1.000000,12,True,0,0
6323,0x2c10d,0.000000,7,False,1,3
6324,0xea71e7,0.000000,15,False,1,3
6325,0x10a69f,0.000000,11,False,1,3
6326,0xd21c15,0.333333,10,False,2,2
6327,0x3f539e,0.000000,15,False,1,3
6328,0x5e7833,0.666667,13,False,1,1
6329,0x3a120a,1.000000,8,True,0,0
6330,0xd1d842,0.333333,10,False,2,2
6331,0xc24460,0.000000,7,False,1,3
6332,0x24431a,1.000000,8,True,0,0
6333,0x3dfbcc,1.000000,16,True,0,0
6334,0xf943e1,0.666667,13,False,1,1
6335,0xadf859,0.333333,14,False,2,2
6336,0xbd457,1.000000,12,True,0,0
6337,0x177624,0.000000,11,False,1,3
6338,0x5eb791,0.333333,14,False,2,2
6339,0x6156dd,0.666667,13,False,1,1
6340,0xd572d0,1.000000,12,True,0,0
6341,0x56ae3e,0.333333,14,False,2,2
6342,0x6e3181,0.333333,10,False,2,2
6343,0xb919ca,1.000000,12,True,0,0
6344,0xd0b89,0.666667,9,False,1,1
6345,0x629554,0.333333,10,False,2,2
6346,0x6d19c0,0.333333,10,False,2,2
6347,0xe8429e,0.000000,11,False,1,3
6348,0x1b0191,1.000000,8,True,0,0
6349,0x455416,0.666667,9,False,1,1
6350,0x45c52e,0.000000,11,False,1,3
6351,0xcb4880,1.000000,8,True,0,0
6352,0xa12332,0.666667,9,False,1,1
6353,0xacb481,0.333333,10,False,2,2
6354,0x9ae7f1,0.000000,15,False,1,3
6355,0xb1f015,0.000000,11,False,1,3
6356,0x1beb8e,0.333333,14,False,2,2
6357,0xf12555,1.000000,12,True,0,0
6358,0xe4a890,0.666667,9,False,1,1
6359,0xd4166a,0.000000,11,False,1,3
6360,0x2fc5bf,1.000000,16,True,0,0
6361,0xf7d8e4,0.000000,15,False,1,3
6362,0xc57b5a,0.333333,14,False,2,2
6363,0x9e488c,0.333333,10,False,2,2
6364,0x6c7b2,0.000000,11,False,1,3
6365,0xf0974e,0.666667,13,False,1,1
6366,0x378d23,1.000000,12,True,0,0
6367,0xfdaee8,1.000000,16,True,0,0
6368,0x615b44,0.333333,10,False,2,2
6369,0xef95b8,0.000000,15,False,1,3
6370,0xbf34ca,0.333333,14,False,2,2
6371,0x61fc78,0.666667,13,False,1,1
6372,0x9d5f93,0.000000,15,False,1,3
6373,0x61b11b,0.000000,11,False,1,3
6374,0x52beb0,1.000000,12,True,0,0
6375,0x9b76a7,0.000000,15,False,1,3
6376,0x77a2a5,0.666667,13,False,1,1
6377,0xd10757,1.000000,12,True,0,0
6378,0xfad2b4,0.333333,14,False,2,2
6379,0xcd52ae,0.666667,13,False,1,1
6380,0xdfb2d3,1.000000,16,True,0,0
6381,0x693b2c,1.000000,12,True,0,0
6382,0x560f70,0.000000,11,False,1,3
6383,0x6dd5fe,0.666667,17,False,1,1
6384,0xbfecc9,1.000000,16,True,0,0
6385,0xecd002,0.666667,9,False,1,1
6386,0x27f203,0.000000,11,False,1,3
6387,0xe0f900,0.666667,9,False,1,1
6388,0x969381,0.333333,10,False,2,2
6389,0x68b6ea,0.666667,13,False,1,1
6390,0x6a7f3f,0.666667,17,False,1,1
6391,0x82dca2,0.333333,10,False,2,2
6392,0x2c91e9,0.000000,11,False,1,3
6393,0x6c334a,0.000000,11,False,1,3
6394,0xca2506,0.666667,9,False,1,1
6395,0x77eed6,0.666667,17,False,1,1
6396,0x26d03c,0.333333,10,False,2,2
6397,0xd12914,0.666667,9,False,1,1
6398,0xd6d0fd,0.000000,15,False,1,3
6399,0x1978fc,0.666667,13,False,1,1
6400,0x3ccc1f,0.666667,13,False,1,1
6401,0xdc05cc,0.000000,11,False,1,3
6402,0xee40c5,0.000000,11,False,1,3
6403,0x7a4d2,0.333333,10,False,2,2
6404,0xa1d2b,0.333333,10,False,2,2
6405,0xaaaa0c,0.333333,10,False,2,2
6406,0x4f1181,0.666667,9,False,1,1
6407,0xa73e6a,0.333333,14,False,2,2
6408,0xfd2cfd,0.666667,17,False,1,1
6409,0x5bdb6a,0.000000,15,False,1,3
6410,0x3028b1,1.000000,8,True,0,0
6411,0x47d75,1.000000,12,True,0,0
6412,0xab60c1,0.333333,10,False,2,2
6413,0x99ff6c,1.000000,16,True,0,0
6414,0xc42548,1.000000,8,True,0,0
6415,0xa30705,0.666667,9,False,1,1
6416,0xe5904d,0.000000,11,False,1,3
6417,0xed6377,1.000000,16,True,0,0
6418,0x32d13f,0.666667,13,False,1,1
6419,0x81de9,0.333333,10,False,2,2
6420,0x71dc23,1.000000,12,True,0,0
6421,0x23cfff,0.666667,17,False,1,1
6422,0x3f0f9e,0.000000,15,False,1,3
6423,0x580865,1.000000,8,True,0,0
6424,0x784a5,0.666667,9,False,1,1
6425,0x5147d3,1.000000,12,True,0,0
6426,0xc1b695,1.000000,12,True,0,0
6427,0xe22289,0.666667,9,False,1,1
6428,0xce4c65,1.000000,12,True,0,0
6429,0x915440,0.000000,7,False,1,3
6430,0x332b01,0.666667,9,False,1,1
6431,0x87f58a,0.666667,13,False,1,1
6432,0x5ce932,1.000000,12,True,0,0
6433,0xeacc4c,1.000000,12,True,0,0
6434,0xbfa51a,0.333333,14,False,2,2
6435,0xbe00f9,1.000000,12,True,0,0
6436,0x676bed,1.000000,16,True,0,0
6437,0xeabb7a,1.000000,16,True,0,0
6438,0x756e33,0.333333,14,False,2,2
6439,0x70dcb5,0.666667,13,False,1,1
6440,0xff8cfd,0.333333,18,False,2,2
6441,0x4b495f,0.666667,13,False,1,1
6442,0x10207e,1.000000,8,True,0,0
6443,0xbd7510,1.000000,12,True,0,0
6444,0x82dbc,0.333333,10,False,2,2
6445,0x3aee60,1.000000,12,True,0,0
6446,0xdd313e,0.333333,14,False,2,2
6447,0xb128c,1.000000,8,True,0,0
6448,0x2ad23b,1.000000,12,True,0,0
6449,0x321520,0.000000,7,False,1,3
6450,0xb081f3,0.000000,11,False,1,3
6451,0x537fe3,1.000000,16,True,0,0
6452,0xa684c,1.000000,8,True,0,0
6453,0xabe154,1.000000,12,True,0,0
6454,0x684767,1.000000,12,True,0,0
6455,0xe53754,0.666667,13,False,1,1
6456,0xafd387,0.000000,15,False,1,3
6457,0x34d30a,0.333333,10,False,2,2
6458,0x541f45,0.000000,11,False,1,3
6459,0xa7ad7,0.666667,13,False,1,1
6460,0x494e5e,1.000000,12,True,0,0
6461,0x3119d3,0.000000,11,False,1,3
6462,0x56efe0,0.333333,14,False,2,2
6463,0xe51ae,0.000000,11,False,1,3
6464,0x67ada1,0.666667,13,False,1,1
6465,0x90ca68,0.666667,9,False,1,1
6466,0x1b2d15,0.000000,11,False,1,3
6467,0x1425e3,0.333333,10,False,2,2
6468,0x3ab1d3,0.666667,13,False,1,1
6469,0x52b0cc,0.333333,10,False,2,2
6470,0xb13113,0.333333,10,False,2,2
6471,0xc281d,1.000000,8,True,0,0
6472,0x97a9a0,0.000000,11,False,1,3
6473,0x99a1a5,0.000000,11,False,1,3
6474,0x9ec228,0.333333,10,False,2,2
6475,0x1699e8,0.000000,11,False,1,3
6476,0xbcf2de,1.000000,16,True,0,0
6477,0x9886ae,0.000000,11,False,1,3
6478,0x45c953,0.000000,11,False,1,3
6479,0x1a3253,0.333333,10,False,2,2
6480,0x1128ed,0.333333,10,False,2,2
6481,0x6ee536,0.333333,14,False,2,2
6482,0x6520c5,0.666667,9,False,1,1
6483,0xaeef49,0.000000,15,False,1,3
6484,0x2df35b,0.000000,15,False,1,3
6485,0xe252c1,0.333333,10,False,2,2
6486,0x2e03c3,0.333333,10,False,2,2
6487,0x9138e,0.666667,9,False,1,1
6488,0x17cb9b,0.333333,14,False,2,2
6489,0x92f45c,1.000000,12,True,0,0
6490,0x4ba6eb,0.333333,14,False,2,2
6491,0x89e4ee,0.666667,13,False,1,1
6492,0xab0d00,1.000000,8,True,0,0
6493,0x257748,0.000000,11,False,1,3
6494,0xd5d50,0.333333,10,False,2,2
6495,0x28142c,0.000000,7,False,1,3
6496,0xe67d7,0.333333,14,False,2,2
6497,0x6e6dad,0.000000,15,False,1,3
6498,0x45698c,0.333333,10,False,2,2
6499,0x8e0484,0.000000,7,False,1,3
6500,0x336296,0.000000,11,False,1,3
6501,0xb12a69,0.000000,11,False,1,3
6502,0x8ec567,0.666667,13,False,1,1
6503,0xe328be,0.666667,13,False,1,1
6504,0x58553d,1.000000,12,True,0,0
6505,0x3d0f25,1.000000,12,True,0,0
6506,0xe174ce,0.666667,13,False,1,1
6507,0x958ae9,1.000000,12,True,0,0
6508,0x1973d,0.000000,11,False,1,3
6509,0xc86d2e,1.000000,12,True,0,0
6510,0x646a35,0.000000,11,False,1,3
6511,0xbcb638,0.666667,13,False,1,1
6512,0xdfe78f,0.333333,18,False,2,2
6513,0xdd5db9,1.000000,16,True,0,0
6514,0x980765,0.333333,10,False,2,2
6515,0x395bfc,0.000000,15,False,1,3
6516,0x2d4bf1,0.666667,13,False,1,1
6517,0x3cdf78,0.000000,15,False,1,3
6518,0x858fcf,0.333333,14,False,2,2
6519,0x580a94,1.000000,8,True,0,0
6520,0xb0ad57,0.666667,13,False,1,1
6521,0x28928,0.333333,6,False,2,2
6522,0x750848,1.000000,8,True,0,0
6523,0xf5d45f,1.000000,16,True,0,0
6524,0xb87ce2,0.666667,13,False,1,1
6525,0x862173,0.333333,10,False,2,2
6526,0x17844a,0.666667,9,False,1,1
6527,0xc6ec38,1.000000,12,True,0,0
6528,0xfd51cc,0.333333,14,False,2,2
6529,0xe047bd,0.666667,13,False,1,1
6530,0xb55daf,1.000000,16,True,0,0
6531,0x4b5697,0.666667,13,False,1,1
6532,0xef0de5,0.000000,15,False,1,3
6533,0x9cd7e7,1.000000,16,True,0,0
6534,0xb06f11,0.000000,11,False,1,3
6535,0x1ff826,0.666667,13,False,1,1
6536,0xf179a9,0.333333,14,False,2,2
6537,0xf685fc,0.000000,15,False,1,3
6538,0x5e5ed2,0.333333,14,False,2,2
6539,0x701cb3,0.000000,11,False,1,3
6540,0xf13f7f,0.333333,18,False,2,2
6541,0x2dfcd2,0.333333,14,False,2,2
6542,0x7a4463,0.000000,11,False,1,3
6543,0x9182b5,0.333333,10,False,2,2
6544,0xe9083c,0.333333,10,False,2,2
6545,0x37c189,0.000000,11,False,1,3
6546,0xd84f7d,0.000000,15,False,1,3
6547,0xdbf180,1.000000,12,True,0,0
6548,0x7868dc,1.000000,12,True,0,0
6549,0xe6ea4a,0.666667,13,False,1,1
6550,0x21c063,1.000000,8,True,0,0
6551,0x3f3abc,0.000000,15,False,1,3
6552,0xbecf70,0.000000,15,False,1,3
6553,0x66ad30,0.000000,11,False,1,3
6554,0x441047,0.000000,7,False,1,3
6555,0x1410e4,0.000000,7,False,1,3
6556,0xdf9f6c,0.666667,17,False,1,1
6557,0x650e29,0.333333,10,False,2,2
6558,0x76089,1.000000,8,True,0,0
6559,0xfc0b86,1.000000,12,True,0,0
6560,0xf42b9d,0.333333,14,False,2,2
6561,0xc04e3,1.000000,8,True,0,0
6562,0x3fded2,1.000000,16,True,0,0
6563,0x46555f,0.666667,13,False,1,1
6564,0xd8b1e9,0.666667,13,False,1,1
6565,0xf26f6e,1.000000,16,True,0,0
6566,0x87c4df,0.333333,14,False,2,2
6567,0x6d70fa,0.333333,14,False,2,2
6568,0x15d39e,0.666667,13,False,1,1
6569,0xb5f65d,1.000000,16,True,0,0
6570,0x931083,1.000000,8,True,0,0
6571,0x3cd0f3,0.666667,13,False,1,1
6572,0x719a36,1.000000,12,True,0,0
6573,0x18e3b6,1.000000,12,True,0,0
6574,0x764506,0.333333,10,False,2,2
6575,0xcb4b01,0.333333,10,False,2,2
6576,0xc79c36,0.666667,13,False,1,1
6577,0x8a2490,0.000000,7,False,1,3
6578,0xe554ad,0.666667,13,False,1,1
6579,0xb5b26b,0.333333,14,False,2,2
6580,0x8e4528,0.666667,9,False,1,1
6581,0x5a9616,0.000000,11,False,1,3
6582,0xb9b28e,0.666667,13,False,1,1
6583,0xe60b8d,1.000000,12,True,0,0
6584,0x857642,0.333333,10,False,2,2
6585,0x862175,0.333333,10,False,2,2
6586,0x5bd762,0.333333,14,False,2,2
6587,0xd7d217,0.333333,14,False,2,2
6588,0x455787,1.000000,12,True,0,0
6589,0xfebedc,0.333333,18,False,2,2
6590,0x133733,1.000000,12,True,0,0
6591,0x3b0abc,1.000000,12,True,0,0
6592,0x37c2a2,0.000000,11,False,1,3
6593,0xae2a5,0.333333,10,False,2,2
6594,0xe172e2,1.000000,12,True,0,0
6595,0x62dbbc,0.333333,14,False,2,2
6596,0x8f6f1c,0.333333,14,False,2,2
6597,0xb95285,0.000000,11,False,1,3
6598,0x928836,0.666667,9,False,1,1
6599,0x3f9784,0.666667,13,False,1,1
6600,0x639a9f,0.333333,14,False,2,2
6601,0xaa8d99,1.000000,12,True,0,0
6602,0x9f67df,0.333333,18,False,2,2
6603,0xfc2792,0.666667,13,False,1,1
6604,0xc22068,0.000000,7,False,1,3
6605,0x93ecef,1.000000,16,True,0,0
6606,0xb107,0.000000,7,False,1,3
6607,0x7c5ed4,0.333333,14,False,2,2
6608,0x4f61ba,0.666667,13,False,1,1
6609,0xd7602a,0.000000,11,False,1,3
6610,0xcab966,0.666667,13,False,1,1
6611,0x2b07cc,0.000000,11,False,1,3
6612,0xbe079d,0.333333,14,False,2,2
6613,0xae2383,0.000000,11,False,1,3
6614,0xca49d0,0.333333,10,False,2,2
6615,0xa1c151,0.666667,9,False,1,1
6616,0x33c156,0.000000,11,False,1,3
6617,0xf7bb41,0.000000,15,False,1,3
6618,0x1d6ac0,0.333333,10,False,2,2
6619,0x8b0f32,0.000000,11,False,1,3
6620,0xb0d0cc,0.333333,10,False,2,2
6621,0x179a32,0.000000,11,False,1,3
6622,0x73b015,0.000000,11,False,1,3
6623,0x8660b2,0.666667,9,False,1,1
6624,0xc6a18b,0.000000,11,False,1,3
6625,0xf0fe0b,0.333333,14,False,2,2
6626,0xf49bbb,1.000000,16,True,0,0
6627,0xba6d8,0.000000,11,False,1,3
6628,0xcf02d7,0.666667,13,False,1,1
6629,0xd73d1,1.000000,12,True,0,0
6630,0xd43a56,1.000000,12,True,0,0
6631,0x4f694,0.333333,10,False,2,2
6632,0x1d0b5d,1.000000,12,True,0,0
6633,0x500ef6,0.000000,11,False,1,3
6634,0xe3fdc0,0.333333,14,False,2,2
6635,0x603f43,0.000000,11,False,1,3
6636,0xeea5b6,0.000000,15,False,1,3
6637,0x47319e,1.000000,12,True,0,0
6638,0x532b28,0.333333,10,False,2,2
6639,0x343957,1.000000,12,True,0,0
6640,0x89809e,0.666667,9,False,1,1
6641,0x4258df,1.000000,12,True,0,0
6642,0x320cb6,0.333333,10,False,2,2
6643,0xe4471e,1.000000,12,True,0,0
6644,0xab6e2f,0.000000,15,False,1,3
6645,0x98691b,0.000000,11,False,1,3
6646,0x880d38,1.000000,8,True,0,0
6647,0x981f11,0.333333,10,False,2,2
6648,0x13ee6e,0.333333,14,False,2,2
6649,0xf33d7e,0.666667,17,False,1,1
6650,0x5cd626,1.000000,12,True,0,0
6651,0x799780,0.000000,11,False,1,3
6652,0x3956bf,0.000000,15,False,1,3
6653,0x750cdb,0.666667,13,False,1,1
6654,0xb98798,1.000000,12,True,0,0
6655,0x56e32c,1.000000,12,True,0,0
6656,0xab5633,0.666667,13,False,1,1
6657,0xc45fb1,0.666667,13,False,1,1
6658,0x2adf1c,0.666667,13,False,1,1
6659,0x1b85d5,1.000000,12,True,0,0
6660,0xbf959f,0.666667,17,False,1,1
6661,0xd2f288,0.000000,11,False,1,3
6662,0x57cfc2,0.333333,14,False,2,2
6663,0xd4aac0,0.333333,10,False,2,2
6664,0x74bb2a,0.666667,13,False,1,1
6665,0x69e6b1,0.666667,13,False,1,1
6666,0xa43aea,1.000000,12,True,0,0
6667,0xc068fe,1.000000,12,True,0,0
6668,0x86b2ea,1.000000,12,True,0,0
6669,0x66b870,0.000000,11,False,1,3
6670,0x8d1efa,0.333333,14,False,2,2
6671,0x3b3792,0.666667,13,False,1,1
6672,0x652049,1.000000,8,True,0,0
6673,0xf253d5,0.333333,14,False,2,2
6674,0xe1674a,1.000000,12,True,0,0
6675,0xc79b24,1.000000,12,True,0,0
6676,0x69aa1a,0.000000,11,False,1,3
6677,0x22bef1,0.666667,13,False,1,1
6678,0x75992a,1.000000,12,True,0,0
6679,0x6332bf,0.333333,14,False,2,2
6680,0x447f4a,1.000000,12,True,0,0
6681,0x5ad2bb,0.333333,14,False,2,2
6682,0x500a67,0.666667,9,False,1,1
6683,0xc3e0f3,0.666667,13,False,1,1
6684,0x4be2fe,0.000000,15,False,1,3
6685,0xd5efaa,1.000000,16,True,0,0
6686,0x4d75e2,0.666667,13,False,1,1
6687,0x6904ed,0.000000,11,False,1,3
6688,0xa84bf9,0.666667,13,False,1,1
6689,0x26750,1.000000,8,True,0,0
6690,0x447b97,0.666667,13,False,1,1
6691,0xe93489,0.000000,11,False,1,3
6692,0xa9bd59,0.333333,14,False,2,2
6693,0xe34c14,0.333333,10,False,2,2
6694,0xa54fac,0.666667,13,False,1,1
6695,0x368533,0.000000,11,False,1,3
6696,0xfbcfd8,0.666667,17,False,1,1
6697,0xb6f987,0.000000,15,False,1,3
6698,0x87a5d4,1.000000,12,True,0,0
6699,0x9e80ea,0.000000,11,False,1,3
6700,0xf473f0,0.333333,14,False,2,2
6701,0xda963a,0.666667,13,False,1,1
6702,0x1cde56,0.666667,13,False,1,1
6703,0xbb2876,0.666667,13,False,1,1
6704,0xd7561,0.000000,11,False,1,3
6705,0xe9ed48,0.666667,13,False,1,1
6706,0x943ac9,0.000000,11,False,1,3
6707,0xc7967d,0.000000,15,False,1,3
6708,0xbc3f14,0.666667,13,False,1,1
6709,0x757c0d,0.666667,13,False,1,1
6710,0xf7ef28,1.000000,16,True,0,0
6711,0x9e25e0,0.000000,11,False,1,3
6712,0xea2ec9,0.666667,13,False,1,1
6713,0x61194c,0.666667,9,False,1,1
6714,0xd523bf,0.000000,15,False,1,3
6715,0xa87816,0.333333,10,False,2,2
6716,0xff10f5,0.000000,15,False,1,3
6717,0xd36e20,0.000000,11,False,1,3
6718,0x2024a,0.666667,5,False,3,1
6719,0xdd1077,0.666667,13,False,1,1
6720,0x7750f5,0.333333,14,False,2,2
6721,0x68bcb5,0.666667,13,False,1,1
6722,0xc3a281,0.666667,9,False,1,1
6723,0x89224f,0.333333,10,False,2,2
6724,0x31981d,0.333333,10,False,2,2
6725,0x79e5e,0.666667,13,False,1,1
6726,0x6c3ded,0.000000,15,False,1,3
6727,0x346eb8,1.000000,12,True,0,0
6728,0x838c36,0.333333,10,False,2,2
6729,0xa58fd,1.000000,12,True,0,0
6730,0x410f8f,0.000000,11,False,1,3
6731,0x8a68c8,0.666667,9,False,1,1
6732,0xb6a30b,1.000000,12,True,0,0
6733,0x7e7bb5,0.666667,17,False,1,1
6734,0x4e74e0,0.000000,11,False,1,3
6735,0x8de510,0.333333,10,False,2,2
6736,0x9381cb,0.000000,11,False,1,3
6737,0xed6bf,0.000000,15,False,1,3
6738,0x28bcac,0.000000,11,False,1,3
6739,0xbb4ff9,0.666667,17,False,1,1
6740,0xf1520,1.000000,8,True,0,0
6741,0xb2ab93,0.666667,13,False,1,1
6742,0x29cffd,1.000000,16,True,0,0
6743,0xe5d1dc,0.333333,14,False,2,2
6744,0x603b2f,1.000000,12,True,0,0
6745,0x4eb02,1.000000,8,True,0,0
6746,0xf61c33,0.666667,13,False,1,1
6747,0x86b54d,1.000000,12,True,0,0
6748,0xcc50ea,0.000000,11,False,1,3
6749,0xff8d0c,0.333333,14,False,2,2
6750,0xe44426,0.666667,9,False,1,1
6751,0x6b069d,1.000000,12,True,0,0
6752,0xa45ba0,0.333333,10,False,2,2
6753,0xb928ef,0.333333,14,False,2,2
6754,0xf34fed,0.666667,17,False,1,1
6755,0xd0eef4,0.333333,14,False,2,2
6756,0x9fc49c,0.666667,13,False,1,1
6757,0x87ccb7,0.333333,14,False,2,2
6758,0xd115c1,0.333333,10,False,2,2
6759,0x826576,0.000000,11,False,1,3
6760,0xd0dedb,0.000000,15,False,1,3
6761,0x69316,0.666667,9,False,1,1
6762,0x43f874,1.000000,12,True,0,0
6763,0x33bf79,1.000000,16,True,0,0
6764,0x3b4ec7,0.333333,14,False,2,2
6765,0xec0677,0.666667,13,False,1,1
6766,0x2007c3,1.000000,8,True,0,0
6767,0x7a44bd,0.666667,13,False,1,1
6768,0xdd7156,0.333333,14,False,2,2
6769,0x6178a0,0.666667,9,False,1,1
6770,0x7c597a,0.333333,14,False,2,2
6771,0x27caa0,0.333333,10,False,2,2
6772,0xab5465,1.000000,12,True,0,0
6773,0xf91091,0.333333,10,False,2,2
6774,0x7173e5,0.333333,14,False,2,2
6775,0x46dea1,1.000000,12,True,0,0
6776,0xddb151,0.666667,13,False,1,1
6777,0x4e5c40,0.666667,9,False,1,1
6778,0x59694c,0.000000,11,False,1,3
6779,0xb5c0d7,0.666667,13,False,1,1
6780,0x2aac0,0.000000,7,False,1,3
6781,0x782f14,0.000000,11,False,1,3
6782,0x80afc0,0.666667,9,False,1,1
6783,0x44dfdc,0.333333,14,False,2,2
6784,0x5c24f8,0.000000,11,False,1,3
6785,0xf0f2d2,0.666667,13,False,1,1
6786,0xff2a49,0.333333,14,False,2,2
6787,0x7253ef,0.000000,15,False,1,3
6788,0x6de679,0.000000,15,False,1,3
6789,0x5f693a,0.333333,14,False,2,2
6790,0xd63938,1.000000,12,True,0,0
6791,0xa6a91c,0.000000,11,False,1,3
6792,0xc00bc1,1.000000,8,True,0,0
6793,0x6a4c5b,1.000000,12,True,0,0
6794,0xc3b176,0.666667,13,False,1,1
6795,0x94955e,1.000000,12,True,0,0
6796,0x4d7eaf,1.000000,16,True,0,0
6797,0x54428c,1.000000,8,True,0,0
6798,0xc2438e,0.333333,10,False,2,2
6799,0xdc3840,0.666667,9,False,1,1
6800,0x6bbaa2,0.666667,13,False,1,1
6801,0xd077ba,0.333333,14,False,2,2
6802,0xd6fffd,1.000000,20,False,4,0
6803,0xd07ae5,0.666667,13,False,1,1
6804,0xb13f44,1.000000,12,True,0,0
6805,0x168a1,0.000000,7,False,1,3
6806,0xc47d7b,0.000000,15,False,1,3
6807,0xe0038b,0.666667,9,False,1,1
6808,0x3f91b6,0.333333,14,False,2,2
6809,0x25471f,1.000000,12,True,0,0
6810,0x28c635,0.333333,10,False,2,2
6811,0x5cca8,0.666667,9,False,1,1
6812,0xf17855,0.666667,13,False,1,1
6813,0x91c67c,1.000000,12,True,0,0
6814,0x860ad7,0.000000,11,False,1,3
6815,0x851b34,0.333333,10,False,2,2
6816,0xab063f,0.666667,13,False,1,1
6817,0x321322,1.000000,8,True,0,0
6818,0xca582b,0.000000,11,False,1,3
6819,0x402d3,0.000000,7,False,1,3
6820,0x610299,1.000000,8,True,0,0
6821,0x8fe0e4,1.000000,12,True,0,0
6822,0xfedd97,0.333333,18,False,2,2
6823,0x8a2ef5,0.666667,13,False,1,1
6824,0x571310,0.666667,9,False,1,1
6825,0x769d2a,0.666667,13,False,1,1
6826,0x9517fe,0.000000,15,False,1,3
6827,0xf8e23d,0.333333,14,False,2,2
6828,0xf99010,0.666667,9,False,1,1
6829,0xbf6bfd,0.000000,19,False,3,3
6830,0x28ef63,0.666667,13,False,1,1
6831,0x666906,0.333333,10,False,2,2
6832,0xcec933,0.666667,13,False,1,1
6833,0xc2f79a,0.333333,14,False,2,2
6834,0x4e92ec,1.000000,12,True,0,0
6835,0x6929f4,1.000000,12,True,0,0
6836,0x787ea9,0.333333,14,False,2,2
6837,0x9b309f,0.666667,13,False,1,1
6838,0xa0c3ad,0.000000,11,False,1,3
6839,0xb1c0f2,0.000000,11,False,1,3
6840,0x8575e5,0.666667,13,False,1,1
6841,0x81ecd8,0.000000,11,False,1,3
6842,0x610740,0.000000,7,False,1,3
6843,0xdac547,0.666667,13,False,1,1
6844,0xc1d1c8,0.333333,10,False,2,2
6845,0x7be80,0.333333,10,False,2,2
6846,0xacb231,0.000000,11,False,1,3
6847,0xc7d662,0.666667,13,False,1,1
6848,0x2a7dfe,1.000000,16,True,0,0
6849,0x3e018b,0.333333,10,False,2,2
6850,0x2e9c1d,1.000000,12,True,0,0
6851,0xd1ab55,0.666667,13,False,1,1
6852,0xf73733,1.000000,16,True,0,0
6853,0x44e6dd,0.666667,13,False,1,1
6854,0xb8ff16,0.000000,15,False,1,3
6855,0xb2935a,1.000000,12,True,0,0
6856,0x2121b2,1.000000,8,True,0,0
6857,0x43952d,0.000000,11,False,1,3
6858,0x1a8da5,0.000000,11,False,1,3
6859,0x7dc3fd,0.666667,17,False,1,1
6860,0x2bba99,0.666667,13,False,1,1
6861,0xb5284,1.000000,8,True,0,0
6862,0xf139e2,0.666667,13,False,1,1
6863,0x901286,0.000000,7,False,1,3
6864,0xcc4a03,0.666667,9,False,1,1
6865,0xd12eb,0.000000,11,False,1,3
6866,0x5e178a,1.000000,12,True,0,0
6867,0x6707dc,0.666667,13,False,1,1
6868,0x3d8182,0.666667,9,False,1,1
6869,0x706f66,0.666667,13,False,1,1
6870,0xae216e,1.000000,12,True,0,0
6871,0x3a93dc,0.666667,13,False,1,1
6872,0xbff330,0.000000,15,False,1,3
6873,0x8d7c25,1.000000,12,True,0,0
6874,0xb83ed4,0.666667,13,False,1,1
6875,0x9550a1,0.666667,9,False,1,1
6876,0xb8a2c4,0.333333,10,False,2,2
6877,0x3eec79,0.000000,15,False,1,3
6878,0x1b3c4a,0.000000,11,False,1,3
6879,0x29c2b8,0.333333,10,False,2,2
6880,0x3b1dae,0.333333,14,False,2,2
6881,0x935681,0.333333,10,False,2,2
6882,0x5d1924,0.333333,10,False,2,2
6883,0x4326fe,0.666667,13,False,1,1
6884,0xc89eb2,1.000000,12,True,0,0
6885,0xc0c1d3,0.333333,10,False,2,2
6886,0x7f3c35,0.000000,15,False,1,3
6887,0xc9e03d,1.000000,12,True,0,0
6888,0x3f5d36,0.000000,15,False,1,3
6889,0x2ccdd1,1.000000,12,True,0,0
6890,0x131685,0.666667,9,False,1,1
6891,0x92105b,0.666667,9,False,1,1
6892,0x919c3b,1.000000,12,True,0,0
6893,0x443ee3,1.000000,12,True,0,0
6894,0x31b016,0.666667,9,False,1,1
6895,0x85c2aa,0.333333,10,False,2,2
6896,0x39a558,0.000000,11,False,1,3
6897,0xdc2d41,0.000000,11,False,1,3
6898,0x73e245,1.000000,12,True,0,0
6899,0x3683b5,1.000000,12,True,0,0
6900,0x5639,1.000000,8,True,0,0
6901,0x959ab6,0.666667,13,False,1,1
6902,0x851857,0.333333,10,False,2,2
6903,0x3268f2,0.000000,11,False,1,3
6904,0xc8cfcd,0.333333,14,False,2,2
6905,0x5582b6,0.000000,11,False,1,3
6906,0x430f4a,0.333333,10,False,2,2
6907,0x3eaf9b,1.000000,16,True,0,0
6908,0x5e6d3e,0.000000,15,False,1,3
6909,0x27cae4,1.000000,12,True,0,0
6910,0xc76d50,1.000000,12,True,0,0
6911,0xfac4b4,0.666667,13,False,1,1
6912,0x7920b4,0.333333,10,False,2,2
6913,0xb7c29,0.000000,11,False,1,3
6914,0xd32fff,0.333333,18,False,2,2
6915,0x9a554,0.666667,9,False,1,1
6916,0xef7794,1.000000,16,True,0,0
6917,0xba652,0.333333,10,False,2,2
6918,0xdffc14,0.000000,15,False,1,3
6919,0x1c9f24,0.000000,11,False,1,3
6920,0xc2a27b,1.000000,12,True,0,0
6921,0x922af2,0.000000,11,False,1,3
6922,0x49f82,0.666667,9,False,1,1
6923,0x464c05,1.000000,8,True,0,0
6924,0x718e30,0.333333,10,False,2,2
6925,0xf7b042,1.000000,12,True,0,0
6926,0x22be4b,1.000000,12,True,0,0
6927,0x9b0490,1.000000,8,True,0,0
6928,0x4e03c3,0.333333,10,False,2,2
6929,0xfca1b1,0.666667,13,False,1,1
6930,0xf5b2c8,0.666667,13,False,1,1
6931,0xeb52bd,0.000000,15,False,1,3
6932,0x2dab9,0.000000,11,False,1,3
6933,0x3177d3,0.333333,14,False,2,2
6934,0xdb9d3d,1.000000,16,True,0,0
6935,0x5a69ef,0.000000,15,False,1,3
6936,0x30c94b,0.333333,10,False,2,2
6937,0x5f027b,0.666667,13,False,1,1
6938,0xa02383,1.000000,8,True,0,0
6939,0x4a0714,1.000000,8,True,0,0
6940,0xcf8b2e,0.333333,14,False,2,2
6941,0x2da8bb,0.666667,13,False,1,1
6942,0x1b44d1,0.333333,10,False,2,2
6943,0x857c39,1.000000,12,True,0,0
6944,0x838672,0.333333,10,False,2,2
6945,0xf1ceb2,0.333333,14,False,2,2
6946,0x20adfd,0.666667,13,False,1,1
6947,0x6969a2,0.000000,11,False,1,3
6948,0x2dab83,1.000000,12,True,0,0
6949,0xdc734f,0.000000,15,False,1,3
6950,0x489e39,0.000000,11,False,1,3
6951,0x7f1714,0.666667,13,False,1,1
6952,0xb6606b,1.000000,12,True,0,0
6953,0x31d308,0.666667,9,False,1,1
6954,0xf35109,0.000000,11,False,1,3
6955,0x707fc3,0.333333,14,False,2,2
6956,0xe295c7,0.666667,13,False,1,1
6957,0x51afe0,1.000000,12,True,0,0
6958,0x971795,0.666667,13,False,1,1
6959,0x5b5277,0.333333,14,False,2,2
6960,0x8fce84,1.000000,12,True,0,0
6961,0x6047fa,1.000000,12,True,0,0
6962,0xfb134f,0.000000,15,False,1,3
6963,0x2d946,0.666667,9,False,1,1
6964,0xbe1d4c,0.666667,13,False,1,1
6965,0xe9775e,1.000000,16,True,0,0
6966,0xa0be39,1.000000,12,True,0,0
6967,0xeacb95,0.333333,14,False,2,2
6968,0x6c54f5,0.666667,13,False,1,1
6969,0x57f8f,0.333333,14,False,2,2
6970,0x6ffac9,1.000000,16,True,0,0
6971,0x80d334,0.666667,9,False,1,1
6972,0x36590d,0.000000,11,False,1,3
6973,0x7782aa,1.000000,12,True,0,0
6974,0xece06f,0.333333,14,False,2,2
6975,0xa9454f,1.000000,12,True,0,0
6976,0xd62dc0,0.000000,11,False,1,3
6977,0x4802ab,1.000000,8,True,0,0
6978,0x528318,1.000000,8,True,0,0
6979,0x851f80,0.666667,9,False,1,1
6980,0xbe4fb5,1.000000,16,True,0,0
6981,0x8b1fb0,1.000000,12,True,0,0
6982,0x7c1576,0.666667,13,False,1,1
6983,0x43ff94,0.333333,14,False,2,2
6984,0xb7ed2c,0.000000,15,False,1,3
6985,0x8c4754,0.333333,10,False,2,2
6986,0x180d98,1.000000,8,True,0,0
6987,0xaaa364,0.000000,11,False,1,3
6988,0xac404c,1.000000,8,True,0,0
6989,0xee0ca,0.333333,10,False,2,2
6990,0x73646d,0.666667,13,False,1,1
6991,0x93af59,0.333333,14,False,2,2
6992,0x63a35e,0.666667,13,False,1,1
6993,0xd5edc8,0.333333,14,False,2,2
6994,0x53d587,0.666667,13,False,1,1
6995,0xda047c,0.000000,11,False,1,3
6996,0xa3ef52,0.333333,14,False,2,2
6997,0xa70563,0.000000,11,False,1,3
6998,0x8418d2,1.000000,8,True,0,0
6999,0xe59a68,1.000000,12,True,0,0
7000,0x5a70e9,1.000000,12,True,0,0
7001,0x91f7ca,0.333333,14,False,2,2
7002,0x1478e7,1.000000,12,True,0,0
7003,0x614bd4,0.000000,11,False,1,3
7004,0x597a50,0.000000,11,False,1,3
7005,0x4e34d5,1.000000,12,True,0,0
7006,0x90a64b,0.333333,10,False,2,2
7007,0xada64b,0.666667,13,False,1,1
7008,0x1453dc,0.000000,11,False,1,3
7009,0x32bfc7,0.000000,15,False,1,3
7010,0x37aca5,0.666667,13,False,1,1
7011,0xf3510b,1.000000,12,True,0,0
7012,0xa9013f,0.000000,11,False,1,3
7013,0x537ff0,0.000000,15,False,1,3
7014,0x3adeb2,0.333333,14,False,2,2
7015,0xaccc02,0.666667,9,False,1,1
7016,0x96f2b4,0.666667,13,False,1,1
7017,0xd96fc3,0.000000,15,False,1,3
7018,0x17cdcc,0.666667,13,False,1,1
7019,0xc3e02f,1.000000,12,True,0,0
7020,0xce49e0,0.000000,11,False,1,3
7021,0x6d51c5,1.000000,12,True,0,0
7022,0x5bf7c7,0.666667,17,False,1,1
7023,0xe70ab6,0.666667,13,False,1,1
7024,0xfbe9fe,0.000000,19,False,3,3
7025,0x86b9a2,0.000000,11,False,1,3
7026,0x820985,0.000000,7,False,1,3
7027,0x8fecc8,0.666667,13,False,1,1
7028,0xf5bea2,0.000000,15,False,1,3
7029,0x52fcce,0.333333,14,False,2,2
7030,0x9bcd36,0.333333,14,False,2,2
7031,0x8d5d1b,0.666667,13,False,1,1
7032,0x406429,0.000000,7,False,1,3
7033,0xf2d419,1.000000,12,True,0,0
7034,0xc5a566,1.000000,12,True,0,0
7035,0xda98f1,0.666667,13,False,1,1
7036,0x5fd880,0.000000,11,False,1,3
7037,0x5fcdfa,0.666667,17,False,1,1
7038,0x5eb942,1.000000,12,True,0,0
7039,0x61fb26,0.666667,13,False,1,1
7040,0xe92dcf,0.000000,15,False,1,3
7041,0xfcc316,0.666667,13,False,1,1
7042,0x643b44,0.333333,10,False,2,2
7043,0x764847,0.000000,11,False,1,3
7044,0xa96346,0.000000,11,False,1,3
7045,0x370380,1.000000,8,True,0,0
7046,0xd66772,0.333333,14,False,2,2
7047,0xa0220a,0.333333,6,False,2,2
7048,0x199e1b,1.000000,12,True,0,0
7049,0xb272ed,0.333333,14,False,2,2
7050,0x51e9a,0.333333,10,False,2,2
7051,0x2b322,1.000000,8,True,0,0
7052,0xa1ab64,0.000000,11,False,1,3
7053,0x55633,0.333333,10,False,2,2
7054,0xa17995,1.000000,12,True,0,0
7055,0x3b8ef8,0.333333,14,False,2,2
7056,0xff259b,1.000000,16,True,0,0
7057,0xcf37d7,0.666667,17,False,1,1
7058,0x5dd44e,0.666667,13,False,1,1
7059,0x7060aa,0.666667,9,False,1,1
7060,0xc5ac7c,0.666667,13,False,1,1
7061,0x78c188,0.666667,9,False,1,1
7062,0xe7de27,1.000000,16,True,0,0
7063,0x21958b,0.333333,10,False,2,2
7064,0xebc982,1.000000,12,True,0,0
7065,0xbc0e27,1.000000,12,True,0,0
7066,0x414e93,0.333333,10,False,2,2
7067,0xa65ca,0.333333,10,False,2,2
7068,0x739af4,0.333333,14,False,2,2
7069,0xfa9d90,0.666667,13,False,1,1
7070,0x1a9ad0,0.333333,10,False,2,2
7071,0xbca3ed,0.000000,15,False,1,3
7072,0x28fad2,1.000000,12,True,0,0
7073,0x41c9e0,0.666667,9,False,1,1
7074,0x41b6db,0.666667,13,False,1,1
7075,0x8795a8,0.000000,11,False,1,3
7076,0xe1b5e1,0.666667,13,False,1,1
7077,0x391a18,0.666667,9,False,1,1
7078,0x6767e7,1.000000,16,True,0,0
7079,0x9ca388,0.333333,10,False,2,2
7080,0xc691c8,0.333333,10,False,2,2
7081,0xda8f77,1.000000,16,True,0,0
7082,0x888832,0.000000,7,False,1,3
7083,0x8d1c35,0.000000,11,False,1,3
7084,0xf19638,1.000000,12,True,0,0
7085,0x1cfd24,1.000000,12,True,0,0
7086,0xf38261,0.000000,11,False,1,3
7087,0x44e94f,1.000000,12,True,0,0
7088,0x1d0ab5,0.000000,11,False,1,3
7089,0x4035a8,1.000000,8,True,0,0
7090,0x52dcd,0.000000,11,False,1,3
7091,0x8efcb9,0.000000,15,False,1,3
7092,0x4e1706,0.333333,10,False,2,2
7093,0x34e5bd,0.333333,14,False,2,2
7094,0x79c489,0.000000,11,False,1,3
7095,0xf0478b,1.000000,12,True,0,0
7096,0x98000a,0.666667,5,False,3,1
7097,0x6d2918,0.333333,10,False,2,2
7098,0x516fb4,0.666667,13,False,1,1
7099,0x39f72a,0.333333,14,False,2,2
7100,0x851472,0.666667,9,False,1,1
7101,0x61fe76,0.000000,15,False,1,3
7102,0xb13357,0.666667,13,False,1,1
7103,0x4079f6,1.000000,12,True,0,0
7104,0x533831,0.333333,10,False,2,2
7105,0x2a121c,1.000000,8,True,0,0
7106,0x12ede4,1.000000,12,True,0,0
7107,0x40f1db,1.000000,12,True,0,0
7108,0x23269a,0.333333,10,False,2,2
7109,0xd07369,1.000000,12,True,0,0
7110,0x2b33f7,0.000000,15,False,1,3
7111,0x46f82e,1.000000,12,True,0,0
7112,0xeb16f5,0.000000,15,False,1,3
7113,0x9aa310,0.666667,9,False,1,1
7114,0x5497ad,0.666667,13,False,1,1
7115,0x3dd482,0.000000,11,False,1,3
7116,0x161b34,0.333333,10,False,2,2
7117,0x1ac8e2,0.333333,10,False,2,2
7118,0x6a1706,0.333333,10,False,2,2
7119,0xdf51ff,0.333333,18,False,2,2
7120,0x7d87b3,0.000000,15,False,1,3
7121,0xc3efd1,0.000000,15,False,1,3
7122,0x64efe7,1.000000,16,True,0,0
7123,0x37d82e,0.666667,13,False,1,1
7124,0x527e90,0.000000,11,False,1,3
7125,0x62d607,0.000000,11,False,1,3
7126,0x23b295,0.000000,11,False,1,3
7127,0x42bce7,0.666667,13,False,1,1
7128,0x3969b2,1.000000,12,True,0,0
7129,0xf70fd6,1.000000,16,True,0,0
7130,0xdf41c0,0.000000,11,False,1,3
7131,0x9f5869,0.666667,13,False,1,1
7132,0xa3c31c,0.000000,11,False,1,3
7133,0x82fbf8,0.333333,14,False,2,2
7134,0xa75fee,0.666667,17,False,1,1
7135,0x396377,0.333333,14,False,2,2
7136,0x5541dc,0.000000,11,False,1,3
7137,0x81f2e,0.333333,10,False,2,2
7138,0x9713ef,0.000000,15,False,1,3
7139,0x99069d,0.000000,11,False,1,3
7140,0xfec557,1.000000,16,True,0,0
7141,0x7bb4ad,0.000000,15,False,1,3
7142,0x9634e1,0.000000,11,False,1,3
7143,0xab2c16,0.000000,11,False,1,3
7144,0xa1c3bb,0.666667,13,False,1,1
7145,0x86c1e3,0.000000,11,False,1,3
7146,0xbfbaa1,0.000000,15,False,1,3
7147,0x324873,0.333333,10,False,2,2
7148,0x610ecc,0.333333,10,False,2,2
7149,0xb64a84,0.333333,10,False,2,2
7150,0x863884,1.000000,8,True,0,0
7151,0xf1dc0b,0.666667,13,False,1,1
7152,0x9ff519,0.000000,15,False,1,3
7153,0x227b3b,0.666667,13,False,1,1
7154,0xf79e67,0.666667,17,False,1,1
7155,0xf7e2f0,0.000000,15,False,1,3
7156,0x8b7cc7,0.333333,14,False,2,2
7157,0x8b4919,0.333333,10,False,2,2
7158,0x4f3380,0.333333,10,False,2,2
7159,0x97bdf3,0.666667,17,False,1,1
7160,0x4b6076,0.000000,11,False,1,3
7161,0x45f213,0.000000,11,False,1,3
7162,0x75bc1c,0.666667,13,False,1,1
7163,0xf4d666,0.333333,14,False,2,2
7164,0x8d827c,0.000000,11,False,1,3
7165,0xd20fe4,1.000000,12,True,0,0
7166,0xa5badf,1.000000,16,True,0,0
7167,0x555a94,0.000000,11,False,1,3
7168,0x1cfa5e,0.333333,14,False,2,2
7169,0xbcff4b,0.666667,17,False,1,1
7170,0x91d44d,0.000000,11,False,1,3
7171,0x47292,1.000000,8,True,0,0
7172,0xc712e4,0.000000,11,False,1,3
7173,0x63854a,0.333333,10,False,2,2
7174,0xc627fb,0.000000,15,False,1,3
7175,0x897a32,0.000000,11,False,1,3
7176,0xbf3415,0.666667,13,False,1,1
7177,0x798d4a,1.000000,12,True,0,0
7178,0xe36f0d,0.333333,14,False,2,2
7179,0xd214a7,0.000000,11,False,1,3
7180,0x989e0a,0.333333,10,False,2,2
7181,0x5ce639,0.666667,13,False,1,1
7182,0x9176fb,0.000000,15,False,1,3
7183,0x648a,0.333333,6,False,2,2
7184,0xe2ffa0,0.333333,14,False,2,2
7185,0x89ccdb,0.666667,13,False,1,1
7186,0x1eff02,0.666667,13,False,1,1
7187,0x14ed4b,1.000000,12,True,0,0
7188,0x7a7635,0.333333,14,False,2,2
7189,0xa58d27,1.000000,12,True,0,0
7190,0xe8bd8a,0.666667,13,False,1,1
7191,0xe98286,0.333333,10,False,2,2
7192,0x924e5f,0.666667,13,False,1,1
7193,0xfbd130,0.666667,13,False,1,1
7194,0xfdcdcf,0.333333,18,False,2,2
7195,0x1f88d4,0.000000,11,False,1,3
7196,0x6ebbec,1.000000,16,True,0,0
7197,0x950bda,1.000000,12,True,0,0
7198,0x220a41,0.333333,6,False,2,2
7199,0xbcfee1,1.000000,16,True,0,0
7200,0xd66ae9,0.333333,14,False,2,2
7201,0x8460d3,0.666667,9,False,1,1
7202,0xcd15c3,1.000000,12,True,0,0
7203,0x4d843f,1.000000,12,True,0,0
7204,0x71053f,1.000000,12,True,0,0
7205,0xf29980,0.333333,10,False,2,2
7206,0x2965a2,0.333333,10,False,2,2
7207,0x6d4f2b,0.333333,14,False,2,2
7208,0x6165d4,0.000000,11,False,1,3
7209,0xdbc73b,1.000000,16,True,0,0
7210,0xa5c70c,0.000000,11,False,1,3
7211,0x63264e,0.000000,11,False,1,3
7212,0x28339d,0.000000,11,False,1,3
7213,0x6870ed,1.000000,12,True,0,0
7214,0xe16110,1.000000,8,True,0,0
7215,0x133695,0.000000,11,False,1,3
7216,0x692ac9,0.000000,11,False,1,3
7217,0x823c99,0.333333,10,False,2,2
7218,0xc7255a,1.000000,12,True,0,0
7219,0x5f3525,0.666667,13,False,1,1
7220,0xb790ba,0.666667,13,False,1,1
7221,0x7ad2d,1.000000,12,True,0,0
7222,0x8b7e66,0.333333,14,False,2,2
7223,0x87b4a4,0.000000,11,False,1,3
7224,0x6192f,0.333333,10,False,2,2
7225,0x7f0728,1.000000,12,True,0,0
7226,0x3251ee,1.000000,12,True,0,0
7227,0x513041,0.000000,7,False,1,3
7228,0xf263d9,0.333333,14,False,2,2
7229,0x27f8f6,0.000000,15,False,1,3
7230,0xc57030,0.666667,9,False,1,1
7231,0x5f4ab8,0.666667,13,False,1,1
7232,0x20b885,1.000000,8,True,0,0
7233,0x9e7364,0.666667,13,False,1,1
7234,0x2811d8,1.000000,8,True,0,0
7235,0xf7f3b5,0.333333,18,False,2,2
7236,0xf8ff16,1.000000,16,True,0,0
7237,0x6ffa8b,1.000000,16,True,0,0
7238,0x5a0efa,0.666667,13,False,1,1
7239,0xacead5,0.333333,14,False,2,2
7240,0xb87274,1.000000,12,True,0,0
7241,0xd098e3,0.000000,11,False,1,3
7242,0xbae88e,0.666667,13,False,1,1
7243,0xd61655,1.000000,12,True,0,0
7244,0xc014d2,1.000000,8,True,0,0
7245,0x1e3715,1.000000,12,True,0,0
7246,0x19e3f8,0.666667,13,False,1,1
7247,0xc8b7c8,1.000000,12,True,0,0
7248,0x781150,1.000000,8,True,0,0
7249,0x939962,0.000000,11,False,1,3
7250,0xf2eba1,0.333333,14,False,2,2
7251,0x2f9317,0.666667,13,False,1,1
7252,0xb4f66f,1.000000,16,True,0,0
7253,0xa72345,0.000000,11,False,1,3
7254,0xa91522,0.666667,9,False,1,1
7255,0xbc022e,0.333333,10,False,2,2
7256,0xe8330f,1.000000,12,True,0,0
7257,0xce0426,0.666667,9,False,1,1
7258,0xa3f90c,1.000000,12,True,0,0
7259,0x54c124,1.000000,8,True,0,0
7260,0x84cfe5,0.666667,13,False,1,1
7261,0xece464,1.000000,12,True,0,0
7262,0x5d6e36,0.333333,14,False,2,2
7263,0x78e7ea,0.000000,15,False,1,3
7264,0x4e3f14,1.000000,12,True,0,0
7265,0x4a7a60,0.333333,10,False,2,2
7266,0x2eab80,0.333333,10,False,2,2
7267,0x41175c,0.333333,10,False,2,2
7268,0xc7fcfd,0.333333,18,False,2,2
7269,0x5a3990,0.333333,10,False,2,2
7270,0x17a56e,0.666667,13,False,1,1
7271,0x6bbc49,0.666667,13,False,1,1
7272,0xbc3c75,0.333333,14,False,2,2
7273,0xf4470f,0.666667,13,False,1,1
7274,0x9a2413,0.666667,9,False,1,1
7275,0x37d426,1.000000,12,True,0,0
7276,0x9331ce,1.000000,12,True,0,0
7277,0xcb874e,0.666667,13,False,1,1
7278,0x34e73d,0.333333,14,False,2,2
7279,0xcf5348,1.000000,12,True,0,0
7280,0xfc117a,0.666667,13,False,1,1
7281,0x1e1e0a,0.333333,10,False,2,2
7282,0x7aecde,1.000000,16,True,0,0
7283,0x907c2,1.000000,8,True,0,0
7284,0xdbb852,0.666667,13,False,1,1
7285,0x39d87d,0.333333,14,False,2,2
7286,0x53c049,0.666667,9,False,1,1
7287,0x9c494d,0.000000,11,False,1,3
7288,0x5081a,0.333333,6,False,2,2
7289,0x3ed9cf,1.000000,16,True,0,0
7290,0x7e10cd,1.000000,12,True,0,0
7291,0xba771f,1.000000,16,True,0,0
7292,0x157b9f,0.000000,15,False,1,3
7293,0x95d343,1.000000,12,True,0,0
7294,0xde257c,0.333333,14,False,2,2
7295,0xcd3488,0.333333,10,False,2,2
7296,0x837b64,1.000000,12,True,0,0
7297,0x95e15a,1.000000,12,True,0,0
7298,0x888dc1,0.666667,9,False,1,1
7299,0xb6260a,0.333333,10,False,2,2
7300,0xc2dad1,1.000000,12,True,0,0
7301,0xfbf242,0.333333,14,False,2,2
7302,0xaa77c3,0.333333,14,False,2,2
7303,0x6d241,1.000000,8,True,0,0
7304,0xa06e16,0.333333,10,False,2,2
7305,0x2a3bcd,0.666667,13,False,1,1
7306,0x440a18,0.333333,6,False,2,2
7307,0xde21d,0.000000,11,False,1,3
7308,0xa35dd9,0.333333,14,False,2,2
7309,0x99810c,1.000000,8,True,0,0
7310,0x8db7f0,0.333333,14,False,2,2
7311,0xd3ff60,0.000000,15,False,1,3
7312,0x99bb1b,0.333333,14,False,2,2
7313,0x84563d,0.000000,11,False,1,3
7314,0x6a7f36,0.000000,15,False,1,3
7315,0x3d5013,0.333333,10,False,2,2
7316,0x61207b,0.333333,10,False,2,2
7317,0x34cee8,1.000000,12,True,0,0
7318,0x156ced,0.666667,13,False,1,1
7319,0x4d14fd,0.666667,13,False,1,1
7320,0x97c64a,1.000000,12,True,0,0
7321,0xf70178,1.000000,12,True,0,0
7322,0x91395b,1.000000,12,True,0,0
7323,0x62d962,0.000000,11,False,1,3
7324,0x69fd23,0.333333,14,False,2,2
7325,0x541feb,0.333333,14,False,2,2
7326,0x1ada68,0.000000,11,False,1,3
7327,0xf3d658,0.333333,14,False,2,2
7328,0x148040,1.000000,4,False,4,0
7329,0xac9490,0.666667,9,False,1,1
7330,0x399ff0,0.333333,14,False,2,2
7331,0xf91159,1.000000,12,True,0,0
7332,0x39902c,0.666667,9,False,1,1
7333,0x32c9e1,0.000000,11,False,1,3
7334,0x5914a8,0.666667,9,False,1,1
7335,0x8107fd,1.000000,12,True,0,0
7336,0x150fc8,0.333333,10,False,2,2
7337,0xc34e21,0.333333,10,False,2,2
7338,0xec79a1,0.666667,13,False,1,1
7339,0x9209d3,0.333333,10,False,2,2
7340,0x47d9e9,0.333333,14,False,2,2
7341,0x975e9b,0.000000,15,False,1,3
7342,0x513990,0.666667,9,False,1,1
7343,0xfbfea0,1.000000,16,True,0,0
7344,0x2f610e,0.000000,11,False,1,3
7345,0x5fc436,0.666667,13,False,1,1
7346,0xbb137d,0.000000,15,False,1,3
7347,0x3cf956,0.333333,14,False,2,2
7348,0x561e8b,1.000000,12,True,0,0
7349,0xf17688,1.000000,12,True,0,0
7350,0x2156bd,1.000000,12,True,0,0
7351,0x176fee,1.000000,16,True,0,0
7352,0x6a7194,0.000000,11,False,1,3
7353,0x3b3405,0.333333,10,False,2,2
7354,0x8cb66d,0.666667,13,False,1,1
7355,0xceb190,0.000000,11,False,1,3
7356,0x83038b,0.666667,9,False,1,1
7357,0x7d1a4f,0.333333,14,False,2,2
7358,0x326a0,0.000000,7,False,1,3
7359,0xd30a2b,0.000000,11,False,1,3
7360,0x2c7b9e,0.333333,14,False,2,2
7361,0x2d3b8a,1.000000,12,True,0,0
7362,0x923328,0.666667,9,False,1,1
7363,0xdbdc30,0.666667,13,False,1,1
7364,0xaf0eaa,0.666667,13,False,1,1
7365,0xdd222f,0.666667,13,False,1,1
7366,0xab937b,0.000000,15,False,1,3
7367,0xcc681c,0.333333,10,False,2,2
7368,0x141030,0.666667,5,False,3,1
7369,0x80c5e8,0.666667,9,False,1,1
7370,0x59536e,0.666667,13,False,1,1
7371,0x799f03,0.666667,13,False,1,1
7372,0x1d6303,0.333333,10,False,2,2
7373,0x1ebe47,0.333333,14,False,2,2
7374,0x13bc59,1.000000,12,True,0,0
7375,0x2864fc,0.000000,11,False,1,3
7376,0xee33a9,0.333333,14,False,2,2
7377,0x6139b1,0.000000,11,False,1,3
7378,0xc2a45b,0.000000,11,False,1,3
7379,0xc34b3,0.333333,10,False,2,2
7380,0xfca0b0,0.000000,11,False,1,3
7381,0x194332,0.666667,9,False,1,1
7382,0xec668b,0.666667,13,False,1,1
7383,0x3bf088,0.000000,11,False,1,3
7384,0x9025b9,0.333333,10,False,2,2
7385,0x3548fa,1.000000,12,True,0,0
7386,0x9d0cf5,0.666667,13,False,1,1
7387,0x4cb6d4,1.000000,12,True,0,0
7388,0x253a56,0.000000,11,False,1,3
7389,0x810e0d,1.000000,8,True,0,0
7390,0xe93a9,0.000000,11,False,1,3
7391,0x620d7d,1.000000,12,True,0,0
7392,0xc83415,0.666667,9,False,1,1
7393,0x202f7c,0.000000,11,False,1,3
7394,0xa85914,0.666667,9,False,1,1
7395,0x343737,0.666667,13,False,1,1
7396,0x7a9b8d,0.333333,14,False,2,2
7397,0x79c492,0.000000,11,False,1,3
7398,0x64313e,0.000000,11,False,1,3
7399,0x2c8f40,0.666667,9,False,1,1
7400,0x22a8cb,0.333333,10,False,2,2
7401,0xb6574c,0.666667,13,False,1,1
7402,0xaf572d,0.000000,15,False,1,3
7403,0xd67950,1.000000,12,True,0,0
7404,0x4d5757,0.333333,14,False,2,2
7405,0x98f523,1.000000,12,True,0,0
7406,0x33c3b0,0.000000,11,False,1,3
7407,0xd325,1.000000,8,True,0,0
7408,0x8f4eb7,0.000000,15,False,1,3
7409,0xea784c,1.000000,12,True,0,0
7410,0xce4135,0.000000,11,False,1,3
7411,0xdd7863,0.333333,14,False,2,2
7412,0x49528d,0.333333,10,False,2,2
7413,0xca7984,0.000000,11,False,1,3
7414,0x21c0f9,0.333333,10,False,2,2
7415,0xcd4371,1.000000,12,True,0,0
7416,0x9fae1f,1.000000,16,True,0,0
7417,0x744aa0,0.666667,9,False,1,1
7418,0x10697a,0.333333,10,False,2,2
7419,0x2befd1,0.000000,15,False,1,3
7420,0x6bdc98,0.666667,13,False,1,1
7421,0xcfe28b,0.333333,14,False,2,2
7422,0x442838,0.000000,7,False,1,3
7423,0x956315,0.000000,11,False,1,3
7424,0xb84a4a,0.333333,10,False,2,2
7425,0x152c61,0.666667,9,False,1,1
7426,0x254425,1.000000,8,True,0,0
7427,0x539190,0.666667,9,False,1,1
7428,0x6a69e8,1.000000,12,True,0,0
7429,0x8ce86d,1.000000,12,True,0,0
7430,0x1ee75f,1.000000,16,True,0,0
7431,0xf1a349,1.000000,12,True,0,0
7432,0x559299,0.000000,11,False,1,3
7433,0x5f42d9,0.666667,13,False,1,1
7434,0xf1160d,0.000000,11,False,1,3
7435,0x234d48,0.666667,9,False,1,1
7436,0xacd4ee,0.333333,14,False,2,2
7437,0x550076,0.666667,9,False,1,1
7438,0x996b7c,0.333333,14,False,2,2
7439,0xad55f1,0.333333,14,False,2,2
7440,0xf73615,0.333333,14,False,2,2
7441,0xb34785,1.000000,12,True,0,0
7442,0xf4ec4,0.000000,11,False,1,3
7443,0xf89926,1.000000,12,True,0,0
7444,0xb3ef43,0.000000,15,False,1,3
7445,0xcf7b18,0.333333,14,False,2,2
7446,0x73fed1,1.000000,16,True,0,0
7447,0x27fd3,0.666667,13,False,1,1
7448,0xc4ec95,1.000000,12,True,0,0
7449,0x79784c,1.000000,12,True,0,0
7450,0x461abe,1.000000,12,True,0,0
7451,0x9e4e75,0.333333,14,False,2,2
7452,0x57e34d,0.333333,14,False,2,2
7453,0x6f919e,0.333333,14,False,2,2
7454,0x3a0af9,1.000000,12,True,0,0
7455,0x7870fd,0.333333,14,False,2,2
7456,0xc86a42,0.666667,9,False,1,1
7457,0x6ae411,0.333333,10,False,2,2
7458,0x63259a,0.000000,11,False,1,3
7459,0xf1f0e4,0.666667,13,False,1,1
7460,0x320342,0.000000,7,False,1,3
7461,0xe09ada,1.000000,12,True,0,0
7462,0xbb886a,1.000000,12,True,0,0
7463,0x5855b9,1.000000,12,True,0,0
7464,0xe0e507,0.000000,11,False,1,3
7465,0xe5a519,1.000000,12,True,0,0
7466,0x877a88,0.000000,11,False,1,3
7467,0x1583c6,0.333333,10,False,2,2
7468,0xd8fa89,0.666667,13,False,1,1
7469,0xa88015,0.000000,7,False,1,3
7470,0x5a5444,0.666667,9,False,1,1
7471,0x49051b,0.666667,9,False,1,1
7472,0x5d6785,0.666667,13,False,1,1
7473,0x529353,0.000000,11,False,1,3
7474,0x968f89,1.000000,12,True,0,0
7475,0x382f89,0.000000,11,False,1,3
7476,0x9d6536,0.666667,13,False,1,1
7477,0xaa115,1.000000,8,True,0,0
7478,0xb9fc91,0.333333,14,False,2,2
7479,0x9b8103,0.666667,9,False,1,1
7480,0xc201e1,1.000000,8,True,0,0
7481,0x7adc93,0.333333,14,False,2,2
7482,0x34e363,1.000000,12,True,0,0
7483,0xb29545,0.000000,11,False,1,3
7484,0xa6958,0.666667,9,False,1,1
7485,0xb35154,0.000000,11,False,1,3
7486,0x50163,0.000000,7,False,1,3
7487,0xf2548e,1.000000,12,True,0,0
7488,0xc97718,1.000000,12,True,0,0
7489,0x4bbc9c,0.666667,13,False,1,1
7490,0x9c9220,1.000000,8,True,0,0
7491,0x8754ed,0.666667,13,False,1,1
7492,0x2a530f,0.000000,11,False,1,3
7493,0x5bf5cb,1.000000,16,True,0,0
7494,0x61ffa6,0.000000,15,False,1,3
7495,0xcebe4a,0.333333,14,False,2,2
7496,0x29d151,0.333333,10,False,2,2
7497,0xc5cee6,0.333333,14,False,2,2
7498,0x6782ba,1.000000,12,True,0,0
7499,0xdc1aba,0.666667,13,False,1,1
7500,0x1e064f,0.000000,11,False,1,3
7501,0x83ea28,0.333333,10,False,2,2
7502,0x85f28,0.666667,9,False,1,1
7503,0x3a2535,0.000000,11,False,1,3
7504,0x69c493,0.000000,11,False,1,3
7505,0x2e361f,0.666667,13,False,1,1
7506,0x730eb5,0.666667,13,False,1,1
7507,0x4aeb1a,1.000000,12,True,0,0
7508,0x6635f1,0.666667,13,False,1,1
7509,0x965bb,1.000000,12,True,0,0
7510,0xfe573b,0.666667,17,False,1,1
7511,0xc0bbd2,1.000000,12,True,0,0
7512,0xe2a862,0.333333,10,False,2,2
7513,0xf83ba8,0.666667,13,False,1,1
7514,0xd59ca6,0.666667,13,False,1,1
7515,0x8f3ccf,0.000000,15,False,1,3
7516,0x795236,1.000000,12,True,0,0
7517,0xb892ce,1.000000,12,True,0,0
7518,0x8f5f32,0.333333,14,False,2,2
7519,0xfb3ddf,0.000000,19,False,3,3
7520,0x46faaf,0.000000,15,False,1,3
7521,0xe7f175,1.000000,16,True,0,0
7522,0x27dad9,0.333333,14,False,2,2
7523,0x11ea9a,0.000000,11,False,1,3
7524,0x481a4d,0.666667,9,False,1,1
7525,0x6f1b46,0.666667,13,False,1,1
7526,0x9dbe53,0.000000,15,False,1,3
7527,0x1ca2a3,0.333333,10,False,2,2
7528,0x6d8a48,0.333333,10,False,2,2
7529,0x2d790d,1.000000,12,True,0,0
7530,0x60dbee,0.333333,14,False,2,2
7531,0x62bcb6,0.666667,13,False,1,1
7532,0x6417fb,0.333333,14,False,2,2
7533,0x257fc5,0.333333,14,False,2,2
7534,0x722737,0.666667,13,False,1,1
7535,0xc0cbc,0.666667,9,False,1,1
7536,0x915995,0.000000,11,False,1,3
7537,0x7df2ca,0.000000,15,False,1,3
7538,0x24c03d,0.666667,9,False,1,1
7539,0x8e3bac,0.666667,13,False,1,1
7540,0x568bdc,0.666667,13,False,1,1
7541,0x649416,0.666667,9,False,1,1
7542,0x655ad4,1.000000,12,True,0,0
7543,0xfc3310,0.000000,11,False,1,3
7544,0x7affb9,0.333333,18,False,2,2
7545,0xcd9702,0.000000,11,False,1,3
7546,0x8ca612,0.666667,9,False,1,1
7547,0xfac950,1.000000,12,True,0,0
7548,0x61cd81,0.333333,10,False,2,2
7549,0xbd1551,1.000000,12,True,0,0
7550,0x6a2765,1.000000,12,True,0,0
7551,0xef5a97,1.000000,16,True,0,0
7552,0xa598e3,1.000000,12,True,0,0
7553,0x260661,1.000000,8,True,0,0
7554,0x7c6f55,0.000000,15,False,1,3
7555,0xf39316,0.666667,13,False,1,1
7556,0x37380f,1.000000,12,True,0,0
7557,0x162410,0.333333,6,False,2,2
7558,0xcd5c4e,0.666667,13,False,1,1
7559,0xb83d34,1.000000,12,True,0,0
7560,0x18e4e4,0.333333,10,False,2,2
7561,0xc6c527,1.000000,12,True,0,0
7562,0x9ebce6,0.000000,15,False,1,3
7563,0x944bbf,0.333333,14,False,2,2
7564,0x6808d1,1.000000,8,True,0,0
7565,0xed5438,1.000000,12,True,0,0
7566,0x8ced17,0.666667,13,False,1,1
7567,0xf6d8b5,0.000000,15,False,1,3
7568,0x61e837,1.000000,12,True,0,0
7569,0x135772,1.000000,12,True,0,0
7570,0xccfbbe,0.666667,17,False,1,1
7571,0xb19976,0.666667,13,False,1,1
7572,0x758a8b,1.000000,12,True,0,0
7573,0xed9d5f,0.666667,17,False,1,1
7574,0x1edd4d,0.333333,14,False,2,2
7575,0x4080e,0.666667,5,False,3,1
7576,0x32d128,0.666667,9,False,1,1
7577,0x8c6cc1,0.333333,10,False,2,2
7578,0x484b99,0.333333,10,False,2,2
7579,0x5ff46d,1.000000,16,True,0,0
7580,0x1a310a,1.000000,8,True,0,0
7581,0x4f81f9,0.666667,13,False,1,1
7582,0x67edfa,0.666667,17,False,1,1
7583,0x228409,0.333333,6,False,2,2
7584,0x65b80a,0.333333,10,False,2,2
7585,0x96ca98,0.000000,11,False,1,3
7586,0x515626,0.333333,10,False,2,2
7587,0x7d83db,0.000000,15,False,1,3
7588,0xb54f0,0.333333,10,False,2,2
7589,0xd7942f,0.333333,14,False,2,2
7590,0x498712,0.666667,9,False,1,1
7591,0xbbcd0e,0.333333,14,False,2,2
7592,0x4e5104,1.000000,8,True,0,0
7593,0xf6786d,0.000000,15,False,1,3
7594,0xcaab85,1.000000,12,True,0,0
7595,0x1f29b5,0.666667,13,False,1,1
7596,0xde78e9,0.000000,15,False,1,3
7597,0x75e836,0.666667,13,False,1,1
7598,0xd1fff4,0.666667,17,False,1,1
7599,0x3301a3,0.666667,9,False,1,1
7600,0xb46fe7,1.000000,16,True,0,0
7601,0xa611f,0.333333,10,False,2,2
7602,0xd4cfc6,0.333333,14,False,2,2
7603,0xbbe531,0.333333,14,False,2,2
7604,0x7cce1,0.000000,11,False,1,3
7605,0xc90508,0.000000,7,False,1,3
7606,0x1b0970,0.666667,9,False,1,1
7607,0x9e8061,0.666667,9,False,1,1
7608,0x19d6cd,0.666667,13,False,1,1
7609,0xd5ef33,1.000000,16,True,0,0
7610,0xaaca9c,1.000000,12,True,0,0
7611,0x19597b,0.666667,13,False,1,1
7612,0x825840,0.333333,6,False,2,2
7613,0xc38069,0.666667,9,False,1,1
7614,0xb80484,0.000000,7,False,1,3
7615,0x20a6ca,0.666667,9,False,1,1
7616,0x881c13,1.000000,8,True,0,0
7617,0xb790e0,0.000000,11,False,1,3
7618,0x1138ad,0.333333,10,False,2,2
7619,0x8ff98b,0.000000,15,False,1,3
7620,0x3b9093,0.000000,11,False,1,3
7621,0xfe93c0,0.666667,13,False,1,1
7622,0xd45371,1.000000,12,True,0,0
7623,0xffaa74,1.000000,16,True,0,0
7624,0x89446f,0.000000,11,False,1,3
7625,0xc10189,0.000000,7,False,1,3
7626,0xee0941,0.333333,10,False,2,2
7627,0x6be77a,1.000000,16,True,0,0
7628,0xac8c83,0.333333,10,False,2,2
7629,0x78bb58,0.666667,13,False,1,1
7630,0x2fe74f,1.000000,16,True,0,0
7631,0xe78f21,0.666667,13,False,1,1
7632,0x6bc974,0.666667,13,False,1,1
7633,0x80d752,0.333333,10,False,2,2
7634,0xc867ed,0.333333,14,False,2,2
7635,0x44b992,0.333333,10,False,2,2
7636,0xbd9d11,0.666667,13,False,1,1
7637,0xcd06e6,1.000000,12,True,0,0
7638,0xcd8982,0.333333,10,False,2,2
7639,0x60e4a6,0.333333,10,False,2,2
7640,0xe04cb7,1.000000,12,True,0,0
7641,0xfa1d94,0.666667,13,False,1,1
7642,0xd64847,0.000000,11,False,1,3
7643,0x8929d5,0.000000,11,False,1,3
7644,0xbc8dd1,0.666667,13,False,1,1
7645,0xa40738,0.666667,9,False,1,1
7646,0xf1456b,0.666667,13,False,1,1
7647,0x70bca8,0.000000,11,False,1,3
7648,0x3b69f5,0.000000,15,False,1,3
7649,0x56496e,1.000000,12,True,0,0
7650,0x296a01,1.000000,8,True,0,0
7651,0xb752c2,1.000000,12,True,0,0
7652,0xd9f117,0.333333,14,False,2,2
7653,0x4e4b86,0.000000,11,False,1,3
7654,0x107f01,0.666667,9,False,1,1
7655,0x2fb208,0.333333,10,False,2,2
7656,0x1e0eca,0.000000,11,False,1,3
7657,0xe1b7a9,0.333333,14,False,2,2
7658,0xaee6bb,1.000000,16,True,0,0
7659,0x48b47b,1.000000,12,True,0,0
7660,0xf0358d,1.000000,12,True,0,0
7661,0x31feda,0.000000,15,False,1,3
7662,0x7d3ff5,0.333333,18,False,2,2
7663,0x99eede,1.000000,16,True,0,0
7664,0xa2824,0.333333,6,False,2,2
7665,0x87d23b,0.666667,13,False,1,1
7666,0xb08be9,1.000000,12,True,0,0
7667,0xe5916e,0.666667,13,False,1,1
7668,0xea3f70,0.333333,14,False,2,2
7669,0x8647f7,0.333333,14,False,2,2
7670,0xd40b90,0.666667,9,False,1,1
7671,0x55667d,0.333333,14,False,2,2
7672,0xf59feb,0.333333,18,False,2,2
7673,0x6f8b9c,0.333333,14,False,2,2
7674,0x3e111b,0.000000,11,False,1,3
7675,0x4cabba,0.666667,13,False,1,1
7676,0x4fed4a,0.333333,14,False,2,2
7677,0xa267c4,0.000000,11,False,1,3
7678,0xf330cd,0.666667,13,False,1,1
7679,0xe7396b,0.000000,15,False,1,3
7680,0x60faf1,0.666667,13,False,1,1
7681,0x9f4d70,0.666667,13,False,1,1
7682,0x662a17,0.000000,11,False,1,3
7683,0x50ec18,0.666667,9,False,1,1
7684,0x90af4c,0.000000,11,False,1,3
7685,0x927fb1,0.333333,14,False,2,2
7686,0x2eeca0,0.000000,11,False,1,3
7687,0x99eaf8,0.333333,14,False,2,2
7688,0xe19805,0.666667,9,False,1,1
7689,0x4b8fd1,0.666667,13,False,1,1
7690,0xdf328a,0.666667,13,False,1,1
7691,0x8d4d2e,1.000000,12,True,0,0
7692,0xd33220,0.666667,9,False,1,1
7693,0xb20630,1.000000,8,True,0,0
7694,0xf5c49f,0.000000,15,False,1,3
7695,0xd40f04,0.666667,9,False,1,1
7696,0xfc66e3,0.000000,15,False,1,3
7697,0x4b5e23,1.000000,12,True,0,0
7698,0x388fca,1.000000,12,True,0,0
7699,0xb16606,0.333333,10,False,2,2
7700,0x3d7df9,0.666667,17,False,1,1
7701,0x738a83,0.000000,11,False,1,3
7702,0xf28556,1.000000,12,True,0,0
7703,0x79527f,0.000000,15,False,1,3
7704,0x325f4b,0.666667,13,False,1,1
7705,0xa45b78,1.000000,12,True,0,0
7706,0x1680ad,0.666667,9,False,1,1
7707,0x39698f,0.666667,13,False,1,1
7708,0xebe069,0.666667,13,False,1,1
7709,0xdf1040,0.666667,9,False,1,1
7710,0xd4227b,1.000000,12,True,0,0
7711,0xc5634e,1.000000,12,True,0,0
7712,0x894cb6,0.000000,11,False,1,3
7713,0xd32bbf,1.000000,16,True,0,0
7714,0xc7bee3,1.000000,16,True,0,0
7715,0xa331a6,0.000000,11,False,1,3
7716,0x35b5af,0.000000,15,False,1,3
7717,0xf7a736,1.000000,16,True,0,0
7718,0xaef309,0.666667,13,False,1,1
7719,0xa6bd0,0.333333,10,False,2,2
7720,0x14ae6b,1.000000,12,True,0,0
7721,0x405f13,0.333333,10,False,2,2
7722,0x9c8baf,0.333333,14,False,2,2
7723,0xa4a6c0,0.666667,9,False,1,1
7724,0xcbd46f,0.000000,15,False,1,3
7725,0x9f3581,1.000000,12,True,0,0
7726,0xfae7fc,0.333333,18,False,2,2
7727,0x7fa4ad,0.000000,15,False,1,3
7728,0xf5d55d,1.000000,16,True,0,0
7729,0xec6d4,0.000000,11,False,1,3
7730,0x98f3c3,0.666667,13,False,1,1
7731,0xe9e006,0.333333,10,False,2,2
7732,0x39b912,0.000000,11,False,1,3
7733,0xb553b9,0.333333,14,False,2,2
7734,0x25bda8,1.000000,12,True,0,0
7735,0x23ec22,0.333333,10,False,2,2
7736,0x1213c,0.000000,7,False,1,3
7737,0x239950,0.666667,9,False,1,1
7738,0x1ea7c2,1.000000,12,True,0,0
7739,0x223b47,0.000000,11,False,1,3
7740,0xe8245b,0.000000,11,False,1,3
7741,0x2337a5,1.000000,12,True,0,0
7742,0x17a190,0.666667,9,False,1,1
7743,0x4e1ee2,1.000000,12,True,0,0
7744,0xd0e66b,0.666667,13,False,1,1
7745,0xa5f727,0.000000,15,False,1,3
7746,0xf06084,1.000000,8,True,0,0
7747,0x42dd20,0.666667,9,False,1,1
7748,0xbb1ef7,0.666667,17,False,1,1
7749,0xf9a989,0.666667,13,False,1,1
7750,0xbd1eb5,0.000000,15,False,1,3
7751,0x2fcb74,0.333333,14,False,2,2
7752,0x21e073,0.333333,10,False,2,2
7753,0xf56aff,0.333333,18,False,2,2
7754,0x10d12f,0.333333,10,False,2,2
7755,0xe90911,0.666667,9,False,1,1
7756,0xc0a4bc,0.333333,10,False,2,2
7757,0xf2d8,0.666667,9,False,1,1
7758,0xfe7514,0.333333,14,False,2,2
7759,0xd19035,0.333333,10,False,2,2
7760,0x62b1b,0.333333,10,False,2,2
7761,0x54dab6,0.666667,13,False,1,1
7762,0xf4c6da,0.333333,14,False,2,2
7763,0xa57d9f,1.000000,16,True,0,0
7764,0xddf56d,0.666667,17,False,1,1
7765,0x94c2e5,0.000000,11,False,1,3
7766,0x5eea09,1.000000,12,True,0,0
7767,0x855bf5,0.333333,14,False,2,2
7768,0xa7e221,0.000000,11,False,1,3
7769,0xa465e2,0.000000,11,False,1,3
7770,0x7c383c,1.000000,12,True,0,0
7771,0x4ee8c2,0.000000,11,False,1,3
7772,0xf13488,0.333333,10,False,2,2
7773,0x78d930,0.000000,11,False,1,3
7774,0xa38102,0.000000,7,False,1,3
7775,0xe53009,0.666667,9,False,1,1
7776,0x3be95a,0.333333,14,False,2,2
7777,0x811f50,0.666667,9,False,1,1
7778,0xcf0180,1.000000,8,True,0,0
7779,0xd8ef66,0.000000,15,False,1,3
7780,0x1c2835,0.666667,9,False,1,1
7781,0xa04dbc,0.000000,11,False,1,3
7782,0x6385bd,0.666667,13,False,1,1
7783,0x7d0b0,0.666667,9,False,1,1
7784,0x9ef868,0.666667,13,False,1,1
7785,0x83daa,0.333333,10,False,2,2
7786,0x79935,0.000000,11,False,1,3
7787,0xacbf51,0.333333,14,False,2,2
7788,0xd172a5,1.000000,12,True,0,0
7789,0x390621,1.000000,8,True,0,0
7790,0x42a084,0.333333,6,False,2,2
7791,0xe12df8,0.666667,13,False,1,1
7792,0xd7c5f6,1.000000,16,True,0,0
7793,0x38628,0.000000,7,False,1,3
7794,0x95c672,1.000000,12,True,0,0
7795,0x800f02,0.333333,6,False,2,2
7796,0xc528c9,0.333333,10,False,2,2
7797,0xefa3f3,0.666667,17,False,1,1
7798,0x7de60a,0.666667,13,False,1,1
7799,0xd9b7c5,0.000000,15,False,1,3
7800,0x528e1f,1.000000,12,True,0,0
7801,0x7ac027,0.000000,11,False,1,3
7802,0x5f9df6,0.666667,17,False,1,1
7803,0x2c1b54,0.333333,10,False,2,2
7804,0x4c58b9,0.000000,11,False,1,3
7805,0x563c94,0.000000,11,False,1,3
7806,0x4ad8b4,0.000000,11,False,1,3
7807,0x33ed2d,0.333333,14,False,2,2
7808,0x2064a,0.333333,6,False,2,2
7809,0x68bc0,1.000000,8,True,0,0
7810,0x317a24,0.333333,10,False,2,2
7811,0xa97ca2,1.000000,12,True,0,0
7812,0x139719,0.000000,11,False,1,3
7813,0xc6d155,1.000000,12,True,0,0
7814,0x7b01e4,0.000000,11,False,1,3
7815,0xfdc62b,0.000000,15,False,1,3
7816,0x3c2f21,0.000000,11,False,1,3
7817,0xfa31f8,0.333333,14,False,2,2
7818,0xa0c5a7,0.000000,11,False,1,3
7819,0xccd960,0.000000,11,False,1,3
7820,0x109e32,0.666667,9,False,1,1
7821,0xb2cbe0,1.000000,12,True,0,0
7822,0xc106fe,1.000000,12,True,0,0
7823,0x80e7f8,1.000000,12,True,0,0
7824,0x2681d9,0.333333,10,False,2,2
7825,0xa2d57a,0.666667,13,False,1,1
7826,0x3510a,0.000000,7,False,1,3
7827,0xe5e199,0.666667,13,False,1,1
7828,0x45255f,1.000000,12,True,0,0
7829,0x9c16f8,1.000000,12,True,0,0
7830,0x751140,1.000000,8,True,0,0
7831,0xeeaec9,0.000000,15,False,1,3
7832,0xfc3bf3,0.666667,17,False,1,1
7833,0xaa172f,0.666667,13,False,1,1
7834,0xe467c9,0.666667,13,False,1,1
7835,0xbf2319,0.666667,13,False,1,1
7836,0x442e74,0.333333,10,False,2,2
7837,0x5df216,0.666667,13,False,1,1
7838,0x135806,1.000000,8,True,0,0
7839,0xd79ccb,0.000000,15,False,1,3
7840,0xc66797,0.333333,14,False,2,2
7841,0x29251a,0.666667,9,False,1,1
7842,0x29860e,0.666667,9,False,1,1
7843,0xd9a051,0.333333,10,False,2,2
7844,0xa1bbf1,0.333333,14,False,2,2
7845,0x10d90e,0.666667,9,False,1,1
7846,0x578981,0.333333,10,False,2,2
7847,0x6dd14b,0.666667,13,False,1,1
7848,0x40735d,0.000000,11,False,1,3
7849,0x806868,0.000000,7,False,1,3
7850,0xe109af,1.000000,12,True,0,0
7851,0x3e7216,1.000000,12,True,0,0
7852,0x23b6e7,0.333333,14,False,2,2
7853,0x2f2a6e,0.666667,13,False,1,1
7854,0xccb9a3,0.666667,13,False,1,1
7855,0x752a40,0.666667,9,False,1,1
7856,0xc7826a,0.000000,11,False,1,3
7857,0xbc2c9a,1.000000,12,True,0,0
7858,0x3d25d1,1.000000,12,True,0,0
7859,0xd1293d,1.000000,12,True,0,0
7860,0x59b73,1.000000,12,True,0,0
7861,0x462640,0.000000,7,False,1,3
7862,0xe6a437,0.666667,13,False,1,1
7863,0x22516e,0.333333,10,False,2,2
7864,0x17d0df,0.333333,14,False,2,2
7865,0x11d43b,0.000000,11,False,1,3
7866,0x1aa9d7,0.666667,13,False,1,1
7867,0x239045,1.000000,8,True,0,0
7868,0xe3879a,0.666667,13,False,1,1
7869,0x1cb990,0.333333,10,False,2,2
7870,0xf374aa,0.333333,14,False,2,2
7871,0xfe25f9,1.000000,16,True,0,0
7872,0xc94705,0.333333,10,False,2,2
7873,0x303364,0.666667,9,False,1,1
7874,0x54ac03,0.666667,9,False,1,1
7875,0xb8f5f4,0.000000,15,False,1,3
7876,0xa9b076,1.000000,12,True,0,0
7877,0xc72190,0.666667,9,False,1,1
7878,0xc6d54a,1.000000,12,True,0,0
7879,0xbddfaf,0.000000,19,False,3,3
7880,0x21a162,1.000000,8,True,0,0
7881,0xfae8f6,1.000000,16,True,0,0
7882,0xcb95a6,0.666667,13,False,1,1
7883,0x3d7121,0.000000,11,False,1,3
7884,0x5beb0d,0.333333,14,False,2,2
7885,0x41f67e,0.333333,14,False,2,2
7886,0x93161d,0.000000,11,False,1,3
7887,0x620f46,0.333333,10,False,2,2
7888,0x43953c,0.000000,11,False,1,3
7889,0xca6759,0.666667,13,False,1,1
7890,0x24c49a,0.666667,9,False,1,1
7891,0x75e114,0.000000,11,False,1,3
7892,0xdb9cc5,0.333333,14,False,2,2
7893,0x519d57,0.666667,13,False,1,1
7894,0x37039f,0.666667,13,False,1,1
7895,0x84b35e,1.000000,12,True,0,0
7896,0x7e6d09,0.666667,13,False,1,1
7897,0x1ee645,1.000000,12,True,0,0
7898,0x41ad6a,0.000000,11,False,1,3
7899,0x577cc1,0.666667,13,False,1,1
7900,0xbe4190,0.333333,10,False,2,2
7901,0x9313d9,1.000000,12,True,0,0
7902,0x9c58d5,1.000000,12,True,0,0
7903,0x64702a,0.666667,9,False,1,1
7904,0x845149,1.000000,8,True,0,0
7905,0xecbd03,0.666667,13,False,1,1
7906,0x1d6170,0.333333,10,False,2,2
7907,0x99f666,0.333333,14,False,2,2
7908,0xed319a,0.666667,13,False,1,1
7909,0x9bc982,0.000000,11,False,1,3
7910,0xfdb421,0.666667,13,False,1,1
7911,0x38f6ea,0.333333,14,False,2,2
7912,0x988da9,0.000000,11,False,1,3
7913,0x39e1e4,1.000000,12,True,0,0
7914,0x60d69,0.666667,9,False,1,1
7915,0xbdffa8,0.666667,17,False,1,1
7916,0x19d945,0.000000,11,False,1,3
7917,0x85b4a4,0.333333,10,False,2,2
7918,0x373361,1.000000,12,True,0,0
7919,0x2f4a89,0.000000,11,False,1,3
7920,0x1520a3,1.000000,8,True,0,0
7921,0xc544f,0.333333,10,False,2,2
7922,0x65df4d,0.000000,15,False,1,3
7923,0x26e5d1,1.000000,12,True,0,0
7924,0xcfbf79,0.333333,18,False,2,2
7925,0x64650c,0.666667,9,False,1,1
7926,0x8faf48,0.666667,13,False,1,1
7927,0x51839d,0.000000,11,False,1,3
7928,0x33d757,0.000000,15,False,1,3
7929,0xe7239e,0.333333,14,False,2,2
7930,0xd7272c,0.666667,13,False,1,1
7931,0x14d3e,0.333333,10,False,2,2
7932,0x366d0d,1.000000,12,True,0,0
7933,0x566289,0.333333,10,False,2,2
7934,0xfc2856,1.000000,12,True,0,0
7935,0xc64335,0.000000,11,False,1,3
7936,0x712454,0.666667,9,False,1,1
7937,0x1894f3,0.000000,11,False,1,3
7938,0xc5361e,1.000000,12,True,0,0
7939,0x61c519,0.333333,10,False,2,2
7940,0xe4d32,0.333333,10,False,2,2
7941,0x607030,0.000000,7,False,1,3
7942,0xc7f1da,0.000000,15,False,1,3
7943,0x8d88dc,0.000000,11,False,1,3
7944,0x27c972,1.000000,12,True,0,0
7945,0x652e35,1.000000,12,True,0,0
7946,0x242881,0.333333,6,False,2,2
7947,0x5b98b4,1.000000,12,True,0,0
7948,0xbc24d8,0.000000,11,False,1,3
7949,0x374b50,0.000000,11,False,1,3
7950,0x2b18ef,0.666667,13,False,1,1
7951,0x34a8c4,0.666667,9,False,1,1
7952,0x55d461,0.000000,11,False,1,3
7953,0x9804ed,0.333333,10,False,2,2
7954,0xf07577,0.000000,15,False,1,3
7955,0x7fc635,0.000000,15,False,1,3
7956,0xf3c6c5,0.333333,14,False,2,2
7957,0xef07bc,0.000000,15,False,1,3
7958,0xc45e31,0.000000,11,False,1,3
7959,0x9ca978,1.000000,12,True,0,0
7960,0x5357f2,0.333333,14,False,2,2
7961,0x88b797,0.666667,13,False,1,1
7962,0xea608a,0.333333,10,False,2,2
7963,0x288f6e,1.000000,12,True,0,0
7964,0xc4f952,1.000000,12,True,0,0
7965,0xeaa4b1,1.000000,12,True,0,0
7966,0x261d9b,1.000000,12,True,0,0
7967,0xf3ced6,1.000000,16,True,0,0
7968,0x134cdb,1.000000,12,True,0,0
7969,0x5fae8d,0.000000,15,False,1,3
7970,0x73fe41,0.333333,14,False,2,2
7971,0x4690d,1.000000,8,True,0,0
7972,0xa5039,1.000000,8,True,0,0
7973,0x2f65d1,0.666667,13,False,1,1
7974,0xcf7640,1.000000,12,True,0,0
7975,0xb1ec86,1.000000,12,True,0,0
7976,0x89941d,0.333333,10,False,2,2
7977,0x5b7f40,0.666667,13,False,1,1
7978,0xa73fa,0.666667,13,False,1,1
7979,0x59210a,1.000000,8,True,0,0
7980,0x69d8e5,0.666667,13,False,1,1
7981,0xc44b2d,0.000000,11,False,1,3
7982,0xfbe39b,0.666667,17,False,1,1
7983,0x736856,1.000000,12,True,0,0
7984,0xa31a2b,0.000000,11,False,1,3
7985,0xed6238,1.000000,12,True,0,0
7986,0xcc503b,0.000000,11,False,1,3
7987,0xd9ff33,0.666667,17,False,1,1
7988,0xc6debf,0.666667,17,False,1,1
7989,0x4cea8c,0.000000,11,False,1,3
7990,0xf9b63b,1.000000,16,True,0,0
7991,0x4533d6,1.000000,12,True,0,0
7992,0x2a2c04,0.000000,7,False,1,3
7993,0xd2c6e5,0.666667,13,False,1,1
7994,0x873f17,0.333333,14,False,2,2
7995,0x742d0a,0.333333,10,False,2,2
7996,0xb8cc56,1.000000,12,True,0,0
7997,0x8d2fdd,0.000000,15,False,1,3
7998,0x3354b0,0.333333,10,False,2,2
7999,0xcd4d79,0.333333,14,False,2,2
8000,0xa85196,0.333333,10,False,2,2
8001,0xab7c3b,0.000000,15,False,1,3
8002,0x53e871,1.000000,12,True,0,0
8003,0xcc2338,0.333333,10,False,2,2
8004,0xc55a3e,0.666667,13,False,1,1
8005,0xfea1f9,1.000000,16,True,0,0
8006,0x95464f,1.000000,12,True,0,0
8007,0xfdbdc7,0.333333,18,False,2,2
8008,0x74f6d5,0.000000,15,False,1,3
8009,0x9f3e84,0.666667,13,False,1,1
8010,0x148727,0.333333,10,False,2,2
8011,0xd487d2,1.000000,12,True,0,0
8012,0x28621f,0.333333,10,False,2,2
8013,0xedf336,1.000000,16,True,0,0
8014,0x8f68f4,0.666667,13,False,1,1
8015,0x6a7d46,0.666667,13,False,1,1
8016,0x55edc4,0.666667,13,False,1,1
8017,0xa929a6,0.000000,11,False,1,3
8018,0x1cfc8f,0.333333,14,False,2,2
8019,0xaf6c11,1.000000,12,True,0,0
8020,0x125ead,1.000000,12,True,0,0
8021,0x28bbe2,1.000000,12,True,0,0
8022,0x3ca639,1.000000,12,True,0,0
8023,0xdfa054,1.000000,12,True,0,0
8024,0x3c2b9b,0.666667,13,False,1,1
8025,0x593991,0.000000,11,False,1,3
8026,0x11e5e1,0.000000,11,False,1,3
8027,0x8c2ad4,0.333333,10,False,2,2
8028,0x1e90b7,1.000000,12,True,0,0
8029,0x88e982,0.666667,9,False,1,1
8030,0xd28044,0.000000,7,False,1,3
8031,0x17a953,1.000000,12,True,0,0
8032,0x1d0b41,0.666667,9,False,1,1
8033,0x54437a,0.000000,11,False,1,3
8034,0xf3cf1a,0.000000,15,False,1,3
8035,0xa38821,1.000000,8,True,0,0
8036,0x9f4519,1.000000,12,True,0,0
8037,0xd7e9d0,0.333333,14,False,2,2
8038,0xbd03bc,0.666667,13,False,1,1
8039,0xc6bd60,1.000000,12,True,0,0
8040,0x84c8ab,0.333333,10,False,2,2
8041,0x21f23b,1.000000,12,True,0,0
8042,0x7659e3,0.333333,14,False,2,2
8043,0x3de484,0.000000,11,False,1,3
8044,0x5d14e2,0.000000,11,False,1,3
8045,0x14b97c,1.000000,12,True,0,0
8046,0xa0b0e3,0.333333,10,False,2,2
8047,0x72c0fe,0.666667,13,False,1,1
8048,0x7480aa,0.666667,9,False,1,1
8049,0x8ea377,0.333333,14,False,2,2
8050,0x2bd9a0,0.000000,11,False,1,3
8051,0x2c513d,0.000000,11,False,1,3
8052,0xad524b,1.000000,12,True,0,0
8053,0x599e3f,0.000000,15,False,1,3
8054,0xe93617,0.666667,13,False,1,1
8055,0xe9acdd,0.000000,15,False,1,3
8056,0xae7b0c,0.666667,13,False,1,1
8057,0x8d3a50,0.333333,10,False,2,2
8058,0x73a811,0.333333,10,False,2,2
8059,0x498fd6,0.666667,13,False,1,1
8060,0xe9869d,0.666667,13,False,1,1
8061,0x5a6464,0.333333,10,False,2,2
8062,0xb9c5ec,0.333333,14,False,2,2
8063,0x4ee975,0.333333,14,False,2,2
8064,0x4b75fd,1.000000,16,True,0,0
8065,0x39649d,1.000000,12,True,0,0
8066,0x4a474b,0.000000,11,False,1,3
8067,0x651133,0.333333,10,False,2,2
8068,0x685fd9,0.333333,14,False,2,2
8069,0x3af596,0.333333,14,False,2,2
8070,0x8af0f7,0.333333,14,False,2,2
8071,0x47aa3c,1.000000,12,True,0,0
8072,0x303dc,0.666667,9,False,1,1
8073,0xc2bad1,1.000000,12,True,0,0
8074,0x3db392,0.666667,13,False,1,1
8075,0xde8010,1.000000,8,True,0,0
8076,0x62e32c,0.000000,11,False,1,3
8077,0xf87d7d,0.666667,17,False,1,1
8078,0xe4123e,0.000000,11,False,1,3
8079,0x2cf37f,1.000000,16,True,0,0
8080,0x2fc974,0.666667,13,False,1,1
8081,0xa36114,0.666667,9,False,1,1
8082,0xcc97bd,0.000000,15,False,1,3
8083,0x9ed5fe,0.666667,17,False,1,1
8084,0x3eb383,0.666667,13,False,1,1
8085,0xe5f114,1.000000,12,True,0,0
8086,0xe93f70,0.333333,14,False,2,2
8087,0x576f4f,1.000000,16,True,0,0
8088,0x338d40,0.666667,9,False,1,1
8089,0xe90a42,0.666667,9,False,1,1
8090,0xe83ab3,0.666667,13,False,1,1
8091,0xe33bce,0.000000,15,False,1,3
8092,0x8553a1,0.333333,10,False,2,2
8093,0x65b32d,0.666667,13,False,1,1
8094,0xb8b30a,0.000000,11,False,1,3
8095,0x9e9d0,0.333333,10,False,2,2
8096,0x84102e,0.000000,7,False,1,3
8097,0x9654fa,0.666667,13,False,1,1
8098,0xc241db,0.000000,11,False,1,3
8099,0x229594,0.666667,9,False,1,1
8100,0xcaac49,0.000000,11,False,1,3
8101,0x1bd5ba,0.333333,14,False,2,2
8102,0x696887,0.000000,11,False,1,3
8103,0x4e9094,0.666667,9,False,1,1
8104,0x5a2705,0.333333,10,False,2,2
8105,0xa5eb34,0.666667,13,False,1,1
8106,0x13f6c3,0.666667,13,False,1,1
8107,0x3b52a3,1.000000,12,True,0,0
8108,0xe04414,0.000000,7,False,1,3
8109,0xaf7d2c,0.000000,15,False,1,3
8110,0xb10f44,0.333333,10,False,2,2
8111,0xdf843b,0.333333,14,False,2,2
8112,0xfc4c98,1.000000,12,True,0,0
8113,0xc30acd,0.000000,11,False,1,3
8114,0xa8fd19,0.666667,13,False,1,1
8115,0xb845e6,1.000000,12,True,0,0
8116,0x8350b3,0.333333,10,False,2,2
8117,0x5c9c35,1.000000,12,True,0,0
8118,0xfa5c93,0.333333,14,False,2,2
8119,0xe3b0d0,0.000000,11,False,1,3
8120,0x346b4,0.666667,9,False,1,1
8121,0x681e8,1.000000,8,True,0,0
8122,0xf2d453,0.666667,13,False,1,1
8123,0xa44120,0.333333,6,False,2,2
8124,0x7fc408,0.000000,11,False,1,3
8125,0xf4bf20,0.666667,13,False,1,1
8126,0x15c0e,1.000000,8,True,0,0
8127,0xbd9fa9,1.000000,16,True,0,0
8128,0x8751ba,1.000000,12,True,0,0
8129,0xc43e26,0.000000,11,False,1,3
8130,0xfaa42c,1.000000,12,True,0,0
8131,0x199317,0.000000,11,False,1,3
8132,0xeb8d47,0.333333,14,False,2,2
8133,0xe63e20,0.000000,11,False,1,3
8134,0xe897e4,0.666667,13,False,1,1
8135,0x51ba6a,1.000000,12,True,0,0
8136,0x165c2a,0.333333,10,False,2,2
8137,0xf8ba36,0.333333,14,False,2,2
8138,0x317ff9,1.000000,16,True,0,0
8139,0xc352d3,1.000000,12,True,0,0
8140,0xca00a4,0.000000,7,False,1,3
8141,0xd8d430,0.333333,10,False,2,2
8142,0x3a9e40,0.333333,10,False,2,2
8143,0x758be8,0.666667,13,False,1,1
8144,0x5bf475,0.000000,15,False,1,3
8145,0xd6ba40,0.000000,11,False,1,3
8146,0x9067a7,1.000000,12,True,0,0
8147,0x8cf9b1,0.666667,13,False,1,1
8148,0x355cdb,0.333333,14,False,2,2
8149,0x387f5e,0.000000,15,False,1,3
8150,0xff87c2,0.000000,15,False,1,3
8151,0x9ee741,0.666667,13,False,1,1
8152,0x6f7203,1.000000,12,True,0,0
8153,0x69335,0.333333,10,False,2,2
8154,0x8bc07f,0.666667,13,False,1,1
8155,0x9c83d6,1.000000,12,True,0,0
8156,0x8ec1ec,1.000000,12,True,0,0
8157,0x778307,1.000000,12,True,0,0
8158,0xbf0c8f,0.333333,14,False,2,2
8159,0xdf9af5,0.666667,17,False,1,1
8160,0x76ee3b,1.000000,16,True,0,0
8161,0xb92a7,0.000000,11,False,1,3
8162,0xcb2071,0.333333,10,False,2,2
8163,0xcb804,0.000000,7,False,1,3
8164,0xb46b5,0.000000,11,False,1,3
8165,0x1a5e79,0.666667,13,False,1,1
8166,0xb2e6c8,1.000000,12,True,0,0
8167,0x2e2802,0.000000,7,False,1,3
8168,0xe936f4,0.333333,14,False,2,2
8169,0x12dfb4,0.666667,13,False,1,1
8170,0xd0adad,0.666667,13,False,1,1
8171,0x138adb,1.000000,12,True,0,0
8172,0x61403c,1.000000,8,True,0,0
8173,0x47780f,1.000000,12,True,0,0
8174,0xa3e38c,1.000000,12,True,0,0
8175,0x70598d,0.000000,11,False,1,3
8176,0xffaa1d,1.000000,16,True,0,0
8177,0x9a4b3b,0.666667,13,False,1,1
8178,0x81d39c,0.000000,11,False,1,3
8179,0xfde441,0.666667,13,False,1,1
8180,0x974069,0.333333,10,False,2,2
8181,0xfce282,1.000000,12,True,0,0
8182,0x3ad4db,0.333333,14,False,2,2
8183,0x8cfa3,0.000000,11,False,1,3
8184,0xed472,0.000000,11,False,1,3
8185,0xc30db6,1.000000,12,True,0,0
8186,0x63c829,0.333333,10,False,2,2
8187,0xf29e90,1.000000,12,True,0,0
8188,0xf0af76,0.000000,15,False,1,3
8189,0xd4d34d,0.666667,13,False,1,1
8190,0x34b34f,0.666667,13,False,1,1
8191,0xd39d43,0.666667,13,False,1,1
8192,0x93a310,0.666667,9,False,1,1
8193,0xa6d45e,0.666667,13,False,1,1
8194,0x125aef,0.666667,13,False,1,1
8195,0xc37011,0.666667,9,False,1,1
8196,0x17380b,0.333333,10,False,2,2
8197,0x7ab8a7,0.333333,14,False,2,2
8198,0xbe3251,1.000000,12,True,0,0
8199,0x74425,1.000000,8,True,0,0
8200,0x4f8d21,0.000000,11,False,1,3
8201,0x76c819,0.000000,11,False,1,3
8202,0x905b50,0.666667,9,False,1,1
8203,0x1bf930,1.000000,12,True,0,0
8204,0x82a526,0.666667,9,False,1,1
8205,0x29937e,0.666667,13,False,1,1
8206,0xd69eb2,0.333333,14,False,2,2
8207,0x4fec35,0.333333,14,False,2,2
8208,0x2efda,0.666667,13,False,1,1
8209,0x427903,0.666667,9,False,1,1
8210,0xa8c395,0.000000,11,False,1,3
8211,0x61147a,0.333333,10,False,2,2
8212,0xd9b36d,0.000000,15,False,1,3
8213,0x88ab63,0.000000,11,False,1,3
8214,0x72c3f3,0.333333,14,False,2,2
8215,0x17fd84,0.666667,13,False,1,1
8216,0x8af8b1,1.000000,12,True,0,0
8217,0xfe43a1,0.666667,13,False,1,1
8218,0x337f3a,0.000000,15,False,1,3
8219,0xe775f3,0.666667,17,False,1,1
8220,0x92c5d2,0.000000,11,False,1,3
8221,0x30a146,1.000000,8,True,0,0
8222,0xb9a780,0.000000,11,False,1,3
8223,0x8ead1,0.333333,10,False,2,2
8224,0x903ce3,0.000000,11,False,1,3
8225,0x719167,1.000000,12,True,0,0
8226,0xed7f06,0.000000,15,False,1,3
8227,0xd6158b,1.000000,12,True,0,0
8228,0x59508d,0.333333,10,False,2,2
8229,0xa81c8c,0.666667,9,False,1,1
8230,0x304a17,0.666667,9,False,1,1
8231,0xb7e613,0.333333,14,False,2,2
8232,0x35f62c,0.666667,13,False,1,1
8233,0x2b1beb,0.333333,14,False,2,2
8234,0xcdf4f0,0.333333,14,False,2,2
8235,0xfe4c,0.333333,10,False,2,2
8236,0x487d32,0.000000,11,False,1,3
8237,0xfcaf8d,1.000000,16,True,0,0
8238,0x4bfae,0.666667,13,False,1,1
8239,0x65ddcb,0.000000,15,False,1,3
8240,0x862dff,0.000000,15,False,1,3
8241,0x7c2203,0.666667,9,False,1,1
8242,0x9fa349,0.666667,13,False,1,1
8243,0xbf076f,1.000000,16,True,0,0
8244,0xaf7025,1.000000,12,True,0,0
8245,0x10cd3b,0.000000,11,False,1,3
8246,0x650576,0.000000,11,False,1,3
8247,0x5e95,0.666667,9,False,1,1
8248,0x7abdbd,0.666667,17,False,1,1
8249,0xb44e2e,1.000000,12,True,0,0
8250,0x4ec821,0.666667,9,False,1,1
8251,0x86b75d,0.333333,14,False,2,2
8252,0x96a705,0.000000,11,False,1,3
8253,0x1c2270,1.000000,8,True,0,0
8254,0xc0af2c,0.000000,11,False,1,3
8255,0x280bb3,0.333333,10,False,2,2
8256,0x53b3b4,0.666667,13,False,1,1
8257,0x7bcd85,0.333333,14,False,2,2
8258,0x8ee1c9,1.000000,12,True,0,0
8259,0x29c812,1.000000,8,True,0,0
8260,0xa2d65e,0.666667,13,False,1,1
8261,0xd3f625,0.333333,14,False,2,2
8262,0x9be610,0.000000,11,False,1,3
8263,0xa6e8fe,0.000000,15,False,1,3
8264,0xf45f33,0.000000,15,False,1,3
8265,0x28ae7b,0.666667,13,False,1,1
8266,0xc30647,0.333333,10,False,2,2
8267,0x1454e4,0.666667,9,False,1,1
8268,0x422de9,0.000000,11,False,1,3
8269,0x1701eb,0.000000,11,False,1,3
8270,0xe21ad5,1.000000,12,True,0,0
8271,0xeccaab,0.333333,14,False,2,2
8272,0x64b9bf,0.000000,15,False,1,3
8273,0xc2700e,0.666667,9,False,1,1
8274,0x2d9fb,0.666667,13,False,1,1
8275,0x81798d,0.000000,11,False,1,3
8276,0x3cb2eb,0.333333,14,False,2,2
8277,0xae138c,0.000000,11,False,1,3
8278,0x22e53c,0.000000,11,False,1,3
8279,0x63a71b,0.666667,13,False,1,1
8280,0xab6dfb,0.666667,17,False,1,1
8281,0xfe53,0.000000,11,False,1,3
8282,0xda7d41,0.666667,13,False,1,1
8283,0x941685,0.666667,9,False,1,1
8284,0xf48dbc,0.333333,14,False,2,2
8285,0x23cbab,0.666667,13,False,1,1
8286,0x43e861,0.333333,10,False,2,2
8287,0x3a09e,0.666667,9,False,1,1
8288,0xef7e7,1.000000,16,True,0,0
8289,0x9a0034,0.000000,7,False,1,3
8290,0xf2a68b,0.666667,13,False,1,1
8291,0x9db169,0.666667,13,False,1,1
8292,0xbd5bc8,0.333333,14,False,2,2
8293,0x7b20e7,0.666667,13,False,1,1
8294,0x17719,0.333333,10,False,2,2
8295,0x83e8c8,0.333333,10,False,2,2
8296,0x7526af,0.333333,14,False,2,2
8297,0xde4980,0.333333,10,False,2,2
8298,0xf78e8a,0.333333,14,False,2,2
8299,0x76f8d8,0.333333,14,False,2,2
8300,0x740998,0.666667,9,False,1,1
8301,0x1b5d8f,0.333333,14,False,2,2
8302,0x1a42c9,0.666667,9,False,1,1
8303,0x314f21,0.333333,10,False,2,2
8304,0x78aee3,0.333333,14,False,2,2
8305,0xff39e4,1.000000,16,True,0,0
8306,0x2bf98d,0.333333,14,False,2,2
8307,0xb5bc7d,1.000000,16,True,0,0
8308,0x664ac0,0.666667,9,False,1,1
8309,0x42df4a,1.000000,12,True,0,0
8310,0xa6fc5e,0.000000,15,False,1,3
8311,0x1b533e,0.666667,13,False,1,1
8312,0x8f06fb,0.333333,14,False,2,2
8313,0xd3242f,1.000000,12,True,0,0
8314,0x6fff38,0.666667,17,False,1,1
8315,0x16fc4e,0.666667,13,False,1,1
8316,0x2d2406,1.000000,8,True,0,0
8317,0xe06701,0.666667,9,False,1,1
8318,0x4a74c,0.666667,9,False,1,1
8319,0x1580f5,0.333333,10,False,2,2
8320,0xa31c4b,0.000000,11,False,1,3
8321,0x2cd747,0.666667,13,False,1,1
8322,0xf9a12d,0.666667,13,False,1,1
8323,0xb198a8,0.333333,10,False,2,2
8324,0x3de2bb,0.000000,15,False,1,3
8325,0x1d90d1,0.333333,10,False,2,2
8326,0xaf5091,0.000000,11,False,1,3
8327,0xb0f370,1.000000,12,True,0,0
8328,0x32cfbd,0.000000,15,False,1,3
8329,0xdbbce6,1.000000,16,True,0,0
8330,0xb3c510,0.333333,10,False,2,2
8331,0xd666e5,0.333333,14,False,2,2
8332,0x3068b4,0.666667,9,False,1,1
8333,0xa639b4,1.000000,12,True,0,0
8334,0xbde8c5,0.333333,14,False,2,2
8335,0x9ba655,0.666667,13,False,1,1
8336,0xa7351e,0.666667,13,False,1,1
8337,0xac8951,0.333333,10,False,2,2
8338,0x1a3155,0.333333,10,False,2,2
8339,0x338e18,0.333333,10,False,2,2
8340,0x64d96a,1.000000,12,True,0,0
8341,0x21fde4,0.666667,13,False,1,1
8342,0xc9a00b,0.666667,9,False,1,1
8343,0xbab38e,0.333333,14,False,2,2
8344,0x7c440,0.000000,7,False,1,3
8345,0x8497be,0.666667,13,False,1,1
8346,0x60f8f8,1.000000,12,True,0,0
8347,0x425005,0.333333,6,False,2,2
8348,0xfd365c,0.000000,15,False,1,3
8349,0xcf2c20,0.333333,10,False,2,2
8350,0x643e76,0.666667,13,False,1,1
8351,0x18695b,0.000000,11,False,1,3
8352,0xa1b0cc,0.333333,10,False,2,2
8353,0xb5832c,0.000000,11,False,1,3
8354,0x48142e,1.000000,8,True,0,0
8355,0xcfc6d5,0.000000,15,False,1,3
8356,0xe7aa3d,0.000000,15,False,1,3
8357,0xe3cd0b,0.666667,13,False,1,1
8358,0x522370,0.666667,9,False,1,1
8359,0xd76e82,0.666667,13,False,1,1
8360,0x51b90c,0.333333,10,False,2,2
8361,0xe256cd,0.666667,13,False,1,1
8362,0x1f5f7b,0.666667,17,False,1,1
8363,0xcd4811,0.666667,9,False,1,1
8364,0x9d0b1d,1.000000,12,True,0,0
8365,0xbd1171,1.000000,12,True,0,0
8366,0x9fd006,0.000000,11,False,1,3
8367,0xc07b71,1.000000,12,True,0,0
8368,0xcd32e7,0.333333,14,False,2,2
8369,0x17b552,1.000000,12,True,0,0
8370,0xe1ebcd,0.000000,15,False,1,3
8371,0x53491c,0.333333,10,False,2,2
8372,0x72b4c2,0.000000,11,False,1,3
8373,0x360fb1,1.000000,12,True,0,0
8374,0xfecb57,0.666667,17,False,1,1
8375,0xc49ac0,0.666667,9,False,1,1
8376,0x1d2dde,0.333333,14,False,2,2
8377,0x344699,0.333333,10,False,2,2
8378,0x22f787,0.666667,13,False,1,1
8379,0x42561d,0.333333,10,False,2,2
8380,0xb179d1,0.666667,13,False,1,1
8381,0x8551eb,1.000000,12,True,0,0
8382,0x4c7bb8,0.666667,13,False,1,1
8383,0x8a1c2d,0.333333,10,False,2,2
8384,0x465cd9,1.000000,12,True,0,0
8385,0xda2d54,1.000000,12,True,0,0
8386,0xba88d6,1.000000,12,True,0,0
8387,0xd587,0.666667,9,False,1,1
8388,0x760b52,0.000000,11,False,1,3
8389,0xea36a7,0.333333,14,False,2,2
8390,0xa69593,1.000000,12,True,0,0
8391,0x5d081f,0.000000,11,False,1,3
8392,0xac4702,0.666667,9,False,1,1
8393,0xaeae3d,0.000000,15,False,1,3
8394,0xcddde4,0.000000,15,False,1,3
8395,0xcee2f4,0.333333,14,False,2,2
8396,0xc59092,0.666667,9,False,1,1
8397,0x10239d,0.666667,9,False,1,1
8398,0xd1c035,0.333333,10,False,2,2
8399,0x3d17b2,0.666667,13,False,1,1
8400,0xb7a17f,1.000000,16,True,0,0
8401,0x79d481,0.000000,11,False,1,3
8402,0x887466,0.333333,10,False,2,2
8403,0xf9448c,0.000000,11,False,1,3
8404,0x4aad4c,0.000000,11,False,1,3
8405,0x4f7305,1.000000,12,True,0,0
8406,0x3d77c1,0.333333,14,False,2,2
8407,0x3e33c0,0.000000,11,False,1,3
8408,0x1587f7,0.333333,14,False,2,2
8409,0xf1112,1.000000,8,True,0,0
8410,0x22e579,1.000000,12,True,0,0
8411,0x4bc988,0.333333,10,False,2,2
8412,0x8cb06,1.000000,8,True,0,0
8413,0x239952,0.333333,10,False,2,2
8414,0xc58afd,0.333333,14,False,2,2
8415,0x12ad1d,0.000000,11,False,1,3
8416,0x392114,1.000000,8,True,0,0
8417,0x81d825,0.666667,9,False,1,1
8418,0x127d27,1.000000,12,True,0,0
8419,0xb01af,0.333333,10,False,2,2
8420,0x47b483,0.000000,11,False,1,3
8421,0xc6e949,1.000000,12,True,0,0
8422,0x2520fa,0.333333,10,False,2,2
8423,0x13eefa,0.000000,15,False,1,3
8424,0x798905,0.333333,10,False,2,2
8425,0xea9016,0.333333,10,False,2,2
8426,0x9efa67,1.000000,16,True,0,0
8427,0x6014d7,0.333333,10,False,2,2
8428,0xd7bfc4,1.000000,16,True,0,0
8429,0x9bb852,1.000000,12,True,0,0
8430,0x7c72e7,0.000000,15,False,1,3
8431,0xf69985,0.666667,13,False,1,1
8432,0xfee239,0.000000,15,False,1,3
8433,0x8e877d,0.333333,14,False,2,2
8434,0xc61416,0.666667,9,False,1,1
8435,0x7016cb,0.000000,11,False,1,3
8436,0x71af7b,1.000000,16,True,0,0
8437,0x187c92,0.333333,10,False,2,2
8438,0x9f04a,0.666667,9,False,1,1
8439,0xbe7454,0.666667,13,False,1,1
8440,0x75446e,1.000000,12,True,0,0
8441,0xf3f6e5,0.666667,17,False,1,1
8442,0xa733b6,0.333333,14,False,2,2
8443,0x442ce9,0.333333,10,False,2,2
8444,0x88c26b,0.333333,10,False,2,2
8445,0xd6b2b7,0.000000,15,False,1,3
8446,0x245ac3,0.333333,10,False,2,2
8447,0x3a2ff0,0.666667,13,False,1,1
8448,0x240200,0.000000,3,False,3,3
8449,0x13406b,0.666667,9,False,1,1
8450,0xc05445,1.000000,8,True,0,0
8451,0x2b58bf,0.333333,14,False,2,2
8452,0xa26cc4,0.333333,10,False,2,2
8453,0x58e998,0.000000,11,False,1,3
8454,0x25a9d1,0.000000,11,False,1,3
8455,0xea7646,0.666667,13,False,1,1
8456,0x1487c7,0.000000,11,False,1,3
8457,0xdb5cde,1.000000,16,True,0,0
8458,0x153aa9,0.000000,11,False,1,3
8459,0xdc181e,0.000000,11,False,1,3
8460,0xcd0033,0.666667,9,False,1,1
8461,0xebcdc2,0.333333,14,False,2,2
8462,0xb4b530,0.000000,11,False,1,3
8463,0xb8a5fa,0.333333,14,False,2,2
8464,0xd3011c,0.666667,9,False,1,1
8465,0x8f53d0,1.000000,12,True,0,0
8466,0x42e5c7,1.000000,12,True,0,0
8467,0x18ec3e,1.000000,12,True,0,0
8468,0xa95b27,0.666667,13,False,1,1
8469,0x872af9,0.666667,13,False,1,1
8470,0x20e5da,0.000000,11,False,1,3
8471,0x1a6b08,0.666667,9,False,1,1
8472,0xae2a80,0.666667,9,False,1,1
8473,0xcbcde5,0.000000,15,False,1,3
8474,0x863b1,0.666667,9,False,1,1
8475,0x6c32b0,0.333333,10,False,2,2
8476,0x206cd4,0.666667,9,False,1,1
8477,0x1cc16a,0.333333,10,False,2,2
8478,0x9d3af4,0.333333,14,False,2,2
8479,0x3dbb67,1.000000,16,True,0,0
8480,0x6dcd8c,0.666667,13,False,1,1
8481,0xf2be09,0.666667,13,False,1,1
8482,0x6e8a47,1.000000,12,True,0,0
8483,0x19e63e,0.666667,13,False,1,1
8484,0x5c8bec,0.666667,13,False,1,1
8485,0x773e06,0.666667,13,False,1,1
8486,0x92b284,0.666667,9,False,1,1
8487,0x8f3c8f,0.333333,14,False,2,2
8488,0x8ddbad,0.000000,15,False,1,3
8489,0xa59ac9,1.000000,12,True,0,0
8490,0xf06d6f,0.000000,15,False,1,3
8491,0xa4af90,0.000000,11,False,1,3
8492,0xf34462,0.000000,11,False,1,3
8493,0x38aa91,0.333333,10,False,2,2
8494,0x4dfe62,0.333333,14,False,2,2
8495,0xe4fea1,0.333333,14,False,2,2
8496,0x2e7abb,0.000000,15,False,1,3
8497,0xfcc758,0.333333,14,False,2,2
8498,0x8afd6f,1.000000,16,True,0,0
8499,0x71fcd6,0.000000,15,False,1,3
8500,0xfc5aca,0.333333,14,False,2,2
8501,0x6b6659,0.666667,13,False,1,1
8502,0x163170,0.666667,9,False,1,1
8503,0x883fe2,1.000000,12,True,0,0
8504,0x4d2e8e,1.000000,12,True,0,0
8505,0x318881,0.000000,7,False,1,3
8506,0xcf0e90,0.000000,11,False,1,3
8507,0x3aa3fe,0.000000,15,False,1,3
8508,0xc31761,0.000000,11,False,1,3
8509,0xcd6c4d,0.666667,13,False,1,1
8510,0x1daa07,0.000000,11,False,1,3
8511,0x3e9cb2,0.666667,13,False,1,1
8512,0x557b1a,0.666667,13,False,1,1
8513,0x94151a,0.666667,9,False,1,1
8514,0x22ce2f,1.000000,12,True,0,0
8515,0x4d9cd0,0.000000,11,False,1,3
8516,0xeef110,1.000000,12,True,0,0
8517,0x2c50b9,0.333333,10,False,2,2
8518,0xba977b,1.000000,16,True,0,0
8519,0xf5852c,1.000000,12,True,0,0
8520,0x360c29,0.666667,9,False,1,1
8521,0xc9aba5,0.666667,13,False,1,1
8522,0xd7d547,0.000000,15,False,1,3
8523,0xd89aae,0.666667,13,False,1,1
8524,0x55418e,0.333333,10,False,2,2
8525,0xfb5108,0.000000,11,False,1,3
8526,0xb06946,0.333333,10,False,2,2
8527,0x4ed9a6,0.666667,13,False,1,1
8528,0x811166,1.000000,8,True,0,0
8529,0xe44704,0.666667,9,False,1,1
8530,0x7a36bb,0.000000,15,False,1,3
8531,0x59e670,1.000000,12,True,0,0
8532,0xa3e571,0.666667,13,False,1,1
8533,0x29de0f,0.666667,13,False,1,1
8534,0xd60e03,0.333333,10,False,2,2
8535,0x3ec51,0.333333,10,False,2,2
8536,0x4d6fb9,0.000000,15,False,1,3
8537,0x3ef571,0.000000,15,False,1,3
8538,0x4cc414,1.000000,8,True,0,0
8539,0x6493a0,0.666667,9,False,1,1
8540,0x9f0c29,0.000000,11,False,1,3
8541,0xaff018,1.000000,12,True,0,0
8542,0x3ab340,0.333333,10,False,2,2
8543,0xbd4e03,1.000000,12,True,0,0
8544,0x53e6ba,0.333333,14,False,2,2
8545,0xd3fe26,0.000000,15,False,1,3
8546,0xc79c76,0.333333,14,False,2,2
8547,0xe099e4,0.000000,11,False,1,3
8548,0x885e46,0.333333,10,False,2,2
8549,0xd3fb0d,0.000000,15,False,1,3
8550,0x79b51a,0.666667,13,False,1,1
8551,0x33ad9e,0.333333,14,False,2,2
8552,0x9e3f03,0.666667,13,False,1,1
8553,0xfb8670,0.666667,13,False,1,1
8554,0x87217b,1.000000,12,True,0,0
8555,0xa04a47,0.666667,9,False,1,1
8556,0x1b051,0.000000,7,False,1,3
8557,0xbb79c,0.666667,13,False,1,1
8558,0xc89c9,0.666667,9,False,1,1
8559,0xca65e9,0.666667,13,False,1,1
8560,0x247521,0.666667,9,False,1,1
8561,0x7e8d12,1.000000,12,True,0,0
8562,0xdec1ec,0.333333,14,False,2,2
8563,0x3ed306,1.000000,12,True,0,0
8564,0xffbfa5,0.000000,19,False,3,3
8565,0xb47198,0.000000,11,False,1,3
8566,0xc06cca,0.333333,10,False,2,2
8567,0xf64d20,0.000000,11,False,1,3
8568,0x1ed253,1.000000,12,True,0,0
8569,0x5d421a,0.333333,10,False,2,2
8570,0xa04ea1,0.666667,9,False,1,1
8571,0xd1daa6,0.666667,13,False,1,1
8572,0x2fefef,0.000000,19,False,3,3
8573,0xa91cfa,0.666667,13,False,1,1
8574,0x9777d6,1.000000,16,True,0,0
8575,0xe903fa,0.666667,13,False,1,1
8576,0x19707c,0.000000,11,False,1,3
8577,0x351c39,0.000000,11,False,1,3
8578,0x3d8aee,0.333333,14,False,2,2
8579,0xbb9df6,0.666667,17,False,1,1
8580,0x9292c0,1.000000,8,True,0,0
8581,0xf30569,1.000000,12,True,0,0
8582,0x52744,1.000000,8,True,0,0
8583,0xf57ee2,1.000000,16,True,0,0
8584,0xacabd6,0.333333,14,False,2,2
8585,0xa10696,0.666667,9,False,1,1
8586,0xe0dae2,1.000000,12,True,0,0
8587,0x8abd65,0.666667,13,False,1,1
8588,0xa74979,0.666667,13,False,1,1
8589,0x19a23a,0.333333,10,False,2,2
8590,0x98af82,0.000000,11,False,1,3
8591,0x676ede,1.000000,16,True,0,0
8592,0x41868e,0.666667,9,False,1,1
8593,0x4e69ba,0.666667,13,False,1,1
8594,0x80a350,0.000000,7,False,1,3
8595,0x1a2e60,0.666667,9,False,1,1
8596,0x8c3c56,0.000000,11,False,1,3
8597,0x6405f7,1.000000,12,True,0,0
8598,0x42fdff,0.666667,17,False,1,1
8599,0xf8e702,1.000000,12,True,0,0
8600,0xb5e03e,0.666667,13,False,1,1
8601,0xf8cd59,0.333333,14,False,2,2
8602,0x619fda,0.333333,14,False,2,2
8603,0xebcb5d,1.000000,16,True,0,0
8604,0xfc52d4,0.666667,13,False,1,1
8605,0x55489e,0.000000,11,False,1,3
8606,0x266322,0.666667,9,False,1,1
8607,0xe6600f,0.000000,11,False,1,3
8608,0x421680,0.333333,6,False,2,2
8609,0xb5b7d6,1.000000,16,True,0,0
8610,0x8984ae,0.333333,10,False,2,2
8611,0x3c3c8b,1.000000,12,True,0,0
8612,0x3a370,0.666667,9,False,1,1
8613,0x548139,0.666667,9,False,1,1
8614,0x3fc498,1.000000,12,True,0,0
8615,0x685b5a,1.000000,12,True,0,0
8616,0x26882b,0.666667,9,False,1,1
8617,0xfa4269,1.000000,12,True,0,0
8618,0xf242ed,0.666667,13,False,1,1
8619,0x21cd41,0.666667,9,False,1,1
8620,0xe3540f,1.000000,12,True,0,0
8621,0xe5eebb,0.666667,17,False,1,1
8622,0x967bc3,0.333333,14,False,2,2
8623,0x53a625,0.000000,11,False,1,3
8624,0xff9f42,1.000000,16,True,0,0
8625,0x5ff048,1.000000,12,True,0,0
8626,0xe01137,0.333333,10,False,2,2
8627,0x9a9e3f,0.000000,15,False,1,3
8628,0x50ac99,0.333333,10,False,2,2
8629,0xa850dd,0.000000,11,False,1,3
8630,0x64e2cf,0.666667,13,False,1,1
8631,0x2e055d,0.000000,11,False,1,3
8632,0x7f5365,0.000000,15,False,1,3
8633,0x2d585,0.666667,9,False,1,1
8634,0xe86606,0.333333,10,False,2,2
8635,0x4af5b1,0.666667,13,False,1,1
8636,0xa241d2,0.666667,9,False,1,1
8637,0xb09125,0.666667,9,False,1,1
8638,0xb86b2d,0.666667,13,False,1,1
8639,0xc27b20,0.333333,10,False,2,2
8640,0x3e34cc,1.000000,12,True,0,0
8641,0xa93e11,0.000000,11,False,1,3
8642,0x50071a,1.000000,8,True,0,0
8643,0x54c935,0.000000,11,False,1,3
8644,0x286aa4,0.666667,9,False,1,1
8645,0x73915,0.333333,10,False,2,2
8646,0xfcf7f8,0.333333,18,False,2,2
8647,0x49e740,0.333333,10,False,2,2
8648,0xb37824,0.000000,11,False,1,3
8649,0x9997f6,0.000000,15,False,1,3
8650,0xf06c3b,0.666667,13,False,1,1
8651,0xcad131,0.000000,11,False,1,3
8652,0x39f26f,0.000000,15,False,1,3
8653,0xe63166,1.000000,12,True,0,0
8654,0xec78c,0.000000,11,False,1,3
8655,0x98ceba,0.666667,13,False,1,1
8656,0xf39e2a,0.333333,14,False,2,2
8657,0xb1d76,1.000000,12,True,0,0
8658,0xffd3ec,0.333333,18,False,2,2
8659,0xcf092c,0.000000,11,False,1,3
8660,0xee8e17,0.333333,14,False,2,2
8661,0x71bc77,0.000000,15,False,1,3
8662,0x67b3bb,1.000000,16,True,0,0
8663,0x8c2940,0.000000,7,False,1,3
8664,0x22ed30,0.333333,10,False,2,2
8665,0xaeaa53,0.666667,13,False,1,1
8666,0xecfcd6,1.000000,16,True,0,0
8667,0x4f839a,1.000000,12,True,0,0
8668,0x7564ac,1.000000,12,True,0,0
8669,0x595ba9,0.666667,13,False,1,1
8670,0x99a702,0.333333,10,False,2,2
8671,0xba0415,0.666667,9,False,1,1
8672,0x257e59,0.666667,13,False,1,1
8673,0xbf32d3,0.000000,15,False,1,3
8674,0x8d20bd,0.000000,11,False,1,3
8675,0x5289c0,1.000000,8,True,0,0
8676,0xa85480,0.000000,7,False,1,3
8677,0x1659b4,0.000000,11,False,1,3
8678,0x60153,0.000000,7,False,1,3
8679,0x9fb3ed,0.666667,17,False,1,1
8680,0xecbaea,0.000000,15,False,1,3
8681,0x4707e8,0.000000,11,False,1,3
8682,0x4d39c9,1.000000,12,True,0,0
8683,0x6e1112,0.666667,9,False,1,1
8684,0xfd763f,0.333333,18,False,2,2
8685,0xa5dfd8,0.000000,15,False,1,3
8686,0x2e433e,1.000000,12,True,0,0
8687,0xcb5265,1.000000,12,True,0,0
8688,0xf714e6,0.333333,14,False,2,2
8689,0x58fcee,0.000000,15,False,1,3
8690,0xdf1e3,0.666667,13,False,1,1
8691,0x41873e,0.000000,11,False,1,3
8692,0x3486db,1.000000,12,True,0,0
8693,0x71bf49,0.333333,14,False,2,2
8694,0xd04da9,0.000000,11,False,1,3
8695,0x2964e3,0.000000,11,False,1,3
8696,0x6d74db,0.000000,15,False,1,3
8697,0x49a4ef,0.666667,13,False,1,1
8698,0xce7045,0.000000,11,False,1,3
8699,0x4bea71,0.666667,13,False,1,1
8700,0x86771,0.333333,10,False,2,2
8701,0xc8a80f,0.333333,10,False,2,2
8702,0x54b453,0.000000,11,False,1,3
8703,0x81eccb,1.000000,12,True,0,0
8704,0xe64489,0.333333,10,False,2,2
8705,0x2ff09b,0.333333,14,False,2,2
8706,0x3990d1,0.333333,10,False,2,2
8707,0x90cea8,0.333333,10,False,2,2
8708,0x1abe6c,0.666667,13,False,1,1
8709,0x302fe6,1.000000,12,True,0,0
8710,0x406cf3,0.000000,11,False,1,3
8711,0x139b27,1.000000,12,True,0,0
8712,0x6ce836,1.000000,12,True,0,0
8713,0x6660a6,0.333333,10,False,2,2
8714,0x8f2859,0.000000,11,False,1,3
8715,0x647be4,0.666667,13,False,1,1
8716,0x157f58,0.666667,13,False,1,1
8717,0x9b4b4f,0.333333,14,False,2,2
8718,0x37d9ca,0.333333,14,False,2,2
8719,0x1f6fe,0.333333,14,False,2,2
8720,0xb14180,0.000000,7,False,1,3
8721,0xdd80d1,0.000000,11,False,1,3
8722,0xb68cea,0.666667,13,False,1,1
8723,0x5af324,1.000000,12,True,0,0
8724,0xfd3529,0.333333,14,False,2,2
8725,0xa545fd,0.333333,14,False,2,2
8726,0x1862fa,0.000000,11,False,1,3
8727,0xd91382,0.333333,10,False,2,2
8728,0xbe4d6b,0.000000,15,False,1,3
8729,0x26a507,0.333333,10,False,2,2
8730,0x7ae7ea,1.000000,16,True,0,0
8731,0x118a3b,0.333333,10,False,2,2
8732,0xedc16,0.000000,11,False,1,3
8733,0xc2fc14,0.000000,11,False,1,3
8734,0xa5a2d4,0.000000,11,False,1,3
8735,0xde327c,0.333333,14,False,2,2
8736,0x8ed64f,0.333333,14,False,2,2
8737,0xa14808,0.333333,6,False,2,2
8738,0x204d18,0.000000,7,False,1,3
8739,0x711e1b,1.000000,12,True,0,0
8740,0x8bf504,0.000000,11,False,1,3
8741,0xb43388,0.333333,10,False,2,2
8742,0xbc6ccd,0.333333,14,False,2,2
8743,0xc292f4,0.000000,11,False,1,3
8744,0x505faa,1.000000,12,True,0,0
8745,0xa1f8ac,1.000000,12,True,0,0
8746,0xa321b,0.666667,9,False,1,1
8747,0xc1f784,1.000000,12,True,0,0
8748,0xd9ad54,0.666667,13,False,1,1
8749,0x47e82f,0.666667,13,False,1,1
8750,0x41a4fc,0.000000,11,False,1,3
8751,0x80be9a,0.000000,11,False,1,3
8752,0x390353,0.333333,10,False,2,2
8753,0xb33f59,0.000000,15,False,1,3
8754,0x4b281e,0.333333,10,False,2,2
8755,0x49d2f1,1.000000,12,True,0,0
8756,0x281a9a,0.666667,9,False,1,1
8757,0x545f38,1.000000,12,True,0,0
8758,0xcf5bb7,0.666667,17,False,1,1
8759,0x3ca545,0.000000,11,False,1,3
8760,0x105377,0.000000,11,False,1,3
8761,0x9d8347,1.000000,12,True,0,0
8762,0xd56583,1.000000,12,True,0,0
8763,0x8709b,0.666667,9,False,1,1
8764,0xe58392,0.000000,11,False,1,3
8765,0x5e8b94,1.000000,12,True,0,0
8766,0xb7633a,0.333333,14,False,2,2
8767,0x251dd7,0.666667,13,False,1,1
8768,0x63115d,0.000000,11,False,1,3
8769,0x7352aa,1.000000,12,True,0,0
8770,0xed2b2f,0.000000,15,False,1,3
8771,0x39050f,0.333333,10,False,2,2
8772,0x14bcaa,0.000000,11,False,1,3
8773,0x4f2357,0.666667,13,False,1,1
8774,0xfd663c,0.000000,15,False,1,3
8775,0xce2c1,0.666667,9,False,1,1
8776,0x54eeb3,0.333333,14,False,2,2
8777,0x662cea,1.000000,12,True,0,0
8778,0xe79ec7,1.000000,16,True,0,0
8779,0xbe433f,0.000000,15,False,1,3
8780,0xd4c9ee,0.333333,14,False,2,2
8781,0x74355,0.333333,10,False,2,2
8782,0x6c25fb,0.333333,14,False,2,2
8783,0x6086b1,0.666667,9,False,1,1
8784,0x4508ff,1.000000,12,True,0,0
8785,0xf6f838,0.333333,14,False,2,2
8786,0xbdff74,0.333333,18,False,2,2
8787,0xfeebe5,0.333333,18,False,2,2
8788,0x2a18d,1.000000,8,True,0,0
8789,0x76b2fa,0.000000,15,False,1,3
8790,0x869ecd,0.666667,13,False,1,1
8791,0xd4524e,0.000000,11,False,1,3
8792,0x99419a,0.333333,10,False,2,2
8793,0x72581d,0.000000,11,False,1,3
8794,0xb6f02a,1.000000,12,True,0,0
8795,0x7ec9aa,0.333333,14,False,2,2
8796,0xad40a,1.000000,8,True,0,0
8797,0x7af0dd,0.000000,15,False,1,3
8798,0xabddb8,0.000000,15,False,1,3
8799,0xa72bc7,0.333333,14,False,2,2
8800,0x268d56,0.000000,11,False,1,3
8801,0x3dc79b,0.000000,15,False,1,3
8802,0xd9ba59,0.333333,14,False,2,2
8803,0x28d842,1.000000,8,True,0,0
8804,0xdfb9dc,0.666667,17,False,1,1
8805,0xab0c08,1.000000,8,True,0,0
8806,0xc08e32,0.666667,9,False,1,1
8807,0x92d802,1.000000,8,True,0,0
8808,0x73a95e,0.333333,14,False,2,2
8809,0xe33f74,0.000000,15,False,1,3
8810,0x705116,0.666667,9,False,1,1
8811,0x3802c,0.333333,6,False,2,2
8812,0x7a433a,1.000000,12,True,0,0
8813,0x9f2d5d,0.000000,15,False,1,3
8814,0x6681fd,0.666667,13,False,1,1
8815,0x5a2d2,0.666667,9,False,1,1
8816,0xd0250f,0.333333,10,False,2,2
8817,0x600b2,0.333333,6,False,2,2
8818,0x842d51,0.666667,9,False,1,1
8819,0xb1c52e,1.000000,12,True,0,0
8820,0x3b0637,1.000000,12,True,0,0
8821,0xa28f12,0.333333,10,False,2,2
8822,0x502bf6,1.000000,12,True,0,0
8823,0xd791b8,0.666667,13,False,1,1
8824,0x664308,1.000000,8,True,0,0
8825,0x66d9e6,0.333333,14,False,2,2
8826,0x702b4d,0.000000,11,False,1,3
8827,0xc20476,0.666667,9,False,1,1
8828,0x54d387,1.000000,12,True,0,0
8829,0x6bea02,0.000000,11,False,1,3
8830,0x186449,1.000000,8,True,0,0
8831,0xbaec14,1.000000,12,True,0,0
8832,0xd30e80,0.666667,9,False,1,1
8833,0x4f5db1,0.333333,14,False,2,2
8834,0x763ece,0.000000,15,False,1,3
8835,0xd60a32,0.333333,10,False,2,2
8836,0xe0071a,0.666667,9,False,1,1
8837,0x2a5905,0.666667,9,False,1,1
8838,0x507b8a,0.000000,11,False,1,3
8839,0x3d3959,0.666667,13,False,1,1
8840,0xaee4cd,0.333333,14,False,2,2
8841,0x3b84c5,0.000000,11,False,1,3
8842,0x20a221,0.333333,6,False,2,2
8843,0xad0925,0.333333,10,False,2,2
8844,0xa573fd,1.000000,16,True,0,0
8845,0x1d13e5,1.000000,12,True,0,0
8846,0x6a2df9,0.333333,14,False,2,2
8847,0x62288f,0.333333,10,False,2,2
8848,0xad6cbf,1.000000,16,True,0,0
8849,0x7d84b7,0.333333,14,False,2,2
8850,0xe5fc19,0.333333,14,False,2,2
8851,0xd2c31a,0.000000,11,False,1,3
8852,0x498f46,0.000000,11,False,1,3
8853,0x92d191,0.333333,10,False,2,2
8854,0x92e7e9,0.333333,14,False,2,2
8855,0x9905fa,1.000000,12,True,0,0
8856,0xf7a3d4,0.000000,15,False,1,3
8857,0xf81480,1.000000,8,True,0,0
8858,0x8da6ba,0.666667,13,False,1,1
8859,0x69455b,1.000000,12,True,0,0
8860,0x42fcf6,0.333333,14,False,2,2
8861,0x647e06,0.000000,11,False,1,3
8862,0x9b4e13,1.000000,12,True,0,0
8863,0xa9f847,0.666667,13,False,1,1
8864,0xa1942e,0.333333,10,False,2,2
8865,0x32e1e4,0.000000,11,False,1,3
8866,0xcbfad,0.333333,14,False,2,2
8867,0x16d57f,0.000000,15,False,1,3
8868,0xd6029c,0.333333,10,False,2,2
8869,0x40b7b8,0.000000,11,False,1,3
8870,0x29e80b,0.333333,10,False,2,2
8871,0xb86848,0.666667,9,False,1,1
8872,0xdaacdd,0.000000,15,False,1,3
8873,0xc7d4b4,0.666667,13,False,1,1
8874,0x2b7f5e,1.000000,16,True,0,0
8875,0xfbc002,0.333333,10,False,2,2
8876,0x6a254,1.000000,8,True,0,0
8877,0xccf0d3,0.666667,13,False,1,1
8878,0xe45743,1.000000,12,True,0,0
8879,0xd71c84,0.000000,11,False,1,3
8880,0xaaa172,0.000000,11,False,1,3
8881,0x949a51,0.333333,10,False,2,2
8882,0x53ee28,1.000000,12,True,0,0
8883,0x412137,0.666667,9,False,1,1
8884,0x37baf2,0.000000,15,False,1,3
8885,0x67b5d2,0.333333,14,False,2,2
8886,0xced1a2,1.000000,12,True,0,0
8887,0xd9ff08,0.333333,14,False,2,2
8888,0x51c82,0.000000,7,False,1,3
8889,0x6d2b70,1.000000,12,True,0,0
8890,0x75b7f8,1.000000,16,True,0,0
8891,0xbbc722,0.666667,13,False,1,1
8892,0x17a546,0.000000,11,False,1,3
8893,0xebc50a,1.000000,12,True,0,0
8894,0xb0ae5e,0.666667,13,False,1,1
8895,0x6efadb,0.666667,17,False,1,1
8896,0x516024,0.000000,7,False,1,3
8897,0x55dd47,0.333333,14,False,2,2
8898,0x7697c2,0.666667,13,False,1,1
8899,0xf7dfe3,0.000000,19,False,3,3
8900,0x235834,0.666667,9,False,1,1
8901,0xb72ce0,1.000000,12,True,0,0
8902,0x654492,0.666667,9,False,1,1
8903,0xab39ff,0.666667,17,False,1,1
8904,0x465a3f,0.666667,13,False,1,1
8905,0x260496,1.000000,8,True,0,0
8906,0x66487f,0.666667,13,False,1,1
8907,0x653971,1.000000,12,True,0,0
8908,0xf81cd2,1.000000,12,True,0,0
8909,0xdb0e3c,0.666667,13,False,1,1
8910,0x9189a1,0.666667,9,False,1,1
8911,0x15abcd,0.666667,13,False,1,1
8912,0xb33caf,0.000000,15,False,1,3
8913,0x87595f,0.333333,14,False,2,2
8914,0xfd2c1c,0.666667,13,False,1,1
8915,0xfa4419,0.000000,11,False,1,3
8916,0xb180fd,1.000000,12,True,0,0
8917,0xd515d8,1.000000,12,True,0,0
8918,0x805342,0.000000,7,False,1,3
8919,0x51be53,0.666667,13,False,1,1
8920,0x6426c2,0.666667,9,False,1,1
8921,0x65cfca,0.333333,14,False,2,2
8922,0x584812,0.000000,7,False,1,3
8923,0x4a43f1,0.000000,11,False,1,3
8924,0x305960,1.000000,8,True,0,0
8925,0xdabe05,0.666667,13,False,1,1
8926,0xa95bde,0.000000,15,False,1,3
8927,0x465c16,0.333333,10,False,2,2
8928,0xe2b4fc,0.333333,14,False,2,2
8929,0x6f6ba7,1.000000,16,True,0,0
8930,0x750f1a,1.000000,12,True,0,0
8931,0x791e6f,0.000000,15,False,1,3
8932,0x708f2f,0.666667,13,False,1,1
8933,0x7af50c,0.666667,13,False,1,1
8934,0xa55534,0.000000,11,False,1,3
8935,0xb9c1ee,0.333333,14,False,2,2
8936,0xc81657,0.000000,11,False,1,3
8937,0xa60cc0,1.000000,8,True,0,0
8938,0x61b4c8,0.333333,10,False,2,2
8939,0x4776a,0.000000,11,False,1,3
8940,0xadb53d,0.000000,15,False,1,3
8941,0x63d6b9,0.333333,14,False,2,2
8942,0x3e5dd7,1.000000,16,True,0,0
8943,0xa9048d,0.666667,9,False,1,1
8944,0xff2ea,0.333333,14,False,2,2
8945,0x9ac2bc,1.000000,12,True,0,0
8946,0x967c75,0.333333,14,False,2,2
8947,0x3d2fe9,0.000000,15,False,1,3
8948,0x9e6454,0.000000,11,False,1,3
8949,0xb80ed9,1.000000,12,True,0,0
8950,0xb51786,1.000000,12,True,0,0
8951,0xec8acf,0.333333,14,False,2,2
8952,0x23657d,0.666667,13,False,1,1
8953,0x391283,0.666667,9,False,1,1
8954,0x4d8c5b,1.000000,12,True,0,0
8955,0x3085a3,0.666667,9,False,1,1
8956,0xd3530,0.666667,9,False,1,1
8957,0x6ffc0b,0.000000,15,False,1,3
8958,0xb347c7,0.333333,14,False,2,2
8959,0x6c875b,0.666667,13,False,1,1
8960,0x8a54c6,0.333333,10,False,2,2
8961,0x595602,0.666667,9,False,1,1
8962,0xc89ba4,0.000000,11,False,1,3
8963,0xa38ea3,1.000000,12,True,0,0
8964,0xf08f6a,0.666667,13,False,1,1
8965,0x87bd72,0.333333,14,False,2,2
8966,0x62d7ab,0.333333,14,False,2,2
8967,0x605532,0.666667,9,False,1,1
8968,0xc21b16,0.333333,10,False,2,2
8969,0xeda0ab,0.666667,13,False,1,1
8970,0xb330f6,0.666667,13,False,1,1
8971,0x61439,1.000000,8,True,0,0
8972,0x128d51,0.666667,9,False,1,1
8973,0x5ed50b,0.666667,13,False,1,1
8974,0x4519be,1.000000,12,True,0,0
8975,0xeefd6a,0.666667,17,False,1,1
8976,0x98f3c6,0.666667,13,False,1,1
8977,0xb871f1,0.666667,13,False,1,1
8978,0xb2e30b,1.000000,12,True,0,0
8979,0x31af65,0.666667,13,False,1,1
8980,0x715bfe,1.000000,16,True,0,0
8981,0xf98672,0.666667,13,False,1,1
8982,0x755b3,1.000000,12,True,0,0
8983,0xecd529,0.666667,13,False,1,1
8984,0x80b596,0.333333,10,False,2,2
8985,0x84cf0e,0.000000,11,False,1,3
8986,0xf0647e,0.666667,13,False,1,1
8987,0xeaff19,1.000000,16,True,0,0
8988,0xc97bf1,0.000000,15,False,1,3
8989,0xa1d556,1.000000,12,True,0,0
8990,0x119bfa,0.666667,13,False,1,1
8991,0x3a552c,0.000000,11,False,1,3
8992,0x4941cf,0.000000,11,False,1,3
8993,0x43ffd1,0.000000,15,False,1,3
8994,0xdaf65c,0.000000,15,False,1,3
8995,0x62e18a,0.333333,10,False,2,2
8996,0x99bebe,1.000000,16,True,0,0
8997,0xaa7219,0.000000,11,False,1,3
8998,0xb39040,1.000000,8,True,0,0
8999,0x4947e3,1.000000,12,True,0,0
9000,0x595bed,0.000000,15,False,1,3
9001,0x611821,0.000000,7,False,1,3
9002,0x7af931,0.333333,14,False,2,2
9003,0x5f6be,0.333333,14,False,2,2
9004,0xf1b7bf,0.333333,18,False,2,2
9005,0xf36d94,0.333333,14,False,2,2
9006,0x8c76a7,0.666667,13,False,1,1
9007,0xdb8fa7,1.000000,16,True,0,0
9008,0x6ba35d,0.333333,14,False,2,2
9009,0xf0ea57,0.333333,14,False,2,2
9010,0x4435e3,0.000000,11,False,1,3
9011,0x2a58df,0.666667,13,False,1,1
9012,0x86a207,0.666667,9,False,1,1
9013,0x2bc341,0.333333,10,False,2,2
9014,0x1ebfa6,0.000000,15,False,1,3
9015,0xb179cb,0.333333,14,False,2,2
9016,0x38a843,0.666667,9,False,1,1
9017,0xf14226,0.333333,10,False,2,2
9018,0xfcb578,0.000000,15,False,1,3
9019,0x5683ce,1.000000,12,True,0,0
9020,0x8b72b7,0.333333,14,False,2,2
9021,0x5b7748,0.666667,13,False,1,1
9022,0x5428be,0.000000,11,False,1,3
9023,0x4d0369,0.333333,10,False,2,2
9024,0x4ce48b,0.000000,11,False,1,3
9025,0xb2f5d3,0.000000,15,False,1,3
9026,0xb675eb,1.000000,16,True,0,0
9027,0x625d49,0.000000,11,False,1,3
9028,0x3314cf,1.000000,12,True,0,0
9029,0xb5004c,1.000000,8,True,0,0
9030,0x159962,0.333333,10,False,2,2
9031,0x6c6b5d,0.333333,14,False,2,2
9032,0x51ce58,0.000000,11,False,1,3
9033,0x17ba03,0.000000,11,False,1,3
9034,0xcc351b,1.000000,12,True,0,0
9035,0x8c5228,1.000000,8,True,0,0
9036,0x6cfde2,0.000000,15,False,1,3
9037,0x71ebc8,0.666667,13,False,1,1
9038,0xb1f9e,0.666667,13,False,1,1
9039,0x9435d,0.333333,10,False,2,2
9040,0xe76c74,0.333333,14,False,2,2
9041,0x14dd94,0.000000,11,False,1,3
9042,0xa6da00,0.666667,9,False,1,1
9043,0x9723bd,0.333333,14,False,2,2
9044,0x9e211f,1.000000,12,True,0,0
9045,0xb2ff82,0.333333,14,False,2,2
9046,0x9969a,0.333333,10,False,2,2
9047,0x10f8dd,1.000000,12,True,0,0
9048,0x14b0c9,0.666667,9,False,1,1
9049,0x769cbb,0.000000,15,False,1,3
9050,0x65bfb5,1.000000,16,True,0,0
9051,0x8c315d,0.000000,11,False,1,3
9052,0x5f009a,0.333333,10,False,2,2
9053,0x4b6ba8,1.000000,12,True,0,0
9054,0x453341,0.666667,9,False,1,1
9055,0xa28189,1.000000,8,True,0,0
9056,0x842a40,0.333333,6,False,2,2
9057,0x1aa42,0.000000,7,False,1,3
9058,0x7838b9,1.000000,12,True,0,0
9059,0x5a978b,0.666667,13,False,1,1
9060,0x1af49e,0.666667,13,False,1,1
9061,0xe91fb4,0.333333,14,False,2,2
9062,0x748098,1.000000,8,True,0,0
9063,0xe7190e,1.000000,12,True,0,0
9064,0x2f9bde,1.000000,16,True,0,0
9065,0x96e72e,0.333333,14,False,2,2
9066,0x5bd2d2,0.666667,13,False,1,1
9067,0xfbcc03,0.666667,13,False,1,1
9068,0x92b777,0.000000,15,False,1,3
9069,0xe9a50e,1.000000,12,True,0,0
9070,0x2de87b,0.333333,14,False,2,2
9071,0x9493e3,1.000000,12,True,0,0
9072,0xb7d3cd,1.000000,16,True,0,0
9073,0x5b555f,0.000000,15,False,1,3
9074,0xb2eea9,0.333333,14,False,2,2
9075,0x6d8427,0.000000,11,False,1,3
9076,0x1b966e,0.666667,13,False,1,1
9077,0x909eae,1.000000,12,True,0,0
9078,0xe4816c,0.333333,10,False,2,2
9079,0x8baec7,0.333333,14,False,2,2
9080,0x9cd49f,0.333333,14,False,2,2
9081,0xc58781,0.333333,10,False,2,2
9082,0x956fca,0.333333,14,False,2,2
9083,0x90b797,0.666667,13,False,1,1
9084,0x33ce24,0.000000,11,False,1,3
9085,0x8f2e74,0.666667,13,False,1,1
9086,0x4b63ff,1.000000,16,True,0,0
9087,0x2f7cc4,0.666667,13,False,1,1
9088,0xa2f002,1.000000,8,True,0,0
9089,0x97a2b7,0.333333,14,False,2,2
9090,0x5ac43e,1.000000,12,True,0,0
9091,0xfb9281,1.000000,12,True,0,0
9092,0xe074b3,1.000000,12,True,0,0
9093,0x2fe5e4,0.333333,14,False,2,2
9094,0xfaba26,0.333333,14,False,2,2
9095,0x2e0af8,0.000000,11,False,1,3
9096,0x9cd049,0.333333,10,False,2,2
9097,0x3c7a76,0.333333,14,False,2,2
9098,0x15631b,0.000000,11,False,1,3
9099,0x333d94,1.000000,12,True,0,0
9100,0x830ef6,1.000000,12,True,0,0
9101,0x5312f6,1.000000,12,True,0,0
9102,0x344854,1.000000,8,True,0,0
9103,0xd44e3e,0.666667,13,False,1,1
9104,0x7094a3,0.333333,10,False,2,2
9105,0x847861,0.666667,9,False,1,1
9106,0x51e13b,1.000000,12,True,0,0
9107,0x2deefa,1.000000,16,True,0,0
9108,0xdf7dc9,0.666667,17,False,1,1
9109,0xd40660,1.000000,8,True,0,0
9110,0xcab1e8,1.000000,12,True,0,0
9111,0x573213,0.000000,11,False,1,3
9112,0xf252a,0.333333,10,False,2,2
9113,0xc70d7f,0.000000,15,False,1,3
9114,0x21b610,1.000000,8,True,0,0
9115,0x959e8f,0.333333,14,False,2,2
9116,0xc8dd47,0.666667,13,False,1,1
9117,0x26aae3,1.000000,12,True,0,0
9118,0xc94189,0.666667,9,False,1,1
9119,0x6341ae,0.000000,11,False,1,3
9120,0xdcea51,0.666667,13,False,1,1
9121,0xf712cd,0.333333,14,False,2,2
9122,0x7abe53,0.000000,15,False,1,3
9123,0xe8402a,1.000000,8,True,0,0
9124,0x1ff66a,0.000000,15,False,1,3
9125,0x947bac,0.666667,13,False,1,1
9126,0xe0b0f9,1.000000,12,True,0,0
9127,0x15d90d,0.000000,11,False,1,3
9128,0xc7f3ba,1.000000,16,True,0,0
9129,0x86f4ec,0.666667,13,False,1,1
9130,0xf6a030,0.333333,10,False,2,2
9131,0xd964d0,0.000000,11,False,1,3
9132,0xc668e6,1.000000,12,True,0,0
9133,0xa38a00,0.000000,7,False,1,3
9134,0x80658c,1.000000,8,True,0,0
9135,0xc61efe,0.000000,15,False,1,3
9136,0x15647b,1.000000,12,True,0,0
9137,0xbec828,0.000000,11,False,1,3
9138,0x34aecd,0.666667,13,False,1,1
9139,0xaf2a09,0.000000,11,False,1,3
9140,0x62e280,1.000000,8,True,0,0
9141,0xbc8132,0.333333,10,False,2,2
9142,0x579bbb,1.000000,16,True,0,0
9143,0x2731de,0.666667,13,False,1,1
9144,0xa2e93a,1.000000,12,True,0,0
9145,0xea095,0.666667,9,False,1,1
9146,0x8c1e06,0.666667,9,False,1,1
9147,0x3d6304,0.333333,10,False,2,2
9148,0x22f6a5,1.000000,12,True,0,0
9149,0x492d44,0.666667,9,False,1,1
9150,0xdd4188,0.333333,10,False,2,2
9151,0xb9a1ed,0.333333,14,False,2,2
9152,0x273cd,0.000000,11,False,1,3
9153,0x498a52,0.666667,9,False,1,1
9154,0x27e03c,0.000000,11,False,1,3
9155,0xee5302,0.000000,11,False,1,3
9156,0x8298c,0.000000,7,False,1,3
9157,0x1400b7,1.000000,8,True,0,0
9158,0xff80af,0.000000,15,False,1,3
9159,0xc065db,1.000000,12,True,0,0
9160,0x35bdc0,1.000000,12,True,0,0
9161,0x8f1014,1.000000,8,True,0,0
9162,0x5b4694,0.000000,11,False,1,3
9163,0xa25ccf,0.666667,13,False,1,1
9164,0x8811cf,0.333333,10,False,2,2
9165,0x7a1e72,0.666667,13,False,1,1
9166,0x800dde,0.333333,10,False,2,2
9167,0x5748c4,0.333333,10,False,2,2
9168,0x6b248d,0.000000,11,False,1,3
9169,0x14f56c,1.000000,12,True,0,0
9170,0xb3a4c3,1.000000,12,True,0,0
9171,0xcbce40,0.000000,11,False,1,3
9172,0x9e2c72,1.000000,12,True,0,0
9173,0xea0331,0.333333,10,False,2,2
9174,0x726a18,0.333333,10,False,2,2
9175,0xde53c1,0.666667,13,False,1,1
9176,0xc9ea41,0.000000,11,False,1,3
9177,0x174443,0.666667,9,False,1,1
9178,0xfba290,1.000000,12,True,0,0
9179,0xde7f6f,0.000000,19,False,3,3
9180,0x17d747,0.333333,14,False,2,2
9181,0xb9539e,0.333333,14,False,2,2
9182,0xfc3b8c,0.333333,14,False,2,2
9183,0x57a339,0.666667,13,False,1,1
9184,0x79c715,0.666667,13,False,1,1
9185,0xa4a786,0.000000,11,False,1,3
9186,0xfeb49f,0.666667,17,False,1,1
9187,0xfed6c2,0.000000,15,False,1,3
9188,0x90eb00,1.000000,8,True,0,0
9189,0x69d837,0.666667,13,False,1,1
9190,0x121577,0.000000,11,False,1,3
9191,0x8e256d,1.000000,12,True,0,0
9192,0xf7c365,0.000000,15,False,1,3
9193,0xb17da0,1.000000,12,True,0,0
9194,0xb1890e,0.333333,10,False,2,2
9195,0xd1b74,0.000000,11,False,1,3
9196,0x31dbe1,0.666667,13,False,1,1
9197,0xe5ceb5,0.000000,15,False,1,3
9198,0xe3e9e5,0.000000,15,False,1,3
9199,0x399991,0.000000,11,False,1,3
9200,0x5f7ffa,0.000000,19,False,3,3
9201,0x73f5f6,0.666667,17,False,1,1
9202,0x9c6de5,0.333333,14,False,2,2
9203,0xa29d82,0.333333,10,False,2,2
9204,0xe10e1f,1.000000,12,True,0,0
9205,0xbd0822,0.666667,9,False,1,1
9206,0xa5e575,0.333333,14,False,2,2
9207,0xbfc525,0.333333,14,False,2,2
9208,0x2fab82,1.000000,12,True,0,0
9209,0x435a36,0.000000,11,False,1,3
9210,0x89a52c,0.333333,10,False,2,2
9211,0xcfc085,0.000000,11,False,1,3
9212,0x6cb49a,1.000000,12,True,0,0
9213,0xa85ed2,1.000000,12,True,0,0
9214,0x15dcb6,0.666667,13,False,1,1
9215,0xbc618f,0.666667,13,False,1,1
9216,0x4f8d0,0.666667,9,False,1,1
9217,0x8d12c7,0.000000,11,False,1,3
9218,0x59aa2a,0.000000,11,False,1,3
9219,0x34f271,1.000000,12,True,0,0
9220,0x61078f,0.000000,11,False,1,3
9221,0x36c2b9,1.000000,12,True,0,0
9222,0xbadd8a,0.333333,14,False,2,2
9223,0x47cc11,0.333333,10,False,2,2
9224,0x3da11b,1.000000,12,True,0,0
9225,0xbd8792,0.666667,13,False,1,1
9226,0x49462f,0.000000,11,False,1,3
9227,0x814566,0.666667,9,False,1,1
9228,0x8826e,1.000000,8,True,0,0
9229,0x44245f,0.333333,10,False,2,2
9230,0x9cf170,1.000000,12,True,0,0
9231,0x4c0951,1.000000,8,True,0,0
9232,0x110028,1.000000,4,False,4,0
9233,0xa20272,1.000000,8,True,0,0
9234,0x3037d3,1.000000,12,True,0,0
9235,0x65875f,0.333333,14,False,2,2
9236,0x4128ba,0.666667,9,False,1,1
9237,0xe20859,0.666667,9,False,1,1
9238,0xb2e427,1.000000,12,True,0,0
9239,0x58dd5d,0.333333,14,False,2,2
9240,0xdb686a,0.666667,13,False,1,1
9241,0xb6e301,0.000000,11,False,1,3
9242,0xceafdd,0.666667,17,False,1,1
9243,0xf18227,0.000000,11,False,1,3
9244,0x149a03,1.000000,8,True,0,0
9245,0x8ea222,0.666667,9,False,1,1
9246,0x850877,0.333333,10,False,2,2
9247,0xff942b,0.000000,15,False,1,3
9248,0xfa10d6,1.000000,12,True,0,0
9249,0x9195d,0.333333,10,False,2,2
9250,0x3651f,0.000000,11,False,1,3
9251,0x59255c,0.000000,11,False,1,3
9252,0xbf65a0,0.666667,13,False,1,1
9253,0x66187e,1.000000,12,True,0,0
9254,0x2f955c,0.666667,13,False,1,1
9255,0xd5a831,0.000000,11,False,1,3
9256,0x63592c,0.000000,11,False,1,3
9257,0x55d6df,1.000000,16,True,0,0
9258,0xa2742,1.000000,8,True,0,0
9259,0xcf2c8f,0.333333,14,False,2,2
9260,0x26f15e,0.666667,13,False,1,1
9261,0x2d0a8,0.000000,7,False,1,3
9262,0x7b831e,0.666667,13,False,1,1
9263,0xef753d,0.666667,17,False,1,1
9264,0x4d116d,0.000000,11,False,1,3
9265,0xecad29,0.666667,13,False,1,1
9266,0xd69a33,0.666667,13,False,1,1
9267,0x334b07,0.000000,11,False,1,3
9268,0x6a2280,0.000000,7,False,1,3
9269,0xb94caf,0.333333,14,False,2,2
9270,0xc173eb,0.333333,14,False,2,2
9271,0x47683f,0.666667,13,False,1,1
9272,0xe16a29,0.000000,11,False,1,3
9273,0xc512ea,0.000000,11,False,1,3
9274,0x22f1cd,1.000000,12,True,0,0
9275,0xb41218,1.000000,8,True,0,0
9276,0xa332df,0.333333,14,False,2,2
9277,0xea20f1,0.000000,11,False,1,3
9278,0x121094,0.333333,6,False,2,2
9279,0xc4ee36,0.666667,13,False,1,1
9280,0x81e1c8,0.666667,9,False,1,1
9281,0x7787ea,0.000000,15,False,1,3
9282,0xb1127d,1.000000,12,True,0,0
9283,0x993c4e,1.000000,12,True,0,0
9284,0x7eb33b,1.000000,16,True,0,0
9285,0xd09fd7,0.000000,15,False,1,3
9286,0xbd3e87,0.000000,15,False,1,3
9287,0x7bae30,0.666667,13,False,1,1
9288,0x510b29,0.666667,9,False,1,1
9289,0xe4bfab,1.000000,16,True,0,0
9290,0xa6c3de,0.333333,14,False,2,2
9291,0x6c213,1.000000,8,True,0,0
9292,0xdcd6e5,0.000000,15,False,1,3
9293,0xfc0b77,0.000000,15,False,1,3
9294,0x32df0a,1.000000,12,True,0,0
9295,0xb7e4fe,0.666667,17,False,1,1
9296,0x275fee,1.000000,16,True,0,0
9297,0x7f3a7e,0.666667,17,False,1,1
9298,0x808d,0.666667,5,False,3,1
9299,0x330ad7,1.000000,12,True,0,0
9300,0x42d201,0.000000,7,False,1,3
9301,0xb8066b,0.000000,11,False,1,3
9302,0x8e2272,0.333333,10,False,2,2
9303,0xeb36fc,1.000000,16,True,0,0
9304,0x74eea4,0.666667,13,False,1,1
9305,0xf9b53f,0.666667,17,False,1,1
9306,0x80815b,1.000000,8,True,0,0
9307,0x1896a5,0.333333,10,False,2,2
9308,0x53b35d,0.333333,14,False,2,2
9309,0xa5e3a7,0.333333,14,False,2,2
9310,0x8c2480,0.333333,6,False,2,2
9311,0x28eb4b,1.000000,12,True,0,0
9312,0xb201be,0.000000,11,False,1,3
9313,0x859e56,1.000000,12,True,0,0
9314,0x4c1c60,1.000000,8,True,0,0
9315,0x3afd72,0.000000,15,False,1,3
9316,0xdec2ff,0.666667,17,False,1,1
9317,0x7e1746,0.666667,13,False,1,1
9318,0x3e8a0c,0.333333,10,False,2,2
9319,0xaa0f2,0.666667,9,False,1,1
9320,0xeb9acb,0.000000,15,False,1,3
9321,0x1fb8d2,0.666667,13,False,1,1
9322,0xed04f,0.000000,11,False,1,3
9323,0x932014,0.000000,7,False,1,3
9324,0x39e4bf,0.000000,15,False,1,3
9325,0xc8b28,1.000000,8,True,0,0
9326,0x33db22,1.000000,12,True,0,0
9327,0x6d5c2e,0.666667,13,False,1,1
9328,0x5a1fa9,0.666667,13,False,1,1
9329,0x743a01,0.666667,9,False,1,1
9330,0xeb8fa4,0.333333,14,False,2,2
9331,0x6bb7d8,0.000000,15,False,1,3
9332,0x513307,0.333333,10,False,2,2
9333,0xab1700,0.666667,9,False,1,1
9334,0xcc331,0.666667,9,False,1,1
9335,0xc0dbfd,0.000000,15,False,1,3
9336,0x23fdef,0.666667,17,False,1,1
9337,0x2addce,0.333333,14,False,2,2
9338,0x15b2da,1.000000,12,True,0,0
9339,0x807405,0.000000,7,False,1,3
9340,0x5dffa6,0.666667,17,False,1,1
9341,0xb3c277,0.333333,14,False,2,2
9342,0x9cd4a,0.333333,10,False,2,2
9343,0x2ac540,1.000000,8,True,0,0
9344,0xa70945,0.333333,10,False,2,2
9345,0x1f2ba4,1.000000,12,True,0,0
9346,0x1b046d,0.333333,10,False,2,2
9347,0x8e5398,0.000000,11,False,1,3
9348,0xca8af,0.000000,11,False,1,3
9349,0x162713,0.333333,10,False,2,2
9350,0x4fa282,0.333333,10,False,2,2
9351,0xad761b,0.333333,14,False,2,2
9352,0x16a0c8,1.000000,8,True,0,0
9353,0x571844,0.666667,9,False,1,1
9354,0x79816a,0.000000,11,False,1,3
9355,0x8cba22,0.333333,10,False,2,2
9356,0x42c5ff,0.333333,14,False,2,2
9357,0xf155c8,1.000000,12,True,0,0
9358,0xd15778,0.666667,13,False,1,1
9359,0x9fcdaa,0.000000,15,False,1,3
9360,0xc033a4,0.666667,9,False,1,1
9361,0x6d25a2,0.000000,11,False,1,3
9362,0x9ba7c8,0.666667,13,False,1,1
9363,0x2834bd,0.000000,11,False,1,3
9364,0xa239aa,0.000000,11,False,1,3
9365,0x53ce84,0.000000,11,False,1,3
9366,0x5c49d4,0.000000,11,False,1,3
9367,0xb2907a,0.000000,11,False,1,3
9368,0xd5319e,0.666667,13,False,1,1
9369,0x5591f5,0.666667,13,False,1,1
9370,0x50f8fe,0.333333,14,False,2,2
9371,0x32ebb3,0.333333,14,False,2,2
9372,0xb9a03f,0.666667,13,False,1,1
9373,0xf3f804,1.000000,12,True,0,0
9374,0x18c12d,0.666667,9,False,1,1
9375,0x6c4d10,0.666667,9,False,1,1
9376,0xa7a0b,0.333333,10,False,2,2
9377,0x781f1e,0.666667,13,False,1,1
9378,0xe37d07,0.333333,14,False,2,2
9379,0x966248,0.666667,9,False,1,1
9380,0x38e0d6,0.000000,11,False,1,3
9381,0x1fa6b1,0.666667,13,False,1,1
9382,0xc51663,0.000000,11,False,1,3
9383,0x37dfdb,0.333333,18,False,2,2
9384,0xa3a615,0.000000,11,False,1,3
9385,0x9d284f,1.000000,12,True,0,0
9386,0xfbb564,0.000000,15,False,1,3
9387,0x9fa5,0.333333,10,False,2,2
9388,0x42d69b,1.000000,12,True,0,0
9389,0x788142,1.000000,8,True,0,0
9390,0x7a5798,0.666667,13,False,1,1
9391,0x7abe98,0.333333,14,False,2,2
9392,0x635c20,0.666667,9,False,1,1
9393,0xc0e93e,1.000000,12,True,0,0
9394,0x441ba4,0.666667,9,False,1,1
9395,0x893d40,0.666667,9,False,1,1
9396,0xf0882c,0.666667,9,False,1,1
9397,0x7df37b,0.333333,18,False,2,2
9398,0x4acbf0,1.000000,12,True,0,0
9399,0x2c19b2,0.333333,10,False,2,2
9400,0xa1cb5d,0.666667,13,False,1,1
9401,0x2e1b07,0.000000,11,False,1,3
9402,0x10e1f2,0.333333,10,False,2,2
9403,0x87b5ec,0.333333,14,False,2,2
9404,0xfea1bf,0.666667,17,False,1,1
9405,0x8a83c5,0.333333,10,False,2,2
9406,0xaf6309,1.000000,12,True,0,0
9407,0xca470a,0.333333,10,False,2,2
9408,0xc44ed3,1.000000,12,True,0,0
9409,0x2e58f,0.000000,11,False,1,3
9410,0xd783fc,0.000000,15,False,1,3
9411,0x789494,0.333333,10,False,2,2
9412,0x99558b,1.000000,12,True,0,0
9413,0x99a573,0.666667,13,False,1,1
9414,0x30bf1b,0.666667,13,False,1,1
9415,0x57ff75,0.333333,18,False,2,2
9416,0x3246bb,1.000000,12,True,0,0
9417,0xef10c,0.333333,10,False,2,2
9418,0xd866ab,0.666667,13,False,1,1
9419,0x679152,0.000000,11,False,1,3
9420,0x88fffe,0.666667,17,False,1,1
9421,0x4ff068,1.000000,12,True,0,0
9422,0x50e94b,0.000000,11,False,1,3
9423,0xad72c8,1.000000,12,True,0,0
9424,0xcbb626,0.666667,13,False,1,1
9425,0xa2e896,0.000000,11,False,1,3
9426,0xb3d6ac,0.333333,14,False,2,2
9427,0xf2d0e6,0.666667,13,False,1,1
9428,0xbc25f0,1.000000,12,True,0,0
9429,0x63b1e8,1.000000,12,True,0,0
9430,0xf81042,1.000000,8,True,0,0
9431,0xb77204,0.000000,11,False,1,3
9432,0x1ddc9d,0.333333,14,False,2,2
9433,0xa12689,0.666667,9,False,1,1
9434,0x4244e8,1.000000,8,True,0,0
9435,0xe3c7bf,0.666667,17,False,1,1
9436,0xf250aa,0.000000,11,False,1,3
9437,0x9aad68,1.000000,12,True,0,0
9438,0x4ba7b6,0.333333,14,False,2,2
9439,0x31b32e,1.000000,12,True,0,0
9440,0xb833e5,0.666667,13,False,1,1
9441,0x99b2f7,0.000000,15,False,1,3
9442,0x643475,0.000000,11,False,1,3
9443,0x5543a6,0.000000,11,False,1,3
9444,0xcf1843,0.000000,11,False,1,3
9445,0x67e489,1.000000,12,True,0,0
9446,0x6618b3,0.000000,11,False,1,3
9447,0xc2bead,0.333333,14,False,2,2
9448,0xf73c82,0.666667,13,False,1,1
9449,0x100565,0.000000,7,False,1,3
9450,0xdc88ad,1.000000,12,True,0,0
9451,0x3918bd,1.000000,12,True,0,0
9452,0x13cac4,0.333333,10,False,2,2
9453,0xe86580,0.666667,9,False,1,1
9454,0xa93f2f,0.000000,15,False,1,3
9455,0xe92a9f,0.333333,14,False,2,2
9456,0x3967c0,0.000000,11,False,1,3
9457,0xe7b933,0.000000,15,False,1,3
9458,0x86bd2,0.333333,10,False,2,2
9459,0xa457f4,0.666667,13,False,1,1
9460,0xc5a018,1.000000,8,True,0,0
9461,0x8bc0e7,1.000000,12,True,0,0
9462,0x6bce1f,0.000000,15,False,1,3
9463,0xbf494e,0.333333,14,False,2,2
9464,0xe4404e,0.666667,9,False,1,1
9465,0x2e6440,1.000000,8,True,0,0
9466,0xc5fe13,0.333333,14,False,2,2
9467,0x6f0c04,0.666667,9,False,1,1
9468,0xc3ac8c,0.000000,11,False,1,3
9469,0xdeaaaf,1.000000,16,True,0,0
9470,0xd3265d,0.666667,13,False,1,1
9471,0x2dd243,0.000000,11,False,1,3
9472,0x99c1c,0.666667,9,False,1,1
9473,0xd33b4c,0.666667,13,False,1,1
9474,0x5d7698,0.666667,13,False,1,1
9475,0xa96a44,0.333333,10,False,2,2
9476,0x7bd8dd,1.000000,16,True,0,0
9477,0x6e14d1,0.000000,11,False,1,3
9478,0xa8e8fe,0.333333,14,False,2,2
9479,0x554b12,0.333333,10,False,2,2
9480,0x46f21,0.666667,9,False,1,1
9481,0xea564b,0.666667,13,False,1,1
9482,0x244e0e,0.666667,9,False,1,1
9483,0x7422e5,0.000000,11,False,1,3
9484,0xe65327,0.666667,13,False,1,1
9485,0xe7028b,0.000000,11,False,1,3
9486,0xac6270,0.333333,10,False,2,2
9487,0x595475,1.000000,12,True,0,0
9488,0xf7d977,0.333333,18,False,2,2
9489,0xf2ef79,0.666667,17,False,1,1
9490,0x29f423,0.000000,11,False,1,3
9491,0xff0a7c,0.000000,15,False,1,3
9492,0xaad093,0.000000,11,False,1,3
9493,0xcb4a81,0.333333,10,False,2,2
9494,0xa1ca92,0.333333,10,False,2,2
9495,0xdeecf2,1.000000,16,True,0,0
9496,0x12e11d,0.333333,10,False,2,2
9497,0x957878,1.000000,12,True,0,0
9498,0x20786d,0.333333,10,False,2,2
9499,0x3d2176,1.000000,12,True,0,0
9500,0xe16bd3,0.333333,14,False,2,2
9501,0x203daa,0.333333,10,False,2,2
9502,0x5b5c8e,0.666667,13,False,1,1
9503,0xa867e5,0.666667,13,False,1,1
9504,0x5c84f2,0.000000,11,False,1,3
9505,0x6e2cab,0.666667,13,False,1,1
9506,0x5987cf,0.333333,14,False,2,2
9507,0x471935,0.000000,11,False,1,3
9508,0xe0e3f,1.000000,12,True,0,0
9509,0x6597d0,1.000000,12,True,0,0
9510,0xb813e6,1.000000,12,True,0,0
9511,0xdf0073,1.000000,12,True,0,0
9512,0x415563,0.333333,10,False,2,2
9513,0xb49dcb,0.333333,14,False,2,2
9514,0x4b0dee,0.666667,13,False,1,1
9515,0x4a5b9e,0.666667,13,False,1,1
9516,0x346984,0.666667,9,False,1,1
9517,0x57cfa6,0.000000,15,False,1,3
9518,0xaefa89,0.333333,14,False,2,2
9519,0xb65db5,0.000000,15,False,1,3
9520,0x4ce858,0.333333,10,False,2,2
9521,0x42f352,0.000000,11,False,1,3
9522,0xe975c,1.000000,12,True,0,0
9523,0x4da91f,0.666667,13,False,1,1
9524,0x805fbf,0.333333,14,False,2,2
9525,0x1aae2e,1.000000,12,True,0,0
9526,0xe91aac,1.000000,12,True,0,0
9527,0x2191f5,0.000000,11,False,1,3
9528,0x101cb3,0.666667,9,False,1,1
9529,0xda0f23,1.000000,12,True,0,0
9530,0x43d78f,0.333333,14,False,2,2
9531,0x30348d,0.666667,9,False,1,1
9532,0x349dc1,0.000000,11,False,1,3
9533,0xcef7bb,0.333333,18,False,2,2
9534,0x2f270b,1.000000,12,True,0,0
9535,0x3d10fd,0.666667,13,False,1,1
9536,0x615e7b,0.333333,14,False,2,2
9537,0x918562,0.666667,9,False,1,1
9538,0xd349bc,0.666667,13,False,1,1
9539,0x7bb1a3,0.333333,14,False,2,2
9540,0xfa1945,1.000000,12,True,0,0
9541,0x4caf6,0.000000,11,False,1,3
9542,0xeb313c,0.666667,13,False,1,1
9543,0xc4486a,0.666667,9,False,1,1
9544,0x17d697,0.333333,14,False,2,2
9545,0xd4df8e,0.000000,15,False,1,3
9546,0x206e1e,0.333333,10,False,2,2
9547,0x8cbf87,0.333333,14,False,2,2
9548,0x1b0a96,0.333333,10,False,2,2
9549,0xc714a6,0.000000,11,False,1,3
9550,0xfcc34f,0.000000,15,False,1,3
9551,0xacb094,0.333333,10,False,2,2
9552,0x5f9bae,1.000000,16,True,0,0
9553,0xfaa966,0.333333,14,False,2,2
9554,0x5369e2,1.000000,12,True,0,0
9555,0xddbd09,0.333333,14,False,2,2
9556,0xd9bcad,0.000000,15,False,1,3
9557,0xfc60e1,1.000000,12,True,0,0
9558,0x416282,0.000000,7,False,1,3
9559,0x1ad880,1.000000,8,True,0,0
9560,0x920e8,0.000000,7,False,1,3
9561,0x23194b,0.333333,10,False,2,2
9562,0x5ccb95,0.666667,13,False,1,1
9563,0xf24914,0.333333,10,False,2,2
9564,0x8f025c,0.333333,10,False,2,2
9565,0x82d002,0.333333,6,False,2,2
9566,0x731bd7,0.000000,15,False,1,3
9567,0x914c8f,0.000000,11,False,1,3
9568,0xde2c87,0.666667,13,False,1,1
9569,0x16b125,0.333333,10,False,2,2
9570,0x738090,1.000000,8,True,0,0
9571,0xc98fd7,0.000000,15,False,1,3
9572,0x1db2df,0.000000,15,False,1,3
9573,0x5e1327,1.000000,12,True,0,0
9574,0xc2b6fe,0.000000,15,False,1,3
9575,0x848c5,0.000000,7,False,1,3
9576,0x518c02,0.000000,7,False,1,3
9577,0x90ad89,0.333333,10,False,2,2
9578,0x62d589,0.000000,11,False,1,3
9579,0xc6cbb4,0.666667,13,False,1,1
9580,0x7059b8,0.000000,11,False,1,3
9581,0x973154,0.000000,11,False,1,3
9582,0x12c87d,0.000000,11,False,1,3
9583,0x31e4ec,1.000000,12,True,0,0
9584,0x57ea2,0.000000,11,False,1,3
9585,0xc7b2c1,1.000000,12,True,0,0
9586,0x1fe621,1.000000,12,True,0,0
9587,0x12365e,0.000000,11,False,1,3
9588,0xbfdf04,0.000000,15,False,1,3
9589,0xfd8274,0.666667,13,False,1,1
9590,0xbf11fa,0.000000,15,False,1,3
9591,0xce24c7,1.000000,12,True,0,0
9592,0xfc2850,0.333333,10,False,2,2
9593,0x58b447,0.000000,11,False,1,3
9594,0xe71288,0.333333,10,False,2,2
9595,0x6c64b,0.333333,10,False,2,2
9596,0x63ce,0.666667,9,False,1,1
9597,0x30804,1.000000,4,False,4,0
9598,0x4472f9,1.000000,12,True,0,0
9599,0x72d367,0.333333,14,False,2,2
9600,0xf11179,1.000000,12,True,0,0
9601,0xb0674,0.666667,9,False,1,1
9602,0x4ceb78,0.666667,13,False,1,1
9603,0x8db75c,0.333333,14,False,2,2
9604,0xaac758,1.000000,12,True,0,0
9605,0xcae228,0.333333,10,False,2,2
9606,0x19d615,0.000000,11,False,1,3
9607,0xa99b9e,0.333333,14,False,2,2
9608,0xcf5804,0.333333,10,False,2,2
9609,0x537d86,0.666667,13,False,1,1
9610,0x477448,0.333333,10,False,2,2
9611,0x14fc7a,0.666667,13,False,1,1
9612,0x10ca63,0.666667,9,False,1,1
9613,0x19ef64,0.666667,13,False,1,1
9614,0x9d151,0.666667,9,False,1,1
9615,0x81b2af,1.000000,12,True,0,0
9616,0x3da300,0.666667,9,False,1,1
9617,0xa3e25d,0.666667,13,False,1,1
9618,0x8692a3,0.333333,10,False,2,2
9619,0xf9b204,0.000000,11,False,1,3
9620,0x60741a,0.666667,9,False,1,1
9621,0xff8c03,0.666667,13,False,1,1
9622,0xb38bc1,1.000000,12,True,0,0
9623,0x282fab,1.000000,12,True,0,0
9624,0xbc827e,0.666667,13,False,1,1
9625,0xcd7f5f,0.333333,18,False,2,2
9626,0xf3c534,0.666667,13,False,1,1
9627,0x1a7889,0.333333,10,False,2,2
9628,0xff9c5e,0.666667,17,False,1,1
9629,0x539b57,0.333333,14,False,2,2
9630,0xd53605,0.000000,11,False,1,3
9631,0x9434cc,0.333333,10,False,2,2
9632,0xa84371,0.333333,10,False,2,2
9633,0xe19f8e,0.333333,14,False,2,2
9634,0x4c7414,0.666667,9,False,1,1
9635,0xb63acb,0.333333,14,False,2,2
9636,0xaf2cb1,0.666667,13,False,1,1
9637,0xdca7a4,0.666667,13,False,1,1
9638,0x4fdece,1.000000,16,True,0,0
9639,0x13f044,0.666667,9,False,1,1
9640,0x4ef4eb,0.000000,15,False,1,3
9641,0xb833ed,0.333333,14,False,2,2
9642,0x1b8aac,0.000000,11,False,1,3
9643,0x5c425,1.000000,8,True,0,0
9644,0x55438c,0.333333,10,False,2,2
9645,0xf78b24,0.666667,13,False,1,1
9646,0x1f3be0,0.666667,13,False,1,1
9647,0xecf53d,1.000000,16,True,0,0
9648,0x5c5cf,1.000000,12,True,0,0
9649,0xaf4f7b,0.666667,17,False,1,1
9650,0x95c1db,0.666667,13,False,1,1
9651,0xa0dd62,0.000000,11,False,1,3
9652,0x7007f8,0.000000,11,False,1,3
9653,0x590cf5,1.000000,12,True,0,0
9654,0x21d79f,0.333333,14,False,2,2
9655,0xd8c139,0.000000,11,False,1,3
9656,0x339cb0,0.000000,11,False,1,3
9657,0x700b92,0.666667,9,False,1,1
9658,0x40f3dd,0.666667,13,False,1,1
9659,0xdcf4b,0.666667,13,False,1,1
9660,0x68760c,0.333333,10,False,2,2
9661,0x9cbfee,0.666667,17,False,1,1
9662,0xb93da8,0.666667,13,False,1,1
9663,0x88cae7,1.000000,12,True,0,0
9664,0x9d4dbb,0.000000,15,False,1,3
9665,0xa7644,0.666667,9,False,1,1
9666,0xddf340,0.666667,13,False,1,1
9667,0xf4f952,0.333333,14,False,2,2
9668,0xe0b4e2,0.000000,11,False,1,3
9669,0xc3e239,1.000000,12,True,0,0
9670,0x5554e6,1.000000,12,True,0,0
9671,0xbfd844,0.666667,13,False,1,1
9672,0xa8dacb,0.666667,13,False,1,1
9673,0xa2c168,0.666667,9,False,1,1
9674,0xa43a17,0.000000,11,False,1,3
9675,0xd0496,1.000000,8,True,0,0
9676,0x6a1d34,0.000000,11,False,1,3
9677,0x9c13e1,0.000000,11,False,1,3
9678,0x324a50,1.000000,8,True,0,0
9679,0x539ad4,1.000000,12,True,0,0
9680,0xd4c666,1.000000,12,True,0,0
9681,0xe0a92b,0.000000,11,False,1,3
9682,0x7e434a,1.000000,12,True,0,0
9683,0x3e3ab4,0.666667,13,False,1,1
9684,0x875f75,0.000000,15,False,1,3
9685,0x5cad7a,0.333333,14,False,2,2
9686,0x2aa997,1.000000,12,True,0,0
9687,0x875e40,0.333333,10,False,2,2
9688,0xd0e27c,1.000000,12,True,0,0
9689,0x5e49ff,1.000000,16,True,0,0
9690,0xd4f8b2,0.666667,13,False,1,1
9691,0xdd8437,0.666667,13,False,1,1
9692,0xd7ff40,0.000000,15,False,1,3
9693,0xd7f28,1.000000,12,True,0,0
9694,0xb25abc,0.666667,13,False,1,1
9695,0x579ab1,0.666667,13,False,1,1
9696,0xf7cd4a,0.000000,15,False,1,3
9697,0xb4dd6e,0.000000,15,False,1,3
9698,0x414b3e,0.000000,11,False,1,3
9699,0x72cc53,1.000000,12,True,0,0
9700,0xf0586f,0.666667,13,False,1,1
9701,0x762cde,0.333333,14,False,2,2
9702,0xe56cc9,0.666667,13,False,1,1
9703,0x1318e7,0.000000,11,False,1,3
9704,0xf964dc,0.333333,14,False,2,2
9705,0x9ee1f2,0.333333,14,False,2,2
9706,0x73df21,0.333333,14,False,2,2
9707,0x57cea7,0.000000,15,False,1,3
9708,0x4ecb38,1.000000,12,True,0,0
9709,0xeaa28b,1.000000,12,True,0,0
9710,0xf4c7fb,0.666667,17,False,1,1
9711,0xcc90e9,0.000000,11,False,1,3
9712,0x45a3fa,0.666667,13,False,1,1
9713,0x3ad506,0.000000,11,False,1,3
9714,0x4f0377,0.666667,13,False,1,1
9715,0xcdde76,1.000000,16,True,0,0
9716,0x1210f5,0.666667,9,False,1,1
9717,0x34f765,0.333333,14,False,2,2
9718,0xdfcb2,0.666667,13,False,1,1
9719,0x5185a7,0.000000,11,False,1,3
9720,0xa1d97c,0.666667,13,False,1,1
9721,0x87021f,0.333333,10,False,2,2
9722,0x10e8c,0.000000,7,False,1,3
9723,0x68530f,0.000000,11,False,1,3
9724,0x9d4691,0.000000,11,False,1,3
9725,0x973fb0,0.333333,14,False,2,2
9726,0xdc291b,1.000000,12,True,0,0
9727,0x7cf14e,0.333333,14,False,2,2
9728,0xe289e0,0.333333,10,False,2,2
9729,0x890e2f,0.000000,11,False,1,3
9730,0x38b94,0.666667,9,False,1,1
9731,0x5d827f,0.333333,14,False,2,2
9732,0x3442f,0.666667,9,False,1,1
9733,0xcb94b5,0.666667,13,False,1,1
9734,0x35c6bb,0.333333,14,False,2,2
9735,0x3f019a,0.000000,11,False,1,3
9736,0x2285e0,1.000000,8,True,0,0
9737,0x20f41a,0.666667,9,False,1,1
9738,0x9bfa0b,0.333333,14,False,2,2
9739,0xe33998,1.000000,12,True,0,0
9740,0x6ad64c,1.000000,12,True,0,0
9741,0x6da3,0.666667,9,False,1,1
9742,0x7c999e,0.333333,14,False,2,2
9743,0xda1b92,1.000000,12,True,0,0
9744,0xf18aae,0.666667,13,False,1,1
9745,0x7f5ad7,0.666667,17,False,1,1
9746,0xf3d6f8,1.000000,16,True,0,0
9747,0xbf22b8,0.666667,13,False,1,1
9748,0x4577c2,1.000000,12,True,0,0
9749,0xb5782b,0.666667,13,False,1,1
9750,0x9e6f68,0.333333,14,False,2,2
9751,0xd6e0e9,0.666667,13,False,1,1
9752,0x3c6172,0.000000,11,False,1,3
9753,0x509d84,0.666667,9,False,1,1
9754,0x9a08a3,0.666667,9,False,1,1
9755,0xbb46c9,0.666667,13,False,1,1
9756,0x24f0cc,0.333333,10,False,2,2
9757,0xa2e4cb,1.000000,12,True,0,0
9758,0x405860,0.333333,6,False,2,2
9759,0x3daf6,0.666667,13,False,1,1
9760,0x3171b2,0.000000,11,False,1,3
9761,0x685192,0.666667,9,False,1,1
9762,0xbf6c9a,0.000000,15,False,1,3
9763,0x2caf09,0.000000,11,False,1,3
9764,0xb3f4e4,0.333333,14,False,2,2
9765,0x6d8114,0.666667,9,False,1,1
9766,0x4a206d,0.666667,9,False,1,1
9767,0xf2a33f,0.000000,15,False,1,3
9768,0x307fb1,0.666667,13,False,1,1
9769,0xf7198b,0.333333,14,False,2,2
9770,0x70ff84,0.666667,13,False,1,1
9771,0x8f1898,0.333333,10,False,2,2
9772,0x33eef1,0.000000,15,False,1,3
9773,0xea7251,1.000000,12,True,0,0
9774,0x22d1b9,0.000000,11,False,1,3
9775,0xb94bc0,0.000000,11,False,1,3
9776,0x3bcb4e,0.333333,14,False,2,2
9777,0x49c7ba,0.666667,13,False,1,1
9778,0x6904af,0.000000,11,False,1,3
9779,0xbd01ea,1.000000,12,True,0,0
9780,0x4bbbcb,0.000000,15,False,1,3
9781,0x524771,0.000000,11,False,1,3
9782,0xb7472c,0.666667,13,False,1,1
9783,0x5f028e,0.000000,11,False,1,3
9784,0xf2dac8,0.666667,13,False,1,1
9785,0xfb8a74,0.333333,14,False,2,2
9786,0xf2e11c,1.000000,12,True,0,0
9787,0x4e04b2,0.666667,9,False,1,1
9788,0x21c224,0.000000,7,False,1,3
9789,0x1430dd,0.333333,10,False,2,2
9790,0x406ff7,0.333333,14,False,2,2
9791,0x8c6c19,0.333333,10,False,2,2
9792,0x3589d6,1.000000,12,True,0,0
9793,0x6cdda4,0.666667,13,False,1,1
9794,0x932502,1.000000,8,True,0,0
9795,0x650d5c,0.000000,11,False,1,3
9796,0x6c543c,0.000000,11,False,1,3
9797,0x643eee,0.333333,14,False,2,2
9798,0x1a8ef8,1.000000,12,True,0,0
9799,0x5168f0,0.333333,10,False,2,2
9800,0x14b601,1.000000,8,True,0,0
9801,0xaf2c4,0.333333,10,False,2,2
9802,0x40398e,0.666667,9,False,1,1
9803,0x615e6c,1.000000,12,True,0,0
9804,0x34348,0.000000,7,False,1,3
9805,0xfe8bfe,0.333333,18,False,2,2
9806,0x6de9dc,0.000000,15,False,1,3
9807,0xcf8595,0.666667,13,False,1,1
9808,0xac2cdc,1.000000,12,True,0,0
9809,0xa93abc,0.666667,13,False,1,1
9810,0xd621fd,0.333333,14,False,2,2
9811,0x455526,0.333333,10,False,2,2
9812,0xf1e012,0.333333,10,False,2,2
9813,0x1edc30,0.000000,11,False,1,3
9814,0xb476bd,0.000000,15,False,1,3
9815,0x17a6b2,1.000000,12,True,0,0
9816,0x9b16d8,1.000000,12,True,0,0
9817,0x92e9c9,1.000000,12,True,0,0
9818,0x482c52,1.000000,8,True,0,0
9819,0xf135c3,0.666667,13,False,1,1
9820,0x692fff,0.666667,17,False,1,1
9821,0xc07302,1.000000,8,True,0,0
9822,0x765b2e,0.333333,14,False,2,2
9823,0x9df024,0.000000,11,False,1,3
9824,0x3366e7,0.333333,14,False,2,2
9825,0x88646e,0.333333,10,False,2,2
9826,0x6cc0a1,0.666667,9,False,1,1
9827,0xb1871b,1.000000,12,True,0,0
9828,0x1040da,0.000000,7,False,1,3
9829,0x179c35,1.000000,12,True,0,0
9830,0x266e32,0.000000,11,False,1,3
9831,0xeffe48,1.000000,16,True,0,0
9832,0x45c491,0.666667,9,False,1,1
9833,0x8a0f3a,0.000000,11,False,1,3
9834,0x12617,1.000000,8,True,0,0
9835,0x6911c8,0.666667,9,False,1,1
9836,0x56a51c,0.000000,11,False,1,3
9837,0xc6272b,1.000000,12,True,0,0
9838,0xc14c04,0.000000,7,False,1,3
9839,0x1f05fb,0.333333,14,False,2,2
9840,0x59159f,0.666667,13,False,1,1
9841,0xf5602c,0.000000,11,False,1,3
9842,0xd80a03,1.000000,8,True,0,0
9843,0x85793e,0.666667,13,False,1,1
9844,0x14f649,0.000000,11,False,1,3
9845,0x88d4f9,1.000000,12,True,0,0
9846,0xae8a80,0.666667,9,False,1,1
9847,0xefe0de,1.000000,16,True,0,0
9848,0xeaceec,0.000000,15,False,1,3
9849,0xa5151c,0.333333,10,False,2,2
9850,0xd198a2,0.333333,10,False,2,2
9851,0xa6101b,0.666667,9,False,1,1
9852,0x77fea4,1.000000,16,True,0,0
9853,0x8f7945,0.666667,13,False,1,1
9854,0x90ac6f,1.000000,12,True,0,0
9855,0xeeb6a7,1.000000,16,True,0,0
9856,0x9bb8b7,0.000000,15,False,1,3
9857,0xc77622,1.000000,12,True,0,0
9858,0x54e8fd,0.333333,14,False,2,2
9859,0xb70055,0.333333,10,False,2,2
9860,0x726c29,0.000000,11,False,1,3
9861,0x1cbde7,0.000000,15,False,1,3
9862,0x275ff4,0.000000,15,False,1,3
9863,0x9f15c,0.000000,11,False,1,3
9864,0x54a73f,0.333333,14,False,2,2
9865,0xc6f9d6,0.000000,15,False,1,3
9866,0xccc073,0.000000,11,False,1,3
9867,0xc73c47,0.666667,13,False,1,1
9868,0x5cf0d5,0.666667,13,False,1,1
9869,0x9cdbd5,0.000000,15,False,1,3
9870,0x8bf8cc,0.666667,13,False,1,1
9871,0x26d1ae,1.000000,12,True,0,0
9872,0xcd9f21,0.666667,13,False,1,1
9873,0xcf99b5,0.000000,15,False,1,3
9874,0x636301,0.666667,9,False,1,1
9875,0xe8407e,0.000000,11,False,1,3
9876,0xd935c2,1.000000,12,True,0,0
9877,0x589472,0.333333,10,False,2,2
9878,0x7dbc99,0.000000,15,False,1,3
9879,0x148a14,0.000000,7,False,1,3
9880,0x73f94c,0.333333,14,False,2,2
9881,0xb3947a,0.666667,13,False,1,1
9882,0xa33a1,0.666667,9,False,1,1
9883,0x170297,0.333333,10,False,2,2
9884,0x8ee51b,0.666667,13,False,1,1
9885,0xaca6be,0.333333,14,False,2,2
9886,0xd5250,1.000000,8,True,0,0
9887,0x11a598,0.666667,9,False,1,1
9888,0x8484d2,1.000000,8,True,0,0
9889,0x1e9251,0.333333,10,False,2,2
9890,0x76121c,0.333333,10,False,2,2
9891,0xc1a9ae,1.000000,12,True,0,0
9892,0xa3a437,1.000000,12,True,0,0
9893,0x4a6f82,0.000000,11,False,1,3
9894,0xd21e5e,0.666667,13,False,1,1
9895,0xcf77f8,0.666667,17,False,1,1
9896,0xd0d6c9,1.000000,12,True,0,0
9897,0xbef228,0.666667,13,False,1,1
9898,0x651c62,0.333333,10,False,2,2
9899,0x2e12fd,0.666667,13,False,1,1
9900,0xb8c14e,0.000000,11,False,1,3
9901,0xbe4c17,0.666667,13,False,1,1
9902,0x84625b,0.333333,10,False,2,2
9903,0x94ae18,0.333333,10,False,2,2
9904,0x3a3e62,1.000000,12,True,0,0
9905,0xaf1d03,1.000000,12,True,0,0
9906,0x528bc0,0.666667,9,False,1,1
9907,0x3934ca,0.000000,11,False,1,3
9908,0x9460e1,0.666667,9,False,1,1
9909,0x2c515b,0.000000,11,False,1,3
9910,0xd12f70,1.000000,12,True,0,0
9911,0x7011e8,0.666667,9,False,1,1
9912,0xbedf49,1.000000,16,True,0,0
9913,0x34ff5f,0.666667,17,False,1,1
9914,0xcfe608,1.000000,12,True,0,0
9915,0x8c6da7,0.666667,13,False,1,1
9916,0xca520,0.000000,7,False,1,3
9917,0xbf006f,0.666667,13,False,1,1
9918,0x802a10,0.666667,5,False,3,1
9919,0x2d45c0,0.666667,9,False,1,1
9920,0x5a257e,0.666667,13,False,1,1
9921,0x73d516,0.666667,13,False,1,1
9922,0x2281c9,1.000000,8,True,0,0
9923,0x100641,0.666667,5,False,3,1
9924,0x185bfb,0.333333,14,False,2,2
9925,0xbf7561,0.000000,15,False,1,3
9926,0x77a4a9,0.666667,13,False,1,1
9927,0xcfb986,0.333333,14,False,2,2
9928,0x936e9f,0.000000,15,False,1,3
9929,0x59c5f1,0.666667,13,False,1,1
9930,0xae58c8,0.000000,11,False,1,3
9931,0xb64235,0.000000,11,False,1,3
9932,0x9e7c03,1.000000,12,True,0,0
9933,0xfbb75b,0.333333,18,False,2,2
9934,0xec39c5,0.666667,13,False,1,1
9935,0xddb576,1.000000,16,True,0,0
9936,0x8718e3,0.000000,11,False,1,3
9937,0xff7e64,0.666667,17,False,1,1
9938,0xb80e0f,0.000000,11,False,1,3
9939,0x914887,0.666667,9,False,1,1
9940,0xbc8db5,0.333333,14,False,2,2
9941,0x2bc3ae,0.666667,13,False,1,1
9942,0xd7ed93,1.000000,16,True,0,0
9943,0xb07b04,0.333333,10,False,2,2
9944,0xe61c3b,0.666667,13,False,1,1
9945,0xb627f1,0.333333,14,False,2,2
9946,0xd175fc,0.000000,15,False,1,3
9947,0xddc888,0.000000,11,False,1,3
9948,0xc3d6ad,0.333333,14,False,2,2
9949,0x86c577,0.666667,13,False,1,1
9950,0xc29e73,0.666667,13,False,1,1
9951,0xa030fe,0.000000,11,False,1,3
9952,0x9d97c3,0.333333,14,False,2,2
9953,0x98e96d,0.666667,13,False,1,1
9954,0x3dddac,0.000000,15,False,1,3
9955,0xb8ae2,0.333333,10,False,2,2
9956,0x17b183,0.000000,11,False,1,3
9957,0x4c1687,0.333333,10,False,2,2
9958,0xd378bb,0.000000,15,False,1,3
9959,0xdcb3b9,0.000000,15,False,1,3
9960,0x5774cb,0.333333,14,False,2,2
9961,0x75a31f,0.333333,14,False,2,2
9962,0x6c6191,0.333333,10,False,2,2
9963,0xa9f180,0.333333,10,False,2,2
9964,0x52d7bc,0.333333,14,False,2,2
9965,0xacdd15,0.666667,13,False,1,1
9966,0xa4ca70,0.333333,10,False,2,2
9967,0x97334e,0.666667,13,False,1,1
9968,0xbfe6ae,0.666667,17,False,1,1
9969,0x4aa121,1.000000,8,True,0,0
9970,0x1a2472,0.666667,9,False,1,1
9971,0xad4b18,0.000000,11,False,1,3
9972,0xfedf30,1.000000,16,True,0,0
9973,0x3dd191,1.000000,12,True,0,0
9974,0x2a469a,0.333333,10,False,2,2
9975,0x9482e8,0.666667,9,False,1,1
9976,0xb046da,0.000000,11,False,1,3
9977,0x73f6ab,1.000000,16,True,0,0
9978,0x98a46e,0.000000,11,False,1,3
9979,0x1d4c0c,0.666667,9,False,1,1
9980,0xe1a3ed,0.333333,14,False,2,2
9981,0xed87d2,0.333333,14,False,2,2
9982,0xde3bf6,0.666667,17,False,1,1
9983,0xb1601e,0.333333,10,False,2,2
9984,0x75c48a,0.000000,11,False,1,3
9985,0x45dd1,0.333333,10,False,2,2
9986,0x61f607,1.000000,12,True,0,0
9987,0x22a3b1,0.333333,10,False,2,2
9988,0x8a3c4,1.000000,8,True,0,0
9989,0x3522e8,0.333333,10,False,2,2
9990,0x1f1af3,0.333333,14,False,2,2
9991,0x8b4f09,0.000000,11,False,1,3
9992,0xa6e894,0.000000,11,False,1,3
9993,0x60f2d1,0.000000,11,False,1,3
9994,0x8d13eb,0.666667,13,False,1,1
9995,0xd1a6d8,1.000000,12,True,0,0
9996,0xd382de,0.666667,13,False,1,1
9997,0xd59171,1.000000,12,True,0,0
9998,0x97f0be,0.000000,15,False,1,3
9999,0x7920c0,1.000000,8,True,0,0
10000,0xcc8289,0.666667,9,False,1,1
