sample_id,offbit_value,tgic_coherence,weight,is_golay_codeword,distance_to_codeword_weight,golay_parity_mod_4
1,0xb93589,1.000000,12,True,0,0
2,0x2fd835,0.666667,13,False,1,1
3,0x306343,0.666667,9,False,1,1
4,0xd8463e,1.000000,12,True,0,0
5,0x870178,0.666667,9,False,1,1
6,0xd740cd,1.000000,12,True,0,0
7,0xa55e01,0.333333,10,False,2,2
8,0xa4ac14,0.666667,9,False,1,1
9,0x6cd3dc,0.333333,14,False,2,2
10,0x207d06,0.666667,9,False,1,1
11,0x577247,0.666667,13,False,1,1
12,0xe6e7fc,0.666667,17,False,1,1
13,0x4dbd54,0.666667,13,False,1,1
14,0x2868a8,1.000000,8,True,0,0
15,0x740ee9,1.000000,12,True,0,0
16,0x32aa4c,0.333333,10,False,2,2
17,0x3f2523,1.000000,12,True,0,0
18,0x440eba,0.333333,10,False,2,2
19,0x90de11,0.333333,10,False,2,2
20,0x7f6111,1.000000,12,True,0,0
21,0x85df02,0.000000,11,False,1,3
22,0x32ac93,0.000000,11,False,1,3
23,0x1714bf,0.666667,13,False,1,1
24,0x851978,0.333333,10,False,2,2
25,0xca5dfe,1.000000,16,True,0,0
26,0xe77d21,0.333333,14,False,2,2
27,0xd94b69,0.666667,13,False,1,1
28,0xc5a25a,0.000000,11,False,1,3
29,0x5ec324,0.000000,11,False,1,3
30,0xdd6b29,0.333333,14,False,2,2
31,0xad4622,0.333333,10,False,2,2
32,0x96284a,0.666667,9,False,1,1
33,0x55ec52,1.000000,12,True,0,0
34,0x821404,0.666667,5,False,3,1
35,0xef102,0.666667,9,False,1,1
36,0x166d49,0.000000,11,False,1,3
37,0x73603a,0.000000,11,False,1,3
38,0xf8f420,0.000000,11,False,1,3
39,0x783dd7,0.000000,15,False,1,3
40,0x90d3be,0.666667,13,False,1,1
41,0xec6e8e,0.333333,14,False,2,2
42,0xfa1c9,0.000000,11,False,1,3
43,0x25d0f0,0.333333,10,False,2,2
44,0x235dce,0.666667,13,False,1,1
45,0xaad4b5,0.666667,13,False,1,1
46,0x2f46bd,0.333333,14,False,2,2
47,0xa2080d,0.000000,7,False,1,3
48,0xc57458,0.000000,11,False,1,3
49,0xdb4678,0.666667,13,False,1,1
50,0x7fded0,1.000000,16,True,0,0
51,0xac42c9,0.333333,10,False,2,2
52,0x5fa42b,0.666667,13,False,1,1
53,0xee12cc,1.000000,12,True,0,0
54,0xd0fb68,0.666667,13,False,1,1
55,0x6e0f1e,0.666667,13,False,1,1
56,0x262751,0.333333,10,False,2,2
57,0x1007ac,1.000000,8,True,0,0
58,0x2e7050,0.666667,9,False,1,1
59,0xa79639,0.666667,13,False,1,1
60,0xcad267,0.666667,13,False,1,1
61,0x8dbbc7,0.000000,15,False,1,3
62,0x5f99fd,0.666667,17,False,1,1
63,0xc4f2d,0.000000,11,False,1,3
64,0x750651,0.333333,10,False,2,2
65,0x51fcbb,0.000000,15,False,1,3
66,0x5a1e2b,1.000000,12,True,0,0
67,0x9de254,1.000000,12,True,0,0
68,0x5ebb98,0.333333,14,False,2,2
69,0xd0c6a4,0.333333,10,False,2,2
70,0xe216ed,0.666667,13,False,1,1
71,0x6a3e83,1.000000,12,True,0,0
72,0x769d11,1.000000,12,True,0,0
73,0x5b911b,1.000000,12,True,0,0
74,0x17b770,0.666667,13,False,1,1
75,0xa75c19,1.000000,12,True,0,0
76,0xe85265,0.000000,11,False,1,3
77,0xcea04a,0.333333,10,False,2,2
78,0xe308df,0.666667,13,False,1,1
79,0x480d33,0.666667,9,False,1,1
80,0x895ac9,0.000000,11,False,1,3
81,0xac341e,0.000000,11,False,1,3
82,0xb94000,0.333333,6,False,2,2
83,0xec55e2,0.666667,13,False,1,1
84,0xaaaf77,1.000000,16,True,0,0
85,0xfc2590,0.000000,11,False,1,3
86,0x7444ee,1.000000,12,True,0,0
87,0xbfe336,1.000000,16,True,0,0
88,0x9fcf92,0.000000,15,False,1,3
89,0x670bdf,0.000000,15,False,1,3
90,0x10d2b4,0.666667,9,False,1,1
91,0x2d917,0.333333,10,False,2,2
92,0xec6d41,1.000000,12,True,0,0
93,0x71a8bb,0.666667,13,False,1,1
94,0xf7f48c,0.000000,15,False,1,3
95,0x370f5a,0.666667,13,False,1,1
96,0x8a8c51,0.666667,9,False,1,1
97,0x4121b1,1.000000,8,True,0,0
98,0x967943,1.000000,12,True,0,0
99,0xdda5ae,0.000000,15,False,1,3
100,0x9b0d85,0.000000,11,False,1,3
101,0xa506b5,0.000000,11,False,1,3
102,0xbe0eff,0.666667,17,False,1,1
103,0x85e925,0.000000,11,False,1,3
104,0xae4656,1.000000,12,True,0,0
105,0x33feaf,0.666667,17,False,1,1
106,0xe1e292,0.000000,11,False,1,3
107,0x56c8a0,0.666667,9,False,1,1
108,0xd0dda6,0.666667,13,False,1,1
109,0xc7f79f,0.333333,18,False,2,2
110,0x9e5df2,0.000000,15,False,1,3
111,0x59724b,1.000000,12,True,0,0
112,0x4db4fe,0.000000,15,False,1,3
113,0xe3f2a1,0.666667,13,False,1,1
114,0xd54f90,1.000000,12,True,0,0
115,0xe06a04,1.000000,8,True,0,0
116,0x8d02a7,0.333333,10,False,2,2
117,0x7b21f1,0.666667,13,False,1,1
118,0x862a49,0.666667,9,False,1,1
119,0x58c179,0.000000,11,False,1,3
120,0xda8964,0.000000,11,False,1,3
121,0xc4711b,0.000000,11,False,1,3
122,0xbf1241,0.000000,11,False,1,3
123,0xd0903e,0.333333,10,False,2,2
124,0x52338d,0.000000,11,False,1,3
125,0x872117,0.333333,10,False,2,2
126,0x5a16c0,0.666667,9,False,1,1
127,0x19a4ff,0.333333,14,False,2,2
128,0x922195,0.666667,9,False,1,1
129,0x510852,0.000000,7,False,1,3
130,0x39c5e5,0.666667,13,False,1,1
131,0xfaab95,0.000000,15,False,1,3
132,0xb4b09e,1.000000,12,True,0,0
133,0xe6c641,0.000000,11,False,1,3
134,0xe8501a,0.666667,9,False,1,1
135,0x79c051,0.333333,10,False,2,2
136,0x7c9b1c,0.666667,13,False,1,1
137,0x93d61c,1.000000,12,True,0,0
138,0x1e22e3,0.000000,11,False,1,3
139,0x878db7,0.333333,14,False,2,2
140,0x5dc346,1.000000,12,True,0,0
141,0x768d3,0.000000,11,False,1,3
142,0x7d55e7,1.000000,16,True,0,0
143,0xf705d1,0.666667,13,False,1,1
144,0x88b4d8,0.333333,10,False,2,2
145,0x639406,0.666667,9,False,1,1
146,0x23648d,0.333333,10,False,2,2
147,0x758a84,0.333333,10,False,2,2
148,0x43d41b,0.000000,11,False,1,3
149,0x4e67be,0.000000,15,False,1,3
150,0x662ba9,1.000000,12,True,0,0
151,0x15dc45,0.000000,11,False,1,3
152,0x947caa,1.000000,12,True,0,0
153,0xd30b01,0.666667,9,False,1,1
154,0xd57bd6,1.000000,16,True,0,0
155,0xe81b1b,1.000000,12,True,0,0
156,0x8f049e,0.000000,11,False,1,3
157,0xd2cf0f,0.333333,14,False,2,2
158,0xa538a1,0.333333,10,False,2,2
159,0xd61a3,0.333333,10,False,2,2
160,0xe7e3a0,0.666667,13,False,1,1
161,0xfb76c2,0.000000,15,False,1,3
162,0x9c6023,0.666667,9,False,1,1
163,0xf6f8a9,0.000000,15,False,1,3
164,0xb5437c,0.666667,13,False,1,1
165,0x5de54b,0.333333,14,False,2,2
166,0x56dc96,0.666667,13,False,1,1
167,0xaaa19e,1.000000,12,True,0,0
168,0x73c7e5,0.000000,15,False,1,3
169,0x6849f5,1.000000,12,True,0,0
170,0xf9715d,0.000000,15,False,1,3
171,0x75428d,0.000000,11,False,1,3
172,0x9a3ef2,0.333333,14,False,2,2
173,0x3465f,0.000000,11,False,1,3
174,0xc1c43a,0.333333,10,False,2,2
175,0x34e8e8,0.000000,11,False,1,3
176,0xce7bf7,0.333333,18,False,2,2
177,0xf314d0,0.000000,11,False,1,3
178,0xaf774b,1.000000,16,True,0,0
179,0x383d0e,0.000000,11,False,1,3
180,0xcba510,0.333333,10,False,2,2
181,0x4de5f6,0.000000,15,False,1,3
182,0xd7c170,1.000000,12,True,0,0
183,0x5fac,0.333333,10,False,2,2
184,0x689b07,0.000000,11,False,1,3
185,0x58f342,0.000000,11,False,1,3
186,0x72ae94,1.000000,12,True,0,0
187,0x2d689e,1.000000,12,True,0,0
188,0xe991e7,0.333333,14,False,2,2
189,0x8a48ef,1.000000,12,True,0,0
190,0xb1c738,1.000000,12,True,0,0
191,0xa8b6cd,0.666667,13,False,1,1
192,0x95a8f7,0.333333,14,False,2,2
193,0x439a00,0.000000,7,False,1,3
194,0xf1a0be,0.666667,13,False,1,1
195,0x6d3578,0.666667,13,False,1,1
196,0xea5ad1,0.666667,13,False,1,1
197,0x64e8ec,1.000000,12,True,0,0
198,0xc9637,0.000000,11,False,1,3
199,0x50510a,0.000000,7,False,1,3
200,0x9f208a,0.333333,10,False,2,2
201,0x62c06e,0.333333,10,False,2,2
202,0x833138,0.666667,9,False,1,1
203,0xd7c590,1.000000,12,True,0,0
204,0xa1a2f2,0.000000,11,False,1,3
205,0xb7c097,0.666667,13,False,1,1
206,0xd3970b,0.666667,13,False,1,1
207,0x757bb4,0.000000,15,False,1,3
208,0x929e7b,0.333333,14,False,2,2
209,0xce767a,0.000000,15,False,1,3
210,0xb5cdaf,1.000000,16,True,0,0
211,0x238333,0.333333,10,False,2,2
212,0xc5e581,0.000000,11,False,1,3
213,0x9d0065,0.666667,9,False,1,1
214,0xe3b527,0.333333,14,False,2,2
215,0x4f7cd0,0.666667,13,False,1,1
216,0x11a543,0.666667,9,False,1,1
217,0x9b32f5,0.333333,14,False,2,2
218,0xf001e2,0.666667,9,False,1,1
219,0x205dd3,0.000000,11,False,1,3
220,0x989453,0.333333,10,False,2,2
221,0x6fd157,0.000000,15,False,1,3
222,0x89eef8,0.333333,14,False,2,2
223,0x87f965,0.333333,14,False,2,2
224,0x156ec3,1.000000,12,True,0,0
225,0xc9c589,0.000000,11,False,1,3
226,0x981315,0.666667,9,False,1,1
227,0xe2e409,0.333333,10,False,2,2
228,0x39198d,0.000000,11,False,1,3
229,0xf9a951,0.666667,13,False,1,1
230,0x7876bc,0.333333,14,False,2,2
231,0xbabdcc,0.000000,15,False,1,3
232,0xb14d0d,0.000000,11,False,1,3
233,0x390f1d,1.000000,12,True,0,0
234,0xd32d97,0.333333,14,False,2,2
235,0xead7ed,0.666667,17,False,1,1
236,0x2d1bd1,1.000000,12,True,0,0
237,0x5d62ab,0.666667,13,False,1,1
238,0xa60cdf,0.666667,13,False,1,1
239,0x977a20,0.000000,11,False,1,3
240,0x2d31cb,1.000000,12,True,0,0
241,0x39304a,0.666667,9,False,1,1
242,0x7510be,1.000000,12,True,0,0
243,0x5dc9b4,0.666667,13,False,1,1
244,0x88b08d,0.666667,9,False,1,1
245,0x1da86c,0.000000,11,False,1,3
246,0x1adf19,0.666667,13,False,1,1
247,0x830019,0.333333,6,False,2,2
248,0x7a9405,0.333333,10,False,2,2
249,0x3a5e49,1.000000,12,True,0,0
250,0x601e47,0.333333,10,False,2,2
251,0x2bb85,0.333333,10,False,2,2
252,0x49a73,0.333333,10,False,2,2
253,0x98db12,0.000000,11,False,1,3
254,0xc3dcce,0.333333,14,False,2,2
255,0x66b42c,0.000000,11,False,1,3
256,0xb45b8e,0.666667,13,False,1,1
257,0xbb0733,0.666667,13,False,1,1
258,0xf028d2,0.333333,10,False,2,2
259,0x8a468b,0.333333,10,False,2,2
260,0x610003,0.666667,5,False,3,1
261,0xca0741,0.666667,9,False,1,1
262,0x9b8148,0.666667,9,False,1,1
263,0xdffead,0.000000,19,False,3,3
264,0xe76c4,0.000000,11,False,1,3
265,0xd2b71d,0.333333,14,False,2,2
266,0xcb1864,0.333333,10,False,2,2
267,0xf3d0ca,0.666667,13,False,1,1
268,0x8344b,1.000000,8,True,0,0
269,0x46f1af,0.333333,14,False,2,2
270,0xdc630e,1.000000,12,True,0,0
271,0x9576bb,0.000000,15,False,1,3
272,0xda1ed3,0.333333,14,False,2,2
273,0xdf0781,1.000000,12,True,0,0
274,0x6708fc,1.000000,12,True,0,0
275,0x745428,0.666667,9,False,1,1
276,0xba555f,0.000000,15,False,1,3
277,0x1fe65b,0.000000,15,False,1,3
278,0x8170c1,1.000000,8,True,0,0
279,0x2a74e,0.333333,10,False,2,2
280,0xdd7e28,0.333333,14,False,2,2
281,0xe54a55,1.000000,12,True,0,0
282,0x47a816,0.333333,10,False,2,2
283,0x8494aa,0.666667,9,False,1,1
284,0x609c0,0.333333,6,False,2,2
285,0xe24ec,0.333333,10,False,2,2
286,0xf294f2,0.666667,13,False,1,1
287,0x35d78c,0.666667,13,False,1,1
288,0xa310c4,1.000000,8,True,0,0
289,0x67b3dd,1.000000,16,True,0,0
290,0xbc9e17,0.333333,14,False,2,2
291,0x1f2b4d,0.666667,13,False,1,1
292,0xf950ab,0.666667,13,False,1,1
293,0x4afb2d,0.333333,14,False,2,2
294,0x202c54,0.000000,7,False,1,3
295,0x10d9b7,1.000000,12,True,0,0
296,0x4cadbf,0.000000,15,False,1,3
297,0xaea77,0.666667,13,False,1,1
298,0xe38cde,0.333333,14,False,2,2
299,0x7f04eb,0.333333,14,False,2,2
300,0xdd3460,0.000000,11,False,1,3
301,0xfefb3f,1.000000,20,False,4,0
302,0x228238,0.000000,7,False,1,3
303,0xa4fbef,0.666667,17,False,1,1
304,0x6225f,0.333333,10,False,2,2
305,0xf3c004,0.666667,9,False,1,1
306,0xd7c041,0.333333,10,False,2,2
307,0x1300bb,0.666667,9,False,1,1
308,0xa189d,0.666667,9,False,1,1
309,0x5ceeb8,0.333333,14,False,2,2
310,0x24d519,0.333333,10,False,2,2
311,0xe52f07,0.666667,13,False,1,1
312,0xcd6c3f,0.000000,15,False,1,3
313,0x502d99,0.333333,10,False,2,2
314,0xf4f6a3,0.000000,15,False,1,3
315,0xeff79e,0.000000,19,False,3,3
316,0x87304,0.000000,7,False,1,3
317,0x22ecf0,0.000000,11,False,1,3
318,0xd85310,0.666667,9,False,1,1
319,0xb3a2c3,1.000000,12,True,0,0
320,0xdb9e29,0.333333,14,False,2,2
321,0x79d047,1.000000,12,True,0,0
322,0x985c3c,0.000000,11,False,1,3
323,0xfcd47,0.666667,13,False,1,1
324,0x2d6b98,1.000000,12,True,0,0
325,0xdeaff9,0.333333,18,False,2,2
326,0x7868a3,0.000000,11,False,1,3
327,0xdbe77f,0.000000,19,False,3,3
328,0xd80c01,0.000000,7,False,1,3
329,0xba4c22,0.333333,10,False,2,2
330,0x4f35ea,0.333333,14,False,2,2
331,0xd3b9b2,0.333333,14,False,2,2
332,0xd3f8df,0.666667,17,False,1,1
333,0x3569f4,0.666667,13,False,1,1
334,0x68c0ba,0.333333,10,False,2,2
335,0x8316ac,0.333333,10,False,2,2
336,0xfccad3,0.000000,15,False,1,3
337,0x38dce6,0.666667,13,False,1,1
338,0x9f78d1,0.333333,14,False,2,2
339,0xac099,1.000000,8,True,0,0
340,0x9ad179,0.666667,13,False,1,1
341,0xa1d66e,0.666667,13,False,1,1
342,0x395385,0.000000,11,False,1,3
343,0x208751,1.000000,8,True,0,0
344,0xbd49ec,0.333333,14,False,2,2
345,0xe6967e,0.000000,15,False,1,3
346,0xd6b274,0.666667,13,False,1,1
347,0x33dd32,0.666667,13,False,1,1
348,0x85ad9c,1.000000,12,True,0,0
349,0x8184dc,0.666667,9,False,1,1
350,0xee6719,0.333333,14,False,2,2
351,0xf3259c,0.666667,13,False,1,1
352,0xd851e0,0.333333,10,False,2,2
353,0x5b1fc6,0.333333,14,False,2,2
354,0x5faa8f,0.000000,15,False,1,3
355,0x527425,0.333333,10,False,2,2
356,0xd4ca1e,1.000000,12,True,0,0
357,0x932512,0.666667,9,False,1,1
358,0x7135cc,1.000000,12,True,0,0
359,0x604870,0.000000,7,False,1,3
360,0xae8f1b,0.333333,14,False,2,2
361,0xe0269b,0.000000,11,False,1,3
362,0xe7c5bf,0.666667,17,False,1,1
363,0x816f5c,1.000000,12,True,0,0
364,0xca93c5,1.000000,12,True,0,0
365,0x856f80,0.333333,10,False,2,2
366,0x78bb37,0.000000,15,False,1,3
367,0xa4c6e5,1.000000,12,True,0,0
368,0x51cbce,0.666667,13,False,1,1
369,0xc741d7,0.666667,13,False,1,1
370,0xa95c19,0.000000,11,False,1,3
371,0xbe4442,0.333333,10,False,2,2
372,0x56ef2f,1.000000,16,True,0,0
373,0xf400d9,0.333333,10,False,2,2
374,0x58af8e,0.666667,13,False,1,1
375,0x861189,1.000000,8,True,0,0
376,0x2618e4,0.666667,9,False,1,1
377,0x3bf110,0.000000,11,False,1,3
378,0xdc6235,1.000000,12,True,0,0
379,0xba2619,0.000000,11,False,1,3
380,0x84aee8,0.000000,11,False,1,3
381,0x76b3e8,0.333333,14,False,2,2
382,0x85c56a,0.000000,11,False,1,3
383,0xfbb323,0.000000,15,False,1,3
384,0x4ab04c,0.666667,9,False,1,1
385,0xea34b6,0.666667,13,False,1,1
386,0x3e5c2c,1.000000,12,True,0,0
387,0x1b9def,1.000000,16,True,0,0
388,0xbc5dec,0.000000,15,False,1,3
389,0x159c25,0.333333,10,False,2,2
390,0x11cd54,0.333333,10,False,2,2
391,0x19f50e,1.000000,12,True,0,0
392,0x9c0682,1.000000,8,True,0,0
393,0x491f18,0.333333,10,False,2,2
394,0xd0b3ed,0.333333,14,False,2,2
395,0xd36ea6,0.333333,14,False,2,2
396,0xb41658,0.333333,10,False,2,2
397,0x4fdfdb,0.333333,18,False,2,2
398,0x21ef74,0.666667,13,False,1,1
399,0xf2eb5f,0.666667,17,False,1,1
400,0xe9e2d3,0.333333,14,False,2,2
401,0xc9c994,0.000000,11,False,1,3
402,0x20df02,0.666667,9,False,1,1
403,0x6bb620,0.000000,11,False,1,3
404,0x1197cc,0.000000,11,False,1,3
405,0xc97689,1.000000,12,True,0,0
406,0x2f2b3b,0.333333,14,False,2,2
407,0xbe6fd7,0.333333,18,False,2,2
408,0xc8a68d,0.000000,11,False,1,3
409,0xee7d62,0.000000,15,False,1,3
410,0xe52a85,0.000000,11,False,1,3
411,0x92f415,0.000000,11,False,1,3
412,0xe0fdef,0.666667,17,False,1,1
413,0x6cf251,1.000000,12,True,0,0
414,0x2fc6bb,0.000000,15,False,1,3
415,0xd78e77,1.000000,16,True,0,0
416,0xde8b10,0.000000,11,False,1,3
417,0xb6737,0.666667,13,False,1,1
418,0x54246b,0.333333,10,False,2,2
419,0x9a89ce,1.000000,12,True,0,0
420,0xb13a5c,1.000000,12,True,0,0
421,0xa805df,1.000000,12,True,0,0
422,0xc2653e,1.000000,12,True,0,0
423,0x19fd8c,0.666667,13,False,1,1
424,0xa20c54,1.000000,8,True,0,0
425,0xd5cb92,0.666667,13,False,1,1
426,0x9fc25c,0.666667,13,False,1,1
427,0x82d987,0.000000,11,False,1,3
428,0x10b53b,0.000000,11,False,1,3
429,0xebe25b,0.000000,15,False,1,3
430,0x994248,1.000000,8,True,0,0
431,0x4103b0,0.000000,7,False,1,3
432,0x4f0ed,0.000000,11,False,1,3
433,0xd26128,0.666667,9,False,1,1
434,0x27494e,0.000000,11,False,1,3
435,0x63b0f2,1.000000,12,True,0,0
436,0xe2296c,0.000000,11,False,1,3
437,0x2a5060,0.000000,7,False,1,3
438,0xa40136,1.000000,8,True,0,0
439,0x384552,0.666667,9,False,1,1
440,0x9f8b98,0.666667,13,False,1,1
441,0x41528a,1.000000,8,True,0,0
442,0x65b1aa,1.000000,12,True,0,0
443,0x3a6a05,0.333333,10,False,2,2
444,0x45a1c5,0.333333,10,False,2,2
445,0xfa3a69,0.333333,14,False,2,2
446,0x97a200,1.000000,8,True,0,0
447,0xc47d18,0.000000,11,False,1,3
448,0x8ac02d,0.666667,9,False,1,1
449,0xaff6f4,0.666667,17,False,1,1
450,0xaea0eb,0.666667,13,False,1,1
451,0xbf0bff,0.333333,18,False,2,2
452,0x48e445,0.666667,9,False,1,1
453,0x44bfdf,1.000000,16,True,0,0
454,0xabf5d0,0.333333,14,False,2,2
455,0xe1b4e9,0.666667,13,False,1,1
456,0x5ee207,1.000000,12,True,0,0
457,0xaf5886,1.000000,12,True,0,0
458,0x2cbb2c,1.000000,12,True,0,0
459,0x7c28b6,1.000000,12,True,0,0
460,0x4a2011,0.333333,6,False,2,2
461,0xd6e038,0.000000,11,False,1,3
462,0x7df752,1.000000,16,True,0,0
463,0x13d768,1.000000,12,True,0,0
464,0xf5029d,1.000000,12,True,0,0
465,0xd16b26,1.000000,12,True,0,0
466,0x49730f,1.000000,12,True,0,0
467,0xe63faf,0.666667,17,False,1,1
468,0x477a61,1.000000,12,True,0,0
469,0xde259d,0.333333,14,False,2,2
470,0xdec632,0.666667,13,False,1,1
471,0x2ca618,0.666667,9,False,1,1
472,0x972efd,1.000000,16,True,0,0
473,0xb1ec5a,0.666667,13,False,1,1
474,0x4a1b32,0.333333,10,False,2,2
475,0x9f7186,0.666667,13,False,1,1
476,0xcfa904,0.000000,11,False,1,3
477,0xe79aa0,1.000000,12,True,0,0
478,0x1dda0a,0.000000,11,False,1,3
479,0xadd2de,0.000000,15,False,1,3
480,0x8c6618,0.666667,9,False,1,1
481,0xaede22,0.666667,13,False,1,1
482,0xb5f712,0.333333,14,False,2,2
483,0x63719,0.333333,10,False,2,2
484,0x3504b4,0.666667,9,False,1,1
485,0x4ab8f5,0.666667,13,False,1,1
486,0x3fee98,0.000000,15,False,1,3
487,0x46b399,1.000000,12,True,0,0
488,0xf61f08,1.000000,12,True,0,0
489,0x15f2a7,0.666667,13,False,1,1
490,0x227a4,1.000000,8,True,0,0
491,0xdfd70b,1.000000,16,True,0,0
492,0x12b6b6,1.000000,12,True,0,0
493,0xc3ad9a,0.666667,13,False,1,1
494,0x529dc9,1.000000,12,True,0,0
495,0x15227,1.000000,8,True,0,0
496,0xf6678b,0.000000,15,False,1,3
497,0xbf05d2,0.666667,13,False,1,1
498,0x5dfe9e,0.666667,17,False,1,1
499,0x96cd43,1.000000,12,True,0,0
500,0xf2bb69,0.000000,15,False,1,3
501,0xcd7beb,0.666667,17,False,1,1
502,0xfffcec,0.000000,19,False,3,3
503,0x4d7b11,1.000000,12,True,0,0
504,0xde2be,0.666667,13,False,1,1
505,0x454339,0.333333,10,False,2,2
506,0xc535d9,0.666667,13,False,1,1
507,0xda4e3,0.000000,11,False,1,3
508,0x22013,0.666667,5,False,3,1
509,0xe349b5,0.666667,13,False,1,1
510,0xae7750,0.666667,13,False,1,1
511,0xbcf345,0.333333,14,False,2,2
512,0xdea4d0,1.000000,12,True,0,0
513,0xed2c52,1.000000,12,True,0,0
514,0xa30bc2,0.333333,10,False,2,2
515,0x78058b,0.333333,10,False,2,2
516,0xdf0f92,0.333333,14,False,2,2
517,0x31c0a7,0.333333,10,False,2,2
518,0xd736b1,0.333333,14,False,2,2
519,0x33f6ef,0.666667,17,False,1,1
520,0x4c908b,0.666667,9,False,1,1
521,0x19179c,0.000000,11,False,1,3
522,0x5ff733,0.666667,17,False,1,1
523,0x247a0f,0.000000,11,False,1,3
524,0x4bdf5d,1.000000,16,True,0,0
525,0x5ea6fa,0.000000,15,False,1,3
526,0x365fd2,0.333333,14,False,2,2
527,0xa2f961,1.000000,12,True,0,0
528,0x228647,0.666667,9,False,1,1
529,0x3b6fdd,0.666667,17,False,1,1
530,0xdae1b4,0.666667,13,False,1,1
531,0xc6117a,0.000000,11,False,1,3
532,0xadf65c,0.000000,15,False,1,3
533,0xdf88a7,0.333333,14,False,2,2
534,0xb11bdc,0.666667,13,False,1,1
535,0xcd73a9,0.333333,14,False,2,2
536,0x8405e6,0.666667,9,False,1,1
537,0xe77140,0.000000,11,False,1,3
538,0x56daf3,0.000000,15,False,1,3
539,0x6ccf6c,0.333333,14,False,2,2
540,0xc0d3cf,0.666667,13,False,1,1
541,0xc6cf00,0.333333,10,False,2,2
542,0x4da054,0.666667,9,False,1,1
543,0x9ccaad,0.666667,13,False,1,1
544,0x10d5b7,1.000000,12,True,0,0
545,0x8696f7,0.333333,14,False,2,2
546,0x58f59e,0.333333,14,False,2,2
547,0x7b750d,0.333333,14,False,2,2
548,0x5df7a3,1.000000,16,True,0,0
549,0x56278a,0.000000,11,False,1,3
550,0xfb9633,0.000000,15,False,1,3
551,0x6ba375,0.333333,14,False,2,2
552,0x1a0658,1.000000,8,True,0,0
553,0xc9defe,0.666667,17,False,1,1
554,0xfccd0b,0.333333,14,False,2,2
555,0xa48f87,1.000000,12,True,0,0
556,0x876c7a,0.666667,13,False,1,1
557,0xe8843e,0.000000,11,False,1,3
558,0xab0e48,0.333333,10,False,2,2
559,0xd77728,0.333333,14,False,2,2
560,0xa2a943,0.333333,10,False,2,2
561,0x65358c,0.000000,11,False,1,3
562,0xa28dd5,1.000000,12,True,0,0
563,0x7fed05,0.000000,15,False,1,3
564,0xd7e133,0.333333,14,False,2,2
565,0x9464ae,0.000000,11,False,1,3
566,0x163539,0.000000,11,False,1,3
567,0x322ae5,0.000000,11,False,1,3
568,0x5e69b7,0.000000,15,False,1,3
569,0x3c9d5b,0.333333,14,False,2,2
570,0x2eaba3,0.666667,13,False,1,1
571,0x8f84a2,0.333333,10,False,2,2
572,0xa15ba6,1.000000,12,True,0,0
573,0x2241ec,0.666667,9,False,1,1
574,0xd08b56,0.000000,11,False,1,3
575,0xd693b6,0.333333,14,False,2,2
576,0x23733,0.333333,10,False,2,2
577,0x1ba8ce,1.000000,12,True,0,0
578,0x47db63,0.333333,14,False,2,2
579,0x1cdcfd,0.000000,15,False,1,3
580,0xfbf470,0.000000,15,False,1,3
581,0xf7433e,0.000000,15,False,1,3
582,0x152e50,0.666667,9,False,1,1
583,0x291686,0.666667,9,False,1,1
584,0xb2c1a6,0.000000,11,False,1,3
585,0xfec828,1.000000,12,True,0,0
586,0xd45d71,0.666667,13,False,1,1
587,0x475cd5,0.666667,13,False,1,1
588,0xfab579,1.000000,16,True,0,0
589,0x4a9e0b,0.000000,11,False,1,3
590,0x8ea69e,0.666667,13,False,1,1
591,0x2694e1,0.333333,10,False,2,2
592,0xbc07b2,1.000000,12,True,0,0
593,0xb501,0.333333,6,False,2,2
594,0x604d26,0.666667,9,False,1,1
595,0xf1dfae,0.666667,17,False,1,1
596,0x3b3949,1.000000,12,True,0,0
597,0xcdd1c,0.000000,11,False,1,3
598,0x480833,0.000000,7,False,1,3
599,0xcec023,0.333333,10,False,2,2
600,0x96d8f4,0.666667,13,False,1,1
601,0x90d22e,0.333333,10,False,2,2
602,0xf500da,0.000000,11,False,1,3
603,0x9a2d85,0.000000,11,False,1,3
604,0xf2d7b,0.333333,14,False,2,2
605,0xdfe5d8,1.000000,16,True,0,0
606,0x6e3f5,0.666667,13,False,1,1
607,0x95b214,0.333333,10,False,2,2
608,0xbc2a4d,1.000000,12,True,0,0
609,0xe46056,0.333333,10,False,2,2
610,0x85db13,1.000000,12,True,0,0
611,0xeffdfd,0.666667,21,False,3,1
612,0x24067f,0.000000,11,False,1,3
613,0xe461bc,1.000000,12,True,0,0
614,0x6ce00a,0.666667,9,False,1,1
615,0x21722c,0.666667,9,False,1,1
616,0x99b6d0,1.000000,12,True,0,0
617,0x7a87bf,1.000000,16,True,0,0
618,0xcb7c3b,0.000000,15,False,1,3
619,0x6c4a58,0.333333,10,False,2,2
620,0xaefa27,0.000000,15,False,1,3
621,0x9dedc,0.666667,13,False,1,1
622,0x311e87,0.000000,11,False,1,3
623,0x628b8e,0.000000,11,False,1,3
624,0x44e753,1.000000,12,True,0,0
625,0x8ee00,0.000000,7,False,1,3
626,0x9b3a90,0.000000,11,False,1,3
627,0x18689f,0.000000,11,False,1,3
628,0x4e74dd,0.333333,14,False,2,2
629,0xa4b702,0.333333,10,False,2,2
630,0x91dda3,0.666667,13,False,1,1
631,0x226d9e,1.000000,12,True,0,0
632,0xd86cd,0.000000,11,False,1,3
633,0xb21422,1.000000,8,True,0,0
634,0xba3239,1.000000,12,True,0,0
635,0x61bb76,0.333333,14,False,2,2
636,0xf6a009,0.333333,10,False,2,2
637,0x55a94a,0.000000,11,False,1,3
638,0xbce42,0.333333,10,False,2,2
639,0xc4ce8b,1.000000,12,True,0,0
640,0xa247c7,1.000000,12,True,0,0
641,0xfc13cd,0.333333,14,False,2,2
642,0x630080,0.666667,5,False,3,1
643,0x448f20,1.000000,8,True,0,0
644,0xf7a21d,0.333333,14,False,2,2
645,0x313cdc,1.000000,12,True,0,0
646,0x124625,1.000000,8,True,0,0
647,0xe19485,0.333333,10,False,2,2
648,0x47884a,0.666667,9,False,1,1
649,0x8e0ceb,1.000000,12,True,0,0
650,0x2f6ebb,1.000000,16,True,0,0
651,0x4b0405,0.000000,7,False,1,3
652,0xcdf059,0.666667,13,False,1,1
653,0x41ef47,0.666667,13,False,1,1
654,0x4a38,0.333333,6,False,2,2
655,0x239c79,1.000000,12,True,0,0
656,0xcbaf1,1.000000,12,True,0,0
657,0x67208b,0.333333,10,False,2,2
658,0x4bc291,0.333333,10,False,2,2
659,0xba11ad,1.000000,12,True,0,0
660,0xfc6309,1.000000,12,True,0,0
661,0xe83249,0.333333,10,False,2,2
662,0x9f6f5,0.333333,14,False,2,2
663,0x3319e6,1.000000,12,True,0,0
664,0x2e3a19,0.000000,11,False,1,3
665,0xa97fa8,0.333333,14,False,2,2
666,0x90ddd9,0.666667,13,False,1,1
667,0xd656e7,0.000000,15,False,1,3
668,0x386284,1.000000,8,True,0,0
669,0x5c465b,1.000000,12,True,0,0
670,0x7bfcab,0.666667,17,False,1,1
671,0x5121e3,0.333333,10,False,2,2
672,0xf018d2,0.333333,10,False,2,2
673,0xfaa729,0.333333,14,False,2,2
674,0x5464ce,0.000000,11,False,1,3
675,0x8cf4a4,0.000000,11,False,1,3
676,0xb27722,1.000000,12,True,0,0
677,0x56599d,0.666667,13,False,1,1
678,0xf88ce6,0.666667,13,False,1,1
679,0x6c2a54,0.333333,10,False,2,2
680,0x99aed4,0.666667,13,False,1,1
681,0x69dc5f,0.000000,15,False,1,3
682,0xb69a69,0.666667,13,False,1,1
683,0xc0fddc,0.333333,14,False,2,2
684,0x8d8d2d,1.000000,12,True,0,0
685,0x6f4444,0.333333,10,False,2,2
686,0xfc8964,1.000000,12,True,0,0
687,0x2778fd,0.000000,15,False,1,3
688,0x1a48b9,0.333333,10,False,2,2
689,0x782723,0.000000,11,False,1,3
690,0xfb3505,0.666667,13,False,1,1
691,0x83cf40,0.333333,10,False,2,2
692,0x64fea3,0.333333,14,False,2,2
693,0x741cbc,1.000000,12,True,0,0
694,0xa5e330,0.000000,11,False,1,3
695,0xa49c70,0.333333,10,False,2,2
696,0x40a057,1.000000,8,True,0,0
697,0x111d4c,0.666667,9,False,1,1
698,0xd01eae,1.000000,12,True,0,0
699,0xe9caf9,0.000000,15,False,1,3
700,0xd4812,0.000000,7,False,1,3
701,0xb5414,1.000000,8,True,0,0
702,0x4fec9d,0.000000,15,False,1,3
703,0xbfe75e,0.333333,18,False,2,2
704,0xffaaa2,0.000000,15,False,1,3
705,0xd11072,0.666667,9,False,1,1
706,0x813129,1.000000,8,True,0,0
707,0x385f2d,0.666667,13,False,1,1
708,0xee36e1,0.333333,14,False,2,2
709,0xe01ccc,0.333333,10,False,2,2
710,0xc00af7,0.000000,11,False,1,3
711,0xc7f7a9,1.000000,16,True,0,0
712,0x1e6472,0.000000,11,False,1,3
713,0xd8614a,0.333333,10,False,2,2
714,0x6c5581,0.333333,10,False,2,2
715,0x9f25c,0.000000,11,False,1,3
716,0x29af7f,1.000000,16,True,0,0
717,0xcb3dc,1.000000,12,True,0,0
718,0x8c9458,0.666667,9,False,1,1
719,0x62879d,1.000000,12,True,0,0
720,0xe92f07,0.666667,13,False,1,1
721,0xb0ee3a,0.666667,13,False,1,1
722,0x92e7a2,1.000000,12,True,0,0
723,0x9dac2d,0.666667,13,False,1,1
724,0x4978a,0.666667,9,False,1,1
725,0x97cdcc,0.333333,14,False,2,2
726,0x9f5d14,0.666667,13,False,1,1
727,0x362957,1.000000,12,True,0,0
728,0x164bc7,1.000000,12,True,0,0
729,0xc95666,1.000000,12,True,0,0
730,0x9cca0a,0.333333,10,False,2,2
731,0x9bc22,0.666667,9,False,1,1
732,0x2f2096,0.333333,10,False,2,2
733,0x46e693,1.000000,12,True,0,0
734,0x7a07f4,0.666667,13,False,1,1
735,0x60f7a6,0.666667,13,False,1,1
736,0xe35421,0.333333,10,False,2,2
737,0xc42349,0.666667,9,False,1,1
738,0x934d41,0.333333,10,False,2,2
739,0x62c292,0.666667,9,False,1,1
740,0xbac403,0.333333,10,False,2,2
741,0x58ac06,0.666667,9,False,1,1
742,0xf02bfb,0.000000,15,False,1,3
743,0x4cd415,0.333333,10,False,2,2
744,0xc74acd,0.666667,13,False,1,1
745,0xf705d6,0.333333,14,False,2,2
746,0xd1d34e,0.666667,13,False,1,1
747,0xfbf6e4,0.666667,17,False,1,1
748,0x409c5f,0.000000,11,False,1,3
749,0x4065f8,0.333333,10,False,2,2
750,0xe9a7d6,0.000000,15,False,1,3
751,0xdd1694,1.000000,12,True,0,0
752,0xbb1a38,1.000000,12,True,0,0
753,0x94d5b2,1.000000,12,True,0,0
754,0xd47aec,0.333333,14,False,2,2
755,0x62aa33,0.000000,11,False,1,3
756,0xd7b4d0,0.666667,13,False,1,1
757,0x65c3dc,0.666667,13,False,1,1
758,0x8633,0.000000,7,False,1,3
759,0xd6ad1f,0.000000,15,False,1,3
760,0xf50ab0,0.000000,11,False,1,3
761,0xd7c126,1.000000,12,True,0,0
762,0x1ca561,0.333333,10,False,2,2
763,0x7ebb41,0.333333,14,False,2,2
764,0xb40c3d,0.000000,11,False,1,3
765,0x2f9645,1.000000,12,True,0,0
766,0xe62cc5,1.000000,12,True,0,0
767,0xabcfc8,0.333333,14,False,2,2
768,0x632566,0.000000,11,False,1,3
769,0x60fc5e,0.666667,13,False,1,1
770,0x6e588a,0.000000,11,False,1,3
771,0x396608,0.666667,9,False,1,1
772,0xb46d54,1.000000,12,True,0,0
773,0xc613bc,1.000000,12,True,0,0
774,0x670b36,1.000000,12,True,0,0
775,0xd76ae3,0.000000,15,False,1,3
776,0xa4078b,0.333333,10,False,2,2
777,0xe528d,0.333333,10,False,2,2
778,0x103217,1.000000,8,True,0,0
779,0x774882,0.333333,10,False,2,2
780,0x2e15b6,1.000000,12,True,0,0
781,0x95f66e,0.000000,15,False,1,3
782,0xedf162,0.333333,14,False,2,2
783,0xe502cc,0.333333,10,False,2,2
784,0xe2999f,0.333333,14,False,2,2
785,0xfb6921,0.666667,13,False,1,1
786,0xbd08db,0.666667,13,False,1,1
787,0x167016,0.666667,9,False,1,1
788,0x9a2082,0.000000,7,False,1,3
789,0xe5c575,0.333333,14,False,2,2
790,0xeb2f95,0.000000,15,False,1,3
791,0xf6faf3,0.333333,18,False,2,2
792,0x56d3d6,0.333333,14,False,2,2
793,0x3a696d,0.666667,13,False,1,1
794,0xe85b7e,0.000000,15,False,1,3
795,0xad2b43,1.000000,12,True,0,0
796,0x1df11b,0.666667,13,False,1,1
797,0x85b1c7,1.000000,12,True,0,0
798,0x782f39,0.666667,13,False,1,1
799,0xff231c,0.333333,14,False,2,2
800,0x4247a9,0.333333,10,False,2,2
801,0x85845,0.000000,7,False,1,3
802,0x63072f,1.000000,12,True,0,0
803,0x50d107,0.666667,9,False,1,1
804,0x786052,0.666667,9,False,1,1
805,0xf1312b,1.000000,12,True,0,0
806,0x1ba362,0.000000,11,False,1,3
807,0xb68f98,0.666667,13,False,1,1
808,0xa5f091,0.000000,11,False,1,3
809,0x84a20e,1.000000,8,True,0,0
810,0xd2274e,1.000000,12,True,0,0
811,0xb41cfc,0.666667,13,False,1,1
812,0x92f58b,0.666667,13,False,1,1
813,0xc3cc00,1.000000,8,True,0,0
814,0x263fe0,1.000000,12,True,0,0
815,0x5e0bef,0.000000,15,False,1,3
816,0x555b0d,1.000000,12,True,0,0
817,0x6108b5,0.666667,9,False,1,1
818,0x6aca97,0.666667,13,False,1,1
819,0x9193a8,0.333333,10,False,2,2
820,0xb815fe,0.333333,14,False,2,2
821,0x7eac40,0.000000,11,False,1,3
822,0xb47aa4,1.000000,12,True,0,0
823,0x75aa14,0.000000,11,False,1,3
824,0x781371,0.000000,11,False,1,3
825,0x6ea536,0.666667,13,False,1,1
826,0x338c4e,0.000000,11,False,1,3
827,0xd5e2c5,0.666667,13,False,1,1
828,0xb93959,0.666667,13,False,1,1
829,0xf065b9,0.666667,13,False,1,1
830,0x818155,1.000000,8,True,0,0
831,0xd94666,1.000000,12,True,0,0
832,0xfae13,1.000000,12,True,0,0
833,0x5103f6,0.000000,11,False,1,3
834,0x4c65ae,1.000000,12,True,0,0
835,0xa96b0b,1.000000,12,True,0,0
836,0x757e7b,0.666667,17,False,1,1
837,0x27a181,0.666667,9,False,1,1
838,0xe8cbfe,1.000000,16,True,0,0
839,0x4fc347,0.666667,13,False,1,1
840,0x6663ff,1.000000,16,True,0,0
841,0x7557d9,0.000000,15,False,1,3
842,0xc0fc21,0.333333,10,False,2,2
843,0x5dbb5b,1.000000,16,True,0,0
844,0x67f727,1.000000,16,True,0,0
845,0x6a5b9e,0.333333,14,False,2,2
846,0xd583fb,0.000000,15,False,1,3
847,0xf109e0,0.333333,10,False,2,2
848,0x573333,0.666667,13,False,1,1
849,0x3015dd,0.000000,11,False,1,3
850,0x345a72,0.000000,11,False,1,3
851,0x8bd107,0.000000,11,False,1,3
852,0x8801cc,0.000000,7,False,1,3
853,0x158308,0.000000,7,False,1,3
854,0x29a8c0,1.000000,8,True,0,0
855,0x4eed7c,0.000000,15,False,1,3
856,0x359eef,1.000000,16,True,0,0
857,0x371b9,0.000000,11,False,1,3
858,0x72099b,0.000000,11,False,1,3
859,0x104ab5,0.666667,9,False,1,1
860,0xfd577b,0.333333,18,False,2,2
861,0xe001ca,1.000000,8,True,0,0
862,0xc9fe53,0.000000,15,False,1,3
863,0xb5bcbf,0.666667,17,False,1,1
864,0x8a2e27,0.000000,11,False,1,3
865,0xed3526,0.666667,13,False,1,1
866,0xfcc0e3,0.666667,13,False,1,1
867,0x9f5cac,0.333333,14,False,2,2
868,0x8c9e1,0.666667,9,False,1,1
869,0xb108d8,0.666667,9,False,1,1
870,0x6d971d,0.333333,14,False,2,2
871,0x15c4d3,0.000000,11,False,1,3
872,0x64cee0,0.000000,11,False,1,3
873,0xd7fe15,1.000000,16,True,0,0
874,0x11bac3,0.000000,11,False,1,3
875,0x490ef9,1.000000,12,True,0,0
876,0x8bdfe3,1.000000,16,True,0,0
877,0x84bf65,0.666667,13,False,1,1
878,0x8c2dd3,1.000000,12,True,0,0
879,0x44f2a8,0.333333,10,False,2,2
880,0x71e3c2,1.000000,12,True,0,0
881,0x2d289,1.000000,8,True,0,0
882,0x2bc921,0.333333,10,False,2,2
883,0xa5ec2b,0.666667,13,False,1,1
884,0xe536bf,1.000000,16,True,0,0
885,0x20402,0.000000,3,False,3,3
886,0x99b75b,0.000000,15,False,1,3
887,0xde4015,0.333333,10,False,2,2
888,0x19f75a,0.333333,14,False,2,2
889,0x1f2906,0.333333,10,False,2,2
890,0x80bd90,0.666667,9,False,1,1
891,0x9a441f,0.000000,11,False,1,3
892,0x17c902,0.666667,9,False,1,1
893,0xb2dee0,0.666667,13,False,1,1
894,0x4d8a87,0.000000,11,False,1,3
895,0xfd0e46,0.666667,13,False,1,1
896,0xdfe7b8,0.666667,17,False,1,1
897,0xeee890,1.000000,12,True,0,0
898,0xc35db5,0.333333,14,False,2,2
899,0x875790,0.000000,11,False,1,3
900,0x49231d,0.333333,10,False,2,2
901,0x73e498,1.000000,12,True,0,0
902,0x5899ed,0.666667,13,False,1,1
903,0x940c80,0.333333,6,False,2,2
904,0xf41828,0.666667,9,False,1,1
905,0xc1c3f6,0.666667,13,False,1,1
906,0xd898cb,1.000000,12,True,0,0
907,0x120557,0.666667,9,False,1,1
908,0xe6e57e,1.000000,16,True,0,0
909,0x9ea3d0,1.000000,12,True,0,0
910,0x466380,1.000000,8,True,0,0
911,0xdd9a3d,0.000000,15,False,1,3
912,0x55b6cf,0.000000,15,False,1,3
913,0x727a52,1.000000,12,True,0,0
914,0xdbe0be,0.000000,15,False,1,3
915,0x901b42,1.000000,8,True,0,0
916,0x9e38f7,0.000000,15,False,1,3
917,0xd0320d,0.666667,9,False,1,1
918,0x9f76ce,1.000000,16,True,0,0
919,0x786b9b,0.333333,14,False,2,2
920,0x88ca2c,0.666667,9,False,1,1
921,0x6b8911,0.333333,10,False,2,2
922,0x944911,1.000000,8,True,0,0
923,0x4aef87,0.333333,14,False,2,2
924,0x619eb5,0.666667,13,False,1,1
925,0xb6ff85,1.000000,16,True,0,0
926,0xa9bdc1,0.666667,13,False,1,1
927,0x837cb4,1.000000,12,True,0,0
928,0xbbd6bf,0.333333,18,False,2,2
929,0xd3eaad,0.000000,15,False,1,3
930,0xaa16bd,0.666667,13,False,1,1
931,0x9cc118,0.666667,9,False,1,1
932,0x733bdf,0.666667,17,False,1,1
933,0xcf3015,0.000000,11,False,1,3
934,0x286ba6,0.000000,11,False,1,3
935,0x1f8ea1,1.000000,12,True,0,0
936,0x99532f,0.666667,13,False,1,1
937,0xf74ce5,0.000000,15,False,1,3
938,0x8aee57,0.333333,14,False,2,2
939,0xec4bb4,0.666667,13,False,1,1
940,0xa7cdbf,0.666667,17,False,1,1
941,0x77f54d,1.000000,16,True,0,0
942,0x6487f3,0.666667,13,False,1,1
943,0x5e2132,0.333333,10,False,2,2
944,0xab2451,0.333333,10,False,2,2
945,0xbc26ef,0.000000,15,False,1,3
946,0x5c68db,0.666667,13,False,1,1
947,0x8337bd,0.333333,14,False,2,2
948,0x7c5930,0.000000,11,False,1,3
949,0x401e4,0.333333,6,False,2,2
950,0x5f4f92,0.333333,14,False,2,2
951,0x88accc,0.333333,10,False,2,2
952,0xf602db,0.666667,13,False,1,1
953,0xcdbcc1,0.666667,13,False,1,1
954,0xf482db,0.666667,13,False,1,1
955,0x870669,0.333333,10,False,2,2
956,0x9f035d,0.666667,13,False,1,1
957,0x530e0b,0.333333,10,False,2,2
958,0xd6f117,0.333333,14,False,2,2
959,0x2a8cfc,1.000000,12,True,0,0
960,0x610c3e,0.333333,10,False,2,2
961,0xf27e2a,0.333333,14,False,2,2
962,0x5eed18,0.666667,13,False,1,1
963,0x24c91d,0.333333,10,False,2,2
964,0xde78ba,0.000000,15,False,1,3
965,0xa36869,0.000000,11,False,1,3
966,0xa2384f,0.000000,11,False,1,3
967,0xdc9988,0.000000,11,False,1,3
968,0x351fd6,0.333333,14,False,2,2
969,0xcb1294,0.333333,10,False,2,2
970,0x4622a9,0.666667,9,False,1,1
971,0xa5902c,0.666667,9,False,1,1
972,0x6b0d99,1.000000,12,True,0,0
973,0x16b8cc,0.000000,11,False,1,3
974,0xf5148e,1.000000,12,True,0,0
975,0x2fd3d0,0.666667,13,False,1,1
976,0x7844e7,1.000000,12,True,0,0
977,0x29c7ff,1.000000,16,True,0,0
978,0x659bc0,0.000000,11,False,1,3
979,0x3e7b23,0.333333,14,False,2,2
980,0xa86b07,0.000000,11,False,1,3
981,0x769c44,0.000000,11,False,1,3
982,0xf6a2ab,0.333333,14,False,2,2
983,0xa1045e,0.666667,9,False,1,1
984,0x4efb7c,1.000000,16,True,0,0
985,0x58147f,1.000000,12,True,0,0
986,0x227de9,0.666667,13,False,1,1
987,0x601d19,0.666667,9,False,1,1
988,0x71dd3f,1.000000,16,True,0,0
989,0xd34c4e,1.000000,12,True,0,0
990,0xab4311,0.333333,10,False,2,2
991,0xc6275b,0.666667,13,False,1,1
992,0x83910f,0.333333,10,False,2,2
993,0x89d2ee,0.666667,13,False,1,1
994,0xa4bb59,0.666667,13,False,1,1
995,0xa8e7d9,0.333333,14,False,2,2
996,0x6ad85b,0.666667,13,False,1,1
997,0xc86063,0.666667,9,False,1,1
998,0x4a36f3,0.666667,13,False,1,1
999,0xa2109d,0.666667,9,False,1,1
1000,0xfc61e0,1.000000,12,True,0,0
1001,0x50681,0.333333,6,False,2,2
1002,0x4f71fb,1.000000,16,True,0,0
1003,0xda97f6,1.000000,16,True,0,0
1004,0x21e907,0.333333,10,False,2,2
1005,0xcd9144,0.333333,10,False,2,2
1006,0xe2b06b,1.000000,12,True,0,0
1007,0xf6df80,0.333333,14,False,2,2
1008,0x51f4ae,0.666667,13,False,1,1
1009,0x551404,0.000000,7,False,1,3
1010,0xe0cf43,1.000000,12,True,0,0
1011,0xb0d21d,0.000000,11,False,1,3
1012,0x6a09ee,1.000000,12,True,0,0
1013,0x75e866,0.666667,13,False,1,1
1014,0x6b3ca7,0.333333,14,False,2,2
1015,0x174e5c,1.000000,12,True,0,0
1016,0x7c5d77,1.000000,16,True,0,0
1017,0x4ee887,1.000000,12,True,0,0
1018,0x7ed004,0.333333,10,False,2,2
1019,0x36e869,1.000000,12,True,0,0
1020,0x1394ff,0.333333,14,False,2,2
1021,0x83e6b4,1.000000,12,True,0,0
1022,0x7e85e0,1.000000,12,True,0,0
1023,0xfa1a2,0.333333,10,False,2,2
1024,0xfa4235,1.000000,12,True,0,0
1025,0xce22df,0.333333,14,False,2,2
1026,0xf59d10,1.000000,12,True,0,0
1027,0x5b14be,0.666667,13,False,1,1
1028,0xfe3194,0.666667,13,False,1,1
1029,0x84a2c8,1.000000,8,True,0,0
1030,0x5ff073,0.000000,15,False,1,3
1031,0xc1e350,0.333333,10,False,2,2
1032,0xd19448,0.666667,9,False,1,1
1033,0x3ff409,0.666667,13,False,1,1
1034,0x64cc07,0.333333,10,False,2,2
1035,0xb3e59,1.000000,12,True,0,0
1036,0xe751dd,0.000000,15,False,1,3
1037,0xe79ae5,0.000000,15,False,1,3
1038,0x1a0f9a,0.000000,11,False,1,3
1039,0xc73191,0.000000,11,False,1,3
1040,0x482d1d,0.333333,10,False,2,2
1041,0xa5b467,0.666667,13,False,1,1
1042,0xa8cb54,0.000000,11,False,1,3
1043,0x87d55b,0.333333,14,False,2,2
1044,0xb4bae5,0.333333,14,False,2,2
1045,0x872a8a,0.333333,10,False,2,2
1046,0xcb9f1f,1.000000,16,True,0,0
1047,0xd12e39,1.000000,12,True,0,0
1048,0x6dd07e,0.333333,14,False,2,2
1049,0x19d551,0.000000,11,False,1,3
1050,0xbae5e0,0.666667,13,False,1,1
1051,0xf45e11,1.000000,12,True,0,0
1052,0x43bde0,1.000000,12,True,0,0
1053,0x9d1bfb,1.000000,16,True,0,0
1054,0x3955a2,0.000000,11,False,1,3
1055,0x19309f,0.000000,11,False,1,3
1056,0xd96178,1.000000,12,True,0,0
1057,0x32e4c3,0.000000,11,False,1,3
1058,0x40095a,0.000000,7,False,1,3
1059,0x1b0548,1.000000,8,True,0,0
1060,0x103b22,1.000000,8,True,0,0
1061,0xedb5ef,0.333333,18,False,2,2
1062,0x92a8af,1.000000,12,True,0,0
1063,0xf61580,0.333333,10,False,2,2
1064,0xc6d483,0.000000,11,False,1,3
1065,0x65f33,1.000000,12,True,0,0
1066,0x2c48e3,0.333333,10,False,2,2
1067,0xd598de,0.333333,14,False,2,2
1068,0x5b1bf1,0.333333,14,False,2,2
1069,0x3decdd,1.000000,16,True,0,0
1070,0x4cdedb,0.000000,15,False,1,3
1071,0xcdb2f8,0.333333,14,False,2,2
1072,0x239447,0.333333,10,False,2,2
1073,0xf626a7,0.333333,14,False,2,2
1074,0x736d00,0.333333,10,False,2,2
1075,0x7d5f39,1.000000,16,True,0,0
1076,0x56ee60,1.000000,12,True,0,0
1077,0x1be6fa,0.000000,15,False,1,3
1078,0x6d2ec0,0.000000,11,False,1,3
1079,0x54a433,0.333333,10,False,2,2
1080,0xa29458,0.666667,9,False,1,1
1081,0xcf10d7,0.666667,13,False,1,1
1082,0x96e32f,0.333333,14,False,2,2
1083,0x1b0aad,0.000000,11,False,1,3
1084,0xbd9a38,0.666667,13,False,1,1
1085,0x5e4635,1.000000,12,True,0,0
1086,0x14e037,0.333333,10,False,2,2
1087,0xbd5338,0.666667,13,False,1,1
1088,0x57a165,1.000000,12,True,0,0
1089,0x5f2b9,1.000000,12,True,0,0
1090,0x61b662,0.000000,11,False,1,3
1091,0xb41562,0.333333,10,False,2,2
1092,0x28fcab,0.666667,13,False,1,1
1093,0x8b8822,1.000000,8,True,0,0
1094,0xb9f575,1.000000,16,True,0,0
1095,0xeeacdc,0.000000,15,False,1,3
1096,0x3807f0,0.333333,10,False,2,2
1097,0x7b0413,0.333333,10,False,2,2
1098,0xabcecd,0.000000,15,False,1,3
1099,0xc1bb68,1.000000,12,True,0,0
1100,0xd02214,0.000000,7,False,1,3
1101,0xfdf569,0.666667,17,False,1,1
1102,0xf19771,0.333333,14,False,2,2
1103,0xb357ec,0.000000,15,False,1,3
1104,0xc852a3,0.333333,10,False,2,2
1105,0x7f222,0.333333,10,False,2,2
1106,0xf2706e,0.666667,13,False,1,1
1107,0xfc79b3,1.000000,16,True,0,0
1108,0x548bf,0.000000,11,False,1,3
1109,0x80330,0.666667,5,False,3,1
1110,0x5d792d,0.333333,14,False,2,2
1111,0xcbdb71,0.000000,15,False,1,3
1112,0xe22d40,0.666667,9,False,1,1
1113,0xe271b8,1.000000,12,True,0,0
1114,0xd78c8c,1.000000,12,True,0,0
1115,0x27cd6b,0.333333,14,False,2,2
1116,0xc77e7f,0.333333,18,False,2,2
1117,0x7ff2ed,0.333333,18,False,2,2
1118,0x18ce95,0.000000,11,False,1,3
1119,0xbbbb0,1.000000,12,True,0,0
1120,0xc26a30,0.666667,9,False,1,1
1121,0x7672dd,0.000000,15,False,1,3
1122,0x99ffa2,0.000000,15,False,1,3
1123,0x26be1b,0.666667,13,False,1,1
1124,0x1105eb,0.333333,10,False,2,2
1125,0x78e37a,0.333333,14,False,2,2
1126,0xe5c76c,0.333333,14,False,2,2
1127,0x1c1bcb,1.000000,12,True,0,0
1128,0xef8690,1.000000,12,True,0,0
1129,0x58196,1.000000,8,True,0,0
1130,0xac879b,0.666667,13,False,1,1
1131,0x408065,0.333333,6,False,2,2
1132,0xca4cc,0.666667,9,False,1,1
1133,0x730c3a,0.000000,11,False,1,3
1134,0x90e3eb,0.666667,13,False,1,1
1135,0x528241,0.000000,7,False,1,3
1136,0xb126e9,1.000000,12,True,0,0
1137,0x870e01,1.000000,8,True,0,0
1138,0xafc7c0,0.666667,13,False,1,1
1139,0xe940d2,0.333333,10,False,2,2
1140,0x7aac87,0.666667,13,False,1,1
1141,0x28a6c4,0.666667,9,False,1,1
1142,0x8cb94c,0.000000,11,False,1,3
1143,0x32685c,0.333333,10,False,2,2
1144,0xed1ae3,0.333333,14,False,2,2
1145,0x68570,1.000000,8,True,0,0
1146,0xfc9280,0.333333,10,False,2,2
1147,0xfea4d7,1.000000,16,True,0,0
1148,0xf98c44,0.000000,11,False,1,3
1149,0xade63e,0.000000,15,False,1,3
1150,0x475f26,0.666667,13,False,1,1
1151,0x3bf41a,0.666667,13,False,1,1
1152,0x1c1e1e,0.000000,11,False,1,3
1153,0x5b8d,0.666667,9,False,1,1
1154,0x8939eb,0.666667,13,False,1,1
1155,0xbb41a2,0.000000,11,False,1,3
1156,0xda8807,0.333333,10,False,2,2
1157,0x3af28f,0.333333,14,False,2,2
1158,0xb45f27,0.333333,14,False,2,2
1159,0x5e42f,0.000000,11,False,1,3
1160,0x7a12f,0.000000,11,False,1,3
1161,0x796718,1.000000,12,True,0,0
1162,0xfdb3cf,0.333333,18,False,2,2
1163,0xb54043,0.666667,9,False,1,1
1164,0x715e8,0.333333,10,False,2,2
1165,0x4ff14f,0.000000,15,False,1,3
1166,0xf93f45,0.000000,15,False,1,3
1167,0xed3980,0.000000,11,False,1,3
1168,0x889e3f,0.666667,13,False,1,1
1169,0xb75b6d,1.000000,16,True,0,0
1170,0x6de29a,0.666667,13,False,1,1
1171,0xcc86ae,1.000000,12,True,0,0
1172,0xc54cd8,0.000000,11,False,1,3
1173,0x17f5bb,1.000000,16,True,0,0
1174,0x3d019a,0.333333,10,False,2,2
1175,0xa90e7c,1.000000,12,True,0,0
1176,0x80e61,0.000000,7,False,1,3
1177,0x1d0ccf,1.000000,12,True,0,0
1178,0x442699,0.666667,9,False,1,1
1179,0x6b3083,0.333333,10,False,2,2
1180,0x349389,0.333333,10,False,2,2
1181,0x412f6,0.666667,9,False,1,1
1182,0x8e9594,0.000000,11,False,1,3
1183,0xce91ba,0.666667,13,False,1,1
1184,0xd3aa56,0.666667,13,False,1,1
1185,0xd6ae00,0.333333,10,False,2,2
1186,0x26cd0e,0.000000,11,False,1,3
1187,0x840988,0.333333,6,False,2,2
1188,0xe39edd,1.000000,16,True,0,0
1189,0x7cc8de,0.333333,14,False,2,2
1190,0xae1dac,0.666667,13,False,1,1
1191,0x9468c9,0.333333,10,False,2,2
1192,0x91b21e,0.000000,11,False,1,3
1193,0x8a2bb9,1.000000,12,True,0,0
1194,0x7e1cb5,0.333333,14,False,2,2
1195,0xcb74c2,1.000000,12,True,0,0
1196,0x173261,0.333333,10,False,2,2
1197,0x8c5149,0.666667,9,False,1,1
1198,0x8694fb,0.666667,13,False,1,1
1199,0xda0f7,1.000000,12,True,0,0
1200,0xf7ca30,0.666667,13,False,1,1
1201,0x44e068,1.000000,8,True,0,0
1202,0xf60243,0.333333,10,False,2,2
1203,0xaacfe5,0.000000,15,False,1,3
1204,0xc795ae,0.333333,14,False,2,2
1205,0x69efe8,0.000000,15,False,1,3
1206,0x76154a,0.000000,11,False,1,3
1207,0x2bc74c,1.000000,12,True,0,0
1208,0xecba89,0.666667,13,False,1,1
1209,0x4f5d39,0.333333,14,False,2,2
1210,0x8b5a9e,0.666667,13,False,1,1
1211,0x588a3,1.000000,8,True,0,0
1212,0x116904,0.000000,7,False,1,3
1213,0xd618cc,0.000000,11,False,1,3
1214,0x8130df,0.000000,11,False,1,3
1215,0xf32423,0.000000,11,False,1,3
1216,0x2b2bbe,0.333333,14,False,2,2
1217,0x88a1d5,0.333333,10,False,2,2
1218,0x198cf5,1.000000,12,True,0,0
1219,0xa40468,0.000000,7,False,1,3
1220,0xa6d3b6,0.333333,14,False,2,2
1221,0x6bce02,0.000000,11,False,1,3
1222,0x6e4ba0,0.000000,11,False,1,3
1223,0x4e95c3,1.000000,12,True,0,0
1224,0x9449d,0.666667,9,False,1,1
1225,0xc2f97b,0.000000,15,False,1,3
1226,0x478bee,0.333333,14,False,2,2
1227,0x42a8c0,0.000000,7,False,1,3
1228,0x7e48fb,0.000000,15,False,1,3
1229,0xf3c9d4,0.333333,14,False,2,2
1230,0x483be9,1.000000,12,True,0,0
1231,0x21ec06,0.666667,9,False,1,1
1232,0x742337,1.000000,12,True,0,0
1233,0x946405,1.000000,8,True,0,0
1234,0xb5fbae,0.666667,17,False,1,1
1235,0x5207c6,0.333333,10,False,2,2
1236,0x14c2c0,0.000000,7,False,1,3
1237,0x98a962,0.333333,10,False,2,2
1238,0x9057ec,1.000000,12,True,0,0
1239,0x69830,0.000000,7,False,1,3
1240,0x1eff43,0.000000,15,False,1,3
1241,0xee5cbf,0.666667,17,False,1,1
1242,0x51265b,0.000000,11,False,1,3
1243,0xa8a4c4,0.666667,9,False,1,1
1244,0x8014fb,0.333333,10,False,2,2
1245,0x2ed9eb,0.000000,15,False,1,3
1246,0xf90dd0,1.000000,12,True,0,0
1247,0xb70591,0.000000,11,False,1,3
1248,0x168014,0.333333,6,False,2,2
1249,0xb78091,0.333333,10,False,2,2
1250,0x67a2ea,0.666667,13,False,1,1
1251,0xea43d0,0.000000,11,False,1,3
1252,0x39873d,0.666667,13,False,1,1
1253,0x54030e,1.000000,8,True,0,0
1254,0x4d9a8b,1.000000,12,True,0,0
1255,0x221652,1.000000,8,True,0,0
1256,0x3c3d58,1.000000,12,True,0,0
1257,0xbea0fb,0.000000,15,False,1,3
1258,0x946362,0.333333,10,False,2,2
1259,0x8c2e59,0.000000,11,False,1,3
1260,0x2caff0,0.666667,13,False,1,1
1261,0xa49afc,0.666667,13,False,1,1
1262,0xfc995c,0.333333,14,False,2,2
1263,0xcbfffb,1.000000,20,False,4,0
1264,0x601af9,0.000000,11,False,1,3
1265,0xc3c0d,0.666667,9,False,1,1
1266,0x3961cb,1.000000,12,True,0,0
1267,0x8e26ef,0.333333,14,False,2,2
1268,0xfaee91,0.000000,15,False,1,3
1269,0x8df4c6,0.666667,13,False,1,1
1270,0x1d0d5c,0.000000,11,False,1,3
1271,0xc6ab48,0.000000,11,False,1,3
1272,0x365b39,0.666667,13,False,1,1
1273,0x919560,0.666667,9,False,1,1
1274,0x11cd2f,1.000000,12,True,0,0
1275,0x517160,0.666667,9,False,1,1
1276,0x3d70d0,0.000000,11,False,1,3
1277,0xd886ce,1.000000,12,True,0,0
1278,0x180a59,1.000000,8,True,0,0
1279,0x4560c0,0.000000,7,False,1,3
1280,0x7feca3,1.000000,16,True,0,0
1281,0xdb3866,0.666667,13,False,1,1
1282,0x2ca707,0.000000,11,False,1,3
1283,0x841201,0.666667,5,False,3,1
1284,0x8dd9ab,0.333333,14,False,2,2
1285,0x82b629,0.333333,10,False,2,2
1286,0x69acc2,0.000000,11,False,1,3
1287,0xd525c7,0.666667,13,False,1,1
1288,0xdd36c2,0.666667,13,False,1,1
1289,0x356a5a,1.000000,12,True,0,0
1290,0x33ffd5,0.666667,17,False,1,1
1291,0xcebb84,0.666667,13,False,1,1
1292,0x58e392,0.000000,11,False,1,3
1293,0xd47303,0.000000,11,False,1,3
1294,0xdb1523,1.000000,12,True,0,0
1295,0x51387e,1.000000,12,True,0,0
1296,0xc34355,0.000000,11,False,1,3
1297,0x4b2966,0.000000,11,False,1,3
1298,0x37cea4,0.666667,13,False,1,1
1299,0x6b7252,1.000000,12,True,0,0
1300,0x8fd4e8,0.666667,13,False,1,1
1301,0x584383,0.666667,9,False,1,1
1302,0xb2f108,0.333333,10,False,2,2
1303,0xb8872b,1.000000,12,True,0,0
1304,0x764ead,0.333333,14,False,2,2
1305,0x147ae7,0.666667,13,False,1,1
1306,0x40af8a,0.333333,10,False,2,2
1307,0xe7eda1,0.000000,15,False,1,3
1308,0xfa99be,1.000000,16,True,0,0
1309,0xd04bc7,1.000000,12,True,0,0
1310,0xd5872e,0.666667,13,False,1,1
1311,0x93b39c,0.666667,13,False,1,1
1312,0x1e290c,0.666667,9,False,1,1
1313,0x3cb831,0.000000,11,False,1,3
1314,0x885530,1.000000,8,True,0,0
1315,0xc9357,0.000000,11,False,1,3
1316,0x6f328b,0.666667,13,False,1,1
1317,0xea3e66,0.333333,14,False,2,2
1318,0x3f47ac,0.333333,14,False,2,2
1319,0x681997,0.000000,11,False,1,3
1320,0xf7caaf,0.666667,17,False,1,1
1321,0xae7eb1,0.000000,15,False,1,3
1322,0xbeb53f,0.666667,17,False,1,1
1323,0x4442d0,0.000000,7,False,1,3
1324,0xae9c5b,0.333333,14,False,2,2
1325,0x4333ec,1.000000,12,True,0,0
1326,0xd46ddf,1.000000,16,True,0,0
1327,0x7c5fab,1.000000,16,True,0,0
1328,0xbc4c79,0.666667,13,False,1,1
1329,0x221be6,0.000000,11,False,1,3
1330,0x845d0d,0.333333,10,False,2,2
1331,0xf023c1,0.333333,10,False,2,2
1332,0x685aae,1.000000,12,True,0,0
1333,0x517c09,0.333333,10,False,2,2
1334,0xf8db2d,0.000000,15,False,1,3
1335,0x7c59c3,0.666667,13,False,1,1
1336,0x4297a2,0.333333,10,False,2,2
1337,0x2957e3,0.666667,13,False,1,1
1338,0x4b86dc,1.000000,12,True,0,0
1339,0xf065a2,0.000000,11,False,1,3
1340,0x4c557,0.333333,10,False,2,2
1341,0xd80427,0.666667,9,False,1,1
1342,0x671658,0.000000,11,False,1,3
1343,0x62d5ac,1.000000,12,True,0,0
1344,0x1d07c4,0.333333,10,False,2,2
1345,0xb48cde,0.666667,13,False,1,1
1346,0xd78d5b,0.000000,15,False,1,3
1347,0xdeb64,1.000000,12,True,0,0
1348,0x9b8b64,1.000000,12,True,0,0
1349,0x597208,0.666667,9,False,1,1
1350,0xe7fb05,0.000000,15,False,1,3
1351,0x3aaf61,0.666667,13,False,1,1
1352,0x4cf71d,0.333333,14,False,2,2
1353,0x85c7f2,0.666667,13,False,1,1
1354,0x25c753,1.000000,12,True,0,0
1355,0xb21d33,1.000000,12,True,0,0
1356,0x53c0d7,1.000000,12,True,0,0
1357,0x592367,1.000000,12,True,0,0
1358,0x9133b9,1.000000,12,True,0,0
1359,0x7f17f8,1.000000,16,True,0,0
1360,0xb0f188,0.333333,10,False,2,2
1361,0x1a4076,0.666667,9,False,1,1
1362,0x3609c5,0.333333,10,False,2,2
1363,0x272772,1.000000,12,True,0,0
1364,0xb1bf26,0.333333,14,False,2,2
1365,0x658111,1.000000,8,True,0,0
1366,0x2700c3,1.000000,8,True,0,0
1367,0x4be5fd,1.000000,16,True,0,0
1368,0xe830bf,0.666667,13,False,1,1
1369,0xf30ba0,0.000000,11,False,1,3
1370,0xfc9d05,0.666667,13,False,1,1
1371,0xf5a98f,0.000000,15,False,1,3
1372,0x4e24e2,0.333333,10,False,2,2
1373,0xc561d7,0.666667,13,False,1,1
1374,0x62a12b,0.333333,10,False,2,2
1375,0x48ebbd,0.333333,14,False,2,2
1376,0x883db,0.333333,10,False,2,2
1377,0xd9cabe,0.000000,15,False,1,3
1378,0xef6bbb,0.333333,18,False,2,2
1379,0x7334bf,0.000000,15,False,1,3
1380,0x2b51ac,0.000000,11,False,1,3
1381,0xdb398f,0.000000,15,False,1,3
1382,0xb4b417,1.000000,12,True,0,0
1383,0xdf2fb5,0.666667,17,False,1,1
1384,0x8c14d9,0.333333,10,False,2,2
1385,0x5df05,0.000000,11,False,1,3
1386,0x220884,0.666667,5,False,3,1
1387,0xa16c13,0.333333,10,False,2,2
1388,0x20a982,0.000000,7,False,1,3
1389,0x2d3c50,0.333333,10,False,2,2
1390,0x5f518c,1.000000,12,True,0,0
1391,0x21f45b,1.000000,12,True,0,0
1392,0xc4f6ea,0.333333,14,False,2,2
1393,0x13b1f6,0.666667,13,False,1,1
1394,0xd82c56,0.000000,11,False,1,3
1395,0x185c3c,0.333333,10,False,2,2
1396,0xc3d94f,0.333333,14,False,2,2
1397,0x4103cf,0.333333,10,False,2,2
1398,0x6f9ee8,0.000000,15,False,1,3
1399,0x8ae5fa,0.333333,14,False,2,2
1400,0x33beaf,1.000000,16,True,0,0
1401,0x267362,0.000000,11,False,1,3
1402,0xfdcff7,1.000000,20,False,4,0
1403,0x8a0022,0.666667,5,False,3,1
1404,0xe8e22,0.666667,9,False,1,1
1405,0x25602,0.333333,6,False,2,2
1406,0xaa7d65,0.333333,14,False,2,2
1407,0xc5936c,1.000000,12,True,0,0
1408,0x753742,1.000000,12,True,0,0
1409,0x2150ad,0.666667,9,False,1,1
1410,0xa124db,0.000000,11,False,1,3
1411,0x6580f0,0.666667,9,False,1,1
1412,0x4aa092,1.000000,8,True,0,0
1413,0xe053ce,1.000000,12,True,0,0
1414,0xc0e19e,0.000000,11,False,1,3
1415,0x20b5d8,0.333333,10,False,2,2
1416,0x6ef5ed,0.666667,17,False,1,1
1417,0x4af5af,0.000000,15,False,1,3
1418,0xb4c471,0.000000,11,False,1,3
1419,0x5fadc1,0.333333,14,False,2,2
1420,0x12d245,0.666667,9,False,1,1
1421,0xa0e893,0.333333,10,False,2,2
1422,0xb9cff1,1.000000,16,True,0,0
1423,0x201683,0.000000,7,False,1,3
1424,0x43cbc,0.333333,10,False,2,2
1425,0x9514b4,0.333333,10,False,2,2
1426,0x5c7ab4,0.666667,13,False,1,1
1427,0x5fee27,1.000000,16,True,0,0
1428,0x605213,1.000000,8,True,0,0
1429,0x4014bf,0.333333,10,False,2,2
1430,0x10026d,0.000000,7,False,1,3
1431,0xec4d48,0.000000,11,False,1,3
1432,0xb96297,0.666667,13,False,1,1
1433,0x5e4798,1.000000,12,True,0,0
1434,0x508e64,0.666667,9,False,1,1
1435,0xc23c4,1.000000,8,True,0,0
1436,0x8e6909,0.333333,10,False,2,2
1437,0x1c71c5,0.000000,11,False,1,3
1438,0x4f178d,0.666667,13,False,1,1
1439,0x8820fa,0.666667,9,False,1,1
1440,0xc1021d,1.000000,8,True,0,0
1441,0xcacec4,1.000000,12,True,0,0
1442,0x34b7bb,0.000000,15,False,1,3
1443,0xac8a42,0.666667,9,False,1,1
1444,0xf26bf6,1.000000,16,True,0,0
1445,0x38a34a,0.333333,10,False,2,2
1446,0x86fd8e,0.333333,14,False,2,2
1447,0xa6e292,0.000000,11,False,1,3
1448,0x81ef94,1.000000,12,True,0,0
1449,0x94e356,1.000000,12,True,0,0
1450,0x3c1a9e,1.000000,12,True,0,0
1451,0x25d467,1.000000,12,True,0,0
1452,0xb3e1a6,0.666667,13,False,1,1
1453,0x4d7031,0.333333,10,False,2,2
1454,0xd2c153,0.000000,11,False,1,3
1455,0xacd353,0.666667,13,False,1,1
1456,0x6c2974,0.000000,11,False,1,3
1457,0xcfcd84,0.666667,13,False,1,1
1458,0xd3d191,1.000000,12,True,0,0
1459,0x96dc8c,1.000000,12,True,0,0
1460,0xd271e0,0.000000,11,False,1,3
1461,0xf3ed7f,0.000000,19,False,3,3
1462,0x59c946,0.000000,11,False,1,3
1463,0x5ae33a,0.666667,13,False,1,1
1464,0xe1dd1d,0.333333,14,False,2,2
1465,0x6e8b95,0.666667,13,False,1,1
1466,0x553498,0.333333,10,False,2,2
1467,0xd41f7c,0.333333,14,False,2,2
1468,0xa83e2a,0.000000,11,False,1,3
1469,0xb8c39a,1.000000,12,True,0,0
1470,0x7e1851,0.000000,11,False,1,3
1471,0xee5e3e,1.000000,16,True,0,0
1472,0x36d0f1,1.000000,12,True,0,0
1473,0xc45060,0.000000,7,False,1,3
1474,0xd01caa,0.333333,10,False,2,2
1475,0xaa23fd,0.333333,14,False,2,2
1476,0x38bbf0,0.666667,13,False,1,1
1477,0x452e55,0.000000,11,False,1,3
1478,0xda4212,0.666667,9,False,1,1
1479,0x8d7891,0.000000,11,False,1,3
1480,0xfebb75,0.333333,18,False,2,2
1481,0x7d6dc1,0.333333,14,False,2,2
1482,0xdb4a88,0.000000,11,False,1,3
1483,0xbcbfdc,0.666667,17,False,1,1
1484,0x8f2901,0.666667,9,False,1,1
1485,0xecf739,1.000000,16,True,0,0
1486,0xec1803,0.666667,9,False,1,1
1487,0x71512a,0.333333,10,False,2,2
1488,0xa674f4,0.666667,13,False,1,1
1489,0x7f9756,1.000000,16,True,0,0
1490,0xcce4e2,1.000000,12,True,0,0
1491,0x76cf68,0.333333,14,False,2,2
1492,0xb01c9a,0.333333,10,False,2,2
1493,0x664687,0.000000,11,False,1,3
1494,0xe9e0fe,0.000000,15,False,1,3
1495,0x2343f,0.333333,10,False,2,2
1496,0x42de4,0.666667,9,False,1,1
1497,0x295cc3,0.000000,11,False,1,3
1498,0x78a242,0.666667,9,False,1,1
1499,0x573193,1.000000,12,True,0,0
1500,0x376ad6,0.333333,14,False,2,2
1501,0x170ea7,1.000000,12,True,0,0
1502,0x39111,0.000000,7,False,1,3
1503,0x377abf,0.666667,17,False,1,1
1504,0x590130,0.000000,7,False,1,3
1505,0x36389f,0.666667,13,False,1,1
1506,0xd7ca13,0.666667,13,False,1,1
1507,0x52a1f4,0.000000,11,False,1,3
1508,0x2e45e9,1.000000,12,True,0,0
1509,0xa575f,0.666667,13,False,1,1
1510,0x5fef96,0.666667,17,False,1,1
1511,0x7cad5,1.000000,12,True,0,0
1512,0xef345a,0.333333,14,False,2,2
1513,0x1c687c,0.000000,11,False,1,3
1514,0xc07cb,0.333333,10,False,2,2
1515,0x1dde0,0.333333,10,False,2,2
1516,0x9089e7,0.000000,11,False,1,3
1517,0x647ae7,0.333333,14,False,2,2
1518,0x9d86df,0.000000,15,False,1,3
1519,0x143cea,0.000000,11,False,1,3
1520,0x65889d,0.000000,11,False,1,3
1521,0x9cf8d7,0.000000,15,False,1,3
1522,0xf3e69a,0.000000,15,False,1,3
1523,0x5276d1,1.000000,12,True,0,0
1524,0x3f80d7,0.666667,13,False,1,1
1525,0xe2009,0.333333,6,False,2,2
1526,0xb4e097,1.000000,12,True,0,0
1527,0x4acaa,0.666667,9,False,1,1
1528,0x95a3c1,0.000000,11,False,1,3
1529,0x49595,0.666667,9,False,1,1
1530,0x5f6335,0.333333,14,False,2,2
1531,0x5f1406,0.333333,10,False,2,2
1532,0xbc49dc,0.666667,13,False,1,1
1533,0x813a4a,0.666667,9,False,1,1
1534,0xa968e7,0.666667,13,False,1,1
1535,0xe80388,1.000000,8,True,0,0
1536,0x188afe,1.000000,12,True,0,0
1537,0x9fabd8,0.000000,15,False,1,3
1538,0x2306bb,0.000000,11,False,1,3
1539,0xfae6a2,0.333333,14,False,2,2
1540,0xddf84,1.000000,12,True,0,0
1541,0x44bb04,0.666667,9,False,1,1
1542,0xfbf15c,1.000000,16,True,0,0
1543,0x7fff7d,0.666667,21,False,3,1
1544,0x89dc71,1.000000,12,True,0,0
1545,0xda26bd,0.333333,14,False,2,2
1546,0x2207c,0.000000,7,False,1,3
1547,0x254619,0.666667,9,False,1,1
1548,0x8f89c3,1.000000,12,True,0,0
1549,0x494770,0.333333,10,False,2,2
1550,0xd87086,0.333333,10,False,2,2
1551,0x66cfc1,0.666667,13,False,1,1
1552,0x909f2e,1.000000,12,True,0,0
1553,0xffa31b,1.000000,16,True,0,0
1554,0x136da6,1.000000,12,True,0,0
1555,0x5c6f05,1.000000,12,True,0,0
1556,0x5ce74a,0.666667,13,False,1,1
1557,0x475cf4,0.666667,13,False,1,1
1558,0x823865,0.666667,9,False,1,1
1559,0xcf71f5,1.000000,16,True,0,0
1560,0xdef94b,1.000000,16,True,0,0
1561,0x6ea2db,0.333333,14,False,2,2
1562,0x271241,1.000000,8,True,0,0
1563,0x8eb15c,1.000000,12,True,0,0
1564,0x24f652,0.000000,11,False,1,3
1565,0x7878ae,0.666667,13,False,1,1
1566,0x278ce5,1.000000,12,True,0,0
1567,0xd54783,1.000000,12,True,0,0
1568,0xbeda2f,1.000000,16,True,0,0
1569,0x67c646,1.000000,12,True,0,0
1570,0x4e0f79,0.666667,13,False,1,1
1571,0xf9ac59,0.333333,14,False,2,2
1572,0x2ef25b,0.333333,14,False,2,2
1573,0xf35271,0.666667,13,False,1,1
1574,0xca0459,0.666667,9,False,1,1
1575,0xa0a1ad,0.333333,10,False,2,2
1576,0x7473b1,0.666667,13,False,1,1
1577,0x4465fd,0.666667,13,False,1,1
1578,0xb09091,1.000000,8,True,0,0
1579,0xe2d369,0.666667,13,False,1,1
1580,0x3902a2,1.000000,8,True,0,0
1581,0x31dac1,0.000000,11,False,1,3
1582,0xc361d2,0.000000,11,False,1,3
1583,0x852a54,0.666667,9,False,1,1
1584,0x67a7f2,0.000000,15,False,1,3
1585,0x2311c5,0.666667,9,False,1,1
1586,0xbb3346,0.666667,13,False,1,1
1587,0x8cc381,0.666667,9,False,1,1
1588,0xc4ea5a,1.000000,12,True,0,0
1589,0xd637c0,1.000000,12,True,0,0
1590,0x68b775,0.333333,14,False,2,2
1591,0x9fa5a8,0.666667,13,False,1,1
1592,0xbfad5e,0.666667,17,False,1,1
1593,0x2f9782,1.000000,12,True,0,0
1594,0xbce9e3,0.000000,15,False,1,3
1595,0xd489d6,1.000000,12,True,0,0
1596,0x75504a,0.333333,10,False,2,2
1597,0xec6359,0.666667,13,False,1,1
1598,0x76e5a4,0.666667,13,False,1,1
1599,0xefac3c,0.000000,15,False,1,3
1600,0xaac19c,0.000000,11,False,1,3
1601,0xab0425,0.666667,9,False,1,1
1602,0x294413,1.000000,8,True,0,0
1603,0x50176e,0.000000,11,False,1,3
1604,0x80a2c,0.333333,6,False,2,2
1605,0xb02447,0.666667,9,False,1,1
1606,0x28031,0.666667,5,False,3,1
1607,0x3b6049,0.333333,10,False,2,2
1608,0xcca9fc,0.333333,14,False,2,2
1609,0x481f14,0.666667,9,False,1,1
1610,0x6fd12f,0.000000,15,False,1,3
1611,0xa82e38,0.333333,10,False,2,2
1612,0xa1bb71,0.666667,13,False,1,1
1613,0x1e4e0a,0.333333,10,False,2,2
1614,0x194da4,0.333333,10,False,2,2
1615,0x19610d,0.666667,9,False,1,1
1616,0x185049,0.000000,7,False,1,3
1617,0xa2160,0.333333,6,False,2,2
1618,0xf0de4e,0.333333,14,False,2,2
1619,0x4cd360,0.333333,10,False,2,2
1620,0x3e9a0a,0.000000,11,False,1,3
1621,0x361b49,0.000000,11,False,1,3
1622,0x732c02,0.666667,9,False,1,1
1623,0x3874c1,0.333333,10,False,2,2
1624,0x476d82,0.000000,11,False,1,3
1625,0x717316,1.000000,12,True,0,0
1626,0xb2fa97,0.000000,15,False,1,3
1627,0x6b75e3,0.000000,15,False,1,3
1628,0x51b3aa,1.000000,12,True,0,0
1629,0x64d84c,0.333333,10,False,2,2
1630,0x6aa1a5,0.000000,11,False,1,3
1631,0x351a47,0.000000,11,False,1,3
1632,0x353af0,1.000000,12,True,0,0
1633,0x38ade6,0.666667,13,False,1,1
1634,0xe8b421,0.333333,10,False,2,2
1635,0xf84230,0.666667,9,False,1,1
1636,0xd17bc5,0.333333,14,False,2,2
1637,0x22630b,0.666667,9,False,1,1
1638,0x707c47,1.000000,12,True,0,0
1639,0xa8b340,0.666667,9,False,1,1
1640,0x8330d0,1.000000,8,True,0,0
1641,0x3125e6,0.000000,11,False,1,3
1642,0x582214,0.000000,7,False,1,3
1643,0x1e866f,0.666667,13,False,1,1
1644,0xa39766,0.666667,13,False,1,1
1645,0xa928cd,0.000000,11,False,1,3
1646,0x432c0f,0.333333,10,False,2,2
1647,0xbb4f44,0.666667,13,False,1,1
1648,0x8e3284,0.666667,9,False,1,1
1649,0x821338,1.000000,8,True,0,0
1650,0xc7127f,0.333333,14,False,2,2
1651,0xa83e58,0.000000,11,False,1,3
1652,0xd53022,0.666667,9,False,1,1
1653,0xe43845,0.333333,10,False,2,2
1654,0xdecd68,0.333333,14,False,2,2
1655,0x7e99e8,0.333333,14,False,2,2
1656,0x707f1f,0.000000,15,False,1,3
1657,0x49416,0.000000,7,False,1,3
1658,0xf3eb6a,1.000000,16,True,0,0
1659,0x4847e2,0.333333,10,False,2,2
1660,0x6b06e6,1.000000,12,True,0,0
1661,0xfb5bf6,0.333333,18,False,2,2
1662,0xb067d3,0.666667,13,False,1,1
1663,0x52b547,1.000000,12,True,0,0
1664,0x675928,0.000000,11,False,1,3
1665,0x49723d,1.000000,12,True,0,0
1666,0xff755c,0.666667,17,False,1,1
1667,0x412f6f,0.666667,13,False,1,1
1668,0x11f28b,0.000000,11,False,1,3
1669,0x18db3f,0.333333,14,False,2,2
1670,0xd1b5be,0.000000,15,False,1,3
1671,0xaa10f0,0.666667,9,False,1,1
1672,0x62022c,0.000000,7,False,1,3
1673,0xf67ccc,0.000000,15,False,1,3
1674,0x9ef598,0.333333,14,False,2,2
1675,0x7c134e,1.000000,12,True,0,0
1676,0xbb8d5e,0.000000,15,False,1,3
1677,0x33d94d,0.666667,13,False,1,1
1678,0xf8ae8,0.000000,11,False,1,3
1679,0xa7dd9b,1.000000,16,True,0,0
1680,0x1f6a49,1.000000,12,True,0,0
1681,0x204fe3,0.000000,11,False,1,3
1682,0x5e7234,1.000000,12,True,0,0
1683,0xf4efc4,0.000000,15,False,1,3
1684,0x2a5705,0.333333,10,False,2,2
1685,0x1fc37f,1.000000,16,True,0,0
1686,0x2a38ca,0.333333,10,False,2,2
1687,0x305160,0.000000,7,False,1,3
1688,0x24ba82,0.666667,9,False,1,1
1689,0x9c9201,1.000000,8,True,0,0
1690,0xeb2810,0.666667,9,False,1,1
1691,0x4926d7,1.000000,12,True,0,0
1692,0x151b98,0.333333,10,False,2,2
1693,0x38fcbb,0.000000,15,False,1,3
1694,0xc62cdb,0.666667,13,False,1,1
1695,0xa80f59,0.000000,11,False,1,3
1696,0xba68e2,1.000000,12,True,0,0
1697,0x1cfecc,0.333333,14,False,2,2
1698,0x93b7e8,0.333333,14,False,2,2
1699,0x68160d,0.666667,9,False,1,1
1700,0x976751,0.666667,13,False,1,1
1701,0x5508a9,0.666667,9,False,1,1
1702,0xe4ae8c,1.000000,12,True,0,0
1703,0x43fe15,0.666667,13,False,1,1
1704,0xb1c25e,1.000000,12,True,0,0
1705,0xcc3c63,1.000000,12,True,0,0
1706,0x928f0b,0.000000,11,False,1,3
1707,0x947f5b,0.000000,15,False,1,3
1708,0xeccdcd,0.000000,15,False,1,3
1709,0x1125aa,0.666667,9,False,1,1
1710,0x56aacf,0.333333,14,False,2,2
1711,0xbee006,0.000000,11,False,1,3
1712,0x55e524,0.000000,11,False,1,3
1713,0x9dbd17,0.000000,15,False,1,3
1714,0xe2e2e3,0.666667,13,False,1,1
1715,0xdb5c6d,0.000000,15,False,1,3
1716,0x888a28,0.000000,7,False,1,3
1717,0xe37eeb,0.666667,17,False,1,1
1718,0x5e2e48,0.000000,11,False,1,3
1719,0xcbd1d9,0.333333,14,False,2,2
1720,0x37d119,1.000000,12,True,0,0
1721,0xd523f9,0.333333,14,False,2,2
1722,0xb80277,0.000000,11,False,1,3
1723,0xa2847a,0.333333,10,False,2,2
1724,0xe410f1,0.333333,10,False,2,2
1725,0xf1b214,0.000000,11,False,1,3
1726,0x2c59fb,0.333333,14,False,2,2
1727,0x2dea7f,1.000000,16,True,0,0
1728,0xecf002,0.333333,10,False,2,2
1729,0xf9d6f3,0.666667,17,False,1,1
1730,0x403da1,0.666667,9,False,1,1
1731,0x4080ad,0.000000,7,False,1,3
1732,0xeab574,0.333333,14,False,2,2
1733,0x68a48e,0.333333,10,False,2,2
1734,0x323422,1.000000,8,True,0,0
1735,0xbb00b4,0.333333,10,False,2,2
1736,0x69c794,1.000000,12,True,0,0
1737,0x4ca59d,1.000000,12,True,0,0
1738,0xab38ab,0.666667,13,False,1,1
1739,0xa822dd,0.000000,11,False,1,3
1740,0xc9226b,0.000000,11,False,1,3
1741,0x4b9a88,0.333333,10,False,2,2
1742,0x1827db,1.000000,12,True,0,0
1743,0xba6153,1.000000,12,True,0,0
1744,0x8d62cc,0.000000,11,False,1,3
1745,0xbf93ca,0.000000,15,False,1,3
1746,0x61c1f0,0.333333,10,False,2,2
1747,0x45557c,1.000000,12,True,0,0
1748,0xecadbd,1.000000,16,True,0,0
1749,0x866634,0.333333,10,False,2,2
1750,0xd08b51,0.333333,10,False,2,2
1751,0xf7bbec,0.333333,18,False,2,2
1752,0x17e645,1.000000,12,True,0,0
1753,0x276ee1,0.666667,13,False,1,1
1754,0xb5024e,0.333333,10,False,2,2
1755,0xe1c6d8,1.000000,12,True,0,0
1756,0x476d5c,0.666667,13,False,1,1
1757,0xc32a43,0.333333,10,False,2,2
1758,0x6c29f9,0.666667,13,False,1,1
1759,0x7caf9b,1.000000,16,True,0,0
1760,0x11218b,1.000000,8,True,0,0
1761,0x671c96,1.000000,12,True,0,0
1762,0xa59860,0.666667,9,False,1,1
1763,0x672fa9,0.333333,14,False,2,2
1764,0x14ebf0,1.000000,12,True,0,0
1765,0xd5b00b,0.000000,11,False,1,3
1766,0xe9b7fc,0.666667,17,False,1,1
1767,0x2ec0d2,0.333333,10,False,2,2
1768,0xd0f395,0.666667,13,False,1,1
1769,0x560709,0.666667,9,False,1,1
1770,0x923dcc,1.000000,12,True,0,0
1771,0xa155aa,0.000000,11,False,1,3
1772,0x6d8239,0.000000,11,False,1,3
1773,0x80b4be,0.000000,11,False,1,3
1774,0x876d52,1.000000,12,True,0,0
1775,0x89a1d3,0.000000,11,False,1,3
1776,0xd61307,0.000000,11,False,1,3
1777,0xca5f2d,0.333333,14,False,2,2
1778,0x835a80,1.000000,8,True,0,0
1779,0xadc80a,0.333333,10,False,2,2
1780,0xd7d1c7,0.000000,15,False,1,3
1781,0x20b8ba,0.333333,10,False,2,2
1782,0x2f78aa,0.666667,13,False,1,1
1783,0xa3b964,1.000000,12,True,0,0
1784,0x7a8299,0.000000,11,False,1,3
1785,0x25c7fe,0.000000,15,False,1,3
1786,0xc89b8c,0.000000,11,False,1,3
1787,0xcdbf26,0.000000,15,False,1,3
1788,0x4a080f,1.000000,8,True,0,0
1789,0xa82826,1.000000,8,True,0,0
1790,0x5a70ec,1.000000,12,True,0,0
1791,0x543c66,0.000000,11,False,1,3
1792,0x9a5e3a,0.666667,13,False,1,1
1793,0xaa7e62,0.666667,13,False,1,1
1794,0xbe394d,0.333333,14,False,2,2
1795,0x9b2859,0.000000,11,False,1,3
1796,0x68500d,1.000000,8,True,0,0
1797,0xba7c1,0.000000,11,False,1,3
1798,0x229906,1.000000,8,True,0,0
1799,0x5c9407,0.333333,10,False,2,2
1800,0xa4ec8a,0.000000,11,False,1,3
1801,0x182153,1.000000,8,True,0,0
1802,0x8c2080,0.666667,5,False,3,1
1803,0x5f1c70,1.000000,12,True,0,0
1804,0x32de6d,0.333333,14,False,2,2
1805,0x86dccc,1.000000,12,True,0,0
1806,0x147087,0.666667,9,False,1,1
1807,0xbbbe49,0.000000,15,False,1,3
1808,0x1a2223,1.000000,8,True,0,0
1809,0x9d7c3a,0.333333,14,False,2,2
1810,0x6a3fd4,0.333333,14,False,2,2
1811,0x6ffbd0,1.000000,16,True,0,0
1812,0xebf47a,1.000000,16,True,0,0
1813,0xe7766a,0.000000,15,False,1,3
1814,0x637d9c,0.333333,14,False,2,2
1815,0xa1a4b3,0.000000,11,False,1,3
1816,0x3b28c8,0.333333,10,False,2,2
1817,0xe6dc70,0.666667,13,False,1,1
1818,0x1732e1,0.000000,11,False,1,3
1819,0x644764,0.333333,10,False,2,2
1820,0xcd9372,0.666667,13,False,1,1
1821,0x4b2c57,1.000000,12,True,0,0
1822,0x6d5a9d,0.333333,14,False,2,2
1823,0x49541,0.000000,7,False,1,3
1824,0xa80ccf,0.000000,11,False,1,3
1825,0x20dd0d,0.333333,10,False,2,2
1826,0xd70333,1.000000,12,True,0,0
1827,0x93bd03,1.000000,12,True,0,0
1828,0xc23d33,1.000000,12,True,0,0
1829,0xc0ee37,0.666667,13,False,1,1
1830,0x4de49d,0.666667,13,False,1,1
1831,0xc3df3d,1.000000,16,True,0,0
1832,0x6f5509,1.000000,12,True,0,0
1833,0x556336,1.000000,12,True,0,0
1834,0x24d417,0.333333,10,False,2,2
1835,0xc08022,0.666667,5,False,3,1
1836,0xab290,1.000000,8,True,0,0
1837,0x571188,0.666667,9,False,1,1
1838,0xf4bb36,0.000000,15,False,1,3
1839,0x1b279,0.333333,10,False,2,2
1840,0x518f2f,0.666667,13,False,1,1
1841,0xc70142,1.000000,8,True,0,0
1842,0x6ca6f4,0.666667,13,False,1,1
1843,0x214ebb,1.000000,12,True,0,0
1844,0xdde4e1,0.333333,14,False,2,2
1845,0x25d707,1.000000,12,True,0,0
1846,0x6753a8,1.000000,12,True,0,0
1847,0x39c16,0.666667,9,False,1,1
1848,0x1f2148,0.666667,9,False,1,1
1849,0xc51539,0.000000,11,False,1,3
1850,0x1c150c,1.000000,8,True,0,0
1851,0x994ee2,1.000000,12,True,0,0
1852,0x53d5f6,0.000000,15,False,1,3
1853,0x28abfe,0.333333,14,False,2,2
1854,0x3a91f0,0.000000,11,False,1,3
1855,0x97f37b,0.666667,17,False,1,1
1856,0xbe614e,0.666667,13,False,1,1
1857,0xd583d7,0.333333,14,False,2,2
1858,0x5c37a5,0.666667,13,False,1,1
1859,0x1be95a,0.666667,13,False,1,1
1860,0x30a986,0.666667,9,False,1,1
1861,0x9439a9,0.000000,11,False,1,3
1862,0x55c6af,0.333333,14,False,2,2
1863,0xf87787,0.000000,15,False,1,3
1864,0x7e1deb,1.000000,16,True,0,0
1865,0x9930fe,0.666667,13,False,1,1
1866,0xbb8ac6,0.666667,13,False,1,1
1867,0xe79162,1.000000,12,True,0,0
1868,0x7851df,0.333333,14,False,2,2
1869,0xb0257b,1.000000,12,True,0,0
1870,0xfdb852,0.333333,14,False,2,2
1871,0x2d9657,0.666667,13,False,1,1
1872,0x3bdd22,0.666667,13,False,1,1
1873,0x639ef8,0.333333,14,False,2,2
1874,0x6d22a7,1.000000,12,True,0,0
1875,0xd14ad2,0.000000,11,False,1,3
1876,0x2ba8bb,0.666667,13,False,1,1
1877,0x75654c,1.000000,12,True,0,0
1878,0x2f65d1,0.666667,13,False,1,1
1879,0xe0e989,0.000000,11,False,1,3
1880,0x6a841c,0.666667,9,False,1,1
1881,0xdc56c7,0.333333,14,False,2,2
1882,0x2abcea,0.666667,13,False,1,1
1883,0x859149,0.666667,9,False,1,1
1884,0x643f93,0.666667,13,False,1,1
1885,0xbe206f,0.666667,13,False,1,1
1886,0x1f77f5,0.666667,17,False,1,1
1887,0x4a7d26,1.000000,12,True,0,0
1888,0x2ea588,0.333333,10,False,2,2
1889,0x7009cc,0.666667,9,False,1,1
1890,0x3ad22f,0.666667,13,False,1,1
1891,0xf255e3,0.333333,14,False,2,2
1892,0x9cdf65,0.000000,15,False,1,3
1893,0x5aaa8c,0.000000,11,False,1,3
1894,0x46ac5e,1.000000,12,True,0,0
1895,0x89bebd,0.000000,15,False,1,3
1896,0x974bbd,0.000000,15,False,1,3
1897,0x2b6512,0.333333,10,False,2,2
1898,0x856f33,0.666667,13,False,1,1
1899,0x9e4abf,0.000000,15,False,1,3
1900,0x808b1c,1.000000,8,True,0,0
1901,0x8c49a5,0.333333,10,False,2,2
1902,0xfb7088,1.000000,12,True,0,0
1903,0x7e6ed3,1.000000,16,True,0,0
1904,0xa9a589,0.000000,11,False,1,3
1905,0x369a27,1.000000,12,True,0,0
1906,0x2c34ce,0.000000,11,False,1,3
1907,0x178cda,1.000000,12,True,0,0
1908,0x81d0bc,0.333333,10,False,2,2
1909,0x217f82,0.000000,11,False,1,3
1910,0x7fea80,0.666667,13,False,1,1
1911,0xf71a53,0.333333,14,False,2,2
1912,0x2420f0,0.000000,7,False,1,3
1913,0xb9cd46,0.666667,13,False,1,1
1914,0x3fc8b,1.000000,12,True,0,0
1915,0x8a6d89,0.000000,11,False,1,3
1916,0x7e4def,0.666667,17,False,1,1
1917,0x46c963,0.000000,11,False,1,3
1918,0xf2e859,0.666667,13,False,1,1
1919,0x5e27b1,0.666667,13,False,1,1
1920,0xab8b96,0.666667,13,False,1,1
1921,0xad800e,0.666667,9,False,1,1
1922,0x4db9f6,0.000000,15,False,1,3
1923,0xc0423d,0.666667,9,False,1,1
1924,0xf0ec7f,1.000000,16,True,0,0
1925,0x2eef4b,0.000000,15,False,1,3
1926,0x445130,0.000000,7,False,1,3
1927,0x3c6e7e,0.000000,15,False,1,3
1928,0x11183,0.333333,6,False,2,2
1929,0xb6bf66,1.000000,16,True,0,0
1930,0xe5f86b,0.000000,15,False,1,3
1931,0xd28331,0.333333,10,False,2,2
1932,0x5b9167,0.666667,13,False,1,1
1933,0xf6a104,0.333333,10,False,2,2
1934,0x958ded,0.333333,14,False,2,2
1935,0x9c109c,0.666667,9,False,1,1
1936,0xb13003,1.000000,8,True,0,0
1937,0xa05413,1.000000,8,True,0,0
1938,0x6ae3c8,1.000000,12,True,0,0
1939,0x85d7c5,0.666667,13,False,1,1
1940,0x12c818,0.000000,7,False,1,3
1941,0xea010c,1.000000,8,True,0,0
1942,0x502833,1.000000,8,True,0,0
1943,0x633c98,0.000000,11,False,1,3
1944,0xa93efc,0.000000,15,False,1,3
1945,0x63f92b,0.333333,14,False,2,2
1946,0x6bafe0,0.333333,14,False,2,2
1947,0xc1a587,0.000000,11,False,1,3
1948,0xf4bbf1,1.000000,16,True,0,0
1949,0xd8cc6c,1.000000,12,True,0,0
1950,0x9a6f96,0.333333,14,False,2,2
1951,0x5a3df6,0.000000,15,False,1,3
1952,0xf56214,0.000000,11,False,1,3
1953,0x5472d6,1.000000,12,True,0,0
1954,0x2f1184,0.666667,9,False,1,1
1955,0x808d8d,0.666667,9,False,1,1
1956,0xc3e608,0.333333,10,False,2,2
1957,0xd96374,0.666667,13,False,1,1
1958,0x309c51,0.666667,9,False,1,1
1959,0xf644f5,0.333333,14,False,2,2
1960,0xd7f49c,0.000000,15,False,1,3
1961,0x69a9c9,1.000000,12,True,0,0
1962,0xefbc9b,0.666667,17,False,1,1
1963,0x5b7b03,0.666667,13,False,1,1
1964,0x7d0c12,0.333333,10,False,2,2
1965,0xbffe5c,0.333333,18,False,2,2
1966,0x7ea6e6,0.000000,15,False,1,3
1967,0x2b1bf3,0.333333,14,False,2,2
1968,0x838a1d,0.333333,10,False,2,2
1969,0x543dd1,1.000000,12,True,0,0
1970,0xcb8e0d,1.000000,12,True,0,0
1971,0x5d075a,1.000000,12,True,0,0
1972,0xe845bf,0.333333,14,False,2,2
1973,0x2a6f1b,0.666667,13,False,1,1
1974,0xc7ef43,0.000000,15,False,1,3
1975,0xfdf831,0.000000,15,False,1,3
1976,0xec056c,0.000000,11,False,1,3
1977,0x8f57ab,0.000000,15,False,1,3
1978,0xe19f61,0.666667,13,False,1,1
1979,0x2d9693,1.000000,12,True,0,0
1980,0x90937a,0.000000,11,False,1,3
1981,0x8b8e07,0.000000,11,False,1,3
1982,0x14a84,0.333333,6,False,2,2
1983,0x86fb57,0.000000,15,False,1,3
1984,0x7f5cc3,0.000000,15,False,1,3
1985,0x484a27,0.666667,9,False,1,1
1986,0x463df5,0.333333,14,False,2,2
1987,0x51b553,1.000000,12,True,0,0
1988,0x3b9c22,0.000000,11,False,1,3
1989,0x92ab4b,1.000000,12,True,0,0
1990,0x56fa51,0.666667,13,False,1,1
1991,0xb30807,0.666667,9,False,1,1
1992,0x37d77c,1.000000,16,True,0,0
1993,0xc489a5,0.333333,10,False,2,2
1994,0x26fd22,1.000000,12,True,0,0
1995,0x9ac898,0.333333,10,False,2,2
1996,0x5d53e0,1.000000,12,True,0,0
1997,0x20797b,1.000000,12,True,0,0
1998,0xb999c4,1.000000,12,True,0,0
1999,0xc86c6,0.666667,9,False,1,1
2000,0xc2e04f,0.000000,11,False,1,3
2001,0x2a02bf,0.000000,11,False,1,3
2002,0xc5390c,0.333333,10,False,2,2
2003,0x272123,0.666667,9,False,1,1
2004,0x195016,1.000000,8,True,0,0
2005,0x9b8c7f,0.000000,15,False,1,3
2006,0xb5f332,0.333333,14,False,2,2
2007,0x3596d5,0.666667,13,False,1,1
2008,0xf55b1e,0.000000,15,False,1,3
2009,0x3c2e83,0.000000,11,False,1,3
2010,0x87e5dd,0.000000,15,False,1,3
2011,0x483210,0.333333,6,False,2,2
2012,0x3ad388,0.000000,11,False,1,3
2013,0xf71ad6,0.000000,15,False,1,3
2014,0x33467e,0.666667,13,False,1,1
2015,0xc301b5,0.333333,10,False,2,2
2016,0x217725,0.000000,11,False,1,3
2017,0xe0cb75,0.666667,13,False,1,1
2018,0x68f778,0.333333,14,False,2,2
2019,0xc5013a,0.666667,9,False,1,1
2020,0x6fb65f,0.666667,17,False,1,1
2021,0x6eb977,1.000000,16,True,0,0
2022,0xdb6430,0.000000,11,False,1,3
2023,0x99527d,0.666667,13,False,1,1
2024,0x22f376,0.666667,13,False,1,1
2025,0xac3075,0.000000,11,False,1,3
2026,0x938c3,0.666667,9,False,1,1
2027,0x5f84fa,0.333333,14,False,2,2
2028,0xd0278d,0.000000,11,False,1,3
2029,0x4f27de,0.000000,15,False,1,3
2030,0x46f66,0.000000,11,False,1,3
2031,0x47ad,0.666667,9,False,1,1
2032,0x5269c1,0.333333,10,False,2,2
2033,0xb67917,0.333333,14,False,2,2
2034,0x3bf795,1.000000,16,True,0,0
2035,0x161086,0.000000,7,False,1,3
2036,0x3f1569,0.666667,13,False,1,1
2037,0x9900c4,0.000000,7,False,1,3
2038,0xaa1808,0.000000,7,False,1,3
2039,0xa5888b,0.333333,10,False,2,2
2040,0x88889b,0.666667,9,False,1,1
2041,0x878280,0.000000,7,False,1,3
2042,0x68eeb,1.000000,12,True,0,0
2043,0x51a215,0.666667,9,False,1,1
2044,0x4853c2,0.666667,9,False,1,1
2045,0x10198b,1.000000,8,True,0,0
2046,0x728113,0.666667,9,False,1,1
2047,0xa99c50,0.333333,10,False,2,2
2048,0xb7521e,0.666667,13,False,1,1
2049,0x11e03a,0.666667,9,False,1,1
2050,0x2b9ca7,0.666667,13,False,1,1
2051,0x56c8a3,0.000000,11,False,1,3
2052,0xc35998,0.000000,11,False,1,3
2053,0xe38210,1.000000,8,True,0,0
2054,0x33b222,0.333333,10,False,2,2
2055,0x7cea86,0.666667,13,False,1,1
2056,0xc285ea,0.000000,11,False,1,3
2057,0x4c3210,0.000000,7,False,1,3
2058,0x199fbe,0.000000,15,False,1,3
2059,0x559673,0.666667,13,False,1,1
2060,0x7de0b7,0.000000,15,False,1,3
2061,0xa8aaa1,0.333333,10,False,2,2
2062,0x918849,1.000000,8,True,0,0
2063,0x7a6f9f,0.666667,17,False,1,1
2064,0x9c7cb9,0.333333,14,False,2,2
2065,0xd4f302,0.000000,11,False,1,3
2066,0x59dcad,0.333333,14,False,2,2
2067,0xd82a,0.000000,7,False,1,3
2068,0x9095d7,1.000000,12,True,0,0
2069,0xc99620,0.666667,9,False,1,1
2070,0xe2d36,0.000000,11,False,1,3
2071,0x69505b,0.000000,11,False,1,3
2072,0xcde48e,0.666667,13,False,1,1
2073,0x25839d,0.000000,11,False,1,3
2074,0x511f3a,1.000000,12,True,0,0
2075,0xac23ff,0.000000,15,False,1,3
2076,0x124ed4,0.333333,10,False,2,2
2077,0xa97ba0,1.000000,12,True,0,0
2078,0xd6c6e1,0.666667,13,False,1,1
2079,0x58dcd1,1.000000,12,True,0,0
2080,0x42c347,0.333333,10,False,2,2
2081,0xe9d27a,0.333333,14,False,2,2
2082,0xb43ddb,0.000000,15,False,1,3
2083,0x299539,0.000000,11,False,1,3
2084,0x25f37b,0.000000,15,False,1,3
2085,0x95edd6,0.000000,15,False,1,3
2086,0x4f2a4a,0.000000,11,False,1,3
2087,0xb8f6fa,1.000000,16,True,0,0
2088,0x9f093a,1.000000,12,True,0,0
2089,0xc661a2,0.333333,10,False,2,2
2090,0x80ffa1,1.000000,12,True,0,0
2091,0xdf1dfa,0.666667,17,False,1,1
2092,0xa37fe1,0.000000,15,False,1,3
2093,0x902621,0.000000,7,False,1,3
2094,0xa59b9f,0.000000,15,False,1,3
2095,0xbc159,0.333333,10,False,2,2
2096,0x4242a5,1.000000,8,True,0,0
2097,0xfbf582,0.000000,15,False,1,3
2098,0x8de9c2,1.000000,12,True,0,0
2099,0x6b2cb0,0.000000,11,False,1,3
2100,0xbe31ba,0.333333,14,False,2,2
2101,0x131e29,0.333333,10,False,2,2
2102,0xda01ed,1.000000,12,True,0,0
2103,0xc24c64,0.666667,9,False,1,1
2104,0xb2b191,0.000000,11,False,1,3
2105,0xd07b7b,0.000000,15,False,1,3
2106,0xfd95e5,1.000000,16,True,0,0
2107,0xb7aafa,1.000000,16,True,0,0
2108,0xd8badb,0.000000,15,False,1,3
2109,0x65ac30,0.333333,10,False,2,2
2110,0xdc355c,0.666667,13,False,1,1
2111,0x2edaa9,0.666667,13,False,1,1
2112,0xfc5686,0.666667,13,False,1,1
2113,0xd82956,0.000000,11,False,1,3
2114,0xcdde3e,1.000000,16,True,0,0
2115,0x27372e,0.666667,13,False,1,1
2116,0x824716,0.666667,9,False,1,1
2117,0xb8fdf6,0.666667,17,False,1,1
2118,0x13940a,1.000000,8,True,0,0
2119,0xee19ab,0.333333,14,False,2,2
2120,0x1ebbf8,0.000000,15,False,1,3
2121,0xe47b64,0.666667,13,False,1,1
2122,0x1ae6d6,0.666667,13,False,1,1
2123,0xf3c19a,0.666667,13,False,1,1
2124,0x82e512,0.666667,9,False,1,1
2125,0x127e40,0.666667,9,False,1,1
2126,0xe4b6ac,0.666667,13,False,1,1
2127,0x65270,1.000000,8,True,0,0
2128,0xc824b4,0.666667,9,False,1,1
2129,0xe0c38a,0.333333,10,False,2,2
2130,0x892465,0.666667,9,False,1,1
2131,0x259058,1.000000,8,True,0,0
2132,0x35e382,0.000000,11,False,1,3
2133,0x299e71,1.000000,12,True,0,0
2134,0x165531,0.333333,10,False,2,2
2135,0xf6d70f,1.000000,16,True,0,0
2136,0x3eb11d,0.666667,13,False,1,1
2137,0x66f4f8,0.333333,14,False,2,2
2138,0xb18bad,0.666667,13,False,1,1
2139,0x4d2905,0.666667,9,False,1,1
2140,0x20b9b,0.666667,9,False,1,1
2141,0x831283,1.000000,8,True,0,0
2142,0xcb5df1,0.000000,15,False,1,3
2143,0x69dfcf,0.666667,17,False,1,1
2144,0x176b13,1.000000,12,True,0,0
2145,0x3740a8,0.666667,9,False,1,1
2146,0xf74d11,0.666667,13,False,1,1
2147,0x199e4,0.666667,9,False,1,1
2148,0xda19ee,0.333333,14,False,2,2
2149,0xa781e0,0.333333,10,False,2,2
2150,0x4645c6,0.333333,10,False,2,2
2151,0x692ebc,0.666667,13,False,1,1
2152,0xb32c4,0.666667,9,False,1,1
2153,0xf69849,1.000000,12,True,0,0
2154,0xd68602,0.666667,9,False,1,1
2155,0xca7cf4,0.333333,14,False,2,2
2156,0x404c07,0.000000,7,False,1,3
2157,0x4a60bb,0.000000,11,False,1,3
2158,0x7b5f53,1.000000,16,True,0,0
2159,0x7f3c38,0.333333,14,False,2,2
2160,0xb74c21,0.000000,11,False,1,3
2161,0x1c8456,0.666667,9,False,1,1
2162,0x65f336,0.333333,14,False,2,2
2163,0xcdf139,0.333333,14,False,2,2
2164,0x5df1af,1.000000,16,True,0,0
2165,0x869386,0.333333,10,False,2,2
2166,0x11a3e8,0.333333,10,False,2,2
2167,0x86bd75,0.333333,14,False,2,2
2168,0x68beac,0.666667,13,False,1,1
2169,0x20345,0.333333,6,False,2,2
2170,0x2df3b8,0.333333,14,False,2,2
2171,0xad0f5,0.000000,11,False,1,3
2172,0x7b74b,0.666667,13,False,1,1
2173,0x159b4f,0.666667,13,False,1,1
2174,0xbc23fa,0.333333,14,False,2,2
2175,0xd6f0fa,0.000000,15,False,1,3
2176,0xb83181,0.666667,9,False,1,1
2177,0x7c6749,0.666667,13,False,1,1
2178,0xdd99b7,1.000000,16,True,0,0
2179,0xafa778,0.000000,15,False,1,3
2180,0x4c0f5a,0.000000,11,False,1,3
2181,0x77cb71,0.000000,15,False,1,3
2182,0x15a64f,1.000000,12,True,0,0
2183,0xefadd0,0.000000,15,False,1,3
2184,0xc0d5ae,1.000000,12,True,0,0
2185,0xf479d6,0.000000,15,False,1,3
2186,0x3b6deb,1.000000,16,True,0,0
2187,0x5b9e5c,0.333333,14,False,2,2
2188,0x62c1cb,0.000000,11,False,1,3
2189,0xe0009e,1.000000,8,True,0,0
2190,0xb8427a,0.000000,11,False,1,3
2191,0x7919ac,1.000000,12,True,0,0
2192,0xbde041,0.000000,11,False,1,3
2193,0x52eb91,1.000000,12,True,0,0
2194,0x4718a3,0.333333,10,False,2,2
2195,0x349da1,0.000000,11,False,1,3
2196,0xdc5601,0.333333,10,False,2,2
2197,0x642ba8,0.333333,10,False,2,2
2198,0x113a93,0.333333,10,False,2,2
2199,0x3ad3f6,0.000000,15,False,1,3
2200,0xcf71db,1.000000,16,True,0,0
2201,0xc81726,0.333333,10,False,2,2
2202,0x28f7e9,0.333333,14,False,2,2
2203,0x188b,0.333333,6,False,2,2
2204,0xbe348d,0.666667,13,False,1,1
2205,0x132556,0.333333,10,False,2,2
2206,0x87595,0.333333,10,False,2,2
2207,0x96630f,1.000000,12,True,0,0
2208,0x32f617,0.666667,13,False,1,1
2209,0xda983c,1.000000,12,True,0,0
2210,0xb9e7fd,0.333333,18,False,2,2
2211,0x64126e,0.333333,10,False,2,2
2212,0xad482,1.000000,8,True,0,0
2213,0xd816d6,1.000000,12,True,0,0
2214,0xe76cc5,0.333333,14,False,2,2
2215,0x781e87,1.000000,12,True,0,0
2216,0x943aaa,0.000000,11,False,1,3
2217,0xf6c2ef,1.000000,16,True,0,0
2218,0x62dbc8,1.000000,12,True,0,0
2219,0x5fe6d6,1.000000,16,True,0,0
2220,0x88f01d,0.333333,10,False,2,2
2221,0x96eb15,0.666667,13,False,1,1
2222,0xb47bfe,0.666667,17,False,1,1
2223,0x1234bd,0.000000,11,False,1,3
2224,0x1be8af,0.333333,14,False,2,2
2225,0x8a437a,0.000000,11,False,1,3
2226,0xfc986e,0.333333,14,False,2,2
2227,0xfbf0bf,0.333333,18,False,2,2
2228,0x60c732,0.333333,10,False,2,2
2229,0x192d69,0.000000,11,False,1,3
2230,0xd0901,0.333333,6,False,2,2
2231,0xe30851,0.666667,9,False,1,1
2232,0x71b364,1.000000,12,True,0,0
2233,0x22849b,0.666667,9,False,1,1
2234,0x40ea1f,0.000000,11,False,1,3
2235,0xf79590,0.666667,13,False,1,1
2236,0xa4c299,0.333333,10,False,2,2
2237,0x1b59d8,1.000000,12,True,0,0
2238,0xaf024e,0.000000,11,False,1,3
2239,0xd7aba8,0.333333,14,False,2,2
2240,0x60489b,0.666667,9,False,1,1
2241,0x7a4f60,1.000000,12,True,0,0
2242,0x130701,0.000000,7,False,1,3
2243,0x891674,0.333333,10,False,2,2
2244,0x5322f0,0.333333,10,False,2,2
2245,0xa534da,1.000000,12,True,0,0
2246,0xca3ccf,0.333333,14,False,2,2
2247,0x8dded0,0.666667,13,False,1,1
2248,0x36246a,0.333333,10,False,2,2
2249,0xbef3c8,0.000000,15,False,1,3
2250,0x1e340,0.000000,7,False,1,3
2251,0x5f917b,0.000000,15,False,1,3
2252,0x142e0a,1.000000,8,True,0,0
2253,0x95c1bf,0.333333,14,False,2,2
2254,0xea78e,1.000000,12,True,0,0
2255,0x62f971,0.666667,13,False,1,1
2256,0x23894a,0.666667,9,False,1,1
2257,0x3c19d1,0.000000,11,False,1,3
2258,0xe9e844,0.000000,11,False,1,3
2259,0x56645e,1.000000,12,True,0,0
2260,0xe6ae03,1.000000,12,True,0,0
2261,0x5254ab,0.000000,11,False,1,3
2262,0x320ef4,0.000000,11,False,1,3
2263,0xd04343,0.666667,9,False,1,1
2264,0x871ab1,0.000000,11,False,1,3
2265,0xe303f8,1.000000,12,True,0,0
2266,0x71e8cc,1.000000,12,True,0,0
2267,0x16eae,0.000000,11,False,1,3
2268,0x5cfdee,0.666667,17,False,1,1
2269,0x8c9f0f,0.666667,13,False,1,1
2270,0xe18f9e,0.333333,14,False,2,2
2271,0x8adaa8,0.000000,11,False,1,3
2272,0xbacfc5,0.000000,15,False,1,3
2273,0x2cce29,0.000000,11,False,1,3
2274,0xd3da5e,0.000000,15,False,1,3
2275,0x2f1ac7,0.666667,13,False,1,1
2276,0xdcf371,0.000000,15,False,1,3
2277,0xa166bf,0.333333,14,False,2,2
2278,0xf012f9,1.000000,12,True,0,0
2279,0xd8e9ab,0.333333,14,False,2,2
2280,0x927a7b,0.333333,14,False,2,2
2281,0xe5605a,0.000000,11,False,1,3
2282,0x3e51c3,1.000000,12,True,0,0
2283,0x5ff338,0.000000,15,False,1,3
2284,0x418920,0.333333,6,False,2,2
2285,0x4c94a9,0.333333,10,False,2,2
2286,0x682ffb,0.000000,15,False,1,3
2287,0x76822a,0.333333,10,False,2,2
2288,0xa4520e,0.666667,9,False,1,1
2289,0x203df0,0.333333,10,False,2,2
2290,0x861c6a,0.333333,10,False,2,2
2291,0x27618b,0.000000,11,False,1,3
2292,0xca5c95,1.000000,12,True,0,0
2293,0xb64de1,0.666667,13,False,1,1
2294,0x863516,0.333333,10,False,2,2
2295,0x1ae5eb,0.333333,14,False,2,2
2296,0xba8503,0.333333,10,False,2,2
2297,0xfbae90,0.333333,14,False,2,2
2298,0x21401c,0.333333,6,False,2,2
2299,0x41f6ed,0.333333,14,False,2,2
2300,0xe40139,0.666667,9,False,1,1
2301,0x3a4c1e,0.000000,11,False,1,3
2302,0x752ea5,0.666667,13,False,1,1
2303,0x23de90,0.000000,11,False,1,3
2304,0xbbb59,0.666667,13,False,1,1
2305,0xfbac37,1.000000,16,True,0,0
2306,0xab8d14,0.000000,11,False,1,3
2307,0x3a4cd2,0.000000,11,False,1,3
2308,0x47b911,0.000000,11,False,1,3
2309,0xc59ee1,0.666667,13,False,1,1
2310,0x62c66e,1.000000,12,True,0,0
2311,0xb45e3e,0.333333,14,False,2,2
2312,0x101af3,0.333333,10,False,2,2
2313,0xb5a18a,0.000000,11,False,1,3
2314,0xcc72b2,1.000000,12,True,0,0
2315,0x2cc986,0.333333,10,False,2,2
2316,0x110f84,1.000000,8,True,0,0
2317,0xbff2ca,1.000000,16,True,0,0
2318,0x260e9f,1.000000,12,True,0,0
2319,0x7305a5,0.000000,11,False,1,3
2320,0xf8283e,1.000000,12,True,0,0
2321,0x1bbe38,0.666667,13,False,1,1
2322,0xc610cc,0.666667,9,False,1,1
2323,0xdc1aa3,1.000000,12,True,0,0
2324,0xf4f402,0.000000,11,False,1,3
2325,0x11f635,1.000000,12,True,0,0
2326,0x3353,1.000000,8,True,0,0
2327,0x1365f4,1.000000,12,True,0,0
2328,0x5a62d8,0.000000,11,False,1,3
2329,0x6a9725,1.000000,12,True,0,0
2330,0xf6bf98,1.000000,16,True,0,0
2331,0x14bc84,0.666667,9,False,1,1
2332,0xeebd33,1.000000,16,True,0,0
2333,0xdd9dc8,0.333333,14,False,2,2
2334,0xc19a03,0.666667,9,False,1,1
2335,0xe59362,1.000000,12,True,0,0
2336,0xfe00aa,0.000000,11,False,1,3
2337,0x37eebd,0.666667,17,False,1,1
2338,0x7fa108,0.000000,11,False,1,3
2339,0x57f46c,0.333333,14,False,2,2
2340,0xb04551,0.666667,9,False,1,1
2341,0x5646ce,1.000000,12,True,0,0
2342,0xad2a6a,1.000000,12,True,0,0
2343,0x2e2596,0.000000,11,False,1,3
2344,0x50609e,0.666667,9,False,1,1
2345,0xd2f12e,0.666667,13,False,1,1
2346,0x5d282a,0.333333,10,False,2,2
2347,0xa6345d,1.000000,12,True,0,0
2348,0x7aeba,0.666667,13,False,1,1
2349,0x1f46a1,0.000000,11,False,1,3
2350,0x5d42ca,0.000000,11,False,1,3
2351,0x8f668e,0.666667,13,False,1,1
2352,0xf0ce10,0.333333,10,False,2,2
2353,0x32c00,0.666667,5,False,3,1
2354,0xf3c5d5,0.000000,15,False,1,3
2355,0x380dc,1.000000,8,True,0,0
2356,0xf977af,0.333333,18,False,2,2
2357,0x6329df,0.333333,14,False,2,2
2358,0x502311,0.000000,7,False,1,3
2359,0xab5d2d,0.333333,14,False,2,2
2360,0xdae1ac,0.666667,13,False,1,1
2361,0xe7ef35,0.666667,17,False,1,1
2362,0xb7ceb6,1.000000,16,True,0,0
2363,0x6eb6f6,1.000000,16,True,0,0
2364,0xc66e3b,0.333333,14,False,2,2
2365,0x36c62d,1.000000,12,True,0,0
2366,0x960650,1.000000,8,True,0,0
2367,0xc34437,0.000000,11,False,1,3
2368,0x21cb95,0.000000,11,False,1,3
2369,0x860824,0.333333,6,False,2,2
2370,0x1744d0,0.666667,9,False,1,1
2371,0x5db5fe,0.666667,17,False,1,1
2372,0xe27a1c,1.000000,12,True,0,0
2373,0x486e90,0.666667,9,False,1,1
2374,0x23e7bc,0.333333,14,False,2,2
2375,0x4d9820,1.000000,8,True,0,0
2376,0xd51bd4,0.666667,13,False,1,1
2377,0x534198,0.666667,9,False,1,1
2378,0x74557e,0.333333,14,False,2,2
2379,0xd81a59,0.000000,11,False,1,3
2380,0xf03753,0.666667,13,False,1,1
2381,0x63a546,0.000000,11,False,1,3
2382,0x8dd8b1,1.000000,12,True,0,0
2383,0x72ddc,1.000000,12,True,0,0
2384,0x9e5858,0.000000,11,False,1,3
2385,0xfe1f5b,0.666667,17,False,1,1
2386,0x3177c0,0.000000,11,False,1,3
2387,0x7552d8,1.000000,12,True,0,0
2388,0xe3d60,0.333333,10,False,2,2
2389,0x6dc969,0.666667,13,False,1,1
2390,0x11f3aa,1.000000,12,True,0,0
2391,0x345f73,0.333333,14,False,2,2
2392,0xf2582f,0.666667,13,False,1,1
2393,0x2abe0f,0.666667,13,False,1,1
2394,0xbbe42a,0.666667,13,False,1,1
2395,0xf4786b,0.333333,14,False,2,2
2396,0x737aa3,0.333333,14,False,2,2
2397,0x7ffd53,0.333333,18,False,2,2
2398,0xb3fe59,1.000000,16,True,0,0
2399,0x523d20,0.666667,9,False,1,1
2400,0x7744c7,0.666667,13,False,1,1
2401,0xce47b2,0.666667,13,False,1,1
2402,0x5f989a,0.666667,13,False,1,1
2403,0x523a5,0.666667,9,False,1,1
2404,0x26f7b2,0.333333,14,False,2,2
2405,0xcbff07,1.000000,16,True,0,0
2406,0x6e02a0,1.000000,8,True,0,0
2407,0x6f9d0c,0.666667,13,False,1,1
2408,0x376222,0.333333,10,False,2,2
2409,0xebb3c1,0.333333,14,False,2,2
2410,0x49f19e,0.666667,13,False,1,1
2411,0xfef56c,0.666667,17,False,1,1
2412,0x806319,1.000000,8,True,0,0
2413,0x596f1,0.000000,11,False,1,3
2414,0x27b7a,1.000000,12,True,0,0
2415,0x47a9c5,1.000000,12,True,0,0
2416,0xbc4262,0.333333,10,False,2,2
2417,0x402e52,1.000000,8,True,0,0
2418,0x25ac87,0.000000,11,False,1,3
2419,0xcbfdd6,0.666667,17,False,1,1
2420,0x7392e0,0.000000,11,False,1,3
2421,0x580557,0.333333,10,False,2,2
2422,0x2fc283,0.000000,11,False,1,3
2423,0xfe80d7,0.333333,14,False,2,2
2424,0xce14c6,0.000000,11,False,1,3
2425,0xc2640e,0.666667,9,False,1,1
2426,0xd32f0d,0.666667,13,False,1,1
2427,0xc57ed7,1.000000,16,True,0,0
2428,0xffdcdf,1.000000,20,False,4,0
2429,0x6a458f,1.000000,12,True,0,0
2430,0xe090f3,0.000000,11,False,1,3
2431,0xf4d793,0.000000,15,False,1,3
2432,0x9d2c9b,0.666667,13,False,1,1
2433,0xb53d1e,0.333333,14,False,2,2
2434,0xddc3f4,0.000000,15,False,1,3
2435,0x410421,0.666667,5,False,3,1
2436,0x6cef71,0.000000,15,False,1,3
2437,0xc76574,0.666667,13,False,1,1
2438,0x3756f,0.666667,13,False,1,1
2439,0xdb09d7,0.333333,14,False,2,2
2440,0x319eda,0.666667,13,False,1,1
2441,0x78f734,0.333333,14,False,2,2
2442,0x18a42e,0.666667,9,False,1,1
2443,0xbfb48b,0.000000,15,False,1,3
2444,0xc9c45e,1.000000,12,True,0,0
2445,0x3f5f22,0.333333,14,False,2,2
2446,0xb60056,0.666667,9,False,1,1
2447,0x58869f,1.000000,12,True,0,0
2448,0x26647,0.666667,9,False,1,1
2449,0xb998af,0.333333,14,False,2,2
2450,0x3f523b,0.333333,14,False,2,2
2451,0x604f,0.000000,7,False,1,3
2452,0xbf74f9,0.666667,17,False,1,1
2453,0xa74eac,0.666667,13,False,1,1
2454,0xfe2141,0.000000,11,False,1,3
2455,0x50e60d,0.333333,10,False,2,2
2456,0x4de4dc,0.666667,13,False,1,1
2457,0xaa79e0,1.000000,12,True,0,0
2458,0xfac153,0.666667,13,False,1,1
2459,0x3f4b58,0.666667,13,False,1,1
2460,0x16d5ae,0.666667,13,False,1,1
2461,0x83723c,0.000000,11,False,1,3
2462,0x7b63c2,0.666667,13,False,1,1
2463,0xc4fbe2,0.333333,14,False,2,2
2464,0x56d93f,0.000000,15,False,1,3
2465,0x706208,0.000000,7,False,1,3
2466,0x649d8d,1.000000,12,True,0,0
2467,0x31f7ba,0.000000,15,False,1,3
2468,0x433a53,0.000000,11,False,1,3
2469,0x178652,0.333333,10,False,2,2
2470,0xf58766,0.333333,14,False,2,2
2471,0x796f39,0.000000,15,False,1,3
2472,0x9584d0,0.666667,9,False,1,1
2473,0x8355f1,1.000000,12,True,0,0
2474,0x31b8b6,1.000000,12,True,0,0
2475,0x83de6e,0.333333,14,False,2,2
2476,0x822850,0.333333,6,False,2,2
2477,0x59fb91,0.333333,14,False,2,2
2478,0x443746,0.333333,10,False,2,2
2479,0x57c126,0.000000,11,False,1,3
2480,0xdfbac6,1.000000,16,True,0,0
2481,0x6265ec,1.000000,12,True,0,0
2482,0xd1413b,0.000000,11,False,1,3
2483,0x5f5ee4,0.000000,15,False,1,3
2484,0xe2542b,0.000000,11,False,1,3
2485,0x6fc23a,0.666667,13,False,1,1
2486,0x69382d,0.000000,11,False,1,3
2487,0xed295,0.000000,11,False,1,3
2488,0xcfb3e4,0.000000,15,False,1,3
2489,0x791627,1.000000,12,True,0,0
2490,0xd7ba06,0.666667,13,False,1,1
2491,0x1328c0,0.000000,7,False,1,3
2492,0x914906,1.000000,8,True,0,0
2493,0x1947de,0.666667,13,False,1,1
2494,0x972be7,0.000000,15,False,1,3
2495,0xdf946f,1.000000,16,True,0,0
2496,0x4559b6,1.000000,12,True,0,0
2497,0x7bffaf,1.000000,20,False,4,0
2498,0x6ee6f2,0.000000,15,False,1,3
2499,0x295db6,0.666667,13,False,1,1
2500,0x9af648,1.000000,12,True,0,0
2501,0x6c1ab7,0.666667,13,False,1,1
2502,0x54cbe7,0.333333,14,False,2,2
2503,0x4a59fd,0.333333,14,False,2,2
2504,0xf33dd,0.333333,14,False,2,2
2505,0xe1be3a,0.333333,14,False,2,2
2506,0x6a585d,1.000000,12,True,0,0
2507,0xd54932,0.000000,11,False,1,3
2508,0x1efdb6,1.000000,16,True,0,0
2509,0x77ae6f,0.666667,17,False,1,1
2510,0x69cefe,1.000000,16,True,0,0
2511,0xff8d16,0.000000,15,False,1,3
2512,0x98bf7a,0.000000,15,False,1,3
2513,0xb14417,0.333333,10,False,2,2
2514,0xbaded3,1.000000,16,True,0,0
2515,0x850416,0.000000,7,False,1,3
2516,0x574783,1.000000,12,True,0,0
2517,0xfffef6,0.666667,21,False,3,1
2518,0xdc4b0b,1.000000,12,True,0,0
2519,0x65737a,0.333333,14,False,2,2
2520,0x1d31b5,1.000000,12,True,0,0
2521,0x99c3a9,1.000000,12,True,0,0
2522,0xa25b1c,0.000000,11,False,1,3
2523,0xd0a11a,0.666667,9,False,1,1
2524,0x41293,0.000000,7,False,1,3
2525,0xb126e7,0.666667,13,False,1,1
2526,0x40a95d,0.333333,10,False,2,2
2527,0x7c74fc,0.000000,15,False,1,3
2528,0x6675b0,1.000000,12,True,0,0
2529,0x8fab59,0.333333,14,False,2,2
2530,0xdd1310,0.333333,10,False,2,2
2531,0x7ed9f1,1.000000,16,True,0,0
2532,0x1ea452,0.333333,10,False,2,2
2533,0xdba2d8,0.666667,13,False,1,1
2534,0x155a5b,1.000000,12,True,0,0
2535,0xf36cb5,0.000000,15,False,1,3
2536,0xcd0f15,1.000000,12,True,0,0
2537,0x641f7c,0.666667,13,False,1,1
2538,0xb0f9fb,1.000000,16,True,0,0
2539,0x5b9946,1.000000,12,True,0,0
2540,0xd1fbe8,0.000000,15,False,1,3
2541,0x9d64c6,1.000000,12,True,0,0
2542,0xd96fd4,0.000000,15,False,1,3
2543,0xa6d43,0.333333,10,False,2,2
2544,0xa15f00,0.666667,9,False,1,1
2545,0x3b92fe,0.000000,15,False,1,3
2546,0xf56cc1,0.666667,13,False,1,1
2547,0xfe9e73,0.666667,17,False,1,1
2548,0x932c21,0.666667,9,False,1,1
2549,0xcda4e,0.000000,11,False,1,3
2550,0x5f202f,1.000000,12,True,0,0
2551,0x10989a,1.000000,8,True,0,0
2552,0xd98186,0.333333,10,False,2,2
2553,0x64d776,0.333333,14,False,2,2
2554,0xa2d0e0,0.666667,9,False,1,1
2555,0x33a47,0.333333,10,False,2,2
2556,0x1b2655,0.000000,11,False,1,3
2557,0x5afb4a,0.333333,14,False,2,2
2558,0x2b01ff,0.666667,13,False,1,1
2559,0x333cc4,0.000000,11,False,1,3
2560,0x80d0f3,0.333333,10,False,2,2
2561,0x68a57a,1.000000,12,True,0,0
2562,0x7c795a,0.333333,14,False,2,2
2563,0x58965c,0.000000,11,False,1,3
2564,0xc951f5,0.666667,13,False,1,1
2565,0xc9eb81,1.000000,12,True,0,0
2566,0x1a4dd2,0.000000,11,False,1,3
2567,0xd4a53d,0.666667,13,False,1,1
2568,0x264fb8,1.000000,12,True,0,0
2569,0x50a7f5,0.666667,13,False,1,1
2570,0x42836f,0.000000,11,False,1,3
2571,0xad7eea,1.000000,16,True,0,0
2572,0xa00f9e,0.000000,11,False,1,3
2573,0xc2613,1.000000,8,True,0,0
2574,0x41e758,0.000000,11,False,1,3
2575,0xfeda6b,0.666667,17,False,1,1
2576,0x7df9cc,1.000000,16,True,0,0
2577,0x9dcf4,1.000000,12,True,0,0
2578,0x7c3138,0.000000,11,False,1,3
2579,0x36bb78,0.333333,14,False,2,2
2580,0x6fb5f0,0.000000,15,False,1,3
2581,0xca6924,0.333333,10,False,2,2
2582,0x45ccd1,0.000000,11,False,1,3
2583,0x3f39d8,0.333333,14,False,2,2
2584,0xf97f0a,0.000000,15,False,1,3
2585,0x4ac065,0.666667,9,False,1,1
2586,0x99f661,0.666667,13,False,1,1
2587,0x4b75cb,0.333333,14,False,2,2
2588,0xb06d00,1.000000,8,True,0,0
2589,0xcb147e,0.666667,13,False,1,1
2590,0xc3550f,1.000000,12,True,0,0
2591,0xf54699,0.666667,13,False,1,1
2592,0x6e948e,1.000000,12,True,0,0
2593,0xc39f3,1.000000,12,True,0,0
2594,0x1df718,0.666667,13,False,1,1
2595,0x8be3ee,0.000000,15,False,1,3
2596,0xfa82a4,0.000000,11,False,1,3
2597,0xc696d4,1.000000,12,True,0,0
2598,0xec8fd4,0.333333,14,False,2,2
2599,0x94a402,0.000000,7,False,1,3
2600,0xf120a7,0.000000,11,False,1,3
2601,0x39f4e1,0.666667,13,False,1,1
2602,0x327f52,0.666667,13,False,1,1
2603,0xbd35ae,0.000000,15,False,1,3
2604,0xb95487,1.000000,12,True,0,0
2605,0x203a7d,0.000000,11,False,1,3
2606,0xad5c9,0.000000,11,False,1,3
2607,0x24ed0,1.000000,8,True,0,0
2608,0x5f25a7,0.333333,14,False,2,2
2609,0xea5cee,0.000000,15,False,1,3
2610,0x68324f,0.000000,11,False,1,3
2611,0xca7ca,0.000000,11,False,1,3
2612,0x9d568,0.333333,10,False,2,2
2613,0x2b08c3,0.666667,9,False,1,1
2614,0x63f395,0.333333,14,False,2,2
2615,0xe3cd57,0.000000,15,False,1,3
2616,0x432e3c,0.000000,11,False,1,3
2617,0x81a284,0.000000,7,False,1,3
2618,0xa3627,0.333333,10,False,2,2
2619,0xd9912a,0.000000,11,False,1,3
2620,0x3eb608,0.000000,11,False,1,3
2621,0xb39064,0.333333,10,False,2,2
2622,0x7eca14,1.000000,12,True,0,0
2623,0x1e13fe,0.333333,14,False,2,2
2624,0x37efbc,0.666667,17,False,1,1
2625,0x3dfb4e,1.000000,16,True,0,0
2626,0x507d7f,0.000000,15,False,1,3
2627,0x7ae934,0.666667,13,False,1,1
2628,0xb3c3d,1.000000,12,True,0,0
2629,0x84a27f,1.000000,12,True,0,0
2630,0xcc6c2,0.666667,9,False,1,1
2631,0xc00b37,0.333333,10,False,2,2
2632,0xb073e6,0.666667,13,False,1,1
2633,0x474cc2,0.333333,10,False,2,2
2634,0xfbe26d,1.000000,16,True,0,0
2635,0x245980,0.000000,7,False,1,3
2636,0x9e6619,1.000000,12,True,0,0
2637,0x81b8e,0.666667,9,False,1,1
2638,0xa0beb4,1.000000,12,True,0,0
2639,0x64620f,0.333333,10,False,2,2
2640,0x5ca83b,1.000000,12,True,0,0
2641,0xbee679,1.000000,16,True,0,0
2642,0x9eba1e,0.333333,14,False,2,2
2643,0x2c7f7d,1.000000,16,True,0,0
2644,0x188553,0.666667,9,False,1,1
2645,0xa674cb,0.666667,13,False,1,1
2646,0xf483c,0.333333,10,False,2,2
2647,0xd77c00,0.000000,11,False,1,3
2648,0x23a488,1.000000,8,True,0,0
2649,0x57118b,0.000000,11,False,1,3
2650,0xa09bf0,0.000000,11,False,1,3
2651,0x767553,0.333333,14,False,2,2
2652,0x613d9a,1.000000,12,True,0,0
2653,0x949414,1.000000,8,True,0,0
2654,0x50f370,0.000000,11,False,1,3
2655,0xc844a1,1.000000,8,True,0,0
2656,0xcebdb4,0.000000,15,False,1,3
2657,0xde02bd,0.666667,13,False,1,1
2658,0x60f08a,0.666667,9,False,1,1
2659,0xb6ebd9,1.000000,16,True,0,0
2660,0x40eb3d,1.000000,12,True,0,0
2661,0xa5fa77,1.000000,16,True,0,0
2662,0xc78ffd,0.666667,17,False,1,1
2663,0x62b94,0.666667,9,False,1,1
2664,0xbe6617,0.333333,14,False,2,2
2665,0x2154c6,0.666667,9,False,1,1
2666,0xdea55e,0.000000,15,False,1,3
2667,0xfe6857,0.000000,15,False,1,3
2668,0x46b5d3,0.666667,13,False,1,1
2669,0x546f25,1.000000,12,True,0,0
2670,0xc889f7,0.666667,13,False,1,1
2671,0x4bae69,0.666667,13,False,1,1
2672,0x8d0224,0.000000,7,False,1,3
2673,0x115e95,0.000000,11,False,1,3
2674,0xdc4d22,0.000000,11,False,1,3
2675,0x726860,0.666667,9,False,1,1
2676,0xfe8aa5,0.333333,14,False,2,2
2677,0xe0f4e9,0.666667,13,False,1,1
2678,0xab5334,1.000000,12,True,0,0
2679,0x4c35b7,0.666667,13,False,1,1
2680,0x9e6ad8,0.666667,13,False,1,1
2681,0x37be85,0.333333,14,False,2,2
2682,0xfbd6ba,0.666667,17,False,1,1
2683,0x4ed016,0.333333,10,False,2,2
2684,0x58e800,0.000000,7,False,1,3
2685,0x298705,0.666667,9,False,1,1
2686,0x546e80,0.666667,9,False,1,1
2687,0x81e7c2,0.000000,11,False,1,3
2688,0x18954f,0.000000,11,False,1,3
2689,0x3e76f5,1.000000,16,True,0,0
2690,0x1c97e4,1.000000,12,True,0,0
2691,0xcc6447,0.000000,11,False,1,3
2692,0x4cbcaf,0.333333,14,False,2,2
2693,0x731352,0.000000,11,False,1,3
2694,0xf86bef,0.666667,17,False,1,1
2695,0xb9787b,0.000000,15,False,1,3
2696,0x467d17,0.666667,13,False,1,1
2697,0x232f1c,0.000000,11,False,1,3
2698,0xbbce,0.000000,11,False,1,3
2699,0x14f2cc,0.000000,11,False,1,3
2700,0xe1ae98,1.000000,12,True,0,0
2701,0x9210c5,1.000000,8,True,0,0
2702,0xcdc38f,0.333333,14,False,2,2
2703,0xd0dd25,1.000000,12,True,0,0
2704,0x56592a,0.000000,11,False,1,3
2705,0x67ae00,0.333333,10,False,2,2
2706,0x3cb014,0.666667,9,False,1,1
2707,0xe2f85f,0.000000,15,False,1,3
2708,0xc0ac87,0.333333,10,False,2,2
2709,0x4758f7,0.333333,14,False,2,2
2710,0x7c9194,0.000000,11,False,1,3
2711,0xc3b61,0.333333,10,False,2,2
2712,0x317fae,0.000000,15,False,1,3
2713,0x375742,1.000000,12,True,0,0
2714,0x5615d6,1.000000,12,True,0,0
2715,0x4c7dfe,1.000000,16,True,0,0
2716,0x245c0a,1.000000,8,True,0,0
2717,0xe5f7aa,1.000000,16,True,0,0
2718,0x164abe,1.000000,12,True,0,0
2719,0x4b52b6,1.000000,12,True,0,0
2720,0xab9f67,1.000000,16,True,0,0
2721,0xfd0d0e,0.666667,13,False,1,1
2722,0x8de101,0.666667,9,False,1,1
2723,0xffaf6b,0.000000,19,False,3,3
2724,0x96fecb,1.000000,16,True,0,0
2725,0x8435cb,0.000000,11,False,1,3
2726,0x21dc09,0.666667,9,False,1,1
2727,0x8eab92,1.000000,12,True,0,0
2728,0xeb5142,0.000000,11,False,1,3
2729,0x8738ae,1.000000,12,True,0,0
2730,0x262424,0.000000,7,False,1,3
2731,0x3f8016,0.333333,10,False,2,2
2732,0x9ed134,1.000000,12,True,0,0
2733,0xce4019,0.666667,9,False,1,1
2734,0x7465dd,0.333333,14,False,2,2
2735,0x8dd1aa,1.000000,12,True,0,0
2736,0xae7e03,0.666667,13,False,1,1
2737,0xbf039e,0.333333,14,False,2,2
2738,0xb600b5,0.333333,10,False,2,2
2739,0xfa942b,0.666667,13,False,1,1
2740,0x586e51,0.000000,11,False,1,3
2741,0xe244be,1.000000,12,True,0,0
2742,0x38abae,0.666667,13,False,1,1
2743,0xa87217,0.000000,11,False,1,3
2744,0xe60735,1.000000,12,True,0,0
2745,0xc89476,0.000000,11,False,1,3
2746,0xc00ed2,0.666667,9,False,1,1
2747,0x1ec460,0.666667,9,False,1,1
2748,0x7fd412,0.666667,13,False,1,1
2749,0x6dc21,0.666667,9,False,1,1
2750,0x499a02,1.000000,8,True,0,0
2751,0xc1570,1.000000,8,True,0,0
2752,0x508ae1,0.666667,9,False,1,1
2753,0x7fe7d0,1.000000,16,True,0,0
2754,0x53fd39,0.000000,15,False,1,3
2755,0x26f59f,0.000000,15,False,1,3
2756,0xe2c150,0.666667,9,False,1,1
2757,0x257f68,0.666667,13,False,1,1
2758,0xcb55a5,0.666667,13,False,1,1
2759,0xa053ec,0.000000,11,False,1,3
2760,0xe2ad7,1.000000,12,True,0,0
2761,0x5d98c1,0.000000,11,False,1,3
2762,0x40e9de,1.000000,12,True,0,0
2763,0x92cbe9,0.666667,13,False,1,1
2764,0x1292df,1.000000,12,True,0,0
2765,0x3f3869,0.666667,13,False,1,1
2766,0xed7bef,0.000000,19,False,3,3
2767,0xe0e429,0.333333,10,False,2,2
2768,0x149f00,1.000000,8,True,0,0
2769,0x83aa61,0.333333,10,False,2,2
2770,0x868075,0.666667,9,False,1,1
2771,0xb4f2a9,0.666667,13,False,1,1
2772,0xbd166,0.000000,11,False,1,3
2773,0x8f11cb,1.000000,12,True,0,0
2774,0xf3aedc,1.000000,16,True,0,0
2775,0xf92ec5,0.333333,14,False,2,2
2776,0x419e7,0.333333,10,False,2,2
2777,0x424d6c,0.333333,10,False,2,2
2778,0xa6438,1.000000,8,True,0,0
2779,0xc4eefd,1.000000,16,True,0,0
2780,0xe04a85,0.666667,9,False,1,1
2781,0x2b7f50,0.666667,13,False,1,1
2782,0xffd15f,0.333333,18,False,2,2
2783,0x80b2aa,0.666667,9,False,1,1
2784,0x145428,0.000000,7,False,1,3
2785,0x6bb633,0.333333,14,False,2,2
2786,0x7a319e,0.666667,13,False,1,1
2787,0x1626a0,1.000000,8,True,0,0
2788,0xc30a7d,1.000000,12,True,0,0
2789,0x90a2b,1.000000,8,True,0,0
2790,0xeaffed,0.000000,19,False,3,3
2791,0x87dabe,0.000000,15,False,1,3
2792,0x491ef5,0.666667,13,False,1,1
2793,0x220b38,1.000000,8,True,0,0
2794,0xb04e83,0.333333,10,False,2,2
2795,0x85db3c,0.666667,13,False,1,1
2796,0xdba881,0.000000,11,False,1,3
2797,0x33e4ba,0.666667,13,False,1,1
2798,0x4d29c3,0.000000,11,False,1,3
2799,0xbb87ea,0.000000,15,False,1,3
2800,0xd70bb4,0.666667,13,False,1,1
2801,0x846d1c,0.333333,10,False,2,2
2802,0x9b7b1f,1.000000,16,True,0,0
2803,0x955c97,0.666667,13,False,1,1
2804,0x468dca,0.000000,11,False,1,3
2805,0x8d0b0b,0.333333,10,False,2,2
2806,0xed47ef,0.666667,17,False,1,1
2807,0x214ae,1.000000,8,True,0,0
2808,0xc4085d,0.666667,9,False,1,1
2809,0xdd0f12,1.000000,12,True,0,0
2810,0x97b4f0,0.666667,13,False,1,1
2811,0xdd663d,0.000000,15,False,1,3
2812,0x3e8295,0.000000,11,False,1,3
2813,0x41ae38,0.333333,10,False,2,2
2814,0x76c18a,0.000000,11,False,1,3
2815,0xcfdd25,0.000000,15,False,1,3
2816,0x5b65af,0.000000,15,False,1,3
2817,0x410560,0.333333,6,False,2,2
2818,0xebb5e3,1.000000,16,True,0,0
2819,0x4a54f4,0.000000,11,False,1,3
2820,0x963840,1.000000,8,True,0,0
2821,0x698db0,0.000000,11,False,1,3
2822,0x56690a,0.333333,10,False,2,2
2823,0x6837a0,0.333333,10,False,2,2
2824,0x870d68,0.333333,10,False,2,2
2825,0x7816e8,0.000000,11,False,1,3
2826,0x141218,0.333333,6,False,2,2
2827,0x100852,0.666667,5,False,3,1
2828,0x45a7be,0.333333,14,False,2,2
2829,0xd319ec,0.666667,13,False,1,1
2830,0x3605b1,0.333333,10,False,2,2
2831,0x628751,0.333333,10,False,2,2
2832,0x9f98ff,0.666667,17,False,1,1
2833,0xa3f07c,0.666667,13,False,1,1
2834,0x1e2ea,0.333333,10,False,2,2
2835,0x17a2f5,0.666667,13,False,1,1
2836,0xf9c4bc,0.333333,14,False,2,2
2837,0xe99db8,0.333333,14,False,2,2
2838,0x105be0,0.666667,9,False,1,1
2839,0x8e49d,0.333333,10,False,2,2
2840,0x4bde72,0.333333,14,False,2,2
2841,0x957e25,0.666667,13,False,1,1
2842,0xe96020,1.000000,8,True,0,0
2843,0x991f46,1.000000,12,True,0,0
2844,0x8a9ed9,0.666667,13,False,1,1
2845,0x5589ea,1.000000,12,True,0,0
2846,0xfe0ff3,0.666667,17,False,1,1
2847,0x4859e,0.666667,9,False,1,1
2848,0xd9dd49,0.333333,14,False,2,2
2849,0xc0e669,0.000000,11,False,1,3
2850,0x73d28,0.333333,10,False,2,2
2851,0x1ca194,0.666667,9,False,1,1
2852,0x489bf9,0.666667,13,False,1,1
2853,0xc60757,1.000000,12,True,0,0
2854,0x68be77,0.000000,15,False,1,3
2855,0xa7ed3c,0.000000,15,False,1,3
2856,0xf810a2,0.666667,9,False,1,1
2857,0x5722c7,1.000000,12,True,0,0
2858,0xef9cf9,0.666667,17,False,1,1
2859,0x94c3ec,1.000000,12,True,0,0
2860,0x36896,0.666667,9,False,1,1
2861,0xc44630,1.000000,8,True,0,0
2862,0x1a4156,0.666667,9,False,1,1
2863,0x333527,1.000000,12,True,0,0
2864,0x5b52c5,1.000000,12,True,0,0
2865,0xa38010,0.333333,6,False,2,2
2866,0x9175ae,0.666667,13,False,1,1
2867,0x134317,0.333333,10,False,2,2
2868,0xb63a5e,0.333333,14,False,2,2
2869,0xbc3eea,0.000000,15,False,1,3
2870,0x5ade30,1.000000,12,True,0,0
2871,0xf462bc,0.666667,13,False,1,1
2872,0x1113ec,0.333333,10,False,2,2
2873,0x257d0,0.666667,9,False,1,1
2874,0xa0138f,0.333333,10,False,2,2
2875,0x195bbc,0.666667,13,False,1,1
2876,0x9403f,0.666667,9,False,1,1
2877,0x580215,0.000000,7,False,1,3
2878,0xcc5a48,0.333333,10,False,2,2
2879,0x17f522,1.000000,12,True,0,0
2880,0x3d09fa,0.666667,13,False,1,1
2881,0x8b837a,1.000000,12,True,0,0
2882,0xc83101,0.000000,7,False,1,3
2883,0xa6cdec,0.333333,14,False,2,2
2884,0x28ae06,0.666667,9,False,1,1
2885,0x712b77,0.333333,14,False,2,2
2886,0x2951be,1.000000,12,True,0,0
2887,0x590ae8,0.333333,10,False,2,2
2888,0xc3405d,0.333333,10,False,2,2
2889,0x8b738a,1.000000,12,True,0,0
2890,0x8ff182,1.000000,12,True,0,0
2891,0x5d74a9,0.666667,13,False,1,1
2892,0xd4e4aa,1.000000,12,True,0,0
2893,0xa43aa7,1.000000,12,True,0,0
2894,0xb05c73,1.000000,12,True,0,0
2895,0x33ffcd,0.666667,17,False,1,1
2896,0x3aeec5,0.333333,14,False,2,2
2897,0xf12c96,1.000000,12,True,0,0
2898,0xb2e1c1,0.000000,11,False,1,3
2899,0x6da903,0.000000,11,False,1,3
2900,0xaf3352,0.666667,13,False,1,1
2901,0x97de1f,1.000000,16,True,0,0
2902,0xbfe16e,1.000000,16,True,0,0
2903,0xa10d97,0.000000,11,False,1,3
2904,0xca511a,0.333333,10,False,2,2
2905,0x1f49a5,1.000000,12,True,0,0
2906,0x20abdc,0.000000,11,False,1,3
2907,0xc5775f,1.000000,16,True,0,0
2908,0x23a87e,1.000000,12,True,0,0
2909,0x1704cf,0.000000,11,False,1,3
2910,0x9e7eb5,1.000000,16,True,0,0
2911,0x9a9ab5,0.666667,13,False,1,1
2912,0x96c714,0.000000,11,False,1,3
2913,0x7e6960,1.000000,12,True,0,0
2914,0x39c729,1.000000,12,True,0,0
2915,0x401280,1.000000,4,False,4,0
2916,0x5fd05e,0.333333,14,False,2,2
2917,0xf65ca9,0.333333,14,False,2,2
2918,0x2c2681,1.000000,8,True,0,0
2919,0x2af121,0.333333,10,False,2,2
2920,0xbf7db9,0.333333,18,False,2,2
2921,0xe829a1,0.333333,10,False,2,2
2922,0x98ebf4,0.333333,14,False,2,2
2923,0xf2c61b,0.666667,13,False,1,1
2924,0xe56035,0.000000,11,False,1,3
2925,0x734501,0.666667,9,False,1,1
2926,0xfacf76,0.666667,17,False,1,1
2927,0x77efa9,0.666667,17,False,1,1
2928,0x8dc18a,0.333333,10,False,2,2
2929,0x95be97,0.000000,15,False,1,3
2930,0x737273,0.333333,14,False,2,2
2931,0x4f09b9,1.000000,12,True,0,0
2932,0x423974,0.333333,10,False,2,2
2933,0xe32ea7,0.333333,14,False,2,2
2934,0x74628c,0.333333,10,False,2,2
2935,0xb2b4d3,0.666667,13,False,1,1
2936,0xf29a0a,0.000000,11,False,1,3
2937,0x93eaea,0.333333,14,False,2,2
2938,0xba7903,1.000000,12,True,0,0
2939,0x60a725,0.333333,10,False,2,2
2940,0x2827a4,0.666667,9,False,1,1
2941,0xf86fb2,0.000000,15,False,1,3
2942,0x5ad704,0.000000,11,False,1,3
2943,0x6d4d18,0.000000,11,False,1,3
2944,0xf7a7ef,0.000000,19,False,3,3
2945,0xd45599,1.000000,12,True,0,0
2946,0xbff49c,1.000000,16,True,0,0
2947,0xb54d08,0.333333,10,False,2,2
2948,0x15ddb1,0.666667,13,False,1,1
2949,0x6b6284,0.333333,10,False,2,2
2950,0xdbe4d7,1.000000,16,True,0,0
2951,0xc81384,1.000000,8,True,0,0
2952,0xe3ea3d,0.000000,15,False,1,3
2953,0x12cdbc,1.000000,12,True,0,0
2954,0x7d22da,0.666667,13,False,1,1
2955,0x2884af,0.333333,10,False,2,2
2956,0xc35c2c,0.000000,11,False,1,3
2957,0xb5d747,0.000000,15,False,1,3
2958,0x6ae773,0.000000,15,False,1,3
2959,0x29005c,0.000000,7,False,1,3
2960,0x4aef51,0.666667,13,False,1,1
2961,0x43d85c,0.000000,11,False,1,3
2962,0xe69ac2,1.000000,12,True,0,0
2963,0xe38703,0.000000,11,False,1,3
2964,0xc83298,0.666667,9,False,1,1
2965,0x33b1a9,1.000000,12,True,0,0
2966,0xf14055,0.333333,10,False,2,2
2967,0xbbdbd,0.000000,15,False,1,3
2968,0xbf6534,0.333333,14,False,2,2
2969,0x1f8882,0.666667,9,False,1,1
2970,0x38e0fa,1.000000,12,True,0,0
2971,0xc75085,0.333333,10,False,2,2
2972,0xf36cf2,0.000000,15,False,1,3
2973,0xc1843a,0.666667,9,False,1,1
2974,0xed4a3f,0.000000,15,False,1,3
2975,0xd659ad,0.333333,14,False,2,2
2976,0xd68ce,0.000000,11,False,1,3
2977,0xd38a98,0.000000,11,False,1,3
2978,0x193cbf,0.333333,14,False,2,2
2979,0xfcf314,0.333333,14,False,2,2
2980,0x7b7c5f,0.666667,17,False,1,1
2981,0xa9f07,0.000000,11,False,1,3
2982,0x74abca,0.666667,13,False,1,1
2983,0x995559,1.000000,12,True,0,0
2984,0xdff241,0.333333,14,False,2,2
2985,0xf094d9,1.000000,12,True,0,0
2986,0x5b45ce,0.666667,13,False,1,1
2987,0x5712b2,0.000000,11,False,1,3
2988,0x3a02bd,0.000000,11,False,1,3
2989,0x4992aa,0.333333,10,False,2,2
2990,0x1cc82f,0.000000,11,False,1,3
2991,0x4489b5,0.333333,10,False,2,2
2992,0xad1e2e,0.666667,13,False,1,1
2993,0xe541ec,1.000000,12,True,0,0
2994,0xeb49c7,0.333333,14,False,2,2
2995,0xd0e6af,0.333333,14,False,2,2
2996,0xfc050c,0.333333,10,False,2,2
2997,0x9bda62,0.666667,13,False,1,1
2998,0x1d6518,0.333333,10,False,2,2
2999,0xf8e84b,0.666667,13,False,1,1
3000,0x4180ec,1.000000,8,True,0,0
3001,0xfdb882,0.666667,13,False,1,1
3002,0x6cf38f,0.000000,15,False,1,3
3003,0xcfc214,0.000000,11,False,1,3
3004,0x91d2a1,0.333333,10,False,2,2
3005,0x7f50e2,0.666667,13,False,1,1
3006,0xb4a93f,0.333333,14,False,2,2
3007,0xcd61d3,0.666667,13,False,1,1
3008,0xad7863,0.666667,13,False,1,1
3009,0xd61d12,0.000000,11,False,1,3
3010,0xf98081,0.666667,9,False,1,1
3011,0x4da2dc,1.000000,12,True,0,0
3012,0xf34384,0.000000,11,False,1,3
3013,0xa2d42a,0.333333,10,False,2,2
3014,0xaa0047,1.000000,8,True,0,0
3015,0x8dc639,1.000000,12,True,0,0
3016,0x188e3a,0.333333,10,False,2,2
3017,0x2e1f24,0.000000,11,False,1,3
3018,0xae9e5,1.000000,12,True,0,0
3019,0x3741c0,0.666667,9,False,1,1
3020,0x73af0f,0.000000,15,False,1,3
3021,0xd8b15b,0.666667,13,False,1,1
3022,0x801572,1.000000,8,True,0,0
3023,0xda5dd2,0.333333,14,False,2,2
3024,0x2eb48,0.666667,9,False,1,1
3025,0x72d5a,0.000000,11,False,1,3
3026,0x76c0f3,0.666667,13,False,1,1
3027,0x8b0eb2,0.000000,11,False,1,3
3028,0x8bf460,0.000000,11,False,1,3
3029,0x17db09,1.000000,12,True,0,0
3030,0x56d769,0.333333,14,False,2,2
3031,0x3ea7bb,1.000000,16,True,0,0
3032,0x989729,0.000000,11,False,1,3
3033,0x3bb01d,1.000000,12,True,0,0
3034,0xd696a,0.000000,11,False,1,3
3035,0x62840b,1.000000,8,True,0,0
3036,0xdc7424,0.000000,11,False,1,3
3037,0x8c79da,0.666667,13,False,1,1
3038,0x18c3d8,0.333333,10,False,2,2
3039,0x58466b,0.000000,11,False,1,3
3040,0xd91bde,0.000000,15,False,1,3
3041,0xe9694f,0.333333,14,False,2,2
3042,0x28a53d,0.000000,11,False,1,3
3043,0x2adfd1,0.333333,14,False,2,2
3044,0xbf3040,0.333333,10,False,2,2
3045,0xca87ca,1.000000,12,True,0,0
3046,0x293e04,0.666667,9,False,1,1
3047,0x82f98d,1.000000,12,True,0,0
3048,0x90219,0.333333,6,False,2,2
3049,0x27e43f,0.333333,14,False,2,2
3050,0x2a6ba1,0.000000,11,False,1,3
3051,0xce88b6,1.000000,12,True,0,0
3052,0xe2c813,0.333333,10,False,2,2
3053,0x8128d7,0.333333,10,False,2,2
3054,0xe24fc8,1.000000,12,True,0,0
3055,0x852a35,0.333333,10,False,2,2
3056,0x50a5b1,0.333333,10,False,2,2
3057,0x2d90a4,0.666667,9,False,1,1
3058,0xbd6853,0.666667,13,False,1,1
3059,0x2429d8,0.666667,9,False,1,1
3060,0xdc0850,1.000000,8,True,0,0
3061,0x7d5f23,0.000000,15,False,1,3
3062,0xb1bee5,0.000000,15,False,1,3
3063,0xeadc05,1.000000,12,True,0,0
3064,0x11a04c,0.000000,7,False,1,3
3065,0xda552,0.333333,10,False,2,2
3066,0xd82b88,0.333333,10,False,2,2
3067,0xd0a260,1.000000,8,True,0,0
3068,0xddbd7,0.000000,15,False,1,3
3069,0xb4b9c7,0.333333,14,False,2,2
3070,0x216826,1.000000,8,True,0,0
3071,0x55d76a,0.333333,14,False,2,2
3072,0xb7f521,0.333333,14,False,2,2
3073,0x832440,0.333333,6,False,2,2
3074,0x70291f,0.000000,11,False,1,3
3075,0xaa60f4,0.000000,11,False,1,3
3076,0x84826c,1.000000,8,True,0,0
3077,0xe68f15,0.666667,13,False,1,1
3078,0xd88700,1.000000,8,True,0,0
3079,0x51e917,1.000000,12,True,0,0
3080,0x82aab2,0.333333,10,False,2,2
3081,0x88b298,0.666667,9,False,1,1
3082,0x429ba5,0.000000,11,False,1,3
3083,0xb9cc24,0.000000,11,False,1,3
3084,0xaf6f40,0.666667,13,False,1,1
3085,0x6c0a0d,0.666667,9,False,1,1
3086,0xf98f3e,1.000000,16,True,0,0
3087,0xec1b06,0.000000,11,False,1,3
3088,0x851436,0.666667,9,False,1,1
3089,0xc35c40,0.666667,9,False,1,1
3090,0x7e1402,0.666667,9,False,1,1
3091,0xabc80d,0.000000,11,False,1,3
3092,0x533cba,0.666667,13,False,1,1
3093,0x12721c,0.666667,9,False,1,1
3094,0x6583a7,1.000000,12,True,0,0
3095,0x4fc7da,0.000000,15,False,1,3
3096,0x63bd87,0.333333,14,False,2,2
3097,0xee5d7e,0.666667,17,False,1,1
3098,0x38c79e,0.666667,13,False,1,1
3099,0xe08917,0.333333,10,False,2,2
3100,0x79d932,0.666667,13,False,1,1
3101,0x3a880d,0.666667,9,False,1,1
3102,0xbf6479,0.000000,15,False,1,3
3103,0x4227bf,0.666667,13,False,1,1
3104,0xe4696e,0.666667,13,False,1,1
3105,0xd47638,1.000000,12,True,0,0
3106,0x4eb4b9,0.666667,13,False,1,1
3107,0xb7b599,0.000000,15,False,1,3
3108,0x1c0c00,0.666667,5,False,3,1
3109,0x7ab90b,0.666667,13,False,1,1
3110,0x515105,1.000000,8,True,0,0
3111,0x2b3d85,1.000000,12,True,0,0
3112,0xd66f1b,0.000000,15,False,1,3
3113,0x4e0e4,1.000000,8,True,0,0
3114,0xcff91a,0.000000,15,False,1,3
3115,0x6d653a,0.666667,13,False,1,1
3116,0xfa493f,0.000000,15,False,1,3
3117,0xb392bb,0.333333,14,False,2,2
3118,0x8907f0,0.333333,10,False,2,2
3119,0x7b4533,0.666667,13,False,1,1
3120,0x59f986,0.666667,13,False,1,1
3121,0x1104e7,0.666667,9,False,1,1
3122,0x49d5ea,0.666667,13,False,1,1
3123,0x54ab0f,1.000000,12,True,0,0
3124,0xd26ba5,0.666667,13,False,1,1
3125,0xbb4ac8,1.000000,12,True,0,0
3126,0x162587,0.333333,10,False,2,2
3127,0xc6caa6,1.000000,12,True,0,0
3128,0x929387,0.000000,11,False,1,3
3129,0x3a1cab,1.000000,12,True,0,0
3130,0x57f26,1.000000,12,True,0,0
3131,0xc52bcb,0.666667,13,False,1,1
3132,0xd9356d,0.333333,14,False,2,2
3133,0xb2e860,0.333333,10,False,2,2
3134,0x7294b8,0.000000,11,False,1,3
3135,0x81273c,0.333333,10,False,2,2
3136,0x8a53df,0.333333,14,False,2,2
3137,0xb7d4ed,1.000000,16,True,0,0
3138,0xed6465,0.666667,13,False,1,1
3139,0x30aa00,0.333333,6,False,2,2
3140,0x89346,1.000000,8,True,0,0
3141,0x1a040c,0.333333,6,False,2,2
3142,0x93412e,0.333333,10,False,2,2
3143,0xf849ab,0.666667,13,False,1,1
3144,0x225d26,0.333333,10,False,2,2
3145,0xca0129,1.000000,8,True,0,0
3146,0xa4ae8a,0.000000,11,False,1,3
3147,0xf3a64c,0.666667,13,False,1,1
3148,0xf18795,0.666667,13,False,1,1
3149,0x645245,0.666667,9,False,1,1
3150,0x3b6981,0.000000,11,False,1,3
3151,0xde2ee7,1.000000,16,True,0,0
3152,0x92b62f,0.666667,13,False,1,1
3153,0x18ca5f,1.000000,12,True,0,0
3154,0x1aa897,0.000000,11,False,1,3
3155,0x998b16,0.000000,11,False,1,3
3156,0x8b2f63,0.666667,13,False,1,1
3157,0x4b8a20,1.000000,8,True,0,0
3158,0xcce8e1,1.000000,12,True,0,0
3159,0xbb5d3,0.666667,13,False,1,1
3160,0x871e2d,1.000000,12,True,0,0
3161,0x9df8fd,0.666667,17,False,1,1
3162,0xe5ca98,1.000000,12,True,0,0
3163,0xba6c73,0.333333,14,False,2,2
3164,0xeec682,1.000000,12,True,0,0
3165,0xff8463,0.333333,14,False,2,2
3166,0x331365,0.000000,11,False,1,3
3167,0xf69f34,0.000000,15,False,1,3
3168,0x488aa1,1.000000,8,True,0,0
3169,0xf82a98,0.000000,11,False,1,3
3170,0x5e2d47,0.666667,13,False,1,1
3171,0xfde9b8,1.000000,16,True,0,0
3172,0x9ba741,1.000000,12,True,0,0
3173,0xcae487,1.000000,12,True,0,0
3174,0x9a07c4,0.333333,10,False,2,2
3175,0xd2228e,0.333333,10,False,2,2
3176,0x21fde9,0.333333,14,False,2,2
3177,0x666e41,0.000000,11,False,1,3
3178,0xad73b1,0.333333,14,False,2,2
3179,0x60590d,0.666667,9,False,1,1
3180,0x11e92c,0.333333,10,False,2,2
3181,0x9024d8,1.000000,8,True,0,0
3182,0x7c04d9,0.000000,11,False,1,3
3183,0x2603b4,0.666667,9,False,1,1
3184,0x649f4e,0.666667,13,False,1,1
3185,0x9ab7e5,0.000000,15,False,1,3
3186,0x4a7aa9,1.000000,12,True,0,0
3187,0x5d8e7b,0.000000,15,False,1,3
3188,0x2d752c,1.000000,12,True,0,0
3189,0x6c61c5,0.000000,11,False,1,3
3190,0x4818e1,1.000000,8,True,0,0
3191,0xdbb3ba,1.000000,16,True,0,0
3192,0x287c60,0.666667,9,False,1,1
3193,0xeb0fd8,0.333333,14,False,2,2
3194,0x3ee850,0.000000,11,False,1,3
3195,0x9bd10b,1.000000,12,True,0,0
3196,0x227bf2,0.666667,13,False,1,1
3197,0x6cd1f4,0.666667,13,False,1,1
3198,0x74982d,0.000000,11,False,1,3
3199,0xbc1dd1,0.666667,13,False,1,1
3200,0x7544a,0.666667,9,False,1,1
3201,0x3f6fef,0.000000,19,False,3,3
3202,0x134fd6,0.666667,13,False,1,1
3203,0x8a680b,0.666667,9,False,1,1
3204,0x39c89d,1.000000,12,True,0,0
3205,0x12bfb7,0.000000,15,False,1,3
3206,0x8b9cd5,0.666667,13,False,1,1
3207,0x3519d7,0.666667,13,False,1,1
3208,0x54aac8,0.333333,10,False,2,2
3209,0xc14daf,0.666667,13,False,1,1
3210,0x7ebdb9,0.666667,17,False,1,1
3211,0xa20e66,0.333333,10,False,2,2
3212,0xd12f7b,0.000000,15,False,1,3
3213,0xe8c341,0.333333,10,False,2,2
3214,0x1049dc,0.666667,9,False,1,1
3215,0x4f2066,0.333333,10,False,2,2
3216,0x68d417,0.000000,11,False,1,3
3217,0x67dbc0,0.666667,13,False,1,1
3218,0x519351,0.333333,10,False,2,2
3219,0x43251,0.000000,7,False,1,3
3220,0xaed665,0.333333,14,False,2,2
3221,0x185b9,0.666667,9,False,1,1
3222,0xd6c4b4,1.000000,12,True,0,0
3223,0x5aa104,1.000000,8,True,0,0
3224,0xeec20a,0.000000,11,False,1,3
3225,0x8c7de1,0.666667,13,False,1,1
3226,0xc58ef6,0.333333,14,False,2,2
3227,0xc0cba4,0.333333,10,False,2,2
3228,0x112767,0.000000,11,False,1,3
3229,0x6d4906,0.333333,10,False,2,2
3230,0x55f159,0.666667,13,False,1,1
3231,0x817584,0.666667,9,False,1,1
3232,0x4f7ace,0.000000,15,False,1,3
3233,0x41e82,0.000000,7,False,1,3
3234,0x2754b9,1.000000,12,True,0,0
3235,0x745f5,1.000000,12,True,0,0
3236,0xd24489,0.666667,9,False,1,1
3237,0x706290,1.000000,8,True,0,0
3238,0x510441,0.333333,6,False,2,2
3239,0xa6f59a,0.333333,14,False,2,2
3240,0x72e237,0.666667,13,False,1,1
3241,0xdf3032,1.000000,12,True,0,0
3242,0xced48c,1.000000,12,True,0,0
3243,0x625f78,0.666667,13,False,1,1
3244,0xc2f7ca,0.333333,14,False,2,2
3245,0x448337,0.333333,10,False,2,2
3246,0xe87031,0.333333,10,False,2,2
3247,0xe8af7d,1.000000,16,True,0,0
3248,0xfbd227,0.000000,15,False,1,3
3249,0xa7f38e,0.000000,15,False,1,3
3250,0x3b84f7,0.333333,14,False,2,2
3251,0x7203a9,0.333333,10,False,2,2
3252,0xad24b2,0.000000,11,False,1,3
3253,0xc71218,0.666667,9,False,1,1
3254,0xfd86bf,0.666667,17,False,1,1
3255,0xf8ddbf,0.333333,18,False,2,2
3256,0x74298f,1.000000,12,True,0,0
3257,0x37f355,0.000000,15,False,1,3
3258,0xfccfbf,0.000000,19,False,3,3
3259,0x8e0bf,0.000000,11,False,1,3
3260,0x365c18,0.333333,10,False,2,2
3261,0x47dda7,0.000000,15,False,1,3
3262,0xc405c2,1.000000,8,True,0,0
3263,0xbe692b,0.333333,14,False,2,2
3264,0x545f59,0.666667,13,False,1,1
3265,0x4c1567,0.000000,11,False,1,3
3266,0x70a40e,0.666667,9,False,1,1
3267,0x6c2a07,0.333333,10,False,2,2
3268,0x722354,0.333333,10,False,2,2
3269,0x79a9b1,0.666667,13,False,1,1
3270,0x7758a5,0.666667,13,False,1,1
3271,0xf42a69,1.000000,12,True,0,0
3272,0xa39d16,1.000000,12,True,0,0
3273,0x29dfdc,0.000000,15,False,1,3
3274,0x8a78a4,0.333333,10,False,2,2
3275,0x43e85d,1.000000,12,True,0,0
3276,0xfa2dc4,0.666667,13,False,1,1
3277,0x50e7b9,0.666667,13,False,1,1
3278,0xf08c58,0.333333,10,False,2,2
3279,0xaeb148,0.000000,11,False,1,3
3280,0x954c4d,0.000000,11,False,1,3
3281,0x43125,0.000000,7,False,1,3
3282,0xdcd086,0.000000,11,False,1,3
3283,0x486349,0.666667,9,False,1,1
3284,0xccac8d,1.000000,12,True,0,0
3285,0x8b3f51,0.666667,13,False,1,1
3286,0xf12f7e,1.000000,16,True,0,0
3287,0xcddd4d,0.000000,15,False,1,3
3288,0xd8e533,0.666667,13,False,1,1
3289,0xdcf128,1.000000,12,True,0,0
3290,0xa234c0,1.000000,8,True,0,0
3291,0xb04c18,1.000000,8,True,0,0
3292,0xb18576,1.000000,12,True,0,0
3293,0xbc3fb5,1.000000,16,True,0,0
3294,0xb4e0be,0.666667,13,False,1,1
3295,0x646783,0.000000,11,False,1,3
3296,0x43aba8,0.000000,11,False,1,3
3297,0x9d557e,0.000000,15,False,1,3
3298,0xd4e213,0.000000,11,False,1,3
3299,0x167b6a,0.666667,13,False,1,1
3300,0xa3645e,1.000000,12,True,0,0
3301,0x785226,0.333333,10,False,2,2
3302,0x5b347b,0.333333,14,False,2,2
3303,0xa56d5,0.000000,11,False,1,3
3304,0x14d09b,0.333333,10,False,2,2
3305,0x2a7258,0.333333,10,False,2,2
3306,0xabdc75,0.000000,15,False,1,3
3307,0x7c01c8,0.666667,9,False,1,1
3308,0x4a11b0,1.000000,8,True,0,0
3309,0x6a9083,0.666667,9,False,1,1
3310,0x7566d7,0.000000,15,False,1,3
3311,0xb5626f,0.333333,14,False,2,2
3312,0x4b556b,0.666667,13,False,1,1
3313,0x284f3c,0.000000,11,False,1,3
3314,0x23fbf4,0.000000,15,False,1,3
3315,0x943a57,1.000000,12,True,0,0
3316,0x446a4b,0.333333,10,False,2,2
3317,0x437e5a,0.666667,13,False,1,1
3318,0xb4dd9a,0.333333,14,False,2,2
3319,0x2edf0b,0.333333,14,False,2,2
3320,0x391ee2,1.000000,12,True,0,0
3321,0xe9168c,0.000000,11,False,1,3
3322,0x4d4f5,0.000000,11,False,1,3
3323,0xe6c875,0.666667,13,False,1,1
3324,0xe7652,0.000000,11,False,1,3
3325,0x6ab0a6,0.000000,11,False,1,3
3326,0x9ffd22,0.000000,15,False,1,3
3327,0xb9d07f,0.000000,15,False,1,3
3328,0xc53ec2,1.000000,12,True,0,0
3329,0xee12ac,1.000000,12,True,0,0
3330,0x4f915e,0.666667,13,False,1,1
3331,0x690805,0.000000,7,False,1,3
3332,0x83d499,0.000000,11,False,1,3
3333,0xf1f1ef,0.666667,17,False,1,1
3334,0x73bdea,1.000000,16,True,0,0
3335,0x78613,0.666667,9,False,1,1
3336,0xfb3e69,1.000000,16,True,0,0
3337,0x18f882,0.666667,9,False,1,1
3338,0xdb4149,0.000000,11,False,1,3
3339,0x7d561c,0.666667,13,False,1,1
3340,0xfc910e,1.000000,12,True,0,0
3341,0xe9eff3,0.333333,18,False,2,2
3342,0xfdf447,1.000000,16,True,0,0
3343,0x8b20e0,1.000000,8,True,0,0
3344,0x8e74ad,0.666667,13,False,1,1
3345,0x857f96,0.333333,14,False,2,2
3346,0x64350d,0.333333,10,False,2,2
3347,0x5e44ce,1.000000,12,True,0,0
3348,0xf96639,0.333333,14,False,2,2
3349,0x3b985d,0.666667,13,False,1,1
3350,0x955d16,1.000000,12,True,0,0
3351,0x4f846b,1.000000,12,True,0,0
3352,0x48172d,0.333333,10,False,2,2
3353,0x685a45,0.333333,10,False,2,2
3354,0x4e862f,1.000000,12,True,0,0
3355,0x494850,0.000000,7,False,1,3
3356,0x5db981,1.000000,12,True,0,0
3357,0x497153,0.000000,11,False,1,3
3358,0x752922,0.333333,10,False,2,2
3359,0xe70b45,1.000000,12,True,0,0
3360,0x2b09ab,0.000000,11,False,1,3
3361,0xb88ce9,1.000000,12,True,0,0
3362,0xf2a2f9,0.333333,14,False,2,2
3363,0xfa0052,0.666667,9,False,1,1
3364,0x548fab,0.666667,13,False,1,1
3365,0x3af41c,1.000000,12,True,0,0
3366,0x7a7017,1.000000,12,True,0,0
3367,0x214b38,0.666667,9,False,1,1
3368,0x233ac,0.666667,9,False,1,1
3369,0x85d4bf,0.333333,14,False,2,2
3370,0x8ccdc6,1.000000,12,True,0,0
3371,0xe9d15a,0.666667,13,False,1,1
3372,0xaf8a6,0.000000,11,False,1,3
3373,0xbc232,0.666667,9,False,1,1
3374,0xf54c14,0.000000,11,False,1,3
3375,0x20ce99,0.333333,10,False,2,2
3376,0xfc52ec,0.333333,14,False,2,2
3377,0xdb047d,0.666667,13,False,1,1
3378,0xd3887e,0.666667,13,False,1,1
3379,0xe73b75,1.000000,16,True,0,0
3380,0xf7ffc2,0.333333,18,False,2,2
3381,0xc65cd1,1.000000,12,True,0,0
3382,0xddf8f2,1.000000,16,True,0,0
3383,0x8de7ab,0.000000,15,False,1,3
3384,0x8963d1,0.000000,11,False,1,3
3385,0x6eba30,1.000000,12,True,0,0
3386,0xeeea34,0.333333,14,False,2,2
3387,0xe254fe,0.333333,14,False,2,2
3388,0xc61f10,0.333333,10,False,2,2
3389,0x6e393a,0.666667,13,False,1,1
3390,0xd71cf6,0.000000,15,False,1,3
3391,0x2dd0c0,0.666667,9,False,1,1
3392,0xf80d07,0.000000,11,False,1,3
3393,0xc4ac10,1.000000,8,True,0,0
3394,0x4ba7c2,1.000000,12,True,0,0
3395,0xcd51c9,1.000000,12,True,0,0
3396,0xd1ddf2,0.000000,15,False,1,3
3397,0x1f1516,0.000000,11,False,1,3
3398,0x244e81,1.000000,8,True,0,0
3399,0xfffc9b,0.000000,19,False,3,3
3400,0xbce0f4,0.666667,13,False,1,1
3401,0x9cb62d,0.666667,13,False,1,1
3402,0x689869,0.333333,10,False,2,2
3403,0x4f09f9,0.666667,13,False,1,1
3404,0x533e34,1.000000,12,True,0,0
3405,0xd9dde4,0.000000,15,False,1,3
3406,0x37ad5c,0.333333,14,False,2,2
3407,0xa3b551,1.000000,12,True,0,0
3408,0x21c44d,0.666667,9,False,1,1
3409,0x103c0,0.666667,5,False,3,1
3410,0xe13780,0.333333,10,False,2,2
3411,0x71e659,0.666667,13,False,1,1
3412,0xd8e2e8,1.000000,12,True,0,0
3413,0xf68240,0.666667,9,False,1,1
3414,0x9351fa,0.666667,13,False,1,1
3415,0x892a4b,0.333333,10,False,2,2
3416,0x5bd100,0.666667,9,False,1,1
3417,0xe0971e,1.000000,12,True,0,0
3418,0x358d62,0.000000,11,False,1,3
3419,0x75a08c,0.333333,10,False,2,2
3420,0x86d32d,1.000000,12,True,0,0
3421,0x42b4fa,1.000000,12,True,0,0
3422,0xc1db7,1.000000,12,True,0,0
3423,0x2d83d9,1.000000,12,True,0,0
3424,0x324a6,1.000000,8,True,0,0
3425,0xc8c1e6,0.000000,11,False,1,3
3426,0x388e95,0.000000,11,False,1,3
3427,0x114c98,1.000000,8,True,0,0
3428,0xf937c0,0.666667,13,False,1,1
3429,0xdd67f4,1.000000,16,True,0,0
3430,0x2677e8,0.666667,13,False,1,1
3431,0x7f6321,0.666667,13,False,1,1
3432,0xa0acfc,1.000000,12,True,0,0
3433,0xbf5bdb,0.333333,18,False,2,2
3434,0x623999,0.000000,11,False,1,3
3435,0xca516e,1.000000,12,True,0,0
3436,0x85c5f6,0.666667,13,False,1,1
3437,0xbae4bc,0.333333,14,False,2,2
3438,0x8076c6,0.333333,10,False,2,2
3439,0x71c1f3,0.666667,13,False,1,1
3440,0x31b2a,0.666667,9,False,1,1
3441,0xcbaf6b,1.000000,16,True,0,0
3442,0x937d2d,0.333333,14,False,2,2
3443,0xd0d3a2,0.000000,11,False,1,3
3444,0x31f668,1.000000,12,True,0,0
3445,0x61f672,0.666667,13,False,1,1
3446,0x315ebe,0.333333,14,False,2,2
3447,0xb195b1,1.000000,12,True,0,0
3448,0x53443,1.000000,8,True,0,0
3449,0xb939ba,0.333333,14,False,2,2
3450,0x9086da,0.333333,10,False,2,2
3451,0x1401d2,0.000000,7,False,1,3
3452,0x6f2d9,1.000000,12,True,0,0
3453,0x8be99,0.000000,11,False,1,3
3454,0x7eb260,1.000000,12,True,0,0
3455,0x41b852,0.666667,9,False,1,1
3456,0xb84ea7,0.666667,13,False,1,1
3457,0x73d79a,0.000000,15,False,1,3
3458,0xb86de8,0.666667,13,False,1,1
3459,0x2db90f,0.666667,13,False,1,1
3460,0xfaa735,0.000000,15,False,1,3
3461,0x801cc5,1.000000,8,True,0,0
3462,0xbc02c2,0.666667,9,False,1,1
3463,0xf87963,0.333333,14,False,2,2
3464,0xf8d6e7,1.000000,16,True,0,0
3465,0x29496e,0.000000,11,False,1,3
3466,0x737c95,0.333333,14,False,2,2
3467,0x5807b2,0.333333,10,False,2,2
3468,0xef7f38,0.666667,17,False,1,1
3469,0x362ec3,1.000000,12,True,0,0
3470,0xe376c2,0.666667,13,False,1,1
3471,0x37b7c8,0.333333,14,False,2,2
3472,0x10ca9b,0.333333,10,False,2,2
3473,0x841603,0.000000,7,False,1,3
3474,0xd19567,0.666667,13,False,1,1
3475,0x467f37,0.000000,15,False,1,3
3476,0xb791fc,0.000000,15,False,1,3
3477,0x51d5f2,0.666667,13,False,1,1
3478,0xb78a53,0.666667,13,False,1,1
3479,0x297338,0.000000,11,False,1,3
3480,0x9a75dd,0.000000,15,False,1,3
3481,0x78fcea,0.000000,15,False,1,3
3482,0xf68424,0.333333,10,False,2,2
3483,0x5d04a2,0.666667,9,False,1,1
3484,0xc5c305,0.333333,10,False,2,2
3485,0xd88e02,0.666667,9,False,1,1
3486,0xd1e61a,1.000000,12,True,0,0
3487,0x757445,1.000000,12,True,0,0
3488,0x97964f,0.333333,14,False,2,2
3489,0x790c5,0.666667,9,False,1,1
3490,0x2e108d,0.666667,9,False,1,1
3491,0x3228c,0.000000,7,False,1,3
3492,0xcb169f,0.333333,14,False,2,2
3493,0xa83104,0.000000,7,False,1,3
3494,0xf2ce4e,0.333333,14,False,2,2
3495,0xbbd854,0.666667,13,False,1,1
3496,0x3bb6ac,0.333333,14,False,2,2
3497,0xc2edc2,1.000000,12,True,0,0
3498,0x974d43,1.000000,12,True,0,0
3499,0xc28ef2,1.000000,12,True,0,0
3500,0x8ac46e,0.000000,11,False,1,3
3501,0x1b89e5,1.000000,12,True,0,0
3502,0xee81c4,0.000000,11,False,1,3
3503,0xd41e5e,0.666667,13,False,1,1
3504,0x27aee3,0.333333,14,False,2,2
3505,0x26a3fa,0.666667,13,False,1,1
3506,0x346987,0.000000,11,False,1,3
3507,0x9a0c69,0.333333,10,False,2,2
3508,0x31397f,0.333333,14,False,2,2
3509,0x3646eb,0.666667,13,False,1,1
3510,0xd1bec2,0.666667,13,False,1,1
3511,0x8ea19,0.666667,9,False,1,1
3512,0x420f59,0.333333,10,False,2,2
3513,0xefd8a1,0.333333,14,False,2,2
3514,0x4661d3,0.000000,11,False,1,3
3515,0x76af06,0.666667,13,False,1,1
3516,0xe36554,1.000000,12,True,0,0
3517,0x2df126,1.000000,12,True,0,0
3518,0x51f02a,0.333333,10,False,2,2
3519,0xe28c29,0.333333,10,False,2,2
3520,0x9bbcf9,1.000000,16,True,0,0
3521,0xd3970c,1.000000,12,True,0,0
3522,0xb8b97,1.000000,12,True,0,0
3523,0xb8b91b,0.666667,13,False,1,1
3524,0x8bbc64,1.000000,12,True,0,0
3525,0x30f23f,0.666667,13,False,1,1
3526,0x6a6aff,1.000000,16,True,0,0
3527,0x419f7f,0.000000,15,False,1,3
3528,0xeba11b,0.666667,13,False,1,1
3529,0xe296c3,1.000000,12,True,0,0
3530,0x52883f,0.000000,11,False,1,3
3531,0x71cc29,0.000000,11,False,1,3
3532,0x46830c,1.000000,8,True,0,0
3533,0xfc67b2,0.000000,15,False,1,3
3534,0x11c082,0.333333,6,False,2,2
3535,0x6dfab1,0.000000,15,False,1,3
3536,0x954469,0.333333,10,False,2,2
3537,0x7249c2,0.333333,10,False,2,2
3538,0x956277,0.666667,13,False,1,1
3539,0x77f94d,1.000000,16,True,0,0
3540,0x8d6002,0.000000,7,False,1,3
3541,0x48b6b9,1.000000,12,True,0,0
3542,0xbcebac,0.000000,15,False,1,3
3543,0x2489e4,0.666667,9,False,1,1
3544,0x7a9a0a,0.000000,11,False,1,3
3545,0x1f11ae,1.000000,12,True,0,0
3546,0x1e35c,0.333333,10,False,2,2
3547,0x59e8e,0.000000,11,False,1,3
3548,0x384b14,0.666667,9,False,1,1
3549,0x6c54eb,0.666667,13,False,1,1
3550,0xca0ed1,0.000000,11,False,1,3
3551,0xf508cd,1.000000,12,True,0,0
3552,0x443c2c,0.666667,9,False,1,1
3553,0x41aa96,0.333333,10,False,2,2
3554,0x9a5431,0.333333,10,False,2,2
3555,0x76da72,0.333333,14,False,2,2
3556,0x29a816,0.666667,9,False,1,1
3557,0xa6310f,0.000000,11,False,1,3
3558,0x46ed33,0.666667,13,False,1,1
3559,0x788be0,0.000000,11,False,1,3
3560,0xfd4bea,1.000000,16,True,0,0
3561,0x267b8,0.333333,10,False,2,2
3562,0x21d67e,0.666667,13,False,1,1
3563,0xe2c41f,1.000000,12,True,0,0
3564,0x72ec05,0.000000,11,False,1,3
3565,0x20a338,1.000000,8,True,0,0
3566,0x2bfb9a,0.000000,15,False,1,3
3567,0xde478c,0.666667,13,False,1,1
3568,0xa77a36,0.333333,14,False,2,2
3569,0x4de193,1.000000,12,True,0,0
3570,0x34e773,0.333333,14,False,2,2
3571,0x6b3d17,0.333333,14,False,2,2
3572,0x328fa7,0.666667,13,False,1,1
3573,0x5d9786,0.666667,13,False,1,1
3574,0x58f7f,0.333333,14,False,2,2
3575,0x6ff1e6,1.000000,16,True,0,0
3576,0xdeabe9,1.000000,16,True,0,0
3577,0xd2a846,0.333333,10,False,2,2
3578,0xc2dd6f,0.000000,15,False,1,3
3579,0xe89c2a,0.000000,11,False,1,3
3580,0x383797,0.666667,13,False,1,1
3581,0x7c1fc1,0.666667,13,False,1,1
3582,0xa6c24b,0.000000,11,False,1,3
3583,0x8038f9,0.333333,10,False,2,2
3584,0x86075f,1.000000,12,True,0,0
3585,0x910f30,0.666667,9,False,1,1
3586,0x8ad91f,0.666667,13,False,1,1
3587,0x91ee6a,0.666667,13,False,1,1
3588,0xe6c8ef,0.000000,15,False,1,3
3589,0x395fc6,0.333333,14,False,2,2
3590,0xede2df,0.666667,17,False,1,1
3591,0x4e8421,1.000000,8,True,0,0
3592,0x8847ec,0.000000,11,False,1,3
3593,0x3268f6,1.000000,12,True,0,0
3594,0x6063d3,0.000000,11,False,1,3
3595,0x166cda,1.000000,12,True,0,0
3596,0xe87337,0.333333,14,False,2,2
3597,0x113533,0.333333,10,False,2,2
3598,0x7b8387,0.666667,13,False,1,1
3599,0xdd7371,0.000000,15,False,1,3
3600,0xbc4f32,0.666667,13,False,1,1
3601,0x6feb5d,0.666667,17,False,1,1
3602,0xcd7f59,1.000000,16,True,0,0
3603,0xfb0ede,1.000000,16,True,0,0
3604,0x1577a2,1.000000,12,True,0,0
3605,0x6571b7,0.333333,14,False,2,2
3606,0xcabfb7,0.666667,17,False,1,1
3607,0xd0b9a3,1.000000,12,True,0,0
3608,0xa8a5f3,0.666667,13,False,1,1
3609,0x72df91,0.333333,14,False,2,2
3610,0x738f55,0.333333,14,False,2,2
3611,0x21ae2d,0.000000,11,False,1,3
3612,0x665673,0.666667,13,False,1,1
3613,0xd55813,0.000000,11,False,1,3
3614,0x10bf08,0.666667,9,False,1,1
3615,0x8bb2ff,1.000000,16,True,0,0
3616,0xf31cd4,0.666667,13,False,1,1
3617,0x473d2c,1.000000,12,True,0,0
3618,0x93c357,0.666667,13,False,1,1
3619,0x530248,0.000000,7,False,1,3
3620,0x7b6ee9,1.000000,16,True,0,0
3621,0xdb7324,0.666667,13,False,1,1
3622,0x616c0a,0.666667,9,False,1,1
3623,0x597596,0.666667,13,False,1,1
3624,0x2141b5,0.666667,9,False,1,1
3625,0xc250d1,0.666667,9,False,1,1
3626,0x7daef9,0.666667,17,False,1,1
3627,0x3198e,0.666667,9,False,1,1
3628,0xbefcef,0.000000,19,False,3,3
3629,0x793cb8,0.666667,13,False,1,1
3630,0x77c990,1.000000,12,True,0,0
3631,0x142034,0.333333,6,False,2,2
3632,0x6f9358,0.666667,13,False,1,1
3633,0x9c4074,0.666667,9,False,1,1
3634,0x2d9c1f,0.666667,13,False,1,1
3635,0xc3e4c6,1.000000,12,True,0,0
3636,0x8fc470,0.000000,11,False,1,3
3637,0x5cb29,0.333333,10,False,2,2
3638,0x3ef5df,0.333333,18,False,2,2
3639,0x4cce2e,1.000000,12,True,0,0
3640,0x72d310,0.333333,10,False,2,2
3641,0x6cd3b,1.000000,12,True,0,0
3642,0x556375,0.666667,13,False,1,1
3643,0xa5dbd9,0.000000,15,False,1,3
3644,0xefd032,0.666667,13,False,1,1
3645,0x2af5e0,1.000000,12,True,0,0
3646,0x77687f,1.000000,16,True,0,0
3647,0xd20136,0.666667,9,False,1,1
3648,0x9bb5ac,0.333333,14,False,2,2
3649,0x4dcc83,0.000000,11,False,1,3
3650,0x5823a,1.000000,8,True,0,0
3651,0xc806d7,0.000000,11,False,1,3
3652,0x9fce4e,0.000000,15,False,1,3
3653,0x6c64e,0.333333,10,False,2,2
3654,0x321095,1.000000,8,True,0,0
3655,0xc537b3,0.333333,14,False,2,2
3656,0x197139,0.000000,11,False,1,3
3657,0x3c028d,0.666667,9,False,1,1
3658,0x194076,0.666667,9,False,1,1
3659,0x71a56f,0.333333,14,False,2,2
3660,0xcda50d,1.000000,12,True,0,0
3661,0xae27f1,0.333333,14,False,2,2
3662,0xc3cc09,0.333333,10,False,2,2
3663,0x7a724f,0.333333,14,False,2,2
3664,0xd312c5,0.000000,11,False,1,3
3665,0xb264fa,0.666667,13,False,1,1
3666,0x4664b2,0.333333,10,False,2,2
3667,0x28b4a5,0.333333,10,False,2,2
3668,0x3db8ec,0.333333,14,False,2,2
3669,0x5aff5e,0.666667,17,False,1,1
3670,0x10a2d1,1.000000,8,True,0,0
3671,0x9d7159,0.666667,13,False,1,1
3672,0x4205fe,0.000000,11,False,1,3
3673,0x69d5f8,0.333333,14,False,2,2
3674,0xc45ab5,1.000000,12,True,0,0
3675,0xe92219,0.333333,10,False,2,2
3676,0x6927a0,0.333333,10,False,2,2
3677,0xf94d4b,0.333333,14,False,2,2
3678,0x9f2f82,0.666667,13,False,1,1
3679,0x1b1ffc,0.000000,15,False,1,3
3680,0x942c2f,0.000000,11,False,1,3
3681,0x2ea94f,0.666667,13,False,1,1
3682,0xbb4e09,1.000000,12,True,0,0
3683,0xb33b2a,0.666667,13,False,1,1
3684,0xd0a5d7,0.666667,13,False,1,1
3685,0xd2aad6,0.666667,13,False,1,1
3686,0x5d0f39,0.666667,13,False,1,1
3687,0xb1371a,1.000000,12,True,0,0
3688,0x97e6d4,0.333333,14,False,2,2
3689,0xc5efd5,1.000000,16,True,0,0
3690,0x2266f6,1.000000,12,True,0,0
3691,0x634e83,0.000000,11,False,1,3
3692,0x46f98d,0.666667,13,False,1,1
3693,0xec683a,1.000000,12,True,0,0
3694,0xb60603,0.666667,9,False,1,1
3695,0xe808cb,0.333333,10,False,2,2
3696,0x3c7f0d,0.333333,14,False,2,2
3697,0x293dc4,0.000000,11,False,1,3
3698,0x15f9f5,0.000000,15,False,1,3
3699,0xf35c3b,0.000000,15,False,1,3
3700,0xe8bef6,1.000000,16,True,0,0
3701,0x535fcb,0.000000,15,False,1,3
3702,0xe3f1c1,0.666667,13,False,1,1
3703,0x3496ee,0.666667,13,False,1,1
3704,0x8e6fac,0.333333,14,False,2,2
3705,0xd6643,0.333333,10,False,2,2
3706,0x50ae6c,0.000000,11,False,1,3
3707,0xd33579,0.333333,14,False,2,2
3708,0x6ca2a5,0.000000,11,False,1,3
3709,0x297f6d,0.000000,15,False,1,3
3710,0xf09dc0,0.000000,11,False,1,3
3711,0x4443cd,0.333333,10,False,2,2
3712,0x824878,1.000000,8,True,0,0
3713,0x65238c,0.333333,10,False,2,2
3714,0x408d39,0.666667,9,False,1,1
3715,0xb3599b,0.333333,14,False,2,2
3716,0x495c79,1.000000,12,True,0,0
3717,0x8ef715,0.333333,14,False,2,2
3718,0xb5da48,1.000000,12,True,0,0
3719,0xcb5230,0.333333,10,False,2,2
3720,0xf440a3,0.333333,10,False,2,2
3721,0x7730d4,1.000000,12,True,0,0
3722,0xd953fe,1.000000,16,True,0,0
3723,0xfa9760,0.666667,13,False,1,1
3724,0xf30ad,0.000000,11,False,1,3
3725,0x5d42dd,0.666667,13,False,1,1
3726,0x49a7b6,0.666667,13,False,1,1
3727,0x96343b,1.000000,12,True,0,0
3728,0x1e895f,0.666667,13,False,1,1
3729,0x853360,0.666667,9,False,1,1
3730,0xfbcef4,0.666667,17,False,1,1
3731,0x8d7588,0.000000,11,False,1,3
3732,0x473b24,0.000000,11,False,1,3
3733,0xb8ef45,0.333333,14,False,2,2
3734,0x2e3304,0.666667,9,False,1,1
3735,0x4c8721,0.666667,9,False,1,1
3736,0xeae268,1.000000,12,True,0,0
3737,0x3af264,1.000000,12,True,0,0
3738,0x8aa79e,0.666667,13,False,1,1
3739,0x17ba,0.666667,9,False,1,1
3740,0x1a96db,0.666667,13,False,1,1
3741,0x33e3ac,0.666667,13,False,1,1
3742,0xf470fd,0.000000,15,False,1,3
3743,0xd1de4a,0.666667,13,False,1,1
3744,0x680df5,1.000000,12,True,0,0
3745,0xba59b3,0.333333,14,False,2,2
3746,0x67bd29,0.333333,14,False,2,2
3747,0x9b1ce0,0.000000,11,False,1,3
3748,0x5859ae,1.000000,12,True,0,0
3749,0x72bdc3,0.333333,14,False,2,2
3750,0x9ef158,0.666667,13,False,1,1
3751,0x2074ea,0.333333,10,False,2,2
3752,0x3ee4e8,0.666667,13,False,1,1
3753,0x74f834,1.000000,12,True,0,0
3754,0xe77d8b,1.000000,16,True,0,0
3755,0xa98b74,1.000000,12,True,0,0
3756,0xeed050,0.000000,11,False,1,3
3757,0xec829,0.666667,9,False,1,1
3758,0xd708b3,1.000000,12,True,0,0
3759,0x983698,0.333333,10,False,2,2
3760,0xb73e6c,0.000000,15,False,1,3
3761,0xf4fec9,1.000000,16,True,0,0
3762,0xd5c1a4,0.000000,11,False,1,3
3763,0xd4acbc,0.666667,13,False,1,1
3764,0x6c59ea,0.666667,13,False,1,1
3765,0x9dc9ff,0.666667,17,False,1,1
3766,0xea4542,0.333333,10,False,2,2
3767,0x824010,1.000000,4,False,4,0
3768,0xe5c943,1.000000,12,True,0,0
3769,0x6b45eb,0.333333,14,False,2,2
3770,0xc391f7,0.333333,14,False,2,2
3771,0xf040a1,1.000000,8,True,0,0
3772,0x889d18,0.666667,9,False,1,1
3773,0x47b996,0.666667,13,False,1,1
3774,0x192b18,0.666667,9,False,1,1
3775,0x8b81a0,1.000000,8,True,0,0
3776,0xf86a00,0.666667,9,False,1,1
3777,0xa5dbf,0.333333,14,False,2,2
3778,0xaafa67,0.000000,15,False,1,3
3779,0x80414b,0.000000,7,False,1,3
3780,0xb368b7,0.333333,14,False,2,2
3781,0xd25b8e,0.666667,13,False,1,1
3782,0x7cbbba,1.000000,16,True,0,0
3783,0x42d767,0.666667,13,False,1,1
3784,0xcf9175,0.333333,14,False,2,2
3785,0x4bb58a,1.000000,12,True,0,0
3786,0x7b8c9a,0.666667,13,False,1,1
3787,0x988e8d,0.000000,11,False,1,3
3788,0xc3bd49,0.666667,13,False,1,1
3789,0xea05d3,1.000000,12,True,0,0
3790,0x652fe8,0.666667,13,False,1,1
3791,0x9597ed,0.000000,15,False,1,3
3792,0xa053e8,0.333333,10,False,2,2
3793,0x75878f,0.333333,14,False,2,2
3794,0xa5f863,0.666667,13,False,1,1
3795,0x972735,0.666667,13,False,1,1
3796,0xbdb522,0.666667,13,False,1,1
3797,0xd0001e,0.000000,7,False,1,3
3798,0x75eb41,0.666667,13,False,1,1
3799,0xeb2b8f,0.000000,15,False,1,3
3800,0x47a6e8,1.000000,12,True,0,0
3801,0x97c681,0.000000,11,False,1,3
3802,0x9691fe,0.333333,14,False,2,2
3803,0x3fad88,0.666667,13,False,1,1
3804,0xfdc339,0.000000,15,False,1,3
3805,0x194870,1.000000,8,True,0,0
3806,0xa2fd40,0.000000,11,False,1,3
3807,0xb85c4e,1.000000,12,True,0,0
3808,0xbe3c75,0.000000,15,False,1,3
3809,0x4741e2,0.333333,10,False,2,2
3810,0x52ea03,0.333333,10,False,2,2
3811,0x71b3b2,0.666667,13,False,1,1
3812,0x70243d,0.333333,10,False,2,2
3813,0x3dcb7b,1.000000,16,True,0,0
3814,0xd99423,0.000000,11,False,1,3
3815,0xdf57c1,0.000000,15,False,1,3
3816,0xef6b39,1.000000,16,True,0,0
3817,0xdce5c3,0.333333,14,False,2,2
3818,0x94fee9,0.000000,15,False,1,3
3819,0x16a97d,0.666667,13,False,1,1
3820,0xb98a13,0.000000,11,False,1,3
3821,0x6dc69d,0.333333,14,False,2,2
3822,0xe9041b,0.333333,10,False,2,2
3823,0xe6d53d,0.000000,15,False,1,3
3824,0x987ab3,0.666667,13,False,1,1
3825,0x141e1d,0.333333,10,False,2,2
3826,0x4f32cf,0.333333,14,False,2,2
3827,0x649588,0.666667,9,False,1,1
3828,0x40ef54,0.000000,11,False,1,3
3829,0x3e88d5,1.000000,12,True,0,0
3830,0x32006e,1.000000,8,True,0,0
3831,0x6f44ce,0.666667,13,False,1,1
3832,0x6441a4,1.000000,8,True,0,0
3833,0x861e97,1.000000,12,True,0,0
3834,0xd3e805,0.000000,11,False,1,3
3835,0xc9221,0.000000,7,False,1,3
3836,0xc99d7b,0.000000,15,False,1,3
3837,0x403d45,0.666667,9,False,1,1
3838,0x7282c1,0.666667,9,False,1,1
3839,0x71523e,1.000000,12,True,0,0
3840,0x52ecfd,0.000000,15,False,1,3
3841,0xce543e,0.666667,13,False,1,1
3842,0x9e9ed8,0.333333,14,False,2,2
3843,0xc0d9ea,1.000000,12,True,0,0
3844,0x2237fc,0.666667,13,False,1,1
3845,0xf7d2b2,0.000000,15,False,1,3
3846,0xc98811,1.000000,8,True,0,0
3847,0xc80aaf,0.000000,11,False,1,3
3848,0xa878ee,0.666667,13,False,1,1
3849,0xd919fb,0.000000,15,False,1,3
3850,0xc9290c,0.666667,9,False,1,1
3851,0xab7bac,0.000000,15,False,1,3
3852,0xf0b82e,1.000000,12,True,0,0
3853,0x779f25,0.000000,15,False,1,3
3854,0x75927e,0.333333,14,False,2,2
3855,0x6dfbe8,1.000000,16,True,0,0
3856,0xb92651,0.000000,11,False,1,3
3857,0xf761d7,1.000000,16,True,0,0
3858,0x5d8fbc,0.000000,15,False,1,3
3859,0x527c61,0.000000,11,False,1,3
3860,0xc02e5b,0.000000,11,False,1,3
3861,0x346c8b,0.000000,11,False,1,3
3862,0x3137f7,0.000000,15,False,1,3
3863,0x96638f,0.666667,13,False,1,1
3864,0xed895e,0.333333,14,False,2,2
3865,0x29d827,0.000000,11,False,1,3
3866,0x60df1,0.333333,10,False,2,2
3867,0x4acb41,0.333333,10,False,2,2
3868,0x8c9650,0.666667,9,False,1,1
3869,0x35e5a2,1.000000,12,True,0,0
3870,0xebde2,0.666667,13,False,1,1
3871,0x61680,0.333333,6,False,2,2
3872,0xcac4f3,0.666667,13,False,1,1
3873,0x5d20ed,1.000000,12,True,0,0
3874,0xd6f3d1,0.000000,15,False,1,3
3875,0x1477a8,0.000000,11,False,1,3
3876,0xb5f4f2,0.000000,15,False,1,3
3877,0x3901f8,0.333333,10,False,2,2
3878,0xcb9ef9,1.000000,16,True,0,0
3879,0x1545cb,0.000000,11,False,1,3
3880,0xb412f1,0.000000,11,False,1,3
3881,0x62c2c6,0.333333,10,False,2,2
3882,0xa3031,0.000000,7,False,1,3
3883,0x64ba30,0.333333,10,False,2,2
3884,0x464c94,0.666667,9,False,1,1
3885,0xa0f1fc,0.666667,13,False,1,1
3886,0xb87607,1.000000,12,True,0,0
3887,0xb8c90,1.000000,8,True,0,0
3888,0xf00468,1.000000,8,True,0,0
3889,0x149603,1.000000,8,True,0,0
3890,0xd82efd,0.000000,15,False,1,3
3891,0x4c401,0.666667,5,False,3,1
3892,0xcc673b,0.333333,14,False,2,2
3893,0xd6e7fe,0.333333,18,False,2,2
3894,0x730fa1,1.000000,12,True,0,0
3895,0xab6f,0.000000,11,False,1,3
3896,0xc59809,0.666667,9,False,1,1
3897,0x75c724,1.000000,12,True,0,0
3898,0xd648e3,1.000000,12,True,0,0
3899,0x2e102b,0.666667,9,False,1,1
3900,0xb77022,0.000000,11,False,1,3
3901,0x402924,0.333333,6,False,2,2
3902,0x373f7,0.333333,14,False,2,2
3903,0x1734ab,1.000000,12,True,0,0
3904,0xcbff5f,0.000000,19,False,3,3
3905,0x6bd611,1.000000,12,True,0,0
3906,0x13cdd4,1.000000,12,True,0,0
3907,0xc1ffa9,0.000000,15,False,1,3
3908,0x9b83d,0.000000,11,False,1,3
3909,0xe277ed,1.000000,16,True,0,0
3910,0xe7c963,0.333333,14,False,2,2
3911,0xffac4e,1.000000,16,True,0,0
3912,0x24f2d2,0.000000,11,False,1,3
3913,0x2d81b4,0.333333,10,False,2,2
3914,0xd5e3e2,0.333333,14,False,2,2
3915,0x767f8d,1.000000,16,True,0,0
3916,0x227012,0.000000,7,False,1,3
3917,0xf8ed22,0.666667,13,False,1,1
3918,0xf943fc,0.000000,15,False,1,3
3919,0xf5270b,0.666667,13,False,1,1
3920,0xea4073,0.000000,11,False,1,3
3921,0x64333b,1.000000,12,True,0,0
3922,0x28de91,0.000000,11,False,1,3
3923,0xdfc0ad,0.333333,14,False,2,2
3924,0x545ff7,1.000000,16,True,0,0
3925,0x9b06fc,0.666667,13,False,1,1
3926,0x5a21bb,1.000000,12,True,0,0
3927,0x27c237,1.000000,12,True,0,0
3928,0xd21036,0.666667,9,False,1,1
3929,0xe40629,0.666667,9,False,1,1
3930,0xc2e30e,0.000000,11,False,1,3
3931,0xa49eac,1.000000,12,True,0,0
3932,0x117a0,0.000000,7,False,1,3
3933,0x518a0c,1.000000,8,True,0,0
3934,0xf4129b,1.000000,12,True,0,0
3935,0x1735ba,0.666667,13,False,1,1
3936,0xa36c,1.000000,8,True,0,0
3937,0x9eaa5e,0.333333,14,False,2,2
3938,0xdeebca,1.000000,16,True,0,0
3939,0x5ed9fd,0.666667,17,False,1,1
3940,0x26d532,0.000000,11,False,1,3
3941,0x767ac6,0.333333,14,False,2,2
3942,0x48234d,0.666667,9,False,1,1
3943,0xf49dae,0.000000,15,False,1,3
3944,0x97e4a0,0.000000,11,False,1,3
3945,0xd4435e,1.000000,12,True,0,0
3946,0x5ad9ea,0.333333,14,False,2,2
3947,0x23b4a8,0.333333,10,False,2,2
3948,0x8537,1.000000,8,True,0,0
3949,0x5b1ed7,0.000000,15,False,1,3
3950,0x2c7d72,0.666667,13,False,1,1
3951,0xd39cfb,1.000000,16,True,0,0
3952,0x7dc1b9,0.333333,14,False,2,2
3953,0x257dcb,0.333333,14,False,2,2
3954,0x38056c,0.666667,9,False,1,1
3955,0xe5d405,0.000000,11,False,1,3
3956,0xeb72c9,0.333333,14,False,2,2
3957,0x37d45c,0.666667,13,False,1,1
3958,0xff62c7,1.000000,16,True,0,0
3959,0x6b5289,0.000000,11,False,1,3
3960,0xe92103,0.666667,9,False,1,1
3961,0xf39634,0.666667,13,False,1,1
3962,0x125d5e,1.000000,12,True,0,0
3963,0xfc0079,0.000000,11,False,1,3
3964,0x957673,0.333333,14,False,2,2
3965,0x2c0b3a,0.333333,10,False,2,2
3966,0xc02ef1,0.000000,11,False,1,3
3967,0x618cf8,0.000000,11,False,1,3
3968,0x91da3,0.333333,10,False,2,2
3969,0x386f67,0.333333,14,False,2,2
3970,0x91f788,1.000000,12,True,0,0
3971,0x206315,1.000000,8,True,0,0
3972,0xdba1e6,0.333333,14,False,2,2
3973,0x70e0c,1.000000,8,True,0,0
3974,0x52bd8c,1.000000,12,True,0,0
3975,0x156fb3,0.333333,14,False,2,2
3976,0x788354,0.333333,10,False,2,2
3977,0x15226b,0.333333,10,False,2,2
3978,0x15bc21,0.333333,10,False,2,2
3979,0x1e7136,1.000000,12,True,0,0
3980,0xef3d53,1.000000,16,True,0,0
3981,0xffc2b3,1.000000,16,True,0,0
3982,0x8bef65,0.000000,15,False,1,3
3983,0x492937,0.000000,11,False,1,3
3984,0x4f4932,0.000000,11,False,1,3
3985,0xcbc91d,0.666667,13,False,1,1
3986,0x2df76b,1.000000,16,True,0,0
3987,0xe7832,0.333333,10,False,2,2
3988,0x2bf7df,0.333333,18,False,2,2
3989,0xa1d513,0.000000,11,False,1,3
3990,0x8673d4,1.000000,12,True,0,0
3991,0x26d1e7,0.666667,13,False,1,1
3992,0xa3eb1a,0.666667,13,False,1,1
3993,0x822660,0.000000,7,False,1,3
3994,0xdc3318,0.000000,11,False,1,3
3995,0x6acdce,0.333333,14,False,2,2
3996,0x19859e,0.000000,11,False,1,3
3997,0x675a03,0.000000,11,False,1,3
3998,0xdf590c,0.666667,13,False,1,1
3999,0x93b90b,1.000000,12,True,0,0
4000,0x5f72f3,1.000000,16,True,0,0
4001,0x4b967b,0.333333,14,False,2,2
4002,0xd2bad8,0.666667,13,False,1,1
4003,0xdf12ed,0.000000,15,False,1,3
4004,0x2708ea,0.333333,10,False,2,2
4005,0x3757fb,0.666667,17,False,1,1
4006,0xe6ba1e,0.333333,14,False,2,2
4007,0xbd68c5,0.666667,13,False,1,1
4008,0x2763e9,0.666667,13,False,1,1
4009,0x3bb18d,0.666667,13,False,1,1
4010,0x43bcc8,0.000000,11,False,1,3
4011,0x7772be,1.000000,16,True,0,0
4012,0xb8e300,0.666667,9,False,1,1
4013,0xb19364,0.000000,11,False,1,3
4014,0xa2b9b2,1.000000,12,True,0,0
4015,0x192fd6,0.666667,13,False,1,1
4016,0x4f39f2,0.333333,14,False,2,2
4017,0xbe682c,1.000000,12,True,0,0
4018,0x1f5b22,1.000000,12,True,0,0
4019,0x7bb57a,1.000000,16,True,0,0
4020,0xfb8415,1.000000,12,True,0,0
4021,0x8b7418,0.333333,10,False,2,2
4022,0x47cc57,0.666667,13,False,1,1
4023,0x893ddd,0.333333,14,False,2,2
4024,0xcf73ac,0.000000,15,False,1,3
4025,0xd9fbbe,0.333333,18,False,2,2
4026,0x8f189a,0.000000,11,False,1,3
4027,0x80c02a,0.333333,6,False,2,2
4028,0x411b91,0.666667,9,False,1,1
4029,0xcb8a16,0.000000,11,False,1,3
4030,0x6603f4,0.000000,11,False,1,3
4031,0x38c2ea,0.000000,11,False,1,3
4032,0xbe4346,1.000000,12,True,0,0
4033,0xc23a40,1.000000,8,True,0,0
4034,0xdfd2b0,0.333333,14,False,2,2
4035,0x559135,0.000000,11,False,1,3
4036,0x18f866,0.000000,11,False,1,3
4037,0x99cab4,1.000000,12,True,0,0
4038,0x811620,0.333333,6,False,2,2
4039,0x1699cb,1.000000,12,True,0,0
4040,0x415714,0.666667,9,False,1,1
4041,0x8169c1,0.666667,9,False,1,1
4042,0xa1ca02,1.000000,8,True,0,0
4043,0x25b5f2,0.666667,13,False,1,1
4044,0xa8e5c7,0.666667,13,False,1,1
4045,0x284ca7,0.333333,10,False,2,2
4046,0xd4544c,0.333333,10,False,2,2
4047,0x15c0cc,0.666667,9,False,1,1
4048,0x36697d,0.333333,14,False,2,2
4049,0x4e711a,0.000000,11,False,1,3
4050,0xca8c29,0.333333,10,False,2,2
4051,0x3f8c0e,1.000000,12,True,0,0
4052,0x1568ba,0.000000,11,False,1,3
4053,0xa0b2cf,1.000000,12,True,0,0
4054,0xbb7ab4,0.000000,15,False,1,3
4055,0x86a85d,0.000000,11,False,1,3
4056,0xef1467,0.333333,14,False,2,2
4057,0x3b1279,1.000000,12,True,0,0
4058,0xfa72f,0.333333,14,False,2,2
4059,0x1a2bd8,0.000000,11,False,1,3
4060,0x535b45,1.000000,12,True,0,0
4061,0x993a21,0.333333,10,False,2,2
4062,0x1c1eeb,0.666667,13,False,1,1
4063,0xfd3725,0.000000,15,False,1,3
4064,0x6ee149,1.000000,12,True,0,0
4065,0x4c1311,1.000000,8,True,0,0
4066,0xe0c769,1.000000,12,True,0,0
4067,0x16c2c9,0.333333,10,False,2,2
4068,0xbcfdbc,0.666667,17,False,1,1
4069,0xa66bba,0.333333,14,False,2,2
4070,0xf34411,0.333333,10,False,2,2
4071,0xc155d9,1.000000,12,True,0,0
4072,0xc45203,1.000000,8,True,0,0
4073,0xc157d,0.000000,11,False,1,3
4074,0x168e9a,0.000000,11,False,1,3
4075,0xc4295b,0.000000,11,False,1,3
4076,0xbe7c80,1.000000,12,True,0,0
4077,0x185910,0.000000,7,False,1,3
4078,0x1b0b5e,1.000000,12,True,0,0
4079,0xc7e2e,1.000000,12,True,0,0
4080,0xe2ecff,0.666667,17,False,1,1
4081,0x65f268,1.000000,12,True,0,0
4082,0x199989,0.333333,10,False,2,2
4083,0xd8ad9d,0.333333,14,False,2,2
4084,0x138277,0.000000,11,False,1,3
4085,0x3d2efc,0.000000,15,False,1,3
4086,0x925178,0.333333,10,False,2,2
4087,0x8490eb,0.333333,10,False,2,2
4088,0x60fb5f,0.000000,15,False,1,3
4089,0x726d37,0.333333,14,False,2,2
4090,0xb981de,0.666667,13,False,1,1
4091,0x287c1d,0.000000,11,False,1,3
4092,0x924e32,0.333333,10,False,2,2
4093,0x86c106,1.000000,8,True,0,0
4094,0x40b95b,0.000000,11,False,1,3
4095,0x855131,0.666667,9,False,1,1
4096,0x9683d4,0.000000,11,False,1,3
4097,0x4c1745,0.333333,10,False,2,2
4098,0x971b03,0.000000,11,False,1,3
4099,0x83fa2a,1.000000,12,True,0,0
4100,0x86bbe9,0.333333,14,False,2,2
4101,0x31caf9,0.666667,13,False,1,1
4102,0x974a08,0.666667,9,False,1,1
4103,0x4e81f3,1.000000,12,True,0,0
4104,0xd8efb6,1.000000,16,True,0,0
4105,0x872e00,1.000000,8,True,0,0
4106,0x9384df,0.666667,13,False,1,1
4107,0xe8558a,0.000000,11,False,1,3
4108,0x22db00,1.000000,8,True,0,0
4109,0x29f38d,0.666667,13,False,1,1
4110,0x758528,0.333333,10,False,2,2
4111,0x4bf1fb,1.000000,16,True,0,0
4112,0xaa22e3,0.000000,11,False,1,3
4113,0xb94af6,0.333333,14,False,2,2
4114,0x194f53,1.000000,12,True,0,0
4115,0x39fad4,0.333333,14,False,2,2
4116,0x61bac1,0.000000,11,False,1,3
4117,0x5f228b,1.000000,12,True,0,0
4118,0x57eb9c,0.000000,15,False,1,3
4119,0x83d7ae,0.333333,14,False,2,2
4120,0x5e7d49,0.333333,14,False,2,2
4121,0x3f2e3a,0.333333,14,False,2,2
4122,0x67ecb2,0.333333,14,False,2,2
4123,0x46294a,0.666667,9,False,1,1
4124,0x97de8d,0.000000,15,False,1,3
4125,0x5201c8,0.000000,7,False,1,3
4126,0xea419a,0.000000,11,False,1,3
4127,0x6fe3c4,0.333333,14,False,2,2
4128,0xe81234,0.666667,9,False,1,1
4129,0xafb55a,0.000000,15,False,1,3
4130,0xf2e2e3,0.333333,14,False,2,2
4131,0xbf2149,1.000000,12,True,0,0
4132,0x8b04a1,1.000000,8,True,0,0
4133,0x2c3107,0.666667,9,False,1,1
4134,0x90938e,0.333333,10,False,2,2
4135,0x21ee03,0.333333,10,False,2,2
4136,0xb7c401,0.333333,10,False,2,2
4137,0x36c357,0.666667,13,False,1,1
4138,0xea5a20,0.333333,10,False,2,2
4139,0x2ea00,0.333333,6,False,2,2
4140,0x2bec37,0.333333,14,False,2,2
4141,0xbc3af4,0.333333,14,False,2,2
4142,0x35a031,0.666667,9,False,1,1
4143,0xc4e3a6,1.000000,12,True,0,0
4144,0x94de52,1.000000,12,True,0,0
4145,0x7b2000,0.000000,7,False,1,3
4146,0x7de493,0.333333,14,False,2,2
4147,0x8272fd,0.666667,13,False,1,1
4148,0x63cc10,0.666667,9,False,1,1
4149,0x196bc4,0.000000,11,False,1,3
4150,0xf91e89,0.666667,13,False,1,1
4151,0x96377c,0.333333,14,False,2,2
4152,0x769c58,1.000000,12,True,0,0
4153,0xab6889,0.000000,11,False,1,3
4154,0x5e70c0,0.333333,10,False,2,2
4155,0xb1f4b6,0.333333,14,False,2,2
4156,0x26255b,0.000000,11,False,1,3
4157,0xfb4b28,0.666667,13,False,1,1
4158,0xd43e4e,0.666667,13,False,1,1
4159,0x82caa5,0.333333,10,False,2,2
4160,0xd75583,0.666667,13,False,1,1
4161,0x883c54,0.666667,9,False,1,1
4162,0xf1a6db,0.000000,15,False,1,3
4163,0x822f1c,0.333333,10,False,2,2
4164,0x644442,0.000000,7,False,1,3
4165,0x537f4f,1.000000,16,True,0,0
4166,0x18987,1.000000,8,True,0,0
4167,0x553857,1.000000,12,True,0,0
4168,0xc24c37,0.000000,11,False,1,3
4169,0xc4e8cd,1.000000,12,True,0,0
4170,0x23f38b,0.666667,13,False,1,1
4171,0xcd35c9,0.666667,13,False,1,1
4172,0xa7eec7,1.000000,16,True,0,0
4173,0x9b5869,1.000000,12,True,0,0
4174,0x3ba1ce,0.666667,13,False,1,1
4175,0x3bb1f3,0.000000,15,False,1,3
4176,0xce945d,0.666667,13,False,1,1
4177,0xf81d73,0.333333,14,False,2,2
4178,0xd520fe,0.666667,13,False,1,1
4179,0xeab184,0.000000,11,False,1,3
4180,0xc6dbc2,0.666667,13,False,1,1
4181,0x28ae85,0.333333,10,False,2,2
4182,0xbaff5d,0.333333,18,False,2,2
4183,0x1fcc51,1.000000,12,True,0,0
4184,0x68eac8,0.000000,11,False,1,3
4185,0x80b0c4,0.000000,7,False,1,3
4186,0x3d0ab6,1.000000,12,True,0,0
4187,0x911c62,0.666667,9,False,1,1
4188,0xf5d857,0.000000,15,False,1,3
4189,0x7a0964,0.333333,10,False,2,2
4190,0x58b0a6,0.333333,10,False,2,2
4191,0x3fa139,0.666667,13,False,1,1
4192,0x86601a,1.000000,8,True,0,0
4193,0x44e5ca,0.000000,11,False,1,3
4194,0x67457f,0.000000,15,False,1,3
4195,0xd7da48,0.666667,13,False,1,1
4196,0xa735f8,0.333333,14,False,2,2
4197,0x50ea70,0.333333,10,False,2,2
4198,0xc37c20,0.333333,10,False,2,2
4199,0x1a4ad3,0.000000,11,False,1,3
4200,0x384964,0.666667,9,False,1,1
4201,0x3ecd0f,0.333333,14,False,2,2
4202,0xe01caa,0.333333,10,False,2,2
4203,0x159ae4,0.000000,11,False,1,3
4204,0xceac32,1.000000,12,True,0,0
4205,0x98a7e7,0.333333,14,False,2,2
4206,0x334b4,0.666667,9,False,1,1
4207,0x9563c4,0.000000,11,False,1,3
4208,0x3f7b1f,0.666667,17,False,1,1
4209,0x184a6f,0.000000,11,False,1,3
4210,0x572beb,0.000000,15,False,1,3
4211,0x50446a,1.000000,8,True,0,0
4212,0x81bdbd,0.333333,14,False,2,2
4213,0x4628ba,0.333333,10,False,2,2
4214,0x4a8af5,1.000000,12,True,0,0
4215,0xb279f2,0.333333,14,False,2,2
4216,0x2b1973,1.000000,12,True,0,0
4217,0x22bb12,0.333333,10,False,2,2
4218,0x9cbaaf,0.000000,15,False,1,3
4219,0xe60980,1.000000,8,True,0,0
4220,0x255125,0.666667,9,False,1,1
4221,0xaaa769,0.666667,13,False,1,1
4222,0x14ca97,0.000000,11,False,1,3
4223,0x7c1910,0.666667,9,False,1,1
4224,0xfd6766,1.000000,16,True,0,0
4225,0x90a0d6,0.666667,9,False,1,1
4226,0xd42d89,0.000000,11,False,1,3
4227,0xc43c4f,1.000000,12,True,0,0
4228,0x1c3f89,1.000000,12,True,0,0
4229,0xed90b9,0.666667,13,False,1,1
4230,0x8f1a34,0.000000,11,False,1,3
4231,0xb4f631,0.666667,13,False,1,1
4232,0x64057a,0.333333,10,False,2,2
4233,0x8f394d,0.666667,13,False,1,1
4234,0xa9cac9,1.000000,12,True,0,0
4235,0xbcf846,0.666667,13,False,1,1
4236,0x35e5a4,1.000000,12,True,0,0
4237,0x70b857,1.000000,12,True,0,0
4238,0x2703fe,0.666667,13,False,1,1
4239,0x3f9a9a,0.333333,14,False,2,2
4240,0x1cc9e,0.333333,10,False,2,2
4241,0x6a8861,0.666667,9,False,1,1
4242,0xcd887c,1.000000,12,True,0,0
4243,0x90b18a,0.666667,9,False,1,1
4244,0xe796a8,0.666667,13,False,1,1
4245,0x70e2e1,0.000000,11,False,1,3
4246,0xa78c93,1.000000,12,True,0,0
4247,0xc1d15a,0.000000,11,False,1,3
4248,0xce3f7d,0.666667,17,False,1,1
4249,0x61b1df,0.333333,14,False,2,2
4250,0x8dc300,1.000000,8,True,0,0
4251,0xe81570,0.333333,10,False,2,2
4252,0x679471,1.000000,12,True,0,0
4253,0x1b495,0.666667,9,False,1,1
4254,0x1dff2d,1.000000,16,True,0,0
4255,0xdee3a,0.666667,13,False,1,1
4256,0x3fd3af,0.666667,17,False,1,1
4257,0x9bf12e,0.333333,14,False,2,2
4258,0x2b0b92,0.333333,10,False,2,2
4259,0x440be9,0.333333,10,False,2,2
4260,0x5c67c5,0.666667,13,False,1,1
4261,0x3d4fa8,0.666667,13,False,1,1
4262,0x7bc8ae,0.333333,14,False,2,2
4263,0xfaa59b,0.000000,15,False,1,3
4264,0x26ccbd,0.666667,13,False,1,1
4265,0x8ced2d,0.666667,13,False,1,1
4266,0xdb49ce,0.333333,14,False,2,2
4267,0x2287a3,0.333333,10,False,2,2
4268,0x35f660,1.000000,12,True,0,0
4269,0x5cc45,0.666667,9,False,1,1
4270,0xcf9401,0.333333,10,False,2,2
4271,0x605eed,0.666667,13,False,1,1
4272,0x7be4a7,0.000000,15,False,1,3
4273,0x182fad,1.000000,12,True,0,0
4274,0x39b6e3,0.333333,14,False,2,2
4275,0xb2604d,0.333333,10,False,2,2
4276,0x5079d7,0.666667,13,False,1,1
4277,0xec3529,1.000000,12,True,0,0
4278,0xd055f9,0.666667,13,False,1,1
4279,0x292765,0.000000,11,False,1,3
4280,0xb18665,0.000000,11,False,1,3
4281,0x758a3,0.333333,10,False,2,2
4282,0xc47795,0.666667,13,False,1,1
4283,0xf27f0b,0.000000,15,False,1,3
4284,0x762a98,0.000000,11,False,1,3
4285,0xcae5e8,0.666667,13,False,1,1
4286,0x3b3764,0.666667,13,False,1,1
4287,0x38574f,0.666667,13,False,1,1
4288,0x4b26fa,0.666667,13,False,1,1
4289,0x49f40,1.000000,8,True,0,0
4290,0xef87bb,0.666667,17,False,1,1
4291,0x35c226,0.333333,10,False,2,2
4292,0x7778d1,0.333333,14,False,2,2
4293,0xe2f53d,0.000000,15,False,1,3
4294,0x76d8ad,0.333333,14,False,2,2
4295,0xf1a9e2,0.666667,13,False,1,1
4296,0x369e20,0.333333,10,False,2,2
4297,0x1befda,1.000000,16,True,0,0
4298,0xdd825e,0.666667,13,False,1,1
4299,0xa20c93,0.666667,9,False,1,1
4300,0x8a5395,0.000000,11,False,1,3
4301,0x982b6d,1.000000,12,True,0,0
4302,0x6597ef,1.000000,16,True,0,0
4303,0xcffc78,1.000000,16,True,0,0
4304,0xb520d2,0.333333,10,False,2,2
4305,0x9b6bb2,0.333333,14,False,2,2
4306,0x519a43,0.333333,10,False,2,2
4307,0x9a8e5,0.333333,10,False,2,2
4308,0x7012b7,0.000000,11,False,1,3
4309,0xf13bd2,0.333333,14,False,2,2
4310,0x60f8e5,1.000000,12,True,0,0
4311,0xa23d03,0.333333,10,False,2,2
4312,0x3fc7ba,1.000000,16,True,0,0
4313,0x59aac8,0.000000,11,False,1,3
4314,0x34cf5,0.000000,11,False,1,3
4315,0x389cf6,0.666667,13,False,1,1
4316,0xb6b2cb,0.333333,14,False,2,2
4317,0x795813,0.000000,11,False,1,3
4318,0xfb408a,0.000000,11,False,1,3
4319,0xcf0b7b,0.000000,15,False,1,3
4320,0xb839d1,1.000000,12,True,0,0
4321,0x314342,1.000000,8,True,0,0
4322,0x67b83,0.000000,11,False,1,3
4323,0x7ed7df,0.000000,19,False,3,3
4324,0x606e53,0.000000,11,False,1,3
4325,0x6d0b8c,0.000000,11,False,1,3
4326,0x9964c8,0.333333,10,False,2,2
4327,0xde5b6f,0.666667,17,False,1,1
4328,0xfce66d,1.000000,16,True,0,0
4329,0xa0a02e,1.000000,8,True,0,0
4330,0xfc4c46,1.000000,12,True,0,0
4331,0xe67bab,1.000000,16,True,0,0
4332,0xa16a2a,0.333333,10,False,2,2
4333,0xdd0d13,1.000000,12,True,0,0
4334,0x86a1da,0.000000,11,False,1,3
4335,0x63b326,1.000000,12,True,0,0
4336,0x6e301e,0.000000,11,False,1,3
4337,0x68bf45,0.666667,13,False,1,1
4338,0xffa31c,0.000000,15,False,1,3
4339,0xb1874b,1.000000,12,True,0,0
4340,0xc6a8be,0.666667,13,False,1,1
4341,0xed51b2,0.666667,13,False,1,1
4342,0xcba216,0.000000,11,False,1,3
4343,0x12a747,0.000000,11,False,1,3
4344,0x49c8d2,0.333333,10,False,2,2
4345,0x40f315,0.333333,10,False,2,2
4346,0x217911,0.666667,9,False,1,1
4347,0xf29e2b,0.333333,14,False,2,2
4348,0x9a31de,0.666667,13,False,1,1
4349,0x3d0016,1.000000,8,True,0,0
4350,0x547e52,1.000000,12,True,0,0
4351,0x4f900a,0.666667,9,False,1,1
4352,0x3ab8fa,0.333333,14,False,2,2
4353,0x805f8,1.000000,8,True,0,0
4354,0xfcae2b,0.000000,15,False,1,3
4355,0x49dff8,0.000000,15,False,1,3
4356,0xa86043,1.000000,8,True,0,0
4357,0x785e04,0.333333,10,False,2,2
4358,0xfdaca3,0.000000,15,False,1,3
4359,0x5bbe78,0.000000,15,False,1,3
4360,0x3824d0,1.000000,8,True,0,0
4361,0x5d8ede,0.000000,15,False,1,3
4362,0xa9d96d,0.333333,14,False,2,2
4363,0xa41278,0.666667,9,False,1,1
4364,0x5df05,0.000000,11,False,1,3
4365,0x7392a9,1.000000,12,True,0,0
4366,0x4c0177,0.333333,10,False,2,2
4367,0xe932f9,0.333333,14,False,2,2
4368,0x1ef1a8,1.000000,12,True,0,0
4369,0xb8cdf9,0.000000,15,False,1,3
4370,0x83a9c4,0.333333,10,False,2,2
4371,0x2e91e1,0.000000,11,False,1,3
4372,0xd22877,1.000000,12,True,0,0
4373,0x7c32ac,1.000000,12,True,0,0
4374,0xb7a680,0.000000,11,False,1,3
4375,0x46f11d,1.000000,12,True,0,0
4376,0x5da98,0.333333,10,False,2,2
4377,0x9cb200,1.000000,8,True,0,0
4378,0x15e99,0.333333,10,False,2,2
4379,0x380262,0.000000,7,False,1,3
4380,0x7c2423,0.333333,10,False,2,2
4381,0x16e0e1,0.333333,10,False,2,2
4382,0xc842b3,0.333333,10,False,2,2
4383,0x7b4800,1.000000,8,True,0,0
4384,0x6dc2a8,0.000000,11,False,1,3
4385,0x6fe6d4,0.000000,15,False,1,3
4386,0xcd2c89,0.000000,11,False,1,3
4387,0x9d1aae,0.666667,13,False,1,1
4388,0x74aad3,0.666667,13,False,1,1
4389,0x835828,1.000000,8,True,0,0
4390,0x94f6ec,0.333333,14,False,2,2
4391,0x1184de,0.333333,10,False,2,2
4392,0x63b934,1.000000,12,True,0,0
4393,0x3a14d0,0.666667,9,False,1,1
4394,0xf36ef3,0.666667,17,False,1,1
4395,0x1f6cd4,0.666667,13,False,1,1
4396,0xdeeb2c,0.000000,15,False,1,3
4397,0x210562,0.000000,7,False,1,3
4398,0x5a272b,1.000000,12,True,0,0
4399,0x4b87ce,0.666667,13,False,1,1
4400,0x62ae7,0.000000,11,False,1,3
4401,0x3bc439,1.000000,12,True,0,0
4402,0x1491c5,0.666667,9,False,1,1
4403,0x9885e4,0.333333,10,False,2,2
4404,0x543b9,0.333333,10,False,2,2
4405,0xa5587f,0.333333,14,False,2,2
4406,0x218de,0.666667,9,False,1,1
4407,0xad73ae,0.000000,15,False,1,3
4408,0x190284,0.333333,6,False,2,2
4409,0x96ef7a,1.000000,16,True,0,0
4410,0x65305c,0.333333,10,False,2,2
4411,0xb2a496,0.000000,11,False,1,3
4412,0xdd76d9,1.000000,16,True,0,0
4413,0x8ac3b2,0.000000,11,False,1,3
4414,0x7e68bf,1.000000,16,True,0,0
4415,0x9e44f1,1.000000,12,True,0,0
4416,0xecb95c,0.333333,14,False,2,2
4417,0x7705f9,0.333333,14,False,2,2
4418,0xc3f568,0.666667,13,False,1,1
4419,0x752cc2,0.000000,11,False,1,3
4420,0x59912b,0.000000,11,False,1,3
4421,0x548ab,0.666667,9,False,1,1
4422,0x6b95a2,1.000000,12,True,0,0
4423,0x862b31,0.333333,10,False,2,2
4424,0xa362ee,0.666667,13,False,1,1
4425,0x4df4c0,0.000000,11,False,1,3
4426,0x3a13b5,1.000000,12,True,0,0
4427,0xdf902d,0.666667,13,False,1,1
4428,0x6f674d,0.000000,15,False,1,3
4429,0xc1fa67,0.333333,14,False,2,2
4430,0xd0729,0.666667,9,False,1,1
4431,0x5b01ef,0.666667,13,False,1,1
4432,0x4a6a33,0.000000,11,False,1,3
4433,0xf2d196,0.666667,13,False,1,1
4434,0x3a3c41,0.333333,10,False,2,2
4435,0x5d390b,1.000000,12,True,0,0
4436,0xe7f104,1.000000,12,True,0,0
4437,0xcb4eac,0.666667,13,False,1,1
4438,0xd154d5,1.000000,12,True,0,0
4439,0xedce9c,0.000000,15,False,1,3
4440,0xc8f01f,1.000000,12,True,0,0
4441,0x455ca0,0.666667,9,False,1,1
4442,0x2e2c6,0.666667,9,False,1,1
4443,0x767e23,0.333333,14,False,2,2
4444,0xdb2a03,0.000000,11,False,1,3
4445,0x39fba4,0.333333,14,False,2,2
4446,0x70f11e,1.000000,12,True,0,0
4447,0x8902b3,0.666667,9,False,1,1
4448,0x35ef46,0.333333,14,False,2,2
4449,0xe2e51a,1.000000,12,True,0,0
4450,0x1a1384,1.000000,8,True,0,0
4451,0xd9239e,0.666667,13,False,1,1
4452,0xbb4faa,0.000000,15,False,1,3
4453,0x568668,0.333333,10,False,2,2
4454,0xc414ff,0.666667,13,False,1,1
4455,0x447ae6,1.000000,12,True,0,0
4456,0x6f35b0,0.666667,13,False,1,1
4457,0xb9f6b6,1.000000,16,True,0,0
4458,0x12af32,0.000000,11,False,1,3
4459,0x7dca85,0.666667,13,False,1,1
4460,0x93a07d,1.000000,12,True,0,0
4461,0x946e09,0.333333,10,False,2,2
4462,0x3dd162,1.000000,12,True,0,0
4463,0x769655,0.666667,13,False,1,1
4464,0x974f18,1.000000,12,True,0,0
4465,0x8b2664,0.333333,10,False,2,2
4466,0x16bb31,1.000000,12,True,0,0
4467,0xc12d13,0.333333,10,False,2,2
4468,0xc50b6c,0.000000,11,False,1,3
4469,0xc2a2fe,0.666667,13,False,1,1
4470,0x331ba5,1.000000,12,True,0,0
4471,0xaa21b8,0.333333,10,False,2,2
4472,0x82a78a,0.333333,10,False,2,2
4473,0x48ba52,0.333333,10,False,2,2
4474,0x9b119a,0.000000,11,False,1,3
4475,0x60e59e,1.000000,12,True,0,0
4476,0x12964e,0.333333,10,False,2,2
4477,0x961a4d,0.000000,11,False,1,3
4478,0x9a964a,0.000000,11,False,1,3
4479,0x79eb80,1.000000,12,True,0,0
4480,0x3e6bc9,0.333333,14,False,2,2
4481,0x857b13,1.000000,12,True,0,0
4482,0xbf7ba4,1.000000,16,True,0,0
4483,0x58a9bb,0.666667,13,False,1,1
4484,0x671c73,0.666667,13,False,1,1
4485,0x53a413,0.333333,10,False,2,2
4486,0xdf50d0,1.000000,12,True,0,0
4487,0x5e3a87,0.666667,13,False,1,1
4488,0x49a938,0.333333,10,False,2,2
4489,0xd030c2,1.000000,8,True,0,0
4490,0x5044e0,0.000000,7,False,1,3
4491,0x33bd51,0.666667,13,False,1,1
4492,0x9736a8,1.000000,12,True,0,0
4493,0x7b3894,1.000000,12,True,0,0
4494,0xe1f0e4,1.000000,12,True,0,0
4495,0xe0163b,0.000000,11,False,1,3
4496,0x515abb,0.666667,13,False,1,1
4497,0xbad234,1.000000,12,True,0,0
4498,0x6a5080,0.000000,7,False,1,3
4499,0x1fcaf4,0.333333,14,False,2,2
4500,0x6f6119,1.000000,12,True,0,0
4501,0x9a284c,0.666667,9,False,1,1
4502,0x2a3c7a,1.000000,12,True,0,0
4503,0x8d4da,0.333333,10,False,2,2
4504,0xf9a808,0.333333,10,False,2,2
4505,0x6fbd0e,0.000000,15,False,1,3
4506,0xf99ef7,0.333333,18,False,2,2
4507,0x734864,0.333333,10,False,2,2
4508,0xfd7deb,0.000000,19,False,3,3
4509,0x32f69,0.000000,11,False,1,3
4510,0x2d0c8e,0.333333,10,False,2,2
4511,0xb611f3,0.666667,13,False,1,1
4512,0x39401b,0.666667,9,False,1,1
4513,0x3d9ee2,0.333333,14,False,2,2
4514,0x9adbed,1.000000,16,True,0,0
4515,0x5b3892,0.000000,11,False,1,3
4516,0x39f5f8,0.000000,15,False,1,3
4517,0x2bd6c9,0.666667,13,False,1,1
4518,0xf9804d,0.000000,11,False,1,3
4519,0xcec62,0.333333,10,False,2,2
4520,0xb7de44,0.333333,14,False,2,2
4521,0x462583,0.666667,9,False,1,1
4522,0x2ce610,0.666667,9,False,1,1
4523,0xda8c7d,0.333333,14,False,2,2
4524,0x67459,0.333333,10,False,2,2
4525,0x8660d2,0.666667,9,False,1,1
4526,0x5a8c0e,0.333333,10,False,2,2
4527,0x370235,0.333333,10,False,2,2
4528,0x8db86,0.333333,10,False,2,2
4529,0x21b758,0.000000,11,False,1,3
4530,0xca6f81,1.000000,12,True,0,0
4531,0x41cc0d,0.666667,9,False,1,1
4532,0xc10f4,1.000000,8,True,0,0
4533,0x1c060,0.666667,5,False,3,1
4534,0x909396,0.333333,10,False,2,2
4535,0x20a729,0.666667,9,False,1,1
4536,0x6bde93,0.000000,15,False,1,3
4537,0x142a32,1.000000,8,True,0,0
4538,0xeef0fc,1.000000,16,True,0,0
4539,0x65b779,0.000000,15,False,1,3
4540,0xbe93e4,0.333333,14,False,2,2
4541,0xdef459,0.000000,15,False,1,3
4542,0xd2c5fd,0.000000,15,False,1,3
4543,0x1b6ef6,0.000000,15,False,1,3
4544,0xc0b86a,0.333333,10,False,2,2
4545,0xc7adfd,0.666667,17,False,1,1
4546,0xddf08b,0.333333,14,False,2,2
4547,0x1c0fba,1.000000,12,True,0,0
4548,0xb2354,0.666667,9,False,1,1
4549,0x51d42,1.000000,8,True,0,0
4550,0x78b257,0.666667,13,False,1,1
4551,0xa1d01d,0.333333,10,False,2,2
4552,0xa177b,1.000000,12,True,0,0
4553,0x313c8,1.000000,8,True,0,0
4554,0x84b7f3,0.333333,14,False,2,2
4555,0x41169e,0.333333,10,False,2,2
4556,0xa62b3e,0.666667,13,False,1,1
4557,0xa178ad,1.000000,12,True,0,0
4558,0xc2b57b,0.333333,14,False,2,2
4559,0x13e3f,1.000000,12,True,0,0
4560,0xa04f12,0.666667,9,False,1,1
4561,0x19b759,0.666667,13,False,1,1
4562,0xa7fcda,1.000000,16,True,0,0
4563,0xc5c0,0.333333,6,False,2,2
4564,0x55a415,0.333333,10,False,2,2
4565,0x11c6be,1.000000,12,True,0,0
4566,0xc6ab46,1.000000,12,True,0,0
4567,0x663fb8,0.333333,14,False,2,2
4568,0x4dcb20,0.333333,10,False,2,2
4569,0x3b4095,0.333333,10,False,2,2
4570,0xd1113,1.000000,8,True,0,0
4571,0x7a693d,0.333333,14,False,2,2
4572,0x78bd5a,0.333333,14,False,2,2
4573,0xaeaa12,0.000000,11,False,1,3
4574,0x2d06c9,0.333333,10,False,2,2
4575,0xaec012,0.666667,9,False,1,1
4576,0xda5167,0.666667,13,False,1,1
4577,0x943560,0.666667,9,False,1,1
4578,0x60e2b0,0.666667,9,False,1,1
4579,0x92f48a,0.000000,11,False,1,3
4580,0xdd17ea,0.000000,15,False,1,3
4581,0xd2025a,0.666667,9,False,1,1
4582,0xa87abf,0.000000,15,False,1,3
4583,0x591e22,0.333333,10,False,2,2
4584,0xb6c173,0.666667,13,False,1,1
4585,0x5aa8ba,1.000000,12,True,0,0
4586,0xf887f9,0.000000,15,False,1,3
4587,0x754519,0.000000,11,False,1,3
4588,0xd75c9,1.000000,12,True,0,0
4589,0xae3e3c,0.333333,14,False,2,2
4590,0xe6d997,0.000000,15,False,1,3
4591,0x6ebe4a,0.333333,14,False,2,2
4592,0xddac7,0.666667,13,False,1,1
4593,0x3cc5c4,0.000000,11,False,1,3
4594,0x6d652f,0.333333,14,False,2,2
4595,0x761c70,0.000000,11,False,1,3
4596,0x825b5c,0.000000,11,False,1,3
4597,0x3f9bb,0.333333,14,False,2,2
4598,0x7c6e18,1.000000,12,True,0,0
4599,0x4ef988,1.000000,12,True,0,0
4600,0xf2b403,0.000000,11,False,1,3
4601,0xcda883,0.000000,11,False,1,3
4602,0x330b37,1.000000,12,True,0,0
4603,0xe0cb6b,0.666667,13,False,1,1
4604,0xeb5c2d,0.333333,14,False,2,2
4605,0xa38d56,1.000000,12,True,0,0
4606,0x459ce7,0.666667,13,False,1,1
4607,0x4dbf42,0.666667,13,False,1,1
4608,0xe51c6a,1.000000,12,True,0,0
4609,0x6ad9a5,0.666667,13,False,1,1
4610,0xe303b0,0.333333,10,False,2,2
4611,0xd31aeb,0.333333,14,False,2,2
4612,0xbe3a2e,0.333333,14,False,2,2
4613,0x622d81,0.666667,9,False,1,1
4614,0x51bbf1,0.333333,14,False,2,2
4615,0x44b237,0.000000,11,False,1,3
4616,0x35c615,0.000000,11,False,1,3
4617,0xb2d0b6,1.000000,12,True,0,0
4618,0x5b5983,1.000000,12,True,0,0
4619,0x989802,0.000000,7,False,1,3
4620,0x9879e8,1.000000,12,True,0,0
4621,0x415714,0.666667,9,False,1,1
4622,0x6586ee,0.666667,13,False,1,1
4623,0x9badf3,1.000000,16,True,0,0
4624,0x5171ab,1.000000,12,True,0,0
4625,0x6ddbd6,1.000000,16,True,0,0
4626,0x65f8eb,0.000000,15,False,1,3
4627,0x32d9d1,1.000000,12,True,0,0
4628,0xe747e7,1.000000,16,True,0,0
4629,0x95efe0,0.333333,14,False,2,2
4630,0x44e69b,1.000000,12,True,0,0
4631,0xb510e0,0.666667,9,False,1,1
4632,0x189e4b,0.000000,11,False,1,3
4633,0xb3e0f4,0.666667,13,False,1,1
4634,0x3aba07,1.000000,12,True,0,0
4635,0x5d91c1,0.000000,11,False,1,3
4636,0x77a12e,0.666667,13,False,1,1
4637,0xe89fc8,0.666667,13,False,1,1
4638,0x4dcc27,1.000000,12,True,0,0
4639,0x6a8101,0.000000,7,False,1,3
4640,0x3408ea,0.666667,9,False,1,1
4641,0x1f9e4d,0.333333,14,False,2,2
4642,0x243e2c,0.333333,10,False,2,2
4643,0xeff62b,0.666667,17,False,1,1
4644,0x23837f,0.666667,13,False,1,1
4645,0x91b0b8,0.333333,10,False,2,2
4646,0x340b9a,0.333333,10,False,2,2
4647,0xe20450,0.000000,7,False,1,3
4648,0x57a5b8,0.666667,13,False,1,1
4649,0x53fc0b,0.666667,13,False,1,1
4650,0xae3b71,0.333333,14,False,2,2
4651,0x268f37,0.666667,13,False,1,1
4652,0xb3c961,1.000000,12,True,0,0
4653,0x69307a,0.000000,11,False,1,3
4654,0x85869a,0.333333,10,False,2,2
4655,0x2671ef,0.333333,14,False,2,2
4656,0xb66163,1.000000,12,True,0,0
4657,0x69737f,1.000000,16,True,0,0
4658,0x60290b,1.000000,8,True,0,0
4659,0xdb8f73,1.000000,16,True,0,0
4660,0xe76104,0.333333,10,False,2,2
4661,0x94c86f,1.000000,12,True,0,0
4662,0x29d6b4,1.000000,12,True,0,0
4663,0x75e24a,1.000000,12,True,0,0
4664,0x99e8c3,1.000000,12,True,0,0
4665,0x1ec200,0.000000,7,False,1,3
4666,0xdea9fb,0.666667,17,False,1,1
4667,0xad5320,0.333333,10,False,2,2
4668,0x482b03,1.000000,8,True,0,0
4669,0x8204f6,0.666667,9,False,1,1
4670,0x422f44,0.666667,9,False,1,1
4671,0xb4d901,0.333333,10,False,2,2
4672,0xabee1f,1.000000,16,True,0,0
4673,0x3c8ca7,1.000000,12,True,0,0
4674,0xc7c9b6,0.333333,14,False,2,2
4675,0x6be40,0.666667,9,False,1,1
4676,0x5a08ff,0.666667,13,False,1,1
4677,0xb1e568,1.000000,12,True,0,0
4678,0x20ed46,0.333333,10,False,2,2
4679,0x4141ad,0.666667,9,False,1,1
4680,0xeb8061,0.333333,10,False,2,2
4681,0xdbb7a6,1.000000,16,True,0,0
4682,0xff7b09,1.000000,16,True,0,0
4683,0x9782d7,0.666667,13,False,1,1
4684,0x3f53ed,1.000000,16,True,0,0
4685,0xb7847e,0.333333,14,False,2,2
4686,0x37a17d,0.333333,14,False,2,2
4687,0xe94ef3,0.000000,15,False,1,3
4688,0x2dad04,0.333333,10,False,2,2
4689,0xf29d4b,0.333333,14,False,2,2
4690,0xd8313c,0.000000,11,False,1,3
4691,0x30ffbb,1.000000,16,True,0,0
4692,0x9d2cba,0.666667,13,False,1,1
4693,0xae6f10,1.000000,12,True,0,0
4694,0xf1210f,0.000000,11,False,1,3
4695,0x21eb55,1.000000,12,True,0,0
4696,0xaedfed,0.333333,18,False,2,2
4697,0x48a29d,0.333333,10,False,2,2
4698,0xe8f51,0.000000,11,False,1,3
4699,0xf7b0e5,0.000000,15,False,1,3
4700,0x9ffabc,0.666667,17,False,1,1
4701,0x53b751,0.666667,13,False,1,1
4702,0x1c501b,0.666667,9,False,1,1
4703,0x4122a4,0.000000,7,False,1,3
4704,0x3b47eb,0.000000,15,False,1,3
4705,0xa4e9f4,0.666667,13,False,1,1
4706,0xbda86e,0.333333,14,False,2,2
4707,0x182c7a,0.333333,10,False,2,2
4708,0xe778e5,0.000000,15,False,1,3
4709,0x802a44,0.333333,6,False,2,2
4710,0xdd0819,0.333333,10,False,2,2
4711,0x8a2f58,0.000000,11,False,1,3
4712,0x6b290e,0.000000,11,False,1,3
4713,0x1d2c5b,1.000000,12,True,0,0
4714,0x9dc203,0.333333,10,False,2,2
4715,0x7bf3df,0.000000,19,False,3,3
4716,0x923492,0.666667,9,False,1,1
4717,0xfae631,0.333333,14,False,2,2
4718,0x5f3c9f,1.000000,16,True,0,0
4719,0x83c8e,0.666667,9,False,1,1
4720,0xfe40c0,0.333333,10,False,2,2
4721,0xbfd818,0.666667,13,False,1,1
4722,0x264576,0.000000,11,False,1,3
4723,0xf1ef4e,1.000000,16,True,0,0
4724,0x8cf407,0.000000,11,False,1,3
4725,0xa237fa,0.333333,14,False,2,2
4726,0x5fc616,0.666667,13,False,1,1
4727,0xad4666,1.000000,12,True,0,0
4728,0xfbc570,0.333333,14,False,2,2
4729,0xfd32fb,0.666667,17,False,1,1
4730,0xf793a9,0.000000,15,False,1,3
4731,0xdd33d5,0.000000,15,False,1,3
4732,0x15cf7f,1.000000,16,True,0,0
4733,0x8886f5,0.000000,11,False,1,3
4734,0x5db3,0.333333,10,False,2,2
4735,0xf66841,0.000000,11,False,1,3
4736,0xd71c5e,0.333333,14,False,2,2
4737,0xf578b,0.666667,13,False,1,1
4738,0xf49ae7,0.000000,15,False,1,3
4739,0x8031aa,1.000000,8,True,0,0
4740,0xf6114d,1.000000,12,True,0,0
4741,0xd8419c,0.333333,10,False,2,2
4742,0xbc9672,0.666667,13,False,1,1
4743,0x67197a,0.666667,13,False,1,1
4744,0xcc9a7d,0.333333,14,False,2,2
4745,0x637def,0.666667,17,False,1,1
4746,0x60b4d5,0.000000,11,False,1,3
4747,0x9a95d9,0.666667,13,False,1,1
4748,0x4a385b,0.000000,11,False,1,3
4749,0xec6234,0.000000,11,False,1,3
4750,0x77939c,0.333333,14,False,2,2
4751,0x1479b1,0.000000,11,False,1,3
4752,0x9600fd,0.000000,11,False,1,3
4753,0xb44fe7,0.000000,15,False,1,3
4754,0xe9efe4,1.000000,16,True,0,0
4755,0xc608b3,0.333333,10,False,2,2
4756,0x7b72bb,1.000000,16,True,0,0
4757,0x6340b5,0.333333,10,False,2,2
4758,0xea9187,1.000000,12,True,0,0
4759,0x1988a3,0.666667,9,False,1,1
4760,0xbfeafc,0.333333,18,False,2,2
4761,0xc0dbab,0.666667,13,False,1,1
4762,0xa93f85,0.666667,13,False,1,1
4763,0x7341d0,0.333333,10,False,2,2
4764,0xb10633,0.333333,10,False,2,2
4765,0x710697,0.000000,11,False,1,3
4766,0x6a054f,0.000000,11,False,1,3
4767,0xbf9a32,0.333333,14,False,2,2
4768,0xc151e2,0.333333,10,False,2,2
4769,0xbe13a,0.000000,11,False,1,3
4770,0x64fe77,1.000000,16,True,0,0
4771,0xc74adf,0.000000,15,False,1,3
4772,0x5ee7a7,1.000000,16,True,0,0
4773,0x41701c,1.000000,8,True,0,0
4774,0xe8b7df,0.666667,17,False,1,1
4775,0xdcd886,1.000000,12,True,0,0
4776,0x2c3806,1.000000,8,True,0,0
4777,0xa161af,1.000000,12,True,0,0
4778,0xcb796e,0.000000,15,False,1,3
4779,0x52d2d1,0.000000,11,False,1,3
4780,0xc3ac33,1.000000,12,True,0,0
4781,0xb532a1,0.000000,11,False,1,3
4782,0x79c640,0.333333,10,False,2,2
4783,0xde1040,1.000000,8,True,0,0
4784,0xfa9d65,0.000000,15,False,1,3
4785,0x86af3a,0.666667,13,False,1,1
4786,0xcfdd,1.000000,12,True,0,0
4787,0x112898,0.000000,7,False,1,3
4788,0xbe79ab,1.000000,16,True,0,0
4789,0x1e4a74,0.000000,11,False,1,3
4790,0xb2690a,0.333333,10,False,2,2
4791,0x8a2368,0.666667,9,False,1,1
4792,0xce6eb,0.666667,13,False,1,1
4793,0x5af96e,0.000000,15,False,1,3
4794,0xda83cc,1.000000,12,True,0,0
4795,0x3736e3,0.333333,14,False,2,2
4796,0x98b681,0.333333,10,False,2,2
4797,0xcbfa28,0.666667,13,False,1,1
4798,0x9a36c7,0.666667,13,False,1,1
4799,0xb2bbd3,0.000000,15,False,1,3
4800,0x2d64c3,0.000000,11,False,1,3
4801,0x3424b5,0.333333,10,False,2,2
4802,0xf73792,0.000000,15,False,1,3
4803,0x2751b4,0.000000,11,False,1,3
4804,0xe42219,0.666667,9,False,1,1
4805,0x249ad6,0.000000,11,False,1,3
4806,0x6aecc0,0.000000,11,False,1,3
4807,0xf27f5d,0.666667,17,False,1,1
4808,0x318113,1.000000,8,True,0,0
4809,0xc3f3ce,0.000000,15,False,1,3
4810,0xa9a160,0.666667,9,False,1,1
4811,0xd5d191,1.000000,12,True,0,0
4812,0x538837,0.000000,11,False,1,3
4813,0x1f9ed9,0.000000,15,False,1,3
4814,0x7b580c,0.000000,11,False,1,3
4815,0x9e767c,0.000000,15,False,1,3
4816,0x53e4c0,0.333333,10,False,2,2
4817,0x4ab619,0.000000,11,False,1,3
4818,0xc231e1,0.333333,10,False,2,2
4819,0xac72e5,0.666667,13,False,1,1
4820,0x127f18,0.000000,11,False,1,3
4821,0x586cb8,0.000000,11,False,1,3
4822,0x2dc5ae,0.666667,13,False,1,1
4823,0xf79d2,0.666667,13,False,1,1
4824,0xefe970,0.000000,15,False,1,3
4825,0xeceb3b,1.000000,16,True,0,0
4826,0xb23a4a,0.000000,11,False,1,3
4827,0xa494f6,1.000000,12,True,0,0
4828,0xfdaf00,0.666667,13,False,1,1
4829,0x25482,0.333333,6,False,2,2
4830,0x9372c6,1.000000,12,True,0,0
4831,0x944928,1.000000,8,True,0,0
4832,0x30760b,0.333333,10,False,2,2
4833,0x3563a,0.333333,10,False,2,2
4834,0xe48cb8,0.000000,11,False,1,3
4835,0x61bb2d,0.666667,13,False,1,1
4836,0xbfd374,1.000000,16,True,0,0
4837,0xcc186f,1.000000,12,True,0,0
4838,0xf845b0,0.000000,11,False,1,3
4839,0x73bb87,0.000000,15,False,1,3
4840,0xb87aff,0.666667,17,False,1,1
4841,0xe3eae7,1.000000,16,True,0,0
4842,0x473f8d,0.333333,14,False,2,2
4843,0x3519fe,0.333333,14,False,2,2
4844,0x670d10,0.666667,9,False,1,1
4845,0xad5448,0.333333,10,False,2,2
4846,0x3f5aaf,1.000000,16,True,0,0
4847,0x909b0a,0.666667,9,False,1,1
4848,0x11482a,0.000000,7,False,1,3
4849,0x1560ea,0.333333,10,False,2,2
4850,0x5c68df,0.333333,14,False,2,2
4851,0x9223e,0.666667,9,False,1,1
4852,0x1c4d19,0.333333,10,False,2,2
4853,0x986924,0.666667,9,False,1,1
4854,0xf886ec,0.666667,13,False,1,1
4855,0x92a76c,1.000000,12,True,0,0
4856,0xb94bd,1.000000,12,True,0,0
4857,0xb5f1cc,0.333333,14,False,2,2
4858,0xb0c500,0.000000,7,False,1,3
4859,0xa0144d,1.000000,8,True,0,0
4860,0xc8c8eb,1.000000,12,True,0,0
4861,0xd0d9f4,0.666667,13,False,1,1
4862,0x2d9c90,0.333333,10,False,2,2
4863,0xafb5a1,0.333333,14,False,2,2
4864,0x736ba7,0.000000,15,False,1,3
4865,0x57f30e,0.333333,14,False,2,2
4866,0x59438f,1.000000,12,True,0,0
4867,0x40a559,0.666667,9,False,1,1
4868,0xa3f692,0.666667,13,False,1,1
4869,0xc45347,0.000000,11,False,1,3
4870,0xe54edb,0.000000,15,False,1,3
4871,0x517ebf,1.000000,16,True,0,0
4872,0x150994,1.000000,8,True,0,0
4873,0x99a38,0.666667,9,False,1,1
4874,0x89b227,0.000000,11,False,1,3
4875,0x85d8a6,0.000000,11,False,1,3
4876,0xb7aba3,0.000000,15,False,1,3
4877,0xaedcae,0.000000,15,False,1,3
4878,0x5f4f40,1.000000,12,True,0,0
4879,0x436dbd,0.333333,14,False,2,2
4880,0x4da3df,0.000000,15,False,1,3
4881,0x42e23a,0.333333,10,False,2,2
4882,0x20ba21,1.000000,8,True,0,0
4883,0x870b20,1.000000,8,True,0,0
4884,0xe60a34,0.333333,10,False,2,2
4885,0x8af6e8,0.666667,13,False,1,1
4886,0x429143,1.000000,8,True,0,0
4887,0x7f16e3,0.000000,15,False,1,3
4888,0xd8406,0.000000,7,False,1,3
4889,0x9fe4b2,0.333333,14,False,2,2
4890,0xb98153,0.000000,11,False,1,3
4891,0xd38062,0.666667,9,False,1,1
4892,0x410120,1.000000,4,False,4,0
4893,0x5c313d,1.000000,12,True,0,0
4894,0x43de9c,0.666667,13,False,1,1
4895,0xfb28df,1.000000,16,True,0,0
4896,0xd03a81,0.666667,9,False,1,1
4897,0xa31aa,0.666667,9,False,1,1
4898,0x5793f9,0.000000,15,False,1,3
4899,0xcfc85f,0.000000,15,False,1,3
4900,0xadb34c,0.666667,13,False,1,1
4901,0x6d820f,0.000000,11,False,1,3
4902,0x1f9147,1.000000,12,True,0,0
4903,0x326ff9,0.000000,15,False,1,3
4904,0x49e540,0.666667,9,False,1,1
4905,0x1a6dc3,1.000000,12,True,0,0
4906,0x84214e,1.000000,8,True,0,0
4907,0xfc933c,0.333333,14,False,2,2
4908,0xda2e6c,0.666667,13,False,1,1
4909,0xa0d144,1.000000,8,True,0,0
4910,0x83f6c4,1.000000,12,True,0,0
4911,0xc2ead,0.000000,11,False,1,3
4912,0x7291b,0.333333,10,False,2,2
4913,0xa6eaa2,1.000000,12,True,0,0
4914,0x5cb350,0.000000,11,False,1,3
4915,0x330492,1.000000,8,True,0,0
4916,0xaaacf6,0.333333,14,False,2,2
4917,0xdd661f,0.000000,15,False,1,3
4918,0xf286d0,0.000000,11,False,1,3
4919,0xa1d6d1,1.000000,12,True,0,0
4920,0x9b7be7,0.666667,17,False,1,1
4921,0xb8640f,0.000000,11,False,1,3
4922,0x337a4f,0.333333,14,False,2,2
4923,0x1433ea,0.000000,11,False,1,3
4924,0x78041e,0.666667,9,False,1,1
4925,0xc67d76,0.000000,15,False,1,3
4926,0x1d17fa,0.333333,14,False,2,2
4927,0x5492e8,0.333333,10,False,2,2
4928,0xa3a7bc,0.333333,14,False,2,2
4929,0xbe07df,1.000000,16,True,0,0
4930,0xf0acc4,0.000000,11,False,1,3
4931,0xc7da19,0.666667,13,False,1,1
4932,0xb5cbe8,0.333333,14,False,2,2
4933,0xb262ad,1.000000,12,True,0,0
4934,0x40b875,0.333333,10,False,2,2
4935,0xf5d236,0.333333,14,False,2,2
4936,0x598ef5,0.333333,14,False,2,2
4937,0x1620f0,1.000000,8,True,0,0
4938,0x8045bc,0.666667,9,False,1,1
4939,0x499f41,0.000000,11,False,1,3
4940,0x9f2a25,1.000000,12,True,0,0
4941,0x1b119a,0.333333,10,False,2,2
4942,0xa20636,0.666667,9,False,1,1
4943,0xc66bb1,0.666667,13,False,1,1
4944,0x12a2ec,0.333333,10,False,2,2
4945,0x32e75c,0.666667,13,False,1,1
4946,0x16cb2f,0.666667,13,False,1,1
4947,0xb2f587,0.333333,14,False,2,2
4948,0xad9c51,1.000000,12,True,0,0
4949,0xe217a8,0.000000,11,False,1,3
4950,0xe8c419,0.333333,10,False,2,2
4951,0x3672d7,0.333333,14,False,2,2
4952,0x21208a,0.333333,6,False,2,2
4953,0x5ec6c7,0.333333,14,False,2,2
4954,0xd380e3,0.000000,11,False,1,3
4955,0xef1779,1.000000,16,True,0,0
4956,0x70c80d,0.666667,9,False,1,1
4957,0x9f472,0.000000,11,False,1,3
4958,0x9dc5ef,1.000000,16,True,0,0
4959,0xe72d88,1.000000,12,True,0,0
4960,0x2fa0f3,0.666667,13,False,1,1
4961,0xb69762,0.666667,13,False,1,1
4962,0x5bd42c,1.000000,12,True,0,0
4963,0xaa6fe8,0.333333,14,False,2,2
4964,0x8f6dbe,1.000000,16,True,0,0
4965,0x716db7,0.000000,15,False,1,3
4966,0xfb4f08,0.666667,13,False,1,1
4967,0xbfdf9a,0.333333,18,False,2,2
4968,0x516172,0.333333,10,False,2,2
4969,0x7b1dda,0.000000,15,False,1,3
4970,0x3c2a86,0.333333,10,False,2,2
4971,0x2550be,0.000000,11,False,1,3
4972,0x3ffa5e,0.666667,17,False,1,1
4973,0xb21a71,0.000000,11,False,1,3
4974,0x215e96,0.000000,11,False,1,3
4975,0x8e2d63,1.000000,12,True,0,0
4976,0xc0e8ac,0.333333,10,False,2,2
4977,0xbcbde,0.333333,14,False,2,2
4978,0x6e8f3,1.000000,12,True,0,0
4979,0x4cc156,0.333333,10,False,2,2
4980,0x399526,0.000000,11,False,1,3
4981,0x65089f,0.000000,11,False,1,3
4982,0x1315ab,0.000000,11,False,1,3
4983,0x611509,1.000000,8,True,0,0
4984,0x337a8e,0.666667,13,False,1,1
4985,0xa7fff3,0.000000,19,False,3,3
4986,0x9a3426,0.333333,10,False,2,2
4987,0x24dc58,0.333333,10,False,2,2
4988,0xf5e275,0.000000,15,False,1,3
4989,0x7655da,0.333333,14,False,2,2
4990,0x874ea4,0.000000,11,False,1,3
4991,0xc8a342,0.666667,9,False,1,1
4992,0x7cf995,0.000000,15,False,1,3
4993,0x28eaa9,0.000000,11,False,1,3
4994,0x8200e6,0.000000,7,False,1,3
4995,0xb62dc3,0.666667,13,False,1,1
4996,0xb641a4,0.333333,10,False,2,2
4997,0x7f254d,0.333333,14,False,2,2
4998,0x130e35,0.333333,10,False,2,2
4999,0xe5e18,0.333333,10,False,2,2
5000,0x747c17,0.666667,13,False,1,1
5001,0x2a4327,0.333333,10,False,2,2
5002,0x4332dc,0.000000,11,False,1,3
5003,0x3e17d1,0.666667,13,False,1,1
5004,0x27d2d7,0.333333,14,False,2,2
5005,0x21b6b2,0.000000,11,False,1,3
5006,0x58949f,1.000000,12,True,0,0
5007,0x96d921,0.000000,11,False,1,3
5008,0xb05000,0.666667,5,False,3,1
5009,0x25485c,0.666667,9,False,1,1
5010,0x1c9214,1.000000,8,True,0,0
5011,0x153d66,1.000000,12,True,0,0
5012,0x58b62c,0.000000,11,False,1,3
5013,0x6def78,1.000000,16,True,0,0
5014,0xa96e9e,0.333333,14,False,2,2
5015,0x4c03ba,0.333333,10,False,2,2
5016,0xe3b007,0.000000,11,False,1,3
5017,0xa2a23c,0.333333,10,False,2,2
5018,0x127d04,0.666667,9,False,1,1
5019,0x7cffda,0.333333,18,False,2,2
5020,0x2a2988,1.000000,8,True,0,0
5021,0xeb34f6,0.000000,15,False,1,3
5022,0x176255,0.000000,11,False,1,3
5023,0x9d45b7,0.333333,14,False,2,2
5024,0xf82814,0.666667,9,False,1,1
5025,0x4faf46,0.333333,14,False,2,2
5026,0x784270,0.666667,9,False,1,1
5027,0x3cbb17,0.333333,14,False,2,2
5028,0x33eb1a,0.666667,13,False,1,1
5029,0x31562b,0.000000,11,False,1,3
5030,0x904e51,0.666667,9,False,1,1
5031,0xa48fbc,0.666667,13,False,1,1
5032,0xa87f0,0.333333,10,False,2,2
5033,0x2c7d28,0.000000,11,False,1,3
5034,0x897c06,0.333333,10,False,2,2
5035,0x25fcd9,0.333333,14,False,2,2
5036,0x99da1d,0.666667,13,False,1,1
5037,0x8f24b1,0.000000,11,False,1,3
5038,0x39810e,0.666667,9,False,1,1
5039,0x6b52d8,1.000000,12,True,0,0
5040,0xab484d,0.000000,11,False,1,3
5041,0x1a5e9a,1.000000,12,True,0,0
5042,0xd06876,0.000000,11,False,1,3
5043,0x8587a0,0.666667,9,False,1,1
5044,0x7d721a,0.666667,13,False,1,1
5045,0x80a625,1.000000,8,True,0,0
5046,0x146856,0.666667,9,False,1,1
5047,0xa8f9bf,1.000000,16,True,0,0
5048,0x6d5d8a,0.666667,13,False,1,1
5049,0xafa40f,0.666667,13,False,1,1
5050,0x4bd8a3,1.000000,12,True,0,0
5051,0xf4489b,1.000000,12,True,0,0
5052,0xf286c8,0.000000,11,False,1,3
5053,0xabfd70,0.000000,15,False,1,3
5054,0x1e65bc,0.666667,13,False,1,1
5055,0x7af984,0.666667,13,False,1,1
5056,0xd39a90,0.000000,11,False,1,3
5057,0x7d985f,0.000000,15,False,1,3
5058,0x93f063,1.000000,12,True,0,0
5059,0x5e890d,0.000000,11,False,1,3
5060,0xd284b7,1.000000,12,True,0,0
5061,0xa792a7,0.666667,13,False,1,1
5062,0xfb44ca,0.666667,13,False,1,1
5063,0x885fb4,1.000000,12,True,0,0
5064,0x365316,0.000000,11,False,1,3
5065,0x26039e,0.333333,10,False,2,2
5066,0x8c3b53,1.000000,12,True,0,0
5067,0xce0bbc,0.666667,13,False,1,1
5068,0x1ea504,0.666667,9,False,1,1
5069,0xb7daa7,1.000000,16,True,0,0
5070,0xaf286e,0.666667,13,False,1,1
5071,0xff5e00,0.666667,13,False,1,1
5072,0x4f45ad,0.666667,13,False,1,1
5073,0x3d4834,0.333333,10,False,2,2
5074,0xce64a3,1.000000,12,True,0,0
5075,0x4f0aa8,0.333333,10,False,2,2
5076,0xbc87b2,0.666667,13,False,1,1
5077,0x82d276,0.000000,11,False,1,3
5078,0xef7ded,0.000000,19,False,3,3
5079,0x348d77,0.666667,13,False,1,1
5080,0xd1bce1,0.666667,13,False,1,1
5081,0xb8e179,0.666667,13,False,1,1
5082,0x517748,0.000000,11,False,1,3
5083,0xe37d79,1.000000,16,True,0,0
5084,0x91f7b,0.666667,13,False,1,1
5085,0x9cf570,0.666667,13,False,1,1
5086,0x2f8364,0.000000,11,False,1,3
5087,0xa3a200,0.000000,7,False,1,3
5088,0x4bf85e,0.333333,14,False,2,2
5089,0x724f15,1.000000,12,True,0,0
5090,0x741fd3,0.333333,14,False,2,2
5091,0xee69ee,1.000000,16,True,0,0
5092,0xfb11c8,1.000000,12,True,0,0
5093,0xa984c8,0.666667,9,False,1,1
5094,0x93bc5f,0.000000,15,False,1,3
5095,0x9c17a7,0.666667,13,False,1,1
5096,0xf43b79,0.000000,15,False,1,3
5097,0x14bb19,0.000000,11,False,1,3
5098,0x37dea5,0.000000,15,False,1,3
5099,0x1590fd,1.000000,12,True,0,0
5100,0x7eaf60,0.333333,14,False,2,2
5101,0xa5ec94,1.000000,12,True,0,0
5102,0x723fb4,0.333333,14,False,2,2
5103,0x6a0743,0.333333,10,False,2,2
5104,0x21a92a,0.666667,9,False,1,1
5105,0xb3ba9c,0.333333,14,False,2,2
5106,0x8dd018,0.666667,9,False,1,1
5107,0x3b77a,0.666667,13,False,1,1
5108,0xad5482,0.333333,10,False,2,2
5109,0x79237c,0.666667,13,False,1,1
5110,0x25f650,0.000000,11,False,1,3
5111,0xd5177,1.000000,12,True,0,0
5112,0xb4e1c6,1.000000,12,True,0,0
5113,0x285e47,0.000000,11,False,1,3
5114,0x24ec6d,1.000000,12,True,0,0
5115,0xc03b5,0.666667,9,False,1,1
5116,0xb9ed06,0.666667,13,False,1,1
5117,0xa11616,0.666667,9,False,1,1
5118,0xd523ad,0.666667,13,False,1,1
5119,0x203874,1.000000,8,True,0,0
5120,0x116298,1.000000,8,True,0,0
5121,0xdab1ff,0.666667,17,False,1,1
5122,0x8ade72,0.666667,13,False,1,1
5123,0x1ef524,1.000000,12,True,0,0
5124,0x276e70,1.000000,12,True,0,0
5125,0x4e9105,0.666667,9,False,1,1
5126,0x754568,0.000000,11,False,1,3
5127,0x99d096,0.000000,11,False,1,3
5128,0x73857e,0.333333,14,False,2,2
5129,0x5615be,0.666667,13,False,1,1
5130,0x55fde2,0.000000,15,False,1,3
5131,0x856960,0.666667,9,False,1,1
5132,0x7896e4,1.000000,12,True,0,0
5133,0x42c004,0.666667,5,False,3,1
5134,0xd50345,0.333333,10,False,2,2
5135,0x3ee071,1.000000,12,True,0,0
5136,0x5b6f20,1.000000,12,True,0,0
5137,0x8360ef,1.000000,12,True,0,0
5138,0x709a41,0.666667,9,False,1,1
5139,0x6a3ebb,0.000000,15,False,1,3
5140,0xb1aa1f,0.666667,13,False,1,1
5141,0x24714c,0.666667,9,False,1,1
5142,0x829bdf,0.333333,14,False,2,2
5143,0x1f747a,0.333333,14,False,2,2
5144,0xaf26a0,0.000000,11,False,1,3
5145,0xa81f9c,1.000000,12,True,0,0
5146,0xa3d2e9,0.666667,13,False,1,1
5147,0xb75685,0.666667,13,False,1,1
5148,0xd1ef,0.000000,11,False,1,3
5149,0x9b440c,0.666667,9,False,1,1
5150,0x4add6f,0.000000,15,False,1,3
5151,0x16c391,0.333333,10,False,2,2
5152,0xbd7fc4,1.000000,16,True,0,0
5153,0xc95c51,0.000000,11,False,1,3
5154,0x5c7844,0.333333,10,False,2,2
5155,0x50fc84,0.333333,10,False,2,2
5156,0x361cd0,0.333333,10,False,2,2
5157,0x77d585,0.333333,14,False,2,2
5158,0x2d3047,0.333333,10,False,2,2
5159,0x90d0ad,0.333333,10,False,2,2
5160,0x10f389,0.333333,10,False,2,2
5161,0x40627d,0.333333,10,False,2,2
5162,0x24a0d,0.000000,7,False,1,3
5163,0x14dc20,1.000000,8,True,0,0
5164,0x1fcab9,0.333333,14,False,2,2
5165,0xa22ae0,0.666667,9,False,1,1
5166,0xa6855e,1.000000,12,True,0,0
5167,0x2076cc,0.333333,10,False,2,2
5168,0x22225,0.333333,6,False,2,2
5169,0x171406,1.000000,8,True,0,0
5170,0x42072,0.333333,6,False,2,2
5171,0xac128d,0.333333,10,False,2,2
5172,0xd1217a,0.000000,11,False,1,3
5173,0xc3bf82,0.666667,13,False,1,1
5174,0x6d2d35,0.666667,13,False,1,1
5175,0x34997b,0.666667,13,False,1,1
5176,0x99ebf4,0.000000,15,False,1,3
5177,0x13f4d7,0.333333,14,False,2,2
5178,0x55b083,0.333333,10,False,2,2
5179,0xe6575f,1.000000,16,True,0,0
5180,0x955abd,0.333333,14,False,2,2
5181,0x61e0b8,0.333333,10,False,2,2
5182,0xbd28c4,0.000000,11,False,1,3
5183,0x846e15,0.333333,10,False,2,2
5184,0x3bf243,0.666667,13,False,1,1
5185,0xe7fbc8,1.000000,16,True,0,0
5186,0x23baaf,0.333333,14,False,2,2
5187,0x86b9ca,1.000000,12,True,0,0
5188,0x4d49ef,0.333333,14,False,2,2
5189,0x2cea83,0.000000,11,False,1,3
5190,0x6120fc,0.333333,10,False,2,2
5191,0xa96c24,0.333333,10,False,2,2
5192,0xe5f78b,1.000000,16,True,0,0
5193,0x92362b,0.000000,11,False,1,3
5194,0x9c4825,0.666667,9,False,1,1
5195,0x34cab9,1.000000,12,True,0,0
5196,0xfde176,1.000000,16,True,0,0
5197,0x5a571a,1.000000,12,True,0,0
5198,0x61bfd0,0.666667,13,False,1,1
5199,0x9e5c84,0.000000,11,False,1,3
5200,0xe0efb0,0.666667,13,False,1,1
5201,0xf90bb3,0.333333,14,False,2,2
5202,0xe0af86,1.000000,12,True,0,0
5203,0xc3f564,0.666667,13,False,1,1
5204,0x7fcf4a,1.000000,16,True,0,0
5205,0x373384,0.000000,11,False,1,3
5206,0x35d2f8,0.666667,13,False,1,1
5207,0x744226,0.666667,9,False,1,1
5208,0x1ae97d,0.333333,14,False,2,2
5209,0xe4c4c4,0.333333,10,False,2,2
5210,0x360595,0.333333,10,False,2,2
5211,0xd6f297,0.000000,15,False,1,3
5212,0x45e72f,0.333333,14,False,2,2
5213,0x8403a8,0.000000,7,False,1,3
5214,0xa6ae98,1.000000,12,True,0,0
5215,0xc2dc82,0.333333,10,False,2,2
5216,0xd49055,0.333333,10,False,2,2
5217,0xca22f6,1.000000,12,True,0,0
5218,0x36501a,0.666667,9,False,1,1
5219,0xaf03a3,1.000000,12,True,0,0
5220,0xc188d,1.000000,8,True,0,0
5221,0x268ce3,0.000000,11,False,1,3
5222,0x3f018e,0.000000,11,False,1,3
5223,0xe15725,1.000000,12,True,0,0
5224,0x5ec4cd,0.666667,13,False,1,1
5225,0x64979b,0.666667,13,False,1,1
5226,0x1c88bf,1.000000,12,True,0,0
5227,0x345ca4,0.333333,10,False,2,2
5228,0xf28e01,0.333333,10,False,2,2
5229,0x2e7cc2,1.000000,12,True,0,0
5230,0x7af41e,0.333333,14,False,2,2
5231,0x3d8d4b,0.666667,13,False,1,1
5232,0x56df1d,0.000000,15,False,1,3
5233,0xa43f74,0.666667,13,False,1,1
5234,0x38e83a,0.000000,11,False,1,3
5235,0xfd9cd5,1.000000,16,True,0,0
5236,0x76e8fc,0.000000,15,False,1,3
5237,0xe11686,0.333333,10,False,2,2
5238,0xd8aed,1.000000,12,True,0,0
5239,0xa0b194,0.666667,9,False,1,1
5240,0x1a3a2f,1.000000,12,True,0,0
5241,0xbc9d99,0.333333,14,False,2,2
5242,0x56c8c7,1.000000,12,True,0,0
5243,0x5ddb20,1.000000,12,True,0,0
5244,0x8fdad0,0.666667,13,False,1,1
5245,0x734d39,0.666667,13,False,1,1
5246,0x68da87,1.000000,12,True,0,0
5247,0x31053b,0.333333,10,False,2,2
5248,0xe05636,0.000000,11,False,1,3
5249,0x18ffc8,0.666667,13,False,1,1
5250,0xe1750d,1.000000,12,True,0,0
5251,0xbdfca1,0.000000,15,False,1,3
5252,0xe45747,0.666667,13,False,1,1
5253,0xc414f3,0.000000,11,False,1,3
5254,0x4716ef,0.333333,14,False,2,2
5255,0x9de7d,0.333333,14,False,2,2
5256,0x10e152,1.000000,8,True,0,0
5257,0xb0bab0,0.000000,11,False,1,3
5258,0x277355,0.666667,13,False,1,1
5259,0xcd79b,0.666667,13,False,1,1
5260,0x931f3d,0.333333,14,False,2,2
5261,0x7482e,0.666667,9,False,1,1
5262,0xb09954,0.333333,10,False,2,2
5263,0x522c0f,0.333333,10,False,2,2
5264,0x1f06ec,1.000000,12,True,0,0
5265,0x55a24f,1.000000,12,True,0,0
5266,0x1f0fd3,0.333333,14,False,2,2
5267,0x12db3,0.333333,10,False,2,2
5268,0xb0b4ea,1.000000,12,True,0,0
5269,0xd9653d,0.333333,14,False,2,2
5270,0x64d843,0.333333,10,False,2,2
5271,0xa39bad,0.333333,14,False,2,2
5272,0x8773d3,0.333333,14,False,2,2
5273,0x1ea92a,0.000000,11,False,1,3
5274,0x317dc1,1.000000,12,True,0,0
5275,0xc701b,0.666667,9,False,1,1
5276,0x73c624,0.000000,11,False,1,3
5277,0x4b18be,1.000000,12,True,0,0
5278,0xa3f4ca,0.666667,13,False,1,1
5279,0xcfc8b3,0.333333,14,False,2,2
5280,0xd216d2,0.000000,11,False,1,3
5281,0xfc08dc,1.000000,12,True,0,0
5282,0xbe96e3,0.000000,15,False,1,3
5283,0xf39ce4,0.333333,14,False,2,2
5284,0x7a0eb6,0.666667,13,False,1,1
5285,0x17f9e9,0.000000,15,False,1,3
5286,0x128e75,0.000000,11,False,1,3
5287,0x673e20,0.000000,11,False,1,3
5288,0x7b50ab,0.666667,13,False,1,1
5289,0x33274b,1.000000,12,True,0,0
5290,0x577fcb,0.666667,17,False,1,1
5291,0x1c4d37,1.000000,12,True,0,0
5292,0xcfa95c,0.333333,14,False,2,2
5293,0x9ed34b,0.333333,14,False,2,2
5294,0x71ee1c,0.666667,13,False,1,1
5295,0xeff57a,0.333333,18,False,2,2
5296,0x886444,0.000000,7,False,1,3
5297,0x373109,0.333333,10,False,2,2
5298,0x654a11,0.666667,9,False,1,1
5299,0x692d2d,1.000000,12,True,0,0
5300,0x72505e,0.000000,11,False,1,3
5301,0x75370b,0.666667,13,False,1,1
5302,0x1b8251,0.666667,9,False,1,1
5303,0x19095c,0.666667,9,False,1,1
5304,0x5272ad,1.000000,12,True,0,0
5305,0xe68b97,0.333333,14,False,2,2
5306,0xe8893a,0.000000,11,False,1,3
5307,0x1065b9,0.333333,10,False,2,2
5308,0x35c679,0.666667,13,False,1,1
5309,0xfcdbf1,0.666667,17,False,1,1
5310,0x1ee9a6,0.666667,13,False,1,1
5311,0x9408c8,0.000000,7,False,1,3
5312,0x3485cf,1.000000,12,True,0,0
5313,0x2806f1,0.666667,9,False,1,1
5314,0x408065,0.333333,6,False,2,2
5315,0x8fb824,0.000000,11,False,1,3
5316,0x7cc297,0.666667,13,False,1,1
5317,0x5cbebf,0.666667,17,False,1,1
5318,0x9ba393,0.666667,13,False,1,1
5319,0x6e6cdd,0.000000,15,False,1,3
5320,0x11091,0.666667,5,False,3,1
5321,0x416615,0.666667,9,False,1,1
5322,0x100ee4,1.000000,8,True,0,0
5323,0x100be6,0.666667,9,False,1,1
5324,0xcf259e,0.333333,14,False,2,2
5325,0xad0b4f,0.666667,13,False,1,1
5326,0x6bdf1a,0.000000,15,False,1,3
5327,0x643824,1.000000,8,True,0,0
5328,0xd1635b,0.666667,13,False,1,1
5329,0x91cdcd,0.666667,13,False,1,1
5330,0x458822,0.000000,7,False,1,3
5331,0xa3b939,0.666667,13,False,1,1
5332,0xea10ca,0.333333,10,False,2,2
5333,0xca92e6,1.000000,12,True,0,0
5334,0x4d0449,1.000000,8,True,0,0
5335,0xc071f4,0.000000,11,False,1,3
5336,0x9f791f,1.000000,16,True,0,0
5337,0xfb1adc,0.000000,15,False,1,3
5338,0xd3a8a8,0.000000,11,False,1,3
5339,0x14f1bf,0.333333,14,False,2,2
5340,0x6994dd,0.666667,13,False,1,1
5341,0x5e5b19,0.666667,13,False,1,1
5342,0x34510c,1.000000,8,True,0,0
5343,0x9649f1,1.000000,12,True,0,0
5344,0x6082d5,0.666667,9,False,1,1
5345,0x48dec5,1.000000,12,True,0,0
5346,0xfd9daf,0.333333,18,False,2,2
5347,0x8e24d3,0.000000,11,False,1,3
5348,0x7c7039,1.000000,12,True,0,0
5349,0x6d2e2,0.333333,10,False,2,2
5350,0xd71417,1.000000,12,True,0,0
5351,0x9b4425,0.333333,10,False,2,2
5352,0x5fdc89,0.333333,14,False,2,2
5353,0x3df8a,1.000000,12,True,0,0
5354,0xa31f40,0.333333,10,False,2,2
5355,0xde221a,0.000000,11,False,1,3
5356,0x506faa,1.000000,12,True,0,0
5357,0x78f781,0.666667,13,False,1,1
5358,0x365462,0.333333,10,False,2,2
5359,0x77f0eb,1.000000,16,True,0,0
5360,0x863995,0.000000,11,False,1,3
5361,0x616c6,0.666667,9,False,1,1
5362,0x787cb3,0.333333,14,False,2,2
5363,0xfdf49,0.333333,14,False,2,2
5364,0x42f56d,0.666667,13,False,1,1
5365,0x315e9a,1.000000,12,True,0,0
5366,0x8d4098,1.000000,8,True,0,0
5367,0x3419e7,1.000000,12,True,0,0
5368,0xb87043,0.333333,10,False,2,2
5369,0x90fab4,1.000000,12,True,0,0
5370,0xefb49d,1.000000,16,True,0,0
5371,0xe55cf4,0.333333,14,False,2,2
5372,0x705f2d,0.666667,13,False,1,1
5373,0x7707ea,0.333333,14,False,2,2
5374,0xefcdcc,1.000000,16,True,0,0
5375,0xb30734,0.000000,11,False,1,3
5376,0x79c383,1.000000,12,True,0,0
5377,0x9fcb78,0.000000,15,False,1,3
5378,0xa12090,0.333333,6,False,2,2
5379,0x1aa018,0.000000,7,False,1,3
5380,0x6dade1,0.333333,14,False,2,2
5381,0x7107f5,0.666667,13,False,1,1
5382,0x7a56cd,0.333333,14,False,2,2
5383,0xe777e0,0.000000,15,False,1,3
5384,0x97fe6c,1.000000,16,True,0,0
5385,0x6f2b7b,1.000000,16,True,0,0
5386,0x9d4ed5,0.333333,14,False,2,2
5387,0xca1286,0.666667,9,False,1,1
5388,0xe5b1f1,0.333333,14,False,2,2
5389,0x50ce97,1.000000,12,True,0,0
5390,0xbf738f,0.666667,17,False,1,1
5391,0xe47b73,0.000000,15,False,1,3
5392,0x98319c,0.333333,10,False,2,2
5393,0x13b6,1.000000,8,True,0,0
5394,0xbc1e77,0.000000,15,False,1,3
5395,0x96de11,1.000000,12,True,0,0
5396,0xd57cae,0.000000,15,False,1,3
5397,0x449f4a,0.000000,11,False,1,3
5398,0xdd3be4,0.000000,15,False,1,3
5399,0x795694,1.000000,12,True,0,0
5400,0x9632a9,0.000000,11,False,1,3
5401,0x68f195,1.000000,12,True,0,0
5402,0xece2f1,0.333333,14,False,2,2
5403,0x57d779,1.000000,16,True,0,0
5404,0x86d135,0.000000,11,False,1,3
5405,0xa33f82,1.000000,12,True,0,0
5406,0xd5e364,0.666667,13,False,1,1
5407,0x591925,0.333333,10,False,2,2
5408,0x78a229,0.333333,10,False,2,2
5409,0x70c465,0.333333,10,False,2,2
5410,0xcc32ee,0.666667,13,False,1,1
5411,0x8934cd,0.000000,11,False,1,3
5412,0x8473be,0.666667,13,False,1,1
5413,0x9f71e4,0.333333,14,False,2,2
5414,0x9b37f3,1.000000,16,True,0,0
5415,0xa6b1a,0.333333,10,False,2,2
5416,0xe964f4,0.666667,13,False,1,1
5417,0x710726,0.333333,10,False,2,2
5418,0xfb20f,1.000000,12,True,0,0
5419,0x739399,0.666667,13,False,1,1
5420,0xe56245,0.000000,11,False,1,3
5421,0x11457c,0.333333,10,False,2,2
5422,0xedff1e,0.333333,18,False,2,2
5423,0x6f6542,1.000000,12,True,0,0
5424,0x4302a0,0.333333,6,False,2,2
5425,0x1e2e3b,0.666667,13,False,1,1
5426,0xfc0919,0.000000,11,False,1,3
5427,0xb9d7a3,0.000000,15,False,1,3
5428,0x550789,0.333333,10,False,2,2
5429,0x9dce87,0.333333,14,False,2,2
5430,0xea5e80,0.000000,11,False,1,3
5431,0xf6b846,0.666667,13,False,1,1
5432,0x3b292a,0.000000,11,False,1,3
5433,0x21de84,0.333333,10,False,2,2
5434,0xdc189f,0.666667,13,False,1,1
5435,0x5c617d,0.666667,13,False,1,1
5436,0x50a336,0.333333,10,False,2,2
5437,0x99a719,1.000000,12,True,0,0
5438,0x2665c7,1.000000,12,True,0,0
5439,0x8d8e4d,1.000000,12,True,0,0
5440,0x94704a,0.666667,9,False,1,1
5441,0x9abe1d,0.333333,14,False,2,2
5442,0x33b22a,0.000000,11,False,1,3
5443,0x288f74,0.000000,11,False,1,3
5444,0x686a24,0.666667,9,False,1,1
5445,0x1e130c,0.666667,9,False,1,1
5446,0xbcb72c,0.333333,14,False,2,2
5447,0x363fa2,0.666667,13,False,1,1
5448,0x754cd4,1.000000,12,True,0,0
5449,0xbb5319,0.666667,13,False,1,1
5450,0x47cd65,0.666667,13,False,1,1
5451,0x4f8bd5,0.333333,14,False,2,2
5452,0xd72b1b,0.333333,14,False,2,2
5453,0xdf4202,0.333333,10,False,2,2
5454,0xcbbd6e,1.000000,16,True,0,0
5455,0x299afc,0.666667,13,False,1,1
5456,0x6aef66,0.000000,15,False,1,3
5457,0x4a2ec7,1.000000,12,True,0,0
5458,0xc9576,0.000000,11,False,1,3
5459,0x6301b,1.000000,8,True,0,0
5460,0x19f860,0.333333,10,False,2,2
5461,0xc9cbd6,0.333333,14,False,2,2
5462,0x303d76,1.000000,12,True,0,0
5463,0x8edfe7,0.666667,17,False,1,1
5464,0x8a150,0.333333,6,False,2,2
5465,0x7c7d0,0.000000,11,False,1,3
5466,0x7dc4f7,1.000000,16,True,0,0
5467,0x90c7b5,1.000000,12,True,0,0
5468,0xfa8bec,0.000000,15,False,1,3
5469,0x730f32,1.000000,12,True,0,0
5470,0x97297e,0.333333,14,False,2,2
5471,0xa8d6bd,0.333333,14,False,2,2
5472,0xfd57f6,0.333333,18,False,2,2
5473,0x46ea45,0.000000,11,False,1,3
5474,0xd48649,0.333333,10,False,2,2
5475,0x294949,0.666667,9,False,1,1
5476,0x923dc5,1.000000,12,True,0,0
5477,0x120ce3,0.666667,9,False,1,1
5478,0x4c6347,0.000000,11,False,1,3
5479,0x902d2a,0.666667,9,False,1,1
5480,0x8343e6,0.000000,11,False,1,3
5481,0x86e989,0.000000,11,False,1,3
5482,0x2ffbf,1.000000,16,True,0,0
5483,0x2ab708,0.333333,10,False,2,2
5484,0xe681c5,0.000000,11,False,1,3
5485,0xb32144,0.666667,9,False,1,1
5486,0x36496a,0.000000,11,False,1,3
5487,0x60d42a,0.666667,9,False,1,1
5488,0xb443c1,0.333333,10,False,2,2
5489,0x1bc4b,0.333333,10,False,2,2
5490,0x661f9,0.000000,11,False,1,3
5491,0xa2ce58,0.000000,11,False,1,3
5492,0x28b3f6,0.666667,13,False,1,1
5493,0x52d5ac,1.000000,12,True,0,0
5494,0x4b0b06,0.666667,9,False,1,1
5495,0xddfbc2,1.000000,16,True,0,0
5496,0x1f3b83,0.666667,13,False,1,1
5497,0x900f21,1.000000,8,True,0,0
5498,0x6d298c,0.000000,11,False,1,3
5499,0xb87083,0.333333,10,False,2,2
5500,0x829a57,0.000000,11,False,1,3
5501,0x2525af,1.000000,12,True,0,0
5502,0x5a91ec,1.000000,12,True,0,0
5503,0x1292af,0.000000,11,False,1,3
5504,0xe2597b,0.333333,14,False,2,2
5505,0x8da4f5,0.666667,13,False,1,1
5506,0x3eeee1,0.000000,15,False,1,3
5507,0xbd8cf,0.666667,13,False,1,1
5508,0xc1b1e5,1.000000,12,True,0,0
5509,0x64bb32,1.000000,12,True,0,0
5510,0xd0d7d,1.000000,12,True,0,0
5511,0x19a8ac,0.333333,10,False,2,2
5512,0xf46f52,0.333333,14,False,2,2
5513,0x8f69b,1.000000,12,True,0,0
5514,0x7880c2,1.000000,8,True,0,0
5515,0xbdaea7,1.000000,16,True,0,0
5516,0xcf2acd,0.333333,14,False,2,2
5517,0xeee50b,0.333333,14,False,2,2
5518,0xf831eb,0.333333,14,False,2,2
5519,0xf33fca,1.000000,16,True,0,0
5520,0xf52f28,0.666667,13,False,1,1
5521,0xb406,0.333333,6,False,2,2
5522,0xf81cc5,1.000000,12,True,0,0
5523,0x6d1cad,0.666667,13,False,1,1
5524,0x5214af,0.000000,11,False,1,3
5525,0x3e3340,0.333333,10,False,2,2
5526,0x4f36df,1.000000,16,True,0,0
5527,0x577df,0.000000,15,False,1,3
5528,0xf0cf55,0.333333,14,False,2,2
5529,0x5fad6a,0.000000,15,False,1,3
5530,0xbf9c77,0.666667,17,False,1,1
5531,0x965f09,1.000000,12,True,0,0
5532,0x24f414,0.666667,9,False,1,1
5533,0xddd61c,0.333333,14,False,2,2
5534,0x5a5590,0.333333,10,False,2,2
5535,0x6d0f63,0.666667,13,False,1,1
5536,0x402f05,1.000000,8,True,0,0
5537,0xdc42df,0.333333,14,False,2,2
5538,0xd5fad2,0.000000,15,False,1,3
5539,0x95f101,0.333333,10,False,2,2
5540,0x292397,0.000000,11,False,1,3
5541,0x93c85,0.666667,9,False,1,1
5542,0x318e67,1.000000,12,True,0,0
5543,0x7fc199,0.333333,14,False,2,2
5544,0x100fd5,0.333333,10,False,2,2
5545,0xf27cf9,1.000000,16,True,0,0
5546,0x7d132c,1.000000,12,True,0,0
5547,0x2ddccd,0.333333,14,False,2,2
5548,0xcc3cc3,1.000000,12,True,0,0
5549,0xa11626,0.666667,9,False,1,1
5550,0x4c2c53,0.333333,10,False,2,2
5551,0xb59e97,0.000000,15,False,1,3
5552,0x6e0c6a,0.000000,11,False,1,3
5553,0x37752d,0.333333,14,False,2,2
5554,0x847b02,0.666667,9,False,1,1
5555,0x9d5cbd,0.000000,15,False,1,3
5556,0xf5ee51,0.000000,15,False,1,3
5557,0xff088f,0.333333,14,False,2,2
5558,0x756685,1.000000,12,True,0,0
5559,0x4f45db,0.333333,14,False,2,2
5560,0x3e2f8c,0.666667,13,False,1,1
5561,0x16c291,0.666667,9,False,1,1
5562,0x12e9ae,1.000000,12,True,0,0
5563,0xee1fd1,0.000000,15,False,1,3
5564,0x499af2,1.000000,12,True,0,0
5565,0xa6210e,0.666667,9,False,1,1
5566,0xc033f8,0.000000,11,False,1,3
5567,0x3e52f,1.000000,12,True,0,0
5568,0xf8e973,0.000000,15,False,1,3
5569,0x6ea0db,0.666667,13,False,1,1
5570,0xb7e976,1.000000,16,True,0,0
5571,0x123716,0.333333,10,False,2,2
5572,0xe693bc,0.333333,14,False,2,2
5573,0x892d45,0.333333,10,False,2,2
5574,0x660a35,0.333333,10,False,2,2
5575,0xd53e55,0.333333,14,False,2,2
5576,0x94f123,0.000000,11,False,1,3
5577,0xadbcb2,0.333333,14,False,2,2
5578,0x9d4faf,1.000000,16,True,0,0
5579,0xd09cfa,0.666667,13,False,1,1
5580,0x34ac39,0.000000,11,False,1,3
5581,0xe99155,1.000000,12,True,0,0
5582,0x7d8e16,0.666667,13,False,1,1
5583,0x6da76e,0.000000,15,False,1,3
5584,0x8ab22f,1.000000,12,True,0,0
5585,0x16b6b1,1.000000,12,True,0,0
5586,0x234a1d,0.333333,10,False,2,2
5587,0x97d3f5,1.000000,16,True,0,0
5588,0x2e5db4,0.666667,13,False,1,1
5589,0xb579cf,1.000000,16,True,0,0
5590,0x992f22,0.000000,11,False,1,3
5591,0xe6e942,1.000000,12,True,0,0
5592,0x7ef0a4,0.666667,13,False,1,1
5593,0xfd68b3,0.000000,15,False,1,3
5594,0x16d58b,1.000000,12,True,0,0
5595,0x542999,0.333333,10,False,2,2
5596,0xa703ae,1.000000,12,True,0,0
5597,0x567404,0.666667,9,False,1,1
5598,0x4aeaef,0.000000,15,False,1,3
5599,0x318b3f,0.666667,13,False,1,1
5600,0x445f64,0.000000,11,False,1,3
5601,0x61a41c,0.666667,9,False,1,1
5602,0x2e9af2,0.666667,13,False,1,1
5603,0xb0d47b,0.666667,13,False,1,1
5604,0xa58c84,0.666667,9,False,1,1
5605,0xe9df18,0.333333,14,False,2,2
5606,0xdf1e46,0.333333,14,False,2,2
5607,0x6918ad,0.000000,11,False,1,3
5608,0x8150d8,1.000000,8,True,0,0
5609,0x1bc982,0.333333,10,False,2,2
5610,0x5dd76f,0.666667,17,False,1,1
5611,0xe11e71,1.000000,12,True,0,0
5612,0x8b25ee,0.666667,13,False,1,1
5613,0x76a99c,0.666667,13,False,1,1
5614,0x9358cc,0.000000,11,False,1,3
5615,0xbacd56,0.333333,14,False,2,2
5616,0x2cbaea,0.666667,13,False,1,1
5617,0x46d7b3,0.333333,14,False,2,2
5618,0x4d2833,0.333333,10,False,2,2
5619,0xd0a171,0.333333,10,False,2,2
5620,0x27dcde,0.000000,15,False,1,3
5621,0x1bf927,0.333333,14,False,2,2
5622,0x35ae9b,0.333333,14,False,2,2
5623,0xec0a0b,0.333333,10,False,2,2
5624,0x6c075e,1.000000,12,True,0,0
5625,0x1e5809,0.666667,9,False,1,1
5626,0x81d905,0.666667,9,False,1,1
5627,0xaef,0.666667,9,False,1,1
5628,0x643265,0.333333,10,False,2,2
5629,0x5f7401,0.000000,11,False,1,3
5630,0xa39cf8,0.666667,13,False,1,1
5631,0x7a4f9a,0.333333,14,False,2,2
5632,0x740ce7,1.000000,12,True,0,0
5633,0x4d1195,0.333333,10,False,2,2
5634,0xfc01a,0.666667,9,False,1,1
5635,0xbb15a8,1.000000,12,True,0,0
5636,0x114840,0.666667,5,False,3,1
5637,0xa35393,1.000000,12,True,0,0
5638,0x7949b,0.000000,11,False,1,3
5639,0xfdf044,0.666667,13,False,1,1
5640,0xc6eb46,0.666667,13,False,1,1
5641,0xfd914,0.000000,11,False,1,3
5642,0xd96aa6,0.666667,13,False,1,1
5643,0x4b3527,1.000000,12,True,0,0
5644,0x685802,0.000000,7,False,1,3
5645,0xfd94c3,0.333333,14,False,2,2
5646,0x8ad65c,1.000000,12,True,0,0
5647,0x339fa9,0.333333,14,False,2,2
5648,0x6635b9,0.666667,13,False,1,1
5649,0xbceff7,0.000000,19,False,3,3
5650,0x80d76,0.666667,9,False,1,1
5651,0x739eab,0.000000,15,False,1,3
5652,0xc0914,0.333333,6,False,2,2
5653,0xfe4421,0.000000,11,False,1,3
5654,0x4f6284,0.333333,10,False,2,2
5655,0x5b8a3e,0.666667,13,False,1,1
5656,0x430626,1.000000,8,True,0,0
5657,0x778aa6,0.666667,13,False,1,1
5658,0x472db4,1.000000,12,True,0,0
5659,0xc093c4,0.666667,9,False,1,1
5660,0x4ae4c9,0.000000,11,False,1,3
5661,0xdb5983,0.666667,13,False,1,1
5662,0x1f45bf,0.000000,15,False,1,3
5663,0x963c94,0.000000,11,False,1,3
5664,0xc1124,0.333333,6,False,2,2
5665,0x2cdb09,0.000000,11,False,1,3
5666,0xad2a72,1.000000,12,True,0,0
5667,0x6a1e2,0.666667,9,False,1,1
5668,0x4752d6,1.000000,12,True,0,0
5669,0x533483,0.333333,10,False,2,2
5670,0x4b2e63,1.000000,12,True,0,0
5671,0xbb9c8a,0.666667,13,False,1,1
5672,0xb76115,1.000000,12,True,0,0
5673,0x468beb,0.666667,13,False,1,1
5674,0xaeeca0,1.000000,12,True,0,0
5675,0x1b986e,1.000000,12,True,0,0
5676,0x5cdb24,1.000000,12,True,0,0
5677,0x143f2e,1.000000,12,True,0,0
5678,0xc86abf,0.333333,14,False,2,2
5679,0xd22a18,0.666667,9,False,1,1
5680,0x50f9a4,0.000000,11,False,1,3
5681,0x8a4bd5,1.000000,12,True,0,0
5682,0xb2077a,1.000000,12,True,0,0
5683,0xe31691,0.000000,11,False,1,3
5684,0x5b6932,1.000000,12,True,0,0
5685,0x7d4a46,1.000000,12,True,0,0
5686,0x3b3c9,0.000000,11,False,1,3
5687,0x54b409,0.666667,9,False,1,1
5688,0x46af49,1.000000,12,True,0,0
5689,0x96b894,0.000000,11,False,1,3
5690,0xfdb3ae,0.666667,17,False,1,1
5691,0xecd074,1.000000,12,True,0,0
5692,0x81d99c,0.000000,11,False,1,3
5693,0xc7d887,0.666667,13,False,1,1
5694,0x8ea852,0.333333,10,False,2,2
5695,0x7a3558,1.000000,12,True,0,0
5696,0x949cf6,0.666667,13,False,1,1
5697,0x4dbde1,0.333333,14,False,2,2
5698,0x54418b,0.666667,9,False,1,1
5699,0x6e169d,0.666667,13,False,1,1
5700,0x4eac6c,1.000000,12,True,0,0
5701,0x436733,1.000000,12,True,0,0
5702,0x725d9d,0.333333,14,False,2,2
5703,0x36a2e2,0.000000,11,False,1,3
5704,0xbdc4ee,0.000000,15,False,1,3
5705,0xd3d72e,0.000000,15,False,1,3
5706,0x8f01c8,0.666667,9,False,1,1
5707,0x4e4a47,0.000000,11,False,1,3
5708,0xa7ca31,1.000000,12,True,0,0
5709,0x655824,0.666667,9,False,1,1
5710,0x33a514,0.333333,10,False,2,2
5711,0x729353,1.000000,12,True,0,0
5712,0x93bac0,0.000000,11,False,1,3
5713,0x37e54e,0.333333,14,False,2,2
5714,0xf64c0c,0.000000,11,False,1,3
5715,0xd43879,1.000000,12,True,0,0
5716,0x83b873,1.000000,12,True,0,0
5717,0x541f3a,1.000000,12,True,0,0
5718,0xea0d75,0.666667,13,False,1,1
5719,0x722835,0.333333,10,False,2,2
5720,0xa21ebf,0.333333,14,False,2,2
5721,0x5aa335,1.000000,12,True,0,0
5722,0x400185,0.666667,5,False,3,1
5723,0xf99c81,1.000000,12,True,0,0
5724,0xe4a266,0.000000,11,False,1,3
5725,0x5119a1,0.666667,9,False,1,1
5726,0xc91a6d,1.000000,12,True,0,0
5727,0xab4365,1.000000,12,True,0,0
5728,0xdd871a,0.666667,13,False,1,1
5729,0x8eb214,0.333333,10,False,2,2
5730,0xd8cc4f,0.666667,13,False,1,1
5731,0x70e147,0.000000,11,False,1,3
5732,0xcac520,0.666667,9,False,1,1
5733,0xe44e2e,1.000000,12,True,0,0
5734,0xe1fbf3,0.666667,17,False,1,1
5735,0x646f0a,0.000000,11,False,1,3
5736,0x6e9819,0.000000,11,False,1,3
5737,0xeb3807,1.000000,12,True,0,0
5738,0xbbb352,0.333333,14,False,2,2
5739,0x5cafb9,0.000000,15,False,1,3
5740,0x59fa3c,0.333333,14,False,2,2
5741,0x37a87f,0.000000,15,False,1,3
5742,0x875aa9,1.000000,12,True,0,0
5743,0xe207ba,1.000000,12,True,0,0
5744,0x165186,0.666667,9,False,1,1
5745,0x284eac,0.333333,10,False,2,2
5746,0xd8182b,0.333333,10,False,2,2
5747,0x7370f2,0.666667,13,False,1,1
5748,0xce2964,0.000000,11,False,1,3
5749,0x3192fd,0.666667,13,False,1,1
5750,0x7dccd3,0.000000,15,False,1,3
5751,0xcad448,0.333333,10,False,2,2
5752,0x683c1c,0.333333,10,False,2,2
5753,0xcef71b,1.000000,16,True,0,0
5754,0x8d05d4,0.333333,10,False,2,2
5755,0xd838d7,0.666667,13,False,1,1
5756,0x51911d,0.333333,10,False,2,2
5757,0x385081,0.000000,7,False,1,3
5758,0x2c8604,0.000000,7,False,1,3
5759,0xa95b09,0.000000,11,False,1,3
5760,0x35ec20,0.333333,10,False,2,2
5761,0x48e8e0,0.666667,9,False,1,1
5762,0x8fbd1e,0.000000,15,False,1,3
5763,0x9dd91a,0.666667,13,False,1,1
5764,0xf5669e,0.000000,15,False,1,3
5765,0x42d65d,1.000000,12,True,0,0
5766,0xe59254,0.000000,11,False,1,3
5767,0x824fad,1.000000,12,True,0,0
5768,0x477a21,0.000000,11,False,1,3
5769,0xef7523,0.000000,15,False,1,3
5770,0xb0fa0c,0.000000,11,False,1,3
5771,0x7d4f19,0.333333,14,False,2,2
5772,0x9fcd4d,0.000000,15,False,1,3
5773,0x555ec1,1.000000,12,True,0,0
5774,0xd04f1e,1.000000,12,True,0,0
5775,0x29cbef,0.000000,15,False,1,3
5776,0x50be50,0.333333,10,False,2,2
5777,0xf9a2f0,0.666667,13,False,1,1
5778,0xd77571,0.000000,15,False,1,3
5779,0x761e10,0.333333,10,False,2,2
5780,0xf1dd4f,1.000000,16,True,0,0
5781,0x3035f2,0.000000,11,False,1,3
5782,0x12af03,0.333333,10,False,2,2
5783,0xf1464d,1.000000,12,True,0,0
5784,0xb6e527,0.333333,14,False,2,2
5785,0xfba989,0.333333,14,False,2,2
5786,0x138a29,0.666667,9,False,1,1
5787,0x4a89f7,0.666667,13,False,1,1
5788,0x1d38a2,0.333333,10,False,2,2
5789,0x142710,0.000000,7,False,1,3
5790,0xb7de11,0.333333,14,False,2,2
5791,0x11fda8,1.000000,12,True,0,0
5792,0x1e106c,0.666667,9,False,1,1
5793,0xe08091,0.000000,7,False,1,3
5794,0xb1939d,0.666667,13,False,1,1
5795,0x225dc1,0.333333,10,False,2,2
5796,0x93753f,0.000000,15,False,1,3
5797,0xf26d6f,1.000000,16,True,0,0
5798,0xac10ed,0.000000,11,False,1,3
5799,0x2de0cb,1.000000,12,True,0,0
5800,0x8396ea,1.000000,12,True,0,0
5801,0xe7f1aa,0.000000,15,False,1,3
5802,0xf1cbd8,0.333333,14,False,2,2
5803,0xe0d18b,0.000000,11,False,1,3
5804,0x1a31b0,0.666667,9,False,1,1
5805,0x8f9716,0.666667,13,False,1,1
5806,0x285afe,0.666667,13,False,1,1
5807,0x2a2780,1.000000,8,True,0,0
5808,0x4aa43b,0.000000,11,False,1,3
5809,0x525575,1.000000,12,True,0,0
5810,0xb9636e,0.333333,14,False,2,2
5811,0x40adcc,0.333333,10,False,2,2
5812,0x886ecb,1.000000,12,True,0,0
5813,0x36a045,0.666667,9,False,1,1
5814,0xf24145,0.333333,10,False,2,2
5815,0x53e278,1.000000,12,True,0,0
5816,0x7aade8,0.333333,14,False,2,2
5817,0x67e480,0.333333,10,False,2,2
5818,0xe14f98,1.000000,12,True,0,0
5819,0xec9b5c,0.333333,14,False,2,2
5820,0x2a1ba4,0.333333,10,False,2,2
5821,0xe5e1e4,0.666667,13,False,1,1
5822,0x1d9b11,0.000000,11,False,1,3
5823,0x3237aa,1.000000,12,True,0,0
5824,0xb36941,0.000000,11,False,1,3
5825,0x94c420,0.000000,7,False,1,3
5826,0xef6ef8,0.666667,17,False,1,1
5827,0x76c85c,1.000000,12,True,0,0
5828,0xb05774,1.000000,12,True,0,0
5829,0xa1e74a,1.000000,12,True,0,0
5830,0x1628e2,0.666667,9,False,1,1
5831,0x97b34e,0.333333,14,False,2,2
5832,0xf74b70,0.333333,14,False,2,2
5833,0xda14f8,1.000000,12,True,0,0
5834,0xa63403,0.666667,9,False,1,1
5835,0x48eb82,0.333333,10,False,2,2
5836,0xec0502,1.000000,8,True,0,0
5837,0x33e969,0.666667,13,False,1,1
5838,0xd35b4c,0.666667,13,False,1,1
5839,0x52840,0.666667,5,False,3,1
5840,0xd1a842,0.666667,9,False,1,1
5841,0xb53752,0.666667,13,False,1,1
5842,0x63e936,0.666667,13,False,1,1
5843,0x8242c2,0.000000,7,False,1,3
5844,0x35717b,0.333333,14,False,2,2
5845,0x44039f,0.333333,10,False,2,2
5846,0xa2d1eb,0.666667,13,False,1,1
5847,0x9465f4,1.000000,12,True,0,0
5848,0xd52600,1.000000,8,True,0,0
5849,0x1b060a,1.000000,8,True,0,0
5850,0xb13beb,0.000000,15,False,1,3
5851,0x27b24e,1.000000,12,True,0,0
5852,0x4f450e,0.000000,11,False,1,3
5853,0x48db1c,0.000000,11,False,1,3
5854,0x8ae1bd,0.666667,13,False,1,1
5855,0x16bb37,0.333333,14,False,2,2
5856,0x3fdb1b,1.000000,16,True,0,0
5857,0xd058eb,1.000000,12,True,0,0
5858,0x35d18b,1.000000,12,True,0,0
5859,0x7b82eb,0.333333,14,False,2,2
5860,0x1d5216,0.333333,10,False,2,2
5861,0x9cd34f,0.333333,14,False,2,2
5862,0x171a0,0.000000,7,False,1,3
5863,0x8d5ef0,0.666667,13,False,1,1
5864,0xffe22e,1.000000,16,True,0,0
5865,0x8b95eb,0.333333,14,False,2,2
5866,0xbfb610,0.666667,13,False,1,1
5867,0x164594,0.666667,9,False,1,1
5868,0xc374a7,0.666667,13,False,1,1
5869,0x3683cb,1.000000,12,True,0,0
5870,0x9d4f31,0.666667,13,False,1,1
5871,0x53ba37,0.333333,14,False,2,2
5872,0x472f0e,1.000000,12,True,0,0
5873,0xf35e4a,0.333333,14,False,2,2
5874,0x9e1466,0.000000,11,False,1,3
5875,0xdf541c,0.666667,13,False,1,1
5876,0xacbe3a,0.333333,14,False,2,2
5877,0x7fb054,0.666667,13,False,1,1
5878,0x4f2635,1.000000,12,True,0,0
5879,0xee7d3b,0.666667,17,False,1,1
5880,0x1d0784,0.666667,9,False,1,1
5881,0xff0197,0.333333,14,False,2,2
5882,0x7a9b1,0.000000,11,False,1,3
5883,0x243ed4,0.000000,11,False,1,3
5884,0xb4cda8,1.000000,12,True,0,0
5885,0x962c17,0.000000,11,False,1,3
5886,0xfe75fb,0.000000,19,False,3,3
5887,0x60c5a9,0.333333,10,False,2,2
5888,0xfc84b0,0.000000,11,False,1,3
5889,0xa19541,0.666667,9,False,1,1
5890,0x9e8d68,1.000000,12,True,0,0
5891,0x678989,0.000000,11,False,1,3
5892,0x54256e,0.000000,11,False,1,3
5893,0xb8b88b,1.000000,12,True,0,0
5894,0x9b1503,0.333333,10,False,2,2
5895,0x38f656,0.666667,13,False,1,1
5896,0x1ed1a2,0.000000,11,False,1,3
5897,0xff423b,0.000000,15,False,1,3
5898,0x425cfd,0.666667,13,False,1,1
5899,0x6b0a6,0.666667,9,False,1,1
5900,0x9dc6ca,0.666667,13,False,1,1
5901,0x11cc3a,0.333333,10,False,2,2
5902,0xa08a2f,0.333333,10,False,2,2
5903,0x4de6bc,0.333333,14,False,2,2
5904,0xfaad42,0.666667,13,False,1,1
5905,0x9ec1f0,1.000000,12,True,0,0
5906,0x411276,0.666667,9,False,1,1
5907,0x24e1bf,0.666667,13,False,1,1
5908,0xf98325,1.000000,12,True,0,0
5909,0xf5c66b,0.000000,15,False,1,3
5910,0x6bb260,0.000000,11,False,1,3
5911,0x17cda0,0.000000,11,False,1,3
5912,0xeae69b,0.000000,15,False,1,3
5913,0xaf1254,0.000000,11,False,1,3
5914,0xb9f2b9,0.000000,15,False,1,3
5915,0x663a91,0.000000,11,False,1,3
5916,0x1f1048,1.000000,8,True,0,0
5917,0x1a5cda,1.000000,12,True,0,0
5918,0xb0d0fb,0.666667,13,False,1,1
5919,0x990c73,0.000000,11,False,1,3
5920,0x5f0f16,0.666667,13,False,1,1
5921,0x530aed,1.000000,12,True,0,0
5922,0x177bfa,1.000000,16,True,0,0
5923,0x29f894,0.000000,11,False,1,3
5924,0x69d684,0.000000,11,False,1,3
5925,0x3693ef,0.000000,15,False,1,3
5926,0x11c564,0.666667,9,False,1,1
5927,0xae5ffd,0.333333,18,False,2,2
5928,0xb40945,0.666667,9,False,1,1
5929,0xee757,0.333333,14,False,2,2
5930,0x99549f,0.666667,13,False,1,1
5931,0xebca9a,0.333333,14,False,2,2
5932,0xc2bce6,0.666667,13,False,1,1
5933,0xf01d43,0.000000,11,False,1,3
5934,0xfa4370,1.000000,12,True,0,0
5935,0x6cef3a,0.000000,15,False,1,3
5936,0x8591d6,0.000000,11,False,1,3
5937,0x9d01e8,0.333333,10,False,2,2
5938,0x5b3195,1.000000,12,True,0,0
5939,0xc40f25,0.333333,10,False,2,2
5940,0x75aba9,0.333333,14,False,2,2
5941,0x51a5a,0.666667,9,False,1,1
5942,0x6d7f6,0.333333,14,False,2,2
5943,0xba2da2,1.000000,12,True,0,0
5944,0xbd658,0.000000,11,False,1,3
5945,0x39f1ed,0.000000,15,False,1,3
5946,0xd693f1,0.333333,14,False,2,2
5947,0xf9a537,0.000000,15,False,1,3
5948,0x47c7c5,0.666667,13,False,1,1
5949,0x50c883,1.000000,8,True,0,0
5950,0x9ba7b6,0.000000,15,False,1,3
5951,0xeac8fa,0.333333,14,False,2,2
5952,0xda9ed0,0.666667,13,False,1,1
5953,0xc2352b,0.000000,11,False,1,3
5954,0xb644f4,1.000000,12,True,0,0
5955,0x6d5e7,0.666667,13,False,1,1
5956,0x9dd3c7,0.000000,15,False,1,3
5957,0xab3bd6,0.000000,15,False,1,3
5958,0x282aef,1.000000,12,True,0,0
5959,0x5fa171,0.666667,13,False,1,1
5960,0x446904,0.000000,7,False,1,3
5961,0x778f31,0.333333,14,False,2,2
5962,0x5431ce,0.000000,11,False,1,3
5963,0x572652,0.000000,11,False,1,3
5964,0x12dba5,1.000000,12,True,0,0
5965,0xc5643e,1.000000,12,True,0,0
5966,0x12ef21,0.000000,11,False,1,3
5967,0x3e8458,0.333333,10,False,2,2
5968,0x81268b,0.666667,9,False,1,1
5969,0x4daf4f,0.000000,15,False,1,3
5970,0x45d4ce,1.000000,12,True,0,0
5971,0xdfc3b8,0.000000,15,False,1,3
5972,0x879ea6,0.666667,13,False,1,1
5973,0x556646,0.000000,11,False,1,3
5974,0xc9e44c,0.000000,11,False,1,3
5975,0xb039c3,0.000000,11,False,1,3
5976,0xce1d20,0.333333,10,False,2,2
5977,0xbdd05a,0.666667,13,False,1,1
5978,0xc9db49,0.666667,13,False,1,1
5979,0x8b2e2a,0.000000,11,False,1,3
5980,0xdbc781,0.666667,13,False,1,1
5981,0xcd3ca3,0.666667,13,False,1,1
5982,0xc296d4,0.000000,11,False,1,3
5983,0x965dcd,0.333333,14,False,2,2
5984,0x6a06d,0.666667,9,False,1,1
5985,0xcdfb1b,1.000000,16,True,0,0
5986,0xa443b5,0.000000,11,False,1,3
5987,0xe42d80,0.666667,9,False,1,1
5988,0x29e162,0.333333,10,False,2,2
5989,0xf94930,0.000000,11,False,1,3
5990,0xcbd929,0.666667,13,False,1,1
5991,0xdc40e2,0.333333,10,False,2,2
5992,0x9c799c,0.666667,13,False,1,1
5993,0x94249,0.000000,7,False,1,3
5994,0xbd4dca,0.333333,14,False,2,2
5995,0xe4ad3d,0.333333,14,False,2,2
5996,0xeeeb2d,1.000000,16,True,0,0
5997,0xaaafe4,0.333333,14,False,2,2
5998,0x71ae40,0.333333,10,False,2,2
5999,0x83c169,0.333333,10,False,2,2
6000,0xae9fe9,1.000000,16,True,0,0
6001,0x7386eb,0.333333,14,False,2,2
6002,0x4ebad6,0.333333,14,False,2,2
6003,0x131931,0.666667,9,False,1,1
6004,0xb3a655,0.666667,13,False,1,1
6005,0xcff699,1.000000,16,True,0,0
6006,0x46e2d0,0.333333,10,False,2,2
6007,0xadb5e1,0.333333,14,False,2,2
6008,0x8e93db,0.333333,14,False,2,2
6009,0x8f3a0c,0.000000,11,False,1,3
6010,0xc94ae1,0.000000,11,False,1,3
6011,0x84c600,0.333333,6,False,2,2
6012,0x891ca0,1.000000,8,True,0,0
6013,0xb82874,0.333333,10,False,2,2
6014,0xa3dbec,0.000000,15,False,1,3
6015,0xb9cff0,0.000000,15,False,1,3
6016,0x6e768f,0.000000,15,False,1,3
6017,0x72138a,0.333333,10,False,2,2
6018,0x742e4b,1.000000,12,True,0,0
6019,0x85a9d9,1.000000,12,True,0,0
6020,0xdba70,0.000000,11,False,1,3
6021,0x62f1b6,0.666667,13,False,1,1
6022,0x2ae2dc,1.000000,12,True,0,0
6023,0x96805e,0.333333,10,False,2,2
6024,0x56c9cd,0.666667,13,False,1,1
6025,0x2c2220,0.333333,6,False,2,2
6026,0x943b60,0.333333,10,False,2,2
6027,0xbb48e6,0.666667,13,False,1,1
6028,0xd2fb0a,0.666667,13,False,1,1
6029,0x942ce7,1.000000,12,True,0,0
6030,0x881bd2,0.333333,10,False,2,2
6031,0x1a1a14,1.000000,8,True,0,0
6032,0x7953a5,0.666667,13,False,1,1
6033,0x5a1109,1.000000,8,True,0,0
6034,0x4b74d1,1.000000,12,True,0,0
6035,0x32ffc9,0.000000,15,False,1,3
6036,0xf9de50,0.333333,14,False,2,2
6037,0x24c9e9,0.000000,11,False,1,3
6038,0x5a15d3,1.000000,12,True,0,0
6039,0x555d1c,1.000000,12,True,0,0
6040,0x50f9a0,0.333333,10,False,2,2
6041,0x1cf9fb,1.000000,16,True,0,0
6042,0xc90e7c,1.000000,12,True,0,0
6043,0xe452fd,0.333333,14,False,2,2
6044,0x808f20,0.000000,7,False,1,3
6045,0xe46321,0.333333,10,False,2,2
6046,0x78758c,1.000000,12,True,0,0
6047,0x3b72ea,0.333333,14,False,2,2
6048,0xbcc9b5,0.333333,14,False,2,2
6049,0x6cf8bb,0.000000,15,False,1,3
6050,0x7501f1,0.000000,11,False,1,3
6051,0x94443,0.000000,7,False,1,3
6052,0x260c83,1.000000,8,True,0,0
6053,0xa175f7,0.000000,15,False,1,3
6054,0x985abd,0.666667,13,False,1,1
6055,0xa7b1e6,0.333333,14,False,2,2
6056,0x9cb467,0.666667,13,False,1,1
6057,0x82d74a,0.000000,11,False,1,3
6058,0xe9301d,0.000000,11,False,1,3
6059,0x570397,1.000000,12,True,0,0
6060,0xb3076b,0.666667,13,False,1,1
6061,0x8ed2f8,0.666667,13,False,1,1
6062,0x5a9003,1.000000,8,True,0,0
6063,0xe48ca,0.666667,9,False,1,1
6064,0x665299,0.000000,11,False,1,3
6065,0xaef775,0.666667,17,False,1,1
6066,0x1e749d,0.666667,13,False,1,1
6067,0x93dae,1.000000,12,True,0,0
6068,0xadd2c5,0.666667,13,False,1,1
6069,0x48733d,1.000000,12,True,0,0
6070,0x7aaeda,0.000000,15,False,1,3
6071,0xc6fe50,0.666667,13,False,1,1
6072,0x83b354,0.000000,11,False,1,3
6073,0x45f6b4,0.666667,13,False,1,1
6074,0x4d98df,0.333333,14,False,2,2
6075,0x56775f,1.000000,16,True,0,0
6076,0x545e94,0.000000,11,False,1,3
6077,0x277fe5,1.000000,16,True,0,0
6078,0x532a6d,1.000000,12,True,0,0
6079,0xa0ec7a,1.000000,12,True,0,0
6080,0xf44597,0.666667,13,False,1,1
6081,0x7f1c7d,1.000000,16,True,0,0
6082,0x192679,0.000000,11,False,1,3
6083,0xd22dd,0.000000,11,False,1,3
6084,0x50dda5,1.000000,12,True,0,0
6085,0xae80,0.333333,6,False,2,2
6086,0xcc57c5,0.666667,13,False,1,1
6087,0xcdbfc9,1.000000,16,True,0,0
6088,0x48ac74,0.333333,10,False,2,2
6089,0x8a67be,0.333333,14,False,2,2
6090,0xd41463,0.333333,10,False,2,2
6091,0xad97c8,0.666667,13,False,1,1
6092,0xb4c66f,0.333333,14,False,2,2
6093,0xb1c871,0.000000,11,False,1,3
6094,0xd98403,0.666667,9,False,1,1
6095,0xf89571,0.666667,13,False,1,1
6096,0xa1d9c,0.333333,10,False,2,2
6097,0x1e3aff,1.000000,16,True,0,0
6098,0x1bef89,0.333333,14,False,2,2
6099,0x760939,0.000000,11,False,1,3
6100,0xa4e71e,0.666667,13,False,1,1
6101,0x11123c,1.000000,8,True,0,0
6102,0x91ec27,1.000000,12,True,0,0
6103,0x4075e5,0.000000,11,False,1,3
6104,0x5e6fc0,0.666667,13,False,1,1
6105,0x943e58,0.000000,11,False,1,3
6106,0x49c580,1.000000,8,True,0,0
6107,0xf0fe,0.000000,11,False,1,3
6108,0xdaa92f,0.333333,14,False,2,2
6109,0xeb9709,0.666667,13,False,1,1
6110,0x27e977,0.000000,15,False,1,3
6111,0xcfa7a5,0.000000,15,False,1,3
6112,0x3c083f,0.000000,11,False,1,3
6113,0xc30aa8,0.666667,9,False,1,1
6114,0x1e7a83,1.000000,12,True,0,0
6115,0x7405f0,0.333333,10,False,2,2
6116,0xf98f24,0.666667,13,False,1,1
6117,0xf4f54e,0.000000,15,False,1,3
6118,0x98746e,1.000000,12,True,0,0
6119,0x863860,1.000000,8,True,0,0
6120,0x9de3,0.333333,10,False,2,2
6121,0x598e63,1.000000,12,True,0,0
6122,0x3fa3ca,0.333333,14,False,2,2
6123,0x28b56d,1.000000,12,True,0,0
6124,0x3e1177,0.666667,13,False,1,1
6125,0xa3d87a,0.666667,13,False,1,1
6126,0xd42941,0.666667,9,False,1,1
6127,0x6d7996,0.333333,14,False,2,2
6128,0xed94f2,0.333333,14,False,2,2
6129,0x6d2fa4,0.666667,13,False,1,1
6130,0x74aaaa,1.000000,12,True,0,0
6131,0xf0488d,0.333333,10,False,2,2
6132,0x1f8de2,0.666667,13,False,1,1
6133,0x4ec23e,1.000000,12,True,0,0
6134,0x5e7630,1.000000,12,True,0,0
6135,0x5e44f7,0.333333,14,False,2,2
6136,0xb40717,0.000000,11,False,1,3
6137,0xae96c,0.000000,11,False,1,3
6138,0x805477,0.333333,10,False,2,2
6139,0x62145d,0.333333,10,False,2,2
6140,0x898a88,1.000000,8,True,0,0
6141,0xef84fd,1.000000,16,True,0,0
6142,0xa2f1a1,0.000000,11,False,1,3
6143,0xc5b50f,0.666667,13,False,1,1
6144,0xaaf19,0.000000,11,False,1,3
6145,0x87212f,0.000000,11,False,1,3
6146,0x387ec7,0.333333,14,False,2,2
6147,0x985e49,0.000000,11,False,1,3
6148,0x9c0011,0.333333,6,False,2,2
6149,0xa16b4b,1.000000,12,True,0,0
6150,0x34b561,0.000000,11,False,1,3
6151,0xf8aef4,0.000000,15,False,1,3
6152,0xa2955,0.666667,9,False,1,1
6153,0xc2cdac,1.000000,12,True,0,0
6154,0x29c032,1.000000,8,True,0,0
6155,0x6f0131,0.333333,10,False,2,2
6156,0x3c3865,0.000000,11,False,1,3
6157,0xbc1f71,0.333333,14,False,2,2
6158,0x2dfc26,0.666667,13,False,1,1
6159,0x75c6d4,0.666667,13,False,1,1
6160,0x925ab3,1.000000,12,True,0,0
6161,0x7b570b,0.333333,14,False,2,2
6162,0x640cbf,1.000000,12,True,0,0
6163,0x4eb2ee,0.333333,14,False,2,2
6164,0xc93196,0.000000,11,False,1,3
6165,0x46fff8,1.000000,16,True,0,0
6166,0x70a10,0.333333,6,False,2,2
6167,0xda1478,0.000000,11,False,1,3
6168,0x6bccea,0.333333,14,False,2,2
6169,0x826536,0.333333,10,False,2,2
6170,0x585957,1.000000,12,True,0,0
6171,0xc3fdd5,1.000000,16,True,0,0
6172,0x2cf7e9,0.000000,15,False,1,3
6173,0x891e1a,0.333333,10,False,2,2
6174,0x70eb90,0.000000,11,False,1,3
6175,0xe8958,0.666667,9,False,1,1
6176,0x3201a7,0.666667,9,False,1,1
6177,0xaea508,0.333333,10,False,2,2
6178,0xeb4c56,0.666667,13,False,1,1
6179,0xe43a5,0.333333,10,False,2,2
6180,0x7c4bbd,0.000000,15,False,1,3
6181,0x3a109f,0.000000,11,False,1,3
6182,0x1e8eaf,0.333333,14,False,2,2
6183,0xeda7f6,0.666667,17,False,1,1
6184,0x90293d,0.333333,10,False,2,2
6185,0xf23308,0.333333,10,False,2,2
6186,0x2ff67f,0.333333,18,False,2,2
6187,0x29364c,0.333333,10,False,2,2
6188,0xcb8410,1.000000,8,True,0,0
6189,0x2ea1a8,0.333333,10,False,2,2
6190,0x3f6333,0.333333,14,False,2,2
6191,0x730949,0.333333,10,False,2,2
6192,0x413f5,0.333333,10,False,2,2
6193,0x3ead4d,0.333333,14,False,2,2
6194,0xc45faa,0.666667,13,False,1,1
6195,0xd2432a,0.333333,10,False,2,2
6196,0x632e86,0.000000,11,False,1,3
6197,0xdec36c,0.333333,14,False,2,2
6198,0xe86463,0.000000,11,False,1,3
6199,0xcf4d6d,0.000000,15,False,1,3
6200,0xc969db,0.333333,14,False,2,2
6201,0x410f3e,0.000000,11,False,1,3
6202,0xb35e8c,0.666667,13,False,1,1
6203,0x6aa31a,0.000000,11,False,1,3
6204,0xf6e962,0.333333,14,False,2,2
6205,0x992660,0.666667,9,False,1,1
6206,0xdb8092,0.333333,10,False,2,2
6207,0xcc0f62,0.000000,11,False,1,3
6208,0xc13e91,0.000000,11,False,1,3
6209,0x6ff1aa,0.000000,15,False,1,3
6210,0xc2f323,1.000000,12,True,0,0
6211,0x5a2b74,1.000000,12,True,0,0
6212,0xb6c99a,0.666667,13,False,1,1
6213,0xd17fcb,1.000000,16,True,0,0
6214,0x42915c,0.666667,9,False,1,1
6215,0xd1e24f,0.666667,13,False,1,1
6216,0x7d82d7,0.333333,14,False,2,2
6217,0x2a7774,0.666667,13,False,1,1
6218,0xd1e231,0.000000,11,False,1,3
6219,0xbc69ac,0.666667,13,False,1,1
6220,0x760ee,0.000000,11,False,1,3
6221,0x833821,1.000000,8,True,0,0
6222,0xf87d9d,1.000000,16,True,0,0
6223,0x3d4f20,0.000000,11,False,1,3
6224,0xb36ea4,0.666667,13,False,1,1
6225,0x1958c7,0.000000,11,False,1,3
6226,0xac379f,0.000000,15,False,1,3
6227,0x93ed45,0.666667,13,False,1,1
6228,0x9a3b90,0.000000,11,False,1,3
6229,0x9a5cda,0.666667,13,False,1,1
6230,0xf29df8,0.000000,15,False,1,3
6231,0x24d116,0.666667,9,False,1,1
6232,0x6b292c,0.000000,11,False,1,3
6233,0xbfc6d9,1.000000,16,True,0,0
6234,0x282feb,0.666667,13,False,1,1
6235,0x526769,1.000000,12,True,0,0
6236,0xd84743,0.000000,11,False,1,3
6237,0x4ac72d,1.000000,12,True,0,0
6238,0xfa1fee,0.666667,17,False,1,1
6239,0x2ac1b9,0.000000,11,False,1,3
6240,0x734c7b,0.333333,14,False,2,2
6241,0xc97062,0.333333,10,False,2,2
6242,0x101cf1,0.666667,9,False,1,1
6243,0xe5fcf5,0.666667,17,False,1,1
6244,0x9e9e05,1.000000,12,True,0,0
6245,0xf25e5a,0.333333,14,False,2,2
6246,0x30a5be,1.000000,12,True,0,0
6247,0xd42424,1.000000,8,True,0,0
6248,0xa4d9c2,0.000000,11,False,1,3
6249,0x5bb343,0.666667,13,False,1,1
6250,0x530dba,1.000000,12,True,0,0
6251,0xd83e35,0.666667,13,False,1,1
6252,0x3ee486,1.000000,12,True,0,0
6253,0x960caa,0.333333,10,False,2,2
6254,0x8433dc,0.000000,11,False,1,3
6255,0x510a6e,0.333333,10,False,2,2
6256,0xceee8d,0.000000,15,False,1,3
6257,0x61fa0b,1.000000,12,True,0,0
6258,0xc3cd1a,1.000000,12,True,0,0
6259,0x60809d,1.000000,8,True,0,0
6260,0x3b9233,1.000000,12,True,0,0
6261,0x514af7,0.666667,13,False,1,1
6262,0xbaa9ef,1.000000,16,True,0,0
6263,0xeddb46,0.000000,15,False,1,3
6264,0x4f284,1.000000,8,True,0,0
6265,0x4fb8be,0.000000,15,False,1,3
6266,0xb851b6,1.000000,12,True,0,0
6267,0x2b7fe6,1.000000,16,True,0,0
6268,0x2c257e,1.000000,12,True,0,0
6269,0xda646,0.333333,10,False,2,2
6270,0xf2e048,0.333333,10,False,2,2
6271,0x4723ad,1.000000,12,True,0,0
6272,0xc2e1cb,1.000000,12,True,0,0
6273,0xabcc52,1.000000,12,True,0,0
6274,0x3ff2d0,0.333333,14,False,2,2
6275,0x61f31e,0.666667,13,False,1,1
6276,0x8eb6f1,0.333333,14,False,2,2
6277,0xff0601,0.000000,11,False,1,3
6278,0xac55e2,1.000000,12,True,0,0
6279,0xa79baa,0.333333,14,False,2,2
6280,0xbaa989,1.000000,12,True,0,0
6281,0xdb062b,1.000000,12,True,0,0
6282,0x3fd9b2,0.000000,15,False,1,3
6283,0xf72e2f,1.000000,16,True,0,0
6284,0x44ecd7,0.666667,13,False,1,1
6285,0xc8466,1.000000,8,True,0,0
6286,0xff0200,0.666667,9,False,1,1
6287,0x4a7c57,0.666667,13,False,1,1
6288,0xfacfec,0.666667,17,False,1,1
6289,0x890929,1.000000,8,True,0,0
6290,0xb62bc,0.000000,11,False,1,3
6291,0x397189,0.000000,11,False,1,3
6292,0x6ab0d2,0.000000,11,False,1,3
6293,0x539ce6,0.666667,13,False,1,1
6294,0xeb726d,0.000000,15,False,1,3
6295,0xb5c98,0.333333,10,False,2,2
6296,0x30cf,1.000000,8,True,0,0
6297,0xf5d840,0.000000,11,False,1,3
6298,0xd7c91a,0.666667,13,False,1,1
6299,0xff938,0.666667,13,False,1,1
6300,0x839317,0.000000,11,False,1,3
6301,0xf568b,1.000000,12,True,0,0
6302,0xf0942e,0.000000,11,False,1,3
6303,0x96e7db,1.000000,16,True,0,0
6304,0xe02042,0.333333,6,False,2,2
6305,0x9eca5a,0.666667,13,False,1,1
6306,0x157ef8,0.333333,14,False,2,2
6307,0xfb564,1.000000,12,True,0,0
6308,0xd085e2,0.333333,10,False,2,2
6309,0xfebe12,0.000000,15,False,1,3
6310,0xbc765d,0.000000,15,False,1,3
6311,0xfe018d,1.000000,12,True,0,0
6312,0x591f5f,0.000000,15,False,1,3
6313,0xb578f9,0.000000,15,False,1,3
6314,0xbef885,0.333333,14,False,2,2
6315,0xa1024f,0.666667,9,False,1,1
6316,0x6d078d,1.000000,12,True,0,0
6317,0xd7db1,0.666667,13,False,1,1
6318,0x6ae65a,0.666667,13,False,1,1
6319,0x595170,0.333333,10,False,2,2
6320,0x3c0243,1.000000,8,True,0,0
6321,0xada7d7,1.000000,16,True,0,0
6322,0xad10de,1.000000,12,True,0,0
6323,0xcd5984,0.000000,11,False,1,3
6324,0x3f8c16,1.000000,12,True,0,0
6325,0xae8ddc,0.333333,14,False,2,2
6326,0x36ab64,1.000000,12,True,0,0
6327,0xef542a,0.666667,13,False,1,1
6328,0x2026ac,1.000000,8,True,0,0
6329,0xc65dfc,0.000000,15,False,1,3
6330,0x9ee19c,0.666667,13,False,1,1
6331,0xe22a79,1.000000,12,True,0,0
6332,0x2f58a4,0.000000,11,False,1,3
6333,0x618d9a,0.000000,11,False,1,3
6334,0xb3bef4,1.000000,16,True,0,0
6335,0x4866c,1.000000,8,True,0,0
6336,0xfee6d4,1.000000,16,True,0,0
6337,0x9ca890,0.666667,9,False,1,1
6338,0xbdf02b,0.333333,14,False,2,2
6339,0x35d8bf,0.000000,15,False,1,3
6340,0x7e4a40,0.333333,10,False,2,2
6341,0xe5023e,0.000000,11,False,1,3
6342,0x3cef98,0.333333,14,False,2,2
6343,0x692256,0.333333,10,False,2,2
6344,0xb9dc1f,0.000000,15,False,1,3
6345,0xef5e1f,0.666667,17,False,1,1
6346,0x95b6e5,0.333333,14,False,2,2
6347,0x3cc287,0.000000,11,False,1,3
6348,0x12fcf8,0.666667,13,False,1,1
6349,0x7cd89d,0.333333,14,False,2,2
6350,0x27a51c,0.000000,11,False,1,3
6351,0xc26e41,0.333333,10,False,2,2
6352,0x512dc5,0.000000,11,False,1,3
6353,0x4c5205,1.000000,8,True,0,0
6354,0x10bc51,0.666667,9,False,1,1
6355,0x881998,1.000000,8,True,0,0
6356,0x5787ab,0.333333,14,False,2,2
6357,0x6293ed,0.666667,13,False,1,1
6358,0x4af63d,0.333333,14,False,2,2
6359,0xf3a764,0.333333,14,False,2,2
6360,0xa6f6c,1.000000,12,True,0,0
6361,0x520026,0.333333,6,False,2,2
6362,0x930481,0.000000,7,False,1,3
6363,0x18bb0,1.000000,8,True,0,0
6364,0x94644a,0.666667,9,False,1,1
6365,0xc32323,0.333333,10,False,2,2
6366,0x92ff0c,0.666667,13,False,1,1
6367,0xb349a8,0.000000,11,False,1,3
6368,0x77957a,0.000000,15,False,1,3
6369,0x862636,0.333333,10,False,2,2
6370,0x9d699f,0.000000,15,False,1,3
6371,0x9948f9,1.000000,12,True,0,0
6372,0x54759c,1.000000,12,True,0,0
6373,0xc0a466,0.666667,9,False,1,1
6374,0xab26bb,0.333333,14,False,2,2
6375,0x20150f,1.000000,8,True,0,0
6376,0xf2cfcd,1.000000,16,True,0,0
6377,0xeef831,0.333333,14,False,2,2
6378,0x1ae19f,0.666667,13,False,1,1
6379,0x429c6a,0.333333,10,False,2,2
6380,0x7a9646,1.000000,12,True,0,0
6381,0xc46d6d,0.666667,13,False,1,1
6382,0xfdcfe4,0.666667,17,False,1,1
6383,0xe3b74c,0.333333,14,False,2,2
6384,0x80e14,0.333333,6,False,2,2
6385,0xa4f38c,1.000000,12,True,0,0
6386,0xe0ba25,0.000000,11,False,1,3
6387,0x3f3605,1.000000,12,True,0,0
6388,0x6e5612,0.000000,11,False,1,3
6389,0x962cc6,0.000000,11,False,1,3
6390,0xe2a43c,0.000000,11,False,1,3
6391,0x4e0d5c,0.000000,11,False,1,3
6392,0x504f,0.000000,7,False,1,3
6393,0x596b2e,0.666667,13,False,1,1
6394,0xcbed8d,0.000000,15,False,1,3
6395,0x539982,0.333333,10,False,2,2
6396,0xd77719,0.000000,15,False,1,3
6397,0xb16e9e,0.333333,14,False,2,2
6398,0x88d608,1.000000,8,True,0,0
6399,0xe128e8,0.333333,10,False,2,2
6400,0x1cfd01,0.000000,11,False,1,3
6401,0x986ad2,0.000000,11,False,1,3
6402,0x994e5d,0.666667,13,False,1,1
6403,0x8b484e,0.333333,10,False,2,2
6404,0x48fc97,0.666667,13,False,1,1
6405,0x10bed8,0.000000,11,False,1,3
6406,0xf09991,0.000000,11,False,1,3
6407,0xec853,0.333333,10,False,2,2
6408,0xaaed62,0.666667,13,False,1,1
6409,0x436b16,0.000000,11,False,1,3
6410,0xae8be1,0.666667,13,False,1,1
6411,0xab35e0,1.000000,12,True,0,0
6412,0xadb581,1.000000,12,True,0,0
6413,0xe6882e,0.000000,11,False,1,3
6414,0xb963bc,0.333333,14,False,2,2
6415,0x6dd2d7,0.000000,15,False,1,3
6416,0xd4efa5,0.000000,15,False,1,3
6417,0xf00aad,0.000000,11,False,1,3
6418,0x5b8ea2,1.000000,12,True,0,0
6419,0xffdae4,0.666667,17,False,1,1
6420,0x9807d4,0.333333,10,False,2,2
6421,0x2c4797,1.000000,12,True,0,0
6422,0x2c5f50,0.000000,11,False,1,3
6423,0xcbb111,0.000000,11,False,1,3
6424,0xea9706,1.000000,12,True,0,0
6425,0x901d1,0.000000,7,False,1,3
6426,0xc0f142,0.666667,9,False,1,1
6427,0x585351,0.333333,10,False,2,2
6428,0x1a1167,0.333333,10,False,2,2
6429,0x7ec05c,1.000000,12,True,0,0
6430,0x8f3d21,1.000000,12,True,0,0
6431,0x71ccef,0.000000,15,False,1,3
6432,0x64b006,1.000000,8,True,0,0
6433,0x58dd27,0.666667,13,False,1,1
6434,0xd01f6c,1.000000,12,True,0,0
6435,0x454ebc,1.000000,12,True,0,0
6436,0x3f8a7a,0.333333,14,False,2,2
6437,0xaaae0d,1.000000,12,True,0,0
6438,0x79b05f,0.333333,14,False,2,2
6439,0xb292f9,0.666667,13,False,1,1
6440,0x1a050f,0.666667,9,False,1,1
6441,0x5c59d2,1.000000,12,True,0,0
6442,0xead61b,0.333333,14,False,2,2
6443,0x6e81a8,0.333333,10,False,2,2
6444,0x4ab586,0.000000,11,False,1,3
6445,0x26aa9c,0.000000,11,False,1,3
6446,0xab4d3f,0.000000,15,False,1,3
6447,0x1bf3fe,0.666667,17,False,1,1
6448,0x671856,0.000000,11,False,1,3
6449,0x5618a5,0.333333,10,False,2,2
6450,0x5e17f5,0.000000,15,False,1,3
6451,0x2f6f25,0.333333,14,False,2,2
6452,0x1b558e,1.000000,12,True,0,0
6453,0x861080,0.666667,5,False,3,1
6454,0x559a1d,1.000000,12,True,0,0
6455,0x3a9ba3,0.666667,13,False,1,1
6456,0x8157c8,0.333333,10,False,2,2
6457,0x3d8380,0.666667,9,False,1,1
6458,0xc05f77,0.333333,14,False,2,2
6459,0xa83ac6,0.000000,11,False,1,3
6460,0xe8cbd7,0.000000,15,False,1,3
6461,0xf295f9,0.000000,15,False,1,3
6462,0xbf9f03,0.000000,15,False,1,3
6463,0x3de2f7,1.000000,16,True,0,0
6464,0xfa36bc,0.000000,15,False,1,3
6465,0x840e75,0.333333,10,False,2,2
6466,0x20b59b,0.000000,11,False,1,3
6467,0x9f40e3,1.000000,12,True,0,0
6468,0x5c67a7,0.333333,14,False,2,2
6469,0x86ed46,1.000000,12,True,0,0
6470,0x8d3617,1.000000,12,True,0,0
6471,0xa2ab13,0.000000,11,False,1,3
6472,0xcb59d8,0.666667,13,False,1,1
6473,0xe925f,1.000000,12,True,0,0
6474,0x23bf13,0.666667,13,False,1,1
6475,0xbfcd4a,0.000000,15,False,1,3
6476,0xd04996,0.333333,10,False,2,2
6477,0xe6dcee,1.000000,16,True,0,0
6478,0x3e3443,0.000000,11,False,1,3
6479,0xdc17ce,0.333333,14,False,2,2
6480,0x852f00,1.000000,8,True,0,0
6481,0x4baf84,1.000000,12,True,0,0
6482,0xd88b5,0.333333,10,False,2,2
6483,0x2ff1f4,0.000000,15,False,1,3
6484,0x47c2d,0.333333,10,False,2,2
6485,0xe76926,0.666667,13,False,1,1
6486,0x52c02,0.333333,6,False,2,2
6487,0xc0af19,0.000000,11,False,1,3
6488,0x77f8f8,1.000000,16,True,0,0
6489,0x1a63f9,0.666667,13,False,1,1
6490,0x1e9522,0.333333,10,False,2,2
6491,0x633ee7,0.000000,15,False,1,3
6492,0x331b5b,0.666667,13,False,1,1
6493,0x24d912,0.666667,9,False,1,1
6494,0x25d4bb,0.666667,13,False,1,1
6495,0xbf327d,1.000000,16,True,0,0
6496,0x554bbf,0.000000,15,False,1,3
6497,0x4bb0c9,0.000000,11,False,1,3
6498,0xf18615,0.000000,11,False,1,3
6499,0x8baecb,0.333333,14,False,2,2
6500,0xc56896,0.000000,11,False,1,3
6501,0xc6267b,0.666667,13,False,1,1
6502,0xedf4b0,0.333333,14,False,2,2
6503,0x25350b,0.333333,10,False,2,2
6504,0x586e74,1.000000,12,True,0,0
6505,0x6528f9,1.000000,12,True,0,0
6506,0x662317,0.000000,11,False,1,3
6507,0xd5bed1,0.000000,15,False,1,3
6508,0x474b66,1.000000,12,True,0,0
6509,0x831e92,0.333333,10,False,2,2
6510,0x5b93e0,1.000000,12,True,0,0
6511,0x235292,0.666667,9,False,1,1
6512,0x3b6800,1.000000,8,True,0,0
6513,0x5cf114,0.000000,11,False,1,3
6514,0x36a4d3,1.000000,12,True,0,0
6515,0x673,0.000000,7,False,1,3
6516,0x650205,0.000000,7,False,1,3
6517,0x3696a6,1.000000,12,True,0,0
6518,0xf7c940,1.000000,12,True,0,0
6519,0x2f51c9,1.000000,12,True,0,0
6520,0x5c5ce6,0.666667,13,False,1,1
6521,0x74d804,0.666667,9,False,1,1
6522,0x27565b,0.666667,13,False,1,1
6523,0x43d4e2,0.000000,11,False,1,3
6524,0x197696,1.000000,12,True,0,0
6525,0x288421,0.333333,6,False,2,2
6526,0x40e638,0.666667,9,False,1,1
6527,0xa4abae,0.666667,13,False,1,1
6528,0x7eb533,0.000000,15,False,1,3
6529,0x1bd039,0.000000,11,False,1,3
6530,0x1ca5af,0.666667,13,False,1,1
6531,0xb846a0,0.666667,9,False,1,1
6532,0xf22e3f,0.000000,15,False,1,3
6533,0x1bf6,0.333333,10,False,2,2
6534,0x613ef7,0.000000,15,False,1,3
6535,0x885dbc,1.000000,12,True,0,0
6536,0x70b836,0.000000,11,False,1,3
6537,0x85f496,1.000000,12,True,0,0
6538,0xbfce62,0.000000,15,False,1,3
6539,0x622f89,0.000000,11,False,1,3
6540,0xf60420,1.000000,8,True,0,0
6541,0x3dab11,1.000000,12,True,0,0
6542,0x23d366,1.000000,12,True,0,0
6543,0x2979cf,0.333333,14,False,2,2
6544,0xd7198b,0.666667,13,False,1,1
6545,0x93aef0,0.666667,13,False,1,1
6546,0xfe7c8a,0.000000,15,False,1,3
6547,0xf21e16,1.000000,12,True,0,0
6548,0x2a1d7a,1.000000,12,True,0,0
6549,0xba811d,0.000000,11,False,1,3
6550,0x6542db,1.000000,12,True,0,0
6551,0xbf25de,1.000000,16,True,0,0
6552,0x11d171,0.333333,10,False,2,2
6553,0xe8dd88,1.000000,12,True,0,0
6554,0xc6eedf,0.666667,17,False,1,1
6555,0x645408,0.000000,7,False,1,3
6556,0xe98ace,0.666667,13,False,1,1
6557,0x190c09,0.000000,7,False,1,3
6558,0x8c0c7b,0.000000,11,False,1,3
6559,0x1d4cbd,0.666667,13,False,1,1
6560,0xa4818,0.333333,6,False,2,2
6561,0xe95db9,0.000000,15,False,1,3
6562,0x4caaf6,0.666667,13,False,1,1
6563,0x4a5501,1.000000,8,True,0,0
6564,0xbbcdbe,0.666667,17,False,1,1
6565,0x2fdb82,0.666667,13,False,1,1
6566,0x10e3d,0.666667,9,False,1,1
6567,0x37639,0.000000,11,False,1,3
6568,0x6d0f9c,0.666667,13,False,1,1
6569,0x10cc0f,0.666667,9,False,1,1
6570,0xdfdc48,0.333333,14,False,2,2
6571,0xca0f82,0.333333,10,False,2,2
6572,0x572954,0.000000,11,False,1,3
6573,0x921039,1.000000,8,True,0,0
6574,0x3ba238,0.000000,11,False,1,3
6575,0x60e8eb,1.000000,12,True,0,0
6576,0x7fe74,0.333333,14,False,2,2
6577,0x5df7c6,1.000000,16,True,0,0
6578,0x8f74a1,1.000000,12,True,0,0
6579,0x249545,0.666667,9,False,1,1
6580,0x2b3a1,0.666667,9,False,1,1
6581,0x3b302a,0.333333,10,False,2,2
6582,0x9a30cf,1.000000,12,True,0,0
6583,0x2fe12b,0.666667,13,False,1,1
6584,0x5317d8,1.000000,12,True,0,0
6585,0x8a52bd,1.000000,12,True,0,0
6586,0x53f0aa,1.000000,12,True,0,0
6587,0x233947,0.000000,11,False,1,3
6588,0xec49cc,1.000000,12,True,0,0
6589,0x9cb337,0.333333,14,False,2,2
6590,0xf1a2c7,0.666667,13,False,1,1
6591,0x33f34e,0.333333,14,False,2,2
6592,0xc7cfc,0.666667,13,False,1,1
6593,0x109d11,1.000000,8,True,0,0
6594,0x5ed604,0.000000,11,False,1,3
6595,0xceeff8,0.666667,17,False,1,1
6596,0x679b95,0.333333,14,False,2,2
6597,0x24c12c,1.000000,8,True,0,0
6598,0x848bd4,0.333333,10,False,2,2
6599,0x9ee7b8,0.000000,15,False,1,3
6600,0xc76cae,0.333333,14,False,2,2
6601,0xeabb6b,1.000000,16,True,0,0
6602,0x61f533,0.666667,13,False,1,1
6603,0xcc41fd,0.666667,13,False,1,1
6604,0x69d166,1.000000,12,True,0,0
6605,0xfec337,1.000000,16,True,0,0
6606,0x345f0b,1.000000,12,True,0,0
6607,0x122382,0.000000,7,False,1,3
6608,0xba749b,0.333333,14,False,2,2
6609,0x7f86e3,0.000000,15,False,1,3
6610,0x4804c9,0.000000,7,False,1,3
6611,0x9d5189,0.000000,11,False,1,3
6612,0xc20ffc,0.666667,13,False,1,1
6613,0x16f1d7,0.333333,14,False,2,2
6614,0x6a4dd5,0.666667,13,False,1,1
6615,0x4f27f8,0.333333,14,False,2,2
6616,0xd587b2,0.666667,13,False,1,1
6617,0xba4d4d,0.666667,13,False,1,1
6618,0x3c50b1,0.333333,10,False,2,2
6619,0xd85574,1.000000,12,True,0,0
6620,0x492c9c,0.333333,10,False,2,2
6621,0xf3797d,0.666667,17,False,1,1
6622,0xbb7c5b,1.000000,16,True,0,0
6623,0x9d36fa,0.000000,15,False,1,3
6624,0xe7f7d3,0.333333,18,False,2,2
6625,0xbfabc5,1.000000,16,True,0,0
6626,0x45aaf5,0.666667,13,False,1,1
6627,0x1f51a1,0.000000,11,False,1,3
6628,0x800b70,0.000000,7,False,1,3
6629,0x572c13,0.000000,11,False,1,3
6630,0xda6b9a,0.333333,14,False,2,2
6631,0xc4e80c,0.666667,9,False,1,1
6632,0x8c8bcd,1.000000,12,True,0,0
6633,0xf5fe75,0.333333,18,False,2,2
6634,0x150ff5,0.666667,13,False,1,1
6635,0xbb2164,0.000000,11,False,1,3
6636,0xc20749,0.666667,9,False,1,1
6637,0x477ad7,0.000000,15,False,1,3
6638,0xdba7a1,0.333333,14,False,2,2
6639,0x6afd73,1.000000,16,True,0,0
6640,0xc5988c,0.333333,10,False,2,2
6641,0x5f9d28,0.666667,13,False,1,1
6642,0xa6c4f1,1.000000,12,True,0,0
6643,0x6cbdc9,0.333333,14,False,2,2
6644,0x1e0f32,0.000000,11,False,1,3
6645,0x96d752,0.666667,13,False,1,1
6646,0xa31d45,0.000000,11,False,1,3
6647,0xc1cc0c,0.666667,9,False,1,1
6648,0xa99222,0.666667,9,False,1,1
6649,0x7c00fa,0.000000,11,False,1,3
6650,0xa6c25d,1.000000,12,True,0,0
6651,0x2a4126,1.000000,8,True,0,0
6652,0x6a6910,0.666667,9,False,1,1
6653,0x50a6c3,0.333333,10,False,2,2
6654,0xc86b85,0.000000,11,False,1,3
6655,0x121ac2,1.000000,8,True,0,0
6656,0x79a90,0.666667,9,False,1,1
6657,0x928cf0,0.333333,10,False,2,2
6658,0x42264b,0.666667,9,False,1,1
6659,0xb79299,0.666667,13,False,1,1
6660,0xef96e6,1.000000,16,True,0,0
6661,0x4b0ca9,0.333333,10,False,2,2
6662,0x8af8b,0.000000,11,False,1,3
6663,0xcc19a,0.666667,9,False,1,1
6664,0x3732a,0.333333,10,False,2,2
6665,0x2c7cc,0.333333,10,False,2,2
6666,0x363d0a,0.000000,11,False,1,3
6667,0x9d5bb9,0.000000,15,False,1,3
6668,0xa30c49,0.666667,9,False,1,1
6669,0xe98ffd,0.666667,17,False,1,1
6670,0x24e4a7,0.000000,11,False,1,3
6671,0xb6c129,0.000000,11,False,1,3
6672,0x208a09,0.333333,6,False,2,2
6673,0xb5b042,0.333333,10,False,2,2
6674,0x6536e6,0.666667,13,False,1,1
6675,0x43de60,0.000000,11,False,1,3
6676,0xc6776c,0.333333,14,False,2,2
6677,0x1d0bab,1.000000,12,True,0,0
6678,0x298d96,0.000000,11,False,1,3
6679,0x11abaa,0.000000,11,False,1,3
6680,0xb64b78,0.666667,13,False,1,1
6681,0xfe4a56,0.333333,14,False,2,2
6682,0x3faf34,0.000000,15,False,1,3
6683,0xcb84d,0.333333,10,False,2,2
6684,0xd7ec96,0.000000,15,False,1,3
6685,0x3bc248,0.333333,10,False,2,2
6686,0xbe4e94,0.666667,13,False,1,1
6687,0xb6bc9a,0.333333,14,False,2,2
6688,0x63668,0.666667,9,False,1,1
6689,0xd0d40e,0.333333,10,False,2,2
6690,0xe98fd0,0.666667,13,False,1,1
6691,0x1e69e4,1.000000,12,True,0,0
6692,0xef9154,0.666667,13,False,1,1
6693,0x11d718,0.333333,10,False,2,2
6694,0x448d18,1.000000,8,True,0,0
6695,0x19cf95,0.666667,13,False,1,1
6696,0x3cc619,0.000000,11,False,1,3
6697,0x521131,1.000000,8,True,0,0
6698,0x44d272,0.333333,10,False,2,2
6699,0xa223b,0.666667,9,False,1,1
6700,0xf9499d,0.333333,14,False,2,2
6701,0xe094b5,0.000000,11,False,1,3
6702,0x28ffd5,0.000000,15,False,1,3
6703,0x5e661e,0.666667,13,False,1,1
6704,0xf08263,0.333333,10,False,2,2
6705,0xbaae7e,1.000000,16,True,0,0
6706,0xc89e5f,0.333333,14,False,2,2
6707,0x1acf09,0.000000,11,False,1,3
6708,0x28af0f,1.000000,12,True,0,0
6709,0xcddfdb,0.333333,18,False,2,2
6710,0xa0911f,0.333333,10,False,2,2
6711,0x3de58b,0.333333,14,False,2,2
6712,0x753c76,0.333333,14,False,2,2
6713,0x71569e,0.666667,13,False,1,1
6714,0xc3b5a9,0.666667,13,False,1,1
6715,0xb99bc5,0.333333,14,False,2,2
6716,0xaa3a4f,0.666667,13,False,1,1
6717,0x1575d3,0.666667,13,False,1,1
6718,0x87865f,0.666667,13,False,1,1
6719,0xb54a51,0.000000,11,False,1,3
6720,0x3eeddf,0.333333,18,False,2,2
6721,0xc647b4,1.000000,12,True,0,0
6722,0x2c390f,0.000000,11,False,1,3
6723,0x7ac8f0,1.000000,12,True,0,0
6724,0x4c0b5c,0.333333,10,False,2,2
6725,0x4de78,0.000000,11,False,1,3
6726,0x2c0da,1.000000,8,True,0,0
6727,0xfaf06a,0.333333,14,False,2,2
6728,0xa7fd1,0.666667,13,False,1,1
6729,0xfec8c2,0.666667,13,False,1,1
6730,0xe30d4b,1.000000,12,True,0,0
6731,0x22885c,1.000000,8,True,0,0
6732,0xfab2e5,0.000000,15,False,1,3
6733,0x601c25,1.000000,8,True,0,0
6734,0xd78503,0.000000,11,False,1,3
6735,0x487cac,0.000000,11,False,1,3
6736,0x361f42,0.000000,11,False,1,3
6737,0x8bc6c3,1.000000,12,True,0,0
6738,0xf45eab,0.000000,15,False,1,3
6739,0x36c5bd,0.333333,14,False,2,2
6740,0x40402c,0.666667,5,False,3,1
6741,0xa84711,0.666667,9,False,1,1
6742,0x92fe11,1.000000,12,True,0,0
6743,0x9845bf,0.666667,13,False,1,1
6744,0xde4b45,0.666667,13,False,1,1
6745,0x642b6c,0.000000,11,False,1,3
6746,0xf28881,0.666667,9,False,1,1
6747,0xc0414c,0.000000,7,False,1,3
6748,0x499c,0.000000,7,False,1,3
6749,0x56352,0.666667,9,False,1,1
6750,0x431c3f,1.000000,12,True,0,0
6751,0x217483,0.666667,9,False,1,1
6752,0x20128e,0.000000,7,False,1,3
6753,0xc5e025,0.333333,10,False,2,2
6754,0x90e9e6,1.000000,12,True,0,0
6755,0xba91f6,0.333333,14,False,2,2
6756,0xc55331,0.000000,11,False,1,3
6757,0xc356b6,0.666667,13,False,1,1
6758,0xae46d6,0.666667,13,False,1,1
6759,0x341fe8,1.000000,12,True,0,0
6760,0x2553f9,0.666667,13,False,1,1
6761,0x7e84d2,1.000000,12,True,0,0
6762,0x4ef38b,0.333333,14,False,2,2
6763,0xa7dbe0,0.333333,14,False,2,2
6764,0x100fc9,0.666667,9,False,1,1
6765,0xe25e98,1.000000,12,True,0,0
6766,0x9714c,0.666667,9,False,1,1
6767,0x9db24c,1.000000,12,True,0,0
6768,0xb53b9,1.000000,12,True,0,0
6769,0x1982cd,0.333333,10,False,2,2
6770,0x9ee8b0,1.000000,12,True,0,0
6771,0xcf6d71,0.000000,15,False,1,3
6772,0x48c7f6,0.666667,13,False,1,1
6773,0xbd31d2,0.666667,13,False,1,1
6774,0x7c6c77,0.000000,15,False,1,3
6775,0xb9f65c,0.000000,15,False,1,3
6776,0x2e993,0.333333,10,False,2,2
6777,0x923ec,0.333333,10,False,2,2
6778,0x52d03d,0.000000,11,False,1,3
6779,0x50e130,1.000000,8,True,0,0
6780,0x8170e7,0.000000,11,False,1,3
6781,0xf0c633,1.000000,12,True,0,0
6782,0xea2677,0.333333,14,False,2,2
6783,0x361c24,0.666667,9,False,1,1
6784,0x34ea15,0.000000,11,False,1,3
6785,0xe5e52d,0.333333,14,False,2,2
6786,0xe3b7f7,0.333333,18,False,2,2
6787,0x8032b8,1.000000,8,True,0,0
6788,0x6315a3,0.000000,11,False,1,3
6789,0x99fbf6,0.666667,17,False,1,1
6790,0x17c2b7,0.666667,13,False,1,1
6791,0xc0351,0.000000,7,False,1,3
6792,0x7703e3,0.666667,13,False,1,1
6793,0x94ff7a,1.000000,16,True,0,0
6794,0xbc0418,1.000000,8,True,0,0
6795,0x7f0a8a,1.000000,12,True,0,0
6796,0x3ab849,0.000000,11,False,1,3
6797,0x778de7,1.000000,16,True,0,0
6798,0x587902,0.666667,9,False,1,1
6799,0x7e72e2,0.333333,14,False,2,2
6800,0x41b333,0.000000,11,False,1,3
6801,0x869548,0.666667,9,False,1,1
6802,0x4c4f72,1.000000,12,True,0,0
6803,0xd0048c,0.000000,7,False,1,3
6804,0xd98a99,1.000000,12,True,0,0
6805,0xe40686,0.666667,9,False,1,1
6806,0xe41d26,0.000000,11,False,1,3
6807,0xc608cc,0.666667,9,False,1,1
6808,0xedb26e,0.000000,15,False,1,3
6809,0xf43f5c,0.000000,15,False,1,3
6810,0x532ba9,1.000000,12,True,0,0
6811,0x4f0892,0.666667,9,False,1,1
6812,0x422d4b,0.333333,10,False,2,2
6813,0x7d4886,0.000000,11,False,1,3
6814,0xa0901e,1.000000,8,True,0,0
6815,0xc5b7c,1.000000,12,True,0,0
6816,0xd70223,0.333333,10,False,2,2
6817,0x844ac0,0.000000,7,False,1,3
6818,0xcf309d,0.666667,13,False,1,1
6819,0x933a3f,0.333333,14,False,2,2
6820,0xe43c94,0.000000,11,False,1,3
6821,0xa9cf1a,0.666667,13,False,1,1
6822,0xce25ab,0.666667,13,False,1,1
6823,0x973795,0.333333,14,False,2,2
6824,0x5f2229,0.000000,11,False,1,3
6825,0x1e2e9e,0.666667,13,False,1,1
6826,0x890242,0.333333,6,False,2,2
6827,0x105000,0.000000,3,False,3,3
6828,0xc7a097,1.000000,12,True,0,0
6829,0x1cd51d,1.000000,12,True,0,0
6830,0xfbe6d4,1.000000,16,True,0,0
6831,0x522afe,0.666667,13,False,1,1
6832,0xc45c30,0.666667,9,False,1,1
6833,0x796bb5,0.000000,15,False,1,3
6834,0x6fd468,0.666667,13,False,1,1
6835,0x746fef,0.666667,17,False,1,1
6836,0xbaee98,0.333333,14,False,2,2
6837,0x5ab7b6,0.000000,15,False,1,3
6838,0x92bae8,1.000000,12,True,0,0
6839,0xc16cfd,0.333333,14,False,2,2
6840,0xe86dbd,0.000000,15,False,1,3
6841,0xf0ba56,0.666667,13,False,1,1
6842,0x2e9807,0.333333,10,False,2,2
6843,0x1cb035,0.333333,10,False,2,2
6844,0xfc18ce,0.666667,13,False,1,1
6845,0x1f0bc1,0.000000,11,False,1,3
6846,0x228395,0.666667,9,False,1,1
6847,0x13a935,0.000000,11,False,1,3
6848,0xfa7f56,0.666667,17,False,1,1
6849,0xacdf85,0.333333,14,False,2,2
6850,0x748c0a,0.666667,9,False,1,1
6851,0xb45209,0.666667,9,False,1,1
6852,0x169eab,0.666667,13,False,1,1
6853,0x898f5f,0.333333,14,False,2,2
6854,0x576ef3,1.000000,16,True,0,0
6855,0xd281e7,1.000000,12,True,0,0
6856,0x54e9f,1.000000,12,True,0,0
6857,0x84a93b,0.000000,11,False,1,3
6858,0x5b0c1e,0.000000,11,False,1,3
6859,0x95189f,1.000000,12,True,0,0
6860,0xaf1a34,1.000000,12,True,0,0
6861,0xaf4219,0.000000,11,False,1,3
6862,0xe06587,0.000000,11,False,1,3
6863,0x3b198d,1.000000,12,True,0,0
6864,0xae5b2e,0.333333,14,False,2,2
6865,0x235a6c,0.000000,11,False,1,3
6866,0x8e6efc,0.000000,15,False,1,3
6867,0x7628ca,0.000000,11,False,1,3
6868,0xc88089,0.000000,7,False,1,3
6869,0xe20592,0.666667,9,False,1,1
6870,0xcf598a,0.666667,13,False,1,1
6871,0xb11aa,0.666667,9,False,1,1
6872,0x28e9af,0.666667,13,False,1,1
6873,0xd4ac74,1.000000,12,True,0,0
6874,0x2bfbe5,1.000000,16,True,0,0
6875,0xda2d8a,1.000000,12,True,0,0
6876,0x31f2ff,1.000000,16,True,0,0
6877,0x78f81a,1.000000,12,True,0,0
6878,0x2b585c,0.000000,11,False,1,3
6879,0x68458c,0.666667,9,False,1,1
6880,0x7b0018,1.000000,8,True,0,0
6881,0x1cc036,0.666667,9,False,1,1
6882,0x28d763,1.000000,12,True,0,0
6883,0xe1b9cf,0.000000,15,False,1,3
6884,0xfa4fc,0.666667,13,False,1,1
6885,0x9618b5,0.000000,11,False,1,3
6886,0xa46d45,0.000000,11,False,1,3
6887,0x264f65,1.000000,12,True,0,0
6888,0xb2c7fb,1.000000,16,True,0,0
6889,0xb17f49,0.333333,14,False,2,2
6890,0x4cec45,0.000000,11,False,1,3
6891,0xf64c33,0.666667,13,False,1,1
6892,0xbd03f0,1.000000,12,True,0,0
6893,0x69588a,0.333333,10,False,2,2
6894,0x46a3e5,1.000000,12,True,0,0
6895,0x4a8360,1.000000,8,True,0,0
6896,0xf3e35e,1.000000,16,True,0,0
6897,0xd841a3,0.333333,10,False,2,2
6898,0x4ac47,0.666667,9,False,1,1
6899,0x628308,0.000000,7,False,1,3
6900,0x6f9969,0.333333,14,False,2,2
6901,0xb95ef6,1.000000,16,True,0,0
6902,0x980d28,1.000000,8,True,0,0
6903,0x45e497,1.000000,12,True,0,0
6904,0x5824ea,0.333333,10,False,2,2
6905,0xe8a3fb,0.000000,15,False,1,3
6906,0x40b8a2,1.000000,8,True,0,0
6907,0x69499b,1.000000,12,True,0,0
6908,0x48a43c,0.666667,9,False,1,1
6909,0x486fdf,0.000000,15,False,1,3
6910,0xf08c19,0.333333,10,False,2,2
6911,0xe00443,0.000000,7,False,1,3
6912,0x71659f,0.333333,14,False,2,2
6913,0x86012,0.666667,5,False,3,1
6914,0x6c268e,0.000000,11,False,1,3
6915,0xae0437,0.000000,11,False,1,3
6916,0x688a02,0.000000,7,False,1,3
6917,0x74056a,0.333333,10,False,2,2
6918,0x7b8817,1.000000,12,True,0,0
6919,0x756a6,0.000000,11,False,1,3
6920,0x1a56f8,1.000000,12,True,0,0
6921,0xc44dfb,0.333333,14,False,2,2
6922,0x385be7,0.333333,14,False,2,2
6923,0x9434a6,0.333333,10,False,2,2
6924,0x35f6a7,0.000000,15,False,1,3
6925,0x93ec22,0.000000,11,False,1,3
6926,0x1531fa,1.000000,12,True,0,0
6927,0xe7d77d,0.333333,18,False,2,2
6928,0xa1785,0.666667,9,False,1,1
6929,0xcb87b5,0.333333,14,False,2,2
6930,0xb3759c,0.333333,14,False,2,2
6931,0xfc1d8e,0.333333,14,False,2,2
6932,0x8c18b7,0.000000,11,False,1,3
6933,0x86527,0.666667,9,False,1,1
6934,0xf8bb1,1.000000,12,True,0,0
6935,0xcad8fb,0.000000,15,False,1,3
6936,0x20a21,0.666667,5,False,3,1
6937,0x854d6a,0.000000,11,False,1,3
6938,0x2e8a86,0.333333,10,False,2,2
6939,0xe8ee1d,0.333333,14,False,2,2
6940,0x480abb,0.333333,10,False,2,2
6941,0xb71bea,0.000000,15,False,1,3
6942,0x6ac2ca,0.000000,11,False,1,3
6943,0xc4713d,1.000000,12,True,0,0
6944,0xc55e4e,0.666667,13,False,1,1
6945,0x4d1107,0.666667,9,False,1,1
6946,0x15a59a,0.000000,11,False,1,3
6947,0xa6af56,0.333333,14,False,2,2
6948,0x760465,0.333333,10,False,2,2
6949,0xd41bc6,1.000000,12,True,0,0
6950,0xcfc5e0,0.666667,13,False,1,1
6951,0xd82e66,1.000000,12,True,0,0
6952,0xef8714,0.666667,13,False,1,1
6953,0x7abde1,0.000000,15,False,1,3
6954,0xc93fc6,0.333333,14,False,2,2
6955,0xee3e8c,0.333333,14,False,2,2
6956,0x1d837a,1.000000,12,True,0,0
6957,0x7ee63b,1.000000,16,True,0,0
6958,0xa0be0b,0.000000,11,False,1,3
6959,0x7ef09c,0.333333,14,False,2,2
6960,0xf74bb0,0.333333,14,False,2,2
6961,0xcb577f,0.666667,17,False,1,1
6962,0x7063ac,0.000000,11,False,1,3
6963,0x2905d4,0.666667,9,False,1,1
6964,0x1201dd,0.666667,9,False,1,1
6965,0xa8b1c2,0.333333,10,False,2,2
6966,0x6734a0,0.333333,10,False,2,2
6967,0xebb08,0.333333,10,False,2,2
6968,0xfb1e60,0.666667,13,False,1,1
6969,0xd78b0c,1.000000,12,True,0,0
6970,0x7f99f7,0.333333,18,False,2,2
6971,0x7baec,0.666667,13,False,1,1
6972,0x5e72a5,0.666667,13,False,1,1
6973,0x479eb1,0.666667,13,False,1,1
6974,0x779238,1.000000,12,True,0,0
6975,0x2ea521,0.333333,10,False,2,2
6976,0xe4ef56,0.000000,15,False,1,3
6977,0xdbec02,1.000000,12,True,0,0
6978,0x7e0a92,0.000000,11,False,1,3
6979,0x66ad37,0.333333,14,False,2,2
6980,0xbb679f,0.666667,17,False,1,1
6981,0x72a34,0.666667,9,False,1,1
6982,0x34ce56,1.000000,12,True,0,0
6983,0xf4a408,0.666667,9,False,1,1
6984,0x5858d8,0.333333,10,False,2,2
6985,0x87d28d,1.000000,12,True,0,0
6986,0x5b448a,0.333333,10,False,2,2
6987,0x1dd8b3,0.666667,13,False,1,1
6988,0x711bc,0.333333,10,False,2,2
6989,0x542123,1.000000,8,True,0,0
6990,0x415820,0.333333,6,False,2,2
6991,0xe706a1,0.000000,11,False,1,3
6992,0x212a03,0.000000,7,False,1,3
6993,0x1cd607,0.000000,11,False,1,3
6994,0xd2498a,0.333333,10,False,2,2
6995,0x3f1eab,0.000000,15,False,1,3
6996,0xa23d4d,1.000000,12,True,0,0
6997,0xe9b987,0.333333,14,False,2,2
6998,0x872182,1.000000,8,True,0,0
6999,0xc46e96,1.000000,12,True,0,0
7000,0xc0cae0,0.666667,9,False,1,1
7001,0xeea242,0.000000,11,False,1,3
7002,0xd4f434,1.000000,12,True,0,0
7003,0xfc4642,0.000000,11,False,1,3
7004,0x2ee688,0.000000,11,False,1,3
7005,0xc84346,0.666667,9,False,1,1
7006,0xc1fdcf,1.000000,16,True,0,0
7007,0xab3ec8,0.666667,13,False,1,1
7008,0x95dd7,0.666667,13,False,1,1
7009,0x74faab,0.000000,15,False,1,3
7010,0xf4eadb,1.000000,16,True,0,0
7011,0xd437ed,0.000000,15,False,1,3
7012,0xfc92ab,0.333333,14,False,2,2
7013,0xaa139b,1.000000,12,True,0,0
7014,0x8ed127,1.000000,12,True,0,0
7015,0xbe5799,0.000000,15,False,1,3
7016,0x534fde,0.000000,15,False,1,3
7017,0x966475,1.000000,12,True,0,0
7018,0x6b269a,1.000000,12,True,0,0
7019,0x96fc41,1.000000,12,True,0,0
7020,0xdfff06,0.666667,17,False,1,1
7021,0xd1b5d4,0.666667,13,False,1,1
7022,0x12d33,0.666667,9,False,1,1
7023,0x3ae506,0.000000,11,False,1,3
7024,0xff7c87,0.666667,17,False,1,1
7025,0x6f2eee,1.000000,16,True,0,0
7026,0x43c794,0.000000,11,False,1,3
7027,0x20cac4,1.000000,8,True,0,0
7028,0x9747d1,0.666667,13,False,1,1
7029,0x68975b,0.666667,13,False,1,1
7030,0xe1e876,0.666667,13,False,1,1
7031,0x405944,0.000000,7,False,1,3
7032,0x43ccaf,0.666667,13,False,1,1
7033,0x4a5e0f,1.000000,12,True,0,0
7034,0xf57b50,0.333333,14,False,2,2
7035,0x2a5e72,1.000000,12,True,0,0
7036,0xf07204,0.666667,9,False,1,1
7037,0xcdc337,0.333333,14,False,2,2
7038,0x9729fd,0.000000,15,False,1,3
7039,0x2d9723,1.000000,12,True,0,0
7040,0x54dce9,0.666667,13,False,1,1
7041,0xaad9ea,0.333333,14,False,2,2
7042,0xe2a6a0,0.333333,10,False,2,2
7043,0xd65e8,0.000000,11,False,1,3
7044,0xd923fd,0.000000,15,False,1,3
7045,0x27573a,0.666667,13,False,1,1
7046,0x6639d7,0.333333,14,False,2,2
7047,0xb59b31,0.666667,13,False,1,1
7048,0x547ffc,1.000000,16,True,0,0
7049,0xec31a4,0.000000,11,False,1,3
7050,0xb19de2,0.666667,13,False,1,1
7051,0x6157b5,0.666667,13,False,1,1
7052,0x27bef9,1.000000,16,True,0,0
7053,0xd2c4b8,0.000000,11,False,1,3
7054,0xc33967,0.666667,13,False,1,1
7055,0xb07fff,0.333333,18,False,2,2
7056,0x5767db,1.000000,16,True,0,0
7057,0x23bf66,0.333333,14,False,2,2
7058,0x8ce690,0.333333,10,False,2,2
7059,0x81b257,0.000000,11,False,1,3
7060,0x5155e3,1.000000,12,True,0,0
7061,0xc5f1a,0.000000,11,False,1,3
7062,0xce5b7d,1.000000,16,True,0,0
7063,0xc2d779,0.333333,14,False,2,2
7064,0x43f81e,1.000000,12,True,0,0
7065,0xd07404,1.000000,8,True,0,0
7066,0x34d892,0.333333,10,False,2,2
7067,0x218a4b,0.666667,9,False,1,1
7068,0xde45b6,0.333333,14,False,2,2
7069,0x9df590,0.666667,13,False,1,1
7070,0x3fc37c,0.000000,15,False,1,3
7071,0xb90ac7,1.000000,12,True,0,0
7072,0xc236f8,1.000000,12,True,0,0
7073,0xf732e0,0.666667,13,False,1,1
7074,0x21e221,1.000000,8,True,0,0
7075,0x15dfa7,0.000000,15,False,1,3
7076,0xdd213,0.333333,10,False,2,2
7077,0xe5dae5,0.000000,15,False,1,3
7078,0x2280ba,1.000000,8,True,0,0
7079,0xd6be74,0.000000,15,False,1,3
7080,0x4eae6c,0.666667,13,False,1,1
7081,0xaa65bc,0.666667,13,False,1,1
7082,0x177d54,0.666667,13,False,1,1
7083,0x6f0148,0.666667,9,False,1,1
7084,0x822b63,0.333333,10,False,2,2
7085,0xc96058,0.666667,9,False,1,1
7086,0xb1f0b1,1.000000,12,True,0,0
7087,0xc21a39,0.333333,10,False,2,2
7088,0x81279,1.000000,8,True,0,0
7089,0x182257,0.666667,9,False,1,1
7090,0xcdbbb5,1.000000,16,True,0,0
7091,0x719b9,0.000000,11,False,1,3
7092,0x5d4964,0.000000,11,False,1,3
7093,0x5d08d4,0.333333,10,False,2,2
7094,0x78a5da,0.666667,13,False,1,1
7095,0x22981e,0.666667,9,False,1,1
7096,0xe67ca0,1.000000,12,True,0,0
7097,0xe5dafb,0.666667,17,False,1,1
7098,0x1f6dda,0.000000,15,False,1,3
7099,0x993a35,1.000000,12,True,0,0
7100,0x1993ab,1.000000,12,True,0,0
7101,0x6bae06,1.000000,12,True,0,0
7102,0x96dbf1,0.000000,15,False,1,3
7103,0xc0a690,1.000000,8,True,0,0
7104,0x801356,1.000000,8,True,0,0
7105,0x9dd27f,1.000000,16,True,0,0
7106,0x68a444,1.000000,8,True,0,0
7107,0xa6676f,0.000000,15,False,1,3
7108,0x305f05,0.333333,10,False,2,2
7109,0x8a7c89,0.000000,11,False,1,3
7110,0x7734a5,0.666667,13,False,1,1
7111,0x45d714,0.000000,11,False,1,3
7112,0xdb5fb1,1.000000,16,True,0,0
7113,0xd959b5,0.333333,14,False,2,2
7114,0xd8bfb0,0.333333,14,False,2,2
7115,0x7dad6,0.666667,13,False,1,1
7116,0x89e7ef,1.000000,16,True,0,0
7117,0xf65d16,0.333333,14,False,2,2
7118,0xf7df31,0.666667,17,False,1,1
7119,0xed6fbd,0.333333,18,False,2,2
7120,0x6bc572,0.666667,13,False,1,1
7121,0xc9e7b3,0.000000,15,False,1,3
7122,0x4012b2,0.000000,7,False,1,3
7123,0xc63e55,0.666667,13,False,1,1
7124,0xbedaf4,1.000000,16,True,0,0
7125,0xa1c8aa,0.333333,10,False,2,2
7126,0xc9f7ee,0.666667,17,False,1,1
7127,0x96f8e8,0.666667,13,False,1,1
7128,0x563170,0.333333,10,False,2,2
7129,0x7bb0e5,0.333333,14,False,2,2
7130,0xc226a0,1.000000,8,True,0,0
7131,0xd7be1a,0.000000,15,False,1,3
7132,0x15b4e4,0.000000,11,False,1,3
7133,0xe8b122,0.333333,10,False,2,2
7134,0xb02fd4,1.000000,12,True,0,0
7135,0xff4b33,1.000000,16,True,0,0
7136,0xd5fe4e,1.000000,16,True,0,0
7137,0x4e59d4,1.000000,12,True,0,0
7138,0xf8cf10,1.000000,12,True,0,0
7139,0xa558bc,1.000000,12,True,0,0
7140,0xd7f238,0.333333,14,False,2,2
7141,0x14bfa3,0.666667,13,False,1,1
7142,0xde17fb,0.666667,17,False,1,1
7143,0x89117f,1.000000,12,True,0,0
7144,0x18c701,1.000000,8,True,0,0
7145,0xad98fd,0.000000,15,False,1,3
7146,0xf3a29f,0.000000,15,False,1,3
7147,0xd0a8da,0.000000,11,False,1,3
7148,0xf01e6c,1.000000,12,True,0,0
7149,0x8a110e,1.000000,8,True,0,0
7150,0x1005c9,0.000000,7,False,1,3
7151,0x5c8f90,0.000000,11,False,1,3
7152,0xf2728c,1.000000,12,True,0,0
7153,0xd64073,0.000000,11,False,1,3
7154,0x9a6f9b,0.000000,15,False,1,3
7155,0x8b0f0,1.000000,8,True,0,0
7156,0x7cb363,0.333333,14,False,2,2
7157,0x93bedb,1.000000,16,True,0,0
7158,0x259a6e,1.000000,12,True,0,0
7159,0xd307c4,0.000000,11,False,1,3
7160,0xac4172,0.333333,10,False,2,2
7161,0x95539c,1.000000,12,True,0,0
7162,0xfb3418,1.000000,12,True,0,0
7163,0x2066c0,0.000000,7,False,1,3
7164,0xade3e9,0.000000,15,False,1,3
7165,0xef7fb9,0.000000,19,False,3,3
7166,0x49c76b,0.666667,13,False,1,1
7167,0x3fcb57,1.000000,16,True,0,0
7168,0xd1a829,0.333333,10,False,2,2
7169,0xeba247,0.666667,13,False,1,1
7170,0xc27cb7,0.333333,14,False,2,2
7171,0xa0f7dc,0.333333,14,False,2,2
7172,0x368c95,0.000000,11,False,1,3
7173,0x6aa981,0.333333,10,False,2,2
7174,0x379787,0.333333,14,False,2,2
7175,0x75f825,0.666667,13,False,1,1
7176,0x5a5402,1.000000,8,True,0,0
7177,0x21607b,0.333333,10,False,2,2
7178,0x637fcf,0.666667,17,False,1,1
7179,0xd3180d,0.333333,10,False,2,2
7180,0xd50a36,0.000000,11,False,1,3
7181,0xcb5e66,0.333333,14,False,2,2
7182,0x44f1fc,0.666667,13,False,1,1
7183,0x6278e8,0.000000,11,False,1,3
7184,0x75970a,1.000000,12,True,0,0
7185,0x2157,0.000000,7,False,1,3
7186,0xbb78c2,0.666667,13,False,1,1
7187,0x1632d,0.666667,9,False,1,1
7188,0xd3cca3,0.666667,13,False,1,1
7189,0x64393f,0.666667,13,False,1,1
7190,0xd0abec,0.666667,13,False,1,1
7191,0x6d916b,0.666667,13,False,1,1
7192,0x372cd5,0.666667,13,False,1,1
7193,0x3217c1,0.333333,10,False,2,2
7194,0xe82973,1.000000,12,True,0,0
7195,0x7d65e4,0.333333,14,False,2,2
7196,0x7b6a5b,0.000000,15,False,1,3
7197,0x89efd6,0.000000,15,False,1,3
7198,0xb91470,0.333333,10,False,2,2
7199,0x847108,0.000000,7,False,1,3
7200,0x13ee4d,0.666667,13,False,1,1
7201,0xd2dacb,0.333333,14,False,2,2
7202,0x2470a7,0.333333,10,False,2,2
7203,0x9a9f95,0.333333,14,False,2,2
7204,0x70c4fe,0.666667,13,False,1,1
7205,0xfd6e70,0.000000,15,False,1,3
7206,0x52c1d5,0.000000,11,False,1,3
7207,0x209ac5,0.666667,9,False,1,1
7208,0x464172,0.666667,9,False,1,1
7209,0x62b88b,0.000000,11,False,1,3
7210,0x79605e,1.000000,12,True,0,0
7211,0xa72193,0.000000,11,False,1,3
7212,0xf3414,0.666667,9,False,1,1
7213,0x597694,1.000000,12,True,0,0
7214,0xcff06c,0.333333,14,False,2,2
7215,0x54c99b,1.000000,12,True,0,0
7216,0x4f930b,1.000000,12,True,0,0
7217,0x6c3264,0.333333,10,False,2,2
7218,0x76aff8,1.000000,16,True,0,0
7219,0xb6ba3c,0.333333,14,False,2,2
7220,0x174b90,0.333333,10,False,2,2
7221,0xb347b2,0.666667,13,False,1,1
7222,0x4009a5,0.000000,7,False,1,3
7223,0xe50270,0.666667,9,False,1,1
7224,0xfeeaba,0.666667,17,False,1,1
7225,0x569d49,1.000000,12,True,0,0
7226,0xbe295f,0.000000,15,False,1,3
7227,0x533059,0.333333,10,False,2,2
7228,0x5cf3f4,0.000000,15,False,1,3
7229,0xabeba6,0.000000,15,False,1,3
7230,0x1d6a12,0.333333,10,False,2,2
7231,0x817714,0.333333,10,False,2,2
7232,0x28938b,0.333333,10,False,2,2
7233,0xbfa0ac,0.666667,13,False,1,1
7234,0x20eff5,0.333333,14,False,2,2
7235,0x6ef6ab,1.000000,16,True,0,0
7236,0x391646,0.333333,10,False,2,2
7237,0x64a17a,0.000000,11,False,1,3
7238,0x57570,0.333333,10,False,2,2
7239,0xca066e,0.000000,11,False,1,3
7240,0x28bfb9,0.333333,14,False,2,2
7241,0xb405d6,0.000000,11,False,1,3
7242,0x292903,1.000000,8,True,0,0
7243,0xb13069,0.333333,10,False,2,2
7244,0xe6847d,0.666667,13,False,1,1
7245,0xdf9cb0,0.333333,14,False,2,2
7246,0x5d608a,0.333333,10,False,2,2
7247,0x181215,0.000000,7,False,1,3
7248,0xa28e01,1.000000,8,True,0,0
7249,0x395476,1.000000,12,True,0,0
7250,0x4609e2,0.666667,9,False,1,1
7251,0x75f094,1.000000,12,True,0,0
7252,0xe63b49,0.666667,13,False,1,1
7253,0x9c2e4c,0.000000,11,False,1,3
7254,0xac7b61,0.666667,13,False,1,1
7255,0x213bcc,0.000000,11,False,1,3
7256,0x49c592,0.333333,10,False,2,2
7257,0x7fa9bf,0.333333,18,False,2,2
7258,0xc2db95,0.666667,13,False,1,1
7259,0x8a2df0,0.000000,11,False,1,3
7260,0xb13b63,0.666667,13,False,1,1
7261,0xe26591,0.000000,11,False,1,3
7262,0x127867,0.000000,11,False,1,3
7263,0x858741,0.666667,9,False,1,1
7264,0xd3ef03,0.333333,14,False,2,2
7265,0x72264f,1.000000,12,True,0,0
7266,0x6a524d,0.000000,11,False,1,3
7267,0x8b4e8d,1.000000,12,True,0,0
7268,0x1e9676,0.666667,13,False,1,1
7269,0xc3d06c,0.000000,11,False,1,3
7270,0x52b2da,1.000000,12,True,0,0
7271,0x81406a,0.000000,7,False,1,3
7272,0xe67ea9,0.000000,15,False,1,3
7273,0xebb3fc,0.666667,17,False,1,1
7274,0x80da74,0.333333,10,False,2,2
7275,0xb28f9d,0.333333,14,False,2,2
7276,0x2ea399,1.000000,12,True,0,0
7277,0x54a2e0,0.666667,9,False,1,1
7278,0x747a23,1.000000,12,True,0,0
7279,0x3dcc8b,0.666667,13,False,1,1
7280,0x9eaba,1.000000,12,True,0,0
7281,0x937d76,0.000000,15,False,1,3
7282,0xe69b56,0.333333,14,False,2,2
7283,0xbb945e,0.333333,14,False,2,2
7284,0x7b8e1c,0.666667,13,False,1,1
7285,0x818a92,1.000000,8,True,0,0
7286,0xe26a7,0.000000,11,False,1,3
7287,0x5d6de6,0.000000,15,False,1,3
7288,0x5235f1,1.000000,12,True,0,0
7289,0xf461b0,0.000000,11,False,1,3
7290,0x648443,1.000000,8,True,0,0
7291,0x202e60,0.000000,7,False,1,3
7292,0x225268,1.000000,8,True,0,0
7293,0xdde187,0.333333,14,False,2,2
7294,0xc0e13c,0.333333,10,False,2,2
7295,0xada98b,0.666667,13,False,1,1
7296,0xe7ed40,0.666667,13,False,1,1
7297,0xba41b3,1.000000,12,True,0,0
7298,0xd22c3c,0.000000,11,False,1,3
7299,0x6319c0,0.666667,9,False,1,1
7300,0x578de0,1.000000,12,True,0,0
7301,0xfd91ac,0.333333,14,False,2,2
7302,0xe2e581,0.000000,11,False,1,3
7303,0xa8fe91,0.666667,13,False,1,1
7304,0xe50adf,0.333333,14,False,2,2
7305,0xffa1de,0.666667,17,False,1,1
7306,0x65fb74,0.000000,15,False,1,3
7307,0xc4c85,1.000000,8,True,0,0
7308,0xe9c119,0.000000,11,False,1,3
7309,0xdeedd3,0.666667,17,False,1,1
7310,0xd44316,0.333333,10,False,2,2
7311,0xfdb874,0.000000,15,False,1,3
7312,0xedcdd8,0.000000,15,False,1,3
7313,0x615394,0.333333,10,False,2,2
7314,0x297eff,0.666667,17,False,1,1
7315,0x1d1fa7,0.333333,14,False,2,2
7316,0x46110a,0.000000,7,False,1,3
7317,0xf5acf9,1.000000,16,True,0,0
7318,0x6c2c0a,0.666667,9,False,1,1
7319,0x1f6c43,1.000000,12,True,0,0
7320,0x2cb1b0,0.333333,10,False,2,2
7321,0x5718c,0.666667,9,False,1,1
7322,0xa38b30,0.333333,10,False,2,2
7323,0x47e62,0.333333,10,False,2,2
7324,0x6d490c,0.333333,10,False,2,2
7325,0x4827d0,0.666667,9,False,1,1
7326,0xa40236,1.000000,8,True,0,0
7327,0x4d17d6,0.666667,13,False,1,1
7328,0xbe4994,1.000000,12,True,0,0
7329,0xf8ecf9,1.000000,16,True,0,0
7330,0x3fe0d9,0.333333,14,False,2,2
7331,0xd87092,0.333333,10,False,2,2
7332,0x29ab9c,1.000000,12,True,0,0
7333,0x88eed7,0.333333,14,False,2,2
7334,0xcb4b4c,1.000000,12,True,0,0
7335,0x56004b,1.000000,8,True,0,0
7336,0x7936a3,0.666667,13,False,1,1
7337,0x5b0173,0.000000,11,False,1,3
7338,0xf789b,0.666667,13,False,1,1
7339,0x2de4b5,0.666667,13,False,1,1
7340,0x8e9647,1.000000,12,True,0,0
7341,0x1029be,0.333333,10,False,2,2
7342,0xf4d617,0.333333,14,False,2,2
7343,0xa39cd5,0.666667,13,False,1,1
7344,0x3abc31,1.000000,12,True,0,0
7345,0xf0ed99,0.333333,14,False,2,2
7346,0xe066d6,1.000000,12,True,0,0
7347,0x786f52,0.666667,13,False,1,1
7348,0x4e1725,0.000000,11,False,1,3
7349,0xb5ade3,0.000000,15,False,1,3
7350,0xa2d30,1.000000,8,True,0,0
7351,0x53cdb0,1.000000,12,True,0,0
7352,0x866770,0.000000,11,False,1,3
7353,0x275f63,0.333333,14,False,2,2
7354,0xe6002a,1.000000,8,True,0,0
7355,0xbf1aec,0.000000,15,False,1,3
7356,0xb04133,0.666667,9,False,1,1
7357,0xc19a5b,1.000000,12,True,0,0
7358,0x5a2516,0.333333,10,False,2,2
7359,0xce75a0,1.000000,12,True,0,0
7360,0x2b0b94,0.333333,10,False,2,2
7361,0xa93be5,0.333333,14,False,2,2
7362,0xb87282,0.333333,10,False,2,2
7363,0x104c06,0.333333,6,False,2,2
7364,0x74bca7,0.333333,14,False,2,2
7365,0xe6a209,0.333333,10,False,2,2
7366,0xff38f,0.000000,15,False,1,3
7367,0xca4e52,0.000000,11,False,1,3
7368,0x3ccc23,0.000000,11,False,1,3
7369,0x65d4a3,1.000000,12,True,0,0
7370,0x3b06b5,1.000000,12,True,0,0
7371,0x314211,0.000000,7,False,1,3
7372,0xf449b1,1.000000,12,True,0,0
7373,0x773123,1.000000,12,True,0,0
7374,0x3c6236,0.000000,11,False,1,3
7375,0xf72a8,0.000000,11,False,1,3
7376,0xedc7e,0.333333,14,False,2,2
7377,0xd1e74f,0.000000,15,False,1,3
7378,0xcd299a,1.000000,12,True,0,0
7379,0x4cc63a,0.000000,11,False,1,3
7380,0x9928c5,0.333333,10,False,2,2
7381,0xd0557a,1.000000,12,True,0,0
7382,0xed89b6,0.333333,14,False,2,2
7383,0x687fdd,1.000000,16,True,0,0
7384,0x8389cc,0.333333,10,False,2,2
7385,0x87c05b,0.000000,11,False,1,3
7386,0xebd40,0.333333,10,False,2,2
7387,0xaa1598,0.333333,10,False,2,2
7388,0xe8d0ee,0.666667,13,False,1,1
7389,0x28a0d9,0.666667,9,False,1,1
7390,0xafdc30,0.666667,13,False,1,1
7391,0x49a3c8,0.333333,10,False,2,2
7392,0x3e8dd0,1.000000,12,True,0,0
7393,0x1fa6a,0.000000,11,False,1,3
7394,0xc5f300,0.333333,10,False,2,2
7395,0x972a4c,0.000000,11,False,1,3
7396,0x44917a,0.333333,10,False,2,2
7397,0xa221d,1.000000,8,True,0,0
7398,0x2da5e9,0.666667,13,False,1,1
7399,0xe6207c,0.000000,11,False,1,3
7400,0xade880,0.333333,10,False,2,2
7401,0xa2151,0.000000,7,False,1,3
7402,0xa503ab,0.000000,11,False,1,3
7403,0x55c554,0.000000,11,False,1,3
7404,0xf94e65,0.333333,14,False,2,2
7405,0xc2f5be,0.000000,15,False,1,3
7406,0xe14dce,0.666667,13,False,1,1
7407,0x8d2e71,1.000000,12,True,0,0
7408,0x8dd529,1.000000,12,True,0,0
7409,0xd83368,0.000000,11,False,1,3
7410,0xbee0b3,0.333333,14,False,2,2
7411,0x94b1dd,0.666667,13,False,1,1
7412,0x4128c8,0.000000,7,False,1,3
7413,0x1e1ef9,0.333333,14,False,2,2
7414,0xa5a875,1.000000,12,True,0,0
7415,0xa961af,0.666667,13,False,1,1
7416,0xfda44a,0.666667,13,False,1,1
7417,0xc67882,0.333333,10,False,2,2
7418,0x7638dc,0.666667,13,False,1,1
7419,0xbf2c4d,0.333333,14,False,2,2
7420,0xdd88ff,1.000000,16,True,0,0
7421,0xc23aad,1.000000,12,True,0,0
7422,0x511fcf,0.333333,14,False,2,2
7423,0xa402eb,0.333333,10,False,2,2
7424,0xffd098,0.333333,14,False,2,2
7425,0xdfe773,0.333333,18,False,2,2
7426,0xb1ed5e,0.000000,15,False,1,3
7427,0x41e8c8,0.666667,9,False,1,1
7428,0x4db82e,1.000000,12,True,0,0
7429,0xe51593,1.000000,12,True,0,0
7430,0x7619cb,0.666667,13,False,1,1
7431,0x82eb4,0.666667,9,False,1,1
7432,0x2f7c24,1.000000,12,True,0,0
7433,0xcc62f1,1.000000,12,True,0,0
7434,0xb3789c,0.666667,13,False,1,1
7435,0x556aa0,0.333333,10,False,2,2
7436,0x1deb31,0.666667,13,False,1,1
7437,0x4f1616,0.000000,11,False,1,3
7438,0x933e95,0.666667,13,False,1,1
7439,0x4a6b6a,1.000000,12,True,0,0
7440,0xd5ea6b,0.000000,15,False,1,3
7441,0x88a56e,0.000000,11,False,1,3
7442,0xc1916,1.000000,8,True,0,0
7443,0x8a03cf,0.000000,11,False,1,3
7444,0x40fb6e,0.666667,13,False,1,1
7445,0xb11aab,1.000000,12,True,0,0
7446,0x2561e8,0.333333,10,False,2,2
7447,0xca1fb9,0.333333,14,False,2,2
7448,0x5f70d8,0.666667,13,False,1,1
7449,0xbea8e8,0.666667,13,False,1,1
7450,0xc46b80,0.666667,9,False,1,1
7451,0x3a56a2,0.000000,11,False,1,3
7452,0xbe9ade,1.000000,16,True,0,0
7453,0xd93b63,0.333333,14,False,2,2
7454,0x63c8c7,1.000000,12,True,0,0
7455,0x7fad7f,0.000000,19,False,3,3
7456,0xef5287,0.333333,14,False,2,2
7457,0x967082,0.666667,9,False,1,1
7458,0xc710b4,0.333333,10,False,2,2
7459,0x1e977c,0.333333,14,False,2,2
7460,0x4f148a,0.333333,10,False,2,2
7461,0x4f7262,1.000000,12,True,0,0
7462,0x5de35c,0.333333,14,False,2,2
7463,0x51db23,1.000000,12,True,0,0
7464,0xf2cc9b,0.333333,14,False,2,2
7465,0x8e228,0.000000,7,False,1,3
7466,0xb71782,1.000000,12,True,0,0
7467,0xe92dba,0.333333,14,False,2,2
7468,0xfcae18,0.666667,13,False,1,1
7469,0x629803,1.000000,8,True,0,0
7470,0xffae0e,1.000000,16,True,0,0
7471,0xb79691,0.666667,13,False,1,1
7472,0xc72073,0.000000,11,False,1,3
7473,0x2f7935,0.333333,14,False,2,2
7474,0x4fb339,0.333333,14,False,2,2
7475,0xf403d8,0.000000,11,False,1,3
7476,0xe66d73,0.000000,15,False,1,3
7477,0x77231,0.333333,10,False,2,2
7478,0x40b4fb,1.000000,12,True,0,0
7479,0x4cfd9c,0.333333,14,False,2,2
7480,0xfd0cdd,0.000000,15,False,1,3
7481,0x7ea9f1,0.000000,15,False,1,3
7482,0xf45032,0.333333,10,False,2,2
7483,0x12f44a,0.333333,10,False,2,2
7484,0x1a30cd,0.333333,10,False,2,2
7485,0xbd66a8,0.666667,13,False,1,1
7486,0x3fbaa8,0.333333,14,False,2,2
7487,0x902cc4,1.000000,8,True,0,0
7488,0xfc552,0.000000,11,False,1,3
7489,0x77087b,0.666667,13,False,1,1
7490,0xdc77d5,1.000000,16,True,0,0
7491,0xdecb7f,0.333333,18,False,2,2
7492,0x744d10,0.666667,9,False,1,1
7493,0xc2006,0.666667,5,False,3,1
7494,0x8f5bd1,0.333333,14,False,2,2
7495,0x1245a0,0.000000,7,False,1,3
7496,0x64281e,0.666667,9,False,1,1
7497,0x7d750f,0.000000,15,False,1,3
7498,0x28e4d8,0.333333,10,False,2,2
7499,0x685a2a,0.333333,10,False,2,2
7500,0x854d8c,0.333333,10,False,2,2
7501,0xfa6dbd,0.666667,17,False,1,1
7502,0x9d0a0,0.000000,7,False,1,3
7503,0xc86120,0.000000,7,False,1,3
7504,0xc476fa,0.333333,14,False,2,2
7505,0xe3d3db,1.000000,16,True,0,0
7506,0x4d74fe,0.000000,15,False,1,3
7507,0x7131dd,0.666667,13,False,1,1
7508,0x153558,0.333333,10,False,2,2
7509,0xc139e0,0.333333,10,False,2,2
7510,0x84f14b,0.000000,11,False,1,3
7511,0x3f258c,1.000000,12,True,0,0
7512,0xe958f5,0.333333,14,False,2,2
7513,0xb2958e,1.000000,12,True,0,0
7514,0xbc76ed,1.000000,16,True,0,0
7515,0x7ff08d,0.000000,15,False,1,3
7516,0x7eaf60,0.333333,14,False,2,2
7517,0x12029a,0.000000,7,False,1,3
7518,0xf2771d,0.000000,15,False,1,3
7519,0x3f4902,0.333333,10,False,2,2
7520,0x655cc6,1.000000,12,True,0,0
7521,0xceff7e,0.000000,19,False,3,3
7522,0x522ff5,0.333333,14,False,2,2
7523,0x2c90b8,0.666667,9,False,1,1
7524,0x11b9af,0.666667,13,False,1,1
7525,0xe15a8e,1.000000,12,True,0,0
7526,0xbdb535,0.000000,15,False,1,3
7527,0x83d989,0.000000,11,False,1,3
7528,0x5ff16f,0.666667,17,False,1,1
7529,0x2001e3,0.000000,7,False,1,3
7530,0x8f6def,0.666667,17,False,1,1
7531,0x282507,1.000000,8,True,0,0
7532,0x958d17,1.000000,12,True,0,0
7533,0x3889a5,0.333333,10,False,2,2
7534,0x68eecc,0.666667,13,False,1,1
7535,0xfe299,1.000000,12,True,0,0
7536,0xb26709,0.000000,11,False,1,3
7537,0xc18925,0.666667,9,False,1,1
7538,0x2a47c6,0.000000,11,False,1,3
7539,0x3142fc,0.000000,11,False,1,3
7540,0xbcd156,0.666667,13,False,1,1
7541,0x62431e,0.333333,10,False,2,2
7542,0xee25cd,0.333333,14,False,2,2
7543,0x34aa48,0.666667,9,False,1,1
7544,0x4aedbf,1.000000,16,True,0,0
7545,0x56b429,0.000000,11,False,1,3
7546,0x9e2e57,0.333333,14,False,2,2
7547,0x3ae127,1.000000,12,True,0,0
7548,0x51281,0.333333,6,False,2,2
7549,0x44760c,0.666667,9,False,1,1
7550,0x17398d,1.000000,12,True,0,0
7551,0xf1e730,0.666667,13,False,1,1
7552,0xb308ea,0.000000,11,False,1,3
7553,0xe80b2,1.000000,8,True,0,0
7554,0xd810b,1.000000,8,True,0,0
7555,0x697939,0.666667,13,False,1,1
7556,0x159491,0.666667,9,False,1,1
7557,0x72a279,1.000000,12,True,0,0
7558,0x9b9d2d,0.333333,14,False,2,2
7559,0x99bbf8,0.000000,15,False,1,3
7560,0xd69667,0.333333,14,False,2,2
7561,0xc708a3,0.333333,10,False,2,2
7562,0x171fd,1.000000,12,True,0,0
7563,0xc716fd,0.000000,15,False,1,3
7564,0xff5732,1.000000,16,True,0,0
7565,0x58896f,1.000000,12,True,0,0
7566,0xdc2798,1.000000,12,True,0,0
7567,0xdedb33,1.000000,16,True,0,0
7568,0xedddcc,1.000000,16,True,0,0
7569,0x942930,1.000000,8,True,0,0
7570,0xcdf343,0.333333,14,False,2,2
7571,0x286ce8,0.333333,10,False,2,2
7572,0x9f732d,0.000000,15,False,1,3
7573,0xc2b9f6,0.333333,14,False,2,2
7574,0x2ab28c,0.333333,10,False,2,2
7575,0x354039,0.666667,9,False,1,1
7576,0x5bc37f,1.000000,16,True,0,0
7577,0x85392c,0.333333,10,False,2,2
7578,0x8c1752,0.333333,10,False,2,2
7579,0xc29221,1.000000,8,True,0,0
7580,0x9bba4,0.000000,11,False,1,3
7581,0x1494a5,0.666667,9,False,1,1
7582,0x233ce8,0.000000,11,False,1,3
7583,0x745e6f,0.000000,15,False,1,3
7584,0x217011,0.000000,7,False,1,3
7585,0x589dc,0.333333,10,False,2,2
7586,0x1c1b4d,0.000000,11,False,1,3
7587,0xe10bb9,1.000000,12,True,0,0
7588,0x7d79bf,0.333333,18,False,2,2
7589,0xf8192a,0.000000,11,False,1,3
7590,0x30eddc,0.666667,13,False,1,1
7591,0xe4e77f,0.666667,17,False,1,1
7592,0xe7cdd3,1.000000,16,True,0,0
7593,0xe7ea28,0.666667,13,False,1,1
7594,0x1c6439,0.333333,10,False,2,2
7595,0x3ddf51,0.000000,15,False,1,3
7596,0xc7d70e,0.333333,14,False,2,2
7597,0x902f75,1.000000,12,True,0,0
7598,0x19c867,0.000000,11,False,1,3
7599,0x51d52d,1.000000,12,True,0,0
7600,0xf67975,1.000000,16,True,0,0
7601,0xbce1a6,0.666667,13,False,1,1
7602,0x3478c9,0.000000,11,False,1,3
7603,0xf6df29,1.000000,16,True,0,0
7604,0x99aec6,0.666667,13,False,1,1
7605,0x998d32,0.000000,11,False,1,3
7606,0xbe697,0.666667,13,False,1,1
7607,0x1c8b5,0.666667,9,False,1,1
7608,0x49673c,1.000000,12,True,0,0
7609,0xdd11b1,1.000000,12,True,0,0
7610,0x9a8b7d,0.333333,14,False,2,2
7611,0x14b34e,0.000000,11,False,1,3
7612,0x614056,1.000000,8,True,0,0
7613,0x2cfcc3,0.666667,13,False,1,1
7614,0x386a39,0.000000,11,False,1,3
7615,0x44ed45,0.000000,11,False,1,3
7616,0xd8712a,0.000000,11,False,1,3
7617,0x1281f0,1.000000,8,True,0,0
7618,0xc787c9,0.666667,13,False,1,1
7619,0xd9d670,0.666667,13,False,1,1
7620,0x94c4e7,1.000000,12,True,0,0
7621,0x10b70e,0.333333,10,False,2,2
7622,0x25895d,0.000000,11,False,1,3
7623,0x8fa0e9,1.000000,12,True,0,0
7624,0x1549a9,0.333333,10,False,2,2
7625,0xf89b3d,0.000000,15,False,1,3
7626,0xceb2e3,0.333333,14,False,2,2
7627,0x1ddc12,0.000000,11,False,1,3
7628,0xf8daf9,1.000000,16,True,0,0
7629,0xedfa38,0.000000,15,False,1,3
7630,0x867503,0.333333,10,False,2,2
7631,0xe8ae95,0.666667,13,False,1,1
7632,0x61772f,0.333333,14,False,2,2
7633,0xe29bd8,0.666667,13,False,1,1
7634,0xa90b11,0.666667,9,False,1,1
7635,0x84f594,0.000000,11,False,1,3
7636,0x933c1,0.666667,9,False,1,1
7637,0x74951f,0.666667,13,False,1,1
7638,0x6a245f,1.000000,12,True,0,0
7639,0xa319fa,0.666667,13,False,1,1
7640,0x28fa64,0.000000,11,False,1,3
7641,0xf377c8,0.000000,15,False,1,3
7642,0x6b9b4d,0.333333,14,False,2,2
7643,0x3e7750,0.666667,13,False,1,1
7644,0xae4b6c,0.666667,13,False,1,1
7645,0xa7a897,0.666667,13,False,1,1
7646,0x66197f,0.333333,14,False,2,2
7647,0xb59739,0.333333,14,False,2,2
7648,0x509304,0.000000,7,False,1,3
7649,0xc78ee6,0.333333,14,False,2,2
7650,0x1b9641,0.333333,10,False,2,2
7651,0xc06dcf,0.666667,13,False,1,1
7652,0x367e7f,0.666667,17,False,1,1
7653,0x62fd37,0.000000,15,False,1,3
7654,0x9aaa83,0.000000,11,False,1,3
7655,0xc2407d,0.333333,10,False,2,2
7656,0x16172a,0.333333,10,False,2,2
7657,0xb290be,1.000000,12,True,0,0
7658,0xac9c27,1.000000,12,True,0,0
7659,0xe43aee,0.333333,14,False,2,2
7660,0x292c83,0.666667,9,False,1,1
7661,0x952198,0.666667,9,False,1,1
7662,0x19c60e,0.333333,10,False,2,2
7663,0xbb5c09,1.000000,12,True,0,0
7664,0x5d3bd5,0.000000,15,False,1,3
7665,0xa01bc5,0.333333,10,False,2,2
7666,0xf81e54,1.000000,12,True,0,0
7667,0x5bd291,1.000000,12,True,0,0
7668,0x772cc6,0.666667,13,False,1,1
7669,0x863aa0,0.666667,9,False,1,1
7670,0xdbfb9d,0.333333,18,False,2,2
7671,0x599ec6,0.666667,13,False,1,1
7672,0xf252b3,0.666667,13,False,1,1
7673,0x222459,1.000000,8,True,0,0
7674,0xab872c,1.000000,12,True,0,0
7675,0xc33900,1.000000,8,True,0,0
7676,0x890c6c,0.666667,9,False,1,1
7677,0x5c7e73,0.000000,15,False,1,3
7678,0x582cd2,0.333333,10,False,2,2
7679,0x912b1b,0.000000,11,False,1,3
7680,0x762be,1.000000,12,True,0,0
7681,0xcdff7e,0.000000,19,False,3,3
7682,0x86f9c,0.000000,11,False,1,3
7683,0xb2155e,1.000000,12,True,0,0
7684,0x45fa36,0.666667,13,False,1,1
7685,0x5f7845,0.666667,13,False,1,1
7686,0x831f76,0.666667,13,False,1,1
7687,0xc3ff82,0.333333,14,False,2,2
7688,0xc4dbac,0.666667,13,False,1,1
7689,0x787502,0.333333,10,False,2,2
7690,0xc3787d,0.333333,14,False,2,2
7691,0x48cb05,0.666667,9,False,1,1
7692,0x953f8c,0.666667,13,False,1,1
7693,0x56a7b8,0.666667,13,False,1,1
7694,0xc68420,0.000000,7,False,1,3
7695,0xfb6e03,0.333333,14,False,2,2
7696,0x3af38e,0.333333,14,False,2,2
7697,0x47e572,0.666667,13,False,1,1
7698,0x3b5139,1.000000,12,True,0,0
7699,0xc6a69f,0.333333,14,False,2,2
7700,0x6df600,0.000000,11,False,1,3
7701,0xa0a546,0.666667,9,False,1,1
7702,0x4e7111,0.333333,10,False,2,2
7703,0x57b31c,0.666667,13,False,1,1
7704,0x5fd1e0,0.666667,13,False,1,1
7705,0xe0c4d8,0.333333,10,False,2,2
7706,0x6071d1,0.333333,10,False,2,2
7707,0xf162b1,1.000000,12,True,0,0
7708,0x5d8d66,0.666667,13,False,1,1
7709,0x8c7752,1.000000,12,True,0,0
7710,0xcdf7c9,1.000000,16,True,0,0
7711,0x2fcb8f,0.000000,15,False,1,3
7712,0xd7f868,0.333333,14,False,2,2
7713,0x6d8415,0.333333,10,False,2,2
7714,0x81b156,0.333333,10,False,2,2
7715,0x2f64b1,1.000000,12,True,0,0
7716,0x5cbdf4,0.000000,15,False,1,3
7717,0xea40c2,0.666667,9,False,1,1
7718,0x942ce7,1.000000,12,True,0,0
7719,0x27bb12,1.000000,12,True,0,0
7720,0xb55a77,0.000000,15,False,1,3
7721,0x642dc9,0.000000,11,False,1,3
7722,0xa01b56,0.333333,10,False,2,2
7723,0x8a3884,1.000000,8,True,0,0
7724,0xe1c277,0.666667,13,False,1,1
7725,0xab45d6,0.666667,13,False,1,1
7726,0xe0f251,0.000000,11,False,1,3
7727,0x17105c,0.666667,9,False,1,1
7728,0xc81da,0.666667,9,False,1,1
7729,0x3800dd,0.666667,9,False,1,1
7730,0x8438ac,0.666667,9,False,1,1
7731,0xc70dbc,0.666667,13,False,1,1
7732,0xcadc3d,0.333333,14,False,2,2
7733,0x133e3c,1.000000,12,True,0,0
7734,0x54425a,0.666667,9,False,1,1
7735,0x611cee,1.000000,12,True,0,0
7736,0xb131ff,0.000000,15,False,1,3
7737,0x8ddab8,0.666667,13,False,1,1
7738,0xb5eb2a,0.333333,14,False,2,2
7739,0x30f8fd,0.333333,14,False,2,2
7740,0x51a87d,1.000000,12,True,0,0
7741,0x91ad5f,0.333333,14,False,2,2
7742,0x8ab2b9,1.000000,12,True,0,0
7743,0xe2d983,1.000000,12,True,0,0
7744,0x51fee9,0.000000,15,False,1,3
7745,0x94f637,0.333333,14,False,2,2
7746,0xe2d5e,1.000000,12,True,0,0
7747,0x6466c2,0.333333,10,False,2,2
7748,0x18f47d,0.666667,13,False,1,1
7749,0xb36ec,1.000000,12,True,0,0
7750,0xf8cf4b,0.000000,15,False,1,3
7751,0xab5e49,0.666667,13,False,1,1
7752,0xcee0bd,0.333333,14,False,2,2
7753,0xfa306f,0.333333,14,False,2,2
7754,0x23a10,0.333333,6,False,2,2
7755,0xf1f796,1.000000,16,True,0,0
7756,0x4f5c30,0.000000,11,False,1,3
7757,0xde4f02,1.000000,12,True,0,0
7758,0x69fd4f,1.000000,16,True,0,0
7759,0xea0ed6,0.666667,13,False,1,1
7760,0xda69ec,0.333333,14,False,2,2
7761,0x94ee03,0.000000,11,False,1,3
7762,0x4c3671,0.000000,11,False,1,3
7763,0xf91315,1.000000,12,True,0,0
7764,0xc839c1,0.333333,10,False,2,2
7765,0x15dce0,0.000000,11,False,1,3
7766,0xee8d26,0.666667,13,False,1,1
7767,0xad594,0.333333,10,False,2,2
7768,0xfd3268,0.666667,13,False,1,1
7769,0x44df95,0.666667,13,False,1,1
7770,0x9ccfdc,0.000000,15,False,1,3
7771,0xe4fc54,0.666667,13,False,1,1
7772,0x607e3f,0.333333,14,False,2,2
7773,0x87ab90,0.000000,11,False,1,3
7774,0xcdf8c6,0.333333,14,False,2,2
7775,0x22d06f,0.000000,11,False,1,3
7776,0x3420d3,0.666667,9,False,1,1
7777,0xb71dc8,0.666667,13,False,1,1
7778,0x29e4fa,0.666667,13,False,1,1
7779,0x36cfe6,0.000000,15,False,1,3
7780,0xda0545,0.333333,10,False,2,2
7781,0x428c67,0.333333,10,False,2,2
7782,0x31b41d,0.000000,11,False,1,3
7783,0x741440,0.000000,7,False,1,3
7784,0x9e1f35,0.333333,14,False,2,2
7785,0xdb470c,1.000000,12,True,0,0
7786,0x2136a9,0.333333,10,False,2,2
7787,0x9255ec,1.000000,12,True,0,0
7788,0xb87a9c,0.666667,13,False,1,1
7789,0xc7e73a,0.000000,15,False,1,3
7790,0xeaa45b,0.666667,13,False,1,1
7791,0xe9992b,0.666667,13,False,1,1
7792,0x1e6b24,0.000000,11,False,1,3
7793,0x73efd8,1.000000,16,True,0,0
7794,0xc3608f,0.000000,11,False,1,3
7795,0x391fd2,0.666667,13,False,1,1
7796,0xb5f9f3,0.666667,17,False,1,1
7797,0x726843,0.333333,10,False,2,2
7798,0xdfb3fc,0.333333,18,False,2,2
7799,0x245ce7,1.000000,12,True,0,0
7800,0x60ebf5,0.333333,14,False,2,2
7801,0xf1b656,0.333333,14,False,2,2
7802,0x95030e,0.666667,9,False,1,1
7803,0x199b0e,0.000000,11,False,1,3
7804,0x35ffa4,0.000000,15,False,1,3
7805,0x5eaef5,1.000000,16,True,0,0
7806,0x8e0538,0.666667,9,False,1,1
7807,0x17b080,1.000000,8,True,0,0
7808,0x1dcfa3,0.333333,14,False,2,2
7809,0x7c8e4,0.333333,10,False,2,2
7810,0xe3e386,0.666667,13,False,1,1
7811,0xa58fe,1.000000,12,True,0,0
7812,0x12db4f,0.666667,13,False,1,1
7813,0xdfbf31,0.666667,17,False,1,1
7814,0xf4ef20,0.666667,13,False,1,1
7815,0x5ea4d6,0.666667,13,False,1,1
7816,0xfefa03,0.000000,15,False,1,3
7817,0xcc8162,0.666667,9,False,1,1
7818,0xc8ddfe,1.000000,16,True,0,0
7819,0x98dd9,0.000000,11,False,1,3
7820,0x8d9da6,0.666667,13,False,1,1
7821,0x9b25e1,1.000000,12,True,0,0
7822,0xf64c56,0.666667,13,False,1,1
7823,0xdc539b,0.333333,14,False,2,2
7824,0x25fe4,0.000000,11,False,1,3
7825,0x7cff75,0.333333,18,False,2,2
7826,0x3d8eab,0.333333,14,False,2,2
7827,0x2d696c,1.000000,12,True,0,0
7828,0x2a452f,0.000000,11,False,1,3
7829,0xfaabcf,0.666667,17,False,1,1
7830,0xb929fd,0.000000,15,False,1,3
7831,0x128e73,0.000000,11,False,1,3
7832,0x679bb,0.666667,13,False,1,1
7833,0x7f8c7f,0.666667,17,False,1,1
7834,0xcc40b3,0.333333,10,False,2,2
7835,0xbdf0bc,0.000000,15,False,1,3
7836,0xb51462,0.333333,10,False,2,2
7837,0x271ca5,0.000000,11,False,1,3
7838,0x28a651,0.666667,9,False,1,1
7839,0xaaf919,0.666667,13,False,1,1
7840,0xfad722,0.333333,14,False,2,2
7841,0xe0f92f,0.333333,14,False,2,2
7842,0x919dce,0.666667,13,False,1,1
7843,0x580590,0.000000,7,False,1,3
7844,0x1f5538,1.000000,12,True,0,0
7845,0xb8c589,0.000000,11,False,1,3
7846,0xce9d3,1.000000,12,True,0,0
7847,0x6e92a2,0.000000,11,False,1,3
7848,0x52ed5d,0.333333,14,False,2,2
7849,0x6c1722,0.333333,10,False,2,2
7850,0x171615,0.333333,10,False,2,2
7851,0x86ee9f,0.000000,15,False,1,3
7852,0xce9919,1.000000,12,True,0,0
7853,0x96b9de,0.000000,15,False,1,3
7854,0xe6841,1.000000,8,True,0,0
7855,0x910802,0.666667,5,False,3,1
7856,0x70d888,0.666667,9,False,1,1
7857,0xde166d,0.333333,14,False,2,2
7858,0xe2f415,1.000000,12,True,0,0
7859,0xa14aa0,1.000000,8,True,0,0
7860,0x8920c8,0.000000,7,False,1,3
7861,0xa2104f,0.666667,9,False,1,1
7862,0x46db66,0.666667,13,False,1,1
7863,0x2a3338,0.333333,10,False,2,2
7864,0x197a00,1.000000,8,True,0,0
7865,0x98086a,1.000000,8,True,0,0
7866,0x9b14e6,1.000000,12,True,0,0
7867,0xa1fb30,1.000000,12,True,0,0
7868,0x509ee6,1.000000,12,True,0,0
7869,0x857c69,1.000000,12,True,0,0
7870,0x61b4ea,1.000000,12,True,0,0
7871,0xbe436d,0.333333,14,False,2,2
7872,0xed4bb9,0.000000,15,False,1,3
7873,0x43265c,0.333333,10,False,2,2
7874,0xfe2c5,1.000000,12,True,0,0
7875,0xf7bd58,1.000000,16,True,0,0
7876,0xa0a8eb,0.000000,11,False,1,3
7877,0x5e807f,0.666667,13,False,1,1
7878,0xb70a0b,0.000000,11,False,1,3
7879,0xb895da,0.666667,13,False,1,1
7880,0x3284,0.666667,5,False,3,1
7881,0xd69bd2,0.333333,14,False,2,2
7882,0xa3c63d,0.666667,13,False,1,1
7883,0xe9273,0.000000,11,False,1,3
7884,0x171235,0.333333,10,False,2,2
7885,0x1169a4,0.666667,9,False,1,1
7886,0x2a72af,0.666667,13,False,1,1
7887,0x59bb61,0.666667,13,False,1,1
7888,0xb8bbc7,0.000000,15,False,1,3
7889,0x7e7f6f,0.000000,19,False,3,3
7890,0xeec55d,0.000000,15,False,1,3
7891,0x15a304,1.000000,8,True,0,0
7892,0x4e17b8,1.000000,12,True,0,0
7893,0x45f0fa,0.666667,13,False,1,1
7894,0xc725e3,0.666667,13,False,1,1
7895,0x9ed7d5,1.000000,16,True,0,0
7896,0xc169ed,0.666667,13,False,1,1
7897,0xb61d5,0.000000,11,False,1,3
7898,0xea42f1,1.000000,12,True,0,0
7899,0x1c33b,0.333333,10,False,2,2
7900,0x7c49a9,1.000000,12,True,0,0
7901,0xaa43f6,0.666667,13,False,1,1
7902,0x9e5baf,1.000000,16,True,0,0
7903,0xa436e8,0.000000,11,False,1,3
7904,0x3c0307,0.666667,9,False,1,1
7905,0x8600f9,0.666667,9,False,1,1
7906,0x951592,0.333333,10,False,2,2
7907,0x6d44d0,0.333333,10,False,2,2
7908,0x70072e,0.333333,10,False,2,2
7909,0xa11a12,1.000000,8,True,0,0
7910,0x4afcfc,0.000000,15,False,1,3
7911,0xe4cc1f,0.666667,13,False,1,1
7912,0xf38c0d,1.000000,12,True,0,0
7913,0x67e0b8,1.000000,12,True,0,0
7914,0x927e35,0.666667,13,False,1,1
7915,0xa025c6,0.666667,9,False,1,1
7916,0x7c1387,1.000000,12,True,0,0
7917,0x331ca6,0.000000,11,False,1,3
7918,0xd33f71,0.000000,15,False,1,3
7919,0x85654f,1.000000,12,True,0,0
7920,0xb0d4d0,0.333333,10,False,2,2
7921,0x46af0e,1.000000,12,True,0,0
7922,0x229356,0.333333,10,False,2,2
7923,0x744ec,0.333333,10,False,2,2
7924,0x72db1b,0.333333,14,False,2,2
7925,0xa7a559,0.666667,13,False,1,1
7926,0x5db087,1.000000,12,True,0,0
7927,0x437800,0.000000,7,False,1,3
7928,0x1d7627,0.666667,13,False,1,1
7929,0x1bf22,0.333333,10,False,2,2
7930,0xea833d,0.666667,13,False,1,1
7931,0xa411f8,0.333333,10,False,2,2
7932,0x3b1f8f,0.000000,15,False,1,3
7933,0xb64c63,1.000000,12,True,0,0
7934,0x10f183,0.666667,9,False,1,1
7935,0xd28bf7,0.000000,15,False,1,3
7936,0x5772b8,0.666667,13,False,1,1
7937,0xfea4e4,0.333333,14,False,2,2
7938,0x4a756d,0.666667,13,False,1,1
7939,0xa7fe45,0.000000,15,False,1,3
7940,0xcfac94,0.666667,13,False,1,1
7941,0x9036db,1.000000,12,True,0,0
7942,0x10bf99,1.000000,12,True,0,0
7943,0xe21833,0.333333,10,False,2,2
7944,0x61c109,1.000000,8,True,0,0
7945,0x6fc387,0.333333,14,False,2,2
7946,0x6cd911,0.000000,11,False,1,3
7947,0x8e304f,0.000000,11,False,1,3
7948,0xc1c503,0.666667,9,False,1,1
7949,0x27d5c5,0.666667,13,False,1,1
7950,0x5d04c7,0.000000,11,False,1,3
7951,0x1ecbb3,0.333333,14,False,2,2
7952,0x763676,0.333333,14,False,2,2
7953,0x8133b8,0.333333,10,False,2,2
7954,0xcaf1b1,0.666667,13,False,1,1
7955,0xe19b0a,0.000000,11,False,1,3
7956,0x743029,0.666667,9,False,1,1
7957,0x6cc3ff,1.000000,16,True,0,0
7958,0x41e59d,1.000000,12,True,0,0
7959,0xccb9ef,1.000000,16,True,0,0
7960,0xe7235c,0.666667,13,False,1,1
7961,0x7668cc,1.000000,12,True,0,0
7962,0x8e64c1,0.333333,10,False,2,2
7963,0x1a8a1f,0.000000,11,False,1,3
7964,0x9f3122,0.000000,11,False,1,3
7965,0x378e35,0.666667,13,False,1,1
7966,0x72e576,0.333333,14,False,2,2
7967,0x8fc594,1.000000,12,True,0,0
7968,0xdaa292,0.000000,11,False,1,3
7969,0xbf655a,0.000000,15,False,1,3
7970,0xe11b24,0.333333,10,False,2,2
7971,0xd01978,0.333333,10,False,2,2
7972,0x9a3aef,0.000000,15,False,1,3
7973,0x910619,1.000000,8,True,0,0
7974,0x8d94d8,0.000000,11,False,1,3
7975,0x31600f,0.666667,9,False,1,1
7976,0xf9cea1,0.333333,14,False,2,2
7977,0x867344,0.333333,10,False,2,2
7978,0x4b7cb2,0.666667,13,False,1,1
7979,0x29e097,0.000000,11,False,1,3
7980,0x200377,0.666667,9,False,1,1
7981,0x546645,0.333333,10,False,2,2
7982,0xaf2be8,0.333333,14,False,2,2
7983,0x45011d,1.000000,8,True,0,0
7984,0x245580,0.000000,7,False,1,3
7985,0xf1489f,0.666667,13,False,1,1
7986,0x91aab1,0.000000,11,False,1,3
7987,0x624aa8,0.666667,9,False,1,1
7988,0xa1b87c,1.000000,12,True,0,0
7989,0x4a7cb3,0.666667,13,False,1,1
7990,0x95198d,0.000000,11,False,1,3
7991,0xe321ac,0.000000,11,False,1,3
7992,0x9313f2,1.000000,12,True,0,0
7993,0xdcda90,1.000000,12,True,0,0
7994,0x37a0a,0.666667,9,False,1,1
7995,0x31338c,0.333333,10,False,2,2
7996,0xb57dab,1.000000,16,True,0,0
7997,0x894d14,0.666667,9,False,1,1
7998,0x6b1c1c,0.000000,11,False,1,3
7999,0x85154c,0.666667,9,False,1,1
8000,0x2e4479,0.000000,11,False,1,3
8001,0x366031,0.666667,9,False,1,1
8002,0x7b452f,0.333333,14,False,2,2
8003,0x5588b9,0.000000,11,False,1,3
8004,0x5ca2cb,1.000000,12,True,0,0
8005,0x73d7f1,1.000000,16,True,0,0
8006,0x275213,0.333333,10,False,2,2
8007,0x982b29,0.333333,10,False,2,2
8008,0x7821a6,0.333333,10,False,2,2
8009,0x599dfa,0.000000,15,False,1,3
8010,0x28925,0.000000,7,False,1,3
8011,0x42593d,0.000000,11,False,1,3
8012,0x7e1b5d,0.000000,15,False,1,3
8013,0x14e2ce,0.000000,11,False,1,3
8014,0x7a12b7,0.666667,13,False,1,1
8015,0xc02edb,1.000000,12,True,0,0
8016,0x99e297,0.666667,13,False,1,1
8017,0xc94bf,1.000000,12,True,0,0
8018,0xfb4c30,1.000000,12,True,0,0
8019,0xb321e8,0.000000,11,False,1,3
8020,0x8bd325,1.000000,12,True,0,0
8021,0x8fceac,0.333333,14,False,2,2
8022,0x1f33e2,0.666667,13,False,1,1
8023,0xe01ad,0.666667,9,False,1,1
8024,0x12fdc1,1.000000,12,True,0,0
8025,0xbacce6,0.333333,14,False,2,2
8026,0x505e5a,0.000000,11,False,1,3
8027,0x332f33,0.666667,13,False,1,1
8028,0xe8fa8d,0.333333,14,False,2,2
8029,0x1e4283,0.666667,9,False,1,1
8030,0xa16344,0.666667,9,False,1,1
8031,0x6a373b,0.333333,14,False,2,2
8032,0x22c649,0.666667,9,False,1,1
8033,0x2db034,0.333333,10,False,2,2
8034,0xa03733,0.000000,11,False,1,3
8035,0x23f06d,1.000000,12,True,0,0
8036,0x6bdcd6,0.000000,15,False,1,3
8037,0x2bc4ee,0.666667,13,False,1,1
8038,0x738136,0.000000,11,False,1,3
8039,0x735f9,0.666667,13,False,1,1
8040,0xe99c8e,0.666667,13,False,1,1
8041,0xcc1980,1.000000,8,True,0,0
8042,0xa178fc,0.666667,13,False,1,1
8043,0x33c601,0.666667,9,False,1,1
8044,0xbf7890,0.666667,13,False,1,1
8045,0x7e5d1f,1.000000,16,True,0,0
8046,0x8ab2dc,1.000000,12,True,0,0
8047,0xc80faf,0.666667,13,False,1,1
8048,0x27f0e3,0.666667,13,False,1,1
8049,0x858081,0.333333,6,False,2,2
8050,0x7c1300,1.000000,8,True,0,0
8051,0xb9239a,1.000000,12,True,0,0
8052,0x5a76f1,0.333333,14,False,2,2
8053,0x3842b,1.000000,8,True,0,0
8054,0x10fa2a,0.333333,10,False,2,2
8055,0x41610b,1.000000,8,True,0,0
8056,0x9ffe86,1.000000,16,True,0,0
8057,0xfce75a,1.000000,16,True,0,0
8058,0xd7fd93,0.666667,17,False,1,1
8059,0x28ae34,0.333333,10,False,2,2
8060,0xc1bb89,1.000000,12,True,0,0
8061,0xcdcf67,1.000000,16,True,0,0
8062,0x44b8fe,0.666667,13,False,1,1
8063,0x3929b8,0.000000,11,False,1,3
8064,0x681830,0.000000,7,False,1,3
8065,0x53ddc2,0.666667,13,False,1,1
8066,0xd2cbb2,0.666667,13,False,1,1
8067,0xbf703b,0.000000,15,False,1,3
8068,0x16b43b,1.000000,12,True,0,0
8069,0x821683,1.000000,8,True,0,0
8070,0x3b3125,0.000000,11,False,1,3
8071,0xe36178,1.000000,12,True,0,0
8072,0xf77766,0.666667,17,False,1,1
8073,0x2cb4d5,1.000000,12,True,0,0
8074,0xdf17f6,0.666667,17,False,1,1
8075,0x9ad8e4,1.000000,12,True,0,0
8076,0x7d0a77,0.333333,14,False,2,2
8077,0xbd306,0.333333,10,False,2,2
8078,0x4142d1,1.000000,8,True,0,0
8079,0x5c2b16,0.000000,11,False,1,3
8080,0x56769b,0.333333,14,False,2,2
8081,0x30144b,1.000000,8,True,0,0
8082,0x135c5b,1.000000,12,True,0,0
8083,0xd11a97,1.000000,12,True,0,0
8084,0x27ad60,0.000000,11,False,1,3
8085,0x42a49a,0.666667,9,False,1,1
8086,0xf35ddb,0.666667,17,False,1,1
8087,0xfa4381,0.000000,11,False,1,3
8088,0x82be15,0.000000,11,False,1,3
8089,0xc58a6c,0.000000,11,False,1,3
8090,0x7c3527,0.666667,13,False,1,1
8091,0xa6d058,0.333333,10,False,2,2
8092,0x6546f0,0.000000,11,False,1,3
8093,0xdff55,0.000000,15,False,1,3
8094,0x243a9b,0.000000,11,False,1,3
8095,0xa8b96d,0.666667,13,False,1,1
8096,0x8564fa,1.000000,12,True,0,0
8097,0xaff25a,0.000000,15,False,1,3
8098,0x34680b,0.666667,9,False,1,1
8099,0xa45a81,0.666667,9,False,1,1
8100,0xb1fa8,0.000000,11,False,1,3
8101,0xe7db31,0.000000,15,False,1,3
8102,0x31d613,0.000000,11,False,1,3
8103,0x2d73f6,0.000000,15,False,1,3
8104,0xca4b47,1.000000,12,True,0,0
8105,0xfa482b,1.000000,12,True,0,0
8106,0x866ed8,1.000000,12,True,0,0
8107,0xced0e,0.000000,11,False,1,3
8108,0xe19407,0.333333,10,False,2,2
8109,0x423162,1.000000,8,True,0,0
8110,0x78f47a,0.333333,14,False,2,2
8111,0xc9320d,0.333333,10,False,2,2
8112,0x5152d3,0.000000,11,False,1,3
8113,0x521561,0.666667,9,False,1,1
8114,0x622ff,1.000000,12,True,0,0
8115,0xf453c0,0.000000,11,False,1,3
8116,0xecd4c9,0.666667,13,False,1,1
8117,0x3622a1,0.666667,9,False,1,1
8118,0x5ec608,0.333333,10,False,2,2
8119,0x6a5e19,1.000000,12,True,0,0
8120,0x77b07c,0.333333,14,False,2,2
8121,0x5ab35a,0.666667,13,False,1,1
8122,0x5e6ad6,0.333333,14,False,2,2
8123,0x288188,0.333333,6,False,2,2
8124,0x10f9fe,0.333333,14,False,2,2
8125,0xee8e71,0.333333,14,False,2,2
8126,0x2c5ef6,0.333333,14,False,2,2
8127,0x6928e3,0.000000,11,False,1,3
8128,0xa4fd22,1.000000,12,True,0,0
8129,0x7bd17d,1.000000,16,True,0,0
8130,0x8731cf,0.666667,13,False,1,1
8131,0x625e6f,0.333333,14,False,2,2
8132,0x5f3f53,1.000000,16,True,0,0
8133,0x6658ed,0.666667,13,False,1,1
8134,0xd3310f,1.000000,12,True,0,0
8135,0x2194be,0.000000,11,False,1,3
8136,0x3f9f13,0.000000,15,False,1,3
8137,0xc660f2,0.000000,11,False,1,3
8138,0xc8c5da,1.000000,12,True,0,0
8139,0x93b280,0.666667,9,False,1,1
8140,0xcc08cd,0.333333,10,False,2,2
8141,0x7a725f,0.000000,15,False,1,3
8142,0xd95cfd,1.000000,16,True,0,0
8143,0xa1a06c,0.666667,9,False,1,1
8144,0xa9dfdd,0.666667,17,False,1,1
8145,0xdd9884,0.000000,11,False,1,3
8146,0x417955,0.000000,11,False,1,3
8147,0x31fb93,0.333333,14,False,2,2
8148,0x662f57,0.333333,14,False,2,2
8149,0x307094,1.000000,8,True,0,0
8150,0xd8fb5a,0.000000,15,False,1,3
8151,0x7ad194,1.000000,12,True,0,0
8152,0xb37586,0.666667,13,False,1,1
8153,0xd79e09,0.666667,13,False,1,1
8154,0x219605,1.000000,8,True,0,0
8155,0xe5a5d4,0.666667,13,False,1,1
8156,0x19b60e,0.000000,11,False,1,3
8157,0x1a6019,1.000000,8,True,0,0
8158,0x6022a9,1.000000,8,True,0,0
8159,0x1b00d6,0.666667,9,False,1,1
8160,0x197aca,1.000000,12,True,0,0
8161,0x7aa290,0.333333,10,False,2,2
8162,0x697e0f,0.333333,14,False,2,2
8163,0xcdab4f,0.000000,15,False,1,3
8164,0xbdea90,0.666667,13,False,1,1
8165,0x45095b,0.333333,10,False,2,2
8166,0xd61a8,0.666667,9,False,1,1
8167,0x9b39b5,0.333333,14,False,2,2
8168,0x59ada2,1.000000,12,True,0,0
8169,0xe5f9b3,1.000000,16,True,0,0
8170,0x823c4f,0.000000,11,False,1,3
8171,0xba590b,1.000000,12,True,0,0
8172,0xd6604a,0.333333,10,False,2,2
8173,0x87515f,0.666667,13,False,1,1
8174,0x5c1129,0.666667,9,False,1,1
8175,0x96ba76,0.333333,14,False,2,2
8176,0x44c3b3,0.000000,11,False,1,3
8177,0xdfb122,0.666667,13,False,1,1
8178,0x7668b4,1.000000,12,True,0,0
8179,0xeb5f79,0.666667,17,False,1,1
8180,0x88fd05,0.000000,11,False,1,3
8181,0x9c49ef,0.333333,14,False,2,2
8182,0xa67c0e,1.000000,12,True,0,0
8183,0xc38487,0.333333,10,False,2,2
8184,0x1333da,1.000000,12,True,0,0
8185,0x3fd997,1.000000,16,True,0,0
8186,0x510dc4,0.666667,9,False,1,1
8187,0xba2e7c,0.333333,14,False,2,2
8188,0x1485e0,1.000000,8,True,0,0
8189,0x803547,0.666667,9,False,1,1
8190,0x618930,1.000000,8,True,0,0
8191,0x50c010,0.666667,5,False,3,1
8192,0xef8009,0.333333,10,False,2,2
8193,0x83ac76,1.000000,12,True,0,0
8194,0xeb9c37,0.000000,15,False,1,3
8195,0x80ec9f,1.000000,12,True,0,0
8196,0x28b779,0.666667,13,False,1,1
8197,0xdd60b7,0.333333,14,False,2,2
8198,0xd63c92,1.000000,12,True,0,0
8199,0x8989ca,0.333333,10,False,2,2
8200,0xa698e5,1.000000,12,True,0,0
8201,0x694223,0.666667,9,False,1,1
8202,0x954576,1.000000,12,True,0,0
8203,0xf5fc02,0.666667,13,False,1,1
8204,0x4c8e00,0.000000,7,False,1,3
8205,0xe25007,0.666667,9,False,1,1
8206,0x35da38,1.000000,12,True,0,0
8207,0x7f655b,1.000000,16,True,0,0
8208,0xe266d,0.000000,11,False,1,3
8209,0x2411b0,0.000000,7,False,1,3
8210,0x13f1d5,0.666667,13,False,1,1
8211,0x10917f,0.000000,11,False,1,3
8212,0xda9fad,1.000000,16,True,0,0
8213,0x950f60,0.333333,10,False,2,2
8214,0xc5489a,0.333333,10,False,2,2
8215,0xb6afae,1.000000,16,True,0,0
8216,0x36d66b,0.333333,14,False,2,2
8217,0xd67d0e,0.333333,14,False,2,2
8218,0x13bbe0,1.000000,12,True,0,0
8219,0xb68be6,0.333333,14,False,2,2
8220,0x87c33b,0.666667,13,False,1,1
8221,0x944df9,0.666667,13,False,1,1
8222,0x93350e,0.000000,11,False,1,3
8223,0x66cafb,0.000000,15,False,1,3
8224,0xa3ad6d,0.333333,14,False,2,2
8225,0x9a0df0,0.000000,11,False,1,3
8226,0x2d93b1,1.000000,12,True,0,0
8227,0xf1a0c6,0.000000,11,False,1,3
8228,0x68d123,0.333333,10,False,2,2
8229,0xc3e224,0.333333,10,False,2,2
8230,0xefbc99,1.000000,16,True,0,0
8231,0xd4793e,0.333333,14,False,2,2
8232,0xe286fd,0.333333,14,False,2,2
8233,0x67bb3c,0.000000,15,False,1,3
8234,0x1c817c,0.333333,10,False,2,2
8235,0xda0f06,0.000000,11,False,1,3
8236,0xb26dfd,1.000000,16,True,0,0
8237,0x1a67a2,0.000000,11,False,1,3
8238,0xa128da,0.333333,10,False,2,2
8239,0x8cc23,1.000000,8,True,0,0
8240,0x758aa3,1.000000,12,True,0,0
8241,0x904686,1.000000,8,True,0,0
8242,0x688a79,0.000000,11,False,1,3
8243,0xeb6f92,0.000000,15,False,1,3
8244,0x599a2b,1.000000,12,True,0,0
8245,0x348f49,0.000000,11,False,1,3
8246,0xfaf053,0.333333,14,False,2,2
8247,0x89c18b,0.333333,10,False,2,2
8248,0xfc96a5,0.333333,14,False,2,2
8249,0xcffdc0,0.000000,15,False,1,3
8250,0x43a5b8,0.000000,11,False,1,3
8251,0x463017,0.666667,9,False,1,1
8252,0xd743d5,0.333333,14,False,2,2
8253,0x985074,0.666667,9,False,1,1
8254,0xd4fee,0.333333,14,False,2,2
8255,0xc8506d,0.333333,10,False,2,2
8256,0xa4bb18,0.000000,11,False,1,3
8257,0x81f236,0.000000,11,False,1,3
8258,0x7b90ae,0.666667,13,False,1,1
8259,0x5933aa,1.000000,12,True,0,0
8260,0xca46b9,1.000000,12,True,0,0
8261,0x102a5,0.333333,6,False,2,2
8262,0x8f61d1,1.000000,12,True,0,0
8263,0x4c9938,0.333333,10,False,2,2
8264,0x1212fd,0.000000,11,False,1,3
8265,0x47e755,0.333333,14,False,2,2
8266,0x34b665,1.000000,12,True,0,0
8267,0xb93cdf,1.000000,16,True,0,0
8268,0x90f539,1.000000,12,True,0,0
8269,0x4c4895,0.666667,9,False,1,1
8270,0x454db5,1.000000,12,True,0,0
8271,0x4861df,1.000000,12,True,0,0
8272,0x22bafc,0.666667,13,False,1,1
8273,0xdad2fe,1.000000,16,True,0,0
8274,0x6d62ad,0.666667,13,False,1,1
8275,0x357e2e,0.333333,14,False,2,2
8276,0x5fa52c,0.666667,13,False,1,1
8277,0x83e13b,1.000000,12,True,0,0
8278,0x5a2d20,0.666667,9,False,1,1
8279,0xe45181,0.666667,9,False,1,1
8280,0xebaf14,0.333333,14,False,2,2
8281,0xb1db20,0.000000,11,False,1,3
8282,0x21c349,0.666667,9,False,1,1
8283,0x3e7b8e,0.000000,15,False,1,3
8284,0x5a626f,0.666667,13,False,1,1
8285,0xf299b0,1.000000,12,True,0,0
8286,0x39bc16,1.000000,12,True,0,0
8287,0xcc282,0.000000,7,False,1,3
8288,0xbca022,0.666667,9,False,1,1
8289,0xc43f7f,1.000000,16,True,0,0
8290,0xae9b86,0.666667,13,False,1,1
8291,0x354215,0.666667,9,False,1,1
8292,0xed36d,0.666667,13,False,1,1
8293,0xa63920,0.666667,9,False,1,1
8294,0xc12049,0.000000,7,False,1,3
8295,0xb7ae15,0.333333,14,False,2,2
8296,0x26512a,0.666667,9,False,1,1
8297,0x40a87d,0.333333,10,False,2,2
8298,0x7ce1a8,1.000000,12,True,0,0
8299,0xae9468,0.000000,11,False,1,3
8300,0xe89a5f,0.333333,14,False,2,2
8301,0xc6aab1,1.000000,12,True,0,0
8302,0x73965,0.000000,11,False,1,3
8303,0x20a651,1.000000,8,True,0,0
8304,0x9c1af1,1.000000,12,True,0,0
8305,0x394d2d,1.000000,12,True,0,0
8306,0xc76688,0.000000,11,False,1,3
8307,0x906111,0.000000,7,False,1,3
8308,0x5f1b11,1.000000,12,True,0,0
8309,0x622914,1.000000,8,True,0,0
8310,0xa39d0f,0.666667,13,False,1,1
8311,0xd581fa,0.666667,13,False,1,1
8312,0xafea5e,1.000000,16,True,0,0
8313,0xd36129,0.000000,11,False,1,3
8314,0xbb7afd,0.333333,18,False,2,2
8315,0x70f754,0.666667,13,False,1,1
8316,0x9f4b05,1.000000,12,True,0,0
8317,0xaf5f06,0.333333,14,False,2,2
8318,0x5e4a51,0.000000,11,False,1,3
8319,0x4dfb83,0.333333,14,False,2,2
8320,0xe5b5b4,0.333333,14,False,2,2
8321,0x2f075e,0.666667,13,False,1,1
8322,0x25c95a,0.000000,11,False,1,3
8323,0x658b6e,0.666667,13,False,1,1
8324,0xe1cbe9,0.333333,14,False,2,2
8325,0xf8571c,0.666667,13,False,1,1
8326,0x6346e1,0.000000,11,False,1,3
8327,0x34f28a,0.000000,11,False,1,3
8328,0xd63bdd,1.000000,16,True,0,0
8329,0x58c3b3,1.000000,12,True,0,0
8330,0x28bbd,0.000000,11,False,1,3
8331,0x142639,0.666667,9,False,1,1
8332,0xb2402a,1.000000,8,True,0,0
8333,0x38d2b0,0.333333,10,False,2,2
8334,0x91b973,0.666667,13,False,1,1
8335,0xac1d6,0.333333,10,False,2,2
8336,0x3d60db,0.666667,13,False,1,1
8337,0xfe91d6,0.000000,15,False,1,3
8338,0xdcf31d,0.000000,15,False,1,3
8339,0xfd3ddb,0.333333,18,False,2,2
8340,0x80e64e,0.333333,10,False,2,2
8341,0x869a9a,0.000000,11,False,1,3
8342,0x98617d,1.000000,12,True,0,0
8343,0xdf121a,1.000000,12,True,0,0
8344,0xd5afb,0.333333,14,False,2,2
8345,0xd102fc,0.000000,11,False,1,3
8346,0x4d9ace,0.666667,13,False,1,1
8347,0xb1506f,1.000000,12,True,0,0
8348,0xed7e26,0.000000,15,False,1,3
8349,0x1eae40,0.333333,10,False,2,2
8350,0xcfcb4,1.000000,12,True,0,0
8351,0xa200fa,0.666667,9,False,1,1
8352,0x38ec86,0.000000,11,False,1,3
8353,0xdd6872,0.666667,13,False,1,1
8354,0xea1989,0.000000,11,False,1,3
8355,0x410ae0,0.000000,7,False,1,3
8356,0x6b6b4,0.000000,11,False,1,3
8357,0x8afca2,1.000000,12,True,0,0
8358,0x480ab0,0.000000,7,False,1,3
8359,0xc7c650,0.000000,11,False,1,3
8360,0x514c88,1.000000,8,True,0,0
8361,0x3297c8,0.000000,11,False,1,3
8362,0xc838e,0.666667,9,False,1,1
8363,0x22b464,0.666667,9,False,1,1
8364,0xeb419b,0.666667,13,False,1,1
8365,0x7c8c50,0.333333,10,False,2,2
8366,0xd5a05f,0.666667,13,False,1,1
8367,0xcc75,0.666667,9,False,1,1
8368,0x71f29e,0.333333,14,False,2,2
8369,0x889d1,1.000000,8,True,0,0
8370,0x5d3440,0.666667,9,False,1,1
8371,0x27bbcb,0.000000,15,False,1,3
8372,0x2bfbe0,0.333333,14,False,2,2
8373,0xd2fbea,1.000000,16,True,0,0
8374,0xd13a47,1.000000,12,True,0,0
8375,0xe34b13,1.000000,12,True,0,0
8376,0xff88c,1.000000,12,True,0,0
8377,0xb3bada,0.000000,15,False,1,3
8378,0xf6d126,0.666667,13,False,1,1
8379,0xed6c78,0.333333,14,False,2,2
8380,0x499996,0.000000,11,False,1,3
8381,0x990523,0.666667,9,False,1,1
8382,0xa99b8e,0.666667,13,False,1,1
8383,0x2cd725,1.000000,12,True,0,0
8384,0xc70db9,0.666667,13,False,1,1
8385,0x43e027,0.333333,10,False,2,2
8386,0x3cf0bd,0.333333,14,False,2,2
8387,0x3fa8a3,0.666667,13,False,1,1
8388,0x3192de,1.000000,12,True,0,0
8389,0x1fc4c5,1.000000,12,True,0,0
8390,0x9daf07,0.333333,14,False,2,2
8391,0xa6e7e7,1.000000,16,True,0,0
8392,0x59ab49,1.000000,12,True,0,0
8393,0xa3611c,0.333333,10,False,2,2
8394,0x769f94,0.333333,14,False,2,2
8395,0x3b02c6,0.333333,10,False,2,2
8396,0x5d03c6,0.000000,11,False,1,3
8397,0xb205,0.333333,6,False,2,2
8398,0xdf6818,1.000000,12,True,0,0
8399,0x119df7,0.333333,14,False,2,2
8400,0x56203f,0.000000,11,False,1,3
8401,0xc92717,1.000000,12,True,0,0
8402,0x741203,1.000000,8,True,0,0
8403,0x3406c,0.000000,7,False,1,3
8404,0x85390,0.000000,7,False,1,3
8405,0x1e4cd9,1.000000,12,True,0,0
8406,0x2f9068,0.333333,10,False,2,2
8407,0xd01257,0.333333,10,False,2,2
8408,0x93803,0.000000,7,False,1,3
8409,0xbd3a33,0.333333,14,False,2,2
8410,0x828dbf,0.666667,13,False,1,1
8411,0x2d7bc6,0.333333,14,False,2,2
8412,0x8284d4,1.000000,8,True,0,0
8413,0xc95c92,0.000000,11,False,1,3
8414,0x7e7a51,0.333333,14,False,2,2
8415,0x8cb705,0.000000,11,False,1,3
8416,0xb1ae9b,0.333333,14,False,2,2
8417,0x67b612,1.000000,12,True,0,0
8418,0x5fd524,0.666667,13,False,1,1
8419,0x9c23fd,0.333333,14,False,2,2
8420,0x4fcef4,0.000000,15,False,1,3
8421,0x311a5b,0.000000,11,False,1,3
8422,0xd1c648,0.333333,10,False,2,2
8423,0xcd6f5d,1.000000,16,True,0,0
8424,0x239777,0.333333,14,False,2,2
8425,0xc9f5b2,0.333333,14,False,2,2
8426,0xf4f7eb,0.333333,18,False,2,2
8427,0xe1f406,0.000000,11,False,1,3
8428,0x7f292f,0.000000,15,False,1,3
8429,0x477e85,0.666667,13,False,1,1
8430,0xbec77c,1.000000,16,True,0,0
8431,0xbc4180,1.000000,8,True,0,0
8432,0xa31201,0.000000,7,False,1,3
8433,0xbc2f32,0.666667,13,False,1,1
8434,0x6d006a,0.666667,9,False,1,1
8435,0xc61daa,1.000000,12,True,0,0
8436,0xa1a557,1.000000,12,True,0,0
8437,0xdbf6e,0.000000,15,False,1,3
8438,0xecb64b,0.333333,14,False,2,2
8439,0x5e191e,1.000000,12,True,0,0
8440,0xced6df,0.666667,17,False,1,1
8441,0xd9b7b8,0.000000,15,False,1,3
8442,0xf7c5f4,1.000000,16,True,0,0
8443,0xc63ce7,0.333333,14,False,2,2
8444,0xc41d5c,0.000000,11,False,1,3
8445,0xec519a,1.000000,12,True,0,0
8446,0x7439b4,1.000000,12,True,0,0
8447,0xd5a828,0.333333,10,False,2,2
8448,0xc4c7b0,0.000000,11,False,1,3
8449,0xd48541,0.666667,9,False,1,1
8450,0xc142ad,0.333333,10,False,2,2
8451,0xb04f8e,1.000000,12,True,0,0
8452,0xf060d3,0.000000,11,False,1,3
8453,0x48a4e1,0.666667,9,False,1,1
8454,0x6cc2b3,1.000000,12,True,0,0
8455,0x869994,0.333333,10,False,2,2
8456,0x5c7b1f,0.000000,15,False,1,3
8457,0x286306,1.000000,8,True,0,0
8458,0xe4e258,0.000000,11,False,1,3
8459,0xebfd8a,1.000000,16,True,0,0
8460,0x1894fd,1.000000,12,True,0,0
8461,0xb8399d,0.666667,13,False,1,1
8462,0x77d6cf,0.666667,17,False,1,1
8463,0xbc949f,0.333333,14,False,2,2
8464,0xc12d,0.000000,7,False,1,3
8465,0xf3a15d,0.333333,14,False,2,2
8466,0x8acd94,0.000000,11,False,1,3
8467,0x6088df,0.000000,11,False,1,3
8468,0xd0b6e5,0.666667,13,False,1,1
8469,0xa46aeb,0.666667,13,False,1,1
8470,0x5e3e59,0.333333,14,False,2,2
8471,0x40f4a,1.000000,8,True,0,0
8472,0x8d951b,1.000000,12,True,0,0
8473,0x14afee,0.333333,14,False,2,2
8474,0x6ab7e1,0.333333,14,False,2,2
8475,0xadd7c2,0.333333,14,False,2,2
8476,0x16f342,0.000000,11,False,1,3
8477,0xbde8f,0.333333,14,False,2,2
8478,0x1ac5d8,0.000000,11,False,1,3
8479,0x5a9a2e,1.000000,12,True,0,0
8480,0x5aaab9,0.666667,13,False,1,1
8481,0x514b23,0.333333,10,False,2,2
8482,0x88a00c,0.333333,6,False,2,2
8483,0xce187f,0.333333,14,False,2,2
8484,0x2041e9,1.000000,8,True,0,0
8485,0xae822b,0.000000,11,False,1,3
8486,0x559394,0.000000,11,False,1,3
8487,0x9a4766,1.000000,12,True,0,0
8488,0xf7a983,0.333333,14,False,2,2
8489,0x53d116,0.000000,11,False,1,3
8490,0x400b67,0.666667,9,False,1,1
8491,0x3869d0,0.333333,10,False,2,2
8492,0x10dce8,0.333333,10,False,2,2
8493,0x98be85,1.000000,12,True,0,0
8494,0x5b02e2,0.333333,10,False,2,2
8495,0x243eee,0.666667,13,False,1,1
8496,0xf4dfb,0.000000,15,False,1,3
8497,0x7e72ce,0.000000,15,False,1,3
8498,0x27b1fb,0.000000,15,False,1,3
8499,0x90f7bd,0.000000,15,False,1,3
8500,0x3c6d53,0.666667,13,False,1,1
8501,0xf2cfda,1.000000,16,True,0,0
8502,0x6b0b18,0.333333,10,False,2,2
8503,0x5c406b,0.333333,10,False,2,2
8504,0x59474d,1.000000,12,True,0,0
8505,0x1020c5,0.333333,6,False,2,2
8506,0x3a0174,0.666667,9,False,1,1
8507,0x35c667,0.666667,13,False,1,1
8508,0x95cb49,1.000000,12,True,0,0
8509,0x1eccab,0.666667,13,False,1,1
8510,0x91cbda,0.666667,13,False,1,1
8511,0xb1702b,0.000000,11,False,1,3
8512,0x2b21c3,0.333333,10,False,2,2
8513,0x6931c0,0.666667,9,False,1,1
8514,0x264b8d,0.000000,11,False,1,3
8515,0x3de6fb,0.666667,17,False,1,1
8516,0xdd7fc5,0.666667,17,False,1,1
8517,0x49ce82,0.333333,10,False,2,2
8518,0x44b259,0.333333,10,False,2,2
8519,0xfb6be7,0.333333,18,False,2,2
8520,0x2fc8cd,0.666667,13,False,1,1
8521,0xf8eb19,0.333333,14,False,2,2
8522,0x751361,0.000000,11,False,1,3
8523,0x367584,0.000000,11,False,1,3
8524,0xa106ae,0.333333,10,False,2,2
8525,0x6a8eee,0.333333,14,False,2,2
8526,0x3c8a0c,0.666667,9,False,1,1
8527,0x9fc848,0.000000,11,False,1,3
8528,0xfd6c1,1.000000,12,True,0,0
8529,0x4f71d9,0.333333,14,False,2,2
8530,0x9d7b58,0.333333,14,False,2,2
8531,0xe11e27,1.000000,12,True,0,0
8532,0xb565c9,0.666667,13,False,1,1
8533,0x860bc7,0.000000,11,False,1,3
8534,0x101ceb,0.333333,10,False,2,2
8535,0x3a59ef,0.000000,15,False,1,3
8536,0xb334ab,0.666667,13,False,1,1
8537,0xa166ca,0.000000,11,False,1,3
8538,0x8b6465,0.000000,11,False,1,3
8539,0x8f9a6a,0.666667,13,False,1,1
8540,0xed0577,0.333333,14,False,2,2
8541,0xc31fb0,1.000000,12,True,0,0
8542,0xffc7d8,0.666667,17,False,1,1
8543,0x690bd2,0.000000,11,False,1,3
8544,0xb58b3e,0.333333,14,False,2,2
8545,0x97c04d,0.000000,11,False,1,3
8546,0xdd8d7,0.666667,13,False,1,1
8547,0xe05104,0.000000,7,False,1,3
8548,0x84c418,0.000000,7,False,1,3
8549,0x638731,0.000000,11,False,1,3
8550,0xd0cdec,0.666667,13,False,1,1
8551,0x864aed,1.000000,12,True,0,0
8552,0xc3cac3,1.000000,12,True,0,0
8553,0x372ff3,1.000000,16,True,0,0
8554,0x39f0f8,0.666667,13,False,1,1
8555,0x131bff,0.000000,15,False,1,3
8556,0x98dfac,0.333333,14,False,2,2
8557,0x33615c,0.000000,11,False,1,3
8558,0xf58522,0.000000,11,False,1,3
8559,0x729270,0.333333,10,False,2,2
8560,0x572cfc,0.333333,14,False,2,2
8561,0x6a8047,0.666667,9,False,1,1
8562,0xab10b6,0.000000,11,False,1,3
8563,0x18fa2e,1.000000,12,True,0,0
8564,0x4d02b5,0.333333,10,False,2,2
8565,0xedd5b6,1.000000,16,True,0,0
8566,0x528758,0.333333,10,False,2,2
8567,0x833588,0.666667,9,False,1,1
8568,0x97742d,0.666667,13,False,1,1
8569,0xdcfde,0.000000,15,False,1,3
8570,0xee0038,0.666667,9,False,1,1
8571,0x63fa61,0.666667,13,False,1,1
8572,0xdc4a0d,0.000000,11,False,1,3
8573,0xb22f16,1.000000,12,True,0,0
8574,0x13f93e,0.333333,14,False,2,2
8575,0x9d02ea,0.000000,11,False,1,3
8576,0x60892f,0.333333,10,False,2,2
8577,0x97a736,0.333333,14,False,2,2
8578,0x9bc7b6,0.000000,15,False,1,3
8579,0x732ee2,0.666667,13,False,1,1
8580,0xbbb6a1,0.333333,14,False,2,2
8581,0x99e7c8,0.666667,13,False,1,1
8582,0x2b249c,0.333333,10,False,2,2
8583,0xde8b71,0.333333,14,False,2,2
8584,0xf78910,0.000000,11,False,1,3
8585,0x476467,1.000000,12,True,0,0
8586,0x19e39c,1.000000,12,True,0,0
8587,0x754586,0.000000,11,False,1,3
8588,0xbbb1e7,1.000000,16,True,0,0
8589,0xd8a3ec,0.666667,13,False,1,1
8590,0x5fc22f,0.333333,14,False,2,2
8591,0xcc9a06,0.333333,10,False,2,2
8592,0x6a3885,0.333333,10,False,2,2
8593,0x920de7,1.000000,12,True,0,0
8594,0x60a37c,0.000000,11,False,1,3
8595,0xaff953,1.000000,16,True,0,0
8596,0x7177e6,0.000000,15,False,1,3
8597,0xd2a3a5,1.000000,12,True,0,0
8598,0xae4315,0.000000,11,False,1,3
8599,0x29eb25,1.000000,12,True,0,0
8600,0x413c7,0.666667,9,False,1,1
8601,0x481e61,0.666667,9,False,1,1
8602,0x49d4b9,1.000000,12,True,0,0
8603,0xb0bd15,1.000000,12,True,0,0
8604,0xba378,0.000000,11,False,1,3
8605,0xe95288,0.333333,10,False,2,2
8606,0x113e25,0.333333,10,False,2,2
8607,0x9ecdfb,0.666667,17,False,1,1
8608,0x655774,0.666667,13,False,1,1
8609,0x49d1ba,1.000000,12,True,0,0
8610,0x2fe1d8,0.666667,13,False,1,1
8611,0xec64bc,0.666667,13,False,1,1
8612,0x5904ea,0.333333,10,False,2,2
8613,0xc1dbf2,0.333333,14,False,2,2
8614,0x4ce124,0.666667,9,False,1,1
8615,0x88a3a2,0.666667,9,False,1,1
8616,0xb9a870,0.000000,11,False,1,3
8617,0xcb3bed,1.000000,16,True,0,0
8618,0xdbdb0e,0.000000,15,False,1,3
8619,0x7008d,0.000000,7,False,1,3
8620,0x11e7df,0.000000,15,False,1,3
8621,0x86dacd,0.666667,13,False,1,1
8622,0xa4c559,0.000000,11,False,1,3
8623,0x5dca62,1.000000,12,True,0,0
8624,0xf6ec42,0.666667,13,False,1,1
8625,0xee3fe9,0.666667,17,False,1,1
8626,0xd70947,1.000000,12,True,0,0
8627,0xce25ba,0.666667,13,False,1,1
8628,0x8105ae,0.666667,9,False,1,1
8629,0x66a3f1,0.666667,13,False,1,1
8630,0xdc4cbb,0.333333,14,False,2,2
8631,0x20113c,0.000000,7,False,1,3
8632,0x14011a,0.333333,6,False,2,2
8633,0x70eef4,0.333333,14,False,2,2
8634,0xff1873,0.000000,15,False,1,3
8635,0x1e9753,0.666667,13,False,1,1
8636,0xf09a13,0.000000,11,False,1,3
8637,0xcfcd62,0.333333,14,False,2,2
8638,0xe06d4c,0.000000,11,False,1,3
8639,0x5ea544,0.000000,11,False,1,3
8640,0x10d4c7,0.333333,10,False,2,2
8641,0x19d0fc,1.000000,12,True,0,0
8642,0x7a68fc,0.333333,14,False,2,2
8643,0xc178a9,0.000000,11,False,1,3
8644,0xea2906,0.333333,10,False,2,2
8645,0xc259ab,1.000000,12,True,0,0
8646,0xd601da,0.000000,11,False,1,3
8647,0x8fd1a9,0.666667,13,False,1,1
8648,0xd1c0ac,0.333333,10,False,2,2
8649,0x96b8ca,1.000000,12,True,0,0
8650,0xe6d0b9,0.666667,13,False,1,1
8651,0x382307,0.666667,9,False,1,1
8652,0x874164,0.666667,9,False,1,1
8653,0xaeb335,0.333333,14,False,2,2
8654,0xdf1d5c,0.000000,15,False,1,3
8655,0xe2ec9b,0.333333,14,False,2,2
8656,0xdb6b76,1.000000,16,True,0,0
8657,0x5e910a,0.333333,10,False,2,2
8658,0x172cf2,1.000000,12,True,0,0
8659,0x224317,0.666667,9,False,1,1
8660,0x60a847,0.666667,9,False,1,1
8661,0x240749,1.000000,8,True,0,0
8662,0x767664,0.666667,13,False,1,1
8663,0xd19670,0.000000,11,False,1,3
8664,0xed343b,0.333333,14,False,2,2
8665,0x567674,0.666667,13,False,1,1
8666,0x2c7d85,1.000000,12,True,0,0
8667,0x6e28f3,0.666667,13,False,1,1
8668,0xeb4ffc,0.666667,17,False,1,1
8669,0x4b7678,0.666667,13,False,1,1
8670,0x3ffce0,0.000000,15,False,1,3
8671,0xccb6d9,0.333333,14,False,2,2
8672,0xc5dc24,0.000000,11,False,1,3
8673,0x500422,0.666667,5,False,3,1
8674,0xa70ecd,0.666667,13,False,1,1
8675,0xed419f,0.333333,14,False,2,2
8676,0x3f36cd,0.000000,15,False,1,3
8677,0x752853,0.000000,11,False,1,3
8678,0xa35663,1.000000,12,True,0,0
8679,0xd6e86f,0.000000,15,False,1,3
8680,0x920ac9,0.666667,9,False,1,1
8681,0xa5bf5e,1.000000,16,True,0,0
8682,0xe3cd98,0.666667,13,False,1,1
8683,0xe4d98c,1.000000,12,True,0,0
8684,0xfca0b0,0.000000,11,False,1,3
8685,0xd298e,0.333333,10,False,2,2
8686,0xa9af1e,0.333333,14,False,2,2
8687,0x6b6d00,0.333333,10,False,2,2
8688,0x424b82,1.000000,8,True,0,0
8689,0xeff22f,0.666667,17,False,1,1
8690,0x3a26eb,0.666667,13,False,1,1
8691,0xa1ced1,1.000000,12,True,0,0
8692,0xb0952b,0.000000,11,False,1,3
8693,0x4ef78c,0.333333,14,False,2,2
8694,0x1cec63,1.000000,12,True,0,0
8695,0x1210d8,0.000000,7,False,1,3
8696,0xafba99,0.000000,15,False,1,3
8697,0x269c47,0.000000,11,False,1,3
8698,0xc9aa76,0.666667,13,False,1,1
8699,0xafabdd,0.666667,17,False,1,1
8700,0x7bbe31,0.000000,15,False,1,3
8701,0x561743,0.000000,11,False,1,3
8702,0x407bd4,0.000000,11,False,1,3
8703,0x75d424,0.000000,11,False,1,3
8704,0xafb6e3,1.000000,16,True,0,0
8705,0xde25b3,0.333333,14,False,2,2
8706,0x4e6f7f,0.666667,17,False,1,1
8707,0xe998e4,1.000000,12,True,0,0
8708,0xc6ea1f,0.333333,14,False,2,2
8709,0x5fcd90,0.666667,13,False,1,1
8710,0x40bda0,0.666667,9,False,1,1
8711,0x28b6b8,0.000000,11,False,1,3
8712,0xf7d5bf,0.000000,19,False,3,3
8713,0x8529c,1.000000,8,True,0,0
8714,0x5b333a,0.666667,13,False,1,1
8715,0xc76db1,0.333333,14,False,2,2
8716,0x7c7e6a,0.000000,15,False,1,3
8717,0x61cdd9,0.666667,13,False,1,1
8718,0x3888e8,0.666667,9,False,1,1
8719,0x66f5b3,0.000000,15,False,1,3
8720,0x2f4d24,0.000000,11,False,1,3
8721,0x1af481,0.333333,10,False,2,2
8722,0x7bee70,0.000000,15,False,1,3
8723,0x3510d3,0.333333,10,False,2,2
8724,0xc0da76,1.000000,12,True,0,0
8725,0xd10985,0.666667,9,False,1,1
8726,0x2d45cc,0.000000,11,False,1,3
8727,0x8e9bf6,0.000000,15,False,1,3
8728,0x20b023,0.000000,7,False,1,3
8729,0x207c8a,0.666667,9,False,1,1
8730,0x890f7b,0.666667,13,False,1,1
8731,0xf6b358,0.333333,14,False,2,2
8732,0xf926ee,0.000000,15,False,1,3
8733,0x2287bc,0.000000,11,False,1,3
8734,0xd882b9,0.000000,11,False,1,3
8735,0xf81efa,0.000000,15,False,1,3
8736,0x55ec6a,0.666667,13,False,1,1
8737,0x45a202,0.000000,7,False,1,3
8738,0xa0a1e5,0.333333,10,False,2,2
8739,0x77fa22,0.333333,14,False,2,2
8740,0x11db8f,0.666667,13,False,1,1
8741,0x53e880,0.666667,9,False,1,1
8742,0xa51066,0.666667,9,False,1,1
8743,0xce9352,1.000000,12,True,0,0
8744,0x9adfdf,0.333333,18,False,2,2
8745,0x1d0da,0.666667,9,False,1,1
8746,0xb9f82e,0.333333,14,False,2,2
8747,0xc9bfa4,0.333333,14,False,2,2
8748,0xd3120c,0.666667,9,False,1,1
8749,0x5b915f,0.333333,14,False,2,2
8750,0x9961c3,0.000000,11,False,1,3
8751,0xa2a056,0.666667,9,False,1,1
8752,0x1b71b8,1.000000,12,True,0,0
8753,0x3f6d8e,0.000000,15,False,1,3
8754,0xb894d5,1.000000,12,True,0,0
8755,0x3076fe,0.333333,14,False,2,2
8756,0xf19590,0.000000,11,False,1,3
8757,0xdbf7f4,0.333333,18,False,2,2
8758,0xea6d3e,0.000000,15,False,1,3
8759,0x98da02,0.666667,9,False,1,1
8760,0x833675,1.000000,12,True,0,0
8761,0x27c0e6,0.000000,11,False,1,3
8762,0x41097a,0.666667,9,False,1,1
8763,0xa8550e,0.333333,10,False,2,2
8764,0x9675cf,0.000000,15,False,1,3
8765,0x9b69e,1.000000,12,True,0,0
8766,0xf4b88b,0.666667,13,False,1,1
8767,0x6ecbb0,0.666667,13,False,1,1
8768,0xa1a8,0.333333,6,False,2,2
8769,0xedede7,0.333333,18,False,2,2
8770,0x1beaeb,0.000000,15,False,1,3
8771,0xc889f3,1.000000,12,True,0,0
8772,0xf98678,0.666667,13,False,1,1
8773,0x8182f5,0.333333,10,False,2,2
8774,0xc5d0f,0.000000,11,False,1,3
8775,0x23fe83,0.666667,13,False,1,1
8776,0xa2989e,0.000000,11,False,1,3
8777,0xa3ee9a,0.333333,14,False,2,2
8778,0xa4368c,0.333333,10,False,2,2
8779,0x152d25,0.333333,10,False,2,2
8780,0xf6712d,0.333333,14,False,2,2
8781,0x69631f,0.666667,13,False,1,1
8782,0xa1e61c,0.000000,11,False,1,3
8783,0xd55f0c,0.666667,13,False,1,1
8784,0xf60d17,0.666667,13,False,1,1
8785,0x853929,0.333333,10,False,2,2
8786,0xe2079d,1.000000,12,True,0,0
8787,0x712fd2,0.666667,13,False,1,1
8788,0x12a16d,0.333333,10,False,2,2
8789,0xf8dcc4,0.666667,13,False,1,1
8790,0x4df1e,1.000000,12,True,0,0
8791,0x745719,1.000000,12,True,0,0
8792,0x9f284,0.666667,9,False,1,1
8793,0x824ebc,0.000000,11,False,1,3
8794,0x83a95c,0.000000,11,False,1,3
8795,0xb0b826,0.333333,10,False,2,2
8796,0x33d9aa,0.666667,13,False,1,1
8797,0xa9fdaa,0.000000,15,False,1,3
8798,0x774439,1.000000,12,True,0,0
8799,0xa56ce4,1.000000,12,True,0,0
8800,0x23039f,0.000000,11,False,1,3
8801,0xd9ea1,0.000000,11,False,1,3
8802,0xe58d5e,0.333333,14,False,2,2
8803,0xa33d2e,0.666667,13,False,1,1
8804,0xb363b6,0.333333,14,False,2,2
8805,0x4ecc49,0.000000,11,False,1,3
8806,0xa76a8e,0.666667,13,False,1,1
8807,0xf39dbf,0.333333,18,False,2,2
8808,0xe206eb,1.000000,12,True,0,0
8809,0xd520fa,1.000000,12,True,0,0
8810,0xd9ef7e,0.333333,18,False,2,2
8811,0xced37b,1.000000,16,True,0,0
8812,0x4d8dfe,0.000000,15,False,1,3
8813,0xb9fc45,0.333333,14,False,2,2
8814,0x259416,0.666667,9,False,1,1
8815,0x7d27ca,0.333333,14,False,2,2
8816,0x581064,0.000000,7,False,1,3
8817,0x8ae34a,0.000000,11,False,1,3
8818,0xb539c,0.000000,11,False,1,3
8819,0x523793,1.000000,12,True,0,0
8820,0x30c902,0.000000,7,False,1,3
8821,0xcd852e,1.000000,12,True,0,0
8822,0x669b58,1.000000,12,True,0,0
8823,0x5e3c0,0.666667,9,False,1,1
8824,0xb24a1d,0.000000,11,False,1,3
8825,0x7e4f8c,0.333333,14,False,2,2
8826,0x736a9e,0.333333,14,False,2,2
8827,0x5fceb5,1.000000,16,True,0,0
8828,0x258862,1.000000,8,True,0,0
8829,0x5cef6b,1.000000,16,True,0,0
8830,0x442f50,0.666667,9,False,1,1
8831,0x9abe5,1.000000,12,True,0,0
8832,0xbcd7e2,0.000000,15,False,1,3
8833,0x9b53b2,0.666667,13,False,1,1
8834,0x53ef82,0.666667,13,False,1,1
8835,0x8f1ba0,0.000000,11,False,1,3
8836,0xd3bae0,0.666667,13,False,1,1
8837,0x1bdbf1,0.000000,15,False,1,3
8838,0xd2a0ef,0.666667,13,False,1,1
8839,0xc3b7fe,0.666667,17,False,1,1
8840,0x575660,0.000000,11,False,1,3
8841,0x4d835,0.666667,9,False,1,1
8842,0x8939dc,1.000000,12,True,0,0
8843,0x7a4931,0.000000,11,False,1,3
8844,0x9e5c7a,0.333333,14,False,2,2
8845,0xd75f78,1.000000,16,True,0,0
8846,0x491503,1.000000,8,True,0,0
8847,0x208e70,1.000000,8,True,0,0
8848,0xd56cab,0.333333,14,False,2,2
8849,0xd920b9,0.000000,11,False,1,3
8850,0x4abf0e,0.666667,13,False,1,1
8851,0x49fe24,1.000000,12,True,0,0
8852,0xc733ee,0.000000,15,False,1,3
8853,0x38cb4c,0.000000,11,False,1,3
8854,0x9af65,1.000000,12,True,0,0
8855,0x30d6bc,1.000000,12,True,0,0
8856,0x376f03,0.666667,13,False,1,1
8857,0xa49fe5,0.333333,14,False,2,2
8858,0xb96b4,0.000000,11,False,1,3
8859,0x7b719f,1.000000,16,True,0,0
8860,0x7c534c,1.000000,12,True,0,0
8861,0x744da8,0.000000,11,False,1,3
8862,0x3b8e27,0.666667,13,False,1,1
8863,0x4e9f81,1.000000,12,True,0,0
8864,0x84346,0.000000,7,False,1,3
8865,0xad43c4,0.000000,11,False,1,3
8866,0xabf298,0.666667,13,False,1,1
8867,0x24b0c6,0.666667,9,False,1,1
8868,0xcbcf7b,0.666667,17,False,1,1
8869,0xf30c40,0.666667,9,False,1,1
8870,0xcdd216,1.000000,12,True,0,0
8871,0xa0df22,0.000000,11,False,1,3
8872,0xab820a,0.666667,9,False,1,1
8873,0x393742,0.000000,11,False,1,3
8874,0x34b7cf,0.000000,15,False,1,3
8875,0xc62c4b,0.000000,11,False,1,3
8876,0x3998f8,1.000000,12,True,0,0
8877,0x7e59b5,0.000000,15,False,1,3
8878,0xaa38ea,1.000000,12,True,0,0
8879,0xe84bd0,0.000000,11,False,1,3
8880,0x31c513,0.333333,10,False,2,2
8881,0xb2880c,1.000000,8,True,0,0
8882,0x1b6379,0.666667,13,False,1,1
8883,0xc4d331,0.000000,11,False,1,3
8884,0xa9c5da,0.666667,13,False,1,1
8885,0x1a872d,0.000000,11,False,1,3
8886,0xbf920e,0.666667,13,False,1,1
8887,0x5e9685,1.000000,12,True,0,0
8888,0xb431ce,1.000000,12,True,0,0
8889,0xfdb21c,0.333333,14,False,2,2
8890,0x6eb214,0.000000,11,False,1,3
8891,0x5911bf,0.666667,13,False,1,1
8892,0xbd4269,1.000000,12,True,0,0
8893,0x278f11,0.000000,11,False,1,3
8894,0x3b97e0,0.666667,13,False,1,1
8895,0xbdfa20,0.666667,13,False,1,1
8896,0xf13f16,0.333333,14,False,2,2
8897,0x64e3e3,0.666667,13,False,1,1
8898,0xb25232,0.333333,10,False,2,2
8899,0xe4e486,0.000000,11,False,1,3
8900,0x338d97,0.666667,13,False,1,1
8901,0xa45e3b,0.666667,13,False,1,1
8902,0xbfc763,1.000000,16,True,0,0
8903,0x13ab92,0.000000,11,False,1,3
8904,0x5cc996,1.000000,12,True,0,0
8905,0xbb67c2,0.333333,14,False,2,2
8906,0xf932b3,0.333333,14,False,2,2
8907,0x18f81d,0.000000,11,False,1,3
8908,0x6fa652,0.666667,13,False,1,1
8909,0x1b09ef,0.666667,13,False,1,1
8910,0x55b2f0,1.000000,12,True,0,0
8911,0x5c46af,0.666667,13,False,1,1
8912,0x3f83f0,0.666667,13,False,1,1
8913,0x60b307,0.333333,10,False,2,2
8914,0xaf74f5,1.000000,16,True,0,0
8915,0x10fd15,0.000000,11,False,1,3
8916,0x1ae40c,0.666667,9,False,1,1
8917,0x41b691,0.333333,10,False,2,2
8918,0x74d36a,0.666667,13,False,1,1
8919,0x4b90a8,0.666667,9,False,1,1
8920,0x4969ab,1.000000,12,True,0,0
8921,0x43776f,0.000000,15,False,1,3
8922,0x6b6304,0.333333,10,False,2,2
8923,0x51d75d,0.333333,14,False,2,2
8924,0xb5c10a,0.333333,10,False,2,2
8925,0x977199,0.666667,13,False,1,1
8926,0xcca284,0.666667,9,False,1,1
8927,0x8268f4,0.333333,10,False,2,2
8928,0x38f096,0.000000,11,False,1,3
8929,0x9e98e9,0.666667,13,False,1,1
8930,0x6e6912,0.000000,11,False,1,3
8931,0x9f856a,0.666667,13,False,1,1
8932,0x511477,0.000000,11,False,1,3
8933,0xb0aa57,1.000000,12,True,0,0
8934,0x4cf9fd,1.000000,16,True,0,0
8935,0x656884,0.666667,9,False,1,1
8936,0xec34f0,1.000000,12,True,0,0
8937,0xf9c1b,1.000000,12,True,0,0
8938,0x23142,0.333333,6,False,2,2
8939,0x8fb8f7,1.000000,16,True,0,0
8940,0x3a9440,1.000000,8,True,0,0
8941,0x8cf99c,0.666667,13,False,1,1
8942,0x996543,0.000000,11,False,1,3
8943,0x5cb172,1.000000,12,True,0,0
8944,0x635dd2,0.666667,13,False,1,1
8945,0xee1897,0.666667,13,False,1,1
8946,0xf79ea9,1.000000,16,True,0,0
8947,0xbaec8c,0.666667,13,False,1,1
8948,0xc6a545,0.000000,11,False,1,3
8949,0x9f868a,1.000000,12,True,0,0
8950,0xbaf7c1,0.000000,15,False,1,3
8951,0xae4fcc,0.333333,14,False,2,2
8952,0xe773da,1.000000,16,True,0,0
8953,0x381800,0.666667,5,False,3,1
8954,0xbaceaa,0.333333,14,False,2,2
8955,0x455d67,0.666667,13,False,1,1
8956,0xec423c,0.000000,11,False,1,3
8957,0x63e777,1.000000,16,True,0,0
8958,0x224a04,0.333333,6,False,2,2
8959,0x2520e9,0.666667,9,False,1,1
8960,0x70edc4,1.000000,12,True,0,0
8961,0x89f43,0.333333,10,False,2,2
8962,0x9023f3,0.000000,11,False,1,3
8963,0x6b2e5d,0.333333,14,False,2,2
8964,0x654cc2,0.333333,10,False,2,2
8965,0x9171a0,0.666667,9,False,1,1
8966,0x7fe061,0.666667,13,False,1,1
8967,0xd34383,0.000000,11,False,1,3
8968,0xd783d9,0.333333,14,False,2,2
8969,0x2c596b,1.000000,12,True,0,0
8970,0xa19c1f,1.000000,12,True,0,0
8971,0xeb9bcc,0.000000,15,False,1,3
8972,0x814dd4,0.333333,10,False,2,2
8973,0xf81f2,0.000000,11,False,1,3
8974,0x4976e2,1.000000,12,True,0,0
8975,0xa68938,0.333333,10,False,2,2
8976,0xe73e11,0.666667,13,False,1,1
8977,0xc4503e,0.333333,10,False,2,2
8978,0xfb1bd2,0.000000,15,False,1,3
8979,0x4a4c19,0.666667,9,False,1,1
8980,0xd07342,0.333333,10,False,2,2
8981,0x1a29c7,0.000000,11,False,1,3
8982,0x6efa3d,1.000000,16,True,0,0
8983,0x300e2,0.333333,6,False,2,2
8984,0xac7478,1.000000,12,True,0,0
8985,0xf99708,1.000000,12,True,0,0
8986,0x10a5b2,0.666667,9,False,1,1
8987,0xc66a87,1.000000,12,True,0,0
8988,0xde48fd,0.000000,15,False,1,3
8989,0x7c3497,0.666667,13,False,1,1
8990,0xdc6777,1.000000,16,True,0,0
8991,0x2fc8f,1.000000,12,True,0,0
8992,0xae5f50,0.666667,13,False,1,1
8993,0x23a082,0.000000,7,False,1,3
8994,0x8e5a02,0.666667,9,False,1,1
8995,0x738e09,0.000000,11,False,1,3
8996,0x565d33,0.666667,13,False,1,1
8997,0x6d06a7,1.000000,12,True,0,0
8998,0xcc9e18,0.000000,11,False,1,3
8999,0x40f734,0.000000,11,False,1,3
9000,0x231cd4,0.333333,10,False,2,2
9001,0x38a819,0.666667,9,False,1,1
9002,0x487cce,1.000000,12,True,0,0
9003,0x68296f,1.000000,12,True,0,0
9004,0x8793a7,0.666667,13,False,1,1
9005,0x496746,0.000000,11,False,1,3
9006,0x18e14c,0.666667,9,False,1,1
9007,0x5c8b2,0.666667,9,False,1,1
9008,0xf3a8a1,1.000000,12,True,0,0
9009,0x29161e,0.333333,10,False,2,2
9010,0xe08042,0.333333,6,False,2,2
9011,0x299bd2,1.000000,12,True,0,0
9012,0x1c30fd,1.000000,12,True,0,0
9013,0x9ccacb,0.666667,13,False,1,1
9014,0xbe6da3,0.000000,15,False,1,3
9015,0x6325a6,0.000000,11,False,1,3
9016,0x4422bc,0.666667,9,False,1,1
9017,0x3c73ac,0.666667,13,False,1,1
9018,0x640a2e,0.666667,9,False,1,1
9019,0x684075,0.666667,9,False,1,1
9020,0xf59c32,0.666667,13,False,1,1
9021,0xb5600f,0.000000,11,False,1,3
9022,0xd38d5,0.000000,11,False,1,3
9023,0x1c9f4d,0.666667,13,False,1,1
9024,0x6f59bd,1.000000,16,True,0,0
9025,0xbe5e59,0.000000,15,False,1,3
9026,0xe4e77a,0.000000,15,False,1,3
9027,0x3d4fc4,0.666667,13,False,1,1
9028,0xec9579,0.333333,14,False,2,2
9029,0x2790e,0.666667,9,False,1,1
9030,0xf28ef6,0.000000,15,False,1,3
9031,0x6bc5e1,0.666667,13,False,1,1
9032,0x1ac36d,1.000000,12,True,0,0
9033,0xf3af33,1.000000,16,True,0,0
9034,0xe13461,0.333333,10,False,2,2
9035,0x404933,1.000000,8,True,0,0
9036,0xafd4e2,0.333333,14,False,2,2
9037,0xe38c2d,1.000000,12,True,0,0
9038,0x9152d8,0.333333,10,False,2,2
9039,0x766ea1,0.666667,13,False,1,1
9040,0x848148,0.333333,6,False,2,2
9041,0xaa8f99,0.666667,13,False,1,1
9042,0x58f245,0.000000,11,False,1,3
9043,0xd800,1.000000,4,False,4,0
9044,0x775ffa,0.333333,18,False,2,2
9045,0x7cf3c8,0.333333,14,False,2,2
9046,0x3ebdea,1.000000,16,True,0,0
9047,0x489a46,0.666667,9,False,1,1
9048,0x62885f,0.000000,11,False,1,3
9049,0x815c1c,0.666667,9,False,1,1
9050,0x228319,1.000000,8,True,0,0
9051,0x2c5b03,0.333333,10,False,2,2
9052,0x14764f,1.000000,12,True,0,0
9053,0x9ea5bd,0.000000,15,False,1,3
9054,0x31f16f,0.333333,14,False,2,2
9055,0x507c4e,0.000000,11,False,1,3
9056,0xd2648a,0.333333,10,False,2,2
9057,0xdb045a,0.000000,11,False,1,3
9058,0x344672,0.333333,10,False,2,2
9059,0x4bc534,0.000000,11,False,1,3
9060,0x9847a,0.666667,9,False,1,1
9061,0x6745ae,0.666667,13,False,1,1
9062,0x9ab53d,0.333333,14,False,2,2
9063,0x17689a,0.000000,11,False,1,3
9064,0x558709,0.333333,10,False,2,2
9065,0x172e44,0.333333,10,False,2,2
9066,0x16ed9e,0.333333,14,False,2,2
9067,0x79ed8b,0.000000,15,False,1,3
9068,0x6661a5,0.000000,11,False,1,3
9069,0x58096f,0.000000,11,False,1,3
9070,0x5ae7ca,0.333333,14,False,2,2
9071,0xf11bdc,0.333333,14,False,2,2
9072,0xb6c818,0.333333,10,False,2,2
9073,0xe8898b,0.000000,11,False,1,3
9074,0x43914a,0.666667,9,False,1,1
9075,0x3efefe,0.000000,19,False,3,3
9076,0x78665,0.333333,10,False,2,2
9077,0xf360a0,0.333333,10,False,2,2
9078,0xcd2f36,0.333333,14,False,2,2
9079,0x58b762,1.000000,12,True,0,0
9080,0xffca25,0.000000,15,False,1,3
9081,0xbecd4c,0.333333,14,False,2,2
9082,0xc9804f,0.333333,10,False,2,2
9083,0xaf65a,1.000000,12,True,0,0
9084,0x6b5a4e,0.666667,13,False,1,1
9085,0x5ddf9c,1.000000,16,True,0,0
9086,0xe5e23,0.000000,11,False,1,3
9087,0x4a9192,0.666667,9,False,1,1
9088,0x2ddaba,0.333333,14,False,2,2
9089,0x4684d,1.000000,8,True,0,0
9090,0xddc336,0.333333,14,False,2,2
9091,0xf06755,0.666667,13,False,1,1
9092,0x724ab5,1.000000,12,True,0,0
9093,0xaee5f7,0.666667,17,False,1,1
9094,0x9a256d,1.000000,12,True,0,0
9095,0x6e0ead,0.666667,13,False,1,1
9096,0xab2194,0.333333,10,False,2,2
9097,0xdb12c5,1.000000,12,True,0,0
9098,0x420c68,0.000000,7,False,1,3
9099,0x3f0a0f,1.000000,12,True,0,0
9100,0xd5b51,0.000000,11,False,1,3
9101,0x9e8cc9,1.000000,12,True,0,0
9102,0x59cf2c,0.666667,13,False,1,1
9103,0xc7cc4c,1.000000,12,True,0,0
9104,0x8e1931,0.333333,10,False,2,2
9105,0x49a8f6,1.000000,12,True,0,0
9106,0x2d80fa,0.000000,11,False,1,3
9107,0x5a3b6c,0.666667,13,False,1,1
9108,0x334131,0.666667,9,False,1,1
9109,0x2d74c9,1.000000,12,True,0,0
9110,0xa9f6de,1.000000,16,True,0,0
9111,0x5d8656,1.000000,12,True,0,0
9112,0x39d444,0.333333,10,False,2,2
9113,0xbaeffa,0.333333,18,False,2,2
9114,0x676ddc,0.000000,15,False,1,3
9115,0x14e6c4,0.333333,10,False,2,2
9116,0xddeee7,0.333333,18,False,2,2
9117,0x3e24c9,0.000000,11,False,1,3
9118,0x5a8269,0.333333,10,False,2,2
9119,0xea3662,1.000000,12,True,0,0
9120,0xb0772,0.333333,10,False,2,2
9121,0xf98e25,0.666667,13,False,1,1
9122,0xaa400e,1.000000,8,True,0,0
9123,0x91afea,0.333333,14,False,2,2
9124,0x918de2,0.000000,11,False,1,3
9125,0x9a30fc,1.000000,12,True,0,0
9126,0x191149,1.000000,8,True,0,0
9127,0xdeb7a9,1.000000,16,True,0,0
9128,0x522902,0.000000,7,False,1,3
9129,0xe15378,1.000000,12,True,0,0
9130,0xf984c7,0.666667,13,False,1,1
9131,0x195e9c,1.000000,12,True,0,0
9132,0xb9076f,0.333333,14,False,2,2
9133,0xf71551,0.666667,13,False,1,1
9134,0xc4efb6,0.000000,15,False,1,3
9135,0x22f9b0,0.000000,11,False,1,3
9136,0x1a36a7,1.000000,12,True,0,0
9137,0xd3d533,0.333333,14,False,2,2
9138,0xd6b038,0.000000,11,False,1,3
9139,0x7ac92,0.333333,10,False,2,2
9140,0xc65815,0.333333,10,False,2,2
9141,0x6700e3,0.333333,10,False,2,2
9142,0x176ddf,1.000000,16,True,0,0
9143,0xc98c67,1.000000,12,True,0,0
9144,0xe27117,1.000000,12,True,0,0
9145,0x20fe5b,0.666667,13,False,1,1
9146,0x13a2a,1.000000,8,True,0,0
9147,0x5e7d8b,0.000000,15,False,1,3
9148,0x85ff48,0.666667,13,False,1,1
9149,0x461bb4,0.000000,11,False,1,3
9150,0x6d1213,0.333333,10,False,2,2
9151,0x684618,1.000000,8,True,0,0
9152,0x5e360e,1.000000,12,True,0,0
9153,0x9c8f46,1.000000,12,True,0,0
9154,0xd5c6dd,0.000000,15,False,1,3
9155,0x8d2598,0.333333,10,False,2,2
9156,0x5c6c56,1.000000,12,True,0,0
9157,0xbcf621,0.666667,13,False,1,1
9158,0x29b643,0.000000,11,False,1,3
9159,0x80800,0.333333,2,False,2,2
9160,0x9cfdeb,0.666667,17,False,1,1
9161,0xd154d6,1.000000,12,True,0,0
9162,0x969323,0.000000,11,False,1,3
9163,0x954a01,1.000000,8,True,0,0
9164,0x37139c,1.000000,12,True,0,0
9165,0x4f58e8,1.000000,12,True,0,0
9166,0x91f32f,0.333333,14,False,2,2
9167,0xecbdfe,0.333333,18,False,2,2
9168,0x343180,0.000000,7,False,1,3
9169,0xadeea1,0.333333,14,False,2,2
9170,0x9cc7c8,1.000000,12,True,0,0
9171,0xf0902c,0.666667,9,False,1,1
9172,0x5ed6fb,0.666667,17,False,1,1
9173,0x3ad503,0.000000,11,False,1,3
9174,0x3f3c72,0.333333,14,False,2,2
9175,0xc84cc0,1.000000,8,True,0,0
9176,0x4dcb59,0.666667,13,False,1,1
9177,0x379ad6,0.333333,14,False,2,2
9178,0x14a3e2,0.333333,10,False,2,2
9179,0xa37101,0.666667,9,False,1,1
9180,0xbd2833,1.000000,12,True,0,0
9181,0x785d05,0.000000,11,False,1,3
9182,0xa84418,0.000000,7,False,1,3
9183,0x6d5fe5,1.000000,16,True,0,0
9184,0x5fb985,0.333333,14,False,2,2
9185,0x52383b,0.000000,11,False,1,3
9186,0x2ab757,0.333333,14,False,2,2
9187,0x61a0e9,0.333333,10,False,2,2
9188,0x93c96,0.333333,10,False,2,2
9189,0xde8e5f,1.000000,16,True,0,0
9190,0x95a5d,0.000000,11,False,1,3
9191,0x88ef4e,0.666667,13,False,1,1
9192,0x92fdb4,0.333333,14,False,2,2
9193,0x537baf,1.000000,16,True,0,0
9194,0xddbfe0,1.000000,16,True,0,0
9195,0xd01290,0.000000,7,False,1,3
9196,0x898e44,0.666667,9,False,1,1
9197,0x5369a8,0.000000,11,False,1,3
9198,0xc18d96,0.000000,11,False,1,3
9199,0x5d2236,0.000000,11,False,1,3
9200,0xf0852d,0.000000,11,False,1,3
9201,0x336515,0.000000,11,False,1,3
9202,0x789a85,0.000000,11,False,1,3
9203,0xdc27d5,0.333333,14,False,2,2
9204,0x841283,0.000000,7,False,1,3
9205,0xd5f2e5,0.000000,15,False,1,3
9206,0x360a1a,0.666667,9,False,1,1
9207,0x1195f9,1.000000,12,True,0,0
9208,0x71479a,1.000000,12,True,0,0
9209,0x13367,0.333333,10,False,2,2
9210,0xc6465a,0.000000,11,False,1,3
9211,0x23120f,0.666667,9,False,1,1
9212,0xad996f,0.000000,15,False,1,3
9213,0x98802b,1.000000,8,True,0,0
9214,0xbf0bf3,1.000000,16,True,0,0
9215,0x8cba7,0.000000,11,False,1,3
9216,0xea924d,1.000000,12,True,0,0
9217,0x565c15,0.000000,11,False,1,3
9218,0x8f36b9,0.333333,14,False,2,2
9219,0x8a8f70,0.000000,11,False,1,3
9220,0xdeeaec,1.000000,16,True,0,0
9221,0x5359f3,0.333333,14,False,2,2
9222,0x90bdfa,0.333333,14,False,2,2
9223,0xfc83,0.666667,9,False,1,1
9224,0xfa5e41,0.666667,13,False,1,1
9225,0x858d5e,1.000000,12,True,0,0
9226,0xcd7624,1.000000,12,True,0,0
9227,0x9d3443,0.000000,11,False,1,3
9228,0x6c0185,1.000000,8,True,0,0
9229,0x578226,0.333333,10,False,2,2
9230,0x2146f9,0.000000,11,False,1,3
9231,0xc2b764,1.000000,12,True,0,0
9232,0xf8181f,1.000000,12,True,0,0
9233,0xb25c35,1.000000,12,True,0,0
9234,0x757a5d,0.000000,15,False,1,3
9235,0xde983d,0.333333,14,False,2,2
9236,0x9a4574,0.000000,11,False,1,3
9237,0xb37e50,0.666667,13,False,1,1
9238,0x63dc69,0.666667,13,False,1,1
9239,0xd9fb69,1.000000,16,True,0,0
9240,0xfc2edf,0.666667,17,False,1,1
9241,0x48a3b6,0.000000,11,False,1,3
9242,0x7732b1,0.666667,13,False,1,1
9243,0x17b993,0.666667,13,False,1,1
9244,0xad1e39,0.666667,13,False,1,1
9245,0x70b554,0.000000,11,False,1,3
9246,0x88ae13,0.333333,10,False,2,2
9247,0xbe064d,1.000000,12,True,0,0
9248,0x85d0d5,0.000000,11,False,1,3
9249,0xe1a4b2,0.000000,11,False,1,3
9250,0x734470,0.333333,10,False,2,2
9251,0xaf69c4,0.666667,13,False,1,1
9252,0x7692e1,1.000000,12,True,0,0
9253,0xecf44a,0.666667,13,False,1,1
9254,0xa99340,0.666667,9,False,1,1
9255,0xbc2f96,0.333333,14,False,2,2
9256,0xa3089d,0.333333,10,False,2,2
9257,0x62a2ed,1.000000,12,True,0,0
9258,0x9ec8aa,1.000000,12,True,0,0
9259,0x1e007b,0.333333,10,False,2,2
9260,0x523dc,0.333333,10,False,2,2
9261,0x5b7e6c,0.000000,15,False,1,3
9262,0x22ffb4,0.333333,14,False,2,2
9263,0x65c1af,0.666667,13,False,1,1
9264,0x21fe86,1.000000,12,True,0,0
9265,0x90b378,0.000000,11,False,1,3
9266,0x63a162,0.333333,10,False,2,2
9267,0xa07c2d,0.000000,11,False,1,3
9268,0xedc35c,0.333333,14,False,2,2
9269,0xeadc5e,0.000000,15,False,1,3
9270,0x99e3c9,0.666667,13,False,1,1
9271,0xb45a4c,0.000000,11,False,1,3
9272,0xfb76eb,0.333333,18,False,2,2
9273,0xc64ac1,0.333333,10,False,2,2
9274,0x30a65a,0.333333,10,False,2,2
9275,0x4318b7,0.000000,11,False,1,3
9276,0xa8e368,0.000000,11,False,1,3
9277,0xcdf4cd,0.000000,15,False,1,3
9278,0xdff55b,0.333333,18,False,2,2
9279,0x1ad1dd,0.666667,13,False,1,1
9280,0x7b7caf,0.666667,17,False,1,1
9281,0xa08906,0.000000,7,False,1,3
9282,0x23a747,1.000000,12,True,0,0
9283,0x38a451,0.666667,9,False,1,1
9284,0xde1221,0.333333,10,False,2,2
9285,0x6643b3,1.000000,12,True,0,0
9286,0x239bdb,0.333333,14,False,2,2
9287,0x1d42bf,0.666667,13,False,1,1
9288,0xa97f0f,0.000000,15,False,1,3
9289,0x569101,1.000000,8,True,0,0
9290,0x259777,0.333333,14,False,2,2
9291,0xc2ed5d,0.333333,14,False,2,2
9292,0xde5f44,0.333333,14,False,2,2
9293,0x245bf3,0.666667,13,False,1,1
9294,0x3a11bb,1.000000,12,True,0,0
9295,0x78ca55,1.000000,12,True,0,0
9296,0x9b97fc,1.000000,16,True,0,0
9297,0x8ba568,0.000000,11,False,1,3
9298,0x3f7604,1.000000,12,True,0,0
9299,0x929ecb,0.666667,13,False,1,1
9300,0x11aa99,0.333333,10,False,2,2
9301,0x9af6c2,0.666667,13,False,1,1
9302,0xa90f96,1.000000,12,True,0,0
9303,0x8c4b86,0.333333,10,False,2,2
9304,0x61538b,0.000000,11,False,1,3
9305,0xee8c85,1.000000,12,True,0,0
9306,0xface09,0.666667,13,False,1,1
9307,0x4e5a16,0.000000,11,False,1,3
9308,0x31e0c6,0.333333,10,False,2,2
9309,0xb3098d,0.000000,11,False,1,3
9310,0xe44df9,0.333333,14,False,2,2
9311,0x4899df,0.666667,13,False,1,1
9312,0x6ad0ea,1.000000,12,True,0,0
9313,0x863b4b,1.000000,12,True,0,0
9314,0xd8a072,0.333333,10,False,2,2
9315,0x5c62cb,1.000000,12,True,0,0
9316,0xae49d6,0.666667,13,False,1,1
9317,0xbe70b9,0.333333,14,False,2,2
9318,0xf373bc,1.000000,16,True,0,0
9319,0x236f75,0.333333,14,False,2,2
9320,0xabae23,0.666667,13,False,1,1
9321,0x77dc6b,1.000000,16,True,0,0
9322,0x9c76d1,0.666667,13,False,1,1
9323,0xef3d9f,0.333333,18,False,2,2
9324,0xb3dea6,0.000000,15,False,1,3
9325,0x69be1,0.000000,11,False,1,3
9326,0x9d5f2,1.000000,12,True,0,0
9327,0xe46179,1.000000,12,True,0,0
9328,0x138861,1.000000,8,True,0,0
9329,0x1bad62,1.000000,12,True,0,0
9330,0xd8b5c2,1.000000,12,True,0,0
9331,0x9938ab,1.000000,12,True,0,0
9332,0x8c600e,1.000000,8,True,0,0
9333,0x31302f,0.333333,10,False,2,2
9334,0x4de8a,0.333333,10,False,2,2
9335,0x2b51a1,0.333333,10,False,2,2
9336,0xcc0f67,0.666667,13,False,1,1
9337,0x23352a,0.333333,10,False,2,2
9338,0xd24f5e,0.333333,14,False,2,2
9339,0xfce45a,0.333333,14,False,2,2
9340,0x201d33,0.666667,9,False,1,1
9341,0x6c2e6b,0.666667,13,False,1,1
9342,0x687de2,0.666667,13,False,1,1
9343,0xea2a36,1.000000,12,True,0,0
9344,0x35ecb3,0.333333,14,False,2,2
9345,0x173cfc,0.333333,14,False,2,2
9346,0x94c46e,0.000000,11,False,1,3
9347,0x45e5c3,1.000000,12,True,0,0
9348,0xe3ec15,0.666667,13,False,1,1
9349,0x3b1541,0.333333,10,False,2,2
9350,0xcc4d0c,0.333333,10,False,2,2
9351,0xdb9bb8,0.000000,15,False,1,3
9352,0xf54e59,0.333333,14,False,2,2
9353,0x782cc9,0.000000,11,False,1,3
9354,0x3c2659,0.000000,11,False,1,3
9355,0x6bdd51,0.333333,14,False,2,2
9356,0xdf1bd2,0.000000,15,False,1,3
9357,0x1bd03,0.666667,9,False,1,1
9358,0xf37d73,0.666667,17,False,1,1
9359,0x5ec104,0.666667,9,False,1,1
9360,0xad4efa,0.000000,15,False,1,3
9361,0x3f5be,0.333333,14,False,2,2
9362,0xb25167,1.000000,12,True,0,0
9363,0x6541ce,0.000000,11,False,1,3
9364,0x58aceb,0.666667,13,False,1,1
9365,0x2b86bc,1.000000,12,True,0,0
9366,0x8d98cb,1.000000,12,True,0,0
9367,0x326fc6,0.666667,13,False,1,1
9368,0x462f6,0.333333,10,False,2,2
9369,0x14c1ee,0.000000,11,False,1,3
9370,0x11f265,0.000000,11,False,1,3
9371,0xdde345,0.333333,14,False,2,2
9372,0xdc367c,0.333333,14,False,2,2
9373,0x1ed07d,0.666667,13,False,1,1
9374,0x98cb0c,0.333333,10,False,2,2
9375,0x120fd4,0.333333,10,False,2,2
9376,0x1faa1,0.333333,10,False,2,2
9377,0xe3187a,1.000000,12,True,0,0
9378,0x1cd5eb,0.333333,14,False,2,2
9379,0xbf1403,0.000000,11,False,1,3
9380,0xa51826,0.666667,9,False,1,1
9381,0x898ac2,0.666667,9,False,1,1
9382,0x21f023,0.666667,9,False,1,1
9383,0x49d0de,1.000000,12,True,0,0
9384,0x1a8854,1.000000,8,True,0,0
9385,0xefdbfd,1.000000,20,False,4,0
9386,0x84f62a,0.000000,11,False,1,3
9387,0xa739d8,0.666667,13,False,1,1
9388,0x78b35c,0.666667,13,False,1,1
9389,0xb2b76,1.000000,12,True,0,0
9390,0x101ea,0.000000,7,False,1,3
9391,0x5d273a,0.666667,13,False,1,1
9392,0xab19f0,1.000000,12,True,0,0
9393,0xc3283b,0.000000,11,False,1,3
9394,0x2c0310,0.333333,6,False,2,2
9395,0x94623b,0.000000,11,False,1,3
9396,0x42c8ae,0.333333,10,False,2,2
9397,0xfc07d9,0.333333,14,False,2,2
9398,0xd1d309,0.000000,11,False,1,3
9399,0x1bdb9f,1.000000,16,True,0,0
9400,0x696d7f,1.000000,16,True,0,0
9401,0xa70c12,0.666667,9,False,1,1
9402,0x774ad,1.000000,12,True,0,0
9403,0xe766cd,0.000000,15,False,1,3
9404,0xe49ee0,1.000000,12,True,0,0
9405,0xf5250b,1.000000,12,True,0,0
9406,0xb99e98,0.666667,13,False,1,1
9407,0x7e91ce,0.333333,14,False,2,2
9408,0xe01d75,1.000000,12,True,0,0
9409,0x5fa35c,0.333333,14,False,2,2
9410,0xf31468,0.000000,11,False,1,3
9411,0xd39a19,1.000000,12,True,0,0
9412,0xee0551,0.000000,11,False,1,3
9413,0x1dfdf5,0.666667,17,False,1,1
9414,0x30ac69,0.333333,10,False,2,2
9415,0xd7d65,0.666667,13,False,1,1
9416,0x8f8abf,0.000000,15,False,1,3
9417,0x368f32,1.000000,12,True,0,0
9418,0x3dfc99,0.000000,15,False,1,3
9419,0xab34bf,0.000000,15,False,1,3
9420,0xaae0c2,0.333333,10,False,2,2
9421,0xacf2a5,0.666667,13,False,1,1
9422,0x15d2e8,0.000000,11,False,1,3
9423,0xbe88e4,1.000000,12,True,0,0
9424,0x64979b,0.666667,13,False,1,1
9425,0xe136c9,1.000000,12,True,0,0
9426,0x30f0e6,0.000000,11,False,1,3
9427,0x7dc6ae,0.000000,15,False,1,3
9428,0xe7cacb,0.000000,15,False,1,3
9429,0x8f8113,0.333333,10,False,2,2
9430,0x9f1f91,0.333333,14,False,2,2
9431,0x49805e,0.666667,9,False,1,1
9432,0xa3dd00,0.333333,10,False,2,2
9433,0x8f8397,0.666667,13,False,1,1
9434,0xa46917,0.000000,11,False,1,3
9435,0xd995bf,1.000000,16,True,0,0
9436,0x75a0b1,0.000000,11,False,1,3
9437,0x6e2502,0.666667,9,False,1,1
9438,0x24d9f2,1.000000,12,True,0,0
9439,0x46a630,0.666667,9,False,1,1
9440,0xe21214,1.000000,8,True,0,0
9441,0x9162a4,0.666667,9,False,1,1
9442,0x7910bf,0.666667,13,False,1,1
9443,0x948eaf,0.666667,13,False,1,1
9444,0xcf41b1,1.000000,12,True,0,0
9445,0x343eaa,1.000000,12,True,0,0
9446,0x93098c,0.666667,9,False,1,1
9447,0xb79da3,0.000000,15,False,1,3
9448,0xbbcded,0.666667,17,False,1,1
9449,0x350d62,0.333333,10,False,2,2
9450,0x62fafa,0.000000,15,False,1,3
9451,0xbe2902,0.333333,10,False,2,2
9452,0x3e0c97,1.000000,12,True,0,0
9453,0x767f6c,1.000000,16,True,0,0
9454,0xdd1238,0.000000,11,False,1,3
9455,0x7f5cd2,0.000000,15,False,1,3
9456,0x6b8549,0.000000,11,False,1,3
9457,0xc9e323,1.000000,12,True,0,0
9458,0xd7ce6e,1.000000,16,True,0,0
9459,0xedf9d9,0.666667,17,False,1,1
9460,0xb3a5b0,1.000000,12,True,0,0
9461,0x47f385,0.666667,13,False,1,1
9462,0x946438,0.666667,9,False,1,1
9463,0xb8124,0.000000,7,False,1,3
9464,0x7a29ce,0.666667,13,False,1,1
9465,0xc03ac8,0.666667,9,False,1,1
9466,0x939d67,0.333333,14,False,2,2
9467,0x4adab4,1.000000,12,True,0,0
9468,0x92f0f3,0.666667,13,False,1,1
9469,0x5813c6,0.333333,10,False,2,2
9470,0x676ab2,0.666667,13,False,1,1
9471,0x7738fe,1.000000,16,True,0,0
9472,0x695cf,1.000000,12,True,0,0
9473,0x44d604,1.000000,8,True,0,0
9474,0x703d86,0.000000,11,False,1,3
9475,0xafc39f,1.000000,16,True,0,0
9476,0xb0d111,0.666667,9,False,1,1
9477,0x9c599a,1.000000,12,True,0,0
9478,0x646b72,1.000000,12,True,0,0
9479,0xca7ba3,0.333333,14,False,2,2
9480,0xb1b451,0.000000,11,False,1,3
9481,0x1d9fdf,0.666667,17,False,1,1
9482,0x37f9f6,0.666667,17,False,1,1
9483,0x7c8dbd,0.000000,15,False,1,3
9484,0x8f07df,0.000000,15,False,1,3
9485,0xbf42a2,1.000000,12,True,0,0
9486,0xfb0b55,0.333333,14,False,2,2
9487,0xee0655,1.000000,12,True,0,0
9488,0x3987c0,0.333333,10,False,2,2
9489,0xd902d0,0.666667,9,False,1,1
9490,0xa35357,0.666667,13,False,1,1
9491,0x94ac4f,1.000000,12,True,0,0
9492,0x57149b,1.000000,12,True,0,0
9493,0x6b7279,0.333333,14,False,2,2
9494,0x88c345,0.666667,9,False,1,1
9495,0xf620a4,0.333333,10,False,2,2
9496,0xae7db8,0.000000,15,False,1,3
9497,0x737ff7,0.000000,19,False,3,3
9498,0xc6fddf,0.333333,18,False,2,2
9499,0x42dc9a,0.000000,11,False,1,3
9500,0x1f5,0.000000,7,False,1,3
9501,0x8182d9,0.666667,9,False,1,1
9502,0x371c00,1.000000,8,True,0,0
9503,0xc4d665,1.000000,12,True,0,0
9504,0xc09f07,0.000000,11,False,1,3
9505,0xe2ca0,1.000000,8,True,0,0
9506,0xa33ad6,0.666667,13,False,1,1
9507,0x7d62ba,0.333333,14,False,2,2
9508,0x188fd6,1.000000,12,True,0,0
9509,0x90c22d,0.666667,9,False,1,1
9510,0xf077d8,0.333333,14,False,2,2
9511,0x10fa0a,0.666667,9,False,1,1
9512,0x3ae1f4,0.666667,13,False,1,1
9513,0x1488c0,0.333333,6,False,2,2
9514,0xa1cf31,1.000000,12,True,0,0
9515,0x522015,0.000000,7,False,1,3
9516,0xd95c9a,0.666667,13,False,1,1
9517,0x998fdd,0.000000,15,False,1,3
9518,0xc099c1,0.666667,9,False,1,1
9519,0xa93365,1.000000,12,True,0,0
9520,0x5b200a,1.000000,8,True,0,0
9521,0xd7e8,0.333333,10,False,2,2
9522,0x1d639,0.333333,10,False,2,2
9523,0x498f3c,1.000000,12,True,0,0
9524,0x82dd86,0.000000,11,False,1,3
9525,0xe0578b,1.000000,12,True,0,0
9526,0x9744f6,0.666667,13,False,1,1
9527,0x5bcfb4,0.000000,15,False,1,3
9528,0x7932b4,1.000000,12,True,0,0
9529,0x802211,0.666667,5,False,3,1
9530,0x9a3dc7,0.333333,14,False,2,2
9531,0xba2cd0,0.000000,11,False,1,3
9532,0x3106ea,0.333333,10,False,2,2
9533,0xd2042a,1.000000,8,True,0,0
9534,0xb05db3,0.666667,13,False,1,1
9535,0xcfeb93,1.000000,16,True,0,0
9536,0xa2df9c,0.333333,14,False,2,2
9537,0xc943e1,0.000000,11,False,1,3
9538,0x981f9a,1.000000,12,True,0,0
9539,0x7171ff,1.000000,16,True,0,0
9540,0xa7f624,0.666667,13,False,1,1
9541,0x184bf,0.333333,10,False,2,2
9542,0x371125,0.333333,10,False,2,2
9543,0x10996f,0.000000,11,False,1,3
9544,0x58374a,0.000000,11,False,1,3
9545,0xd4ac6f,0.333333,14,False,2,2
9546,0xf2ce68,0.666667,13,False,1,1
9547,0x6c026,0.000000,7,False,1,3
9548,0x37c7bb,1.000000,16,True,0,0
9549,0x8c6259,0.333333,10,False,2,2
9550,0xb48292,0.666667,9,False,1,1
9551,0x393082,1.000000,8,True,0,0
9552,0x4c5b31,0.000000,11,False,1,3
9553,0xb8c0ca,0.333333,10,False,2,2
9554,0x23557,0.333333,10,False,2,2
9555,0x584432,1.000000,8,True,0,0
9556,0x4a8a27,0.333333,10,False,2,2
9557,0xc4b2fc,0.666667,13,False,1,1
9558,0xbad11,0.333333,10,False,2,2
9559,0xe100ec,0.666667,9,False,1,1
9560,0xe4dfe6,1.000000,16,True,0,0
9561,0x19d1dd,0.666667,13,False,1,1
9562,0xab223,0.666667,9,False,1,1
9563,0x7e9615,0.666667,13,False,1,1
9564,0xb0870f,0.000000,11,False,1,3
9565,0xce3865,1.000000,12,True,0,0
9566,0x29f9d7,0.000000,15,False,1,3
9567,0xd081be,0.000000,11,False,1,3
9568,0xc15f9,0.000000,11,False,1,3
9569,0x4b9bad,0.333333,14,False,2,2
9570,0xad0a16,0.333333,10,False,2,2
9571,0x6b3aca,0.666667,13,False,1,1
9572,0xdfd255,0.000000,15,False,1,3
9573,0x8292ae,0.333333,10,False,2,2
9574,0xcd4346,0.000000,11,False,1,3
9575,0x696b54,1.000000,12,True,0,0
9576,0x25160b,0.666667,9,False,1,1
9577,0x4d98b8,0.000000,11,False,1,3
9578,0xd04498,1.000000,8,True,0,0
9579,0x1265b,0.666667,9,False,1,1
9580,0xd8012b,0.666667,9,False,1,1
9581,0xca6120,1.000000,8,True,0,0
9582,0xe41e74,1.000000,12,True,0,0
9583,0xc73e30,1.000000,12,True,0,0
9584,0xc315c2,0.333333,10,False,2,2
9585,0x557945,1.000000,12,True,0,0
9586,0x4a4da7,1.000000,12,True,0,0
9587,0xa86b91,0.000000,11,False,1,3
9588,0xab3784,1.000000,12,True,0,0
9589,0x34c0d8,0.666667,9,False,1,1
9590,0x736fda,1.000000,16,True,0,0
9591,0xd589b9,0.666667,13,False,1,1
9592,0x19d694,0.000000,11,False,1,3
9593,0x7b1053,0.000000,11,False,1,3
9594,0xf41fec,0.000000,15,False,1,3
9595,0x8fe29f,0.000000,15,False,1,3
9596,0xad208,0.000000,7,False,1,3
9597,0xc1a69b,1.000000,12,True,0,0
9598,0x9f8186,0.000000,11,False,1,3
9599,0x6575ef,1.000000,16,True,0,0
9600,0x3b368d,0.666667,13,False,1,1
9601,0x9ab846,0.000000,11,False,1,3
9602,0xb3d833,0.666667,13,False,1,1
9603,0x9689d7,0.666667,13,False,1,1
9604,0x99b5e2,0.666667,13,False,1,1
9605,0x259cbe,0.666667,13,False,1,1
9606,0x506617,0.333333,10,False,2,2
9607,0x1270bb,0.000000,11,False,1,3
9608,0x5029b,1.000000,8,True,0,0
9609,0x4b99c,0.333333,10,False,2,2
9610,0x8cfc18,0.000000,11,False,1,3
9611,0x9f22c9,1.000000,12,True,0,0
9612,0xa9945c,0.000000,11,False,1,3
9613,0x1fc84,0.666667,9,False,1,1
9614,0xdbc466,0.666667,13,False,1,1
9615,0x3a89c,0.666667,9,False,1,1
9616,0x9590ce,0.000000,11,False,1,3
9617,0x94e1c0,0.666667,9,False,1,1
9618,0x8888c2,0.000000,7,False,1,3
9619,0x9966eb,0.333333,14,False,2,2
9620,0x3a6da8,1.000000,12,True,0,0
9621,0x58d391,0.000000,11,False,1,3
9622,0xff5a52,0.000000,15,False,1,3
9623,0xb5575d,0.000000,15,False,1,3
9624,0xb4cfe7,1.000000,16,True,0,0
9625,0xa051b2,0.666667,9,False,1,1
9626,0xe310a8,0.666667,9,False,1,1
9627,0x760938,0.333333,10,False,2,2
9628,0xe1c6c5,1.000000,12,True,0,0
9629,0x4d92a0,0.666667,9,False,1,1
9630,0x8516df,0.666667,13,False,1,1
9631,0xb73732,0.333333,14,False,2,2
9632,0x77d330,0.666667,13,False,1,1
9633,0x2050bc,1.000000,8,True,0,0
9634,0x224ca5,0.666667,9,False,1,1
9635,0x9828a6,0.666667,9,False,1,1
9636,0xe08730,0.666667,9,False,1,1
9637,0x1f4cef,0.000000,15,False,1,3
9638,0xe8a15c,0.000000,11,False,1,3
9639,0x441425,0.000000,7,False,1,3
9640,0x9b34df,0.000000,15,False,1,3
9641,0xd7db18,0.333333,14,False,2,2
9642,0x81f21d,0.000000,11,False,1,3
9643,0x27caff,1.000000,16,True,0,0
9644,0x1ec166,0.000000,11,False,1,3
9645,0x5d0392,0.333333,10,False,2,2
9646,0xbbdd7b,0.333333,18,False,2,2
9647,0xa2153e,0.000000,11,False,1,3
9648,0xc1cf35,0.666667,13,False,1,1
9649,0x3899a2,0.333333,10,False,2,2
9650,0xc65ae2,1.000000,12,True,0,0
9651,0x441ed3,0.000000,11,False,1,3
9652,0x4860c9,1.000000,8,True,0,0
9653,0x2f31b1,1.000000,12,True,0,0
9654,0x6c9a28,0.333333,10,False,2,2
9655,0xef93ee,0.666667,17,False,1,1
9656,0x75265c,1.000000,12,True,0,0
9657,0xab0b98,0.000000,11,False,1,3
9658,0x50bfb5,0.333333,14,False,2,2
9659,0x3ef077,0.000000,15,False,1,3
9660,0xbce59b,0.000000,15,False,1,3
9661,0xb6b6d3,0.000000,15,False,1,3
9662,0x1d8b1b,1.000000,12,True,0,0
9663,0xc0caba,0.000000,11,False,1,3
9664,0x1a2fb7,0.333333,14,False,2,2
9665,0x4b6600,1.000000,8,True,0,0
9666,0xd9b91e,0.333333,14,False,2,2
9667,0xad0a43,0.333333,10,False,2,2
9668,0xf2e100,0.666667,9,False,1,1
9669,0xdcffd4,0.666667,17,False,1,1
9670,0x6dc760,1.000000,12,True,0,0
9671,0xb0cacc,0.000000,11,False,1,3
9672,0x96348e,0.000000,11,False,1,3
9673,0x70bdd,1.000000,12,True,0,0
9674,0x47450,0.000000,7,False,1,3
9675,0x6025b3,0.333333,10,False,2,2
9676,0xa1cd70,0.000000,11,False,1,3
9677,0xb8875c,1.000000,12,True,0,0
9678,0x2a87a,0.666667,9,False,1,1
9679,0x52ec0,1.000000,8,True,0,0
9680,0x4054ee,0.333333,10,False,2,2
9681,0x4625e8,0.333333,10,False,2,2
9682,0x4f5785,0.666667,13,False,1,1
9683,0x101d27,0.666667,9,False,1,1
9684,0xdd170d,0.666667,13,False,1,1
9685,0x37a58b,0.666667,13,False,1,1
9686,0x5a6034,0.666667,9,False,1,1
9687,0x9b2ca2,0.000000,11,False,1,3
9688,0xc7eafd,0.666667,17,False,1,1
9689,0xe0ac3a,0.000000,11,False,1,3
9690,0x241ce1,0.666667,9,False,1,1
9691,0xcea5d5,0.333333,14,False,2,2
9692,0x12aa47,0.333333,10,False,2,2
9693,0x333253,0.000000,11,False,1,3
9694,0x208534,0.000000,7,False,1,3
9695,0x58947a,0.000000,11,False,1,3
9696,0x3b1751,1.000000,12,True,0,0
9697,0x57db4f,1.000000,16,True,0,0
9698,0x170db1,0.000000,11,False,1,3
9699,0xfac089,0.000000,11,False,1,3
9700,0x98b808,1.000000,8,True,0,0
9701,0x5aab6c,0.666667,13,False,1,1
9702,0x89cd13,0.000000,11,False,1,3
9703,0x699356,1.000000,12,True,0,0
9704,0xa0bb7a,0.666667,13,False,1,1
9705,0x4fbd56,0.000000,15,False,1,3
9706,0xd4c511,0.333333,10,False,2,2
9707,0xa7c9c4,1.000000,12,True,0,0
9708,0x6cbc94,1.000000,12,True,0,0
9709,0x52171e,0.000000,11,False,1,3
9710,0xa3d141,0.333333,10,False,2,2
9711,0x44a64a,0.666667,9,False,1,1
9712,0xf535fc,1.000000,16,True,0,0
9713,0xc42b8,1.000000,8,True,0,0
9714,0x635782,0.000000,11,False,1,3
9715,0x78e430,0.333333,10,False,2,2
9716,0x1703ea,0.000000,11,False,1,3
9717,0xe38de9,0.333333,14,False,2,2
9718,0xe4bc9a,0.666667,13,False,1,1
9719,0xa88f5a,1.000000,12,True,0,0
9720,0xd58434,0.333333,10,False,2,2
9721,0xc86d28,0.333333,10,False,2,2
9722,0xf3a4db,0.000000,15,False,1,3
9723,0x528360,1.000000,8,True,0,0
9724,0x55f78,1.000000,12,True,0,0
9725,0xbda699,0.333333,14,False,2,2
9726,0x63dddf,0.666667,17,False,1,1
9727,0x5182be,0.000000,11,False,1,3
9728,0x735353,0.666667,13,False,1,1
9729,0x459a63,0.000000,11,False,1,3
9730,0xb018f,0.666667,9,False,1,1
9731,0xe42ba3,1.000000,12,True,0,0
9732,0xac84ad,0.000000,11,False,1,3
9733,0xd93878,1.000000,12,True,0,0
9734,0xd72a94,1.000000,12,True,0,0
9735,0x99dd85,0.666667,13,False,1,1
9736,0xd6d703,0.666667,13,False,1,1
9737,0xd6f759,1.000000,16,True,0,0
9738,0x14efc1,1.000000,12,True,0,0
9739,0x8c15ed,1.000000,12,True,0,0
9740,0x66d185,0.000000,11,False,1,3
9741,0x1f5ec2,0.666667,13,False,1,1
9742,0x248f66,0.000000,11,False,1,3
9743,0x2a3ce3,1.000000,12,True,0,0
9744,0xc71dac,0.666667,13,False,1,1
9745,0x764548,0.333333,10,False,2,2
9746,0xcaeba9,0.333333,14,False,2,2
9747,0xbe5772,0.000000,15,False,1,3
9748,0xefbfa6,0.333333,18,False,2,2
9749,0xca886b,0.000000,11,False,1,3
9750,0xd2c990,0.333333,10,False,2,2
9751,0x36fd91,0.333333,14,False,2,2
9752,0xa42b2f,1.000000,12,True,0,0
9753,0xdcbf57,0.666667,17,False,1,1
9754,0xfc9302,0.000000,11,False,1,3
9755,0x52fc7f,1.000000,16,True,0,0
9756,0x2f2cad,0.666667,13,False,1,1
9757,0x2fc105,0.333333,10,False,2,2
9758,0x93192b,0.000000,11,False,1,3
9759,0xf40ca8,0.333333,10,False,2,2
9760,0x7d7e15,0.000000,15,False,1,3
9761,0xb5044a,0.666667,9,False,1,1
9762,0xce393d,0.333333,14,False,2,2
9763,0xda327a,0.666667,13,False,1,1
9764,0x22fbda,0.333333,14,False,2,2
9765,0xf0af41,1.000000,12,True,0,0
9766,0xb4ee9b,0.000000,15,False,1,3
9767,0xeeb8c9,0.333333,14,False,2,2
9768,0x796950,0.000000,11,False,1,3
9769,0x186612,1.000000,8,True,0,0
9770,0x906443,1.000000,8,True,0,0
9771,0xe02bc8,0.333333,10,False,2,2
9772,0x3efc50,0.666667,13,False,1,1
9773,0x547f88,1.000000,12,True,0,0
9774,0x145413,1.000000,8,True,0,0
9775,0x94c003,0.000000,7,False,1,3
9776,0xe8bcd1,0.666667,13,False,1,1
9777,0x84d889,0.666667,9,False,1,1
9778,0x494b44,0.666667,9,False,1,1
9779,0xba6351,1.000000,12,True,0,0
9780,0x1ce55,0.333333,10,False,2,2
9781,0xd29b15,1.000000,12,True,0,0
9782,0x242db,0.666667,9,False,1,1
9783,0x38a3ce,1.000000,12,True,0,0
9784,0xfc996b,0.000000,15,False,1,3
9785,0xb95087,0.000000,11,False,1,3
9786,0xde7194,0.666667,13,False,1,1
9787,0x1bbc2a,1.000000,12,True,0,0
9788,0xa36817,0.000000,11,False,1,3
9789,0x71afd7,1.000000,16,True,0,0
9790,0x1a1120,0.333333,6,False,2,2
9791,0xfbbbed,0.000000,19,False,3,3
9792,0xd31cd2,1.000000,12,True,0,0
9793,0x4f4df5,0.000000,15,False,1,3
9794,0x2277ae,0.666667,13,False,1,1
9795,0x2100ed,1.000000,8,True,0,0
9796,0x452569,0.333333,10,False,2,2
9797,0xef0bb0,0.666667,13,False,1,1
9798,0x86dc54,0.000000,11,False,1,3
9799,0x5f318b,0.666667,13,False,1,1
9800,0x8350ab,0.333333,10,False,2,2
9801,0xd31579,0.666667,13,False,1,1
9802,0xd5a61c,1.000000,12,True,0,0
9803,0x6280eb,0.333333,10,False,2,2
9804,0x608f1a,0.333333,10,False,2,2
9805,0x2f1450,0.666667,9,False,1,1
9806,0xbc06d3,1.000000,12,True,0,0
9807,0xd5a60d,1.000000,12,True,0,0
9808,0x970ccb,1.000000,12,True,0,0
9809,0x9b6f0d,0.333333,14,False,2,2
9810,0xa9bb8f,0.000000,15,False,1,3
9811,0x4dc246,0.333333,10,False,2,2
9812,0xd6c9c3,0.666667,13,False,1,1
9813,0xb91ffb,0.666667,17,False,1,1
9814,0x5eca50,0.000000,11,False,1,3
9815,0x4e6d43,1.000000,12,True,0,0
9816,0x183e25,0.333333,10,False,2,2
9817,0x3955f7,0.000000,15,False,1,3
9818,0x996a,1.000000,8,True,0,0
9819,0x3a6885,0.333333,10,False,2,2
9820,0xefcc7b,0.666667,17,False,1,1
9821,0x906d55,0.000000,11,False,1,3
9822,0x8899ef,0.666667,13,False,1,1
9823,0x205531,1.000000,8,True,0,0
9824,0x5114ea,0.333333,10,False,2,2
9825,0xde936a,0.333333,14,False,2,2
9826,0x6d0d4f,0.666667,13,False,1,1
9827,0xcbd6cf,1.000000,16,True,0,0
9828,0x14a8d9,0.333333,10,False,2,2
9829,0xb2f0d4,1.000000,12,True,0,0
9830,0x5a36e0,0.000000,11,False,1,3
9831,0x5d1b7c,0.333333,14,False,2,2
9832,0x6e859d,0.666667,13,False,1,1
9833,0x2e2bac,1.000000,12,True,0,0
9834,0xe96e54,0.666667,13,False,1,1
9835,0x437258,0.333333,10,False,2,2
9836,0x5b58a5,1.000000,12,True,0,0
9837,0x7f6c9d,1.000000,16,True,0,0
9838,0xa58024,0.000000,7,False,1,3
9839,0x9c39b3,0.666667,13,False,1,1
9840,0x76e6d6,0.000000,15,False,1,3
9841,0x8b9d6a,0.666667,13,False,1,1
9842,0x304642,0.000000,7,False,1,3
9843,0xb90f4d,0.666667,13,False,1,1
9844,0x21b565,0.000000,11,False,1,3
9845,0x147cd0,0.333333,10,False,2,2
9846,0x9f0555,1.000000,12,True,0,0
9847,0xe9970c,1.000000,12,True,0,0
9848,0x24ef1d,0.666667,13,False,1,1
9849,0x9e5ed5,0.000000,15,False,1,3
9850,0x6dbadb,1.000000,16,True,0,0
9851,0x27668e,1.000000,12,True,0,0
9852,0x6587b5,0.666667,13,False,1,1
9853,0x1beb67,0.000000,15,False,1,3
9854,0x27d41e,1.000000,12,True,0,0
9855,0x1a5598,0.333333,10,False,2,2
9856,0x3b01d0,0.666667,9,False,1,1
9857,0xfac21,0.333333,10,False,2,2
9858,0xf0c476,1.000000,12,True,0,0
9859,0x113315,0.666667,9,False,1,1
9860,0xd11efb,0.000000,15,False,1,3
9861,0xda8fa5,0.333333,14,False,2,2
9862,0x98a6aa,0.000000,11,False,1,3
9863,0x180794,1.000000,8,True,0,0
9864,0x18e985,0.333333,10,False,2,2
9865,0x85c317,0.000000,11,False,1,3
9866,0x90f74d,0.666667,13,False,1,1
9867,0x58dbd5,0.333333,14,False,2,2
9868,0xe79ada,0.000000,15,False,1,3
9869,0x8464dc,0.333333,10,False,2,2
9870,0xf7562c,0.333333,14,False,2,2
9871,0x36f84c,1.000000,12,True,0,0
9872,0x6aabb1,0.666667,13,False,1,1
9873,0xfdedf3,0.000000,19,False,3,3
9874,0x8ab88d,0.000000,11,False,1,3
9875,0xebb5b1,0.000000,15,False,1,3
9876,0xc2944b,0.333333,10,False,2,2
9877,0xf435c3,0.666667,13,False,1,1
9878,0xe79335,0.333333,14,False,2,2
9879,0x4e4383,0.333333,10,False,2,2
9880,0xef5cdd,0.666667,17,False,1,1
9881,0xac1e2e,1.000000,12,True,0,0
9882,0x52b2c9,0.000000,11,False,1,3
9883,0x842550,0.000000,7,False,1,3
9884,0xc30d48,0.666667,9,False,1,1
9885,0x92d292,0.333333,10,False,2,2
9886,0x352f89,1.000000,12,True,0,0
9887,0xca93ea,0.666667,13,False,1,1
9888,0xdad4fe,1.000000,16,True,0,0
9889,0xc4dae9,0.666667,13,False,1,1
9890,0xe0fd96,0.333333,14,False,2,2
9891,0x2dac2a,0.000000,11,False,1,3
9892,0x20b96e,0.000000,11,False,1,3
9893,0x82c4f4,0.333333,10,False,2,2
9894,0x70487,1.000000,8,True,0,0
9895,0x57d842,0.000000,11,False,1,3
9896,0x663998,0.000000,11,False,1,3
9897,0xd6bf44,0.333333,14,False,2,2
9898,0xc3340a,0.666667,9,False,1,1
9899,0xe125e7,0.666667,13,False,1,1
9900,0xb44285,0.666667,9,False,1,1
9901,0xdf05df,1.000000,16,True,0,0
9902,0x192fbc,0.666667,13,False,1,1
9903,0x6cc221,0.666667,9,False,1,1
9904,0x563729,1.000000,12,True,0,0
9905,0x2359b6,1.000000,12,True,0,0
9906,0x8771da,0.666667,13,False,1,1
9907,0xcbe435,0.666667,13,False,1,1
9908,0x70907f,1.000000,12,True,0,0
9909,0x56a6c8,0.000000,11,False,1,3
9910,0x88c92b,0.333333,10,False,2,2
9911,0x90f72f,0.333333,14,False,2,2
9912,0x24a786,0.333333,10,False,2,2
9913,0x67e628,1.000000,12,True,0,0
9914,0x1c8c4b,0.333333,10,False,2,2
9915,0x6ea21f,0.666667,13,False,1,1
9916,0x1e15c3,0.000000,11,False,1,3
9917,0x19386d,0.000000,11,False,1,3
9918,0x39e658,1.000000,12,True,0,0
9919,0xd5915c,1.000000,12,True,0,0
9920,0x6a97c4,1.000000,12,True,0,0
9921,0xdfc5b0,0.333333,14,False,2,2
9922,0x387b5d,0.333333,14,False,2,2
9923,0x425cf0,0.333333,10,False,2,2
9924,0x377880,0.333333,10,False,2,2
9925,0xb9762,0.000000,11,False,1,3
9926,0x5e54a0,0.333333,10,False,2,2
9927,0xc9922b,0.000000,11,False,1,3
9928,0xe519f8,0.666667,13,False,1,1
9929,0x7d05d5,0.666667,13,False,1,1
9930,0xe42fa8,1.000000,12,True,0,0
9931,0xd70fee,1.000000,16,True,0,0
9932,0xf52dd3,0.000000,15,False,1,3
9933,0xc8375d,0.666667,13,False,1,1
9934,0xdd33db,1.000000,16,True,0,0
9935,0x9cdbe8,0.333333,14,False,2,2
9936,0xc75d1c,0.666667,13,False,1,1
9937,0xbbf95b,0.666667,17,False,1,1
9938,0xea2125,0.333333,10,False,2,2
9939,0xacb449,0.000000,11,False,1,3
9940,0x6acfe5,0.000000,15,False,1,3
9941,0x965797,0.333333,14,False,2,2
9942,0xf411a5,0.000000,11,False,1,3
9943,0xf08196,0.333333,10,False,2,2
9944,0xe7b1f5,1.000000,16,True,0,0
9945,0xcdf8b8,0.333333,14,False,2,2
9946,0xc52f2b,0.666667,13,False,1,1
9947,0xe6309,0.666667,9,False,1,1
9948,0xe3f945,0.333333,14,False,2,2
9949,0xd7f3cb,0.666667,17,False,1,1
9950,0x621712,0.666667,9,False,1,1
9951,0xe3fda,0.333333,14,False,2,2
9952,0x4319a9,0.333333,10,False,2,2
9953,0x6c98a7,1.000000,12,True,0,0
9954,0x842429,0.000000,7,False,1,3
9955,0x98514f,0.000000,11,False,1,3
9956,0x344cfa,1.000000,12,True,0,0
9957,0x31b5eb,0.333333,14,False,2,2
9958,0xa1337c,1.000000,12,True,0,0
9959,0xf7d918,0.333333,14,False,2,2
9960,0x18f2c1,0.333333,10,False,2,2
9961,0xa1da0,1.000000,8,True,0,0
9962,0x88b298,0.666667,9,False,1,1
9963,0x5405ee,0.000000,11,False,1,3
9964,0xf7138b,0.333333,14,False,2,2
9965,0xeacf7c,1.000000,16,True,0,0
9966,0xeec284,0.000000,11,False,1,3
9967,0x6da24f,0.666667,13,False,1,1
9968,0xa3c628,0.333333,10,False,2,2
9969,0x8f5e4c,0.666667,13,False,1,1
9970,0x996037,0.000000,11,False,1,3
9971,0xd44373,1.000000,12,True,0,0
9972,0x1f5000,0.000000,7,False,1,3
9973,0x32cf08,0.333333,10,False,2,2
9974,0xde089b,1.000000,12,True,0,0
9975,0x9b1f9c,0.333333,14,False,2,2
9976,0x4e2ddd,0.333333,14,False,2,2
9977,0x4433b1,0.333333,10,False,2,2
9978,0x7405f2,0.000000,11,False,1,3
9979,0xb74073,1.000000,12,True,0,0
9980,0xdcb284,0.000000,11,False,1,3
9981,0x3628b5,0.000000,11,False,1,3
9982,0x3ae55d,0.333333,14,False,2,2
9983,0x5398cc,0.000000,11,False,1,3
9984,0x240dea,0.333333,10,False,2,2
9985,0x7c6fc2,0.333333,14,False,2,2
9986,0xbb467a,0.333333,14,False,2,2
9987,0x230a16,1.000000,8,True,0,0
9988,0x5ed7dd,0.666667,17,False,1,1
9989,0x6c9b7d,0.000000,15,False,1,3
9990,0x752139,0.000000,11,False,1,3
9991,0xf1ca3f,0.000000,15,False,1,3
9992,0x430cb1,0.666667,9,False,1,1
9993,0xf35f6c,1.000000,16,True,0,0
9994,0x5d1220,1.000000,8,True,0,0
9995,0xc952e8,0.000000,11,False,1,3
9996,0x117fe3,0.333333,14,False,2,2
9997,0x173e42,0.000000,11,False,1,3
9998,0x49a4e7,1.000000,12,True,0,0
9999,0x8876f3,0.666667,13,False,1,1
10000,0xe199cf,0.333333,14,False,2,2
