======================================================================
COHERENCE ANALYSIS REPORT
======================================================================
Total states recorded: 4800
Minimum NRCI: 0.999997000000
Mean NRCI: 0.999997000000
Coherence degradation rate: 4.50e-14 log-error/step
Closure verified: True (max net refinements: 0)

Operator Usage:
  ⊗Y: 4000 times
  ⊗Y⁻¹: 4000 times
======================================================================

Detailed History:
----------------------------------------------------------------------
Step 0: initial
  Value: 1.930454e-03
  NRCI: 0.999997000000
  Net refinements: 0
  Composition depth: 0
  Operators: 

Step 1: initial
  Value: 2.054797e-03
  NRCI: 0.999997000000
  Net refinements: 0
  Composition depth: 0
  Operators: 

Step 2: initial
  Value: 2.186463e-03
  NRCI: 0.999997000000
  Net refinements: 0
  Composition depth: 0
  Operators: 

Step 3: initial
  Value: 2.325837e-03
  NRCI: 0.999997000000
  Net refinements: 0
  Composition depth: 0
  Operators: 

Step 4: initial
  Value: 2.473321e-03
  NRCI: 0.999997000000
  Net refinements: 0
  Composition depth: 0
  Operators: 

Step 5: initial
  Value: 2.629333e-03
  NRCI: 0.999997000000
  Net refinements: 0
  Composition depth: 0
  Operators: 

Step 6: initial
  Value: 2.794311e-03
  NRCI: 0.999997000000
  Net refinements: 0
  Composition depth: 0
  Operators: 

Step 7: initial
  Value: 2.968710e-03
  NRCI: 0.999997000000
  Net refinements: 0
  Composition depth: 0
  Operators: 

Step 8: initial
  Value: 3.153005e-03
  NRCI: 0.999997000000
  Net refinements: 0
  Composition depth: 0
  Operators: 

Step 9: initial
  Value: 3.347693e-03
  NRCI: 0.999997000000
  Net refinements: 0
  Composition depth: 0
  Operators: 

Step 10: initial
  Value: 3.553288e-03
  NRCI: 0.999997000000
  Net refinements: 0
  Composition depth: 0
  Operators: 

Step 11: initial
  Value: 3.770328e-03
  NRCI: 0.999997000000
  Net refinements: 0
  Composition depth: 0
  Operators: 

Step 12: initial
  Value: 3.999373e-03
  NRCI: 0.999997000000
  Net refinements: 0
  Composition depth: 0
  Operators: 

Step 13: initial
  Value: 4.241003e-03
  NRCI: 0.999997000000
  Net refinements: 0
  Composition depth: 0
  Operators: 

Step 14: initial
  Value: 4.495823e-03
  NRCI: 0.999997000000
  Net refinements: 0
  Composition depth: 0
  Operators: 

Step 15: initial
  Value: 4.764461e-03
  NRCI: 0.999997000000
  Net refinements: 0
  Composition depth: 0
  Operators: 

Step 16: initial
  Value: 5.047569e-03
  NRCI: 0.999997000000
  Net refinements: 0
  Composition depth: 0
  Operators: 

Step 17: initial
  Value: 5.345824e-03
  NRCI: 0.999997000000
  Net refinements: 0
  Composition depth: 0
  Operators: 

Step 18: initial
  Value: 5.659930e-03
  NRCI: 0.999997000000
  Net refinements: 0
  Composition depth: 0
  Operators: 

Step 19: initial
  Value: 5.990614e-03
  NRCI: 0.999997000000
  Net refinements: 0
  Composition depth: 0
  Operators: 

Step 20: initial
  Value: 6.338633e-03
  NRCI: 0.999997000000
  Net refinements: 0
  Composition depth: 0
  Operators: 

Step 21: initial
  Value: 6.704769e-03
  NRCI: 0.999997000000
  Net refinements: 0
  Composition depth: 0
  Operators: 

Step 22: initial
  Value: 7.089833e-03
  NRCI: 0.999997000000
  Net refinements: 0
  Composition depth: 0
  Operators: 

Step 23: initial
  Value: 7.494663e-03
  NRCI: 0.999997000000
  Net refinements: 0
  Composition depth: 0
  Operators: 

Step 24: initial
  Value: 7.920127e-03
  NRCI: 0.999997000000
  Net refinements: 0
  Composition depth: 0
  Operators: 

Step 25: initial
  Value: 8.367122e-03
  NRCI: 0.999997000000
  Net refinements: 0
  Composition depth: 0
  Operators: 

Step 26: initial
  Value: 8.836576e-03
  NRCI: 0.999997000000
  Net refinements: 0
  Composition depth: 0
  Operators: 

Step 27: initial
  Value: 9.329447e-03
  NRCI: 0.999997000000
  Net refinements: 0
  Composition depth: 0
  Operators: 

Step 28: initial
  Value: 9.846723e-03
  NRCI: 0.999997000000
  Net refinements: 0
  Composition depth: 0
  Operators: 

Step 29: initial
  Value: 1.038942e-02
  NRCI: 0.999997000000
  Net refinements: 0
  Composition depth: 0
  Operators: 

Step 30: initial
  Value: 1.095860e-02
  NRCI: 0.999997000000
  Net refinements: 0
  Composition depth: 0
  Operators: 

Step 31: initial
  Value: 1.155534e-02
  NRCI: 0.999997000000
  Net refinements: 0
  Composition depth: 0
  Operators: 

Step 32: initial
  Value: 1.218076e-02
  NRCI: 0.999997000000
  Net refinements: 0
  Composition depth: 0
  Operators: 

Step 33: initial
  Value: 1.283601e-02
  NRCI: 0.999997000000
  Net refinements: 0
  Composition depth: 0
  Operators: 

Step 34: initial
  Value: 1.352226e-02
  NRCI: 0.999997000000
  Net refinements: 0
  Composition depth: 0
  Operators: 

Step 35: initial
  Value: 1.424075e-02
  NRCI: 0.999997000000
  Net refinements: 0
  Composition depth: 0
  Operators: 

Step 36: initial
  Value: 1.499271e-02
  NRCI: 0.999997000000
  Net refinements: 0
  Composition depth: 0
  Operators: 

Step 37: initial
  Value: 1.577943e-02
  NRCI: 0.999997000000
  Net refinements: 0
  Composition depth: 0
  Operators: 

Step 38: initial
  Value: 1.660224e-02
  NRCI: 0.999997000000
  Net refinements: 0
  Composition depth: 0
  Operators: 

Step 39: initial
  Value: 1.746248e-02
  NRCI: 0.999997000000
  Net refinements: 0
  Composition depth: 0
  Operators: 

Step 40: initial
  Value: 1.836154e-02
  NRCI: 0.999997000000
  Net refinements: 0
  Composition depth: 0
  Operators: 

Step 41: initial
  Value: 1.930083e-02
  NRCI: 0.999997000000
  Net refinements: 0
  Composition depth: 0
  Operators: 

Step 42: initial
  Value: 2.028183e-02
  NRCI: 0.999997000000
  Net refinements: 0
  Composition depth: 0
  Operators: 

Step 43: initial
  Value: 2.130601e-02
  NRCI: 0.999997000000
  Net refinements: 0
  Composition depth: 0
  Operators: 

Step 44: initial
  Value: 2.237489e-02
  NRCI: 0.999997000000
  Net refinements: 0
  Composition depth: 0
  Operators: 

Step 45: initial
  Value: 2.349004e-02
  NRCI: 0.999997000000
  Net refinements: 0
  Composition depth: 0
  Operators: 

Step 46: initial
  Value: 2.465304e-02
  NRCI: 0.999997000000
  Net refinements: 0
  Composition depth: 0
  Operators: 

Step 47: initial
  Value: 2.586552e-02
  NRCI: 0.999997000000
  Net refinements: 0
  Composition depth: 0
  Operators: 

Step 48: initial
  Value: 2.712914e-02
  NRCI: 0.999997000000
  Net refinements: 0
  Composition depth: 0
  Operators: 

Step 49: initial
  Value: 2.844557e-02
  NRCI: 0.999997000000
  Net refinements: 0
  Composition depth: 0
  Operators: 

Step 50: initial
  Value: 2.981653e-02
  NRCI: 0.999997000000
  Net refinements: 0
  Composition depth: 0
  Operators: 

Step 51: initial
  Value: 3.124378e-02
  NRCI: 0.999997000000
  Net refinements: 0
  Composition depth: 0
  Operators: 

Step 52: initial
  Value: 3.272910e-02
  NRCI: 0.999997000000
  Net refinements: 0
  Composition depth: 0
  Operators: 

Step 53: initial
  Value: 3.427429e-02
  NRCI: 0.999997000000
  Net refinements: 0
  Composition depth: 0
  Operators: 

Step 54: initial
  Value: 3.588119e-02
  NRCI: 0.999997000000
  Net refinements: 0
  Composition depth: 0
  Operators: 

Step 55: initial
  Value: 3.755165e-02
  NRCI: 0.999997000000
  Net refinements: 0
  Composition depth: 0
  Operators: 

Step 56: initial
  Value: 3.928758e-02
  NRCI: 0.999997000000
  Net refinements: 0
  Composition depth: 0
  Operators: 

Step 57: initial
  Value: 4.109088e-02
  NRCI: 0.999997000000
  Net refinements: 0
  Composition depth: 0
  Operators: 

Step 58: initial
  Value: 4.296349e-02
  NRCI: 0.999997000000
  Net refinements: 0
  Composition depth: 0
  Operators: 

Step 59: initial
  Value: 4.490737e-02
  NRCI: 0.999997000000
  Net refinements: 0
  Composition depth: 0
  Operators: 

Step 60: initial
  Value: 4.692449e-02
  NRCI: 0.999997000000
  Net refinements: 0
  Composition depth: 0
  Operators: 

Step 61: initial
  Value: 4.901686e-02
  NRCI: 0.999997000000
  Net refinements: 0
  Composition depth: 0
  Operators: 

Step 62: initial
  Value: 5.118649e-02
  NRCI: 0.999997000000
  Net refinements: 0
  Composition depth: 0
  Operators: 

Step 63: initial
  Value: 5.343542e-02
  NRCI: 0.999997000000
  Net refinements: 0
  Composition depth: 0
  Operators: 

Step 64: initial
  Value: 5.576567e-02
  NRCI: 0.999997000000
  Net refinements: 0
  Composition depth: 0
  Operators: 

Step 65: initial
  Value: 5.817932e-02
  NRCI: 0.999997000000
  Net refinements: 0
  Composition depth: 0
  Operators: 

Step 66: initial
  Value: 6.067843e-02
  NRCI: 0.999997000000
  Net refinements: 0
  Composition depth: 0
  Operators: 

Step 67: initial
  Value: 6.326506e-02
  NRCI: 0.999997000000
  Net refinements: 0
  Composition depth: 0
  Operators: 

Step 68: initial
  Value: 6.594129e-02
  NRCI: 0.999997000000
  Net refinements: 0
  Composition depth: 0
  Operators: 

Step 69: initial
  Value: 6.870920e-02
  NRCI: 0.999997000000
  Net refinements: 0
  Composition depth: 0
  Operators: 

Step 70: initial
  Value: 7.157087e-02
  NRCI: 0.999997000000
  Net refinements: 0
  Composition depth: 0
  Operators: 

Step 71: initial
  Value: 7.452838e-02
  NRCI: 0.999997000000
  Net refinements: 0
  Composition depth: 0
  Operators: 

Step 72: initial
  Value: 7.758379e-02
  NRCI: 0.999997000000
  Net refinements: 0
  Composition depth: 0
  Operators: 

Step 73: initial
  Value: 8.073916e-02
  NRCI: 0.999997000000
  Net refinements: 0
  Composition depth: 0
  Operators: 

Step 74: initial
  Value: 8.399655e-02
  NRCI: 0.999997000000
  Net refinements: 0
  Composition depth: 0
  Operators: 

Step 75: initial
  Value: 8.735798e-02
  NRCI: 0.999997000000
  Net refinements: 0
  Composition depth: 0
  Operators: 

Step 76: initial
  Value: 9.082547e-02
  NRCI: 0.999997000000
  Net refinements: 0
  Composition depth: 0
  Operators: 

Step 77: initial
  Value: 9.440101e-02
  NRCI: 0.999997000000
  Net refinements: 0
  Composition depth: 0
  Operators: 

Step 78: initial
  Value: 9.808659e-02
  NRCI: 0.999997000000
  Net refinements: 0
  Composition depth: 0
  Operators: 

Step 79: initial
  Value: 1.018841e-01
  NRCI: 0.999997000000
  Net refinements: 0
  Composition depth: 0
  Operators: 

Step 80: initial
  Value: 1.057955e-01
  NRCI: 0.999997000000
  Net refinements: 0
  Composition depth: 0
  Operators: 

Step 81: initial
  Value: 1.098227e-01
  NRCI: 0.999997000000
  Net refinements: 0
  Composition depth: 0
  Operators: 

Step 82: initial
  Value: 1.139675e-01
  NRCI: 0.999997000000
  Net refinements: 0
  Composition depth: 0
  Operators: 

Step 83: initial
  Value: 1.182316e-01
  NRCI: 0.999997000000
  Net refinements: 0
  Composition depth: 0
  Operators: 

Step 84: initial
  Value: 1.226169e-01
  NRCI: 0.999997000000
  Net refinements: 0
  Composition depth: 0
  Operators: 

Step 85: initial
  Value: 1.271249e-01
  NRCI: 0.999997000000
  Net refinements: 0
  Composition depth: 0
  Operators: 

Step 86: initial
  Value: 1.317575e-01
  NRCI: 0.999997000000
  Net refinements: 0
  Composition depth: 0
  Operators: 

Step 87: initial
  Value: 1.365161e-01
  NRCI: 0.999997000000
  Net refinements: 0
  Composition depth: 0
  Operators: 

Step 88: initial
  Value: 1.414022e-01
  NRCI: 0.999997000000
  Net refinements: 0
  Composition depth: 0
  Operators: 

Step 89: initial
  Value: 1.464173e-01
  NRCI: 0.999997000000
  Net refinements: 0
  Composition depth: 0
  Operators: 

Step 90: initial
  Value: 1.515628e-01
  NRCI: 0.999997000000
  Net refinements: 0
  Composition depth: 0
  Operators: 

Step 91: initial
  Value: 1.568400e-01
  NRCI: 0.999997000000
  Net refinements: 0
  Composition depth: 0
  Operators: 

Step 92: initial
  Value: 1.622502e-01
  NRCI: 0.999997000000
  Net refinements: 0
  Composition depth: 0
  Operators: 

Step 93: initial
  Value: 1.677943e-01
  NRCI: 0.999997000000
  Net refinements: 0
  Composition depth: 0
  Operators: 

Step 94: initial
  Value: 1.734736e-01
  NRCI: 0.999997000000
  Net refinements: 0
  Composition depth: 0
  Operators: 

Step 95: initial
  Value: 1.792888e-01
  NRCI: 0.999997000000
  Net refinements: 0
  Composition depth: 0
  Operators: 

Step 96: initial
  Value: 1.852410e-01
  NRCI: 0.999997000000
  Net refinements: 0
  Composition depth: 0
  Operators: 

Step 97: initial
  Value: 1.913309e-01
  NRCI: 0.999997000000
  Net refinements: 0
  Composition depth: 0
  Operators: 

Step 98: initial
  Value: 1.975590e-01
  NRCI: 0.999997000000
  Net refinements: 0
  Composition depth: 0
  Operators: 

Step 99: initial
  Value: 2.039260e-01
  NRCI: 0.999997000000
  Net refinements: 0
  Composition depth: 0
  Operators: 

Step 100: initial
  Value: 2.104323e-01
  NRCI: 0.999997000000
  Net refinements: 0
  Composition depth: 0
  Operators: 

Step 101: initial
  Value: 2.170781e-01
  NRCI: 0.999997000000
  Net refinements: 0
  Composition depth: 0
  Operators: 

Step 102: initial
  Value: 2.238637e-01
  NRCI: 0.999997000000
  Net refinements: 0
  Composition depth: 0
  Operators: 

Step 103: initial
  Value: 2.307890e-01
  NRCI: 0.999997000000
  Net refinements: 0
  Composition depth: 0
  Operators: 

Step 104: initial
  Value: 2.378541e-01
  NRCI: 0.999997000000
  Net refinements: 0
  Composition depth: 0
  Operators: 

Step 105: initial
  Value: 2.450587e-01
  NRCI: 0.999997000000
  Net refinements: 0
  Composition depth: 0
  Operators: 

Step 106: initial
  Value: 2.524024e-01
  NRCI: 0.999997000000
  Net refinements: 0
  Composition depth: 0
  Operators: 

Step 107: initial
  Value: 2.598847e-01
  NRCI: 0.999997000000
  Net refinements: 0
  Composition depth: 0
  Operators: 

Step 108: initial
  Value: 2.675051e-01
  NRCI: 0.999997000000
  Net refinements: 0
  Composition depth: 0
  Operators: 

Step 109: initial
  Value: 2.752626e-01
  NRCI: 0.999997000000
  Net refinements: 0
  Composition depth: 0
  Operators: 

Step 110: initial
  Value: 2.831564e-01
  NRCI: 0.999997000000
  Net refinements: 0
  Composition depth: 0
  Operators: 

Step 111: initial
  Value: 2.911853e-01
  NRCI: 0.999997000000
  Net refinements: 0
  Composition depth: 0
  Operators: 

Step 112: initial
  Value: 2.993481e-01
  NRCI: 0.999997000000
  Net refinements: 0
  Composition depth: 0
  Operators: 

Step 113: initial
  Value: 3.076433e-01
  NRCI: 0.999997000000
  Net refinements: 0
  Composition depth: 0
  Operators: 

Step 114: initial
  Value: 3.160693e-01
  NRCI: 0.999997000000
  Net refinements: 0
  Composition depth: 0
  Operators: 

Step 115: initial
  Value: 3.246244e-01
  NRCI: 0.999997000000
  Net refinements: 0
  Composition depth: 0
  Operators: 

Step 116: initial
  Value: 3.333067e-01
  NRCI: 0.999997000000
  Net refinements: 0
  Composition depth: 0
  Operators: 

Step 117: initial
  Value: 3.421139e-01
  NRCI: 0.999997000000
  Net refinements: 0
  Composition depth: 0
  Operators: 

Step 118: initial
  Value: 3.510439e-01
  NRCI: 0.999997000000
  Net refinements: 0
  Composition depth: 0
  Operators: 

Step 119: initial
  Value: 3.600941e-01
  NRCI: 0.999997000000
  Net refinements: 0
  Composition depth: 0
  Operators: 

Step 120: initial
  Value: 3.692620e-01
  NRCI: 0.999997000000
  Net refinements: 0
  Composition depth: 0
  Operators: 

Step 121: initial
  Value: 3.785447e-01
  NRCI: 0.999997000000
  Net refinements: 0
  Composition depth: 0
  Operators: 

Step 122: initial
  Value: 3.879391e-01
  NRCI: 0.999997000000
  Net refinements: 0
  Composition depth: 0
  Operators: 

Step 123: initial
  Value: 3.974422e-01
  NRCI: 0.999997000000
  Net refinements: 0
  Composition depth: 0
  Operators: 

Step 124: initial
  Value: 4.070505e-01
  NRCI: 0.999997000000
  Net refinements: 0
  Composition depth: 0
  Operators: 

Step 125: initial
  Value: 4.167606e-01
  NRCI: 0.999997000000
  Net refinements: 0
  Composition depth: 0
  Operators: 

Step 126: initial
  Value: 4.265686e-01
  NRCI: 0.999997000000
  Net refinements: 0
  Composition depth: 0
  Operators: 

Step 127: initial
  Value: 4.364706e-01
  NRCI: 0.999997000000
  Net refinements: 0
  Composition depth: 0
  Operators: 

Step 128: initial
  Value: 4.464627e-01
  NRCI: 0.999997000000
  Net refinements: 0
  Composition depth: 0
  Operators: 

Step 129: initial
  Value: 4.565404e-01
  NRCI: 0.999997000000
  Net refinements: 0
  Composition depth: 0
  Operators: 

Step 130: initial
  Value: 4.666994e-01
  NRCI: 0.999997000000
  Net refinements: 0
  Composition depth: 0
  Operators: 

Step 131: initial
  Value: 4.769349e-01
  NRCI: 0.999997000000
  Net refinements: 0
  Composition depth: 0
  Operators: 

Step 132: initial
  Value: 4.872424e-01
  NRCI: 0.999997000000
  Net refinements: 0
  Composition depth: 0
  Operators: 

Step 133: initial
  Value: 4.976166e-01
  NRCI: 0.999997000000
  Net refinements: 0
  Composition depth: 0
  Operators: 

Step 134: initial
  Value: 5.080526e-01
  NRCI: 0.999997000000
  Net refinements: 0
  Composition depth: 0
  Operators: 

Step 135: initial
  Value: 5.185449e-01
  NRCI: 0.999997000000
  Net refinements: 0
  Composition depth: 0
  Operators: 

Step 136: initial
  Value: 5.290881e-01
  NRCI: 0.999997000000
  Net refinements: 0
  Composition depth: 0
  Operators: 

Step 137: initial
  Value: 5.396766e-01
  NRCI: 0.999997000000
  Net refinements: 0
  Composition depth: 0
  Operators: 

Step 138: initial
  Value: 5.503046e-01
  NRCI: 0.999997000000
  Net refinements: 0
  Composition depth: 0
  Operators: 

Step 139: initial
  Value: 5.609661e-01
  NRCI: 0.999997000000
  Net refinements: 0
  Composition depth: 0
  Operators: 

Step 140: initial
  Value: 5.716551e-01
  NRCI: 0.999997000000
  Net refinements: 0
  Composition depth: 0
  Operators: 

Step 141: initial
  Value: 5.823653e-01
  NRCI: 0.999997000000
  Net refinements: 0
  Composition depth: 0
  Operators: 

Step 142: initial
  Value: 5.930902e-01
  NRCI: 0.999997000000
  Net refinements: 0
  Composition depth: 0
  Operators: 

Step 143: initial
  Value: 6.038235e-01
  NRCI: 0.999997000000
  Net refinements: 0
  Composition depth: 0
  Operators: 

Step 144: initial
  Value: 6.145585e-01
  NRCI: 0.999997000000
  Net refinements: 0
  Composition depth: 0
  Operators: 

Step 145: initial
  Value: 6.252884e-01
  NRCI: 0.999997000000
  Net refinements: 0
  Composition depth: 0
  Operators: 

Step 146: initial
  Value: 6.360064e-01
  NRCI: 0.999997000000
  Net refinements: 0
  Composition depth: 0
  Operators: 

Step 147: initial
  Value: 6.467054e-01
  NRCI: 0.999997000000
  Net refinements: 0
  Composition depth: 0
  Operators: 

Step 148: initial
  Value: 6.573785e-01
  NRCI: 0.999997000000
  Net refinements: 0
  Composition depth: 0
  Operators: 

Step 149: initial
  Value: 6.680184e-01
  NRCI: 0.999997000000
  Net refinements: 0
  Composition depth: 0
  Operators: 

Step 150: initial
  Value: 6.786178e-01
  NRCI: 0.999997000000
  Net refinements: 0
  Composition depth: 0
  Operators: 

Step 151: initial
  Value: 6.891695e-01
  NRCI: 0.999997000000
  Net refinements: 0
  Composition depth: 0
  Operators: 

Step 152: initial
  Value: 6.996661e-01
  NRCI: 0.999997000000
  Net refinements: 0
  Composition depth: 0
  Operators: 

Step 153: initial
  Value: 7.101000e-01
  NRCI: 0.999997000000
  Net refinements: 0
  Composition depth: 0
  Operators: 

Step 154: initial
  Value: 7.204638e-01
  NRCI: 0.999997000000
  Net refinements: 0
  Composition depth: 0
  Operators: 

Step 155: initial
  Value: 7.307498e-01
  NRCI: 0.999997000000
  Net refinements: 0
  Composition depth: 0
  Operators: 

Step 156: initial
  Value: 7.409506e-01
  NRCI: 0.999997000000
  Net refinements: 0
  Composition depth: 0
  Operators: 

Step 157: initial
  Value: 7.510584e-01
  NRCI: 0.999997000000
  Net refinements: 0
  Composition depth: 0
  Operators: 

Step 158: initial
  Value: 7.610656e-01
  NRCI: 0.999997000000
  Net refinements: 0
  Composition depth: 0
  Operators: 

Step 159: initial
  Value: 7.709646e-01
  NRCI: 0.999997000000
  Net refinements: 0
  Composition depth: 0
  Operators: 

Step 160: initial
  Value: 7.807478e-01
  NRCI: 0.999997000000
  Net refinements: 0
  Composition depth: 0
  Operators: 

Step 161: initial
  Value: 7.904074e-01
  NRCI: 0.999997000000
  Net refinements: 0
  Composition depth: 0
  Operators: 

Step 162: initial
  Value: 7.999359e-01
  NRCI: 0.999997000000
  Net refinements: 0
  Composition depth: 0
  Operators: 

Step 163: initial
  Value: 8.093256e-01
  NRCI: 0.999997000000
  Net refinements: 0
  Composition depth: 0
  Operators: 

Step 164: initial
  Value: 8.185691e-01
  NRCI: 0.999997000000
  Net refinements: 0
  Composition depth: 0
  Operators: 

Step 165: initial
  Value: 8.276588e-01
  NRCI: 0.999997000000
  Net refinements: 0
  Composition depth: 0
  Operators: 

Step 166: initial
  Value: 8.365874e-01
  NRCI: 0.999997000000
  Net refinements: 0
  Composition depth: 0
  Operators: 

Step 167: initial
  Value: 8.453474e-01
  NRCI: 0.999997000000
  Net refinements: 0
  Composition depth: 0
  Operators: 

Step 168: initial
  Value: 8.539315e-01
  NRCI: 0.999997000000
  Net refinements: 0
  Composition depth: 0
  Operators: 

Step 169: initial
  Value: 8.623326e-01
  NRCI: 0.999997000000
  Net refinements: 0
  Composition depth: 0
  Operators: 

Step 170: initial
  Value: 8.705436e-01
  NRCI: 0.999997000000
  Net refinements: 0
  Composition depth: 0
  Operators: 

Step 171: initial
  Value: 8.785575e-01
  NRCI: 0.999997000000
  Net refinements: 0
  Composition depth: 0
  Operators: 

Step 172: initial
  Value: 8.863675e-01
  NRCI: 0.999997000000
  Net refinements: 0
  Composition depth: 0
  Operators: 

Step 173: initial
  Value: 8.939668e-01
  NRCI: 0.999997000000
  Net refinements: 0
  Composition depth: 0
  Operators: 

Step 174: initial
  Value: 9.013488e-01
  NRCI: 0.999997000000
  Net refinements: 0
  Composition depth: 0
  Operators: 

Step 175: initial
  Value: 9.085071e-01
  NRCI: 0.999997000000
  Net refinements: 0
  Composition depth: 0
  Operators: 

Step 176: initial
  Value: 9.154354e-01
  NRCI: 0.999997000000
  Net refinements: 0
  Composition depth: 0
  Operators: 

Step 177: initial
  Value: 9.221276e-01
  NRCI: 0.999997000000
  Net refinements: 0
  Composition depth: 0
  Operators: 

Step 178: initial
  Value: 9.285778e-01
  NRCI: 0.999997000000
  Net refinements: 0
  Composition depth: 0
  Operators: 

Step 179: initial
  Value: 9.347802e-01
  NRCI: 0.999997000000
  Net refinements: 0
  Composition depth: 0
  Operators: 

Step 180: initial
  Value: 9.407292e-01
  NRCI: 0.999997000000
  Net refinements: 0
  Composition depth: 0
  Operators: 

Step 181: initial
  Value: 9.464196e-01
  NRCI: 0.999997000000
  Net refinements: 0
  Composition depth: 0
  Operators: 

Step 182: initial
  Value: 9.518462e-01
  NRCI: 0.999997000000
  Net refinements: 0
  Composition depth: 0
  Operators: 

Step 183: initial
  Value: 9.570040e-01
  NRCI: 0.999997000000
  Net refinements: 0
  Composition depth: 0
  Operators: 

Step 184: initial
  Value: 9.618884e-01
  NRCI: 0.999997000000
  Net refinements: 0
  Composition depth: 0
  Operators: 

Step 185: initial
  Value: 9.664949e-01
  NRCI: 0.999997000000
  Net refinements: 0
  Composition depth: 0
  Operators: 

Step 186: initial
  Value: 9.708192e-01
  NRCI: 0.999997000000
  Net refinements: 0
  Composition depth: 0
  Operators: 

Step 187: initial
  Value: 9.748575e-01
  NRCI: 0.999997000000
  Net refinements: 0
  Composition depth: 0
  Operators: 

Step 188: initial
  Value: 9.786059e-01
  NRCI: 0.999997000000
  Net refinements: 0
  Composition depth: 0
  Operators: 

Step 189: initial
  Value: 9.820610e-01
  NRCI: 0.999997000000
  Net refinements: 0
  Composition depth: 0
  Operators: 

Step 190: initial
  Value: 9.852196e-01
  NRCI: 0.999997000000
  Net refinements: 0
  Composition depth: 0
  Operators: 

Step 191: initial
  Value: 9.880788e-01
  NRCI: 0.999997000000
  Net refinements: 0
  Composition depth: 0
  Operators: 

Step 192: initial
  Value: 9.906358e-01
  NRCI: 0.999997000000
  Net refinements: 0
  Composition depth: 0
  Operators: 

Step 193: initial
  Value: 9.928884e-01
  NRCI: 0.999997000000
  Net refinements: 0
  Composition depth: 0
  Operators: 

Step 194: initial
  Value: 9.948344e-01
  NRCI: 0.999997000000
  Net refinements: 0
  Composition depth: 0
  Operators: 

Step 195: initial
  Value: 9.964720e-01
  NRCI: 0.999997000000
  Net refinements: 0
  Composition depth: 0
  Operators: 

Step 196: initial
  Value: 9.977997e-01
  NRCI: 0.999997000000
  Net refinements: 0
  Composition depth: 0
  Operators: 

Step 197: initial
  Value: 9.988161e-01
  NRCI: 0.999997000000
  Net refinements: 0
  Composition depth: 0
  Operators: 

Step 198: initial
  Value: 9.995204e-01
  NRCI: 0.999997000000
  Net refinements: 0
  Composition depth: 0
  Operators: 

Step 199: initial
  Value: 9.999119e-01
  NRCI: 0.999997000000
  Net refinements: 0
  Composition depth: 0
  Operators: 

Step 200: initial
  Value: 9.999902e-01
  NRCI: 0.999997000000
  Net refinements: 0
  Composition depth: 0
  Operators: 

Step 201: initial
  Value: 9.997553e-01
  NRCI: 0.999997000000
  Net refinements: 0
  Composition depth: 0
  Operators: 

Step 202: initial
  Value: 9.992073e-01
  NRCI: 0.999997000000
  Net refinements: 0
  Composition depth: 0
  Operators: 

Step 203: initial
  Value: 9.983468e-01
  NRCI: 0.999997000000
  Net refinements: 0
  Composition depth: 0
  Operators: 

Step 204: initial
  Value: 9.971747e-01
  NRCI: 0.999997000000
  Net refinements: 0
  Composition depth: 0
  Operators: 

Step 205: initial
  Value: 9.956919e-01
  NRCI: 0.999997000000
  Net refinements: 0
  Composition depth: 0
  Operators: 

Step 206: initial
  Value: 9.938999e-01
  NRCI: 0.999997000000
  Net refinements: 0
  Composition depth: 0
  Operators: 

Step 207: initial
  Value: 9.918003e-01
  NRCI: 0.999997000000
  Net refinements: 0
  Composition depth: 0
  Operators: 

Step 208: initial
  Value: 9.893952e-01
  NRCI: 0.999997000000
  Net refinements: 0
  Composition depth: 0
  Operators: 

Step 209: initial
  Value: 9.866868e-01
  NRCI: 0.999997000000
  Net refinements: 0
  Composition depth: 0
  Operators: 

Step 210: initial
  Value: 9.836775e-01
  NRCI: 0.999997000000
  Net refinements: 0
  Composition depth: 0
  Operators: 

Step 211: initial
  Value: 9.803703e-01
  NRCI: 0.999997000000
  Net refinements: 0
  Composition depth: 0
  Operators: 

Step 212: initial
  Value: 9.767681e-01
  NRCI: 0.999997000000
  Net refinements: 0
  Composition depth: 0
  Operators: 

Step 213: initial
  Value: 9.728743e-01
  NRCI: 0.999997000000
  Net refinements: 0
  Composition depth: 0
  Operators: 

Step 214: initial
  Value: 9.686926e-01
  NRCI: 0.999997000000
  Net refinements: 0
  Composition depth: 0
  Operators: 

Step 215: initial
  Value: 9.642266e-01
  NRCI: 0.999997000000
  Net refinements: 0
  Composition depth: 0
  Operators: 

Step 216: initial
  Value: 9.594807e-01
  NRCI: 0.999997000000
  Net refinements: 0
  Composition depth: 0
  Operators: 

Step 217: initial
  Value: 9.544590e-01
  NRCI: 0.999997000000
  Net refinements: 0
  Composition depth: 0
  Operators: 

Step 218: initial
  Value: 9.491662e-01
  NRCI: 0.999997000000
  Net refinements: 0
  Composition depth: 0
  Operators: 

Step 219: initial
  Value: 9.436071e-01
  NRCI: 0.999997000000
  Net refinements: 0
  Composition depth: 0
  Operators: 

Step 220: initial
  Value: 9.377867e-01
  NRCI: 0.999997000000
  Net refinements: 0
  Composition depth: 0
  Operators: 

Step 221: initial
  Value: 9.317103e-01
  NRCI: 0.999997000000
  Net refinements: 0
  Composition depth: 0
  Operators: 

Step 222: initial
  Value: 9.253833e-01
  NRCI: 0.999997000000
  Net refinements: 0
  Composition depth: 0
  Operators: 

Step 223: initial
  Value: 9.188114e-01
  NRCI: 0.999997000000
  Net refinements: 0
  Composition depth: 0
  Operators: 

Step 224: initial
  Value: 9.120003e-01
  NRCI: 0.999997000000
  Net refinements: 0
  Composition depth: 0
  Operators: 

Step 225: initial
  Value: 9.049563e-01
  NRCI: 0.999997000000
  Net refinements: 0
  Composition depth: 0
  Operators: 

Step 226: initial
  Value: 8.976853e-01
  NRCI: 0.999997000000
  Net refinements: 0
  Composition depth: 0
  Operators: 

Step 227: initial
  Value: 8.901939e-01
  NRCI: 0.999997000000
  Net refinements: 0
  Composition depth: 0
  Operators: 

Step 228: initial
  Value: 8.824884e-01
  NRCI: 0.999997000000
  Net refinements: 0
  Composition depth: 0
  Operators: 

Step 229: initial
  Value: 8.745757e-01
  NRCI: 0.999997000000
  Net refinements: 0
  Composition depth: 0
  Operators: 

Step 230: initial
  Value: 8.664623e-01
  NRCI: 0.999997000000
  Net refinements: 0
  Composition depth: 0
  Operators: 

Step 231: initial
  Value: 8.581554e-01
  NRCI: 0.999997000000
  Net refinements: 0
  Composition depth: 0
  Operators: 

Step 232: initial
  Value: 8.496619e-01
  NRCI: 0.999997000000
  Net refinements: 0
  Composition depth: 0
  Operators: 

Step 233: initial
  Value: 8.409889e-01
  NRCI: 0.999997000000
  Net refinements: 0
  Composition depth: 0
  Operators: 

Step 234: initial
  Value: 8.321437e-01
  NRCI: 0.999997000000
  Net refinements: 0
  Composition depth: 0
  Operators: 

Step 235: initial
  Value: 8.231337e-01
  NRCI: 0.999997000000
  Net refinements: 0
  Composition depth: 0
  Operators: 

Step 236: initial
  Value: 8.139661e-01
  NRCI: 0.999997000000
  Net refinements: 0
  Composition depth: 0
  Operators: 

Step 237: initial
  Value: 8.046486e-01
  NRCI: 0.999997000000
  Net refinements: 0
  Composition depth: 0
  Operators: 

Step 238: initial
  Value: 7.951885e-01
  NRCI: 0.999997000000
  Net refinements: 0
  Composition depth: 0
  Operators: 

Step 239: initial
  Value: 7.855935e-01
  NRCI: 0.999997000000
  Net refinements: 0
  Composition depth: 0
  Operators: 

Step 240: initial
  Value: 7.758712e-01
  NRCI: 0.999997000000
  Net refinements: 0
  Composition depth: 0
  Operators: 

Step 241: initial
  Value: 7.660291e-01
  NRCI: 0.999997000000
  Net refinements: 0
  Composition depth: 0
  Operators: 

Step 242: initial
  Value: 7.560751e-01
  NRCI: 0.999997000000
  Net refinements: 0
  Composition depth: 0
  Operators: 

Step 243: initial
  Value: 7.460166e-01
  NRCI: 0.999997000000
  Net refinements: 0
  Composition depth: 0
  Operators: 

Step 244: initial
  Value: 7.358613e-01
  NRCI: 0.999997000000
  Net refinements: 0
  Composition depth: 0
  Operators: 

Step 245: initial
  Value: 7.256170e-01
  NRCI: 0.999997000000
  Net refinements: 0
  Composition depth: 0
  Operators: 

Step 246: initial
  Value: 7.152911e-01
  NRCI: 0.999997000000
  Net refinements: 0
  Composition depth: 0
  Operators: 

Step 247: initial
  Value: 7.048913e-01
  NRCI: 0.999997000000
  Net refinements: 0
  Composition depth: 0
  Operators: 

Step 248: initial
  Value: 6.944252e-01
  NRCI: 0.999997000000
  Net refinements: 0
  Composition depth: 0
  Operators: 

Step 249: initial
  Value: 6.839001e-01
  NRCI: 0.999997000000
  Net refinements: 0
  Composition depth: 0
  Operators: 

Step 250: initial
  Value: 6.733236e-01
  NRCI: 0.999997000000
  Net refinements: 0
  Composition depth: 0
  Operators: 

Step 251: initial
  Value: 6.627030e-01
  NRCI: 0.999997000000
  Net refinements: 0
  Composition depth: 0
  Operators: 

Step 252: initial
  Value: 6.520457e-01
  NRCI: 0.999997000000
  Net refinements: 0
  Composition depth: 0
  Operators: 

Step 253: initial
  Value: 6.413587e-01
  NRCI: 0.999997000000
  Net refinements: 0
  Composition depth: 0
  Operators: 

Step 254: initial
  Value: 6.306493e-01
  NRCI: 0.999997000000
  Net refinements: 0
  Composition depth: 0
  Operators: 

Step 255: initial
  Value: 6.199245e-01
  NRCI: 0.999997000000
  Net refinements: 0
  Composition depth: 0
  Operators: 

Step 256: initial
  Value: 6.091912e-01
  NRCI: 0.999997000000
  Net refinements: 0
  Composition depth: 0
  Operators: 

Step 257: initial
  Value: 5.984563e-01
  NRCI: 0.999997000000
  Net refinements: 0
  Composition depth: 0
  Operators: 

Step 258: initial
  Value: 5.877263e-01
  NRCI: 0.999997000000
  Net refinements: 0
  Composition depth: 0
  Operators: 

Step 259: initial
  Value: 5.770079e-01
  NRCI: 0.999997000000
  Net refinements: 0
  Composition depth: 0
  Operators: 

Step 260: initial
  Value: 5.663076e-01
  NRCI: 0.999997000000
  Net refinements: 0
  Composition depth: 0
  Operators: 

Step 261: initial
  Value: 5.556316e-01
  NRCI: 0.999997000000
  Net refinements: 0
  Composition depth: 0
  Operators: 

Step 262: initial
  Value: 5.449861e-01
  NRCI: 0.999997000000
  Net refinements: 0
  Composition depth: 0
  Operators: 

Step 263: initial
  Value: 5.343771e-01
  NRCI: 0.999997000000
  Net refinements: 0
  Composition depth: 0
  Operators: 

Step 264: initial
  Value: 5.238105e-01
  NRCI: 0.999997000000
  Net refinements: 0
  Composition depth: 0
  Operators: 

Step 265: initial
  Value: 5.132920e-01
  NRCI: 0.999997000000
  Net refinements: 0
  Composition depth: 0
  Operators: 

Step 266: initial
  Value: 5.028272e-01
  NRCI: 0.999997000000
  Net refinements: 0
  Composition depth: 0
  Operators: 

Step 267: initial
  Value: 4.924214e-01
  NRCI: 0.999997000000
  Net refinements: 0
  Composition depth: 0
  Operators: 

Step 268: initial
  Value: 4.820800e-01
  NRCI: 0.999997000000
  Net refinements: 0
  Composition depth: 0
  Operators: 

Step 269: initial
  Value: 4.718079e-01
  NRCI: 0.999997000000
  Net refinements: 0
  Composition depth: 0
  Operators: 

Step 270: initial
  Value: 4.616100e-01
  NRCI: 0.999997000000
  Net refinements: 0
  Composition depth: 0
  Operators: 

Step 271: initial
  Value: 4.514911e-01
  NRCI: 0.999997000000
  Net refinements: 0
  Composition depth: 0
  Operators: 

Step 272: initial
  Value: 4.414557e-01
  NRCI: 0.999997000000
  Net refinements: 0
  Composition depth: 0
  Operators: 

Step 273: initial
  Value: 4.315081e-01
  NRCI: 0.999997000000
  Net refinements: 0
  Composition depth: 0
  Operators: 

Step 274: initial
  Value: 4.216526e-01
  NRCI: 0.999997000000
  Net refinements: 0
  Composition depth: 0
  Operators: 

Step 275: initial
  Value: 4.118931e-01
  NRCI: 0.999997000000
  Net refinements: 0
  Composition depth: 0
  Operators: 

Step 276: initial
  Value: 4.022334e-01
  NRCI: 0.999997000000
  Net refinements: 0
  Composition depth: 0
  Operators: 

Step 277: initial
  Value: 3.926773e-01
  NRCI: 0.999997000000
  Net refinements: 0
  Composition depth: 0
  Operators: 

Step 278: initial
  Value: 3.832281e-01
  NRCI: 0.999997000000
  Net refinements: 0
  Composition depth: 0
  Operators: 

Step 279: initial
  Value: 3.738892e-01
  NRCI: 0.999997000000
  Net refinements: 0
  Composition depth: 0
  Operators: 

Step 280: initial
  Value: 3.646635e-01
  NRCI: 0.999997000000
  Net refinements: 0
  Composition depth: 0
  Operators: 

Step 281: initial
  Value: 3.555542e-01
  NRCI: 0.999997000000
  Net refinements: 0
  Composition depth: 0
  Operators: 

Step 282: initial
  Value: 3.465637e-01
  NRCI: 0.999997000000
  Net refinements: 0
  Composition depth: 0
  Operators: 

Step 283: initial
  Value: 3.376948e-01
  NRCI: 0.999997000000
  Net refinements: 0
  Composition depth: 0
  Operators: 

Step 284: initial
  Value: 3.289498e-01
  NRCI: 0.999997000000
  Net refinements: 0
  Composition depth: 0
  Operators: 

Step 285: initial
  Value: 3.203309e-01
  NRCI: 0.999997000000
  Net refinements: 0
  Composition depth: 0
  Operators: 

Step 286: initial
  Value: 3.118401e-01
  NRCI: 0.999997000000
  Net refinements: 0
  Composition depth: 0
  Operators: 

Step 287: initial
  Value: 3.034792e-01
  NRCI: 0.999997000000
  Net refinements: 0
  Composition depth: 0
  Operators: 

Step 288: initial
  Value: 2.952500e-01
  NRCI: 0.999997000000
  Net refinements: 0
  Composition depth: 0
  Operators: 

Step 289: initial
  Value: 2.871540e-01
  NRCI: 0.999997000000
  Net refinements: 0
  Composition depth: 0
  Operators: 

Step 290: initial
  Value: 2.791925e-01
  NRCI: 0.999997000000
  Net refinements: 0
  Composition depth: 0
  Operators: 

Step 291: initial
  Value: 2.713667e-01
  NRCI: 0.999997000000
  Net refinements: 0
  Composition depth: 0
  Operators: 

Step 292: initial
  Value: 2.636777e-01
  NRCI: 0.999997000000
  Net refinements: 0
  Composition depth: 0
  Operators: 

Step 293: initial
  Value: 2.561263e-01
  NRCI: 0.999997000000
  Net refinements: 0
  Composition depth: 0
  Operators: 

Step 294: initial
  Value: 2.487132e-01
  NRCI: 0.999997000000
  Net refinements: 0
  Composition depth: 0
  Operators: 

Step 295: initial
  Value: 2.414390e-01
  NRCI: 0.999997000000
  Net refinements: 0
  Composition depth: 0
  Operators: 

Step 296: initial
  Value: 2.343041e-01
  NRCI: 0.999997000000
  Net refinements: 0
  Composition depth: 0
  Operators: 

Step 297: initial
  Value: 2.273089e-01
  NRCI: 0.999997000000
  Net refinements: 0
  Composition depth: 0
  Operators: 

Step 298: initial
  Value: 2.204534e-01
  NRCI: 0.999997000000
  Net refinements: 0
  Composition depth: 0
  Operators: 

Step 299: initial
  Value: 2.137377e-01
  NRCI: 0.999997000000
  Net refinements: 0
  Composition depth: 0
  Operators: 

Step 300: initial
  Value: 2.071617e-01
  NRCI: 0.999997000000
  Net refinements: 0
  Composition depth: 0
  Operators: 

Step 301: initial
  Value: 2.007252e-01
  NRCI: 0.999997000000
  Net refinements: 0
  Composition depth: 0
  Operators: 

Step 302: initial
  Value: 1.944276e-01
  NRCI: 0.999997000000
  Net refinements: 0
  Composition depth: 0
  Operators: 

Step 303: initial
  Value: 1.882687e-01
  NRCI: 0.999997000000
  Net refinements: 0
  Composition depth: 0
  Operators: 

Step 304: initial
  Value: 1.822478e-01
  NRCI: 0.999997000000
  Net refinements: 0
  Composition depth: 0
  Operators: 

Step 305: initial
  Value: 1.763641e-01
  NRCI: 0.999997000000
  Net refinements: 0
  Composition depth: 0
  Operators: 

Step 306: initial
  Value: 1.706170e-01
  NRCI: 0.999997000000
  Net refinements: 0
  Composition depth: 0
  Operators: 

Step 307: initial
  Value: 1.650054e-01
  NRCI: 0.999997000000
  Net refinements: 0
  Composition depth: 0
  Operators: 

Step 308: initial
  Value: 1.595284e-01
  NRCI: 0.999997000000
  Net refinements: 0
  Composition depth: 0
  Operators: 

Step 309: initial
  Value: 1.541849e-01
  NRCI: 0.999997000000
  Net refinements: 0
  Composition depth: 0
  Operators: 

Step 310: initial
  Value: 1.489737e-01
  NRCI: 0.999997000000
  Net refinements: 0
  Composition depth: 0
  Operators: 

Step 311: initial
  Value: 1.438935e-01
  NRCI: 0.999997000000
  Net refinements: 0
  Composition depth: 0
  Operators: 

Step 312: initial
  Value: 1.389431e-01
  NRCI: 0.999997000000
  Net refinements: 0
  Composition depth: 0
  Operators: 

Step 313: initial
  Value: 1.341209e-01
  NRCI: 0.999997000000
  Net refinements: 0
  Composition depth: 0
  Operators: 

Step 314: initial
  Value: 1.294256e-01
  NRCI: 0.999997000000
  Net refinements: 0
  Composition depth: 0
  Operators: 

Step 315: initial
  Value: 1.248554e-01
  NRCI: 0.999997000000
  Net refinements: 0
  Composition depth: 0
  Operators: 

Step 316: initial
  Value: 1.204090e-01
  NRCI: 0.999997000000
  Net refinements: 0
  Composition depth: 0
  Operators: 

Step 317: initial
  Value: 1.160845e-01
  NRCI: 0.999997000000
  Net refinements: 0
  Composition depth: 0
  Operators: 

Step 318: initial
  Value: 1.118803e-01
  NRCI: 0.999997000000
  Net refinements: 0
  Composition depth: 0
  Operators: 

Step 319: initial
  Value: 1.077945e-01
  NRCI: 0.999997000000
  Net refinements: 0
  Composition depth: 0
  Operators: 

Step 320: initial
  Value: 1.038255e-01
  NRCI: 0.999997000000
  Net refinements: 0
  Composition depth: 0
  Operators: 

Step 321: initial
  Value: 9.997124e-02
  NRCI: 0.999997000000
  Net refinements: 0
  Composition depth: 0
  Operators: 

Step 322: initial
  Value: 9.622993e-02
  NRCI: 0.999997000000
  Net refinements: 0
  Composition depth: 0
  Operators: 

Step 323: initial
  Value: 9.259961e-02
  NRCI: 0.999997000000
  Net refinements: 0
  Composition depth: 0
  Operators: 

Step 324: initial
  Value: 8.907834e-02
  NRCI: 0.999997000000
  Net refinements: 0
  Composition depth: 0
  Operators: 

Step 325: initial
  Value: 8.566413e-02
  NRCI: 0.999997000000
  Net refinements: 0
  Composition depth: 0
  Operators: 

Step 326: initial
  Value: 8.235498e-02
  NRCI: 0.999997000000
  Net refinements: 0
  Composition depth: 0
  Operators: 

Step 327: initial
  Value: 7.914885e-02
  NRCI: 0.999997000000
  Net refinements: 0
  Composition depth: 0
  Operators: 

Step 328: initial
  Value: 7.604372e-02
  NRCI: 0.999997000000
  Net refinements: 0
  Composition depth: 0
  Operators: 

Step 329: initial
  Value: 7.303752e-02
  NRCI: 0.999997000000
  Net refinements: 0
  Composition depth: 0
  Operators: 

Step 330: initial
  Value: 7.012819e-02
  NRCI: 0.999997000000
  Net refinements: 0
  Composition depth: 0
  Operators: 

Step 331: initial
  Value: 6.731366e-02
  NRCI: 0.999997000000
  Net refinements: 0
  Composition depth: 0
  Operators: 

Step 332: initial
  Value: 6.459184e-02
  NRCI: 0.999997000000
  Net refinements: 0
  Composition depth: 0
  Operators: 

Step 333: initial
  Value: 6.196067e-02
  NRCI: 0.999997000000
  Net refinements: 0
  Composition depth: 0
  Operators: 

Step 334: initial
  Value: 5.941806e-02
  NRCI: 0.999997000000
  Net refinements: 0
  Composition depth: 0
  Operators: 

Step 335: initial
  Value: 5.696195e-02
  NRCI: 0.999997000000
  Net refinements: 0
  Composition depth: 0
  Operators: 

Step 336: initial
  Value: 5.459025e-02
  NRCI: 0.999997000000
  Net refinements: 0
  Composition depth: 0
  Operators: 

Step 337: initial
  Value: 5.230092e-02
  NRCI: 0.999997000000
  Net refinements: 0
  Composition depth: 0
  Operators: 

Step 338: initial
  Value: 5.009189e-02
  NRCI: 0.999997000000
  Net refinements: 0
  Composition depth: 0
  Operators: 

Step 339: initial
  Value: 4.796115e-02
  NRCI: 0.999997000000
  Net refinements: 0
  Composition depth: 0
  Operators: 

Step 340: initial
  Value: 4.590665e-02
  NRCI: 0.999997000000
  Net refinements: 0
  Composition depth: 0
  Operators: 

Step 341: initial
  Value: 4.392640e-02
  NRCI: 0.999997000000
  Net refinements: 0
  Composition depth: 0
  Operators: 

Step 342: initial
  Value: 4.201840e-02
  NRCI: 0.999997000000
  Net refinements: 0
  Composition depth: 0
  Operators: 

Step 343: initial
  Value: 4.018069e-02
  NRCI: 0.999997000000
  Net refinements: 0
  Composition depth: 0
  Operators: 

Step 344: initial
  Value: 3.841132e-02
  NRCI: 0.999997000000
  Net refinements: 0
  Composition depth: 0
  Operators: 

Step 345: initial
  Value: 3.670836e-02
  NRCI: 0.999997000000
  Net refinements: 0
  Composition depth: 0
  Operators: 

Step 346: initial
  Value: 3.506991e-02
  NRCI: 0.999997000000
  Net refinements: 0
  Composition depth: 0
  Operators: 

Step 347: initial
  Value: 3.349410e-02
  NRCI: 0.999997000000
  Net refinements: 0
  Composition depth: 0
  Operators: 

Step 348: initial
  Value: 3.197907e-02
  NRCI: 0.999997000000
  Net refinements: 0
  Composition depth: 0
  Operators: 

Step 349: initial
  Value: 3.052301e-02
  NRCI: 0.999997000000
  Net refinements: 0
  Composition depth: 0
  Operators: 

Step 350: initial
  Value: 2.912412e-02
  NRCI: 0.999997000000
  Net refinements: 0
  Composition depth: 0
  Operators: 

Step 351: initial
  Value: 2.778064e-02
  NRCI: 0.999997000000
  Net refinements: 0
  Composition depth: 0
  Operators: 

Step 352: initial
  Value: 2.649083e-02
  NRCI: 0.999997000000
  Net refinements: 0
  Composition depth: 0
  Operators: 

Step 353: initial
  Value: 2.525300e-02
  NRCI: 0.999997000000
  Net refinements: 0
  Composition depth: 0
  Operators: 

Step 354: initial
  Value: 2.406546e-02
  NRCI: 0.999997000000
  Net refinements: 0
  Composition depth: 0
  Operators: 

Step 355: initial
  Value: 2.292658e-02
  NRCI: 0.999997000000
  Net refinements: 0
  Composition depth: 0
  Operators: 

Step 356: initial
  Value: 2.183476e-02
  NRCI: 0.999997000000
  Net refinements: 0
  Composition depth: 0
  Operators: 

Step 357: initial
  Value: 2.078842e-02
  NRCI: 0.999997000000
  Net refinements: 0
  Composition depth: 0
  Operators: 

Step 358: initial
  Value: 1.978603e-02
  NRCI: 0.999997000000
  Net refinements: 0
  Composition depth: 0
  Operators: 

Step 359: initial
  Value: 1.882606e-02
  NRCI: 0.999997000000
  Net refinements: 0
  Composition depth: 0
  Operators: 

Step 360: initial
  Value: 1.790707e-02
  NRCI: 0.999997000000
  Net refinements: 0
  Composition depth: 0
  Operators: 

Step 361: initial
  Value: 1.702759e-02
  NRCI: 0.999997000000
  Net refinements: 0
  Composition depth: 0
  Operators: 

Step 362: initial
  Value: 1.618624e-02
  NRCI: 0.999997000000
  Net refinements: 0
  Composition depth: 0
  Operators: 

Step 363: initial
  Value: 1.538165e-02
  NRCI: 0.999997000000
  Net refinements: 0
  Composition depth: 0
  Operators: 

Step 364: initial
  Value: 1.461246e-02
  NRCI: 0.999997000000
  Net refinements: 0
  Composition depth: 0
  Operators: 

Step 365: initial
  Value: 1.387740e-02
  NRCI: 0.999997000000
  Net refinements: 0
  Composition depth: 0
  Operators: 

Step 366: initial
  Value: 1.317518e-02
  NRCI: 0.999997000000
  Net refinements: 0
  Composition depth: 0
  Operators: 

Step 367: initial
  Value: 1.250458e-02
  NRCI: 0.999997000000
  Net refinements: 0
  Composition depth: 0
  Operators: 

Step 368: initial
  Value: 1.186440e-02
  NRCI: 0.999997000000
  Net refinements: 0
  Composition depth: 0
  Operators: 

Step 369: initial
  Value: 1.125346e-02
  NRCI: 0.999997000000
  Net refinements: 0
  Composition depth: 0
  Operators: 

Step 370: initial
  Value: 1.067064e-02
  NRCI: 0.999997000000
  Net refinements: 0
  Composition depth: 0
  Operators: 

Step 371: initial
  Value: 1.011483e-02
  NRCI: 0.999997000000
  Net refinements: 0
  Composition depth: 0
  Operators: 

Step 372: initial
  Value: 9.584971e-03
  NRCI: 0.999997000000
  Net refinements: 0
  Composition depth: 0
  Operators: 

Step 373: initial
  Value: 9.080024e-03
  NRCI: 0.999997000000
  Net refinements: 0
  Composition depth: 0
  Operators: 

Step 374: initial
  Value: 8.598983e-03
  NRCI: 0.999997000000
  Net refinements: 0
  Composition depth: 0
  Operators: 

Step 375: initial
  Value: 8.140876e-03
  NRCI: 0.999997000000
  Net refinements: 0
  Composition depth: 0
  Operators: 

Step 376: initial
  Value: 7.704760e-03
  NRCI: 0.999997000000
  Net refinements: 0
  Composition depth: 0
  Operators: 

Step 377: initial
  Value: 7.289723e-03
  NRCI: 0.999997000000
  Net refinements: 0
  Composition depth: 0
  Operators: 

Step 378: initial
  Value: 6.894883e-03
  NRCI: 0.999997000000
  Net refinements: 0
  Composition depth: 0
  Operators: 

Step 379: initial
  Value: 6.519387e-03
  NRCI: 0.999997000000
  Net refinements: 0
  Composition depth: 0
  Operators: 

Step 380: initial
  Value: 6.162409e-03
  NRCI: 0.999997000000
  Net refinements: 0
  Composition depth: 0
  Operators: 

Step 381: initial
  Value: 5.823153e-03
  NRCI: 0.999997000000
  Net refinements: 0
  Composition depth: 0
  Operators: 

Step 382: initial
  Value: 5.500851e-03
  NRCI: 0.999997000000
  Net refinements: 0
  Composition depth: 0
  Operators: 

Step 383: initial
  Value: 5.194760e-03
  NRCI: 0.999997000000
  Net refinements: 0
  Composition depth: 0
  Operators: 

Step 384: initial
  Value: 4.904164e-03
  NRCI: 0.999997000000
  Net refinements: 0
  Composition depth: 0
  Operators: 

Step 385: initial
  Value: 4.628374e-03
  NRCI: 0.999997000000
  Net refinements: 0
  Composition depth: 0
  Operators: 

Step 386: initial
  Value: 4.366725e-03
  NRCI: 0.999997000000
  Net refinements: 0
  Composition depth: 0
  Operators: 

Step 387: initial
  Value: 4.118578e-03
  NRCI: 0.999997000000
  Net refinements: 0
  Composition depth: 0
  Operators: 

Step 388: initial
  Value: 3.883314e-03
  NRCI: 0.999997000000
  Net refinements: 0
  Composition depth: 0
  Operators: 

Step 389: initial
  Value: 3.660343e-03
  NRCI: 0.999997000000
  Net refinements: 0
  Composition depth: 0
  Operators: 

Step 390: initial
  Value: 3.449094e-03
  NRCI: 0.999997000000
  Net refinements: 0
  Composition depth: 0
  Operators: 

Step 391: initial
  Value: 3.249018e-03
  NRCI: 0.999997000000
  Net refinements: 0
  Composition depth: 0
  Operators: 

Step 392: initial
  Value: 3.059590e-03
  NRCI: 0.999997000000
  Net refinements: 0
  Composition depth: 0
  Operators: 

Step 393: initial
  Value: 2.880303e-03
  NRCI: 0.999997000000
  Net refinements: 0
  Composition depth: 0
  Operators: 

Step 394: initial
  Value: 2.710673e-03
  NRCI: 0.999997000000
  Net refinements: 0
  Composition depth: 0
  Operators: 

Step 395: initial
  Value: 2.550234e-03
  NRCI: 0.999997000000
  Net refinements: 0
  Composition depth: 0
  Operators: 

Step 396: initial
  Value: 2.398540e-03
  NRCI: 0.999997000000
  Net refinements: 0
  Composition depth: 0
  Operators: 

Step 397: initial
  Value: 2.255162e-03
  NRCI: 0.999997000000
  Net refinements: 0
  Composition depth: 0
  Operators: 

Step 398: initial
  Value: 2.119691e-03
  NRCI: 0.999997000000
  Net refinements: 0
  Composition depth: 0
  Operators: 

Step 399: initial
  Value: 1.991733e-03
  NRCI: 0.999997000000
  Net refinements: 0
  Composition depth: 0
  Operators: 

Step 400: initial
  Value: 1.870914e-03
  NRCI: 0.999997000000
  Net refinements: 0
  Composition depth: 0
  Operators: 

Step 401: initial
  Value: 1.756873e-03
  NRCI: 0.999997000000
  Net refinements: 0
  Composition depth: 0
  Operators: 

Step 402: initial
  Value: 1.649267e-03
  NRCI: 0.999997000000
  Net refinements: 0
  Composition depth: 0
  Operators: 

Step 403: initial
  Value: 1.547766e-03
  NRCI: 0.999997000000
  Net refinements: 0
  Composition depth: 0
  Operators: 

Step 404: initial
  Value: 1.452057e-03
  NRCI: 0.999997000000
  Net refinements: 0
  Composition depth: 0
  Operators: 

Step 405: initial
  Value: 1.361840e-03
  NRCI: 0.999997000000
  Net refinements: 0
  Composition depth: 0
  Operators: 

Step 406: initial
  Value: 1.276828e-03
  NRCI: 0.999997000000
  Net refinements: 0
  Composition depth: 0
  Operators: 

Step 407: initial
  Value: 1.196748e-03
  NRCI: 0.999997000000
  Net refinements: 0
  Composition depth: 0
  Operators: 

Step 408: initial
  Value: 1.121338e-03
  NRCI: 0.999997000000
  Net refinements: 0
  Composition depth: 0
  Operators: 

Step 409: initial
  Value: 1.050352e-03
  NRCI: 0.999997000000
  Net refinements: 0
  Composition depth: 0
  Operators: 

Step 410: initial
  Value: 9.835510e-04
  NRCI: 0.999997000000
  Net refinements: 0
  Composition depth: 0
  Operators: 

Step 411: initial
  Value: 9.207101e-04
  NRCI: 0.999997000000
  Net refinements: 0
  Composition depth: 0
  Operators: 

Step 412: initial
  Value: 8.616142e-04
  NRCI: 0.999997000000
  Net refinements: 0
  Composition depth: 0
  Operators: 

Step 413: initial
  Value: 8.060588e-04
  NRCI: 0.999997000000
  Net refinements: 0
  Composition depth: 0
  Operators: 

Step 414: initial
  Value: 7.538493e-04
  NRCI: 0.999997000000
  Net refinements: 0
  Composition depth: 0
  Operators: 

Step 415: initial
  Value: 7.048007e-04
  NRCI: 0.999997000000
  Net refinements: 0
  Composition depth: 0
  Operators: 

Step 416: initial
  Value: 6.587369e-04
  NRCI: 0.999997000000
  Net refinements: 0
  Composition depth: 0
  Operators: 

Step 417: initial
  Value: 6.154910e-04
  NRCI: 0.999997000000
  Net refinements: 0
  Composition depth: 0
  Operators: 

Step 418: initial
  Value: 5.749039e-04
  NRCI: 0.999997000000
  Net refinements: 0
  Composition depth: 0
  Operators: 

Step 419: initial
  Value: 5.368251e-04
  NRCI: 0.999997000000
  Net refinements: 0
  Composition depth: 0
  Operators: 

Step 420: initial
  Value: 5.011114e-04
  NRCI: 0.999997000000
  Net refinements: 0
  Composition depth: 0
  Operators: 

Step 421: initial
  Value: 4.676272e-04
  NRCI: 0.999997000000
  Net refinements: 0
  Composition depth: 0
  Operators: 

Step 422: initial
  Value: 4.362436e-04
  NRCI: 0.999997000000
  Net refinements: 0
  Composition depth: 0
  Operators: 

Step 423: initial
  Value: 4.068388e-04
  NRCI: 0.999997000000
  Net refinements: 0
  Composition depth: 0
  Operators: 

Step 424: initial
  Value: 3.792972e-04
  NRCI: 0.999997000000
  Net refinements: 0
  Composition depth: 0
  Operators: 

Step 425: initial
  Value: 3.535093e-04
  NRCI: 0.999997000000
  Net refinements: 0
  Composition depth: 0
  Operators: 

Step 426: initial
  Value: 3.293715e-04
  NRCI: 0.999997000000
  Net refinements: 0
  Composition depth: 0
  Operators: 

Step 427: initial
  Value: 3.067857e-04
  NRCI: 0.999997000000
  Net refinements: 0
  Composition depth: 0
  Operators: 

Step 428: initial
  Value: 2.856591e-04
  NRCI: 0.999997000000
  Net refinements: 0
  Composition depth: 0
  Operators: 

Step 429: initial
  Value: 2.659041e-04
  NRCI: 0.999997000000
  Net refinements: 0
  Composition depth: 0
  Operators: 

Step 430: initial
  Value: 2.474378e-04
  NRCI: 0.999997000000
  Net refinements: 0
  Composition depth: 0
  Operators: 

Step 431: initial
  Value: 2.301817e-04
  NRCI: 0.999997000000
  Net refinements: 0
  Composition depth: 0
  Operators: 

Step 432: initial
  Value: 2.140620e-04
  NRCI: 0.999997000000
  Net refinements: 0
  Composition depth: 0
  Operators: 

Step 433: initial
  Value: 1.990089e-04
  NRCI: 0.999997000000
  Net refinements: 0
  Composition depth: 0
  Operators: 

Step 434: initial
  Value: 1.849563e-04
  NRCI: 0.999997000000
  Net refinements: 0
  Composition depth: 0
  Operators: 

Step 435: initial
  Value: 1.718422e-04
  NRCI: 0.999997000000
  Net refinements: 0
  Composition depth: 0
  Operators: 

Step 436: initial
  Value: 1.596079e-04
  NRCI: 0.999997000000
  Net refinements: 0
  Composition depth: 0
  Operators: 

Step 437: initial
  Value: 1.481982e-04
  NRCI: 0.999997000000
  Net refinements: 0
  Composition depth: 0
  Operators: 

Step 438: initial
  Value: 1.375610e-04
  NRCI: 0.999997000000
  Net refinements: 0
  Composition depth: 0
  Operators: 

Step 439: initial
  Value: 1.276473e-04
  NRCI: 0.999997000000
  Net refinements: 0
  Composition depth: 0
  Operators: 

Step 440: initial
  Value: 1.184110e-04
  NRCI: 0.999997000000
  Net refinements: 0
  Composition depth: 0
  Operators: 

Step 441: initial
  Value: 1.098086e-04
  NRCI: 0.999997000000
  Net refinements: 0
  Composition depth: 0
  Operators: 

Step 442: initial
  Value: 1.017992e-04
  NRCI: 0.999997000000
  Net refinements: 0
  Composition depth: 0
  Operators: 

Step 443: initial
  Value: 9.434453e-05
  NRCI: 0.999997000000
  Net refinements: 0
  Composition depth: 0
  Operators: 

Step 444: initial
  Value: 8.740833e-05
  NRCI: 0.999997000000
  Net refinements: 0
  Composition depth: 0
  Operators: 

Step 445: initial
  Value: 8.095672e-05
  NRCI: 0.999997000000
  Net refinements: 0
  Composition depth: 0
  Operators: 

Step 446: initial
  Value: 7.495781e-05
  NRCI: 0.999997000000
  Net refinements: 0
  Composition depth: 0
  Operators: 

Step 447: initial
  Value: 6.938168e-05
  NRCI: 0.999997000000
  Net refinements: 0
  Composition depth: 0
  Operators: 

Step 448: initial
  Value: 6.420025e-05
  NRCI: 0.999997000000
  Net refinements: 0
  Composition depth: 0
  Operators: 

Step 449: initial
  Value: 5.938716e-05
  NRCI: 0.999997000000
  Net refinements: 0
  Composition depth: 0
  Operators: 

Step 450: initial
  Value: 5.491770e-05
  NRCI: 0.999997000000
  Net refinements: 0
  Composition depth: 0
  Operators: 

Step 451: initial
  Value: 5.076870e-05
  NRCI: 0.999997000000
  Net refinements: 0
  Composition depth: 0
  Operators: 

Step 452: initial
  Value: 4.691846e-05
  NRCI: 0.999997000000
  Net refinements: 0
  Composition depth: 0
  Operators: 

Step 453: initial
  Value: 4.334663e-05
  NRCI: 0.999997000000
  Net refinements: 0
  Composition depth: 0
  Operators: 

Step 454: initial
  Value: 4.003417e-05
  NRCI: 0.999997000000
  Net refinements: 0
  Composition depth: 0
  Operators: 

Step 455: initial
  Value: 3.696327e-05
  NRCI: 0.999997000000
  Net refinements: 0
  Composition depth: 0
  Operators: 

Step 456: initial
  Value: 3.411723e-05
  NRCI: 0.999997000000
  Net refinements: 0
  Composition depth: 0
  Operators: 

Step 457: initial
  Value: 3.148047e-05
  NRCI: 0.999997000000
  Net refinements: 0
  Composition depth: 0
  Operators: 

Step 458: initial
  Value: 2.903839e-05
  NRCI: 0.999997000000
  Net refinements: 0
  Composition depth: 0
  Operators: 

Step 459: initial
  Value: 2.677736e-05
  NRCI: 0.999997000000
  Net refinements: 0
  Composition depth: 0
  Operators: 

Step 460: initial
  Value: 2.468465e-05
  NRCI: 0.999997000000
  Net refinements: 0
  Composition depth: 0
  Operators: 

Step 461: initial
  Value: 2.274836e-05
  NRCI: 0.999997000000
  Net refinements: 0
  Composition depth: 0
  Operators: 

Step 462: initial
  Value: 2.095739e-05
  NRCI: 0.999997000000
  Net refinements: 0
  Composition depth: 0
  Operators: 

Step 463: initial
  Value: 1.930137e-05
  NRCI: 0.999997000000
  Net refinements: 0
  Composition depth: 0
  Operators: 

Step 464: initial
  Value: 1.777065e-05
  NRCI: 0.999997000000
  Net refinements: 0
  Composition depth: 0
  Operators: 

Step 465: initial
  Value: 1.635619e-05
  NRCI: 0.999997000000
  Net refinements: 0
  Composition depth: 0
  Operators: 

Step 466: initial
  Value: 1.504960e-05
  NRCI: 0.999997000000
  Net refinements: 0
  Composition depth: 0
  Operators: 

Step 467: initial
  Value: 1.384305e-05
  NRCI: 0.999997000000
  Net refinements: 0
  Composition depth: 0
  Operators: 

Step 468: initial
  Value: 1.272924e-05
  NRCI: 0.999997000000
  Net refinements: 0
  Composition depth: 0
  Operators: 

Step 469: initial
  Value: 1.170138e-05
  NRCI: 0.999997000000
  Net refinements: 0
  Composition depth: 0
  Operators: 

Step 470: initial
  Value: 1.075315e-05
  NRCI: 0.999997000000
  Net refinements: 0
  Composition depth: 0
  Operators: 

Step 471: initial
  Value: 9.878670e-06
  NRCI: 0.999997000000
  Net refinements: 0
  Composition depth: 0
  Operators: 

Step 472: initial
  Value: 9.072458e-06
  NRCI: 0.999997000000
  Net refinements: 0
  Composition depth: 0
  Operators: 

Step 473: initial
  Value: 8.329433e-06
  NRCI: 0.999997000000
  Net refinements: 0
  Composition depth: 0
  Operators: 

Step 474: initial
  Value: 7.644866e-06
  NRCI: 0.999997000000
  Net refinements: 0
  Composition depth: 0
  Operators: 

Step 475: initial
  Value: 7.014363e-06
  NRCI: 0.999997000000
  Net refinements: 0
  Composition depth: 0
  Operators: 

Step 476: initial
  Value: 6.433844e-06
  NRCI: 0.999997000000
  Net refinements: 0
  Composition depth: 0
  Operators: 

Step 477: initial
  Value: 5.899521e-06
  NRCI: 0.999997000000
  Net refinements: 0
  Composition depth: 0
  Operators: 

Step 478: initial
  Value: 5.407878e-06
  NRCI: 0.999997000000
  Net refinements: 0
  Composition depth: 0
  Operators: 

Step 479: initial
  Value: 4.955655e-06
  NRCI: 0.999997000000
  Net refinements: 0
  Composition depth: 0
  Operators: 

Step 480: initial
  Value: 4.539825e-06
  NRCI: 0.999997000000
  Net refinements: 0
  Composition depth: 0
  Operators: 

Step 481: initial
  Value: 4.157585e-06
  NRCI: 0.999997000000
  Net refinements: 0
  Composition depth: 0
  Operators: 

Step 482: initial
  Value: 3.806336e-06
  NRCI: 0.999997000000
  Net refinements: 0
  Composition depth: 0
  Operators: 

Step 483: initial
  Value: 3.483670e-06
  NRCI: 0.999997000000
  Net refinements: 0
  Composition depth: 0
  Operators: 

Step 484: initial
  Value: 3.187358e-06
  NRCI: 0.999997000000
  Net refinements: 0
  Composition depth: 0
  Operators: 

Step 485: initial
  Value: 2.915336e-06
  NRCI: 0.999997000000
  Net refinements: 0
  Composition depth: 0
  Operators: 

Step 486: initial
  Value: 2.665694e-06
  NRCI: 0.999997000000
  Net refinements: 0
  Composition depth: 0
  Operators: 

Step 487: initial
  Value: 2.436666e-06
  NRCI: 0.999997000000
  Net refinements: 0
  Composition depth: 0
  Operators: 

Step 488: initial
  Value: 2.226617e-06
  NRCI: 0.999997000000
  Net refinements: 0
  Composition depth: 0
  Operators: 

Step 489: initial
  Value: 2.034038e-06
  NRCI: 0.999997000000
  Net refinements: 0
  Composition depth: 0
  Operators: 

Step 490: initial
  Value: 1.857533e-06
  NRCI: 0.999997000000
  Net refinements: 0
  Composition depth: 0
  Operators: 

Step 491: initial
  Value: 1.695813e-06
  NRCI: 0.999997000000
  Net refinements: 0
  Composition depth: 0
  Operators: 

Step 492: initial
  Value: 1.547688e-06
  NRCI: 0.999997000000
  Net refinements: 0
  Composition depth: 0
  Operators: 

Step 493: initial
  Value: 1.412059e-06
  NRCI: 0.999997000000
  Net refinements: 0
  Composition depth: 0
  Operators: 

Step 494: initial
  Value: 1.287912e-06
  NRCI: 0.999997000000
  Net refinements: 0
  Composition depth: 0
  Operators: 

Step 495: initial
  Value: 1.174311e-06
  NRCI: 0.999997000000
  Net refinements: 0
  Composition depth: 0
  Operators: 

Step 496: initial
  Value: 1.070396e-06
  NRCI: 0.999997000000
  Net refinements: 0
  Composition depth: 0
  Operators: 

Step 497: initial
  Value: 9.753703e-07
  NRCI: 0.999997000000
  Net refinements: 0
  Composition depth: 0
  Operators: 

Step 498: initial
  Value: 8.885023e-07
  NRCI: 0.999997000000
  Net refinements: 0
  Composition depth: 0
  Operators: 

Step 499: initial
  Value: 8.091174e-07
  NRCI: 0.999997000000
  Net refinements: 0
  Composition depth: 0
  Operators: 

Step 500: initial
  Value: 7.365945e-07
  NRCI: 0.999997000000
  Net refinements: 0
  Composition depth: 0
  Operators: 

Step 501: initial
  Value: 6.703619e-07
  NRCI: 0.999997000000
  Net refinements: 0
  Composition depth: 0
  Operators: 

Step 502: initial
  Value: 6.098937e-07
  NRCI: 0.999997000000
  Net refinements: 0
  Composition depth: 0
  Operators: 

Step 503: initial
  Value: 5.547061e-07
  NRCI: 0.999997000000
  Net refinements: 0
  Composition depth: 0
  Operators: 

Step 504: initial
  Value: 5.043542e-07
  NRCI: 0.999997000000
  Net refinements: 0
  Composition depth: 0
  Operators: 

Step 505: initial
  Value: 4.584292e-07
  NRCI: 0.999997000000
  Net refinements: 0
  Composition depth: 0
  Operators: 

Step 506: initial
  Value: 4.165555e-07
  NRCI: 0.999997000000
  Net refinements: 0
  Composition depth: 0
  Operators: 

Step 507: initial
  Value: 3.783880e-07
  NRCI: 0.999997000000
  Net refinements: 0
  Composition depth: 0
  Operators: 

Step 508: initial
  Value: 3.436100e-07
  NRCI: 0.999997000000
  Net refinements: 0
  Composition depth: 0
  Operators: 

Step 509: initial
  Value: 3.119308e-07
  NRCI: 0.999997000000
  Net refinements: 0
  Composition depth: 0
  Operators: 

Step 510: initial
  Value: 2.830835e-07
  NRCI: 0.999997000000
  Net refinements: 0
  Composition depth: 0
  Operators: 

Step 511: initial
  Value: 2.568236e-07
  NRCI: 0.999997000000
  Net refinements: 0
  Composition depth: 0
  Operators: 

Step 512: initial
  Value: 2.329266e-07
  NRCI: 0.999997000000
  Net refinements: 0
  Composition depth: 0
  Operators: 

Step 513: initial
  Value: 2.111871e-07
  NRCI: 0.999997000000
  Net refinements: 0
  Composition depth: 0
  Operators: 

Step 514: initial
  Value: 1.914166e-07
  NRCI: 0.999997000000
  Net refinements: 0
  Composition depth: 0
  Operators: 

Step 515: initial
  Value: 1.734425e-07
  NRCI: 0.999997000000
  Net refinements: 0
  Composition depth: 0
  Operators: 

Step 516: initial
  Value: 1.571070e-07
  NRCI: 0.999997000000
  Net refinements: 0
  Composition depth: 0
  Operators: 

Step 517: initial
  Value: 1.422655e-07
  NRCI: 0.999997000000
  Net refinements: 0
  Composition depth: 0
  Operators: 

Step 518: initial
  Value: 1.287856e-07
  NRCI: 0.999997000000
  Net refinements: 0
  Composition depth: 0
  Operators: 

Step 519: initial
  Value: 1.165465e-07
  NRCI: 0.999997000000
  Net refinements: 0
  Composition depth: 0
  Operators: 

Step 520: initial
  Value: 1.054375e-07
  NRCI: 0.999997000000
  Net refinements: 0
  Composition depth: 0
  Operators: 

Step 521: initial
  Value: 9.535749e-08
  NRCI: 0.999997000000
  Net refinements: 0
  Composition depth: 0
  Operators: 

Step 522: initial
  Value: 8.621414e-08
  NRCI: 0.999997000000
  Net refinements: 0
  Composition depth: 0
  Operators: 

Step 523: initial
  Value: 7.792308e-08
  NRCI: 0.999997000000
  Net refinements: 0
  Composition depth: 0
  Operators: 

Step 524: initial
  Value: 7.040730e-08
  NRCI: 0.999997000000
  Net refinements: 0
  Composition depth: 0
  Operators: 

Step 525: initial
  Value: 6.359649e-08
  NRCI: 0.999997000000
  Net refinements: 0
  Composition depth: 0
  Operators: 

Step 526: initial
  Value: 5.742653e-08
  NRCI: 0.999997000000
  Net refinements: 0
  Composition depth: 0
  Operators: 

Step 527: initial
  Value: 5.183893e-08
  NRCI: 0.999997000000
  Net refinements: 0
  Composition depth: 0
  Operators: 

Step 528: initial
  Value: 4.678034e-08
  NRCI: 0.999997000000
  Net refinements: 0
  Composition depth: 0
  Operators: 

Step 529: initial
  Value: 4.220215e-08
  NRCI: 0.999997000000
  Net refinements: 0
  Composition depth: 0
  Operators: 

Step 530: initial
  Value: 3.806009e-08
  NRCI: 0.999997000000
  Net refinements: 0
  Composition depth: 0
  Operators: 

Step 531: initial
  Value: 3.431381e-08
  NRCI: 0.999997000000
  Net refinements: 0
  Composition depth: 0
  Operators: 

Step 532: initial
  Value: 3.092659e-08
  NRCI: 0.999997000000
  Net refinements: 0
  Composition depth: 0
  Operators: 

Step 533: initial
  Value: 2.786501e-08
  NRCI: 0.999997000000
  Net refinements: 0
  Composition depth: 0
  Operators: 

Step 534: initial
  Value: 2.509864e-08
  NRCI: 0.999997000000
  Net refinements: 0
  Composition depth: 0
  Operators: 

Step 535: initial
  Value: 2.259982e-08
  NRCI: 0.999997000000
  Net refinements: 0
  Composition depth: 0
  Operators: 

Step 536: initial
  Value: 2.034342e-08
  NRCI: 0.999997000000
  Net refinements: 0
  Composition depth: 0
  Operators: 

Step 537: initial
  Value: 1.830656e-08
  NRCI: 0.999997000000
  Net refinements: 0
  Composition depth: 0
  Operators: 

Step 538: initial
  Value: 1.646848e-08
  NRCI: 0.999997000000
  Net refinements: 0
  Composition depth: 0
  Operators: 

Step 539: initial
  Value: 1.481031e-08
  NRCI: 0.999997000000
  Net refinements: 0
  Composition depth: 0
  Operators: 

Step 540: initial
  Value: 1.331493e-08
  NRCI: 0.999997000000
  Net refinements: 0
  Composition depth: 0
  Operators: 

Step 541: initial
  Value: 1.196678e-08
  NRCI: 0.999997000000
  Net refinements: 0
  Composition depth: 0
  Operators: 

Step 542: initial
  Value: 1.075177e-08
  NRCI: 0.999997000000
  Net refinements: 0
  Composition depth: 0
  Operators: 

Step 543: initial
  Value: 9.657095e-09
  NRCI: 0.999997000000
  Net refinements: 0
  Composition depth: 0
  Operators: 

Step 544: initial
  Value: 8.671154e-09
  NRCI: 0.999997000000
  Net refinements: 0
  Composition depth: 0
  Operators: 

Step 545: initial
  Value: 7.783435e-09
  NRCI: 0.999997000000
  Net refinements: 0
  Composition depth: 0
  Operators: 

Step 546: initial
  Value: 6.984408e-09
  NRCI: 0.999997000000
  Net refinements: 0
  Composition depth: 0
  Operators: 

Step 547: initial
  Value: 6.265444e-09
  NRCI: 0.999997000000
  Net refinements: 0
  Composition depth: 0
  Operators: 

Step 548: initial
  Value: 5.618728e-09
  NRCI: 0.999997000000
  Net refinements: 0
  Composition depth: 0
  Operators: 

Step 549: initial
  Value: 5.037188e-09
  NRCI: 0.999997000000
  Net refinements: 0
  Composition depth: 0
  Operators: 

Step 550: initial
  Value: 4.514423e-09
  NRCI: 0.999997000000
  Net refinements: 0
  Composition depth: 0
  Operators: 

Step 551: initial
  Value: 4.044644e-09
  NRCI: 0.999997000000
  Net refinements: 0
  Composition depth: 0
  Operators: 

Step 552: initial
  Value: 3.622615e-09
  NRCI: 0.999997000000
  Net refinements: 0
  Composition depth: 0
  Operators: 

Step 553: initial
  Value: 3.243606e-09
  NRCI: 0.999997000000
  Net refinements: 0
  Composition depth: 0
  Operators: 

Step 554: initial
  Value: 2.903341e-09
  NRCI: 0.999997000000
  Net refinements: 0
  Composition depth: 0
  Operators: 

Step 555: initial
  Value: 2.597956e-09
  NRCI: 0.999997000000
  Net refinements: 0
  Composition depth: 0
  Operators: 

Step 556: initial
  Value: 2.323965e-09
  NRCI: 0.999997000000
  Net refinements: 0
  Composition depth: 0
  Operators: 

Step 557: initial
  Value: 2.078219e-09
  NRCI: 0.999997000000
  Net refinements: 0
  Composition depth: 0
  Operators: 

Step 558: initial
  Value: 1.857876e-09
  NRCI: 0.999997000000
  Net refinements: 0
  Composition depth: 0
  Operators: 

Step 559: initial
  Value: 1.660376e-09
  NRCI: 0.999997000000
  Net refinements: 0
  Composition depth: 0
  Operators: 

Step 560: initial
  Value: 1.483406e-09
  NRCI: 0.999997000000
  Net refinements: 0
  Composition depth: 0
  Operators: 

Step 561: initial
  Value: 1.324883e-09
  NRCI: 0.999997000000
  Net refinements: 0
  Composition depth: 0
  Operators: 

Step 562: initial
  Value: 1.182929e-09
  NRCI: 0.999997000000
  Net refinements: 0
  Composition depth: 0
  Operators: 

Step 563: initial
  Value: 1.055855e-09
  NRCI: 0.999997000000
  Net refinements: 0
  Composition depth: 0
  Operators: 

Step 564: initial
  Value: 9.421355e-10
  NRCI: 0.999997000000
  Net refinements: 0
  Composition depth: 0
  Operators: 

Step 565: initial
  Value: 8.404011e-10
  NRCI: 0.999997000000
  Net refinements: 0
  Composition depth: 0
  Operators: 

Step 566: initial
  Value: 7.494174e-10
  NRCI: 0.999997000000
  Net refinements: 0
  Composition depth: 0
  Operators: 

Step 567: initial
  Value: 6.680745e-10
  NRCI: 0.999997000000
  Net refinements: 0
  Composition depth: 0
  Operators: 

Step 568: initial
  Value: 5.953741e-10
  NRCI: 0.999997000000
  Net refinements: 0
  Composition depth: 0
  Operators: 

Step 569: initial
  Value: 5.304188e-10
  NRCI: 0.999997000000
  Net refinements: 0
  Composition depth: 0
  Operators: 

Step 570: initial
  Value: 4.724022e-10
  NRCI: 0.999997000000
  Net refinements: 0
  Composition depth: 0
  Operators: 

Step 571: initial
  Value: 4.205995e-10
  NRCI: 0.999997000000
  Net refinements: 0
  Composition depth: 0
  Operators: 

Step 572: initial
  Value: 3.743601e-10
  NRCI: 0.999997000000
  Net refinements: 0
  Composition depth: 0
  Operators: 

Step 573: initial
  Value: 3.330998e-10
  NRCI: 0.999997000000
  Net refinements: 0
  Composition depth: 0
  Operators: 

Step 574: initial
  Value: 2.962941e-10
  NRCI: 0.999997000000
  Net refinements: 0
  Composition depth: 0
  Operators: 

Step 575: initial
  Value: 2.634728e-10
  NRCI: 0.999997000000
  Net refinements: 0
  Composition depth: 0
  Operators: 

Step 576: initial
  Value: 2.342137e-10
  NRCI: 0.999997000000
  Net refinements: 0
  Composition depth: 0
  Operators: 

Step 577: initial
  Value: 2.081387e-10
  NRCI: 0.999997000000
  Net refinements: 0
  Composition depth: 0
  Operators: 

Step 578: initial
  Value: 1.849087e-10
  NRCI: 0.999997000000
  Net refinements: 0
  Composition depth: 0
  Operators: 

Step 579: initial
  Value: 1.642199e-10
  NRCI: 0.999997000000
  Net refinements: 0
  Composition depth: 0
  Operators: 

Step 580: initial
  Value: 1.458002e-10
  NRCI: 0.999997000000
  Net refinements: 0
  Composition depth: 0
  Operators: 

Step 581: initial
  Value: 1.294060e-10
  NRCI: 0.999997000000
  Net refinements: 0
  Composition depth: 0
  Operators: 

Step 582: initial
  Value: 1.148193e-10
  NRCI: 0.999997000000
  Net refinements: 0
  Composition depth: 0
  Operators: 

Step 583: initial
  Value: 1.018448e-10
  NRCI: 0.999997000000
  Net refinements: 0
  Composition depth: 0
  Operators: 

Step 584: initial
  Value: 9.030818e-11
  NRCI: 0.999997000000
  Net refinements: 0
  Composition depth: 0
  Operators: 

Step 585: initial
  Value: 8.005329e-11
  NRCI: 0.999997000000
  Net refinements: 0
  Composition depth: 0
  Operators: 

Step 586: initial
  Value: 7.094065e-11
  NRCI: 0.999997000000
  Net refinements: 0
  Composition depth: 0
  Operators: 

Step 587: initial
  Value: 6.284564e-11
  NRCI: 0.999997000000
  Net refinements: 0
  Composition depth: 0
  Operators: 

Step 588: initial
  Value: 5.565691e-11
  NRCI: 0.999997000000
  Net refinements: 0
  Composition depth: 0
  Operators: 

Step 589: initial
  Value: 4.927503e-11
  NRCI: 0.999997000000
  Net refinements: 0
  Composition depth: 0
  Operators: 

Step 590: initial
  Value: 4.361127e-11
  NRCI: 0.999997000000
  Net refinements: 0
  Composition depth: 0
  Operators: 

Step 591: initial
  Value: 3.858642e-11
  NRCI: 0.999997000000
  Net refinements: 0
  Composition depth: 0
  Operators: 

Step 592: initial
  Value: 3.412983e-11
  NRCI: 0.999997000000
  Net refinements: 0
  Composition depth: 0
  Operators: 

Step 593: initial
  Value: 3.017851e-11
  NRCI: 0.999997000000
  Net refinements: 0
  Composition depth: 0
  Operators: 

Step 594: initial
  Value: 2.667629e-11
  NRCI: 0.999997000000
  Net refinements: 0
  Composition depth: 0
  Operators: 

Step 595: initial
  Value: 2.357311e-11
  NRCI: 0.999997000000
  Net refinements: 0
  Composition depth: 0
  Operators: 

Step 596: initial
  Value: 2.082439e-11
  NRCI: 0.999997000000
  Net refinements: 0
  Composition depth: 0
  Operators: 

Step 597: initial
  Value: 1.839042e-11
  NRCI: 0.999997000000
  Net refinements: 0
  Composition depth: 0
  Operators: 

Step 598: initial
  Value: 1.623585e-11
  NRCI: 0.999997000000
  Net refinements: 0
  Composition depth: 0
  Operators: 

Step 599: initial
  Value: 1.432921e-11
  NRCI: 0.999997000000
  Net refinements: 0
  Composition depth: 0
  Operators: 

Step 600: initial
  Value: 1.264252e-11
  NRCI: 0.999997000000
  Net refinements: 0
  Composition depth: 0
  Operators: 

Step 601: initial
  Value: 1.115087e-11
  NRCI: 0.999997000000
  Net refinements: 0
  Composition depth: 0
  Operators: 

Step 602: initial
  Value: 9.832137e-12
  NRCI: 0.999997000000
  Net refinements: 0
  Composition depth: 0
  Operators: 

Step 603: initial
  Value: 8.666644e-12
  NRCI: 0.999997000000
  Net refinements: 0
  Composition depth: 0
  Operators: 

Step 604: initial
  Value: 7.636915e-12
  NRCI: 0.999997000000
  Net refinements: 0
  Composition depth: 0
  Operators: 

Step 605: initial
  Value: 6.727426e-12
  NRCI: 0.999997000000
  Net refinements: 0
  Composition depth: 0
  Operators: 

Step 606: initial
  Value: 5.924392e-12
  NRCI: 0.999997000000
  Net refinements: 0
  Composition depth: 0
  Operators: 

Step 607: initial
  Value: 5.215580e-12
  NRCI: 0.999997000000
  Net refinements: 0
  Composition depth: 0
  Operators: 

Step 608: initial
  Value: 4.590135e-12
  NRCI: 0.999997000000
  Net refinements: 0
  Composition depth: 0
  Operators: 

Step 609: initial
  Value: 4.038426e-12
  NRCI: 0.999997000000
  Net refinements: 0
  Composition depth: 0
  Operators: 

Step 610: initial
  Value: 3.551917e-12
  NRCI: 0.999997000000
  Net refinements: 0
  Composition depth: 0
  Operators: 

Step 611: initial
  Value: 3.123039e-12
  NRCI: 0.999997000000
  Net refinements: 0
  Composition depth: 0
  Operators: 

Step 612: initial
  Value: 2.745086e-12
  NRCI: 0.999997000000
  Net refinements: 0
  Composition depth: 0
  Operators: 

Step 613: initial
  Value: 2.412117e-12
  NRCI: 0.999997000000
  Net refinements: 0
  Composition depth: 0
  Operators: 

Step 614: initial
  Value: 2.118873e-12
  NRCI: 0.999997000000
  Net refinements: 0
  Composition depth: 0
  Operators: 

Step 615: initial
  Value: 1.860695e-12
  NRCI: 0.999997000000
  Net refinements: 0
  Composition depth: 0
  Operators: 

Step 616: initial
  Value: 1.633464e-12
  NRCI: 0.999997000000
  Net refinements: 0
  Composition depth: 0
  Operators: 

Step 617: initial
  Value: 1.433534e-12
  NRCI: 0.999997000000
  Net refinements: 0
  Composition depth: 0
  Operators: 

Step 618: initial
  Value: 1.257680e-12
  NRCI: 0.999997000000
  Net refinements: 0
  Composition depth: 0
  Operators: 

Step 619: initial
  Value: 1.103053e-12
  NRCI: 0.999997000000
  Net refinements: 0
  Composition depth: 0
  Operators: 

Step 620: initial
  Value: 9.671332e-13
  NRCI: 0.999997000000
  Net refinements: 0
  Composition depth: 0
  Operators: 

Step 621: initial
  Value: 8.476964e-13
  NRCI: 0.999997000000
  Net refinements: 0
  Composition depth: 0
  Operators: 

Step 622: initial
  Value: 7.427768e-13
  NRCI: 0.999997000000
  Net refinements: 0
  Composition depth: 0
  Operators: 

Step 623: initial
  Value: 6.506392e-13
  NRCI: 0.999997000000
  Net refinements: 0
  Composition depth: 0
  Operators: 

Step 624: initial
  Value: 5.697523e-13
  NRCI: 0.999997000000
  Net refinements: 0
  Composition depth: 0
  Operators: 

Step 625: initial
  Value: 4.987649e-13
  NRCI: 0.999997000000
  Net refinements: 0
  Composition depth: 0
  Operators: 

Step 626: initial
  Value: 4.364853e-13
  NRCI: 0.999997000000
  Net refinements: 0
  Composition depth: 0
  Operators: 

Step 627: initial
  Value: 3.818628e-13
  NRCI: 0.999997000000
  Net refinements: 0
  Composition depth: 0
  Operators: 

Step 628: initial
  Value: 3.339712e-13
  NRCI: 0.999997000000
  Net refinements: 0
  Composition depth: 0
  Operators: 

Step 629: initial
  Value: 2.919944e-13
  NRCI: 0.999997000000
  Net refinements: 0
  Composition depth: 0
  Operators: 

Step 630: initial
  Value: 2.552138e-13
  NRCI: 0.999997000000
  Net refinements: 0
  Composition depth: 0
  Operators: 

Step 631: initial
  Value: 2.229963e-13
  NRCI: 0.999997000000
  Net refinements: 0
  Composition depth: 0
  Operators: 

Step 632: initial
  Value: 1.947848e-13
  NRCI: 0.999997000000
  Net refinements: 0
  Composition depth: 0
  Operators: 

Step 633: initial
  Value: 1.700890e-13
  NRCI: 0.999997000000
  Net refinements: 0
  Composition depth: 0
  Operators: 

Step 634: initial
  Value: 1.484778e-13
  NRCI: 0.999997000000
  Net refinements: 0
  Composition depth: 0
  Operators: 

Step 635: initial
  Value: 1.295719e-13
  NRCI: 0.999997000000
  Net refinements: 0
  Composition depth: 0
  Operators: 

Step 636: initial
  Value: 1.130379e-13
  NRCI: 0.999997000000
  Net refinements: 0
  Composition depth: 0
  Operators: 

Step 637: initial
  Value: 9.858280e-14
  NRCI: 0.999997000000
  Net refinements: 0
  Composition depth: 0
  Operators: 

Step 638: initial
  Value: 8.594928e-14
  NRCI: 0.999997000000
  Net refinements: 0
  Composition depth: 0
  Operators: 

Step 639: initial
  Value: 7.491129e-14
  NRCI: 0.999997000000
  Net refinements: 0
  Composition depth: 0
  Operators: 

Step 640: initial
  Value: 6.527039e-14
  NRCI: 0.999997000000
  Net refinements: 0
  Composition depth: 0
  Operators: 

Step 641: initial
  Value: 5.685244e-14
  NRCI: 0.999997000000
  Net refinements: 0
  Composition depth: 0
  Operators: 

Step 642: initial
  Value: 4.950464e-14
  NRCI: 0.999997000000
  Net refinements: 0
  Composition depth: 0
  Operators: 

Step 643: initial
  Value: 4.309300e-14
  NRCI: 0.999997000000
  Net refinements: 0
  Composition depth: 0
  Operators: 

Step 644: initial
  Value: 3.750002e-14
  NRCI: 0.999997000000
  Net refinements: 0
  Composition depth: 0
  Operators: 

Step 645: initial
  Value: 3.262272e-14
  NRCI: 0.999997000000
  Net refinements: 0
  Composition depth: 0
  Operators: 

Step 646: initial
  Value: 2.837087e-14
  NRCI: 0.999997000000
  Net refinements: 0
  Composition depth: 0
  Operators: 

Step 647: initial
  Value: 2.466546e-14
  NRCI: 0.999997000000
  Net refinements: 0
  Composition depth: 0
  Operators: 

Step 648: initial
  Value: 2.143728e-14
  NRCI: 0.999997000000
  Net refinements: 0
  Composition depth: 0
  Operators: 

Step 649: initial
  Value: 1.862577e-14
  NRCI: 0.999997000000
  Net refinements: 0
  Composition depth: 0
  Operators: 

Step 650: initial
  Value: 1.617792e-14
  NRCI: 0.999997000000
  Net refinements: 0
  Composition depth: 0
  Operators: 

Step 651: initial
  Value: 1.404737e-14
  NRCI: 0.999997000000
  Net refinements: 0
  Composition depth: 0
  Operators: 

Step 652: initial
  Value: 1.219358e-14
  NRCI: 0.999997000000
  Net refinements: 0
  Composition depth: 0
  Operators: 

Step 653: initial
  Value: 1.058111e-14
  NRCI: 0.999997000000
  Net refinements: 0
  Composition depth: 0
  Operators: 

Step 654: initial
  Value: 9.179004e-15
  NRCI: 0.999997000000
  Net refinements: 0
  Composition depth: 0
  Operators: 

Step 655: initial
  Value: 7.960194e-15
  NRCI: 0.999997000000
  Net refinements: 0
  Composition depth: 0
  Operators: 

Step 656: initial
  Value: 6.901059e-15
  NRCI: 0.999997000000
  Net refinements: 0
  Composition depth: 0
  Operators: 

Step 657: initial
  Value: 5.980971e-15
  NRCI: 0.999997000000
  Net refinements: 0
  Composition depth: 0
  Operators: 

Step 658: initial
  Value: 5.181931e-15
  NRCI: 0.999997000000
  Net refinements: 0
  Composition depth: 0
  Operators: 

Step 659: initial
  Value: 4.488234e-15
  NRCI: 0.999997000000
  Net refinements: 0
  Composition depth: 0
  Operators: 

Step 660: initial
  Value: 3.886184e-15
  NRCI: 0.999997000000
  Net refinements: 0
  Composition depth: 0
  Operators: 

Step 661: initial
  Value: 3.363838e-15
  NRCI: 0.999997000000
  Net refinements: 0
  Composition depth: 0
  Operators: 

Step 662: initial
  Value: 2.910789e-15
  NRCI: 0.999997000000
  Net refinements: 0
  Composition depth: 0
  Operators: 

Step 663: initial
  Value: 2.517969e-15
  NRCI: 0.999997000000
  Net refinements: 0
  Composition depth: 0
  Operators: 

Step 664: initial
  Value: 2.177479e-15
  NRCI: 0.999997000000
  Net refinements: 0
  Composition depth: 0
  Operators: 

Step 665: initial
  Value: 1.882442e-15
  NRCI: 0.999997000000
  Net refinements: 0
  Composition depth: 0
  Operators: 

Step 666: initial
  Value: 1.626871e-15
  NRCI: 0.999997000000
  Net refinements: 0
  Composition depth: 0
  Operators: 

Step 667: initial
  Value: 1.405557e-15
  NRCI: 0.999997000000
  Net refinements: 0
  Composition depth: 0
  Operators: 

Step 668: initial
  Value: 1.213970e-15
  NRCI: 0.999997000000
  Net refinements: 0
  Composition depth: 0
  Operators: 

Step 669: initial
  Value: 1.048168e-15
  NRCI: 0.999997000000
  Net refinements: 0
  Composition depth: 0
  Operators: 

Step 670: initial
  Value: 9.047286e-16
  NRCI: 0.999997000000
  Net refinements: 0
  Composition depth: 0
  Operators: 

Step 671: initial
  Value: 7.806736e-16
  NRCI: 0.999997000000
  Net refinements: 0
  Composition depth: 0
  Operators: 

Step 672: initial
  Value: 6.734179e-16
  NRCI: 0.999997000000
  Net refinements: 0
  Composition depth: 0
  Operators: 

Step 673: initial
  Value: 5.807159e-16
  NRCI: 0.999997000000
  Net refinements: 0
  Composition depth: 0
  Operators: 

Step 674: initial
  Value: 5.006183e-16
  NRCI: 0.999997000000
  Net refinements: 0
  Composition depth: 0
  Operators: 

Step 675: initial
  Value: 4.314333e-16
  NRCI: 0.999997000000
  Net refinements: 0
  Composition depth: 0
  Operators: 

Step 676: initial
  Value: 3.716932e-16
  NRCI: 0.999997000000
  Net refinements: 0
  Composition depth: 0
  Operators: 

Step 677: initial
  Value: 3.201249e-16
  NRCI: 0.999997000000
  Net refinements: 0
  Composition depth: 0
  Operators: 

Step 678: initial
  Value: 2.756248e-16
  NRCI: 0.999997000000
  Net refinements: 0
  Composition depth: 0
  Operators: 

Step 679: initial
  Value: 2.372362e-16
  NRCI: 0.999997000000
  Net refinements: 0
  Composition depth: 0
  Operators: 

Step 680: initial
  Value: 2.041304e-16
  NRCI: 0.999997000000
  Net refinements: 0
  Composition depth: 0
  Operators: 

Step 681: initial
  Value: 1.755894e-16
  NRCI: 0.999997000000
  Net refinements: 0
  Composition depth: 0
  Operators: 

Step 682: initial
  Value: 1.509916e-16
  NRCI: 0.999997000000
  Net refinements: 0
  Composition depth: 0
  Operators: 

Step 683: initial
  Value: 1.297990e-16
  NRCI: 0.999997000000
  Net refinements: 0
  Composition depth: 0
  Operators: 

Step 684: initial
  Value: 1.115459e-16
  NRCI: 0.999997000000
  Net refinements: 0
  Composition depth: 0
  Operators: 

Step 685: initial
  Value: 9.582971e-17
  NRCI: 0.999997000000
  Net refinements: 0
  Composition depth: 0
  Operators: 

Step 686: initial
  Value: 8.230202e-17
  NRCI: 0.999997000000
  Net refinements: 0
  Composition depth: 0
  Operators: 

Step 687: initial
  Value: 7.066181e-17
  NRCI: 0.999997000000
  Net refinements: 0
  Composition depth: 0
  Operators: 

Step 688: initial
  Value: 6.064891e-17
  NRCI: 0.999997000000
  Net refinements: 0
  Composition depth: 0
  Operators: 

Step 689: initial
  Value: 5.203855e-17
  NRCI: 0.999997000000
  Net refinements: 0
  Composition depth: 0
  Operators: 

Step 690: initial
  Value: 4.463662e-17
  NRCI: 0.999997000000
  Net refinements: 0
  Composition depth: 0
  Operators: 

Step 691: initial
  Value: 3.827554e-17
  NRCI: 0.999997000000
  Net refinements: 0
  Composition depth: 0
  Operators: 

Step 692: initial
  Value: 3.281069e-17
  NRCI: 0.999997000000
  Net refinements: 0
  Composition depth: 0
  Operators: 

Step 693: initial
  Value: 2.811728e-17
  NRCI: 0.999997000000
  Net refinements: 0
  Composition depth: 0
  Operators: 

Step 694: initial
  Value: 2.408769e-17
  NRCI: 0.999997000000
  Net refinements: 0
  Composition depth: 0
  Operators: 

Step 695: initial
  Value: 2.062913e-17
  NRCI: 0.999997000000
  Net refinements: 0
  Composition depth: 0
  Operators: 

Step 696: initial
  Value: 1.766163e-17
  NRCI: 0.999997000000
  Net refinements: 0
  Composition depth: 0
  Operators: 

Step 697: initial
  Value: 1.511626e-17
  NRCI: 0.999997000000
  Net refinements: 0
  Composition depth: 0
  Operators: 

Step 698: initial
  Value: 1.293368e-17
  NRCI: 0.999997000000
  Net refinements: 0
  Composition depth: 0
  Operators: 

Step 699: initial
  Value: 1.106276e-17
  NRCI: 0.999997000000
  Net refinements: 0
  Composition depth: 0
  Operators: 

Step 700: initial
  Value: 9.459522e-18
  NRCI: 0.999997000000
  Net refinements: 0
  Composition depth: 0
  Operators: 

Step 701: initial
  Value: 8.086092e-18
  NRCI: 0.999997000000
  Net refinements: 0
  Composition depth: 0
  Operators: 

Step 702: initial
  Value: 6.909905e-18
  NRCI: 0.999997000000
  Net refinements: 0
  Composition depth: 0
  Operators: 

Step 703: initial
  Value: 5.902955e-18
  NRCI: 0.999997000000
  Net refinements: 0
  Composition depth: 0
  Operators: 

Step 704: initial
  Value: 5.041163e-18
  NRCI: 0.999997000000
  Net refinements: 0
  Composition depth: 0
  Operators: 

Step 705: initial
  Value: 4.303839e-18
  NRCI: 0.999997000000
  Net refinements: 0
  Composition depth: 0
  Operators: 

Step 706: initial
  Value: 3.673206e-18
  NRCI: 0.999997000000
  Net refinements: 0
  Composition depth: 0
  Operators: 

Step 707: initial
  Value: 3.133995e-18
  NRCI: 0.999997000000
  Net refinements: 0
  Composition depth: 0
  Operators: 

Step 708: initial
  Value: 2.673101e-18
  NRCI: 0.999997000000
  Net refinements: 0
  Composition depth: 0
  Operators: 

Step 709: initial
  Value: 2.279274e-18
  NRCI: 0.999997000000
  Net refinements: 0
  Composition depth: 0
  Operators: 

Step 710: initial
  Value: 1.942860e-18
  NRCI: 0.999997000000
  Net refinements: 0
  Composition depth: 0
  Operators: 

Step 711: initial
  Value: 1.655581e-18
  NRCI: 0.999997000000
  Net refinements: 0
  Composition depth: 0
  Operators: 

Step 712: initial
  Value: 1.410338e-18
  NRCI: 0.999997000000
  Net refinements: 0
  Composition depth: 0
  Operators: 

Step 713: initial
  Value: 1.201047e-18
  NRCI: 0.999997000000
  Net refinements: 0
  Composition depth: 0
  Operators: 

Step 714: initial
  Value: 1.022494e-18
  NRCI: 0.999997000000
  Net refinements: 0
  Composition depth: 0
  Operators: 

Step 715: initial
  Value: 8.702127e-19
  NRCI: 0.999997000000
  Net refinements: 0
  Composition depth: 0
  Operators: 

Step 716: initial
  Value: 7.403789e-19
  NRCI: 0.999997000000
  Net refinements: 0
  Composition depth: 0
  Operators: 

Step 717: initial
  Value: 6.297187e-19
  NRCI: 0.999997000000
  Net refinements: 0
  Composition depth: 0
  Operators: 

Step 718: initial
  Value: 5.354305e-19
  NRCI: 0.999997000000
  Net refinements: 0
  Composition depth: 0
  Operators: 

Step 719: initial
  Value: 4.551175e-19
  NRCI: 0.999997000000
  Net refinements: 0
  Composition depth: 0
  Operators: 

Step 720: initial
  Value: 3.867301e-19
  NRCI: 0.999997000000
  Net refinements: 0
  Composition depth: 0
  Operators: 

Step 721: initial
  Value: 3.285158e-19
  NRCI: 0.999997000000
  Net refinements: 0
  Composition depth: 0
  Operators: 

Step 722: initial
  Value: 2.789771e-19
  NRCI: 0.999997000000
  Net refinements: 0
  Composition depth: 0
  Operators: 

Step 723: initial
  Value: 2.368344e-19
  NRCI: 0.999997000000
  Net refinements: 0
  Composition depth: 0
  Operators: 

Step 724: initial
  Value: 2.009949e-19
  NRCI: 0.999997000000
  Net refinements: 0
  Composition depth: 0
  Operators: 

Step 725: initial
  Value: 1.705254e-19
  NRCI: 0.999997000000
  Net refinements: 0
  Composition depth: 0
  Operators: 

Step 726: initial
  Value: 1.446296e-19
  NRCI: 0.999997000000
  Net refinements: 0
  Composition depth: 0
  Operators: 

Step 727: initial
  Value: 1.226279e-19
  NRCI: 0.999997000000
  Net refinements: 0
  Composition depth: 0
  Operators: 

Step 728: initial
  Value: 1.039406e-19
  NRCI: 0.999997000000
  Net refinements: 0
  Composition depth: 0
  Operators: 

Step 729: initial
  Value: 8.807345e-20
  NRCI: 0.999997000000
  Net refinements: 0
  Composition depth: 0
  Operators: 

Step 730: initial
  Value: 7.460515e-20
  NRCI: 0.999997000000
  Net refinements: 0
  Composition depth: 0
  Operators: 

Step 731: initial
  Value: 6.317665e-20
  NRCI: 0.999997000000
  Net refinements: 0
  Composition depth: 0
  Operators: 

Step 732: initial
  Value: 5.348208e-20
  NRCI: 0.999997000000
  Net refinements: 0
  Composition depth: 0
  Operators: 

Step 733: initial
  Value: 4.526098e-20
  NRCI: 0.999997000000
  Net refinements: 0
  Composition depth: 0
  Operators: 

Step 734: initial
  Value: 3.829160e-20
  NRCI: 0.999997000000
  Net refinements: 0
  Composition depth: 0
  Operators: 

Step 735: initial
  Value: 3.238524e-20
  NRCI: 0.999997000000
  Net refinements: 0
  Composition depth: 0
  Operators: 

Step 736: initial
  Value: 2.738133e-20
  NRCI: 0.999997000000
  Net refinements: 0
  Composition depth: 0
  Operators: 

Step 737: initial
  Value: 2.314334e-20
  NRCI: 0.999997000000
  Net refinements: 0
  Composition depth: 0
  Operators: 

Step 738: initial
  Value: 1.955516e-20
  NRCI: 0.999997000000
  Net refinements: 0
  Composition depth: 0
  Operators: 

Step 739: initial
  Value: 1.651812e-20
  NRCI: 0.999997000000
  Net refinements: 0
  Composition depth: 0
  Operators: 

Step 740: initial
  Value: 1.394839e-20
  NRCI: 0.999997000000
  Net refinements: 0
  Composition depth: 0
  Operators: 

Step 741: initial
  Value: 1.177474e-20
  NRCI: 0.999997000000
  Net refinements: 0
  Composition depth: 0
  Operators: 

Step 742: initial
  Value: 9.936703e-21
  NRCI: 0.999997000000
  Net refinements: 0
  Composition depth: 0
  Operators: 

Step 743: initial
  Value: 8.382960e-21
  NRCI: 0.999997000000
  Net refinements: 0
  Composition depth: 0
  Operators: 

Step 744: initial
  Value: 7.069951e-21
  NRCI: 0.999997000000
  Net refinements: 0
  Composition depth: 0
  Operators: 

Step 745: initial
  Value: 5.960729e-21
  NRCI: 0.999997000000
  Net refinements: 0
  Composition depth: 0
  Operators: 

Step 746: initial
  Value: 5.023962e-21
  NRCI: 0.999997000000
  Net refinements: 0
  Composition depth: 0
  Operators: 

Step 747: initial
  Value: 4.233087e-21
  NRCI: 0.999997000000
  Net refinements: 0
  Composition depth: 0
  Operators: 

Step 748: initial
  Value: 3.565595e-21
  NRCI: 0.999997000000
  Net refinements: 0
  Composition depth: 0
  Operators: 

Step 749: initial
  Value: 3.002415e-21
  NRCI: 0.999997000000
  Net refinements: 0
  Composition depth: 0
  Operators: 

Step 750: initial
  Value: 2.527397e-21
  NRCI: 0.999997000000
  Net refinements: 0
  Composition depth: 0
  Operators: 

Step 751: initial
  Value: 2.126866e-21
  NRCI: 0.999997000000
  Net refinements: 0
  Composition depth: 0
  Operators: 

Step 752: initial
  Value: 1.789248e-21
  NRCI: 0.999997000000
  Net refinements: 0
  Composition depth: 0
  Operators: 

Step 753: initial
  Value: 1.504753e-21
  NRCI: 0.999997000000
  Net refinements: 0
  Composition depth: 0
  Operators: 

Step 754: initial
  Value: 1.265096e-21
  NRCI: 0.999997000000
  Net refinements: 0
  Composition depth: 0
  Operators: 

Step 755: initial
  Value: 1.063276e-21
  NRCI: 0.999997000000
  Net refinements: 0
  Composition depth: 0
  Operators: 

Step 756: initial
  Value: 8.933720e-22
  NRCI: 0.999997000000
  Net refinements: 0
  Composition depth: 0
  Operators: 

Step 757: initial
  Value: 7.503824e-22
  NRCI: 0.999997000000
  Net refinements: 0
  Composition depth: 0
  Operators: 

Step 758: initial
  Value: 6.300817e-22
  NRCI: 0.999997000000
  Net refinements: 0
  Composition depth: 0
  Operators: 

Step 759: initial
  Value: 5.289018e-22
  NRCI: 0.999997000000
  Net refinements: 0
  Composition depth: 0
  Operators: 

Step 760: initial
  Value: 4.438305e-22
  NRCI: 0.999997000000
  Net refinements: 0
  Composition depth: 0
  Operators: 

Step 761: initial
  Value: 3.723259e-22
  NRCI: 0.999997000000
  Net refinements: 0
  Composition depth: 0
  Operators: 

Step 762: initial
  Value: 3.122434e-22
  NRCI: 0.999997000000
  Net refinements: 0
  Composition depth: 0
  Operators: 

Step 763: initial
  Value: 2.617744e-22
  NRCI: 0.999997000000
  Net refinements: 0
  Composition depth: 0
  Operators: 

Step 764: initial
  Value: 2.193942e-22
  NRCI: 0.999997000000
  Net refinements: 0
  Composition depth: 0
  Operators: 

Step 765: initial
  Value: 1.838175e-22
  NRCI: 0.999997000000
  Net refinements: 0
  Composition depth: 0
  Operators: 

Step 766: initial
  Value: 1.539617e-22
  NRCI: 0.999997000000
  Net refinements: 0
  Composition depth: 0
  Operators: 

Step 767: initial
  Value: 1.289147e-22
  NRCI: 0.999997000000
  Net refinements: 0
  Composition depth: 0
  Operators: 

Step 768: initial
  Value: 1.079086e-22
  NRCI: 0.999997000000
  Net refinements: 0
  Composition depth: 0
  Operators: 

Step 769: initial
  Value: 9.029707e-23
  NRCI: 0.999997000000
  Net refinements: 0
  Composition depth: 0
  Operators: 

Step 770: initial
  Value: 7.553622e-23
  NRCI: 0.999997000000
  Net refinements: 0
  Composition depth: 0
  Operators: 

Step 771: initial
  Value: 6.316852e-23
  NRCI: 0.999997000000
  Net refinements: 0
  Composition depth: 0
  Operators: 

Step 772: initial
  Value: 5.280927e-23
  NRCI: 0.999997000000
  Net refinements: 0
  Composition depth: 0
  Operators: 

Step 773: initial
  Value: 4.413504e-23
  NRCI: 0.999997000000
  Net refinements: 0
  Composition depth: 0
  Operators: 

Step 774: initial
  Value: 3.687405e-23
  NRCI: 0.999997000000
  Net refinements: 0
  Composition depth: 0
  Operators: 

Step 775: initial
  Value: 3.079797e-23
  NRCI: 0.999997000000
  Net refinements: 0
  Composition depth: 0
  Operators: 

Step 776: initial
  Value: 2.571505e-23
  NRCI: 0.999997000000
  Net refinements: 0
  Composition depth: 0
  Operators: 

Step 777: initial
  Value: 2.146429e-23
  NRCI: 0.999997000000
  Net refinements: 0
  Composition depth: 0
  Operators: 

Step 778: initial
  Value: 1.791058e-23
  NRCI: 0.999997000000
  Net refinements: 0
  Composition depth: 0
  Operators: 

Step 779: initial
  Value: 1.494055e-23
  NRCI: 0.999997000000
  Net refinements: 0
  Composition depth: 0
  Operators: 

Step 780: initial
  Value: 1.245913e-23
  NRCI: 0.999997000000
  Net refinements: 0
  Composition depth: 0
  Operators: 

Step 781: initial
  Value: 1.038658e-23
  NRCI: 0.999997000000
  Net refinements: 0
  Composition depth: 0
  Operators: 

Step 782: initial
  Value: 8.656082e-24
  NRCI: 0.999997000000
  Net refinements: 0
  Composition depth: 0
  Operators: 

Step 783: initial
  Value: 7.211643e-24
  NRCI: 0.999997000000
  Net refinements: 0
  Composition depth: 0
  Operators: 

Step 784: initial
  Value: 6.006354e-24
  NRCI: 0.999997000000
  Net refinements: 0
  Composition depth: 0
  Operators: 

Step 785: initial
  Value: 5.000940e-24
  NRCI: 0.999997000000
  Net refinements: 0
  Composition depth: 0
  Operators: 

Step 786: initial
  Value: 4.162519e-24
  NRCI: 0.999997000000
  Net refinements: 0
  Composition depth: 0
  Operators: 

Step 787: initial
  Value: 3.463577e-24
  NRCI: 0.999997000000
  Net refinements: 0
  Composition depth: 0
  Operators: 

Step 788: initial
  Value: 2.881094e-24
  NRCI: 0.999997000000
  Net refinements: 0
  Composition depth: 0
  Operators: 

Step 789: initial
  Value: 2.395818e-24
  NRCI: 0.999997000000
  Net refinements: 0
  Composition depth: 0
  Operators: 

Step 790: initial
  Value: 1.991656e-24
  NRCI: 0.999997000000
  Net refinements: 0
  Composition depth: 0
  Operators: 

Step 791: initial
  Value: 1.655155e-24
  NRCI: 0.999997000000
  Net refinements: 0
  Composition depth: 0
  Operators: 

Step 792: initial
  Value: 1.375077e-24
  NRCI: 0.999997000000
  Net refinements: 0
  Composition depth: 0
  Operators: 

Step 793: initial
  Value: 1.142034e-24
  NRCI: 0.999997000000
  Net refinements: 0
  Composition depth: 0
  Operators: 

Step 794: initial
  Value: 9.481899e-25
  NRCI: 0.999997000000
  Net refinements: 0
  Composition depth: 0
  Operators: 

Step 795: initial
  Value: 7.870013e-25
  NRCI: 0.999997000000
  Net refinements: 0
  Composition depth: 0
  Operators: 

Step 796: initial
  Value: 6.530095e-25
  NRCI: 0.999997000000
  Net refinements: 0
  Composition depth: 0
  Operators: 

Step 797: initial
  Value: 5.416610e-25
  NRCI: 0.999997000000
  Net refinements: 0
  Composition depth: 0
  Operators: 

Step 798: initial
  Value: 4.491584e-25
  NRCI: 0.999997000000
  Net refinements: 0
  Composition depth: 0
  Operators: 

Step 799: initial
  Value: 3.723363e-25
  NRCI: 0.999997000000
  Net refinements: 0
  Composition depth: 0
  Operators: 

Step 800: step_0
  Value: 8.760361e-05
  NRCI: 0.999997000000
  Net refinements: 0
  Composition depth: 2
  Operators: ⊗Y → ⊗Y⁻¹

Step 801: step_0
  Value: 1.027760e-04
  NRCI: 0.999997000000
  Net refinements: 0
  Composition depth: 2
  Operators: ⊗Y → ⊗Y⁻¹

Step 802: step_0
  Value: 1.093612e-04
  NRCI: 0.999997000000
  Net refinements: 0
  Composition depth: 2
  Operators: ⊗Y → ⊗Y⁻¹

Step 803: step_0
  Value: 1.163319e-04
  NRCI: 0.999997000000
  Net refinements: 0
  Composition depth: 2
  Operators: ⊗Y → ⊗Y⁻¹

Step 804: step_0
  Value: 1.237082e-04
  NRCI: 0.999997000000
  Net refinements: 0
  Composition depth: 2
  Operators: ⊗Y → ⊗Y⁻¹

Step 805: step_0
  Value: 1.315109e-04
  NRCI: 0.999997000000
  Net refinements: 0
  Composition depth: 2
  Operators: ⊗Y → ⊗Y⁻¹

Step 806: step_0
  Value: 1.397621e-04
  NRCI: 0.999997000000
  Net refinements: 0
  Composition depth: 2
  Operators: ⊗Y → ⊗Y⁻¹

Step 807: step_0
  Value: 1.484844e-04
  NRCI: 0.999997000000
  Net refinements: 0
  Composition depth: 2
  Operators: ⊗Y → ⊗Y⁻¹

Step 808: step_0
  Value: 1.577016e-04
  NRCI: 0.999997000000
  Net refinements: 0
  Composition depth: 2
  Operators: ⊗Y → ⊗Y⁻¹

Step 809: step_0
  Value: 1.674385e-04
  NRCI: 0.999997000000
  Net refinements: 0
  Composition depth: 2
  Operators: ⊗Y → ⊗Y⁻¹

Step 810: step_0
  Value: 1.777209e-04
  NRCI: 0.999997000000
  Net refinements: 0
  Composition depth: 2
  Operators: ⊗Y → ⊗Y⁻¹

Step 811: step_0
  Value: 1.885757e-04
  NRCI: 0.999997000000
  Net refinements: 0
  Composition depth: 2
  Operators: ⊗Y → ⊗Y⁻¹

Step 812: step_0
  Value: 2.000308e-04
  NRCI: 0.999997000000
  Net refinements: 0
  Composition depth: 2
  Operators: ⊗Y → ⊗Y⁻¹

Step 813: step_0
  Value: 2.121153e-04
  NRCI: 0.999997000000
  Net refinements: 0
  Composition depth: 2
  Operators: ⊗Y → ⊗Y⁻¹

Step 814: step_0
  Value: 2.248594e-04
  NRCI: 0.999997000000
  Net refinements: 0
  Composition depth: 2
  Operators: ⊗Y → ⊗Y⁻¹

Step 815: step_0
  Value: 2.382945e-04
  NRCI: 0.999997000000
  Net refinements: 0
  Composition depth: 2
  Operators: ⊗Y → ⊗Y⁻¹

Step 816: step_0
  Value: 2.524532e-04
  NRCI: 0.999997000000
  Net refinements: 0
  Composition depth: 2
  Operators: ⊗Y → ⊗Y⁻¹

Step 817: step_0
  Value: 2.673695e-04
  NRCI: 0.999997000000
  Net refinements: 0
  Composition depth: 2
  Operators: ⊗Y → ⊗Y⁻¹

Step 818: step_0
  Value: 2.830784e-04
  NRCI: 0.999997000000
  Net refinements: 0
  Composition depth: 2
  Operators: ⊗Y → ⊗Y⁻¹

Step 819: step_0
  Value: 2.996163e-04
  NRCI: 0.999997000000
  Net refinements: 0
  Composition depth: 2
  Operators: ⊗Y → ⊗Y⁻¹

Step 820: step_0
  Value: 3.170211e-04
  NRCI: 0.999997000000
  Net refinements: 0
  Composition depth: 2
  Operators: ⊗Y → ⊗Y⁻¹

Step 821: step_0
  Value: 3.353319e-04
  NRCI: 0.999997000000
  Net refinements: 0
  Composition depth: 2
  Operators: ⊗Y → ⊗Y⁻¹

Step 822: step_0
  Value: 3.545893e-04
  NRCI: 0.999997000000
  Net refinements: 0
  Composition depth: 2
  Operators: ⊗Y → ⊗Y⁻¹

Step 823: step_0
  Value: 3.748350e-04
  NRCI: 0.999997000000
  Net refinements: 0
  Composition depth: 2
  Operators: ⊗Y → ⊗Y⁻¹

Step 824: step_0
  Value: 3.961127e-04
  NRCI: 0.999997000000
  Net refinements: 0
  Composition depth: 2
  Operators: ⊗Y → ⊗Y⁻¹

Step 825: step_0
  Value: 4.184670e-04
  NRCI: 0.999997000000
  Net refinements: 0
  Composition depth: 2
  Operators: ⊗Y → ⊗Y⁻¹

Step 826: step_0
  Value: 4.419445e-04
  NRCI: 0.999997000000
  Net refinements: 0
  Composition depth: 2
  Operators: ⊗Y → ⊗Y⁻¹

Step 827: step_0
  Value: 4.665929e-04
  NRCI: 0.999997000000
  Net refinements: 0
  Composition depth: 2
  Operators: ⊗Y → ⊗Y⁻¹

Step 828: step_0
  Value: 4.924617e-04
  NRCI: 0.999997000000
  Net refinements: 0
  Composition depth: 2
  Operators: ⊗Y → ⊗Y⁻¹

Step 829: step_0
  Value: 5.196019e-04
  NRCI: 0.999997000000
  Net refinements: 0
  Composition depth: 2
  Operators: ⊗Y → ⊗Y⁻¹

Step 830: step_0
  Value: 5.480662e-04
  NRCI: 0.999997000000
  Net refinements: 0
  Composition depth: 2
  Operators: ⊗Y → ⊗Y⁻¹

Step 831: step_0
  Value: 5.779087e-04
  NRCI: 0.999997000000
  Net refinements: 0
  Composition depth: 2
  Operators: ⊗Y → ⊗Y⁻¹

Step 832: step_0
  Value: 6.091853e-04
  NRCI: 0.999997000000
  Net refinements: 0
  Composition depth: 2
  Operators: ⊗Y → ⊗Y⁻¹

Step 833: step_0
  Value: 6.419534e-04
  NRCI: 0.999997000000
  Net refinements: 0
  Composition depth: 2
  Operators: ⊗Y → ⊗Y⁻¹

Step 834: step_0
  Value: 6.762723e-04
  NRCI: 0.999997000000
  Net refinements: 0
  Composition depth: 2
  Operators: ⊗Y → ⊗Y⁻¹

Step 835: step_0
  Value: 7.122027e-04
  NRCI: 0.999997000000
  Net refinements: 0
  Composition depth: 2
  Operators: ⊗Y → ⊗Y⁻¹

Step 836: step_0
  Value: 7.498072e-04
  NRCI: 0.999997000000
  Net refinements: 0
  Composition depth: 2
  Operators: ⊗Y → ⊗Y⁻¹

Step 837: step_0
  Value: 7.891499e-04
  NRCI: 0.999997000000
  Net refinements: 0
  Composition depth: 2
  Operators: ⊗Y → ⊗Y⁻¹

Step 838: step_0
  Value: 8.302969e-04
  NRCI: 0.999997000000
  Net refinements: 0
  Composition depth: 2
  Operators: ⊗Y → ⊗Y⁻¹

Step 839: step_0
  Value: 8.733156e-04
  NRCI: 0.999997000000
  Net refinements: 0
  Composition depth: 2
  Operators: ⊗Y → ⊗Y⁻¹

Step 840: step_0
  Value: 9.182755e-04
  NRCI: 0.999997000000
  Net refinements: 0
  Composition depth: 2
  Operators: ⊗Y → ⊗Y⁻¹

Step 841: step_0
  Value: 9.652476e-04
  NRCI: 0.999997000000
  Net refinements: 0
  Composition depth: 2
  Operators: ⊗Y → ⊗Y⁻¹

Step 842: step_0
  Value: 1.014305e-03
  NRCI: 0.999997000000
  Net refinements: 0
  Composition depth: 2
  Operators: ⊗Y → ⊗Y⁻¹

Step 843: step_0
  Value: 1.065521e-03
  NRCI: 0.999997000000
  Net refinements: 0
  Composition depth: 2
  Operators: ⊗Y → ⊗Y⁻¹

Step 844: step_0
  Value: 1.118973e-03
  NRCI: 0.999997000000
  Net refinements: 0
  Composition depth: 2
  Operators: ⊗Y → ⊗Y⁻¹

Step 845: step_0
  Value: 1.174738e-03
  NRCI: 0.999997000000
  Net refinements: 0
  Composition depth: 2
  Operators: ⊗Y → ⊗Y⁻¹

Step 846: step_0
  Value: 1.232897e-03
  NRCI: 0.999997000000
  Net refinements: 0
  Composition depth: 2
  Operators: ⊗Y → ⊗Y⁻¹

Step 847: step_0
  Value: 1.293529e-03
  NRCI: 0.999997000000
  Net refinements: 0
  Composition depth: 2
  Operators: ⊗Y → ⊗Y⁻¹

Step 848: step_0
  Value: 1.356718e-03
  NRCI: 0.999997000000
  Net refinements: 0
  Composition depth: 2
  Operators: ⊗Y → ⊗Y⁻¹

Step 849: step_0
  Value: 1.422548e-03
  NRCI: 0.999997000000
  Net refinements: 0
  Composition depth: 2
  Operators: ⊗Y → ⊗Y⁻¹

Step 850: step_0
  Value: 1.491105e-03
  NRCI: 0.999997000000
  Net refinements: 0
  Composition depth: 2
  Operators: ⊗Y → ⊗Y⁻¹

Step 851: step_0
  Value: 1.562476e-03
  NRCI: 0.999997000000
  Net refinements: 0
  Composition depth: 2
  Operators: ⊗Y → ⊗Y⁻¹

Step 852: step_0
  Value: 1.636751e-03
  NRCI: 0.999997000000
  Net refinements: 0
  Composition depth: 2
  Operators: ⊗Y → ⊗Y⁻¹

Step 853: step_0
  Value: 1.714019e-03
  NRCI: 0.999997000000
  Net refinements: 0
  Composition depth: 2
  Operators: ⊗Y → ⊗Y⁻¹

Step 854: step_0
  Value: 1.794373e-03
  NRCI: 0.999997000000
  Net refinements: 0
  Composition depth: 2
  Operators: ⊗Y → ⊗Y⁻¹

Step 855: step_0
  Value: 1.877906e-03
  NRCI: 0.999997000000
  Net refinements: 0
  Composition depth: 2
  Operators: ⊗Y → ⊗Y⁻¹

Step 856: step_0
  Value: 1.964712e-03
  NRCI: 0.999997000000
  Net refinements: 0
  Composition depth: 2
  Operators: ⊗Y → ⊗Y⁻¹

Step 857: step_0
  Value: 2.054886e-03
  NRCI: 0.999997000000
  Net refinements: 0
  Composition depth: 2
  Operators: ⊗Y → ⊗Y⁻¹

Step 858: step_0
  Value: 2.148526e-03
  NRCI: 0.999997000000
  Net refinements: 0
  Composition depth: 2
  Operators: ⊗Y → ⊗Y⁻¹

Step 859: step_0
  Value: 2.245730e-03
  NRCI: 0.999997000000
  Net refinements: 0
  Composition depth: 2
  Operators: ⊗Y → ⊗Y⁻¹

Step 860: step_0
  Value: 2.346596e-03
  NRCI: 0.999997000000
  Net refinements: 0
  Composition depth: 2
  Operators: ⊗Y → ⊗Y⁻¹

Step 861: step_0
  Value: 2.451225e-03
  NRCI: 0.999997000000
  Net refinements: 0
  Composition depth: 2
  Operators: ⊗Y → ⊗Y⁻¹

Step 862: step_0
  Value: 2.559716e-03
  NRCI: 0.999997000000
  Net refinements: 0
  Composition depth: 2
  Operators: ⊗Y → ⊗Y⁻¹

Step 863: step_0
  Value: 2.672172e-03
  NRCI: 0.999997000000
  Net refinements: 0
  Composition depth: 2
  Operators: ⊗Y → ⊗Y⁻¹

Step 864: step_0
  Value: 2.788696e-03
  NRCI: 0.999997000000
  Net refinements: 0
  Composition depth: 2
  Operators: ⊗Y → ⊗Y⁻¹

Step 865: step_0
  Value: 2.909388e-03
  NRCI: 0.999997000000
  Net refinements: 0
  Composition depth: 2
  Operators: ⊗Y → ⊗Y⁻¹

Step 866: step_0
  Value: 3.034354e-03
  NRCI: 0.999997000000
  Net refinements: 0
  Composition depth: 2
  Operators: ⊗Y → ⊗Y⁻¹

Step 867: step_0
  Value: 3.163695e-03
  NRCI: 0.999997000000
  Net refinements: 0
  Composition depth: 2
  Operators: ⊗Y → ⊗Y⁻¹

Step 868: step_0
  Value: 3.297517e-03
  NRCI: 0.999997000000
  Net refinements: 0
  Composition depth: 2
  Operators: ⊗Y → ⊗Y⁻¹

Step 869: step_0
  Value: 3.435923e-03
  NRCI: 0.999997000000
  Net refinements: 0
  Composition depth: 2
  Operators: ⊗Y → ⊗Y⁻¹

Step 870: step_0
  Value: 3.579017e-03
  NRCI: 0.999997000000
  Net refinements: 0
  Composition depth: 2
  Operators: ⊗Y → ⊗Y⁻¹

Step 871: step_0
  Value: 3.726903e-03
  NRCI: 0.999997000000
  Net refinements: 0
  Composition depth: 2
  Operators: ⊗Y → ⊗Y⁻¹

Step 872: step_0
  Value: 3.879683e-03
  NRCI: 0.999997000000
  Net refinements: 0
  Composition depth: 2
  Operators: ⊗Y → ⊗Y⁻¹

Step 873: step_0
  Value: 4.037462e-03
  NRCI: 0.999997000000
  Net refinements: 0
  Composition depth: 2
  Operators: ⊗Y → ⊗Y⁻¹

Step 874: step_0
  Value: 4.200341e-03
  NRCI: 0.999997000000
  Net refinements: 0
  Composition depth: 2
  Operators: ⊗Y → ⊗Y⁻¹

Step 875: step_0
  Value: 4.368423e-03
  NRCI: 0.999997000000
  Net refinements: 0
  Composition depth: 2
  Operators: ⊗Y → ⊗Y⁻¹

Step 876: step_0
  Value: 4.541807e-03
  NRCI: 0.999997000000
  Net refinements: 0
  Composition depth: 2
  Operators: ⊗Y → ⊗Y⁻¹

Step 877: step_0
  Value: 4.720594e-03
  NRCI: 0.999997000000
  Net refinements: 0
  Composition depth: 2
  Operators: ⊗Y → ⊗Y⁻¹

Step 878: step_0
  Value: 4.904882e-03
  NRCI: 0.999997000000
  Net refinements: 0
  Composition depth: 2
  Operators: ⊗Y → ⊗Y⁻¹

Step 879: step_0
  Value: 5.094769e-03
  NRCI: 0.999997000000
  Net refinements: 0
  Composition depth: 2
  Operators: ⊗Y → ⊗Y⁻¹

Step 880: step_0
  Value: 5.290349e-03
  NRCI: 0.999997000000
  Net refinements: 0
  Composition depth: 2
  Operators: ⊗Y → ⊗Y⁻¹

Step 881: step_0
  Value: 5.491716e-03
  NRCI: 0.999997000000
  Net refinements: 0
  Composition depth: 2
  Operators: ⊗Y → ⊗Y⁻¹

Step 882: step_0
  Value: 5.698963e-03
  NRCI: 0.999997000000
  Net refinements: 0
  Composition depth: 2
  Operators: ⊗Y → ⊗Y⁻¹

Step 883: step_0
  Value: 5.912178e-03
  NRCI: 0.999997000000
  Net refinements: 0
  Composition depth: 2
  Operators: ⊗Y → ⊗Y⁻¹

Step 884: step_0
  Value: 6.131450e-03
  NRCI: 0.999997000000
  Net refinements: 0
  Composition depth: 2
  Operators: ⊗Y → ⊗Y⁻¹

Step 885: step_0
  Value: 6.356862e-03
  NRCI: 0.999997000000
  Net refinements: 0
  Composition depth: 2
  Operators: ⊗Y → ⊗Y⁻¹

Step 886: step_0
  Value: 6.588496e-03
  NRCI: 0.999997000000
  Net refinements: 0
  Composition depth: 2
  Operators: ⊗Y → ⊗Y⁻¹

Step 887: step_0
  Value: 6.826433e-03
  NRCI: 0.999997000000
  Net refinements: 0
  Composition depth: 2
  Operators: ⊗Y → ⊗Y⁻¹

Step 888: step_0
  Value: 7.070746e-03
  NRCI: 0.999997000000
  Net refinements: 0
  Composition depth: 2
  Operators: ⊗Y → ⊗Y⁻¹

Step 889: step_0
  Value: 7.321510e-03
  NRCI: 0.999997000000
  Net refinements: 0
  Composition depth: 2
  Operators: ⊗Y → ⊗Y⁻¹

Step 890: step_0
  Value: 7.578792e-03
  NRCI: 0.999997000000
  Net refinements: 0
  Composition depth: 2
  Operators: ⊗Y → ⊗Y⁻¹

Step 891: step_0
  Value: 7.842659e-03
  NRCI: 0.999997000000
  Net refinements: 0
  Composition depth: 2
  Operators: ⊗Y → ⊗Y⁻¹

Step 892: step_0
  Value: 8.113170e-03
  NRCI: 0.999997000000
  Net refinements: 0
  Composition depth: 2
  Operators: ⊗Y → ⊗Y⁻¹

Step 893: step_0
  Value: 8.390383e-03
  NRCI: 0.999997000000
  Net refinements: 0
  Composition depth: 2
  Operators: ⊗Y → ⊗Y⁻¹

Step 894: step_0
  Value: 8.674350e-03
  NRCI: 0.999997000000
  Net refinements: 0
  Composition depth: 2
  Operators: ⊗Y → ⊗Y⁻¹

Step 895: step_0
  Value: 8.965118e-03
  NRCI: 0.999997000000
  Net refinements: 0
  Composition depth: 2
  Operators: ⊗Y → ⊗Y⁻¹

Step 896: step_0
  Value: 9.262732e-03
  NRCI: 0.999997000000
  Net refinements: 0
  Composition depth: 2
  Operators: ⊗Y → ⊗Y⁻¹

Step 897: step_0
  Value: 9.567228e-03
  NRCI: 0.999997000000
  Net refinements: 0
  Composition depth: 2
  Operators: ⊗Y → ⊗Y⁻¹

Step 898: step_0
  Value: 9.878638e-03
  NRCI: 0.999997000000
  Net refinements: 0
  Composition depth: 2
  Operators: ⊗Y → ⊗Y⁻¹

Step 899: step_0
  Value: 1.019699e-02
  NRCI: 0.999997000000
  Net refinements: 0
  Composition depth: 2
  Operators: ⊗Y → ⊗Y⁻¹

Step 900: step_0
  Value: 1.052230e-02
  NRCI: 0.999997000000
  Net refinements: 0
  Composition depth: 2
  Operators: ⊗Y → ⊗Y⁻¹

Step 901: step_0
  Value: 1.085460e-02
  NRCI: 0.999997000000
  Net refinements: 0
  Composition depth: 2
  Operators: ⊗Y → ⊗Y⁻¹

Step 902: step_0
  Value: 1.119387e-02
  NRCI: 0.999997000000
  Net refinements: 0
  Composition depth: 2
  Operators: ⊗Y → ⊗Y⁻¹

Step 903: step_0
  Value: 1.154014e-02
  NRCI: 0.999997000000
  Net refinements: 0
  Composition depth: 2
  Operators: ⊗Y → ⊗Y⁻¹

Step 904: step_0
  Value: 1.189339e-02
  NRCI: 0.999997000000
  Net refinements: 0
  Composition depth: 2
  Operators: ⊗Y → ⊗Y⁻¹

Step 905: step_0
  Value: 1.225362e-02
  NRCI: 0.999997000000
  Net refinements: 0
  Composition depth: 2
  Operators: ⊗Y → ⊗Y⁻¹

Step 906: step_0
  Value: 1.262080e-02
  NRCI: 0.999997000000
  Net refinements: 0
  Composition depth: 2
  Operators: ⊗Y → ⊗Y⁻¹

Step 907: step_0
  Value: 1.299492e-02
  NRCI: 0.999997000000
  Net refinements: 0
  Composition depth: 2
  Operators: ⊗Y → ⊗Y⁻¹

Step 908: step_0
  Value: 1.337593e-02
  NRCI: 0.999997000000
  Net refinements: 0
  Composition depth: 2
  Operators: ⊗Y → ⊗Y⁻¹

Step 909: step_0
  Value: 1.376380e-02
  NRCI: 0.999997000000
  Net refinements: 0
  Composition depth: 2
  Operators: ⊗Y → ⊗Y⁻¹

Step 910: step_0
  Value: 1.415849e-02
  NRCI: 0.999997000000
  Net refinements: 0
  Composition depth: 2
  Operators: ⊗Y → ⊗Y⁻¹

Step 911: step_0
  Value: 1.455993e-02
  NRCI: 0.999997000000
  Net refinements: 0
  Composition depth: 2
  Operators: ⊗Y → ⊗Y⁻¹

Step 912: step_0
  Value: 1.496806e-02
  NRCI: 0.999997000000
  Net refinements: 0
  Composition depth: 2
  Operators: ⊗Y → ⊗Y⁻¹

Step 913: step_0
  Value: 1.538281e-02
  NRCI: 0.999997000000
  Net refinements: 0
  Composition depth: 2
  Operators: ⊗Y → ⊗Y⁻¹

Step 914: step_0
  Value: 1.580410e-02
  NRCI: 0.999997000000
  Net refinements: 0
  Composition depth: 2
  Operators: ⊗Y → ⊗Y⁻¹

Step 915: step_0
  Value: 1.623185e-02
  NRCI: 0.999997000000
  Net refinements: 0
  Composition depth: 2
  Operators: ⊗Y → ⊗Y⁻¹

Step 916: step_0
  Value: 1.666595e-02
  NRCI: 0.999997000000
  Net refinements: 0
  Composition depth: 2
  Operators: ⊗Y → ⊗Y⁻¹

Step 917: step_0
  Value: 1.710630e-02
  NRCI: 0.999997000000
  Net refinements: 0
  Composition depth: 2
  Operators: ⊗Y → ⊗Y⁻¹

Step 918: step_0
  Value: 1.755279e-02
  NRCI: 0.999997000000
  Net refinements: 0
  Composition depth: 2
  Operators: ⊗Y → ⊗Y⁻¹

Step 919: step_0
  Value: 1.800529e-02
  NRCI: 0.999997000000
  Net refinements: 0
  Composition depth: 2
  Operators: ⊗Y → ⊗Y⁻¹

Step 920: step_0
  Value: 1.846367e-02
  NRCI: 0.999997000000
  Net refinements: 0
  Composition depth: 2
  Operators: ⊗Y → ⊗Y⁻¹

Step 921: step_0
  Value: 1.892779e-02
  NRCI: 0.999997000000
  Net refinements: 0
  Composition depth: 2
  Operators: ⊗Y → ⊗Y⁻¹

Step 922: step_0
  Value: 1.939749e-02
  NRCI: 0.999997000000
  Net refinements: 0
  Composition depth: 2
  Operators: ⊗Y → ⊗Y⁻¹

Step 923: step_0
  Value: 1.987263e-02
  NRCI: 0.999997000000
  Net refinements: 0
  Composition depth: 2
  Operators: ⊗Y → ⊗Y⁻¹

Step 924: step_0
  Value: 2.035303e-02
  NRCI: 0.999997000000
  Net refinements: 0
  Composition depth: 2
  Operators: ⊗Y → ⊗Y⁻¹

Step 925: step_0
  Value: 2.083851e-02
  NRCI: 0.999997000000
  Net refinements: 0
  Composition depth: 2
  Operators: ⊗Y → ⊗Y⁻¹

Step 926: step_0
  Value: 2.132889e-02
  NRCI: 0.999997000000
  Net refinements: 0
  Composition depth: 2
  Operators: ⊗Y → ⊗Y⁻¹

Step 927: step_0
  Value: 2.182398e-02
  NRCI: 0.999997000000
  Net refinements: 0
  Composition depth: 2
  Operators: ⊗Y → ⊗Y⁻¹

Step 928: step_0
  Value: 2.232356e-02
  NRCI: 0.999997000000
  Net refinements: 0
  Composition depth: 2
  Operators: ⊗Y → ⊗Y⁻¹

Step 929: step_0
  Value: 2.282742e-02
  NRCI: 0.999997000000
  Net refinements: 0
  Composition depth: 2
  Operators: ⊗Y → ⊗Y⁻¹

Step 930: step_0
  Value: 2.333535e-02
  NRCI: 0.999997000000
  Net refinements: 0
  Composition depth: 2
  Operators: ⊗Y → ⊗Y⁻¹

Step 931: step_0
  Value: 2.384710e-02
  NRCI: 0.999997000000
  Net refinements: 0
  Composition depth: 2
  Operators: ⊗Y → ⊗Y⁻¹

Step 932: step_0
  Value: 2.436245e-02
  NRCI: 0.999997000000
  Net refinements: 0
  Composition depth: 2
  Operators: ⊗Y → ⊗Y⁻¹

Step 933: step_0
  Value: 2.488114e-02
  NRCI: 0.999997000000
  Net refinements: 0
  Composition depth: 2
  Operators: ⊗Y → ⊗Y⁻¹

Step 934: step_0
  Value: 2.540291e-02
  NRCI: 0.999997000000
  Net refinements: 0
  Composition depth: 2
  Operators: ⊗Y → ⊗Y⁻¹

Step 935: step_0
  Value: 2.592750e-02
  NRCI: 0.999997000000
  Net refinements: 0
  Composition depth: 2
  Operators: ⊗Y → ⊗Y⁻¹

Step 936: step_0
  Value: 2.645463e-02
  NRCI: 0.999997000000
  Net refinements: 0
  Composition depth: 2
  Operators: ⊗Y → ⊗Y⁻¹

Step 937: step_0
  Value: 2.698403e-02
  NRCI: 0.999997000000
  Net refinements: 0
  Composition depth: 2
  Operators: ⊗Y → ⊗Y⁻¹

Step 938: step_0
  Value: 2.751540e-02
  NRCI: 0.999997000000
  Net refinements: 0
  Composition depth: 2
  Operators: ⊗Y → ⊗Y⁻¹

Step 939: step_0
  Value: 2.804844e-02
  NRCI: 0.999997000000
  Net refinements: 0
  Composition depth: 2
  Operators: ⊗Y → ⊗Y⁻¹

Step 940: step_0
  Value: 2.858286e-02
  NRCI: 0.999997000000
  Net refinements: 0
  Composition depth: 2
  Operators: ⊗Y → ⊗Y⁻¹

Step 941: step_0
  Value: 2.911834e-02
  NRCI: 0.999997000000
  Net refinements: 0
  Composition depth: 2
  Operators: ⊗Y → ⊗Y⁻¹

Step 942: step_0
  Value: 2.965455e-02
  NRCI: 0.999997000000
  Net refinements: 0
  Composition depth: 2
  Operators: ⊗Y → ⊗Y⁻¹

Step 943: step_0
  Value: 3.019119e-02
  NRCI: 0.999997000000
  Net refinements: 0
  Composition depth: 2
  Operators: ⊗Y → ⊗Y⁻¹

Step 944: step_0
  Value: 3.072790e-02
  NRCI: 0.999997000000
  Net refinements: 0
  Composition depth: 2
  Operators: ⊗Y → ⊗Y⁻¹

Step 945: step_0
  Value: 3.126436e-02
  NRCI: 0.999997000000
  Net refinements: 0
  Composition depth: 2
  Operators: ⊗Y → ⊗Y⁻¹

Step 946: step_0
  Value: 3.180023e-02
  NRCI: 0.999997000000
  Net refinements: 0
  Composition depth: 2
  Operators: ⊗Y → ⊗Y⁻¹

Step 947: step_0
  Value: 3.233514e-02
  NRCI: 0.999997000000
  Net refinements: 0
  Composition depth: 2
  Operators: ⊗Y → ⊗Y⁻¹

Step 948: step_0
  Value: 3.286876e-02
  NRCI: 0.999997000000
  Net refinements: 0
  Composition depth: 2
  Operators: ⊗Y → ⊗Y⁻¹

Step 949: step_0
  Value: 3.340072e-02
  NRCI: 0.999997000000
  Net refinements: 0
  Composition depth: 2
  Operators: ⊗Y → ⊗Y⁻¹

Step 950: step_0
  Value: 3.393066e-02
  NRCI: 0.999997000000
  Net refinements: 0
  Composition depth: 2
  Operators: ⊗Y → ⊗Y⁻¹

Step 951: step_0
  Value: 3.445820e-02
  NRCI: 0.999997000000
  Net refinements: 0
  Composition depth: 2
  Operators: ⊗Y → ⊗Y⁻¹

Step 952: step_0
  Value: 3.498299e-02
  NRCI: 0.999997000000
  Net refinements: 0
  Composition depth: 2
  Operators: ⊗Y → ⊗Y⁻¹

Step 953: step_0
  Value: 3.550465e-02
  NRCI: 0.999997000000
  Net refinements: 0
  Composition depth: 2
  Operators: ⊗Y → ⊗Y⁻¹

Step 954: step_0
  Value: 3.602280e-02
  NRCI: 0.999997000000
  Net refinements: 0
  Composition depth: 2
  Operators: ⊗Y → ⊗Y⁻¹

Step 955: step_0
  Value: 3.653707e-02
  NRCI: 0.999997000000
  Net refinements: 0
  Composition depth: 2
  Operators: ⊗Y → ⊗Y⁻¹

Step 956: step_0
  Value: 3.704707e-02
  NRCI: 0.999997000000
  Net refinements: 0
  Composition depth: 2
  Operators: ⊗Y → ⊗Y⁻¹

Step 957: step_0
  Value: 3.755242e-02
  NRCI: 0.999997000000
  Net refinements: 0
  Composition depth: 2
  Operators: ⊗Y → ⊗Y⁻¹

Step 958: step_0
  Value: 3.805275e-02
  NRCI: 0.999997000000
  Net refinements: 0
  Composition depth: 2
  Operators: ⊗Y → ⊗Y⁻¹

Step 959: step_0
  Value: 3.854766e-02
  NRCI: 0.999997000000
  Net refinements: 0
  Composition depth: 2
  Operators: ⊗Y → ⊗Y⁻¹

Step 960: step_0
  Value: 3.903678e-02
  NRCI: 0.999997000000
  Net refinements: 0
  Composition depth: 2
  Operators: ⊗Y → ⊗Y⁻¹

Step 961: step_0
  Value: 3.951972e-02
  NRCI: 0.999997000000
  Net refinements: 0
  Composition depth: 2
  Operators: ⊗Y → ⊗Y⁻¹

Step 962: step_0
  Value: 3.999611e-02
  NRCI: 0.999997000000
  Net refinements: 0
  Composition depth: 2
  Operators: ⊗Y → ⊗Y⁻¹

Step 963: step_0
  Value: 4.046556e-02
  NRCI: 0.999997000000
  Net refinements: 0
  Composition depth: 2
  Operators: ⊗Y → ⊗Y⁻¹

Step 964: step_0
  Value: 4.092770e-02
  NRCI: 0.999997000000
  Net refinements: 0
  Composition depth: 2
  Operators: ⊗Y → ⊗Y⁻¹

Step 965: step_0
  Value: 4.138215e-02
  NRCI: 0.999997000000
  Net refinements: 0
  Composition depth: 2
  Operators: ⊗Y → ⊗Y⁻¹

Step 966: step_0
  Value: 4.182854e-02
  NRCI: 0.999997000000
  Net refinements: 0
  Composition depth: 2
  Operators: ⊗Y → ⊗Y⁻¹

Step 967: step_0
  Value: 4.226650e-02
  NRCI: 0.999997000000
  Net refinements: 0
  Composition depth: 2
  Operators: ⊗Y → ⊗Y⁻¹

Step 968: step_0
  Value: 4.269567e-02
  NRCI: 0.999997000000
  Net refinements: 0
  Composition depth: 2
  Operators: ⊗Y → ⊗Y⁻¹

Step 969: step_0
  Value: 4.311569e-02
  NRCI: 0.999997000000
  Net refinements: 0
  Composition depth: 2
  Operators: ⊗Y → ⊗Y⁻¹

Step 970: step_0
  Value: 4.352621e-02
  NRCI: 0.999997000000
  Net refinements: 0
  Composition depth: 2
  Operators: ⊗Y → ⊗Y⁻¹

Step 971: step_0
  Value: 4.392687e-02
  NRCI: 0.999997000000
  Net refinements: 0
  Composition depth: 2
  Operators: ⊗Y → ⊗Y⁻¹

Step 972: step_0
  Value: 4.431733e-02
  NRCI: 0.999997000000
  Net refinements: 0
  Composition depth: 2
  Operators: ⊗Y → ⊗Y⁻¹

Step 973: step_0
  Value: 4.469727e-02
  NRCI: 0.999997000000
  Net refinements: 0
  Composition depth: 2
  Operators: ⊗Y → ⊗Y⁻¹

Step 974: step_0
  Value: 4.506633e-02
  NRCI: 0.999997000000
  Net refinements: 0
  Composition depth: 2
  Operators: ⊗Y → ⊗Y⁻¹

Step 975: step_0
  Value: 4.542422e-02
  NRCI: 0.999997000000
  Net refinements: 0
  Composition depth: 2
  Operators: ⊗Y → ⊗Y⁻¹

Step 976: step_0
  Value: 4.577060e-02
  NRCI: 0.999997000000
  Net refinements: 0
  Composition depth: 2
  Operators: ⊗Y → ⊗Y⁻¹

Step 977: step_0
  Value: 4.610518e-02
  NRCI: 0.999997000000
  Net refinements: 0
  Composition depth: 2
  Operators: ⊗Y → ⊗Y⁻¹

Step 978: step_0
  Value: 4.642766e-02
  NRCI: 0.999997000000
  Net refinements: 0
  Composition depth: 2
  Operators: ⊗Y → ⊗Y⁻¹

Step 979: step_0
  Value: 4.673776e-02
  NRCI: 0.999997000000
  Net refinements: 0
  Composition depth: 2
  Operators: ⊗Y → ⊗Y⁻¹

Step 980: step_0
  Value: 4.703518e-02
  NRCI: 0.999997000000
  Net refinements: 0
  Composition depth: 2
  Operators: ⊗Y → ⊗Y⁻¹

Step 981: step_0
  Value: 4.731968e-02
  NRCI: 0.999997000000
  Net refinements: 0
  Composition depth: 2
  Operators: ⊗Y → ⊗Y⁻¹

Step 982: step_0
  Value: 4.759098e-02
  NRCI: 0.999997000000
  Net refinements: 0
  Composition depth: 2
  Operators: ⊗Y → ⊗Y⁻¹

Step 983: step_0
  Value: 4.784885e-02
  NRCI: 0.999997000000
  Net refinements: 0
  Composition depth: 2
  Operators: ⊗Y → ⊗Y⁻¹

Step 984: step_0
  Value: 4.809305e-02
  NRCI: 0.999997000000
  Net refinements: 0
  Composition depth: 2
  Operators: ⊗Y → ⊗Y⁻¹

Step 985: step_0
  Value: 4.832335e-02
  NRCI: 0.999997000000
  Net refinements: 0
  Composition depth: 2
  Operators: ⊗Y → ⊗Y⁻¹

Step 986: step_0
  Value: 4.853955e-02
  NRCI: 0.999997000000
  Net refinements: 0
  Composition depth: 2
  Operators: ⊗Y → ⊗Y⁻¹

Step 987: step_0
  Value: 4.874144e-02
  NRCI: 0.999997000000
  Net refinements: 0
  Composition depth: 2
  Operators: ⊗Y → ⊗Y⁻¹

Step 988: step_0
  Value: 4.892885e-02
  NRCI: 0.999997000000
  Net refinements: 0
  Composition depth: 2
  Operators: ⊗Y → ⊗Y⁻¹

Step 989: step_0
  Value: 4.910159e-02
  NRCI: 0.999997000000
  Net refinements: 0
  Composition depth: 2
  Operators: ⊗Y → ⊗Y⁻¹

Step 990: step_0
  Value: 4.925950e-02
  NRCI: 0.999997000000
  Net refinements: 0
  Composition depth: 2
  Operators: ⊗Y → ⊗Y⁻¹

Step 991: step_0
  Value: 4.940245e-02
  NRCI: 0.999997000000
  Net refinements: 0
  Composition depth: 2
  Operators: ⊗Y → ⊗Y⁻¹

Step 992: step_0
  Value: 4.953029e-02
  NRCI: 0.999997000000
  Net refinements: 0
  Composition depth: 2
  Operators: ⊗Y → ⊗Y⁻¹

Step 993: step_0
  Value: 4.964291e-02
  NRCI: 0.999997000000
  Net refinements: 0
  Composition depth: 2
  Operators: ⊗Y → ⊗Y⁻¹

Step 994: step_0
  Value: 4.974020e-02
  NRCI: 0.999997000000
  Net refinements: 0
  Composition depth: 2
  Operators: ⊗Y → ⊗Y⁻¹

Step 995: step_0
  Value: 4.982207e-02
  NRCI: 0.999997000000
  Net refinements: 0
  Composition depth: 2
  Operators: ⊗Y → ⊗Y⁻¹

Step 996: step_0
  Value: 4.988845e-02
  NRCI: 0.999997000000
  Net refinements: 0
  Composition depth: 2
  Operators: ⊗Y → ⊗Y⁻¹

Step 997: step_0
  Value: 4.993926e-02
  NRCI: 0.999997000000
  Net refinements: 0
  Composition depth: 2
  Operators: ⊗Y → ⊗Y⁻¹

Step 998: step_0
  Value: 4.997448e-02
  NRCI: 0.999997000000
  Net refinements: 0
  Composition depth: 2
  Operators: ⊗Y → ⊗Y⁻¹

Step 999: step_0
  Value: 4.999405e-02
  NRCI: 0.999997000000
  Net refinements: 0
  Composition depth: 2
  Operators: ⊗Y → ⊗Y⁻¹

Step 1000: step_0
  Value: 4.999796e-02
  NRCI: 0.999997000000
  Net refinements: 0
  Composition depth: 2
  Operators: ⊗Y → ⊗Y⁻¹

Step 1001: step_0
  Value: 4.998622e-02
  NRCI: 0.999997000000
  Net refinements: 0
  Composition depth: 2
  Operators: ⊗Y → ⊗Y⁻¹

Step 1002: step_0
  Value: 4.995882e-02
  NRCI: 0.999997000000
  Net refinements: 0
  Composition depth: 2
  Operators: ⊗Y → ⊗Y⁻¹

Step 1003: step_0
  Value: 4.991580e-02
  NRCI: 0.999997000000
  Net refinements: 0
  Composition depth: 2
  Operators: ⊗Y → ⊗Y⁻¹

Step 1004: step_0
  Value: 4.985720e-02
  NRCI: 0.999997000000
  Net refinements: 0
  Composition depth: 2
  Operators: ⊗Y → ⊗Y⁻¹

Step 1005: step_0
  Value: 4.978307e-02
  NRCI: 0.999997000000
  Net refinements: 0
  Composition depth: 2
  Operators: ⊗Y → ⊗Y⁻¹

Step 1006: step_0
  Value: 4.969348e-02
  NRCI: 0.999997000000
  Net refinements: 0
  Composition depth: 2
  Operators: ⊗Y → ⊗Y⁻¹

Step 1007: step_0
  Value: 4.958851e-02
  NRCI: 0.999997000000
  Net refinements: 0
  Composition depth: 2
  Operators: ⊗Y → ⊗Y⁻¹

Step 1008: step_0
  Value: 4.946826e-02
  NRCI: 0.999997000000
  Net refinements: 0
  Composition depth: 2
  Operators: ⊗Y → ⊗Y⁻¹

Step 1009: step_0
  Value: 4.933285e-02
  NRCI: 0.999997000000
  Net refinements: 0
  Composition depth: 2
  Operators: ⊗Y → ⊗Y⁻¹

Step 1010: step_0
  Value: 4.918241e-02
  NRCI: 0.999997000000
  Net refinements: 0
  Composition depth: 2
  Operators: ⊗Y → ⊗Y⁻¹

Step 1011: step_0
  Value: 4.901706e-02
  NRCI: 0.999997000000
  Net refinements: 0
  Composition depth: 2
  Operators: ⊗Y → ⊗Y⁻¹

Step 1012: step_0
  Value: 4.883697e-02
  NRCI: 0.999997000000
  Net refinements: 0
  Composition depth: 2
  Operators: ⊗Y → ⊗Y⁻¹

Step 1013: step_0
  Value: 4.864229e-02
  NRCI: 0.999997000000
  Net refinements: 0
  Composition depth: 2
  Operators: ⊗Y → ⊗Y⁻¹

Step 1014: step_0
  Value: 4.843323e-02
  NRCI: 0.999997000000
  Net refinements: 0
  Composition depth: 2
  Operators: ⊗Y → ⊗Y⁻¹

Step 1015: step_0
  Value: 4.820995e-02
  NRCI: 0.999997000000
  Net refinements: 0
  Composition depth: 2
  Operators: ⊗Y → ⊗Y⁻¹

Step 1016: step_0
  Value: 4.797267e-02
  NRCI: 0.999997000000
  Net refinements: 0
  Composition depth: 2
  Operators: ⊗Y → ⊗Y⁻¹

Step 1017: step_0
  Value: 4.772161e-02
  NRCI: 0.999997000000
  Net refinements: 0
  Composition depth: 2
  Operators: ⊗Y → ⊗Y⁻¹

Step 1018: step_0
  Value: 4.745699e-02
  NRCI: 0.999997000000
  Net refinements: 0
  Composition depth: 2
  Operators: ⊗Y → ⊗Y⁻¹

Step 1019: step_0
  Value: 4.717906e-02
  NRCI: 0.999997000000
  Net refinements: 0
  Composition depth: 2
  Operators: ⊗Y → ⊗Y⁻¹

Step 1020: step_0
  Value: 4.688807e-02
  NRCI: 0.999997000000
  Net refinements: 0
  Composition depth: 2
  Operators: ⊗Y → ⊗Y⁻¹

Step 1021: step_0
  Value: 4.658428e-02
  NRCI: 0.999997000000
  Net refinements: 0
  Composition depth: 2
  Operators: ⊗Y → ⊗Y⁻¹

Step 1022: step_0
  Value: 4.626795e-02
  NRCI: 0.999997000000
  Net refinements: 0
  Composition depth: 2
  Operators: ⊗Y → ⊗Y⁻¹

Step 1023: step_0
  Value: 4.593939e-02
  NRCI: 0.999997000000
  Net refinements: 0
  Composition depth: 2
  Operators: ⊗Y → ⊗Y⁻¹

Step 1024: step_0
  Value: 4.559887e-02
  NRCI: 0.999997000000
  Net refinements: 0
  Composition depth: 2
  Operators: ⊗Y → ⊗Y⁻¹

Step 1025: step_0
  Value: 4.524669e-02
  NRCI: 0.999997000000
  Net refinements: 0
  Composition depth: 2
  Operators: ⊗Y → ⊗Y⁻¹

Step 1026: step_0
  Value: 4.488318e-02
  NRCI: 0.999997000000
  Net refinements: 0
  Composition depth: 2
  Operators: ⊗Y → ⊗Y⁻¹

Step 1027: step_0
  Value: 4.450864e-02
  NRCI: 0.999997000000
  Net refinements: 0
  Composition depth: 2
  Operators: ⊗Y → ⊗Y⁻¹

Step 1028: step_0
  Value: 4.412340e-02
  NRCI: 0.999997000000
  Net refinements: 0
  Composition depth: 2
  Operators: ⊗Y → ⊗Y⁻¹

Step 1029: step_0
  Value: 4.372779e-02
  NRCI: 0.999997000000
  Net refinements: 0
  Composition depth: 2
  Operators: ⊗Y → ⊗Y⁻¹

Step 1030: step_0
  Value: 4.332216e-02
  NRCI: 0.999997000000
  Net refinements: 0
  Composition depth: 2
  Operators: ⊗Y → ⊗Y⁻¹

Step 1031: step_0
  Value: 4.290685e-02
  NRCI: 0.999997000000
  Net refinements: 0
  Composition depth: 2
  Operators: ⊗Y → ⊗Y⁻¹

Step 1032: step_0
  Value: 4.248221e-02
  NRCI: 0.999997000000
  Net refinements: 0
  Composition depth: 2
  Operators: ⊗Y → ⊗Y⁻¹

Step 1033: step_0
  Value: 4.204859e-02
  NRCI: 0.999997000000
  Net refinements: 0
  Composition depth: 2
  Operators: ⊗Y → ⊗Y⁻¹

Step 1034: step_0
  Value: 4.160637e-02
  NRCI: 0.999997000000
  Net refinements: 0
  Composition depth: 2
  Operators: ⊗Y → ⊗Y⁻¹

Step 1035: step_0
  Value: 4.115591e-02
  NRCI: 0.999997000000
  Net refinements: 0
  Composition depth: 2
  Operators: ⊗Y → ⊗Y⁻¹

Step 1036: step_0
  Value: 4.069757e-02
  NRCI: 0.999997000000
  Net refinements: 0
  Composition depth: 2
  Operators: ⊗Y → ⊗Y⁻¹

Step 1037: step_0
  Value: 4.023172e-02
  NRCI: 0.999997000000
  Net refinements: 0
  Composition depth: 2
  Operators: ⊗Y → ⊗Y⁻¹

Step 1038: step_0
  Value: 3.975876e-02
  NRCI: 0.999997000000
  Net refinements: 0
  Composition depth: 2
  Operators: ⊗Y → ⊗Y⁻¹

Step 1039: step_0
  Value: 3.927905e-02
  NRCI: 0.999997000000
  Net refinements: 0
  Composition depth: 2
  Operators: ⊗Y → ⊗Y⁻¹

Step 1040: step_0
  Value: 3.879297e-02
  NRCI: 0.999997000000
  Net refinements: 0
  Composition depth: 2
  Operators: ⊗Y → ⊗Y⁻¹

Step 1041: step_0
  Value: 3.830090e-02
  NRCI: 0.999997000000
  Net refinements: 0
  Composition depth: 2
  Operators: ⊗Y → ⊗Y⁻¹

Step 1042: step_0
  Value: 3.780324e-02
  NRCI: 0.999997000000
  Net refinements: 0
  Composition depth: 2
  Operators: ⊗Y → ⊗Y⁻¹

Step 1043: step_0
  Value: 3.730035e-02
  NRCI: 0.999997000000
  Net refinements: 0
  Composition depth: 2
  Operators: ⊗Y → ⊗Y⁻¹

Step 1044: step_0
  Value: 3.679263e-02
  NRCI: 0.999997000000
  Net refinements: 0
  Composition depth: 2
  Operators: ⊗Y → ⊗Y⁻¹

Step 1045: step_0
  Value: 3.628045e-02
  NRCI: 0.999997000000
  Net refinements: 0
  Composition depth: 2
  Operators: ⊗Y → ⊗Y⁻¹

Step 1046: step_0
  Value: 3.576419e-02
  NRCI: 0.999997000000
  Net refinements: 0
  Composition depth: 2
  Operators: ⊗Y → ⊗Y⁻¹

Step 1047: step_0
  Value: 3.524424e-02
  NRCI: 0.999997000000
  Net refinements: 0
  Composition depth: 2
  Operators: ⊗Y → ⊗Y⁻¹

Step 1048: step_0
  Value: 3.472097e-02
  NRCI: 0.999997000000
  Net refinements: 0
  Composition depth: 2
  Operators: ⊗Y → ⊗Y⁻¹

Step 1049: step_0
  Value: 3.419475e-02
  NRCI: 0.999997000000
  Net refinements: 0
  Composition depth: 2
  Operators: ⊗Y → ⊗Y⁻¹

Step 1050: step_0
  Value: 3.366596e-02
  NRCI: 0.999997000000
  Net refinements: 0
  Composition depth: 2
  Operators: ⊗Y → ⊗Y⁻¹

Step 1051: step_0
  Value: 3.313497e-02
  NRCI: 0.999997000000
  Net refinements: 0
  Composition depth: 2
  Operators: ⊗Y → ⊗Y⁻¹

Step 1052: step_0
  Value: 3.260214e-02
  NRCI: 0.999997000000
  Net refinements: 0
  Composition depth: 2
  Operators: ⊗Y → ⊗Y⁻¹

Step 1053: step_0
  Value: 3.206782e-02
  NRCI: 0.999997000000
  Net refinements: 0
  Composition depth: 2
  Operators: ⊗Y → ⊗Y⁻¹

Step 1054: step_0
  Value: 3.153239e-02
  NRCI: 0.999997000000
  Net refinements: 0
  Composition depth: 2
  Operators: ⊗Y → ⊗Y⁻¹

Step 1055: step_0
  Value: 3.099618e-02
  NRCI: 0.999997000000
  Net refinements: 0
  Composition depth: 2
  Operators: ⊗Y → ⊗Y⁻¹

Step 1056: step_0
  Value: 3.045955e-02
  NRCI: 0.999997000000
  Net refinements: 0
  Composition depth: 2
  Operators: ⊗Y → ⊗Y⁻¹

Step 1057: step_0
  Value: 2.992284e-02
  NRCI: 0.999997000000
  Net refinements: 0
  Composition depth: 2
  Operators: ⊗Y → ⊗Y⁻¹

Step 1058: step_0
  Value: 2.938637e-02
  NRCI: 0.999997000000
  Net refinements: 0
  Composition depth: 2
  Operators: ⊗Y → ⊗Y⁻¹

Step 1059: step_0
  Value: 2.885049e-02
  NRCI: 0.999997000000
  Net refinements: 0
  Composition depth: 2
  Operators: ⊗Y → ⊗Y⁻¹

Step 1060: step_0
  Value: 2.831550e-02
  NRCI: 0.999997000000
  Net refinements: 0
  Composition depth: 2
  Operators: ⊗Y → ⊗Y⁻¹

Step 1061: step_0
  Value: 2.778173e-02
  NRCI: 0.999997000000
  Net refinements: 0
  Composition depth: 2
  Operators: ⊗Y → ⊗Y⁻¹

Step 1062: step_0
  Value: 2.724948e-02
  NRCI: 0.999997000000
  Net refinements: 0
  Composition depth: 2
  Operators: ⊗Y → ⊗Y⁻¹

Step 1063: step_0
  Value: 2.671906e-02
  NRCI: 0.999997000000
  Net refinements: 0
  Composition depth: 2
  Operators: ⊗Y → ⊗Y⁻¹

Step 1064: step_0
  Value: 2.619076e-02
  NRCI: 0.999997000000
  Net refinements: 0
  Composition depth: 2
  Operators: ⊗Y → ⊗Y⁻¹

Step 1065: step_0
  Value: 2.566487e-02
  NRCI: 0.999997000000
  Net refinements: 0
  Composition depth: 2
  Operators: ⊗Y → ⊗Y⁻¹

Step 1066: step_0
  Value: 2.514165e-02
  NRCI: 0.999997000000
  Net refinements: 0
  Composition depth: 2
  Operators: ⊗Y → ⊗Y⁻¹

Step 1067: step_0
  Value: 2.462139e-02
  NRCI: 0.999997000000
  Net refinements: 0
  Composition depth: 2
  Operators: ⊗Y → ⊗Y⁻¹

Step 1068: step_0
  Value: 2.410434e-02
  NRCI: 0.999997000000
  Net refinements: 0
  Composition depth: 2
  Operators: ⊗Y → ⊗Y⁻¹

Step 1069: step_0
  Value: 2.359076e-02
  NRCI: 0.999997000000
  Net refinements: 0
  Composition depth: 2
  Operators: ⊗Y → ⊗Y⁻¹

Step 1070: step_0
  Value: 2.308089e-02
  NRCI: 0.999997000000
  Net refinements: 0
  Composition depth: 2
  Operators: ⊗Y → ⊗Y⁻¹

Step 1071: step_0
  Value: 2.257497e-02
  NRCI: 0.999997000000
  Net refinements: 0
  Composition depth: 2
  Operators: ⊗Y → ⊗Y⁻¹

Step 1072: step_0
  Value: 2.207322e-02
  NRCI: 0.999997000000
  Net refinements: 0
  Composition depth: 2
  Operators: ⊗Y → ⊗Y⁻¹

Step 1073: step_0
  Value: 2.157586e-02
  NRCI: 0.999997000000
  Net refinements: 0
  Composition depth: 2
  Operators: ⊗Y → ⊗Y⁻¹

Step 1074: step_0
  Value: 2.108310e-02
  NRCI: 0.999997000000
  Net refinements: 0
  Composition depth: 2
  Operators: ⊗Y → ⊗Y⁻¹

Step 1075: step_0
  Value: 2.059515e-02
  NRCI: 0.999997000000
  Net refinements: 0
  Composition depth: 2
  Operators: ⊗Y → ⊗Y⁻¹

Step 1076: step_0
  Value: 2.011218e-02
  NRCI: 0.999997000000
  Net refinements: 0
  Composition depth: 2
  Operators: ⊗Y → ⊗Y⁻¹

Step 1077: step_0
  Value: 1.963439e-02
  NRCI: 0.999997000000
  Net refinements: 0
  Composition depth: 2
  Operators: ⊗Y → ⊗Y⁻¹

Step 1078: step_0
  Value: 1.916195e-02
  NRCI: 0.999997000000
  Net refinements: 0
  Composition depth: 2
  Operators: ⊗Y → ⊗Y⁻¹

Step 1079: step_0
  Value: 1.869502e-02
  NRCI: 0.999997000000
  Net refinements: 0
  Composition depth: 2
  Operators: ⊗Y → ⊗Y⁻¹

Step 1080: step_0
  Value: 1.823375e-02
  NRCI: 0.999997000000
  Net refinements: 0
  Composition depth: 2
  Operators: ⊗Y → ⊗Y⁻¹

Step 1081: step_0
  Value: 1.777830e-02
  NRCI: 0.999997000000
  Net refinements: 0
  Composition depth: 2
  Operators: ⊗Y → ⊗Y⁻¹

Step 1082: step_0
  Value: 1.732879e-02
  NRCI: 0.999997000000
  Net refinements: 0
  Composition depth: 2
  Operators: ⊗Y → ⊗Y⁻¹

Step 1083: step_0
  Value: 1.688535e-02
  NRCI: 0.999997000000
  Net refinements: 0
  Composition depth: 2
  Operators: ⊗Y → ⊗Y⁻¹

Step 1084: step_0
  Value: 1.644811e-02
  NRCI: 0.999997000000
  Net refinements: 0
  Composition depth: 2
  Operators: ⊗Y → ⊗Y⁻¹

Step 1085: step_0
  Value: 1.601718e-02
  NRCI: 0.999997000000
  Net refinements: 0
  Composition depth: 2
  Operators: ⊗Y → ⊗Y⁻¹

Step 1086: step_0
  Value: 1.559264e-02
  NRCI: 0.999997000000
  Net refinements: 0
  Composition depth: 2
  Operators: ⊗Y → ⊗Y⁻¹

Step 1087: step_0
  Value: 1.517461e-02
  NRCI: 0.999997000000
  Net refinements: 0
  Composition depth: 2
  Operators: ⊗Y → ⊗Y⁻¹

Step 1088: step_0
  Value: 1.476316e-02
  NRCI: 0.999997000000
  Net refinements: 0
  Composition depth: 2
  Operators: ⊗Y → ⊗Y⁻¹

Step 1089: step_0
  Value: 1.435837e-02
  NRCI: 0.999997000000
  Net refinements: 0
  Composition depth: 2
  Operators: ⊗Y → ⊗Y⁻¹

Step 1090: step_0
  Value: 1.396030e-02
  NRCI: 0.999997000000
  Net refinements: 0
  Composition depth: 2
  Operators: ⊗Y → ⊗Y⁻¹

Step 1091: step_0
  Value: 1.356901e-02
  NRCI: 0.999997000000
  Net refinements: 0
  Composition depth: 2
  Operators: ⊗Y → ⊗Y⁻¹

Step 1092: step_0
  Value: 1.318456e-02
  NRCI: 0.999997000000
  Net refinements: 0
  Composition depth: 2
  Operators: ⊗Y → ⊗Y⁻¹

Step 1093: step_0
  Value: 1.280700e-02
  NRCI: 0.999997000000
  Net refinements: 0
  Composition depth: 2
  Operators: ⊗Y → ⊗Y⁻¹

Step 1094: step_0
  Value: 1.243634e-02
  NRCI: 0.999997000000
  Net refinements: 0
  Composition depth: 2
  Operators: ⊗Y → ⊗Y⁻¹

Step 1095: step_0
  Value: 1.207264e-02
  NRCI: 0.999997000000
  Net refinements: 0
  Composition depth: 2
  Operators: ⊗Y → ⊗Y⁻¹

Step 1096: step_0
  Value: 1.171590e-02
  NRCI: 0.999997000000
  Net refinements: 0
  Composition depth: 2
  Operators: ⊗Y → ⊗Y⁻¹

Step 1097: step_0
  Value: 1.136613e-02
  NRCI: 0.999997000000
  Net refinements: 0
  Composition depth: 2
  Operators: ⊗Y → ⊗Y⁻¹

Step 1098: step_0
  Value: 1.102336e-02
  NRCI: 0.999997000000
  Net refinements: 0
  Composition depth: 2
  Operators: ⊗Y → ⊗Y⁻¹

Step 1099: step_0
  Value: 1.068758e-02
  NRCI: 0.999997000000
  Net refinements: 0
  Composition depth: 2
  Operators: ⊗Y → ⊗Y⁻¹

Step 1100: step_0
  Value: 1.035878e-02
  NRCI: 0.999997000000
  Net refinements: 0
  Composition depth: 2
  Operators: ⊗Y → ⊗Y⁻¹

Step 1101: step_0
  Value: 1.003694e-02
  NRCI: 0.999997000000
  Net refinements: 0
  Composition depth: 2
  Operators: ⊗Y → ⊗Y⁻¹

Step 1102: step_0
  Value: 9.722067e-03
  NRCI: 0.999997000000
  Net refinements: 0
  Composition depth: 2
  Operators: ⊗Y → ⊗Y⁻¹

Step 1103: step_0
  Value: 9.414117e-03
  NRCI: 0.999997000000
  Net refinements: 0
  Composition depth: 2
  Operators: ⊗Y → ⊗Y⁻¹

Step 1104: step_0
  Value: 9.113067e-03
  NRCI: 0.999997000000
  Net refinements: 0
  Composition depth: 2
  Operators: ⊗Y → ⊗Y⁻¹

Step 1105: step_0
  Value: 8.818881e-03
  NRCI: 0.999997000000
  Net refinements: 0
  Composition depth: 2
  Operators: ⊗Y → ⊗Y⁻¹

Step 1106: step_0
  Value: 8.531519e-03
  NRCI: 0.999997000000
  Net refinements: 0
  Composition depth: 2
  Operators: ⊗Y → ⊗Y⁻¹

Step 1107: step_0
  Value: 8.250935e-03
  NRCI: 0.999997000000
  Net refinements: 0
  Composition depth: 2
  Operators: ⊗Y → ⊗Y⁻¹

Step 1108: step_0
  Value: 7.977080e-03
  NRCI: 0.999997000000
  Net refinements: 0
  Composition depth: 2
  Operators: ⊗Y → ⊗Y⁻¹

Step 1109: step_0
  Value: 7.709899e-03
  NRCI: 0.999997000000
  Net refinements: 0
  Composition depth: 2
  Operators: ⊗Y → ⊗Y⁻¹

Step 1110: step_0
  Value: 7.449332e-03
  NRCI: 0.999997000000
  Net refinements: 0
  Composition depth: 2
  Operators: ⊗Y → ⊗Y⁻¹

Step 1111: step_0
  Value: 7.195317e-03
  NRCI: 0.999997000000
  Net refinements: 0
  Composition depth: 2
  Operators: ⊗Y → ⊗Y⁻¹

Step 1112: step_0
  Value: 6.947788e-03
  NRCI: 0.999997000000
  Net refinements: 0
  Composition depth: 2
  Operators: ⊗Y → ⊗Y⁻¹

Step 1113: step_0
  Value: 6.706672e-03
  NRCI: 0.999997000000
  Net refinements: 0
  Composition depth: 2
  Operators: ⊗Y → ⊗Y⁻¹

Step 1114: step_0
  Value: 6.471896e-03
  NRCI: 0.999997000000
  Net refinements: 0
  Composition depth: 2
  Operators: ⊗Y → ⊗Y⁻¹

Step 1115: step_0
  Value: 6.243383e-03
  NRCI: 0.999997000000
  Net refinements: 0
  Composition depth: 2
  Operators: ⊗Y → ⊗Y⁻¹

Step 1116: step_0
  Value: 6.021052e-03
  NRCI: 0.999997000000
  Net refinements: 0
  Composition depth: 2
  Operators: ⊗Y → ⊗Y⁻¹

Step 1117: step_0
  Value: 5.804819e-03
  NRCI: 0.999997000000
  Net refinements: 0
  Composition depth: 2
  Operators: ⊗Y → ⊗Y⁻¹

Step 1118: step_0
  Value: 5.594599e-03
  NRCI: 0.999997000000
  Net refinements: 0
  Composition depth: 2
  Operators: ⊗Y → ⊗Y⁻¹

Step 1119: step_0
  Value: 5.390303e-03
  NRCI: 0.999997000000
  Net refinements: 0
  Composition depth: 2
  Operators: ⊗Y → ⊗Y⁻¹

Step 1120: step_0
  Value: 5.191841e-03
  NRCI: 0.999997000000
  Net refinements: 0
  Composition depth: 2
  Operators: ⊗Y → ⊗Y⁻¹

Step 1121: step_0
  Value: 4.999120e-03
  NRCI: 0.999997000000
  Net refinements: 0
  Composition depth: 2
  Operators: ⊗Y → ⊗Y⁻¹

Step 1122: step_0
  Value: 4.812044e-03
  NRCI: 0.999997000000
  Net refinements: 0
  Composition depth: 2
  Operators: ⊗Y → ⊗Y⁻¹

Step 1123: step_0
  Value: 4.630519e-03
  NRCI: 0.999997000000
  Net refinements: 0
  Composition depth: 2
  Operators: ⊗Y → ⊗Y⁻¹

Step 1124: step_0
  Value: 4.454446e-03
  NRCI: 0.999997000000
  Net refinements: 0
  Composition depth: 2
  Operators: ⊗Y → ⊗Y⁻¹

Step 1125: step_0
  Value: 4.283725e-03
  NRCI: 0.999997000000
  Net refinements: 0
  Composition depth: 2
  Operators: ⊗Y → ⊗Y⁻¹

Step 1126: step_0
  Value: 4.118258e-03
  NRCI: 0.999997000000
  Net refinements: 0
  Composition depth: 2
  Operators: ⊗Y → ⊗Y⁻¹

Step 1127: step_0
  Value: 3.957941e-03
  NRCI: 0.999997000000
  Net refinements: 0
  Composition depth: 2
  Operators: ⊗Y → ⊗Y⁻¹

Step 1128: step_0
  Value: 3.802675e-03
  NRCI: 0.999997000000
  Net refinements: 0
  Composition depth: 2
  Operators: ⊗Y → ⊗Y⁻¹

Step 1129: step_0
  Value: 3.652354e-03
  NRCI: 0.999997000000
  Net refinements: 0
  Composition depth: 2
  Operators: ⊗Y → ⊗Y⁻¹

Step 1130: step_0
  Value: 3.506878e-03
  NRCI: 0.999997000000
  Net refinements: 0
  Composition depth: 2
  Operators: ⊗Y → ⊗Y⁻¹

Step 1131: step_0
  Value: 3.366141e-03
  NRCI: 0.999997000000
  Net refinements: 0
  Composition depth: 2
  Operators: ⊗Y → ⊗Y⁻¹

Step 1132: step_0
  Value: 3.230040e-03
  NRCI: 0.999997000000
  Net refinements: 0
  Composition depth: 2
  Operators: ⊗Y → ⊗Y⁻¹

Step 1133: step_0
  Value: 3.098471e-03
  NRCI: 0.999997000000
  Net refinements: 0
  Composition depth: 2
  Operators: ⊗Y → ⊗Y⁻¹

Step 1134: step_0
  Value: 2.971330e-03
  NRCI: 0.999997000000
  Net refinements: 0
  Composition depth: 2
  Operators: ⊗Y → ⊗Y⁻¹

Step 1135: step_0
  Value: 2.848514e-03
  NRCI: 0.999997000000
  Net refinements: 0
  Composition depth: 2
  Operators: ⊗Y → ⊗Y⁻¹

Step 1136: step_0
  Value: 2.729919e-03
  NRCI: 0.999997000000
  Net refinements: 0
  Composition depth: 2
  Operators: ⊗Y → ⊗Y⁻¹

Step 1137: step_0
  Value: 2.615442e-03
  NRCI: 0.999997000000
  Net refinements: 0
  Composition depth: 2
  Operators: ⊗Y → ⊗Y⁻¹

Step 1138: step_0
  Value: 2.504981e-03
  NRCI: 0.999997000000
  Net refinements: 0
  Composition depth: 2
  Operators: ⊗Y → ⊗Y⁻¹

Step 1139: step_0
  Value: 2.398434e-03
  NRCI: 0.999997000000
  Net refinements: 0
  Composition depth: 2
  Operators: ⊗Y → ⊗Y⁻¹

Step 1140: step_0
  Value: 2.295699e-03
  NRCI: 0.999997000000
  Net refinements: 0
  Composition depth: 2
  Operators: ⊗Y → ⊗Y⁻¹

Step 1141: step_0
  Value: 2.196677e-03
  NRCI: 0.999997000000
  Net refinements: 0
  Composition depth: 2
  Operators: ⊗Y → ⊗Y⁻¹

Step 1142: step_0
  Value: 2.101267e-03
  NRCI: 0.999997000000
  Net refinements: 0
  Composition depth: 2
  Operators: ⊗Y → ⊗Y⁻¹

Step 1143: step_0
  Value: 2.009372e-03
  NRCI: 0.999997000000
  Net refinements: 0
  Composition depth: 2
  Operators: ⊗Y → ⊗Y⁻¹

Step 1144: step_0
  Value: 1.920894e-03
  NRCI: 0.999997000000
  Net refinements: 0
  Composition depth: 2
  Operators: ⊗Y → ⊗Y⁻¹

Step 1145: step_0
  Value: 1.835736e-03
  NRCI: 0.999997000000
  Net refinements: 0
  Composition depth: 2
  Operators: ⊗Y → ⊗Y⁻¹

Step 1146: step_0
  Value: 1.753805e-03
  NRCI: 0.999997000000
  Net refinements: 0
  Composition depth: 2
  Operators: ⊗Y → ⊗Y⁻¹

Step 1147: step_0
  Value: 1.675005e-03
  NRCI: 0.999997000000
  Net refinements: 0
  Composition depth: 2
  Operators: ⊗Y → ⊗Y⁻¹

Step 1148: step_0
  Value: 1.599245e-03
  NRCI: 0.999997000000
  Net refinements: 0
  Composition depth: 2
  Operators: ⊗Y → ⊗Y⁻¹

Step 1149: step_0
  Value: 4.259076e-03
  NRCI: 0.999997000000
  Net refinements: 0
  Composition depth: 2
  Operators: ⊗Y → ⊗Y⁻¹

Step 1150: step_0
  Value: 2.626570e-02
  NRCI: 0.999997000000
  Net refinements: 0
  Composition depth: 2
  Operators: ⊗Y → ⊗Y⁻¹

Step 1151: step_0
  Value: 2.778594e-02
  NRCI: 0.999997000000
  Net refinements: 0
  Composition depth: 2
  Operators: ⊗Y → ⊗Y⁻¹

Step 1152: step_0
  Value: 2.649597e-02
  NRCI: 0.999997000000
  Net refinements: 0
  Composition depth: 2
  Operators: ⊗Y → ⊗Y⁻¹

Step 1153: step_0
  Value: 2.525797e-02
  NRCI: 0.999997000000
  Net refinements: 0
  Composition depth: 2
  Operators: ⊗Y → ⊗Y⁻¹

Step 1154: step_0
  Value: 2.407027e-02
  NRCI: 0.999997000000
  Net refinements: 0
  Composition depth: 2
  Operators: ⊗Y → ⊗Y⁻¹

Step 1155: step_0
  Value: 2.293123e-02
  NRCI: 0.999997000000
  Net refinements: 0
  Composition depth: 2
  Operators: ⊗Y → ⊗Y⁻¹

Step 1156: step_0
  Value: 2.183926e-02
  NRCI: 0.999997000000
  Net refinements: 0
  Composition depth: 2
  Operators: ⊗Y → ⊗Y⁻¹

Step 1157: step_0
  Value: 2.079276e-02
  NRCI: 0.999997000000
  Net refinements: 0
  Composition depth: 2
  Operators: ⊗Y → ⊗Y⁻¹

Step 1158: step_0
  Value: 1.979022e-02
  NRCI: 0.999997000000
  Net refinements: 0
  Composition depth: 2
  Operators: ⊗Y → ⊗Y⁻¹

Step 1159: step_0
  Value: 1.883011e-02
  NRCI: 0.999997000000
  Net refinements: 0
  Composition depth: 2
  Operators: ⊗Y → ⊗Y⁻¹

Step 1160: step_0
  Value: 1.791097e-02
  NRCI: 0.999997000000
  Net refinements: 0
  Composition depth: 2
  Operators: ⊗Y → ⊗Y⁻¹

Step 1161: step_0
  Value: 1.703136e-02
  NRCI: 0.999997000000
  Net refinements: 0
  Composition depth: 2
  Operators: ⊗Y → ⊗Y⁻¹

Step 1162: step_0
  Value: 1.618987e-02
  NRCI: 0.999997000000
  Net refinements: 0
  Composition depth: 2
  Operators: ⊗Y → ⊗Y⁻¹

Step 1163: step_0
  Value: 1.538514e-02
  NRCI: 0.999997000000
  Net refinements: 0
  Composition depth: 2
  Operators: ⊗Y → ⊗Y⁻¹

Step 1164: step_0
  Value: 1.461583e-02
  NRCI: 0.999997000000
  Net refinements: 0
  Composition depth: 2
  Operators: ⊗Y → ⊗Y⁻¹

Step 1165: step_0
  Value: 1.388064e-02
  NRCI: 0.999997000000
  Net refinements: 0
  Composition depth: 2
  Operators: ⊗Y → ⊗Y⁻¹

Step 1166: step_0
  Value: 1.317831e-02
  NRCI: 0.999997000000
  Net refinements: 0
  Composition depth: 2
  Operators: ⊗Y → ⊗Y⁻¹

Step 1167: step_0
  Value: 1.250759e-02
  NRCI: 0.999997000000
  Net refinements: 0
  Composition depth: 2
  Operators: ⊗Y → ⊗Y⁻¹

Step 1168: step_0
  Value: 1.186728e-02
  NRCI: 0.999997000000
  Net refinements: 0
  Composition depth: 2
  Operators: ⊗Y → ⊗Y⁻¹

Step 1169: step_0
  Value: 1.025504e-02
  NRCI: 0.999997000000
  Net refinements: 0
  Composition depth: 2
  Operators: ⊗Y → ⊗Y⁻¹

Step 1170: step_0
  Value: 1.589549e-03
  NRCI: 0.999997000000
  Net refinements: 0
  Composition depth: 2
  Operators: ⊗Y → ⊗Y⁻¹

Step 1171: step_0
  Value: 5.058696e-04
  NRCI: 0.999997000000
  Net refinements: 0
  Composition depth: 2
  Operators: ⊗Y → ⊗Y⁻¹

Step 1172: step_0
  Value: 4.793716e-04
  NRCI: 0.999997000000
  Net refinements: 0
  Composition depth: 2
  Operators: ⊗Y → ⊗Y⁻¹

Step 1173: step_0
  Value: 4.541192e-04
  NRCI: 0.999997000000
  Net refinements: 0
  Composition depth: 2
  Operators: ⊗Y → ⊗Y⁻¹

Step 1174: step_0
  Value: 4.300624e-04
  NRCI: 0.999997000000
  Net refinements: 0
  Composition depth: 2
  Operators: ⊗Y → ⊗Y⁻¹

Step 1175: step_0
  Value: 4.071524e-04
  NRCI: 0.999997000000
  Net refinements: 0
  Composition depth: 2
  Operators: ⊗Y → ⊗Y⁻¹

Step 1176: step_0
  Value: 3.853421e-04
  NRCI: 0.999997000000
  Net refinements: 0
  Composition depth: 2
  Operators: ⊗Y → ⊗Y⁻¹

Step 1177: step_0
  Value: 3.645859e-04
  NRCI: 0.999997000000
  Net refinements: 0
  Composition depth: 2
  Operators: ⊗Y → ⊗Y⁻¹

Step 1178: step_0
  Value: 3.448397e-04
  NRCI: 0.999997000000
  Net refinements: 0
  Composition depth: 2
  Operators: ⊗Y → ⊗Y⁻¹

Step 1179: step_0
  Value: 3.260608e-04
  NRCI: 0.999997000000
  Net refinements: 0
  Composition depth: 2
  Operators: ⊗Y → ⊗Y⁻¹

Step 1180: step_0
  Value: 3.082080e-04
  NRCI: 0.999997000000
  Net refinements: 0
  Composition depth: 2
  Operators: ⊗Y → ⊗Y⁻¹

Step 1181: step_0
  Value: 2.912414e-04
  NRCI: 0.999997000000
  Net refinements: 0
  Composition depth: 2
  Operators: ⊗Y → ⊗Y⁻¹

Step 1182: step_0
  Value: 2.751226e-04
  NRCI: 0.999997000000
  Net refinements: 0
  Composition depth: 2
  Operators: ⊗Y → ⊗Y⁻¹

Step 1183: step_0
  Value: 2.598145e-04
  NRCI: 0.999997000000
  Net refinements: 0
  Composition depth: 2
  Operators: ⊗Y → ⊗Y⁻¹

Step 1184: step_0
  Value: 2.452813e-04
  NRCI: 0.999997000000
  Net refinements: 0
  Composition depth: 2
  Operators: ⊗Y → ⊗Y⁻¹

Step 1185: step_0
  Value: 2.314885e-04
  NRCI: 0.999997000000
  Net refinements: 0
  Composition depth: 2
  Operators: ⊗Y → ⊗Y⁻¹

Step 1186: step_0
  Value: 2.184029e-04
  NRCI: 0.999997000000
  Net refinements: 0
  Composition depth: 2
  Operators: ⊗Y → ⊗Y⁻¹

Step 1187: step_0
  Value: 2.059925e-04
  NRCI: 0.999997000000
  Net refinements: 0
  Composition depth: 2
  Operators: ⊗Y → ⊗Y⁻¹

Step 1188: step_0
  Value: 1.942264e-04
  NRCI: 0.999997000000
  Net refinements: 0
  Composition depth: 2
  Operators: ⊗Y → ⊗Y⁻¹

Step 1189: step_0
  Value: 1.830750e-04
  NRCI: 0.999997000000
  Net refinements: 0
  Composition depth: 2
  Operators: ⊗Y → ⊗Y⁻¹

Step 1190: step_0
  Value: 1.725099e-04
  NRCI: 0.999997000000
  Net refinements: 0
  Composition depth: 2
  Operators: ⊗Y → ⊗Y⁻¹

Step 1191: step_0
  Value: 1.625035e-04
  NRCI: 0.999997000000
  Net refinements: 0
  Composition depth: 2
  Operators: ⊗Y → ⊗Y⁻¹

Step 1192: step_0
  Value: 1.530296e-04
  NRCI: 0.999997000000
  Net refinements: 0
  Composition depth: 2
  Operators: ⊗Y → ⊗Y⁻¹

Step 1193: step_0
  Value: 1.440629e-04
  NRCI: 0.999997000000
  Net refinements: 0
  Composition depth: 2
  Operators: ⊗Y → ⊗Y⁻¹

Step 1194: step_0
  Value: 1.355791e-04
  NRCI: 0.999997000000
  Net refinements: 0
  Composition depth: 2
  Operators: ⊗Y → ⊗Y⁻¹

Step 1195: step_0
  Value: 1.275549e-04
  NRCI: 0.999997000000
  Net refinements: 0
  Composition depth: 2
  Operators: ⊗Y → ⊗Y⁻¹

Step 1196: step_0
  Value: 1.199681e-04
  NRCI: 0.999997000000
  Net refinements: 0
  Composition depth: 2
  Operators: ⊗Y → ⊗Y⁻¹

Step 1197: step_0
  Value: 1.127971e-04
  NRCI: 0.999997000000
  Net refinements: 0
  Composition depth: 2
  Operators: ⊗Y → ⊗Y⁻¹

Step 1198: step_0
  Value: 1.060216e-04
  NRCI: 0.999997000000
  Net refinements: 0
  Composition depth: 2
  Operators: ⊗Y → ⊗Y⁻¹

Step 1199: step_0
  Value: 9.962191e-05
  NRCI: 0.999997000000
  Net refinements: 0
  Composition depth: 2
  Operators: ⊗Y → ⊗Y⁻¹

Step 1200: step_0
  Value: 9.357917e-05
  NRCI: 0.999997000000
  Net refinements: 0
  Composition depth: 2
  Operators: ⊗Y → ⊗Y⁻¹

Step 1201: step_0
  Value: 8.787542e-05
  NRCI: 0.999997000000
  Net refinements: 0
  Composition depth: 2
  Operators: ⊗Y → ⊗Y⁻¹

Step 1202: step_0
  Value: 8.249348e-05
  NRCI: 0.999997000000
  Net refinements: 0
  Composition depth: 2
  Operators: ⊗Y → ⊗Y⁻¹

Step 1203: step_0
  Value: 7.741690e-05
  NRCI: 0.999997000000
  Net refinements: 0
  Composition depth: 2
  Operators: ⊗Y → ⊗Y⁻¹

Step 1204: step_0
  Value: 7.262998e-05
  NRCI: 0.999997000000
  Net refinements: 0
  Composition depth: 2
  Operators: ⊗Y → ⊗Y⁻¹

Step 1205: step_0
  Value: 6.811770e-05
  NRCI: 0.999997000000
  Net refinements: 0
  Composition depth: 2
  Operators: ⊗Y → ⊗Y⁻¹

Step 1206: step_0
  Value: 6.386575e-05
  NRCI: 0.999997000000
  Net refinements: 0
  Composition depth: 2
  Operators: ⊗Y → ⊗Y⁻¹

Step 1207: step_0
  Value: 5.986045e-05
  NRCI: 0.999997000000
  Net refinements: 0
  Composition depth: 2
  Operators: ⊗Y → ⊗Y⁻¹

Step 1208: step_0
  Value: 5.608876e-05
  NRCI: 0.999997000000
  Net refinements: 0
  Composition depth: 2
  Operators: ⊗Y → ⊗Y⁻¹

Step 1209: step_0
  Value: 5.253827e-05
  NRCI: 0.999997000000
  Net refinements: 0
  Composition depth: 2
  Operators: ⊗Y → ⊗Y⁻¹

Step 1210: step_0
  Value: 4.919711e-05
  NRCI: 0.999997000000
  Net refinements: 0
  Composition depth: 2
  Operators: ⊗Y → ⊗Y⁻¹

Step 1211: step_0
  Value: 4.605400e-05
  NRCI: 0.999997000000
  Net refinements: 0
  Composition depth: 2
  Operators: ⊗Y → ⊗Y⁻¹

Step 1212: step_0
  Value: 4.309819e-05
  NRCI: 0.999997000000
  Net refinements: 0
  Composition depth: 2
  Operators: ⊗Y → ⊗Y⁻¹

Step 1213: step_0
  Value: 4.031946e-05
  NRCI: 0.999997000000
  Net refinements: 0
  Composition depth: 2
  Operators: ⊗Y → ⊗Y⁻¹

Step 1214: step_0
  Value: 3.770807e-05
  NRCI: 0.999997000000
  Net refinements: 0
  Composition depth: 2
  Operators: ⊗Y → ⊗Y⁻¹

Step 1215: step_0
  Value: 3.525477e-05
  NRCI: 0.999997000000
  Net refinements: 0
  Composition depth: 2
  Operators: ⊗Y → ⊗Y⁻¹

Step 1216: step_0
  Value: 3.295076e-05
  NRCI: 0.999997000000
  Net refinements: 0
  Composition depth: 2
  Operators: ⊗Y → ⊗Y⁻¹

Step 1217: step_0
  Value: 3.078768e-05
  NRCI: 0.999997000000
  Net refinements: 0
  Composition depth: 2
  Operators: ⊗Y → ⊗Y⁻¹

Step 1218: step_0
  Value: 2.875758e-05
  NRCI: 0.999997000000
  Net refinements: 0
  Composition depth: 2
  Operators: ⊗Y → ⊗Y⁻¹

Step 1219: step_0
  Value: 2.685293e-05
  NRCI: 0.999997000000
  Net refinements: 0
  Composition depth: 2
  Operators: ⊗Y → ⊗Y⁻¹

Step 1220: step_0
  Value: 2.506658e-05
  NRCI: 0.999997000000
  Net refinements: 0
  Composition depth: 2
  Operators: ⊗Y → ⊗Y⁻¹

Step 1221: step_0
  Value: 2.339173e-05
  NRCI: 0.999997000000
  Net refinements: 0
  Composition depth: 2
  Operators: ⊗Y → ⊗Y⁻¹

Step 1222: step_0
  Value: 2.182195e-05
  NRCI: 0.999997000000
  Net refinements: 0
  Composition depth: 2
  Operators: ⊗Y → ⊗Y⁻¹

Step 1223: step_0
  Value: 2.035114e-05
  NRCI: 0.999997000000
  Net refinements: 0
  Composition depth: 2
  Operators: ⊗Y → ⊗Y⁻¹

Step 1224: step_0
  Value: 1.897352e-05
  NRCI: 0.999997000000
  Net refinements: 0
  Composition depth: 2
  Operators: ⊗Y → ⊗Y⁻¹

Step 1225: step_0
  Value: 1.768361e-05
  NRCI: 0.999997000000
  Net refinements: 0
  Composition depth: 2
  Operators: ⊗Y → ⊗Y⁻¹

Step 1226: step_0
  Value: 1.647624e-05
  NRCI: 0.999997000000
  Net refinements: 0
  Composition depth: 2
  Operators: ⊗Y → ⊗Y⁻¹

Step 1227: step_0
  Value: 1.534649e-05
  NRCI: 0.999997000000
  Net refinements: 0
  Composition depth: 2
  Operators: ⊗Y → ⊗Y⁻¹

Step 1228: step_0
  Value: 1.428973e-05
  NRCI: 0.999997000000
  Net refinements: 0
  Composition depth: 2
  Operators: ⊗Y → ⊗Y⁻¹

Step 1229: step_0
  Value: 3.651803e-05
  NRCI: 0.999997000000
  Net refinements: 0
  Composition depth: 2
  Operators: ⊗Y → ⊗Y⁻¹

Step 1230: step_0
  Value: 2.226082e-04
  NRCI: 0.999997000000
  Net refinements: 0
  Composition depth: 2
  Operators: ⊗Y → ⊗Y⁻¹

Step 1231: step_0
  Value: 2.302940e-04
  NRCI: 0.999997000000
  Net refinements: 0
  Composition depth: 2
  Operators: ⊗Y → ⊗Y⁻¹

Step 1232: step_0
  Value: 2.141674e-04
  NRCI: 0.999997000000
  Net refinements: 0
  Composition depth: 2
  Operators: ⊗Y → ⊗Y⁻¹

Step 1233: step_0
  Value: 1.991077e-04
  NRCI: 0.999997000000
  Net refinements: 0
  Composition depth: 2
  Operators: ⊗Y → ⊗Y⁻¹

Step 1234: step_0
  Value: 1.850490e-04
  NRCI: 0.999997000000
  Net refinements: 0
  Composition depth: 2
  Operators: ⊗Y → ⊗Y⁻¹

Step 1235: step_0
  Value: 1.719291e-04
  NRCI: 0.999997000000
  Net refinements: 0
  Composition depth: 2
  Operators: ⊗Y → ⊗Y⁻¹

Step 1236: step_0
  Value: 1.596893e-04
  NRCI: 0.999997000000
  Net refinements: 0
  Composition depth: 2
  Operators: ⊗Y → ⊗Y⁻¹

Step 1237: step_0
  Value: 1.482745e-04
  NRCI: 0.999997000000
  Net refinements: 0
  Composition depth: 2
  Operators: ⊗Y → ⊗Y⁻¹

Step 1238: step_0
  Value: 1.376324e-04
  NRCI: 0.999997000000
  Net refinements: 0
  Composition depth: 2
  Operators: ⊗Y → ⊗Y⁻¹

Step 1239: step_0
  Value: 1.277142e-04
  NRCI: 0.999997000000
  Net refinements: 0
  Composition depth: 2
  Operators: ⊗Y → ⊗Y⁻¹

Step 1240: step_0
  Value: 1.184736e-04
  NRCI: 0.999997000000
  Net refinements: 0
  Composition depth: 2
  Operators: ⊗Y → ⊗Y⁻¹

Step 1241: step_0
  Value: 1.098672e-04
  NRCI: 0.999997000000
  Net refinements: 0
  Composition depth: 2
  Operators: ⊗Y → ⊗Y⁻¹

Step 1242: step_0
  Value: 1.018540e-04
  NRCI: 0.999997000000
  Net refinements: 0
  Composition depth: 2
  Operators: ⊗Y → ⊗Y⁻¹

Step 1243: step_0
  Value: 9.439574e-05
  NRCI: 0.999997000000
  Net refinements: 0
  Composition depth: 2
  Operators: ⊗Y → ⊗Y⁻¹

Step 1244: step_0
  Value: 8.745619e-05
  NRCI: 0.999997000000
  Net refinements: 0
  Composition depth: 2
  Operators: ⊗Y → ⊗Y⁻¹

Step 1245: step_0
  Value: 8.100143e-05
  NRCI: 0.999997000000
  Net refinements: 0
  Composition depth: 2
  Operators: ⊗Y → ⊗Y⁻¹

Step 1246: step_0
  Value: 7.499957e-05
  NRCI: 0.999997000000
  Net refinements: 0
  Composition depth: 2
  Operators: ⊗Y → ⊗Y⁻¹

Step 1247: step_0
  Value: 6.942067e-05
  NRCI: 0.999997000000
  Net refinements: 0
  Composition depth: 2
  Operators: ⊗Y → ⊗Y⁻¹

Step 1248: step_0
  Value: 6.423663e-05
  NRCI: 0.999997000000
  Net refinements: 0
  Composition depth: 2
  Operators: ⊗Y → ⊗Y⁻¹

Step 1249: step_0
  Value: 5.426831e-05
  NRCI: 0.999997000000
  Net refinements: 0
  Composition depth: 2
  Operators: ⊗Y → ⊗Y⁻¹

Step 1250: step_0
  Value: 8.319614e-06
  NRCI: 0.999997000000
  Net refinements: 0
  Composition depth: 2
  Operators: ⊗Y → ⊗Y⁻¹

Step 1251: step_0
  Value: 2.539910e-06
  NRCI: 0.999997000000
  Net refinements: 0
  Composition depth: 2
  Operators: ⊗Y → ⊗Y⁻¹

Step 1252: step_0
  Value: 2.347298e-06
  NRCI: 0.999997000000
  Net refinements: 0
  Composition depth: 2
  Operators: ⊗Y → ⊗Y⁻¹

Step 1253: step_0
  Value: 2.168612e-06
  NRCI: 0.999997000000
  Net refinements: 0
  Composition depth: 2
  Operators: ⊗Y → ⊗Y⁻¹

Step 1254: step_0
  Value: 2.002902e-06
  NRCI: 0.999997000000
  Net refinements: 0
  Composition depth: 2
  Operators: ⊗Y → ⊗Y⁻¹

Step 1255: step_0
  Value: 1.849274e-06
  NRCI: 0.999997000000
  Net refinements: 0
  Composition depth: 2
  Operators: ⊗Y → ⊗Y⁻¹

Step 1256: step_0
  Value: 1.706895e-06
  NRCI: 0.999997000000
  Net refinements: 0
  Composition depth: 2
  Operators: ⊗Y → ⊗Y⁻¹

Step 1257: step_0
  Value: 1.574985e-06
  NRCI: 0.999997000000
  Net refinements: 0
  Composition depth: 2
  Operators: ⊗Y → ⊗Y⁻¹

Step 1258: step_0
  Value: 1.452813e-06
  NRCI: 0.999997000000
  Net refinements: 0
  Composition depth: 2
  Operators: ⊗Y → ⊗Y⁻¹

Step 1259: step_0
  Value: 1.339699e-06
  NRCI: 0.999997000000
  Net refinements: 0
  Composition depth: 2
  Operators: ⊗Y → ⊗Y⁻¹

Step 1260: step_0
  Value: 1.235005e-06
  NRCI: 0.999997000000
  Net refinements: 0
  Composition depth: 2
  Operators: ⊗Y → ⊗Y⁻¹

Step 1261: step_0
  Value: 1.138136e-06
  NRCI: 0.999997000000
  Net refinements: 0
  Composition depth: 2
  Operators: ⊗Y → ⊗Y⁻¹

Step 1262: step_0
  Value: 1.048536e-06
  NRCI: 0.999997000000
  Net refinements: 0
  Composition depth: 2
  Operators: ⊗Y → ⊗Y⁻¹

Step 1263: step_0
  Value: 9.656874e-07
  NRCI: 0.999997000000
  Net refinements: 0
  Composition depth: 2
  Operators: ⊗Y → ⊗Y⁻¹

Step 1264: step_0
  Value: 8.891065e-07
  NRCI: 0.999997000000
  Net refinements: 0
  Composition depth: 2
  Operators: ⊗Y → ⊗Y⁻¹

Step 1265: step_0
  Value: 8.183422e-07
  NRCI: 0.999997000000
  Net refinements: 0
  Composition depth: 2
  Operators: ⊗Y → ⊗Y⁻¹

Step 1266: step_0
  Value: 7.529741e-07
  NRCI: 0.999997000000
  Net refinements: 0
  Composition depth: 2
  Operators: ⊗Y → ⊗Y⁻¹

Step 1267: step_0
  Value: 6.926105e-07
  NRCI: 0.999997000000
  Net refinements: 0
  Composition depth: 2
  Operators: ⊗Y → ⊗Y⁻¹

Step 1268: step_0
  Value: 6.368866e-07
  NRCI: 0.999997000000
  Net refinements: 0
  Composition depth: 2
  Operators: ⊗Y → ⊗Y⁻¹

Step 1269: step_0
  Value: 5.854624e-07
  NRCI: 0.999997000000
  Net refinements: 0
  Composition depth: 2
  Operators: ⊗Y → ⊗Y⁻¹

Step 1270: step_0
  Value: 5.380219e-07
  NRCI: 0.999997000000
  Net refinements: 0
  Composition depth: 2
  Operators: ⊗Y → ⊗Y⁻¹

Step 1271: step_0
  Value: 4.942706e-07
  NRCI: 0.999997000000
  Net refinements: 0
  Composition depth: 2
  Operators: ⊗Y → ⊗Y⁻¹

Step 1272: step_0
  Value: 4.539349e-07
  NRCI: 0.999997000000
  Net refinements: 0
  Composition depth: 2
  Operators: ⊗Y → ⊗Y⁻¹

Step 1273: step_0
  Value: 4.167603e-07
  NRCI: 0.999997000000
  Net refinements: 0
  Composition depth: 2
  Operators: ⊗Y → ⊗Y⁻¹

Step 1274: step_0
  Value: 3.825103e-07
  NRCI: 0.999997000000
  Net refinements: 0
  Composition depth: 2
  Operators: ⊗Y → ⊗Y⁻¹

Step 1275: step_0
  Value: 3.509650e-07
  NRCI: 0.999997000000
  Net refinements: 0
  Composition depth: 2
  Operators: ⊗Y → ⊗Y⁻¹

Step 1276: step_0
  Value: 3.219203e-07
  NRCI: 0.999997000000
  Net refinements: 0
  Composition depth: 2
  Operators: ⊗Y → ⊗Y⁻¹

Step 1277: step_0
  Value: 2.951868e-07
  NRCI: 0.999997000000
  Net refinements: 0
  Composition depth: 2
  Operators: ⊗Y → ⊗Y⁻¹

Step 1278: step_0
  Value: 2.705886e-07
  NRCI: 0.999997000000
  Net refinements: 0
  Composition depth: 2
  Operators: ⊗Y → ⊗Y⁻¹

Step 1279: step_0
  Value: 2.479625e-07
  NRCI: 0.999997000000
  Net refinements: 0
  Composition depth: 2
  Operators: ⊗Y → ⊗Y⁻¹

Step 1280: step_0
  Value: 2.271571e-07
  NRCI: 0.999997000000
  Net refinements: 0
  Composition depth: 2
  Operators: ⊗Y → ⊗Y⁻¹

Step 1281: step_0
  Value: 2.080323e-07
  NRCI: 0.999997000000
  Net refinements: 0
  Composition depth: 2
  Operators: ⊗Y → ⊗Y⁻¹

Step 1282: step_0
  Value: 1.904579e-07
  NRCI: 0.999997000000
  Net refinements: 0
  Composition depth: 2
  Operators: ⊗Y → ⊗Y⁻¹

Step 1283: step_0
  Value: 1.743136e-07
  NRCI: 0.999997000000
  Net refinements: 0
  Composition depth: 2
  Operators: ⊗Y → ⊗Y⁻¹

Step 1284: step_0
  Value: 1.594878e-07
  NRCI: 0.999997000000
  Net refinements: 0
  Composition depth: 2
  Operators: ⊗Y → ⊗Y⁻¹

Step 1285: step_0
  Value: 1.458773e-07
  NRCI: 0.999997000000
  Net refinements: 0
  Composition depth: 2
  Operators: ⊗Y → ⊗Y⁻¹

Step 1286: step_0
  Value: 1.333865e-07
  NRCI: 0.999997000000
  Net refinements: 0
  Composition depth: 2
  Operators: ⊗Y → ⊗Y⁻¹

Step 1287: step_0
  Value: 1.219270e-07
  NRCI: 0.999997000000
  Net refinements: 0
  Composition depth: 2
  Operators: ⊗Y → ⊗Y⁻¹

Step 1288: step_0
  Value: 1.114171e-07
  NRCI: 0.999997000000
  Net refinements: 0
  Composition depth: 2
  Operators: ⊗Y → ⊗Y⁻¹

Step 1289: step_0
  Value: 1.017813e-07
  NRCI: 0.999997000000
  Net refinements: 0
  Composition depth: 2
  Operators: ⊗Y → ⊗Y⁻¹

Step 1290: step_0
  Value: 9.294969e-08
  NRCI: 0.999997000000
  Net refinements: 0
  Composition depth: 2
  Operators: ⊗Y → ⊗Y⁻¹

Step 1291: step_0
  Value: 8.485781e-08
  NRCI: 0.999997000000
  Net refinements: 0
  Composition depth: 2
  Operators: ⊗Y → ⊗Y⁻¹

Step 1292: step_0
  Value: 7.744612e-08
  NRCI: 0.999997000000
  Net refinements: 0
  Composition depth: 2
  Operators: ⊗Y → ⊗Y⁻¹

Step 1293: step_0
  Value: 7.065964e-08
  NRCI: 0.999997000000
  Net refinements: 0
  Composition depth: 2
  Operators: ⊗Y → ⊗Y⁻¹

Step 1294: step_0
  Value: 6.444767e-08
  NRCI: 0.999997000000
  Net refinements: 0
  Composition depth: 2
  Operators: ⊗Y → ⊗Y⁻¹

Step 1295: step_0
  Value: 5.876340e-08
  NRCI: 0.999997000000
  Net refinements: 0
  Composition depth: 2
  Operators: ⊗Y → ⊗Y⁻¹

Step 1296: step_0
  Value: 5.356370e-08
  NRCI: 0.999997000000
  Net refinements: 0
  Composition depth: 2
  Operators: ⊗Y → ⊗Y⁻¹

Step 1297: step_0
  Value: 4.880880e-08
  NRCI: 0.999997000000
  Net refinements: 0
  Composition depth: 2
  Operators: ⊗Y → ⊗Y⁻¹

Step 1298: step_0
  Value: 4.446207e-08
  NRCI: 0.999997000000
  Net refinements: 0
  Composition depth: 2
  Operators: ⊗Y → ⊗Y⁻¹

Step 1299: step_0
  Value: 4.048976e-08
  NRCI: 0.999997000000
  Net refinements: 0
  Composition depth: 2
  Operators: ⊗Y → ⊗Y⁻¹

Step 1300: step_0
  Value: 3.686079e-08
  NRCI: 0.999997000000
  Net refinements: 0
  Composition depth: 2
  Operators: ⊗Y → ⊗Y⁻¹

Step 1301: step_0
  Value: 3.354656e-08
  NRCI: 0.999997000000
  Net refinements: 0
  Composition depth: 2
  Operators: ⊗Y → ⊗Y⁻¹

Step 1302: step_0
  Value: 3.052076e-08
  NRCI: 0.999997000000
  Net refinements: 0
  Composition depth: 2
  Operators: ⊗Y → ⊗Y⁻¹

Step 1303: step_0
  Value: 2.775918e-08
  NRCI: 0.999997000000
  Net refinements: 0
  Composition depth: 2
  Operators: ⊗Y → ⊗Y⁻¹

Step 1304: step_0
  Value: 2.523957e-08
  NRCI: 0.999997000000
  Net refinements: 0
  Composition depth: 2
  Operators: ⊗Y → ⊗Y⁻¹

Step 1305: step_0
  Value: 2.294147e-08
  NRCI: 0.999997000000
  Net refinements: 0
  Composition depth: 2
  Operators: ⊗Y → ⊗Y⁻¹

Step 1306: step_0
  Value: 2.084608e-08
  NRCI: 0.999997000000
  Net refinements: 0
  Composition depth: 2
  Operators: ⊗Y → ⊗Y⁻¹

Step 1307: step_0
  Value: 1.893614e-08
  NRCI: 0.999997000000
  Net refinements: 0
  Composition depth: 2
  Operators: ⊗Y → ⊗Y⁻¹

Step 1308: step_0
  Value: 1.719580e-08
  NRCI: 0.999997000000
  Net refinements: 0
  Composition depth: 2
  Operators: ⊗Y → ⊗Y⁻¹

Step 1309: step_0
  Value: 1.561053e-08
  NRCI: 0.999997000000
  Net refinements: 0
  Composition depth: 2
  Operators: ⊗Y → ⊗Y⁻¹

Step 1310: step_0
  Value: 1.416695e-08
  NRCI: 0.999997000000
  Net refinements: 0
  Composition depth: 2
  Operators: ⊗Y → ⊗Y⁻¹

Step 1311: step_0
  Value: 1.285285e-08
  NRCI: 0.999997000000
  Net refinements: 0
  Composition depth: 2
  Operators: ⊗Y → ⊗Y⁻¹

Step 1312: step_0
  Value: 1.165699e-08
  NRCI: 0.999997000000
  Net refinements: 0
  Composition depth: 2
  Operators: ⊗Y → ⊗Y⁻¹

Step 1313: step_0
  Value: 1.056908e-08
  NRCI: 0.999997000000
  Net refinements: 0
  Composition depth: 2
  Operators: ⊗Y → ⊗Y⁻¹

Step 1314: step_0
  Value: 9.579699e-09
  NRCI: 0.999997000000
  Net refinements: 0
  Composition depth: 2
  Operators: ⊗Y → ⊗Y⁻¹

Step 1315: step_0
  Value: 8.680217e-09
  NRCI: 0.999997000000
  Net refinements: 0
  Composition depth: 2
  Operators: ⊗Y → ⊗Y⁻¹

Step 1316: step_0
  Value: 7.862728e-09
  NRCI: 0.999997000000
  Net refinements: 0
  Composition depth: 2
  Operators: ⊗Y → ⊗Y⁻¹

Step 1317: step_0
  Value: 7.119999e-09
  NRCI: 0.999997000000
  Net refinements: 0
  Composition depth: 2
  Operators: ⊗Y → ⊗Y⁻¹

Step 1318: step_0
  Value: 6.445409e-09
  NRCI: 0.999997000000
  Net refinements: 0
  Composition depth: 2
  Operators: ⊗Y → ⊗Y⁻¹

Step 1319: step_0
  Value: 5.832906e-09
  NRCI: 0.999997000000
  Net refinements: 0
  Composition depth: 2
  Operators: ⊗Y → ⊗Y⁻¹

Step 1320: step_0
  Value: 5.276956e-09
  NRCI: 0.999997000000
  Net refinements: 0
  Composition depth: 2
  Operators: ⊗Y → ⊗Y⁻¹

Step 1321: step_0
  Value: 4.772500e-09
  NRCI: 0.999997000000
  Net refinements: 0
  Composition depth: 2
  Operators: ⊗Y → ⊗Y⁻¹

Step 1322: step_0
  Value: 4.314916e-09
  NRCI: 0.999997000000
  Net refinements: 0
  Composition depth: 2
  Operators: ⊗Y → ⊗Y⁻¹

Step 1323: step_0
  Value: 3.899982e-09
  NRCI: 0.999997000000
  Net refinements: 0
  Composition depth: 2
  Operators: ⊗Y → ⊗Y⁻¹

Step 1324: step_0
  Value: 3.523846e-09
  NRCI: 0.999997000000
  Net refinements: 0
  Composition depth: 2
  Operators: ⊗Y → ⊗Y⁻¹

Step 1325: step_0
  Value: 3.182989e-09
  NRCI: 0.999997000000
  Net refinements: 0
  Composition depth: 2
  Operators: ⊗Y → ⊗Y⁻¹

Step 1326: step_0
  Value: 2.874203e-09
  NRCI: 0.999997000000
  Net refinements: 0
  Composition depth: 2
  Operators: ⊗Y → ⊗Y⁻¹

Step 1327: step_0
  Value: 2.594559e-09
  NRCI: 0.999997000000
  Net refinements: 0
  Composition depth: 2
  Operators: ⊗Y → ⊗Y⁻¹

Step 1328: step_0
  Value: 2.341389e-09
  NRCI: 0.999997000000
  Net refinements: 0
  Composition depth: 2
  Operators: ⊗Y → ⊗Y⁻¹

Step 1329: step_0
  Value: 2.112261e-09
  NRCI: 0.999997000000
  Net refinements: 0
  Composition depth: 2
  Operators: ⊗Y → ⊗Y⁻¹

Step 1330: step_0
  Value: 1.904959e-09
  NRCI: 0.999997000000
  Net refinements: 0
  Composition depth: 2
  Operators: ⊗Y → ⊗Y⁻¹

Step 1331: step_0
  Value: 1.717464e-09
  NRCI: 0.999997000000
  Net refinements: 0
  Composition depth: 2
  Operators: ⊗Y → ⊗Y⁻¹

Step 1332: step_0
  Value: 1.547938e-09
  NRCI: 0.999997000000
  Net refinements: 0
  Composition depth: 2
  Operators: ⊗Y → ⊗Y⁻¹

Step 1333: step_0
  Value: 1.394708e-09
  NRCI: 0.999997000000
  Net refinements: 0
  Composition depth: 2
  Operators: ⊗Y → ⊗Y⁻¹

Step 1334: step_0
  Value: 1.256253e-09
  NRCI: 0.999997000000
  Net refinements: 0
  Composition depth: 2
  Operators: ⊗Y → ⊗Y⁻¹

Step 1335: step_0
  Value: 1.131188e-09
  NRCI: 0.999997000000
  Net refinements: 0
  Composition depth: 2
  Operators: ⊗Y → ⊗Y⁻¹

Step 1336: step_0
  Value: 1.018255e-09
  NRCI: 0.999997000000
  Net refinements: 0
  Composition depth: 2
  Operators: ⊗Y → ⊗Y⁻¹

Step 1337: step_0
  Value: 9.163097e-10
  NRCI: 0.999997000000
  Net refinements: 0
  Composition depth: 2
  Operators: ⊗Y → ⊗Y⁻¹

Step 1338: step_0
  Value: 8.243125e-10
  NRCI: 0.999997000000
  Net refinements: 0
  Composition depth: 2
  Operators: ⊗Y → ⊗Y⁻¹

Step 1339: step_0
  Value: 7.413195e-10
  NRCI: 0.999997000000
  Net refinements: 0
  Composition depth: 2
  Operators: ⊗Y → ⊗Y⁻¹

Step 1340: step_0
  Value: 6.664736e-10
  NRCI: 0.999997000000
  Net refinements: 0
  Composition depth: 2
  Operators: ⊗Y → ⊗Y⁻¹

Step 1341: step_0
  Value: 5.989967e-10
  NRCI: 0.999997000000
  Net refinements: 0
  Composition depth: 2
  Operators: ⊗Y → ⊗Y⁻¹

Step 1342: step_0
  Value: 5.381828e-10
  NRCI: 0.999997000000
  Net refinements: 0
  Composition depth: 2
  Operators: ⊗Y → ⊗Y⁻¹

Step 1343: step_0
  Value: 4.833917e-10
  NRCI: 0.999997000000
  Net refinements: 0
  Composition depth: 2
  Operators: ⊗Y → ⊗Y⁻¹

Step 1344: step_0
  Value: 4.340428e-10
  NRCI: 0.999997000000
  Net refinements: 0
  Composition depth: 2
  Operators: ⊗Y → ⊗Y⁻¹

Step 1345: step_0
  Value: 3.896097e-10
  NRCI: 0.999997000000
  Net refinements: 0
  Composition depth: 2
  Operators: ⊗Y → ⊗Y⁻¹

Step 1346: step_0
  Value: 3.496158e-10
  NRCI: 0.999997000000
  Net refinements: 0
  Composition depth: 2
  Operators: ⊗Y → ⊗Y⁻¹

Step 1347: step_0
  Value: 3.136290e-10
  NRCI: 0.999997000000
  Net refinements: 0
  Composition depth: 2
  Operators: ⊗Y → ⊗Y⁻¹

Step 1348: step_0
  Value: 2.812583e-10
  NRCI: 0.999997000000
  Net refinements: 0
  Composition depth: 2
  Operators: ⊗Y → ⊗Y⁻¹

Step 1349: step_0
  Value: 2.521497e-10
  NRCI: 0.999997000000
  Net refinements: 0
  Composition depth: 2
  Operators: ⊗Y → ⊗Y⁻¹

Step 1350: step_0
  Value: 2.259828e-10
  NRCI: 0.999997000000
  Net refinements: 0
  Composition depth: 2
  Operators: ⊗Y → ⊗Y⁻¹

Step 1351: step_0
  Value: 2.024680e-10
  NRCI: 0.999997000000
  Net refinements: 0
  Composition depth: 2
  Operators: ⊗Y → ⊗Y⁻¹

Step 1352: step_0
  Value: 1.813432e-10
  NRCI: 0.999997000000
  Net refinements: 0
  Composition depth: 2
  Operators: ⊗Y → ⊗Y⁻¹

Step 1353: step_0
  Value: 1.623716e-10
  NRCI: 0.999997000000
  Net refinements: 0
  Composition depth: 2
  Operators: ⊗Y → ⊗Y⁻¹

Step 1354: step_0
  Value: 1.453393e-10
  NRCI: 0.999997000000
  Net refinements: 0
  Composition depth: 2
  Operators: ⊗Y → ⊗Y⁻¹

Step 1355: step_0
  Value: 1.300528e-10
  NRCI: 0.999997000000
  Net refinements: 0
  Composition depth: 2
  Operators: ⊗Y → ⊗Y⁻¹

Step 1356: step_0
  Value: 1.163377e-10
  NRCI: 0.999997000000
  Net refinements: 0
  Composition depth: 2
  Operators: ⊗Y → ⊗Y⁻¹

Step 1357: step_0
  Value: 1.040364e-10
  NRCI: 0.999997000000
  Net refinements: 0
  Composition depth: 2
  Operators: ⊗Y → ⊗Y⁻¹

Step 1358: step_0
  Value: 9.300662e-11
  NRCI: 0.999997000000
  Net refinements: 0
  Composition depth: 2
  Operators: ⊗Y → ⊗Y⁻¹

Step 1359: step_0
  Value: 8.312018e-11
  NRCI: 0.999997000000
  Net refinements: 0
  Composition depth: 2
  Operators: ⊗Y → ⊗Y⁻¹

Step 1360: step_0
  Value: 7.426138e-11
  NRCI: 0.999997000000
  Net refinements: 0
  Composition depth: 2
  Operators: ⊗Y → ⊗Y⁻¹

Step 1361: step_0
  Value: 6.632595e-11
  NRCI: 0.999997000000
  Net refinements: 0
  Composition depth: 2
  Operators: ⊗Y → ⊗Y⁻¹

Step 1362: step_0
  Value: 5.921994e-11
  NRCI: 0.999997000000
  Net refinements: 0
  Composition depth: 2
  Operators: ⊗Y → ⊗Y⁻¹

Step 1363: step_0
  Value: 5.285868e-11
  NRCI: 0.999997000000
  Net refinements: 0
  Composition depth: 2
  Operators: ⊗Y → ⊗Y⁻¹

Step 1364: step_0
  Value: 4.716596e-11
  NRCI: 0.999997000000
  Net refinements: 0
  Composition depth: 2
  Operators: ⊗Y → ⊗Y⁻¹

Step 1365: step_0
  Value: 4.207315e-11
  NRCI: 0.999997000000
  Net refinements: 0
  Composition depth: 2
  Operators: ⊗Y → ⊗Y⁻¹

Step 1366: step_0
  Value: 3.751848e-11
  NRCI: 0.999997000000
  Net refinements: 0
  Composition depth: 2
  Operators: ⊗Y → ⊗Y⁻¹

Step 1367: step_0
  Value: 3.344640e-11
  NRCI: 0.999997000000
  Net refinements: 0
  Composition depth: 2
  Operators: ⊗Y → ⊗Y⁻¹

Step 1368: step_0
  Value: 2.980695e-11
  NRCI: 0.999997000000
  Net refinements: 0
  Composition depth: 2
  Operators: ⊗Y → ⊗Y⁻¹

Step 1369: step_0
  Value: 2.655521e-11
  NRCI: 0.999997000000
  Net refinements: 0
  Composition depth: 2
  Operators: ⊗Y → ⊗Y⁻¹

Step 1370: step_0
  Value: 2.365080e-11
  NRCI: 0.999997000000
  Net refinements: 0
  Composition depth: 2
  Operators: ⊗Y → ⊗Y⁻¹

Step 1371: step_0
  Value: 2.105745e-11
  NRCI: 0.999997000000
  Net refinements: 0
  Composition depth: 2
  Operators: ⊗Y → ⊗Y⁻¹

Step 1372: step_0
  Value: 1.874259e-11
  NRCI: 0.999997000000
  Net refinements: 0
  Composition depth: 2
  Operators: ⊗Y → ⊗Y⁻¹

Step 1373: step_0
  Value: 1.667699e-11
  NRCI: 0.999997000000
  Net refinements: 0
  Composition depth: 2
  Operators: ⊗Y → ⊗Y⁻¹

Step 1374: step_0
  Value: 1.483438e-11
  NRCI: 0.999997000000
  Net refinements: 0
  Composition depth: 2
  Operators: ⊗Y → ⊗Y⁻¹

Step 1375: step_0
  Value: 1.319123e-11
  NRCI: 0.999997000000
  Net refinements: 0
  Composition depth: 2
  Operators: ⊗Y → ⊗Y⁻¹

Step 1376: step_0
  Value: 1.172641e-11
  NRCI: 0.999997000000
  Net refinements: 0
  Composition depth: 2
  Operators: ⊗Y → ⊗Y⁻¹

Step 1377: step_0
  Value: 1.042099e-11
  NRCI: 0.999997000000
  Net refinements: 0
  Composition depth: 2
  Operators: ⊗Y → ⊗Y⁻¹

Step 1378: step_0
  Value: 9.257984e-12
  NRCI: 0.999997000000
  Net refinements: 0
  Composition depth: 2
  Operators: ⊗Y → ⊗Y⁻¹

Step 1379: step_0
  Value: 8.222201e-12
  NRCI: 0.999997000000
  Net refinements: 0
  Composition depth: 2
  Operators: ⊗Y → ⊗Y⁻¹

Step 1380: step_0
  Value: 7.300013e-12
  NRCI: 0.999997000000
  Net refinements: 0
  Composition depth: 2
  Operators: ⊗Y → ⊗Y⁻¹

Step 1381: step_0
  Value: 6.479227e-12
  NRCI: 0.999997000000
  Net refinements: 0
  Composition depth: 2
  Operators: ⊗Y → ⊗Y⁻¹

Step 1382: step_0
  Value: 5.748925e-12
  NRCI: 0.999997000000
  Net refinements: 0
  Composition depth: 2
  Operators: ⊗Y → ⊗Y⁻¹

Step 1383: step_0
  Value: 5.099341e-12
  NRCI: 0.999997000000
  Net refinements: 0
  Composition depth: 2
  Operators: ⊗Y → ⊗Y⁻¹

Step 1384: step_0
  Value: 4.521738e-12
  NRCI: 0.999997000000
  Net refinements: 0
  Composition depth: 2
  Operators: ⊗Y → ⊗Y⁻¹

Step 1385: step_0
  Value: 4.008305e-12
  NRCI: 0.999997000000
  Net refinements: 0
  Composition depth: 2
  Operators: ⊗Y → ⊗Y⁻¹

Step 1386: step_0
  Value: 3.552058e-12
  NRCI: 0.999997000000
  Net refinements: 0
  Composition depth: 2
  Operators: ⊗Y → ⊗Y⁻¹

Step 1387: step_0
  Value: 3.146758e-12
  NRCI: 0.999997000000
  Net refinements: 0
  Composition depth: 2
  Operators: ⊗Y → ⊗Y⁻¹

Step 1388: step_0
  Value: 2.786830e-12
  NRCI: 0.999997000000
  Net refinements: 0
  Composition depth: 2
  Operators: ⊗Y → ⊗Y⁻¹

Step 1389: step_0
  Value: 2.467298e-12
  NRCI: 0.999997000000
  Net refinements: 0
  Composition depth: 2
  Operators: ⊗Y → ⊗Y⁻¹

Step 1390: step_0
  Value: 2.183719e-12
  NRCI: 0.999997000000
  Net refinements: 0
  Composition depth: 2
  Operators: ⊗Y → ⊗Y⁻¹

Step 1391: step_0
  Value: 1.932127e-12
  NRCI: 0.999997000000
  Net refinements: 0
  Composition depth: 2
  Operators: ⊗Y → ⊗Y⁻¹

Step 1392: step_0
  Value: 1.708987e-12
  NRCI: 0.999997000000
  Net refinements: 0
  Composition depth: 2
  Operators: ⊗Y → ⊗Y⁻¹

Step 1393: step_0
  Value: 1.511143e-12
  NRCI: 0.999997000000
  Net refinements: 0
  Composition depth: 2
  Operators: ⊗Y → ⊗Y⁻¹

Step 1394: step_0
  Value: 1.335785e-12
  NRCI: 0.999997000000
  Net refinements: 0
  Composition depth: 2
  Operators: ⊗Y → ⊗Y⁻¹

Step 1395: step_0
  Value: 1.180406e-12
  NRCI: 0.999997000000
  Net refinements: 0
  Composition depth: 2
  Operators: ⊗Y → ⊗Y⁻¹

Step 1396: step_0
  Value: 1.042774e-12
  NRCI: 0.999997000000
  Net refinements: 0
  Composition depth: 2
  Operators: ⊗Y → ⊗Y⁻¹

Step 1397: step_0
  Value: 9.209010e-13
  NRCI: 0.999997000000
  Net refinements: 0
  Composition depth: 2
  Operators: ⊗Y → ⊗Y⁻¹

Step 1398: step_0
  Value: 8.130170e-13
  NRCI: 0.999997000000
  Net refinements: 0
  Composition depth: 2
  Operators: ⊗Y → ⊗Y⁻¹

Step 1399: step_0
  Value: 7.175469e-13
  NRCI: 0.999997000000
  Net refinements: 0
  Composition depth: 2
  Operators: ⊗Y → ⊗Y⁻¹

Step 1400: step_0
  Value: 6.330892e-13
  NRCI: 0.999997000000
  Net refinements: 0
  Composition depth: 2
  Operators: ⊗Y → ⊗Y⁻¹

Step 1401: step_0
  Value: 5.583975e-13
  NRCI: 0.999997000000
  Net refinements: 0
  Composition depth: 2
  Operators: ⊗Y → ⊗Y⁻¹

Step 1402: step_0
  Value: 4.923636e-13
  NRCI: 0.999997000000
  Net refinements: 0
  Composition depth: 2
  Operators: ⊗Y → ⊗Y⁻¹

Step 1403: step_0
  Value: 4.340027e-13
  NRCI: 0.999997000000
  Net refinements: 0
  Composition depth: 2
  Operators: ⊗Y → ⊗Y⁻¹

Step 1404: step_0
  Value: 3.824395e-13
  NRCI: 0.999997000000
  Net refinements: 0
  Composition depth: 2
  Operators: ⊗Y → ⊗Y⁻¹

Step 1405: step_0
  Value: 3.368970e-13
  NRCI: 0.999997000000
  Net refinements: 0
  Composition depth: 2
  Operators: ⊗Y → ⊗Y⁻¹

Step 1406: step_0
  Value: 2.966849e-13
  NRCI: 0.999997000000
  Net refinements: 0
  Composition depth: 2
  Operators: ⊗Y → ⊗Y⁻¹

Step 1407: step_0
  Value: 2.611907e-13
  NRCI: 0.999997000000
  Net refinements: 0
  Composition depth: 2
  Operators: ⊗Y → ⊗Y⁻¹

Step 1408: step_0
  Value: 2.298709e-13
  NRCI: 0.999997000000
  Net refinements: 0
  Composition depth: 2
  Operators: ⊗Y → ⊗Y⁻¹

Step 1409: step_0
  Value: 2.022433e-13
  NRCI: 0.999997000000
  Net refinements: 0
  Composition depth: 2
  Operators: ⊗Y → ⊗Y⁻¹

Step 1410: step_0
  Value: 1.778804e-13
  NRCI: 0.999997000000
  Net refinements: 0
  Composition depth: 2
  Operators: ⊗Y → ⊗Y⁻¹

Step 1411: step_0
  Value: 1.564034e-13
  NRCI: 0.999997000000
  Net refinements: 0
  Composition depth: 2
  Operators: ⊗Y → ⊗Y⁻¹

Step 1412: step_0
  Value: 1.374764e-13
  NRCI: 0.999997000000
  Net refinements: 0
  Composition depth: 2
  Operators: ⊗Y → ⊗Y⁻¹

Step 1413: step_0
  Value: 1.208020e-13
  NRCI: 0.999997000000
  Net refinements: 0
  Composition depth: 2
  Operators: ⊗Y → ⊗Y⁻¹

Step 1414: step_0
  Value: 1.061168e-13
  NRCI: 0.999997000000
  Net refinements: 0
  Composition depth: 2
  Operators: ⊗Y → ⊗Y⁻¹

Step 1415: step_0
  Value: 9.318759e-14
  NRCI: 0.999997000000
  Net refinements: 0
  Composition depth: 2
  Operators: ⊗Y → ⊗Y⁻¹

Step 1416: step_0
  Value: 8.180802e-14
  NRCI: 0.999997000000
  Net refinements: 0
  Composition depth: 2
  Operators: ⊗Y → ⊗Y⁻¹

Step 1417: step_0
  Value: 7.179557e-14
  NRCI: 0.999997000000
  Net refinements: 0
  Composition depth: 2
  Operators: ⊗Y → ⊗Y⁻¹

Step 1418: step_0
  Value: 6.298881e-14
  NRCI: 0.999997000000
  Net refinements: 0
  Composition depth: 2
  Operators: ⊗Y → ⊗Y⁻¹

Step 1419: step_0
  Value: 5.524501e-14
  NRCI: 0.999997000000
  Net refinements: 0
  Composition depth: 2
  Operators: ⊗Y → ⊗Y⁻¹

Step 1420: step_0
  Value: 4.843806e-14
  NRCI: 0.999997000000
  Net refinements: 0
  Composition depth: 2
  Operators: ⊗Y → ⊗Y⁻¹

Step 1421: step_0
  Value: 4.245651e-14
  NRCI: 0.999997000000
  Net refinements: 0
  Composition depth: 2
  Operators: ⊗Y → ⊗Y⁻¹

Step 1422: step_0
  Value: 3.720196e-14
  NRCI: 0.999997000000
  Net refinements: 0
  Composition depth: 2
  Operators: ⊗Y → ⊗Y⁻¹

Step 1423: step_0
  Value: 3.258752e-14
  NRCI: 0.999997000000
  Net refinements: 0
  Composition depth: 2
  Operators: ⊗Y → ⊗Y⁻¹

Step 1424: step_0
  Value: 2.853650e-14
  NRCI: 0.999997000000
  Net refinements: 0
  Composition depth: 2
  Operators: ⊗Y → ⊗Y⁻¹

Step 1425: step_0
  Value: 2.498125e-14
  NRCI: 0.999997000000
  Net refinements: 0
  Composition depth: 2
  Operators: ⊗Y → ⊗Y⁻¹

Step 1426: step_0
  Value: 2.186208e-14
  NRCI: 0.999997000000
  Net refinements: 0
  Composition depth: 2
  Operators: ⊗Y → ⊗Y⁻¹

Step 1427: step_0
  Value: 1.912638e-14
  NRCI: 0.999997000000
  Net refinements: 0
  Composition depth: 2
  Operators: ⊗Y → ⊗Y⁻¹

Step 1428: step_0
  Value: 1.672777e-14
  NRCI: 0.999997000000
  Net refinements: 0
  Composition depth: 2
  Operators: ⊗Y → ⊗Y⁻¹

Step 1429: step_0
  Value: 1.462538e-14
  NRCI: 0.999997000000
  Net refinements: 0
  Composition depth: 2
  Operators: ⊗Y → ⊗Y⁻¹

Step 1430: step_0
  Value: 1.278322e-14
  NRCI: 0.999997000000
  Net refinements: 0
  Composition depth: 2
  Operators: ⊗Y → ⊗Y⁻¹

Step 1431: step_0
  Value: 1.116960e-14
  NRCI: 0.999997000000
  Net refinements: 0
  Composition depth: 2
  Operators: ⊗Y → ⊗Y⁻¹

Step 1432: step_0
  Value: 9.756600e-15
  NRCI: 0.999997000000
  Net refinements: 0
  Composition depth: 2
  Operators: ⊗Y → ⊗Y⁻¹

Step 1433: step_0
  Value: 8.519684e-15
  NRCI: 0.999997000000
  Net refinements: 0
  Composition depth: 2
  Operators: ⊗Y → ⊗Y⁻¹

Step 1434: step_0
  Value: 7.437251e-15
  NRCI: 0.999997000000
  Net refinements: 0
  Composition depth: 2
  Operators: ⊗Y → ⊗Y⁻¹

Step 1435: step_0
  Value: 6.490309e-15
  NRCI: 0.999997000000
  Net refinements: 0
  Composition depth: 2
  Operators: ⊗Y → ⊗Y⁻¹

Step 1436: step_0
  Value: 5.662161e-15
  NRCI: 0.999997000000
  Net refinements: 0
  Composition depth: 2
  Operators: ⊗Y → ⊗Y⁻¹

Step 1437: step_0
  Value: 4.938136e-15
  NRCI: 0.999997000000
  Net refinements: 0
  Composition depth: 2
  Operators: ⊗Y → ⊗Y⁻¹

Step 1438: step_0
  Value: 4.305343e-15
  NRCI: 0.999997000000
  Net refinements: 0
  Composition depth: 2
  Operators: ⊗Y → ⊗Y⁻¹

Step 1439: step_0
  Value: 3.752464e-15
  NRCI: 0.999997000000
  Net refinements: 0
  Composition depth: 2
  Operators: ⊗Y → ⊗Y⁻¹

Step 1440: step_0
  Value: 3.269559e-15
  NRCI: 0.999997000000
  Net refinements: 0
  Composition depth: 2
  Operators: ⊗Y → ⊗Y⁻¹

Step 1441: step_0
  Value: 2.847907e-15
  NRCI: 0.999997000000
  Net refinements: 0
  Composition depth: 2
  Operators: ⊗Y → ⊗Y⁻¹

Step 1442: step_0
  Value: 2.479855e-15
  NRCI: 0.999997000000
  Net refinements: 0
  Composition depth: 2
  Operators: ⊗Y → ⊗Y⁻¹

Step 1443: step_0
  Value: 2.158693e-15
  NRCI: 0.999997000000
  Net refinements: 0
  Composition depth: 2
  Operators: ⊗Y → ⊗Y⁻¹

Step 1444: step_0
  Value: 1.878535e-15
  NRCI: 0.999997000000
  Net refinements: 0
  Composition depth: 2
  Operators: ⊗Y → ⊗Y⁻¹

Step 1445: step_0
  Value: 1.634224e-15
  NRCI: 0.999997000000
  Net refinements: 0
  Composition depth: 2
  Operators: ⊗Y → ⊗Y⁻¹

Step 1446: step_0
  Value: 1.421242e-15
  NRCI: 0.999997000000
  Net refinements: 0
  Composition depth: 2
  Operators: ⊗Y → ⊗Y⁻¹

Step 1447: step_0
  Value: 1.235630e-15
  NRCI: 0.999997000000
  Net refinements: 0
  Composition depth: 2
  Operators: ⊗Y → ⊗Y⁻¹

Step 1448: step_0
  Value: 1.073922e-15
  NRCI: 0.999997000000
  Net refinements: 0
  Composition depth: 2
  Operators: ⊗Y → ⊗Y⁻¹

Step 1449: step_0
  Value: 9.330843e-16
  NRCI: 0.999997000000
  Net refinements: 0
  Composition depth: 2
  Operators: ⊗Y → ⊗Y⁻¹

Step 1450: step_0
  Value: 8.104628e-16
  NRCI: 0.999997000000
  Net refinements: 0
  Composition depth: 2
  Operators: ⊗Y → ⊗Y⁻¹

Step 1451: step_0
  Value: 7.037351e-16
  NRCI: 0.999997000000
  Net refinements: 0
  Composition depth: 2
  Operators: ⊗Y → ⊗Y⁻¹

Step 1452: step_0
  Value: 6.108707e-16
  NRCI: 0.999997000000
  Net refinements: 0
  Composition depth: 2
  Operators: ⊗Y → ⊗Y⁻¹

Step 1453: step_0
  Value: 5.300945e-16
  NRCI: 0.999997000000
  Net refinements: 0
  Composition depth: 2
  Operators: ⊗Y → ⊗Y⁻¹

Step 1454: step_0
  Value: 4.598554e-16
  NRCI: 0.999997000000
  Net refinements: 0
  Composition depth: 2
  Operators: ⊗Y → ⊗Y⁻¹

Step 1455: step_0
  Value: 3.987982e-16
  NRCI: 0.999997000000
  Net refinements: 0
  Composition depth: 2
  Operators: ⊗Y → ⊗Y⁻¹

Step 1456: step_0
  Value: 3.457396e-16
  NRCI: 0.999997000000
  Net refinements: 0
  Composition depth: 2
  Operators: ⊗Y → ⊗Y⁻¹

Step 1457: step_0
  Value: 2.996463e-16
  NRCI: 0.999997000000
  Net refinements: 0
  Composition depth: 2
  Operators: ⊗Y → ⊗Y⁻¹

Step 1458: step_0
  Value: 2.596168e-16
  NRCI: 0.999997000000
  Net refinements: 0
  Composition depth: 2
  Operators: ⊗Y → ⊗Y⁻¹

Step 1459: step_0
  Value: 2.248643e-16
  NRCI: 0.999997000000
  Net refinements: 0
  Composition depth: 2
  Operators: ⊗Y → ⊗Y⁻¹

Step 1460: step_0
  Value: 1.947028e-16
  NRCI: 0.999997000000
  Net refinements: 0
  Composition depth: 2
  Operators: ⊗Y → ⊗Y⁻¹

Step 1461: step_0
  Value: 1.685341e-16
  NRCI: 0.999997000000
  Net refinements: 0
  Composition depth: 2
  Operators: ⊗Y → ⊗Y⁻¹

Step 1462: step_0
  Value: 1.458369e-16
  NRCI: 0.999997000000
  Net refinements: 0
  Composition depth: 2
  Operators: ⊗Y → ⊗Y⁻¹

Step 1463: step_0
  Value: 1.261569e-16
  NRCI: 0.999997000000
  Net refinements: 0
  Composition depth: 2
  Operators: ⊗Y → ⊗Y⁻¹

Step 1464: step_0
  Value: 1.090984e-16
  NRCI: 0.999997000000
  Net refinements: 0
  Composition depth: 2
  Operators: ⊗Y → ⊗Y⁻¹

Step 1465: step_0
  Value: 9.431698e-17
  NRCI: 0.999997000000
  Net refinements: 0
  Composition depth: 2
  Operators: ⊗Y → ⊗Y⁻¹

Step 1466: step_0
  Value: 8.151270e-17
  NRCI: 0.999997000000
  Net refinements: 0
  Composition depth: 2
  Operators: ⊗Y → ⊗Y⁻¹

Step 1467: step_0
  Value: 7.042464e-17
  NRCI: 0.999997000000
  Net refinements: 0
  Composition depth: 2
  Operators: ⊗Y → ⊗Y⁻¹

Step 1468: step_0
  Value: 6.082582e-17
  NRCI: 0.999997000000
  Net refinements: 0
  Composition depth: 2
  Operators: ⊗Y → ⊗Y⁻¹

Step 1469: step_0
  Value: 5.251885e-17
  NRCI: 0.999997000000
  Net refinements: 0
  Composition depth: 2
  Operators: ⊗Y → ⊗Y⁻¹

Step 1470: step_0
  Value: 4.533216e-17
  NRCI: 0.999997000000
  Net refinements: 0
  Composition depth: 2
  Operators: ⊗Y → ⊗Y⁻¹

Step 1471: step_0
  Value: 3.911664e-17
  NRCI: 0.999997000000
  Net refinements: 0
  Composition depth: 2
  Operators: ⊗Y → ⊗Y⁻¹

Step 1472: step_0
  Value: 3.374277e-17
  NRCI: 0.999997000000
  Net refinements: 0
  Composition depth: 2
  Operators: ⊗Y → ⊗Y⁻¹

Step 1473: step_0
  Value: 2.909804e-17
  NRCI: 0.999997000000
  Net refinements: 0
  Composition depth: 2
  Operators: ⊗Y → ⊗Y⁻¹

Step 1474: step_0
  Value: 2.508481e-17
  NRCI: 0.999997000000
  Net refinements: 0
  Composition depth: 2
  Operators: ⊗Y → ⊗Y⁻¹

Step 1475: step_0
  Value: 2.161831e-17
  NRCI: 0.999997000000
  Net refinements: 0
  Composition depth: 2
  Operators: ⊗Y → ⊗Y⁻¹

Step 1476: step_0
  Value: 1.862501e-17
  NRCI: 0.999997000000
  Net refinements: 0
  Composition depth: 2
  Operators: ⊗Y → ⊗Y⁻¹

Step 1477: step_0
  Value: 1.604115e-17
  NRCI: 0.999997000000
  Net refinements: 0
  Composition depth: 2
  Operators: ⊗Y → ⊗Y⁻¹

Step 1478: step_0
  Value: 1.381142e-17
  NRCI: 0.999997000000
  Net refinements: 0
  Composition depth: 2
  Operators: ⊗Y → ⊗Y⁻¹

Step 1479: step_0
  Value: 1.188790e-17
  NRCI: 0.999997000000
  Net refinements: 0
  Composition depth: 2
  Operators: ⊗Y → ⊗Y⁻¹

Step 1480: step_0
  Value: 1.022906e-17
  NRCI: 0.999997000000
  Net refinements: 0
  Composition depth: 2
  Operators: ⊗Y → ⊗Y⁻¹

Step 1481: step_0
  Value: 8.798942e-18
  NRCI: 0.999997000000
  Net refinements: 0
  Composition depth: 2
  Operators: ⊗Y → ⊗Y⁻¹

Step 1482: step_0
  Value: 7.566396e-18
  NRCI: 0.999997000000
  Net refinements: 0
  Composition depth: 2
  Operators: ⊗Y → ⊗Y⁻¹

Step 1483: step_0
  Value: 6.504466e-18
  NRCI: 0.999997000000
  Net refinements: 0
  Composition depth: 2
  Operators: ⊗Y → ⊗Y⁻¹

Step 1484: step_0
  Value: 5.589825e-18
  NRCI: 0.999997000000
  Net refinements: 0
  Composition depth: 2
  Operators: ⊗Y → ⊗Y⁻¹

Step 1485: step_0
  Value: 4.802293e-18
  NRCI: 0.999997000000
  Net refinements: 0
  Composition depth: 2
  Operators: ⊗Y → ⊗Y⁻¹

Step 1486: step_0
  Value: 4.124422e-18
  NRCI: 0.999997000000
  Net refinements: 0
  Composition depth: 2
  Operators: ⊗Y → ⊗Y⁻¹

Step 1487: step_0
  Value: 3.541127e-18
  NRCI: 0.999997000000
  Net refinements: 0
  Composition depth: 2
  Operators: ⊗Y → ⊗Y⁻¹

Step 1488: step_0
  Value: 3.039372e-18
  NRCI: 0.999997000000
  Net refinements: 0
  Composition depth: 2
  Operators: ⊗Y → ⊗Y⁻¹

Step 1489: step_0
  Value: 2.607895e-18
  NRCI: 0.999997000000
  Net refinements: 0
  Composition depth: 2
  Operators: ⊗Y → ⊗Y⁻¹

Step 1490: step_0
  Value: 2.236971e-18
  NRCI: 0.999997000000
  Net refinements: 0
  Composition depth: 2
  Operators: ⊗Y → ⊗Y⁻¹

Step 1491: step_0
  Value: 1.918203e-18
  NRCI: 0.999997000000
  Net refinements: 0
  Composition depth: 2
  Operators: ⊗Y → ⊗Y⁻¹

Step 1492: step_0
  Value: 1.644344e-18
  NRCI: 0.999997000000
  Net refinements: 0
  Composition depth: 2
  Operators: ⊗Y → ⊗Y⁻¹

Step 1493: step_0
  Value: 1.409142e-18
  NRCI: 0.999997000000
  Net refinements: 0
  Composition depth: 2
  Operators: ⊗Y → ⊗Y⁻¹

Step 1494: step_0
  Value: 1.207204e-18
  NRCI: 0.999997000000
  Net refinements: 0
  Composition depth: 2
  Operators: ⊗Y → ⊗Y⁻¹

Step 1495: step_0
  Value: 1.033882e-18
  NRCI: 0.999997000000
  Net refinements: 0
  Composition depth: 2
  Operators: ⊗Y → ⊗Y⁻¹

Step 1496: step_0
  Value: 8.851660e-19
  NRCI: 0.999997000000
  Net refinements: 0
  Composition depth: 2
  Operators: ⊗Y → ⊗Y⁻¹

Step 1497: step_0
  Value: 7.576046e-19
  NRCI: 0.999997000000
  Net refinements: 0
  Composition depth: 2
  Operators: ⊗Y → ⊗Y⁻¹

Step 1498: step_0
  Value: 6.482231e-19
  NRCI: 0.999997000000
  Net refinements: 0
  Composition depth: 2
  Operators: ⊗Y → ⊗Y⁻¹

Step 1499: step_0
  Value: 5.544601e-19
  NRCI: 0.999997000000
  Net refinements: 0
  Composition depth: 2
  Operators: ⊗Y → ⊗Y⁻¹

Step 1500: step_0
  Value: 4.741110e-19
  NRCI: 0.999997000000
  Net refinements: 0
  Composition depth: 2
  Operators: ⊗Y → ⊗Y⁻¹

Step 1501: step_0
  Value: 4.052787e-19
  NRCI: 0.999997000000
  Net refinements: 0
  Composition depth: 2
  Operators: ⊗Y → ⊗Y⁻¹

Step 1502: step_0
  Value: 3.463310e-19
  NRCI: 0.999997000000
  Net refinements: 0
  Composition depth: 2
  Operators: ⊗Y → ⊗Y⁻¹

Step 1503: step_0
  Value: 2.958646e-19
  NRCI: 0.999997000000
  Net refinements: 0
  Composition depth: 2
  Operators: ⊗Y → ⊗Y⁻¹

Step 1504: step_0
  Value: 2.526728e-19
  NRCI: 0.999997000000
  Net refinements: 0
  Composition depth: 2
  Operators: ⊗Y → ⊗Y⁻¹

Step 1505: step_0
  Value: 2.157188e-19
  NRCI: 0.999997000000
  Net refinements: 0
  Composition depth: 2
  Operators: ⊗Y → ⊗Y⁻¹

Step 1506: step_0
  Value: 1.841118e-19
  NRCI: 0.999997000000
  Net refinements: 0
  Composition depth: 2
  Operators: ⊗Y → ⊗Y⁻¹

Step 1507: step_0
  Value: 1.570865e-19
  NRCI: 0.999997000000
  Net refinements: 0
  Composition depth: 2
  Operators: ⊗Y → ⊗Y⁻¹

Step 1508: step_0
  Value: 1.339863e-19
  NRCI: 0.999997000000
  Net refinements: 0
  Composition depth: 2
  Operators: ⊗Y → ⊗Y⁻¹

Step 1509: step_0
  Value: 1.142472e-19
  NRCI: 0.999997000000
  Net refinements: 0
  Composition depth: 2
  Operators: ⊗Y → ⊗Y⁻¹

Step 1510: step_0
  Value: 9.738563e-20
  NRCI: 0.999997000000
  Net refinements: 0
  Composition depth: 2
  Operators: ⊗Y → ⊗Y⁻¹

Step 1511: step_0
  Value: 8.298662e-20
  NRCI: 0.999997000000
  Net refinements: 0
  Composition depth: 2
  Operators: ⊗Y → ⊗Y⁻¹

Step 1512: step_0
  Value: 7.069444e-20
  NRCI: 0.999997000000
  Net refinements: 0
  Composition depth: 2
  Operators: ⊗Y → ⊗Y⁻¹

Step 1513: step_0
  Value: 6.020414e-20
  NRCI: 0.999997000000
  Net refinements: 0
  Composition depth: 2
  Operators: ⊗Y → ⊗Y⁻¹

Step 1514: step_0
  Value: 5.125443e-20
  NRCI: 0.999997000000
  Net refinements: 0
  Composition depth: 2
  Operators: ⊗Y → ⊗Y⁻¹

Step 1515: step_0
  Value: 4.362149e-20
  NRCI: 0.999997000000
  Net refinements: 0
  Composition depth: 2
  Operators: ⊗Y → ⊗Y⁻¹

Step 1516: step_0
  Value: 3.711363e-20
  NRCI: 0.999997000000
  Net refinements: 0
  Composition depth: 2
  Operators: ⊗Y → ⊗Y⁻¹

Step 1517: step_0
  Value: 3.156679e-20
  NRCI: 0.999997000000
  Net refinements: 0
  Composition depth: 2
  Operators: ⊗Y → ⊗Y⁻¹

Step 1518: step_0
  Value: 2.684054e-20
  NRCI: 0.999997000000
  Net refinements: 0
  Composition depth: 2
  Operators: ⊗Y → ⊗Y⁻¹

Step 1519: step_0
  Value: 2.281477e-20
  NRCI: 0.999997000000
  Net refinements: 0
  Composition depth: 2
  Operators: ⊗Y → ⊗Y⁻¹

Step 1520: step_0
  Value: 1.938674e-20
  NRCI: 0.999997000000
  Net refinements: 0
  Composition depth: 2
  Operators: ⊗Y → ⊗Y⁻¹

Step 1521: step_0
  Value: 1.646863e-20
  NRCI: 0.999997000000
  Net refinements: 0
  Composition depth: 2
  Operators: ⊗Y → ⊗Y⁻¹

Step 1522: step_0
  Value: 1.398538e-20
  NRCI: 0.999997000000
  Net refinements: 0
  Composition depth: 2
  Operators: ⊗Y → ⊗Y⁻¹

Step 1523: step_0
  Value: 1.187285e-20
  NRCI: 0.999997000000
  Net refinements: 0
  Composition depth: 2
  Operators: ⊗Y → ⊗Y⁻¹

Step 1524: step_0
  Value: 1.007626e-20
  NRCI: 0.999997000000
  Net refinements: 0
  Composition depth: 2
  Operators: ⊗Y → ⊗Y⁻¹

Step 1525: step_0
  Value: 8.548857e-21
  NRCI: 0.999997000000
  Net refinements: 0
  Composition depth: 2
  Operators: ⊗Y → ⊗Y⁻¹

Step 1526: step_0
  Value: 7.250710e-21
  NRCI: 0.999997000000
  Net refinements: 0
  Composition depth: 2
  Operators: ⊗Y → ⊗Y⁻¹

Step 1527: step_0
  Value: 6.147761e-21
  NRCI: 0.999997000000
  Net refinements: 0
  Composition depth: 2
  Operators: ⊗Y → ⊗Y⁻¹

Step 1528: step_0
  Value: 5.210955e-21
  NRCI: 0.999997000000
  Net refinements: 0
  Composition depth: 2
  Operators: ⊗Y → ⊗Y⁻¹

Step 1529: step_0
  Value: 4.415518e-21
  NRCI: 0.999997000000
  Net refinements: 0
  Composition depth: 2
  Operators: ⊗Y → ⊗Y⁻¹

Step 1530: step_0
  Value: 3.740331e-21
  NRCI: 0.999997000000
  Net refinements: 0
  Composition depth: 2
  Operators: ⊗Y → ⊗Y⁻¹

Step 1531: step_0
  Value: 3.167395e-21
  NRCI: 0.999997000000
  Net refinements: 0
  Composition depth: 2
  Operators: ⊗Y → ⊗Y⁻¹

Step 1532: step_0
  Value: 2.681380e-21
  NRCI: 0.999997000000
  Net refinements: 0
  Composition depth: 2
  Operators: ⊗Y → ⊗Y⁻¹

Step 1533: step_0
  Value: 2.269230e-21
  NRCI: 0.999997000000
  Net refinements: 0
  Composition depth: 2
  Operators: ⊗Y → ⊗Y⁻¹

Step 1534: step_0
  Value: 1.919830e-21
  NRCI: 0.999997000000
  Net refinements: 0
  Composition depth: 2
  Operators: ⊗Y → ⊗Y⁻¹

Step 1535: step_0
  Value: 1.623719e-21
  NRCI: 0.999997000000
  Net refinements: 0
  Composition depth: 2
  Operators: ⊗Y → ⊗Y⁻¹

Step 1536: step_0
  Value: 1.372849e-21
  NRCI: 0.999997000000
  Net refinements: 0
  Composition depth: 2
  Operators: ⊗Y → ⊗Y⁻¹

Step 1537: step_0
  Value: 1.160376e-21
  NRCI: 0.999997000000
  Net refinements: 0
  Composition depth: 2
  Operators: ⊗Y → ⊗Y⁻¹

Step 1538: step_0
  Value: 9.804797e-22
  NRCI: 0.999997000000
  Net refinements: 0
  Composition depth: 2
  Operators: ⊗Y → ⊗Y⁻¹

Step 1539: step_0
  Value: 8.282138e-22
  NRCI: 0.999997000000
  Net refinements: 0
  Composition depth: 2
  Operators: ⊗Y → ⊗Y⁻¹

Step 1540: step_0
  Value: 6.993753e-22
  NRCI: 0.999997000000
  Net refinements: 0
  Composition depth: 2
  Operators: ⊗Y → ⊗Y⁻¹

Step 1541: step_0
  Value: 5.903942e-22
  NRCI: 0.999997000000
  Net refinements: 0
  Composition depth: 2
  Operators: ⊗Y → ⊗Y⁻¹

Step 1542: step_0
  Value: 4.982391e-22
  NRCI: 0.999997000000
  Net refinements: 0
  Composition depth: 2
  Operators: ⊗Y → ⊗Y⁻¹

Step 1543: step_0
  Value: 4.203368e-22
  NRCI: 0.999997000000
  Net refinements: 0
  Composition depth: 2
  Operators: ⊗Y → ⊗Y⁻¹

Step 1544: step_0
  Value: 3.545039e-22
  NRCI: 0.999997000000
  Net refinements: 0
  Composition depth: 2
  Operators: ⊗Y → ⊗Y⁻¹

Step 1545: step_0
  Value: 2.988881e-22
  NRCI: 0.999997000000
  Net refinements: 0
  Composition depth: 2
  Operators: ⊗Y → ⊗Y⁻¹

Step 1546: step_0
  Value: 2.519185e-22
  NRCI: 0.999997000000
  Net refinements: 0
  Composition depth: 2
  Operators: ⊗Y → ⊗Y⁻¹

Step 1547: step_0
  Value: 2.122636e-22
  NRCI: 0.999997000000
  Net refinements: 0
  Composition depth: 2
  Operators: ⊗Y → ⊗Y⁻¹

Step 1548: step_0
  Value: 1.787949e-22
  NRCI: 0.999997000000
  Net refinements: 0
  Composition depth: 2
  Operators: ⊗Y → ⊗Y⁻¹

Step 1549: step_0
  Value: 1.505561e-22
  NRCI: 0.999997000000
  Net refinements: 0
  Composition depth: 2
  Operators: ⊗Y → ⊗Y⁻¹

Step 1550: step_0
  Value: 1.267377e-22
  NRCI: 0.999997000000
  Net refinements: 0
  Composition depth: 2
  Operators: ⊗Y → ⊗Y⁻¹

Step 1551: step_0
  Value: 1.066540e-22
  NRCI: 0.999997000000
  Net refinements: 0
  Composition depth: 2
  Operators: ⊗Y → ⊗Y⁻¹

Step 1552: step_0
  Value: 8.972475e-23
  NRCI: 0.999997000000
  Net refinements: 0
  Composition depth: 2
  Operators: ⊗Y → ⊗Y⁻¹

Step 1553: step_0
  Value: 7.545907e-23
  NRCI: 0.999997000000
  Net refinements: 0
  Composition depth: 2
  Operators: ⊗Y → ⊗Y⁻¹

Step 1554: step_0
  Value: 6.344166e-23
  NRCI: 0.999997000000
  Net refinements: 0
  Composition depth: 2
  Operators: ⊗Y → ⊗Y⁻¹

Step 1555: step_0
  Value: 5.332141e-23
  NRCI: 0.999997000000
  Net refinements: 0
  Composition depth: 2
  Operators: ⊗Y → ⊗Y⁻¹

Step 1556: step_0
  Value: 4.480151e-23
  NRCI: 0.999997000000
  Net refinements: 0
  Composition depth: 2
  Operators: ⊗Y → ⊗Y⁻¹

Step 1557: step_0
  Value: 3.763116e-23
  NRCI: 0.999997000000
  Net refinements: 0
  Composition depth: 2
  Operators: ⊗Y → ⊗Y⁻¹

Step 1558: step_0
  Value: 3.159851e-23
  NRCI: 0.999997000000
  Net refinements: 0
  Composition depth: 2
  Operators: ⊗Y → ⊗Y⁻¹

Step 1559: step_0
  Value: 2.652464e-23
  NRCI: 0.999997000000
  Net refinements: 0
  Composition depth: 2
  Operators: ⊗Y → ⊗Y⁻¹

Step 1560: step_0
  Value: 2.225852e-23
  NRCI: 0.999997000000
  Net refinements: 0
  Composition depth: 2
  Operators: ⊗Y → ⊗Y⁻¹

Step 1561: step_0
  Value: 1.867270e-23
  NRCI: 0.999997000000
  Net refinements: 0
  Composition depth: 2
  Operators: ⊗Y → ⊗Y⁻¹

Step 1562: step_0
  Value: 1.565964e-23
  NRCI: 0.999997000000
  Net refinements: 0
  Composition depth: 2
  Operators: ⊗Y → ⊗Y⁻¹

Step 1563: step_0
  Value: 1.312866e-23
  NRCI: 0.999997000000
  Net refinements: 0
  Composition depth: 2
  Operators: ⊗Y → ⊗Y⁻¹

Step 1564: step_0
  Value: 1.100331e-23
  NRCI: 0.999997000000
  Net refinements: 0
  Composition depth: 2
  Operators: ⊗Y → ⊗Y⁻¹

Step 1565: step_0
  Value: 9.219127e-24
  NRCI: 0.999997000000
  Net refinements: 0
  Composition depth: 2
  Operators: ⊗Y → ⊗Y⁻¹

Step 1566: step_0
  Value: 7.721832e-24
  NRCI: 0.999997000000
  Net refinements: 0
  Composition depth: 2
  Operators: ⊗Y → ⊗Y⁻¹

Step 1567: step_0
  Value: 6.465690e-24
  NRCI: 0.999997000000
  Net refinements: 0
  Composition depth: 2
  Operators: ⊗Y → ⊗Y⁻¹

Step 1568: step_0
  Value: 5.412193e-24
  NRCI: 0.999997000000
  Net refinements: 0
  Composition depth: 2
  Operators: ⊗Y → ⊗Y⁻¹

Step 1569: step_0
  Value: 4.528931e-24
  NRCI: 0.999997000000
  Net refinements: 0
  Composition depth: 2
  Operators: ⊗Y → ⊗Y⁻¹

Step 1570: step_0
  Value: 3.788629e-24
  NRCI: 0.999997000000
  Net refinements: 0
  Composition depth: 2
  Operators: ⊗Y → ⊗Y⁻¹

Step 1571: step_0
  Value: 3.168344e-24
  NRCI: 0.999997000000
  Net refinements: 0
  Composition depth: 2
  Operators: ⊗Y → ⊗Y⁻¹

Step 1572: step_0
  Value: 2.648785e-24
  NRCI: 0.999997000000
  Net refinements: 0
  Composition depth: 2
  Operators: ⊗Y → ⊗Y⁻¹

Step 1573: step_0
  Value: 2.213731e-24
  NRCI: 0.999997000000
  Net refinements: 0
  Composition depth: 2
  Operators: ⊗Y → ⊗Y⁻¹

Step 1574: step_0
  Value: 1.849554e-24
  NRCI: 0.999997000000
  Net refinements: 0
  Composition depth: 2
  Operators: ⊗Y → ⊗Y⁻¹

Step 1575: step_0
  Value: 1.544803e-24
  NRCI: 0.999997000000
  Net refinements: 0
  Composition depth: 2
  Operators: ⊗Y → ⊗Y⁻¹

Step 1576: step_0
  Value: 1.289862e-24
  NRCI: 0.999997000000
  Net refinements: 0
  Composition depth: 2
  Operators: ⊗Y → ⊗Y⁻¹

Step 1577: step_0
  Value: 1.076657e-24
  NRCI: 0.999997000000
  Net refinements: 0
  Composition depth: 2
  Operators: ⊗Y → ⊗Y⁻¹

Step 1578: step_0
  Value: 8.984112e-25
  NRCI: 0.999997000000
  Net refinements: 0
  Composition depth: 2
  Operators: ⊗Y → ⊗Y⁻¹

Step 1579: step_0
  Value: 7.494404e-25
  NRCI: 0.999997000000
  Net refinements: 0
  Composition depth: 2
  Operators: ⊗Y → ⊗Y⁻¹

Step 1580: step_0
  Value: 6.249755e-25
  NRCI: 0.999997000000
  Net refinements: 0
  Composition depth: 2
  Operators: ⊗Y → ⊗Y⁻¹

Step 1581: step_0
  Value: 5.210181e-25
  NRCI: 0.999997000000
  Net refinements: 0
  Composition depth: 2
  Operators: ⊗Y → ⊗Y⁻¹

Step 1582: step_0
  Value: 4.342167e-25
  NRCI: 0.999997000000
  Net refinements: 0
  Composition depth: 2
  Operators: ⊗Y → ⊗Y⁻¹

Step 1583: step_0
  Value: 3.617631e-25
  NRCI: 0.999997000000
  Net refinements: 0
  Composition depth: 2
  Operators: ⊗Y → ⊗Y⁻¹

Step 1584: step_0
  Value: 3.013047e-25
  NRCI: 0.999997000000
  Net refinements: 0
  Composition depth: 2
  Operators: ⊗Y → ⊗Y⁻¹

Step 1585: step_0
  Value: 2.508717e-25
  NRCI: 0.999997000000
  Net refinements: 0
  Composition depth: 2
  Operators: ⊗Y → ⊗Y⁻¹

Step 1586: step_0
  Value: 2.088148e-25
  NRCI: 0.999997000000
  Net refinements: 0
  Composition depth: 2
  Operators: ⊗Y → ⊗Y⁻¹

Step 1587: step_0
  Value: 1.737540e-25
  NRCI: 0.999997000000
  Net refinements: 0
  Composition depth: 2
  Operators: ⊗Y → ⊗Y⁻¹

Step 1588: step_0
  Value: 1.445347e-25
  NRCI: 0.999997000000
  Net refinements: 0
  Composition depth: 2
  Operators: ⊗Y → ⊗Y⁻¹

Step 1589: step_0
  Value: 1.201915e-25
  NRCI: 0.999997000000
  Net refinements: 0
  Composition depth: 2
  Operators: ⊗Y → ⊗Y⁻¹

Step 1590: step_0
  Value: 9.991692e-26
  NRCI: 0.999997000000
  Net refinements: 0
  Composition depth: 2
  Operators: ⊗Y → ⊗Y⁻¹

Step 1591: step_0
  Value: 8.303637e-26
  NRCI: 0.999997000000
  Net refinements: 0
  Composition depth: 2
  Operators: ⊗Y → ⊗Y⁻¹

Step 1592: step_0
  Value: 6.898611e-26
  NRCI: 0.999997000000
  Net refinements: 0
  Composition depth: 2
  Operators: ⊗Y → ⊗Y⁻¹

Step 1593: step_0
  Value: 5.729529e-26
  NRCI: 0.999997000000
  Net refinements: 0
  Composition depth: 2
  Operators: ⊗Y → ⊗Y⁻¹

Step 1594: step_0
  Value: 4.757076e-26
  NRCI: 0.999997000000
  Net refinements: 0
  Composition depth: 2
  Operators: ⊗Y → ⊗Y⁻¹

Step 1595: step_0
  Value: 3.948437e-26
  NRCI: 0.999997000000
  Net refinements: 0
  Composition depth: 2
  Operators: ⊗Y → ⊗Y⁻¹

Step 1596: step_0
  Value: 3.276230e-26
  NRCI: 0.999997000000
  Net refinements: 0
  Composition depth: 2
  Operators: ⊗Y → ⊗Y⁻¹

Step 1597: step_0
  Value: 2.717612e-26
  NRCI: 0.999997000000
  Net refinements: 0
  Composition depth: 2
  Operators: ⊗Y → ⊗Y⁻¹

Step 1598: step_0
  Value: 2.253535e-26
  NRCI: 0.999997000000
  Net refinements: 0
  Composition depth: 2
  Operators: ⊗Y → ⊗Y⁻¹

Step 1599: step_0
  Value: 1.715748e-26
  NRCI: 0.999997000000
  Net refinements: 0
  Composition depth: 2
  Operators: ⊗Y → ⊗Y⁻¹

Step 1600: step_20
  Value: 4.016476e-05
  NRCI: 0.999997000000
  Net refinements: 0
  Composition depth: 2
  Operators: ⊗Y → ⊗Y⁻¹

Step 1601: step_20
  Value: 7.330576e-05
  NRCI: 0.999997000000
  Net refinements: 0
  Composition depth: 2
  Operators: ⊗Y → ⊗Y⁻¹

Step 1602: step_20
  Value: 9.671561e-05
  NRCI: 0.999997000000
  Net refinements: 0
  Composition depth: 2
  Operators: ⊗Y → ⊗Y⁻¹

Step 1603: step_20
  Value: 1.121458e-04
  NRCI: 0.999997000000
  Net refinements: 0
  Composition depth: 2
  Operators: ⊗Y → ⊗Y⁻¹

Step 1604: step_20
  Value: 1.229946e-04
  NRCI: 0.999997000000
  Net refinements: 0
  Composition depth: 2
  Operators: ⊗Y → ⊗Y⁻¹

Step 1605: step_20
  Value: 1.319889e-04
  NRCI: 0.999997000000
  Net refinements: 0
  Composition depth: 2
  Operators: ⊗Y → ⊗Y⁻¹

Step 1606: step_20
  Value: 1.406037e-04
  NRCI: 0.999997000000
  Net refinements: 0
  Composition depth: 2
  Operators: ⊗Y → ⊗Y⁻¹

Step 1607: step_20
  Value: 1.494468e-04
  NRCI: 0.999997000000
  Net refinements: 0
  Composition depth: 2
  Operators: ⊗Y → ⊗Y⁻¹

Step 1608: step_20
  Value: 1.587273e-04
  NRCI: 0.999997000000
  Net refinements: 0
  Composition depth: 2
  Operators: ⊗Y → ⊗Y⁻¹

Step 1609: step_20
  Value: 1.685176e-04
  NRCI: 0.999997000000
  Net refinements: 0
  Composition depth: 2
  Operators: ⊗Y → ⊗Y⁻¹

Step 1610: step_20
  Value: 1.788535e-04
  NRCI: 0.999997000000
  Net refinements: 0
  Composition depth: 2
  Operators: ⊗Y → ⊗Y⁻¹

Step 1611: step_20
  Value: 1.897636e-04
  NRCI: 0.999997000000
  Net refinements: 0
  Composition depth: 2
  Operators: ⊗Y → ⊗Y⁻¹

Step 1612: step_20
  Value: 2.012762e-04
  NRCI: 0.999997000000
  Net refinements: 0
  Composition depth: 2
  Operators: ⊗Y → ⊗Y⁻¹

Step 1613: step_20
  Value: 2.134204e-04
  NRCI: 0.999997000000
  Net refinements: 0
  Composition depth: 2
  Operators: ⊗Y → ⊗Y⁻¹

Step 1614: step_20
  Value: 2.262266e-04
  NRCI: 0.999997000000
  Net refinements: 0
  Composition depth: 2
  Operators: ⊗Y → ⊗Y⁻¹

Step 1615: step_20
  Value: 2.397262e-04
  NRCI: 0.999997000000
  Net refinements: 0
  Composition depth: 2
  Operators: ⊗Y → ⊗Y⁻¹

Step 1616: step_20
  Value: 2.539519e-04
  NRCI: 0.999997000000
  Net refinements: 0
  Composition depth: 2
  Operators: ⊗Y → ⊗Y⁻¹

Step 1617: step_20
  Value: 2.689376e-04
  NRCI: 0.999997000000
  Net refinements: 0
  Composition depth: 2
  Operators: ⊗Y → ⊗Y⁻¹

Step 1618: step_20
  Value: 2.847185e-04
  NRCI: 0.999997000000
  Net refinements: 0
  Composition depth: 2
  Operators: ⊗Y → ⊗Y⁻¹

Step 1619: step_20
  Value: 3.013312e-04
  NRCI: 0.999997000000
  Net refinements: 0
  Composition depth: 2
  Operators: ⊗Y → ⊗Y⁻¹

Step 1620: step_20
  Value: 3.188133e-04
  NRCI: 0.999997000000
  Net refinements: 0
  Composition depth: 2
  Operators: ⊗Y → ⊗Y⁻¹

Step 1621: step_20
  Value: 3.372042e-04
  NRCI: 0.999997000000
  Net refinements: 0
  Composition depth: 2
  Operators: ⊗Y → ⊗Y⁻¹

Step 1622: step_20
  Value: 3.565445e-04
  NRCI: 0.999997000000
  Net refinements: 0
  Composition depth: 2
  Operators: ⊗Y → ⊗Y⁻¹

Step 1623: step_20
  Value: 3.768760e-04
  NRCI: 0.999997000000
  Net refinements: 0
  Composition depth: 2
  Operators: ⊗Y → ⊗Y⁻¹

Step 1624: step_20
  Value: 3.982423e-04
  NRCI: 0.999997000000
  Net refinements: 0
  Composition depth: 2
  Operators: ⊗Y → ⊗Y⁻¹

Step 1625: step_20
  Value: 4.206883e-04
  NRCI: 0.999997000000
  Net refinements: 0
  Composition depth: 2
  Operators: ⊗Y → ⊗Y⁻¹

Step 1626: step_20
  Value: 4.442604e-04
  NRCI: 0.999997000000
  Net refinements: 0
  Composition depth: 2
  Operators: ⊗Y → ⊗Y⁻¹

Step 1627: step_20
  Value: 4.690065e-04
  NRCI: 0.999997000000
  Net refinements: 0
  Composition depth: 2
  Operators: ⊗Y → ⊗Y⁻¹

Step 1628: step_20
  Value: 4.949761e-04
  NRCI: 0.999997000000
  Net refinements: 0
  Composition depth: 2
  Operators: ⊗Y → ⊗Y⁻¹

Step 1629: step_20
  Value: 5.222203e-04
  NRCI: 0.999997000000
  Net refinements: 0
  Composition depth: 2
  Operators: ⊗Y → ⊗Y⁻¹

Step 1630: step_20
  Value: 5.507917e-04
  NRCI: 0.999997000000
  Net refinements: 0
  Composition depth: 2
  Operators: ⊗Y → ⊗Y⁻¹

Step 1631: step_20
  Value: 5.807445e-04
  NRCI: 0.999997000000
  Net refinements: 0
  Composition depth: 2
  Operators: ⊗Y → ⊗Y⁻¹

Step 1632: step_20
  Value: 6.121347e-04
  NRCI: 0.999997000000
  Net refinements: 0
  Composition depth: 2
  Operators: ⊗Y → ⊗Y⁻¹

Step 1633: step_20
  Value: 6.450197e-04
  NRCI: 0.999997000000
  Net refinements: 0
  Composition depth: 2
  Operators: ⊗Y → ⊗Y⁻¹

Step 1634: step_20
  Value: 6.794587e-04
  NRCI: 0.999997000000
  Net refinements: 0
  Composition depth: 2
  Operators: ⊗Y → ⊗Y⁻¹

Step 1635: step_20
  Value: 7.155127e-04
  NRCI: 0.999997000000
  Net refinements: 0
  Composition depth: 2
  Operators: ⊗Y → ⊗Y⁻¹

Step 1636: step_20
  Value: 7.532440e-04
  NRCI: 0.999997000000
  Net refinements: 0
  Composition depth: 2
  Operators: ⊗Y → ⊗Y⁻¹

Step 1637: step_20
  Value: 7.927169e-04
  NRCI: 0.999997000000
  Net refinements: 0
  Composition depth: 2
  Operators: ⊗Y → ⊗Y⁻¹

Step 1638: step_20
  Value: 8.339974e-04
  NRCI: 0.999997000000
  Net refinements: 0
  Composition depth: 2
  Operators: ⊗Y → ⊗Y⁻¹

Step 1639: step_20
  Value: 8.771531e-04
  NRCI: 0.999997000000
  Net refinements: 0
  Composition depth: 2
  Operators: ⊗Y → ⊗Y⁻¹

Step 1640: step_20
  Value: 9.222534e-04
  NRCI: 0.999997000000
  Net refinements: 0
  Composition depth: 2
  Operators: ⊗Y → ⊗Y⁻¹

Step 1641: step_20
  Value: 9.693692e-04
  NRCI: 0.999997000000
  Net refinements: 0
  Composition depth: 2
  Operators: ⊗Y → ⊗Y⁻¹

Step 1642: step_20
  Value: 1.018573e-03
  NRCI: 0.999997000000
  Net refinements: 0
  Composition depth: 2
  Operators: ⊗Y → ⊗Y⁻¹

Step 1643: step_20
  Value: 1.069940e-03
  NRCI: 0.999997000000
  Net refinements: 0
  Composition depth: 2
  Operators: ⊗Y → ⊗Y⁻¹

Step 1644: step_20
  Value: 1.123546e-03
  NRCI: 0.999997000000
  Net refinements: 0
  Composition depth: 2
  Operators: ⊗Y → ⊗Y⁻¹

Step 1645: step_20
  Value: 1.179468e-03
  NRCI: 0.999997000000
  Net refinements: 0
  Composition depth: 2
  Operators: ⊗Y → ⊗Y⁻¹

Step 1646: step_20
  Value: 1.237786e-03
  NRCI: 0.999997000000
  Net refinements: 0
  Composition depth: 2
  Operators: ⊗Y → ⊗Y⁻¹

Step 1647: step_20
  Value: 1.298582e-03
  NRCI: 0.999997000000
  Net refinements: 0
  Composition depth: 2
  Operators: ⊗Y → ⊗Y⁻¹

Step 1648: step_20
  Value: 1.361937e-03
  NRCI: 0.999997000000
  Net refinements: 0
  Composition depth: 2
  Operators: ⊗Y → ⊗Y⁻¹

Step 1649: step_20
  Value: 1.427937e-03
  NRCI: 0.999997000000
  Net refinements: 0
  Composition depth: 2
  Operators: ⊗Y → ⊗Y⁻¹

Step 1650: step_20
  Value: 1.496667e-03
  NRCI: 0.999997000000
  Net refinements: 0
  Composition depth: 2
  Operators: ⊗Y → ⊗Y⁻¹

Step 1651: step_20
  Value: 1.568214e-03
  NRCI: 0.999997000000
  Net refinements: 0
  Composition depth: 2
  Operators: ⊗Y → ⊗Y⁻¹

Step 1652: step_20
  Value: 1.642667e-03
  NRCI: 0.999997000000
  Net refinements: 0
  Composition depth: 2
  Operators: ⊗Y → ⊗Y⁻¹

Step 1653: step_20
  Value: 1.720117e-03
  NRCI: 0.999997000000
  Net refinements: 0
  Composition depth: 2
  Operators: ⊗Y → ⊗Y⁻¹

Step 1654: step_20
  Value: 1.800655e-03
  NRCI: 0.999997000000
  Net refinements: 0
  Composition depth: 2
  Operators: ⊗Y → ⊗Y⁻¹

Step 1655: step_20
  Value: 1.884374e-03
  NRCI: 0.999997000000
  Net refinements: 0
  Composition depth: 2
  Operators: ⊗Y → ⊗Y⁻¹

Step 1656: step_20
  Value: 1.971368e-03
  NRCI: 0.999997000000
  Net refinements: 0
  Composition depth: 2
  Operators: ⊗Y → ⊗Y⁻¹

Step 1657: step_20
  Value: 2.061734e-03
  NRCI: 0.999997000000
  Net refinements: 0
  Composition depth: 2
  Operators: ⊗Y → ⊗Y⁻¹

Step 1658: step_20
  Value: 2.155567e-03
  NRCI: 0.999997000000
  Net refinements: 0
  Composition depth: 2
  Operators: ⊗Y → ⊗Y⁻¹

Step 1659: step_20
  Value: 2.252966e-03
  NRCI: 0.999997000000
  Net refinements: 0
  Composition depth: 2
  Operators: ⊗Y → ⊗Y⁻¹

Step 1660: step_20
  Value: 2.354030e-03
  NRCI: 0.999997000000
  Net refinements: 0
  Composition depth: 2
  Operators: ⊗Y → ⊗Y⁻¹

Step 1661: step_20
  Value: 2.458857e-03
  NRCI: 0.999997000000
  Net refinements: 0
  Composition depth: 2
  Operators: ⊗Y → ⊗Y⁻¹

Step 1662: step_20
  Value: 2.567549e-03
  NRCI: 0.999997000000
  Net refinements: 0
  Composition depth: 2
  Operators: ⊗Y → ⊗Y⁻¹

Step 1663: step_20
  Value: 2.680207e-03
  NRCI: 0.999997000000
  Net refinements: 0
  Composition depth: 2
  Operators: ⊗Y → ⊗Y⁻¹

Step 1664: step_20
  Value: 2.796933e-03
  NRCI: 0.999997000000
  Net refinements: 0
  Composition depth: 2
  Operators: ⊗Y → ⊗Y⁻¹

Step 1665: step_20
  Value: 2.917829e-03
  NRCI: 0.999997000000
  Net refinements: 0
  Composition depth: 2
  Operators: ⊗Y → ⊗Y⁻¹

Step 1666: step_20
  Value: 3.042999e-03
  NRCI: 0.999997000000
  Net refinements: 0
  Composition depth: 2
  Operators: ⊗Y → ⊗Y⁻¹

Step 1667: step_20
  Value: 3.172545e-03
  NRCI: 0.999997000000
  Net refinements: 0
  Composition depth: 2
  Operators: ⊗Y → ⊗Y⁻¹

Step 1668: step_20
  Value: 3.306572e-03
  NRCI: 0.999997000000
  Net refinements: 0
  Composition depth: 2
  Operators: ⊗Y → ⊗Y⁻¹

Step 1669: step_20
  Value: 3.445183e-03
  NRCI: 0.999997000000
  Net refinements: 0
  Composition depth: 2
  Operators: ⊗Y → ⊗Y⁻¹

Step 1670: step_20
  Value: 3.588481e-03
  NRCI: 0.999997000000
  Net refinements: 0
  Composition depth: 2
  Operators: ⊗Y → ⊗Y⁻¹

Step 1671: step_20
  Value: 3.736571e-03
  NRCI: 0.999997000000
  Net refinements: 0
  Composition depth: 2
  Operators: ⊗Y → ⊗Y⁻¹

Step 1672: step_20
  Value: 3.889555e-03
  NRCI: 0.999997000000
  Net refinements: 0
  Composition depth: 2
  Operators: ⊗Y → ⊗Y⁻¹

Step 1673: step_20
  Value: 4.047536e-03
  NRCI: 0.999997000000
  Net refinements: 0
  Composition depth: 2
  Operators: ⊗Y → ⊗Y⁻¹

Step 1674: step_20
  Value: 4.210615e-03
  NRCI: 0.999997000000
  Net refinements: 0
  Composition depth: 2
  Operators: ⊗Y → ⊗Y⁻¹

Step 1675: step_20
  Value: 4.378896e-03
  NRCI: 0.999997000000
  Net refinements: 0
  Composition depth: 2
  Operators: ⊗Y → ⊗Y⁻¹

Step 1676: step_20
  Value: 4.552477e-03
  NRCI: 0.999997000000
  Net refinements: 0
  Composition depth: 2
  Operators: ⊗Y → ⊗Y⁻¹

Step 1677: step_20
  Value: 4.731458e-03
  NRCI: 0.999997000000
  Net refinements: 0
  Composition depth: 2
  Operators: ⊗Y → ⊗Y⁻¹

Step 1678: step_20
  Value: 4.915938e-03
  NRCI: 0.999997000000
  Net refinements: 0
  Composition depth: 2
  Operators: ⊗Y → ⊗Y⁻¹

Step 1679: step_20
  Value: 5.106012e-03
  NRCI: 0.999997000000
  Net refinements: 0
  Composition depth: 2
  Operators: ⊗Y → ⊗Y⁻¹

Step 1680: step_20
  Value: 5.301777e-03
  NRCI: 0.999997000000
  Net refinements: 0
  Composition depth: 2
  Operators: ⊗Y → ⊗Y⁻¹

Step 1681: step_20
  Value: 5.503326e-03
  NRCI: 0.999997000000
  Net refinements: 0
  Composition depth: 2
  Operators: ⊗Y → ⊗Y⁻¹

Step 1682: step_20
  Value: 5.710749e-03
  NRCI: 0.999997000000
  Net refinements: 0
  Composition depth: 2
  Operators: ⊗Y → ⊗Y⁻¹

Step 1683: step_20
  Value: 5.924136e-03
  NRCI: 0.999997000000
  Net refinements: 0
  Composition depth: 2
  Operators: ⊗Y → ⊗Y⁻¹

Step 1684: step_20
  Value: 6.143574e-03
  NRCI: 0.999997000000
  Net refinements: 0
  Composition depth: 2
  Operators: ⊗Y → ⊗Y⁻¹

Step 1685: step_20
  Value: 6.369148e-03
  NRCI: 0.999997000000
  Net refinements: 0
  Composition depth: 2
  Operators: ⊗Y → ⊗Y⁻¹

Step 1686: step_20
  Value: 6.600938e-03
  NRCI: 0.999997000000
  Net refinements: 0
  Composition depth: 2
  Operators: ⊗Y → ⊗Y⁻¹

Step 1687: step_20
  Value: 6.839024e-03
  NRCI: 0.999997000000
  Net refinements: 0
  Composition depth: 2
  Operators: ⊗Y → ⊗Y⁻¹

Step 1688: step_20
  Value: 7.083480e-03
  NRCI: 0.999997000000
  Net refinements: 0
  Composition depth: 2
  Operators: ⊗Y → ⊗Y⁻¹

Step 1689: step_20
  Value: 7.334380e-03
  NRCI: 0.999997000000
  Net refinements: 0
  Composition depth: 2
  Operators: ⊗Y → ⊗Y⁻¹

Step 1690: step_20
  Value: 7.591790e-03
  NRCI: 0.999997000000
  Net refinements: 0
  Composition depth: 2
  Operators: ⊗Y → ⊗Y⁻¹

Step 1691: step_20
  Value: 7.855777e-03
  NRCI: 0.999997000000
  Net refinements: 0
  Composition depth: 2
  Operators: ⊗Y → ⊗Y⁻¹

Step 1692: step_20
  Value: 8.126400e-03
  NRCI: 0.999997000000
  Net refinements: 0
  Composition depth: 2
  Operators: ⊗Y → ⊗Y⁻¹

Step 1693: step_20
  Value: 8.403715e-03
  NRCI: 0.999997000000
  Net refinements: 0
  Composition depth: 2
  Operators: ⊗Y → ⊗Y⁻¹

Step 1694: step_20
  Value: 8.687776e-03
  NRCI: 0.999997000000
  Net refinements: 0
  Composition depth: 2
  Operators: ⊗Y → ⊗Y⁻¹

Step 1695: step_20
  Value: 8.978629e-03
  NRCI: 0.999997000000
  Net refinements: 0
  Composition depth: 2
  Operators: ⊗Y → ⊗Y⁻¹

Step 1696: step_20
  Value: 9.276317e-03
  NRCI: 0.999997000000
  Net refinements: 0
  Composition depth: 2
  Operators: ⊗Y → ⊗Y⁻¹

Step 1697: step_20
  Value: 9.580876e-03
  NRCI: 0.999997000000
  Net refinements: 0
  Composition depth: 2
  Operators: ⊗Y → ⊗Y⁻¹

Step 1698: step_20
  Value: 9.892339e-03
  NRCI: 0.999997000000
  Net refinements: 0
  Composition depth: 2
  Operators: ⊗Y → ⊗Y⁻¹

Step 1699: step_20
  Value: 1.021073e-02
  NRCI: 0.999997000000
  Net refinements: 0
  Composition depth: 2
  Operators: ⊗Y → ⊗Y⁻¹

Step 1700: step_20
  Value: 1.053608e-02
  NRCI: 0.999997000000
  Net refinements: 0
  Composition depth: 2
  Operators: ⊗Y → ⊗Y⁻¹

Step 1701: step_20
  Value: 1.086838e-02
  NRCI: 0.999997000000
  Net refinements: 0
  Composition depth: 2
  Operators: ⊗Y → ⊗Y⁻¹

Step 1702: step_20
  Value: 1.120767e-02
  NRCI: 0.999997000000
  Net refinements: 0
  Composition depth: 2
  Operators: ⊗Y → ⊗Y⁻¹

Step 1703: step_20
  Value: 1.155393e-02
  NRCI: 0.999997000000
  Net refinements: 0
  Composition depth: 2
  Operators: ⊗Y → ⊗Y⁻¹

Step 1704: step_20
  Value: 1.190716e-02
  NRCI: 0.999997000000
  Net refinements: 0
  Composition depth: 2
  Operators: ⊗Y → ⊗Y⁻¹

Step 1705: step_20
  Value: 1.226735e-02
  NRCI: 0.999997000000
  Net refinements: 0
  Composition depth: 2
  Operators: ⊗Y → ⊗Y⁻¹

Step 1706: step_20
  Value: 1.263448e-02
  NRCI: 0.999997000000
  Net refinements: 0
  Composition depth: 2
  Operators: ⊗Y → ⊗Y⁻¹

Step 1707: step_20
  Value: 1.300853e-02
  NRCI: 0.999997000000
  Net refinements: 0
  Composition depth: 2
  Operators: ⊗Y → ⊗Y⁻¹

Step 1708: step_20
  Value: 1.338947e-02
  NRCI: 0.999997000000
  Net refinements: 0
  Composition depth: 2
  Operators: ⊗Y → ⊗Y⁻¹

Step 1709: step_20
  Value: 1.377724e-02
  NRCI: 0.999997000000
  Net refinements: 0
  Composition depth: 2
  Operators: ⊗Y → ⊗Y⁻¹

Step 1710: step_20
  Value: 1.417182e-02
  NRCI: 0.999997000000
  Net refinements: 0
  Composition depth: 2
  Operators: ⊗Y → ⊗Y⁻¹

Step 1711: step_20
  Value: 1.457313e-02
  NRCI: 0.999997000000
  Net refinements: 0
  Composition depth: 2
  Operators: ⊗Y → ⊗Y⁻¹

Step 1712: step_20
  Value: 1.498112e-02
  NRCI: 0.999997000000
  Net refinements: 0
  Composition depth: 2
  Operators: ⊗Y → ⊗Y⁻¹

Step 1713: step_20
  Value: 1.539571e-02
  NRCI: 0.999997000000
  Net refinements: 0
  Composition depth: 2
  Operators: ⊗Y → ⊗Y⁻¹

Step 1714: step_20
  Value: 1.581683e-02
  NRCI: 0.999997000000
  Net refinements: 0
  Composition depth: 2
  Operators: ⊗Y → ⊗Y⁻¹

Step 1715: step_20
  Value: 1.624439e-02
  NRCI: 0.999997000000
  Net refinements: 0
  Composition depth: 2
  Operators: ⊗Y → ⊗Y⁻¹

Step 1716: step_20
  Value: 1.667828e-02
  NRCI: 0.999997000000
  Net refinements: 0
  Composition depth: 2
  Operators: ⊗Y → ⊗Y⁻¹

Step 1717: step_20
  Value: 1.711841e-02
  NRCI: 0.999997000000
  Net refinements: 0
  Composition depth: 2
  Operators: ⊗Y → ⊗Y⁻¹

Step 1718: step_20
  Value: 1.756465e-02
  NRCI: 0.999997000000
  Net refinements: 0
  Composition depth: 2
  Operators: ⊗Y → ⊗Y⁻¹

Step 1719: step_20
  Value: 1.801689e-02
  NRCI: 0.999997000000
  Net refinements: 0
  Composition depth: 2
  Operators: ⊗Y → ⊗Y⁻¹

Step 1720: step_20
  Value: 1.847499e-02
  NRCI: 0.999997000000
  Net refinements: 0
  Composition depth: 2
  Operators: ⊗Y → ⊗Y⁻¹

Step 1721: step_20
  Value: 1.893881e-02
  NRCI: 0.999997000000
  Net refinements: 0
  Composition depth: 2
  Operators: ⊗Y → ⊗Y⁻¹

Step 1722: step_20
  Value: 1.940820e-02
  NRCI: 0.999997000000
  Net refinements: 0
  Composition depth: 2
  Operators: ⊗Y → ⊗Y⁻¹

Step 1723: step_20
  Value: 1.988301e-02
  NRCI: 0.999997000000
  Net refinements: 0
  Composition depth: 2
  Operators: ⊗Y → ⊗Y⁻¹

Step 1724: step_20
  Value: 2.036306e-02
  NRCI: 0.999997000000
  Net refinements: 0
  Composition depth: 2
  Operators: ⊗Y → ⊗Y⁻¹

Step 1725: step_20
  Value: 2.084817e-02
  NRCI: 0.999997000000
  Net refinements: 0
  Composition depth: 2
  Operators: ⊗Y → ⊗Y⁻¹

Step 1726: step_20
  Value: 2.133816e-02
  NRCI: 0.999997000000
  Net refinements: 0
  Composition depth: 2
  Operators: ⊗Y → ⊗Y⁻¹

Step 1727: step_20
  Value: 2.183284e-02
  NRCI: 0.999997000000
  Net refinements: 0
  Composition depth: 2
  Operators: ⊗Y → ⊗Y⁻¹

Step 1728: step_20
  Value: 2.233200e-02
  NRCI: 0.999997000000
  Net refinements: 0
  Composition depth: 2
  Operators: ⊗Y → ⊗Y⁻¹

Step 1729: step_20
  Value: 2.283543e-02
  NRCI: 0.999997000000
  Net refinements: 0
  Composition depth: 2
  Operators: ⊗Y → ⊗Y⁻¹

Step 1730: step_20
  Value: 2.334290e-02
  NRCI: 0.999997000000
  Net refinements: 0
  Composition depth: 2
  Operators: ⊗Y → ⊗Y⁻¹

Step 1731: step_20
  Value: 2.385418e-02
  NRCI: 0.999997000000
  Net refinements: 0
  Composition depth: 2
  Operators: ⊗Y → ⊗Y⁻¹

Step 1732: step_20
  Value: 2.436903e-02
  NRCI: 0.999997000000
  Net refinements: 0
  Composition depth: 2
  Operators: ⊗Y → ⊗Y⁻¹

Step 1733: step_20
  Value: 2.488721e-02
  NRCI: 0.999997000000
  Net refinements: 0
  Composition depth: 2
  Operators: ⊗Y → ⊗Y⁻¹

Step 1734: step_20
  Value: 2.540846e-02
  NRCI: 0.999997000000
  Net refinements: 0
  Composition depth: 2
  Operators: ⊗Y → ⊗Y⁻¹

Step 1735: step_20
  Value: 2.593251e-02
  NRCI: 0.999997000000
  Net refinements: 0
  Composition depth: 2
  Operators: ⊗Y → ⊗Y⁻¹

Step 1736: step_20
  Value: 2.645909e-02
  NRCI: 0.999997000000
  Net refinements: 0
  Composition depth: 2
  Operators: ⊗Y → ⊗Y⁻¹

Step 1737: step_20
  Value: 2.698791e-02
  NRCI: 0.999997000000
  Net refinements: 0
  Composition depth: 2
  Operators: ⊗Y → ⊗Y⁻¹

Step 1738: step_20
  Value: 2.751869e-02
  NRCI: 0.999997000000
  Net refinements: 0
  Composition depth: 2
  Operators: ⊗Y → ⊗Y⁻¹

Step 1739: step_20
  Value: 2.805114e-02
  NRCI: 0.999997000000
  Net refinements: 0
  Composition depth: 2
  Operators: ⊗Y → ⊗Y⁻¹

Step 1740: step_20
  Value: 2.858494e-02
  NRCI: 0.999997000000
  Net refinements: 0
  Composition depth: 2
  Operators: ⊗Y → ⊗Y⁻¹

Step 1741: step_20
  Value: 2.911979e-02
  NRCI: 0.999997000000
  Net refinements: 0
  Composition depth: 2
  Operators: ⊗Y → ⊗Y⁻¹

Step 1742: step_20
  Value: 2.965536e-02
  NRCI: 0.999997000000
  Net refinements: 0
  Composition depth: 2
  Operators: ⊗Y → ⊗Y⁻¹

Step 1743: step_20
  Value: 3.019134e-02
  NRCI: 0.999997000000
  Net refinements: 0
  Composition depth: 2
  Operators: ⊗Y → ⊗Y⁻¹

Step 1744: step_20
  Value: 3.072739e-02
  NRCI: 0.999997000000
  Net refinements: 0
  Composition depth: 2
  Operators: ⊗Y → ⊗Y⁻¹

Step 1745: step_20
  Value: 3.126317e-02
  NRCI: 0.999997000000
  Net refinements: 0
  Composition depth: 2
  Operators: ⊗Y → ⊗Y⁻¹

Step 1746: step_20
  Value: 3.179835e-02
  NRCI: 0.999997000000
  Net refinements: 0
  Composition depth: 2
  Operators: ⊗Y → ⊗Y⁻¹

Step 1747: step_20
  Value: 3.233257e-02
  NRCI: 0.999997000000
  Net refinements: 0
  Composition depth: 2
  Operators: ⊗Y → ⊗Y⁻¹

Step 1748: step_20
  Value: 3.286548e-02
  NRCI: 0.999997000000
  Net refinements: 0
  Composition depth: 2
  Operators: ⊗Y → ⊗Y⁻¹

Step 1749: step_20
  Value: 3.339672e-02
  NRCI: 0.999997000000
  Net refinements: 0
  Composition depth: 2
  Operators: ⊗Y → ⊗Y⁻¹

Step 1750: step_20
  Value: 3.392593e-02
  NRCI: 0.999997000000
  Net refinements: 0
  Composition depth: 2
  Operators: ⊗Y → ⊗Y⁻¹

Step 1751: step_20
  Value: 3.445275e-02
  NRCI: 0.999997000000
  Net refinements: 0
  Composition depth: 2
  Operators: ⊗Y → ⊗Y⁻¹

Step 1752: step_20
  Value: 3.497680e-02
  NRCI: 0.999997000000
  Net refinements: 0
  Composition depth: 2
  Operators: ⊗Y → ⊗Y⁻¹

Step 1753: step_20
  Value: 3.549772e-02
  NRCI: 0.999997000000
  Net refinements: 0
  Composition depth: 2
  Operators: ⊗Y → ⊗Y⁻¹

Step 1754: step_20
  Value: 3.601513e-02
  NRCI: 0.999997000000
  Net refinements: 0
  Composition depth: 2
  Operators: ⊗Y → ⊗Y⁻¹

Step 1755: step_20
  Value: 3.652864e-02
  NRCI: 0.999997000000
  Net refinements: 0
  Composition depth: 2
  Operators: ⊗Y → ⊗Y⁻¹

Step 1756: step_20
  Value: 3.703789e-02
  NRCI: 0.999997000000
  Net refinements: 0
  Composition depth: 2
  Operators: ⊗Y → ⊗Y⁻¹

Step 1757: step_20
  Value: 3.754249e-02
  NRCI: 0.999997000000
  Net refinements: 0
  Composition depth: 2
  Operators: ⊗Y → ⊗Y⁻¹

Step 1758: step_20
  Value: 3.804206e-02
  NRCI: 0.999997000000
  Net refinements: 0
  Composition depth: 2
  Operators: ⊗Y → ⊗Y⁻¹

Step 1759: step_20
  Value: 3.853622e-02
  NRCI: 0.999997000000
  Net refinements: 0
  Composition depth: 2
  Operators: ⊗Y → ⊗Y⁻¹

Step 1760: step_20
  Value: 3.902458e-02
  NRCI: 0.999997000000
  Net refinements: 0
  Composition depth: 2
  Operators: ⊗Y → ⊗Y⁻¹

Step 1761: step_20
  Value: 3.950677e-02
  NRCI: 0.999997000000
  Net refinements: 0
  Composition depth: 2
  Operators: ⊗Y → ⊗Y⁻¹

Step 1762: step_20
  Value: 3.998241e-02
  NRCI: 0.999997000000
  Net refinements: 0
  Composition depth: 2
  Operators: ⊗Y → ⊗Y⁻¹

Step 1763: step_20
  Value: 4.045112e-02
  NRCI: 0.999997000000
  Net refinements: 0
  Composition depth: 2
  Operators: ⊗Y → ⊗Y⁻¹

Step 1764: step_20
  Value: 4.091252e-02
  NRCI: 0.999997000000
  Net refinements: 0
  Composition depth: 2
  Operators: ⊗Y → ⊗Y⁻¹

Step 1765: step_20
  Value: 4.136623e-02
  NRCI: 0.999997000000
  Net refinements: 0
  Composition depth: 2
  Operators: ⊗Y → ⊗Y⁻¹

Step 1766: step_20
  Value: 4.181190e-02
  NRCI: 0.999997000000
  Net refinements: 0
  Composition depth: 2
  Operators: ⊗Y → ⊗Y⁻¹

Step 1767: step_20
  Value: 4.224914e-02
  NRCI: 0.999997000000
  Net refinements: 0
  Composition depth: 2
  Operators: ⊗Y → ⊗Y⁻¹

Step 1768: step_20
  Value: 4.267761e-02
  NRCI: 0.999997000000
  Net refinements: 0
  Composition depth: 2
  Operators: ⊗Y → ⊗Y⁻¹

Step 1769: step_20
  Value: 4.309693e-02
  NRCI: 0.999997000000
  Net refinements: 0
  Composition depth: 2
  Operators: ⊗Y → ⊗Y⁻¹

Step 1770: step_20
  Value: 4.350675e-02
  NRCI: 0.999997000000
  Net refinements: 0
  Composition depth: 2
  Operators: ⊗Y → ⊗Y⁻¹

Step 1771: step_20
  Value: 4.390674e-02
  NRCI: 0.999997000000
  Net refinements: 0
  Composition depth: 2
  Operators: ⊗Y → ⊗Y⁻¹

Step 1772: step_20
  Value: 4.429654e-02
  NRCI: 0.999997000000
  Net refinements: 0
  Composition depth: 2
  Operators: ⊗Y → ⊗Y⁻¹

Step 1773: step_20
  Value: 4.467582e-02
  NRCI: 0.999997000000
  Net refinements: 0
  Composition depth: 2
  Operators: ⊗Y → ⊗Y⁻¹

Step 1774: step_20
  Value: 4.504426e-02
  NRCI: 0.999997000000
  Net refinements: 0
  Composition depth: 2
  Operators: ⊗Y → ⊗Y⁻¹

Step 1775: step_20
  Value: 4.540152e-02
  NRCI: 0.999997000000
  Net refinements: 0
  Composition depth: 2
  Operators: ⊗Y → ⊗Y⁻¹

Step 1776: step_20
  Value: 4.574730e-02
  NRCI: 0.999997000000
  Net refinements: 0
  Composition depth: 2
  Operators: ⊗Y → ⊗Y⁻¹

Step 1777: step_20
  Value: 4.608130e-02
  NRCI: 0.999997000000
  Net refinements: 0
  Composition depth: 2
  Operators: ⊗Y → ⊗Y⁻¹

Step 1778: step_20
  Value: 4.640321e-02
  NRCI: 0.999997000000
  Net refinements: 0
  Composition depth: 2
  Operators: ⊗Y → ⊗Y⁻¹

Step 1779: step_20
  Value: 4.671276e-02
  NRCI: 0.999997000000
  Net refinements: 0
  Composition depth: 2
  Operators: ⊗Y → ⊗Y⁻¹

Step 1780: step_20
  Value: 4.700966e-02
  NRCI: 0.999997000000
  Net refinements: 0
  Composition depth: 2
  Operators: ⊗Y → ⊗Y⁻¹

Step 1781: step_20
  Value: 4.729364e-02
  NRCI: 0.999997000000
  Net refinements: 0
  Composition depth: 2
  Operators: ⊗Y → ⊗Y⁻¹

Step 1782: step_20
  Value: 4.756446e-02
  NRCI: 0.999997000000
  Net refinements: 0
  Composition depth: 2
  Operators: ⊗Y → ⊗Y⁻¹

Step 1783: step_20
  Value: 4.782187e-02
  NRCI: 0.999997000000
  Net refinements: 0
  Composition depth: 2
  Operators: ⊗Y → ⊗Y⁻¹

Step 1784: step_20
  Value: 4.806562e-02
  NRCI: 0.999997000000
  Net refinements: 0
  Composition depth: 2
  Operators: ⊗Y → ⊗Y⁻¹

Step 1785: step_20
  Value: 4.829551e-02
  NRCI: 0.999997000000
  Net refinements: 0
  Composition depth: 2
  Operators: ⊗Y → ⊗Y⁻¹

Step 1786: step_20
  Value: 4.851132e-02
  NRCI: 0.999997000000
  Net refinements: 0
  Composition depth: 2
  Operators: ⊗Y → ⊗Y⁻¹

Step 1787: step_20
  Value: 4.871284e-02
  NRCI: 0.999997000000
  Net refinements: 0
  Composition depth: 2
  Operators: ⊗Y → ⊗Y⁻¹

Step 1788: step_20
  Value: 4.889990e-02
  NRCI: 0.999997000000
  Net refinements: 0
  Composition depth: 2
  Operators: ⊗Y → ⊗Y⁻¹

Step 1789: step_20
  Value: 4.907233e-02
  NRCI: 0.999997000000
  Net refinements: 0
  Composition depth: 2
  Operators: ⊗Y → ⊗Y⁻¹

Step 1790: step_20
  Value: 4.922996e-02
  NRCI: 0.999997000000
  Net refinements: 0
  Composition depth: 2
  Operators: ⊗Y → ⊗Y⁻¹

Step 1791: step_20
  Value: 4.937264e-02
  NRCI: 0.999997000000
  Net refinements: 0
  Composition depth: 2
  Operators: ⊗Y → ⊗Y⁻¹

Step 1792: step_20
  Value: 4.950024e-02
  NRCI: 0.999997000000
  Net refinements: 0
  Composition depth: 2
  Operators: ⊗Y → ⊗Y⁻¹

Step 1793: step_20
  Value: 4.961266e-02
  NRCI: 0.999997000000
  Net refinements: 0
  Composition depth: 2
  Operators: ⊗Y → ⊗Y⁻¹

Step 1794: step_20
  Value: 4.970977e-02
  NRCI: 0.999997000000
  Net refinements: 0
  Composition depth: 2
  Operators: ⊗Y → ⊗Y⁻¹

Step 1795: step_20
  Value: 4.979149e-02
  NRCI: 0.999997000000
  Net refinements: 0
  Composition depth: 2
  Operators: ⊗Y → ⊗Y⁻¹

Step 1796: step_20
  Value: 4.985774e-02
  NRCI: 0.999997000000
  Net refinements: 0
  Composition depth: 2
  Operators: ⊗Y → ⊗Y⁻¹

Step 1797: step_20
  Value: 4.990846e-02
  NRCI: 0.999997000000
  Net refinements: 0
  Composition depth: 2
  Operators: ⊗Y → ⊗Y⁻¹

Step 1798: step_20
  Value: 4.994361e-02
  NRCI: 0.999997000000
  Net refinements: 0
  Composition depth: 2
  Operators: ⊗Y → ⊗Y⁻¹

Step 1799: step_20
  Value: 4.996315e-02
  NRCI: 0.999997000000
  Net refinements: 0
  Composition depth: 2
  Operators: ⊗Y → ⊗Y⁻¹

Step 1800: step_20
  Value: 4.996706e-02
  NRCI: 0.999997000000
  Net refinements: 0
  Composition depth: 2
  Operators: ⊗Y → ⊗Y⁻¹

Step 1801: step_20
  Value: 4.995533e-02
  NRCI: 0.999997000000
  Net refinements: 0
  Composition depth: 2
  Operators: ⊗Y → ⊗Y⁻¹

Step 1802: step_20
  Value: 4.992799e-02
  NRCI: 0.999997000000
  Net refinements: 0
  Composition depth: 2
  Operators: ⊗Y → ⊗Y⁻¹

Step 1803: step_20
  Value: 4.988505e-02
  NRCI: 0.999997000000
  Net refinements: 0
  Composition depth: 2
  Operators: ⊗Y → ⊗Y⁻¹

Step 1804: step_20
  Value: 4.982655e-02
  NRCI: 0.999997000000
  Net refinements: 0
  Composition depth: 2
  Operators: ⊗Y → ⊗Y⁻¹

Step 1805: step_20
  Value: 4.975256e-02
  NRCI: 0.999997000000
  Net refinements: 0
  Composition depth: 2
  Operators: ⊗Y → ⊗Y⁻¹

Step 1806: step_20
  Value: 4.966313e-02
  NRCI: 0.999997000000
  Net refinements: 0
  Composition depth: 2
  Operators: ⊗Y → ⊗Y⁻¹

Step 1807: step_20
  Value: 4.955836e-02
  NRCI: 0.999997000000
  Net refinements: 0
  Composition depth: 2
  Operators: ⊗Y → ⊗Y⁻¹

Step 1808: step_20
  Value: 4.943833e-02
  NRCI: 0.999997000000
  Net refinements: 0
  Composition depth: 2
  Operators: ⊗Y → ⊗Y⁻¹

Step 1809: step_20
  Value: 4.930317e-02
  NRCI: 0.999997000000
  Net refinements: 0
  Composition depth: 2
  Operators: ⊗Y → ⊗Y⁻¹

Step 1810: step_20
  Value: 4.915300e-02
  NRCI: 0.999997000000
  Net refinements: 0
  Composition depth: 2
  Operators: ⊗Y → ⊗Y⁻¹

Step 1811: step_20
  Value: 4.898796e-02
  NRCI: 0.999997000000
  Net refinements: 0
  Composition depth: 2
  Operators: ⊗Y → ⊗Y⁻¹

Step 1812: step_20
  Value: 4.880819e-02
  NRCI: 0.999997000000
  Net refinements: 0
  Composition depth: 2
  Operators: ⊗Y → ⊗Y⁻¹

Step 1813: step_20
  Value: 4.861388e-02
  NRCI: 0.999997000000
  Net refinements: 0
  Composition depth: 2
  Operators: ⊗Y → ⊗Y⁻¹

Step 1814: step_20
  Value: 4.840519e-02
  NRCI: 0.999997000000
  Net refinements: 0
  Composition depth: 2
  Operators: ⊗Y → ⊗Y⁻¹

Step 1815: step_20
  Value: 4.818231e-02
  NRCI: 0.999997000000
  Net refinements: 0
  Composition depth: 2
  Operators: ⊗Y → ⊗Y⁻¹

Step 1816: step_20
  Value: 4.794547e-02
  NRCI: 0.999997000000
  Net refinements: 0
  Composition depth: 2
  Operators: ⊗Y → ⊗Y⁻¹

Step 1817: step_20
  Value: 4.769486e-02
  NRCI: 0.999997000000
  Net refinements: 0
  Composition depth: 2
  Operators: ⊗Y → ⊗Y⁻¹

Step 1818: step_20
  Value: 4.743072e-02
  NRCI: 0.999997000000
  Net refinements: 0
  Composition depth: 2
  Operators: ⊗Y → ⊗Y⁻¹

Step 1819: step_20
  Value: 4.715328e-02
  NRCI: 0.999997000000
  Net refinements: 0
  Composition depth: 2
  Operators: ⊗Y → ⊗Y⁻¹

Step 1820: step_20
  Value: 4.686280e-02
  NRCI: 0.999997000000
  Net refinements: 0
  Composition depth: 2
  Operators: ⊗Y → ⊗Y⁻¹

Step 1821: step_20
  Value: 4.655955e-02
  NRCI: 0.999997000000
  Net refinements: 0
  Composition depth: 2
  Operators: ⊗Y → ⊗Y⁻¹

Step 1822: step_20
  Value: 4.624378e-02
  NRCI: 0.999997000000
  Net refinements: 0
  Composition depth: 2
  Operators: ⊗Y → ⊗Y⁻¹

Step 1823: step_20
  Value: 4.591579e-02
  NRCI: 0.999997000000
  Net refinements: 0
  Composition depth: 2
  Operators: ⊗Y → ⊗Y⁻¹

Step 1824: step_20
  Value: 4.557587e-02
  NRCI: 0.999997000000
  Net refinements: 0
  Composition depth: 2
  Operators: ⊗Y → ⊗Y⁻¹

Step 1825: step_20
  Value: 4.522430e-02
  NRCI: 0.999997000000
  Net refinements: 0
  Composition depth: 2
  Operators: ⊗Y → ⊗Y⁻¹

Step 1826: step_20
  Value: 4.486141e-02
  NRCI: 0.999997000000
  Net refinements: 0
  Composition depth: 2
  Operators: ⊗Y → ⊗Y⁻¹

Step 1827: step_20
  Value: 4.448752e-02
  NRCI: 0.999997000000
  Net refinements: 0
  Composition depth: 2
  Operators: ⊗Y → ⊗Y⁻¹

Step 1828: step_20
  Value: 4.410293e-02
  NRCI: 0.999997000000
  Net refinements: 0
  Composition depth: 2
  Operators: ⊗Y → ⊗Y⁻¹

Step 1829: step_20
  Value: 4.370800e-02
  NRCI: 0.999997000000
  Net refinements: 0
  Composition depth: 2
  Operators: ⊗Y → ⊗Y⁻¹

Step 1830: step_20
  Value: 4.330305e-02
  NRCI: 0.999997000000
  Net refinements: 0
  Composition depth: 2
  Operators: ⊗Y → ⊗Y⁻¹

Step 1831: step_20
  Value: 4.288843e-02
  NRCI: 0.999997000000
  Net refinements: 0
  Composition depth: 2
  Operators: ⊗Y → ⊗Y⁻¹

Step 1832: step_20
  Value: 4.246449e-02
  NRCI: 0.999997000000
  Net refinements: 0
  Composition depth: 2
  Operators: ⊗Y → ⊗Y⁻¹

Step 1833: step_20
  Value: 4.203160e-02
  NRCI: 0.999997000000
  Net refinements: 0
  Composition depth: 2
  Operators: ⊗Y → ⊗Y⁻¹

Step 1834: step_20
  Value: 4.159010e-02
  NRCI: 0.999997000000
  Net refinements: 0
  Composition depth: 2
  Operators: ⊗Y → ⊗Y⁻¹

Step 1835: step_20
  Value: 4.114036e-02
  NRCI: 0.999997000000
  Net refinements: 0
  Composition depth: 2
  Operators: ⊗Y → ⊗Y⁻¹

Step 1836: step_20
  Value: 4.068275e-02
  NRCI: 0.999997000000
  Net refinements: 0
  Composition depth: 2
  Operators: ⊗Y → ⊗Y⁻¹

Step 1837: step_20
  Value: 4.021765e-02
  NRCI: 0.999997000000
  Net refinements: 0
  Composition depth: 2
  Operators: ⊗Y → ⊗Y⁻¹

Step 1838: step_20
  Value: 3.974544e-02
  NRCI: 0.999997000000
  Net refinements: 0
  Composition depth: 2
  Operators: ⊗Y → ⊗Y⁻¹

Step 1839: step_20
  Value: 3.926647e-02
  NRCI: 0.999997000000
  Net refinements: 0
  Composition depth: 2
  Operators: ⊗Y → ⊗Y⁻¹

Step 1840: step_20
  Value: 3.878115e-02
  NRCI: 0.999997000000
  Net refinements: 0
  Composition depth: 2
  Operators: ⊗Y → ⊗Y⁻¹

Step 1841: step_20
  Value: 3.828984e-02
  NRCI: 0.999997000000
  Net refinements: 0
  Composition depth: 2
  Operators: ⊗Y → ⊗Y⁻¹

Step 1842: step_20
  Value: 3.779293e-02
  NRCI: 0.999997000000
  Net refinements: 0
  Composition depth: 2
  Operators: ⊗Y → ⊗Y⁻¹

Step 1843: step_20
  Value: 3.729079e-02
  NRCI: 0.999997000000
  Net refinements: 0
  Composition depth: 2
  Operators: ⊗Y → ⊗Y⁻¹

Step 1844: step_20
  Value: 3.678382e-02
  NRCI: 0.999997000000
  Net refinements: 0
  Composition depth: 2
  Operators: ⊗Y → ⊗Y⁻¹

Step 1845: step_20
  Value: 3.627239e-02
  NRCI: 0.999997000000
  Net refinements: 0
  Composition depth: 2
  Operators: ⊗Y → ⊗Y⁻¹

Step 1846: step_20
  Value: 3.575689e-02
  NRCI: 0.999997000000
  Net refinements: 0
  Composition depth: 2
  Operators: ⊗Y → ⊗Y⁻¹

Step 1847: step_20
  Value: 3.523768e-02
  NRCI: 0.999997000000
  Net refinements: 0
  Composition depth: 2
  Operators: ⊗Y → ⊗Y⁻¹

Step 1848: step_20
  Value: 3.471515e-02
  NRCI: 0.999997000000
  Net refinements: 0
  Composition depth: 2
  Operators: ⊗Y → ⊗Y⁻¹

Step 1849: step_20
  Value: 3.418966e-02
  NRCI: 0.999997000000
  Net refinements: 0
  Composition depth: 2
  Operators: ⊗Y → ⊗Y⁻¹

Step 1850: step_20
  Value: 3.366160e-02
  NRCI: 0.999997000000
  Net refinements: 0
  Composition depth: 2
  Operators: ⊗Y → ⊗Y⁻¹

Step 1851: step_20
  Value: 3.313133e-02
  NRCI: 0.999997000000
  Net refinements: 0
  Composition depth: 2
  Operators: ⊗Y → ⊗Y⁻¹

Step 1852: step_20
  Value: 3.259921e-02
  NRCI: 0.999997000000
  Net refinements: 0
  Composition depth: 2
  Operators: ⊗Y → ⊗Y⁻¹

Step 1853: step_20
  Value: 3.206560e-02
  NRCI: 0.999997000000
  Net refinements: 0
  Composition depth: 2
  Operators: ⊗Y → ⊗Y⁻¹

Step 1854: step_20
  Value: 3.153086e-02
  NRCI: 0.999997000000
  Net refinements: 0
  Composition depth: 2
  Operators: ⊗Y → ⊗Y⁻¹

Step 1855: step_20
  Value: 3.099533e-02
  NRCI: 0.999997000000
  Net refinements: 0
  Composition depth: 2
  Operators: ⊗Y → ⊗Y⁻¹

Step 1856: step_20
  Value: 3.045938e-02
  NRCI: 0.999997000000
  Net refinements: 0
  Composition depth: 2
  Operators: ⊗Y → ⊗Y⁻¹

Step 1857: step_20
  Value: 2.992332e-02
  NRCI: 0.999997000000
  Net refinements: 0
  Composition depth: 2
  Operators: ⊗Y → ⊗Y⁻¹

Step 1858: step_20
  Value: 2.938750e-02
  NRCI: 0.999997000000
  Net refinements: 0
  Composition depth: 2
  Operators: ⊗Y → ⊗Y⁻¹

Step 1859: step_20
  Value: 2.885225e-02
  NRCI: 0.999997000000
  Net refinements: 0
  Composition depth: 2
  Operators: ⊗Y → ⊗Y⁻¹

Step 1860: step_20
  Value: 2.831789e-02
  NRCI: 0.999997000000
  Net refinements: 0
  Composition depth: 2
  Operators: ⊗Y → ⊗Y⁻¹

Step 1861: step_20
  Value: 2.778473e-02
  NRCI: 0.999997000000
  Net refinements: 0
  Composition depth: 2
  Operators: ⊗Y → ⊗Y⁻¹

Step 1862: step_20
  Value: 2.725308e-02
  NRCI: 0.999997000000
  Net refinements: 0
  Composition depth: 2
  Operators: ⊗Y → ⊗Y⁻¹

Step 1863: step_20
  Value: 2.672323e-02
  NRCI: 0.999997000000
  Net refinements: 0
  Composition depth: 2
  Operators: ⊗Y → ⊗Y⁻¹

Step 1864: step_20
  Value: 2.619550e-02
  NRCI: 0.999997000000
  Net refinements: 0
  Composition depth: 2
  Operators: ⊗Y → ⊗Y⁻¹

Step 1865: step_20
  Value: 2.567015e-02
  NRCI: 0.999997000000
  Net refinements: 0
  Composition depth: 2
  Operators: ⊗Y → ⊗Y⁻¹

Step 1866: step_20
  Value: 2.514747e-02
  NRCI: 0.999997000000
  Net refinements: 0
  Composition depth: 2
  Operators: ⊗Y → ⊗Y⁻¹

Step 1867: step_20
  Value: 2.462772e-02
  NRCI: 0.999997000000
  Net refinements: 0
  Composition depth: 2
  Operators: ⊗Y → ⊗Y⁻¹

Step 1868: step_20
  Value: 2.411117e-02
  NRCI: 0.999997000000
  Net refinements: 0
  Composition depth: 2
  Operators: ⊗Y → ⊗Y⁻¹

Step 1869: step_20
  Value: 2.359807e-02
  NRCI: 0.999997000000
  Net refinements: 0
  Composition depth: 2
  Operators: ⊗Y → ⊗Y⁻¹

Step 1870: step_20
  Value: 2.308867e-02
  NRCI: 0.999997000000
  Net refinements: 0
  Composition depth: 2
  Operators: ⊗Y → ⊗Y⁻¹

Step 1871: step_20
  Value: 2.258319e-02
  NRCI: 0.999997000000
  Net refinements: 0
  Composition depth: 2
  Operators: ⊗Y → ⊗Y⁻¹

Step 1872: step_20
  Value: 2.208188e-02
  NRCI: 0.999997000000
  Net refinements: 0
  Composition depth: 2
  Operators: ⊗Y → ⊗Y⁻¹

Step 1873: step_20
  Value: 2.158493e-02
  NRCI: 0.999997000000
  Net refinements: 0
  Composition depth: 2
  Operators: ⊗Y → ⊗Y⁻¹

Step 1874: step_20
  Value: 2.109257e-02
  NRCI: 0.999997000000
  Net refinements: 0
  Composition depth: 2
  Operators: ⊗Y → ⊗Y⁻¹

Step 1875: step_20
  Value: 2.060499e-02
  NRCI: 0.999997000000
  Net refinements: 0
  Composition depth: 2
  Operators: ⊗Y → ⊗Y⁻¹

Step 1876: step_20
  Value: 2.012239e-02
  NRCI: 0.999997000000
  Net refinements: 0
  Composition depth: 2
  Operators: ⊗Y → ⊗Y⁻¹

Step 1877: step_20
  Value: 1.964494e-02
  NRCI: 0.999997000000
  Net refinements: 0
  Composition depth: 2
  Operators: ⊗Y → ⊗Y⁻¹

Step 1878: step_20
  Value: 1.917282e-02
  NRCI: 0.999997000000
  Net refinements: 0
  Composition depth: 2
  Operators: ⊗Y → ⊗Y⁻¹

Step 1879: step_20
  Value: 1.870619e-02
  NRCI: 0.999997000000
  Net refinements: 0
  Composition depth: 2
  Operators: ⊗Y → ⊗Y⁻¹

Step 1880: step_20
  Value: 1.824521e-02
  NRCI: 0.999997000000
  Net refinements: 0
  Composition depth: 2
  Operators: ⊗Y → ⊗Y⁻¹

Step 1881: step_20
  Value: 1.779003e-02
  NRCI: 0.999997000000
  Net refinements: 0
  Composition depth: 2
  Operators: ⊗Y → ⊗Y⁻¹

Step 1882: step_20
  Value: 1.734077e-02
  NRCI: 0.999997000000
  Net refinements: 0
  Composition depth: 2
  Operators: ⊗Y → ⊗Y⁻¹

Step 1883: step_20
  Value: 1.689757e-02
  NRCI: 0.999997000000
  Net refinements: 0
  Composition depth: 2
  Operators: ⊗Y → ⊗Y⁻¹

Step 1884: step_20
  Value: 1.646055e-02
  NRCI: 0.999997000000
  Net refinements: 0
  Composition depth: 2
  Operators: ⊗Y → ⊗Y⁻¹

Step 1885: step_20
  Value: 1.602981e-02
  NRCI: 0.999997000000
  Net refinements: 0
  Composition depth: 2
  Operators: ⊗Y → ⊗Y⁻¹

Step 1886: step_20
  Value: 1.560546e-02
  NRCI: 0.999997000000
  Net refinements: 0
  Composition depth: 2
  Operators: ⊗Y → ⊗Y⁻¹

Step 1887: step_20
  Value: 1.518760e-02
  NRCI: 0.999997000000
  Net refinements: 0
  Composition depth: 2
  Operators: ⊗Y → ⊗Y⁻¹

Step 1888: step_20
  Value: 1.477630e-02
  NRCI: 0.999997000000
  Net refinements: 0
  Composition depth: 2
  Operators: ⊗Y → ⊗Y⁻¹

Step 1889: step_20
  Value: 1.437163e-02
  NRCI: 0.999997000000
  Net refinements: 0
  Composition depth: 2
  Operators: ⊗Y → ⊗Y⁻¹

Step 1890: step_20
  Value: 1.397368e-02
  NRCI: 0.999997000000
  Net refinements: 0
  Composition depth: 2
  Operators: ⊗Y → ⊗Y⁻¹

Step 1891: step_20
  Value: 1.358250e-02
  NRCI: 0.999997000000
  Net refinements: 0
  Composition depth: 2
  Operators: ⊗Y → ⊗Y⁻¹

Step 1892: step_20
  Value: 1.319814e-02
  NRCI: 0.999997000000
  Net refinements: 0
  Composition depth: 2
  Operators: ⊗Y → ⊗Y⁻¹

Step 1893: step_20
  Value: 1.282064e-02
  NRCI: 0.999997000000
  Net refinements: 0
  Composition depth: 2
  Operators: ⊗Y → ⊗Y⁻¹

Step 1894: step_20
  Value: 1.245005e-02
  NRCI: 0.999997000000
  Net refinements: 0
  Composition depth: 2
  Operators: ⊗Y → ⊗Y⁻¹

Step 1895: step_20
  Value: 1.208638e-02
  NRCI: 0.999997000000
  Net refinements: 0
  Composition depth: 2
  Operators: ⊗Y → ⊗Y⁻¹

Step 1896: step_20
  Value: 1.172967e-02
  NRCI: 0.999997000000
  Net refinements: 0
  Composition depth: 2
  Operators: ⊗Y → ⊗Y⁻¹

Step 1897: step_20
  Value: 1.137993e-02
  NRCI: 0.999997000000
  Net refinements: 0
  Composition depth: 2
  Operators: ⊗Y → ⊗Y⁻¹

Step 1898: step_20
  Value: 1.103715e-02
  NRCI: 0.999997000000
  Net refinements: 0
  Composition depth: 2
  Operators: ⊗Y → ⊗Y⁻¹

Step 1899: step_20
  Value: 1.070136e-02
  NRCI: 0.999997000000
  Net refinements: 0
  Composition depth: 2
  Operators: ⊗Y → ⊗Y⁻¹

Step 1900: step_20
  Value: 1.037253e-02
  NRCI: 0.999997000000
  Net refinements: 0
  Composition depth: 2
  Operators: ⊗Y → ⊗Y⁻¹

Step 1901: step_20
  Value: 1.005067e-02
  NRCI: 0.999997000000
  Net refinements: 0
  Composition depth: 2
  Operators: ⊗Y → ⊗Y⁻¹

Step 1902: step_20
  Value: 9.735743e-03
  NRCI: 0.999997000000
  Net refinements: 0
  Composition depth: 2
  Operators: ⊗Y → ⊗Y⁻¹

Step 1903: step_20
  Value: 9.427735e-03
  NRCI: 0.999997000000
  Net refinements: 0
  Composition depth: 2
  Operators: ⊗Y → ⊗Y⁻¹

Step 1904: step_20
  Value: 9.126616e-03
  NRCI: 0.999997000000
  Net refinements: 0
  Composition depth: 2
  Operators: ⊗Y → ⊗Y⁻¹

Step 1905: step_20
  Value: 8.832351e-03
  NRCI: 0.999997000000
  Net refinements: 0
  Composition depth: 2
  Operators: ⊗Y → ⊗Y⁻¹

Step 1906: step_20
  Value: 8.544900e-03
  NRCI: 0.999997000000
  Net refinements: 0
  Composition depth: 2
  Operators: ⊗Y → ⊗Y⁻¹

Step 1907: step_20
  Value: 8.264218e-03
  NRCI: 0.999997000000
  Net refinements: 0
  Composition depth: 2
  Operators: ⊗Y → ⊗Y⁻¹

Step 1908: step_20
  Value: 7.990255e-03
  NRCI: 0.999997000000
  Net refinements: 0
  Composition depth: 2
  Operators: ⊗Y → ⊗Y⁻¹

Step 1909: step_20
  Value: 7.722957e-03
  NRCI: 0.999997000000
  Net refinements: 0
  Composition depth: 2
  Operators: ⊗Y → ⊗Y⁻¹

Step 1910: step_20
  Value: 7.462267e-03
  NRCI: 0.999997000000
  Net refinements: 0
  Composition depth: 2
  Operators: ⊗Y → ⊗Y⁻¹

Step 1911: step_20
  Value: 7.208120e-03
  NRCI: 0.999997000000
  Net refinements: 0
  Composition depth: 2
  Operators: ⊗Y → ⊗Y⁻¹

Step 1912: step_20
  Value: 6.960451e-03
  NRCI: 0.999997000000
  Net refinements: 0
  Composition depth: 2
  Operators: ⊗Y → ⊗Y⁻¹

Step 1913: step_20
  Value: 6.719189e-03
  NRCI: 0.999997000000
  Net refinements: 0
  Composition depth: 2
  Operators: ⊗Y → ⊗Y⁻¹

Step 1914: step_20
  Value: 6.484261e-03
  NRCI: 0.999997000000
  Net refinements: 0
  Composition depth: 2
  Operators: ⊗Y → ⊗Y⁻¹

Step 1915: step_20
  Value: 6.255589e-03
  NRCI: 0.999997000000
  Net refinements: 0
  Composition depth: 2
  Operators: ⊗Y → ⊗Y⁻¹

Step 1916: step_20
  Value: 6.033094e-03
  NRCI: 0.999997000000
  Net refinements: 0
  Composition depth: 2
  Operators: ⊗Y → ⊗Y⁻¹

Step 1917: step_20
  Value: 5.816691e-03
  NRCI: 0.999997000000
  Net refinements: 0
  Composition depth: 2
  Operators: ⊗Y → ⊗Y⁻¹

Step 1918: step_20
  Value: 5.606297e-03
  NRCI: 0.999997000000
  Net refinements: 0
  Composition depth: 2
  Operators: ⊗Y → ⊗Y⁻¹

Step 1919: step_20
  Value: 5.401823e-03
  NRCI: 0.999997000000
  Net refinements: 0
  Composition depth: 2
  Operators: ⊗Y → ⊗Y⁻¹

Step 1920: step_20
  Value: 5.203178e-03
  NRCI: 0.999997000000
  Net refinements: 0
  Composition depth: 2
  Operators: ⊗Y → ⊗Y⁻¹

Step 1921: step_20
  Value: 5.010270e-03
  NRCI: 0.999997000000
  Net refinements: 0
  Composition depth: 2
  Operators: ⊗Y → ⊗Y⁻¹

Step 1922: step_20
  Value: 4.823004e-03
  NRCI: 0.999997000000
  Net refinements: 0
  Composition depth: 2
  Operators: ⊗Y → ⊗Y⁻¹

Step 1923: step_20
  Value: 4.641286e-03
  NRCI: 0.999997000000
  Net refinements: 0
  Composition depth: 2
  Operators: ⊗Y → ⊗Y⁻¹

Step 1924: step_20
  Value: 4.465017e-03
  NRCI: 0.999997000000
  Net refinements: 0
  Composition depth: 2
  Operators: ⊗Y → ⊗Y⁻¹

Step 1925: step_20
  Value: 4.294099e-03
  NRCI: 0.999997000000
  Net refinements: 0
  Composition depth: 2
  Operators: ⊗Y → ⊗Y⁻¹

Step 1926: step_20
  Value: 4.128432e-03
  NRCI: 0.999997000000
  Net refinements: 0
  Composition depth: 2
  Operators: ⊗Y → ⊗Y⁻¹

Step 1927: step_20
  Value: 3.967914e-03
  NRCI: 0.999997000000
  Net refinements: 0
  Composition depth: 2
  Operators: ⊗Y → ⊗Y⁻¹

Step 1928: step_20
  Value: 3.812445e-03
  NRCI: 0.999997000000
  Net refinements: 0
  Composition depth: 2
  Operators: ⊗Y → ⊗Y⁻¹

Step 1929: step_20
  Value: 3.661921e-03
  NRCI: 0.999997000000
  Net refinements: 0
  Composition depth: 2
  Operators: ⊗Y → ⊗Y⁻¹

Step 1930: step_20
  Value: 3.516240e-03
  NRCI: 0.999997000000
  Net refinements: 0
  Composition depth: 2
  Operators: ⊗Y → ⊗Y⁻¹

Step 1931: step_20
  Value: 3.375298e-03
  NRCI: 0.999997000000
  Net refinements: 0
  Composition depth: 2
  Operators: ⊗Y → ⊗Y⁻¹

Step 1932: step_20
  Value: 3.238992e-03
  NRCI: 0.999997000000
  Net refinements: 0
  Composition depth: 2
  Operators: ⊗Y → ⊗Y⁻¹

Step 1933: step_20
  Value: 3.107218e-03
  NRCI: 0.999997000000
  Net refinements: 0
  Composition depth: 2
  Operators: ⊗Y → ⊗Y⁻¹

Step 1934: step_20
  Value: 2.979873e-03
  NRCI: 0.999997000000
  Net refinements: 0
  Composition depth: 2
  Operators: ⊗Y → ⊗Y⁻¹

Step 1935: step_20
  Value: 2.856853e-03
  NRCI: 0.999997000000
  Net refinements: 0
  Composition depth: 2
  Operators: ⊗Y → ⊗Y⁻¹

Step 1936: step_20
  Value: 2.738055e-03
  NRCI: 0.999997000000
  Net refinements: 0
  Composition depth: 2
  Operators: ⊗Y → ⊗Y⁻¹

Step 1937: step_20
  Value: 2.623376e-03
  NRCI: 0.999997000000
  Net refinements: 0
  Composition depth: 2
  Operators: ⊗Y → ⊗Y⁻¹

Step 1938: step_20
  Value: 2.512715e-03
  NRCI: 0.999997000000
  Net refinements: 0
  Composition depth: 2
  Operators: ⊗Y → ⊗Y⁻¹

Step 1939: step_20
  Value: 2.405978e-03
  NRCI: 0.999997000000
  Net refinements: 0
  Composition depth: 2
  Operators: ⊗Y → ⊗Y⁻¹

Step 1940: step_20
  Value: 2.303134e-03
  NRCI: 0.999997000000
  Net refinements: 0
  Composition depth: 2
  Operators: ⊗Y → ⊗Y⁻¹

Step 1941: step_20
  Value: 2.204539e-03
  NRCI: 0.999997000000
  Net refinements: 0
  Composition depth: 2
  Operators: ⊗Y → ⊗Y⁻¹

Step 1942: step_20
  Value: 2.112651e-03
  NRCI: 0.999997000000
  Net refinements: 0
  Composition depth: 2
  Operators: ⊗Y → ⊗Y⁻¹

Step 1943: step_20
  Value: 2.039111e-03
  NRCI: 0.999997000000
  Net refinements: 0
  Composition depth: 2
  Operators: ⊗Y → ⊗Y⁻¹

Step 1944: step_20
  Value: 2.027733e-03
  NRCI: 0.999997000000
  Net refinements: 0
  Composition depth: 2
  Operators: ⊗Y → ⊗Y⁻¹

Step 1945: step_20
  Value: 2.209298e-03
  NRCI: 0.999997000000
  Net refinements: 0
  Composition depth: 2
  Operators: ⊗Y → ⊗Y⁻¹

Step 1946: step_20
  Value: 2.883556e-03
  NRCI: 0.999997000000
  Net refinements: 0
  Composition depth: 2
  Operators: ⊗Y → ⊗Y⁻¹

Step 1947: step_20
  Value: 4.541156e-03
  NRCI: 0.999997000000
  Net refinements: 0
  Composition depth: 2
  Operators: ⊗Y → ⊗Y⁻¹

Step 1948: step_20
  Value: 7.644904e-03
  NRCI: 0.999997000000
  Net refinements: 0
  Composition depth: 2
  Operators: ⊗Y → ⊗Y⁻¹

Step 1949: step_20
  Value: 1.212937e-02
  NRCI: 0.999997000000
  Net refinements: 0
  Composition depth: 2
  Operators: ⊗Y → ⊗Y⁻¹

Step 1950: step_20
  Value: 1.706657e-02
  NRCI: 0.999997000000
  Net refinements: 0
  Composition depth: 2
  Operators: ⊗Y → ⊗Y⁻¹

Step 1951: step_20
  Value: 2.111090e-02
  NRCI: 0.999997000000
  Net refinements: 0
  Composition depth: 2
  Operators: ⊗Y → ⊗Y⁻¹

Step 1952: step_20
  Value: 2.343884e-02
  NRCI: 0.999997000000
  Net refinements: 0
  Composition depth: 2
  Operators: ⊗Y → ⊗Y⁻¹

Step 1953: step_20
  Value: 2.413035e-02
  NRCI: 0.999997000000
  Net refinements: 0
  Composition depth: 2
  Operators: ⊗Y → ⊗Y⁻¹

Step 1954: step_20
  Value: 2.376883e-02
  NRCI: 0.999997000000
  Net refinements: 0
  Composition depth: 2
  Operators: ⊗Y → ⊗Y⁻¹

Step 1955: step_20
  Value: 2.291635e-02
  NRCI: 0.999997000000
  Net refinements: 0
  Composition depth: 2
  Operators: ⊗Y → ⊗Y⁻¹

Step 1956: step_20
  Value: 2.190455e-02
  NRCI: 0.999997000000
  Net refinements: 0
  Composition depth: 2
  Operators: ⊗Y → ⊗Y⁻¹

Step 1957: step_20
  Value: 2.087490e-02
  NRCI: 0.999997000000
  Net refinements: 0
  Composition depth: 2
  Operators: ⊗Y → ⊗Y⁻¹

Step 1958: step_20
  Value: 1.987334e-02
  NRCI: 0.999997000000
  Net refinements: 0
  Composition depth: 2
  Operators: ⊗Y → ⊗Y⁻¹

Step 1959: step_20
  Value: 1.891099e-02
  NRCI: 0.999997000000
  Net refinements: 0
  Composition depth: 2
  Operators: ⊗Y → ⊗Y⁻¹

Step 1960: step_20
  Value: 1.798907e-02
  NRCI: 0.999997000000
  Net refinements: 0
  Composition depth: 2
  Operators: ⊗Y → ⊗Y⁻¹

Step 1961: step_20
  Value: 1.710647e-02
  NRCI: 0.999997000000
  Net refinements: 0
  Composition depth: 2
  Operators: ⊗Y → ⊗Y⁻¹

Step 1962: step_20
  Value: 1.626092e-02
  NRCI: 0.999997000000
  Net refinements: 0
  Composition depth: 2
  Operators: ⊗Y → ⊗Y⁻¹

Step 1963: step_20
  Value: 1.544676e-02
  NRCI: 0.999997000000
  Net refinements: 0
  Composition depth: 2
  Operators: ⊗Y → ⊗Y⁻¹

Step 1964: step_20
  Value: 1.464661e-02
  NRCI: 0.999997000000
  Net refinements: 0
  Composition depth: 2
  Operators: ⊗Y → ⊗Y⁻¹

Step 1965: step_20
  Value: 1.381134e-02
  NRCI: 0.999997000000
  Net refinements: 0
  Composition depth: 2
  Operators: ⊗Y → ⊗Y⁻¹

Step 1966: step_20
  Value: 1.283023e-02
  NRCI: 0.999997000000
  Net refinements: 0
  Composition depth: 2
  Operators: ⊗Y → ⊗Y⁻¹

Step 1967: step_20
  Value: 1.152328e-02
  NRCI: 0.999997000000
  Net refinements: 0
  Composition depth: 2
  Operators: ⊗Y → ⊗Y⁻¹

Step 1968: step_20
  Value: 9.721745e-03
  NRCI: 0.999997000000
  Net refinements: 0
  Composition depth: 2
  Operators: ⊗Y → ⊗Y⁻¹

Step 1969: step_20
  Value: 7.451356e-03
  NRCI: 0.999997000000
  Net refinements: 0
  Composition depth: 2
  Operators: ⊗Y → ⊗Y⁻¹

Step 1970: step_20
  Value: 5.053598e-03
  NRCI: 0.999997000000
  Net refinements: 0
  Composition depth: 2
  Operators: ⊗Y → ⊗Y⁻¹

Step 1971: step_20
  Value: 3.020832e-03
  NRCI: 0.999997000000
  Net refinements: 0
  Composition depth: 2
  Operators: ⊗Y → ⊗Y⁻¹

Step 1972: step_20
  Value: 1.651205e-03
  NRCI: 0.999997000000
  Net refinements: 0
  Composition depth: 2
  Operators: ⊗Y → ⊗Y⁻¹

Step 1973: step_20
  Value: 9.102023e-04
  NRCI: 0.999997000000
  Net refinements: 0
  Composition depth: 2
  Operators: ⊗Y → ⊗Y⁻¹

Step 1974: step_20
  Value: 5.792706e-04
  NRCI: 0.999997000000
  Net refinements: 0
  Composition depth: 2
  Operators: ⊗Y → ⊗Y⁻¹

Step 1975: step_20
  Value: 4.491839e-04
  NRCI: 0.999997000000
  Net refinements: 0
  Composition depth: 2
  Operators: ⊗Y → ⊗Y⁻¹

Step 1976: step_20
  Value: 3.965159e-04
  NRCI: 0.999997000000
  Net refinements: 0
  Composition depth: 2
  Operators: ⊗Y → ⊗Y⁻¹

Step 1977: step_20
  Value: 3.683318e-04
  NRCI: 0.999997000000
  Net refinements: 0
  Composition depth: 2
  Operators: ⊗Y → ⊗Y⁻¹

Step 1978: step_20
  Value: 3.470373e-04
  NRCI: 0.999997000000
  Net refinements: 0
  Composition depth: 2
  Operators: ⊗Y → ⊗Y⁻¹

Step 1979: step_20
  Value: 3.279318e-04
  NRCI: 0.999997000000
  Net refinements: 0
  Composition depth: 2
  Operators: ⊗Y → ⊗Y⁻¹

Step 1980: step_20
  Value: 3.099657e-04
  NRCI: 0.999997000000
  Net refinements: 0
  Composition depth: 2
  Operators: ⊗Y → ⊗Y⁻¹

Step 1981: step_20
  Value: 2.929190e-04
  NRCI: 0.999997000000
  Net refinements: 0
  Composition depth: 2
  Operators: ⊗Y → ⊗Y⁻¹

Step 1982: step_20
  Value: 2.767264e-04
  NRCI: 0.999997000000
  Net refinements: 0
  Composition depth: 2
  Operators: ⊗Y → ⊗Y⁻¹

Step 1983: step_20
  Value: 2.613476e-04
  NRCI: 0.999997000000
  Net refinements: 0
  Composition depth: 2
  Operators: ⊗Y → ⊗Y⁻¹

Step 1984: step_20
  Value: 2.467462e-04
  NRCI: 0.999997000000
  Net refinements: 0
  Composition depth: 2
  Operators: ⊗Y → ⊗Y⁻¹

Step 1985: step_20
  Value: 2.328877e-04
  NRCI: 0.999997000000
  Net refinements: 0
  Composition depth: 2
  Operators: ⊗Y → ⊗Y⁻¹

Step 1986: step_20
  Value: 2.197388e-04
  NRCI: 0.999997000000
  Net refinements: 0
  Composition depth: 2
  Operators: ⊗Y → ⊗Y⁻¹

Step 1987: step_20
  Value: 2.072675e-04
  NRCI: 0.999997000000
  Net refinements: 0
  Composition depth: 2
  Operators: ⊗Y → ⊗Y⁻¹

Step 1988: step_20
  Value: 1.954428e-04
  NRCI: 0.999997000000
  Net refinements: 0
  Composition depth: 2
  Operators: ⊗Y → ⊗Y⁻¹

Step 1989: step_20
  Value: 1.842350e-04
  NRCI: 0.999997000000
  Net refinements: 0
  Composition depth: 2
  Operators: ⊗Y → ⊗Y⁻¹

Step 1990: step_20
  Value: 1.736157e-04
  NRCI: 0.999997000000
  Net refinements: 0
  Composition depth: 2
  Operators: ⊗Y → ⊗Y⁻¹

Step 1991: step_20
  Value: 1.635572e-04
  NRCI: 0.999997000000
  Net refinements: 0
  Composition depth: 2
  Operators: ⊗Y → ⊗Y⁻¹

Step 1992: step_20
  Value: 1.540333e-04
  NRCI: 0.999997000000
  Net refinements: 0
  Composition depth: 2
  Operators: ⊗Y → ⊗Y⁻¹

Step 1993: step_20
  Value: 1.450186e-04
  NRCI: 0.999997000000
  Net refinements: 0
  Composition depth: 2
  Operators: ⊗Y → ⊗Y⁻¹

Step 1994: step_20
  Value: 1.364888e-04
  NRCI: 0.999997000000
  Net refinements: 0
  Composition depth: 2
  Operators: ⊗Y → ⊗Y⁻¹

Step 1995: step_20
  Value: 1.284205e-04
  NRCI: 0.999997000000
  Net refinements: 0
  Composition depth: 2
  Operators: ⊗Y → ⊗Y⁻¹

Step 1996: step_20
  Value: 1.207913e-04
  NRCI: 0.999997000000
  Net refinements: 0
  Composition depth: 2
  Operators: ⊗Y → ⊗Y⁻¹

Step 1997: step_20
  Value: 1.135798e-04
  NRCI: 0.999997000000
  Net refinements: 0
  Composition depth: 2
  Operators: ⊗Y → ⊗Y⁻¹

Step 1998: step_20
  Value: 1.067655e-04
  NRCI: 0.999997000000
  Net refinements: 0
  Composition depth: 2
  Operators: ⊗Y → ⊗Y⁻¹

Step 1999: step_20
  Value: 1.003286e-04
  NRCI: 0.999997000000
  Net refinements: 0
  Composition depth: 2
  Operators: ⊗Y → ⊗Y⁻¹

Step 2000: step_20
  Value: 9.425026e-05
  NRCI: 0.999997000000
  Net refinements: 0
  Composition depth: 2
  Operators: ⊗Y → ⊗Y⁻¹

Step 2001: step_20
  Value: 8.851249e-05
  NRCI: 0.999997000000
  Net refinements: 0
  Composition depth: 2
  Operators: ⊗Y → ⊗Y⁻¹

Step 2002: step_20
  Value: 8.309802e-05
  NRCI: 0.999997000000
  Net refinements: 0
  Composition depth: 2
  Operators: ⊗Y → ⊗Y⁻¹

Step 2003: step_20
  Value: 7.799037e-05
  NRCI: 0.999997000000
  Net refinements: 0
  Composition depth: 2
  Operators: ⊗Y → ⊗Y⁻¹

Step 2004: step_20
  Value: 7.317376e-05
  NRCI: 0.999997000000
  Net refinements: 0
  Composition depth: 2
  Operators: ⊗Y → ⊗Y⁻¹

Step 2005: step_20
  Value: 6.863314e-05
  NRCI: 0.999997000000
  Net refinements: 0
  Composition depth: 2
  Operators: ⊗Y → ⊗Y⁻¹

Step 2006: step_20
  Value: 6.435414e-05
  NRCI: 0.999997000000
  Net refinements: 0
  Composition depth: 2
  Operators: ⊗Y → ⊗Y⁻¹

Step 2007: step_20
  Value: 6.032304e-05
  NRCI: 0.999997000000
  Net refinements: 0
  Composition depth: 2
  Operators: ⊗Y → ⊗Y⁻¹

Step 2008: step_20
  Value: 5.652676e-05
  NRCI: 0.999997000000
  Net refinements: 0
  Composition depth: 2
  Operators: ⊗Y → ⊗Y⁻¹

Step 2009: step_20
  Value: 5.295281e-05
  NRCI: 0.999997000000
  Net refinements: 0
  Composition depth: 2
  Operators: ⊗Y → ⊗Y⁻¹

Step 2010: step_20
  Value: 4.958932e-05
  NRCI: 0.999997000000
  Net refinements: 0
  Composition depth: 2
  Operators: ⊗Y → ⊗Y⁻¹

Step 2011: step_20
  Value: 4.642494e-05
  NRCI: 0.999997000000
  Net refinements: 0
  Composition depth: 2
  Operators: ⊗Y → ⊗Y⁻¹

Step 2012: step_20
  Value: 4.344889e-05
  NRCI: 0.999997000000
  Net refinements: 0
  Composition depth: 2
  Operators: ⊗Y → ⊗Y⁻¹

Step 2013: step_20
  Value: 4.065090e-05
  NRCI: 0.999997000000
  Net refinements: 0
  Composition depth: 2
  Operators: ⊗Y → ⊗Y⁻¹

Step 2014: step_20
  Value: 3.802119e-05
  NRCI: 0.999997000000
  Net refinements: 0
  Composition depth: 2
  Operators: ⊗Y → ⊗Y⁻¹

Step 2015: step_20
  Value: 3.555048e-05
  NRCI: 0.999997000000
  Net refinements: 0
  Composition depth: 2
  Operators: ⊗Y → ⊗Y⁻¹

Step 2016: step_20
  Value: 3.322992e-05
  NRCI: 0.999997000000
  Net refinements: 0
  Composition depth: 2
  Operators: ⊗Y → ⊗Y⁻¹

Step 2017: step_20
  Value: 3.105112e-05
  NRCI: 0.999997000000
  Net refinements: 0
  Composition depth: 2
  Operators: ⊗Y → ⊗Y⁻¹

Step 2018: step_20
  Value: 2.900610e-05
  NRCI: 0.999997000000
  Net refinements: 0
  Composition depth: 2
  Operators: ⊗Y → ⊗Y⁻¹

Step 2019: step_20
  Value: 2.708738e-05
  NRCI: 0.999997000000
  Net refinements: 0
  Composition depth: 2
  Operators: ⊗Y → ⊗Y⁻¹

Step 2020: step_20
  Value: 2.528834e-05
  NRCI: 0.999997000000
  Net refinements: 0
  Composition depth: 2
  Operators: ⊗Y → ⊗Y⁻¹

Step 2021: step_20
  Value: 2.360603e-05
  NRCI: 0.999997000000
  Net refinements: 0
  Composition depth: 2
  Operators: ⊗Y → ⊗Y⁻¹

Step 2022: step_20
  Value: 2.205559e-05
  NRCI: 0.999997000000
  Net refinements: 0
  Composition depth: 2
  Operators: ⊗Y → ⊗Y⁻¹

Step 2023: step_20
  Value: 2.073004e-05
  NRCI: 0.999997000000
  Net refinements: 0
  Composition depth: 2
  Operators: ⊗Y → ⊗Y⁻¹

Step 2024: step_20
  Value: 1.999370e-05
  NRCI: 0.999997000000
  Net refinements: 0
  Composition depth: 2
  Operators: ⊗Y → ⊗Y⁻¹

Step 2025: step_20
  Value: 2.094147e-05
  NRCI: 0.999997000000
  Net refinements: 0
  Composition depth: 2
  Operators: ⊗Y → ⊗Y⁻¹

Step 2026: step_20
  Value: 2.607866e-05
  NRCI: 0.999997000000
  Net refinements: 0
  Composition depth: 2
  Operators: ⊗Y → ⊗Y⁻¹

Step 2027: step_20
  Value: 3.947515e-05
  NRCI: 0.999997000000
  Net refinements: 0
  Composition depth: 2
  Operators: ⊗Y → ⊗Y⁻¹

Step 2028: step_20
  Value: 6.487282e-05
  NRCI: 0.999997000000
  Net refinements: 0
  Composition depth: 2
  Operators: ⊗Y → ⊗Y⁻¹

Step 2029: step_20
  Value: 1.014462e-04
  NRCI: 0.999997000000
  Net refinements: 0
  Composition depth: 2
  Operators: ⊗Y → ⊗Y⁻¹

Step 2030: step_20
  Value: 1.410738e-04
  NRCI: 0.999997000000
  Net refinements: 0
  Composition depth: 2
  Operators: ⊗Y → ⊗Y⁻¹

Step 2031: step_20
  Value: 1.722891e-04
  NRCI: 0.999997000000
  Net refinements: 0
  Composition depth: 2
  Operators: ⊗Y → ⊗Y⁻¹

Step 2032: step_20
  Value: 1.883341e-04
  NRCI: 0.999997000000
  Net refinements: 0
  Composition depth: 2
  Operators: ⊗Y → ⊗Y⁻¹

Step 2033: step_20
  Value: 1.902752e-04
  NRCI: 0.999997000000
  Net refinements: 0
  Composition depth: 2
  Operators: ⊗Y → ⊗Y⁻¹

Step 2034: step_20
  Value: 1.834134e-04
  NRCI: 0.999997000000
  Net refinements: 0
  Composition depth: 2
  Operators: ⊗Y → ⊗Y⁻¹

Step 2035: step_20
  Value: 1.727268e-04
  NRCI: 0.999997000000
  Net refinements: 0
  Composition depth: 2
  Operators: ⊗Y → ⊗Y⁻¹

Step 2036: step_20
  Value: 1.611089e-04
  NRCI: 0.999997000000
  Net refinements: 0
  Composition depth: 2
  Operators: ⊗Y → ⊗Y⁻¹

Step 2037: step_20
  Value: 1.497652e-04
  NRCI: 0.999997000000
  Net refinements: 0
  Composition depth: 2
  Operators: ⊗Y → ⊗Y⁻¹

Step 2038: step_20
  Value: 1.390607e-04
  NRCI: 0.999997000000
  Net refinements: 0
  Composition depth: 2
  Operators: ⊗Y → ⊗Y⁻¹

Step 2039: step_20
  Value: 1.290568e-04
  NRCI: 0.999997000000
  Net refinements: 0
  Composition depth: 2
  Operators: ⊗Y → ⊗Y⁻¹

Step 2040: step_20
  Value: 1.197308e-04
  NRCI: 0.999997000000
  Net refinements: 0
  Composition depth: 2
  Operators: ⊗Y → ⊗Y⁻¹

Step 2041: step_20
  Value: 1.110423e-04
  NRCI: 0.999997000000
  Net refinements: 0
  Composition depth: 2
  Operators: ⊗Y → ⊗Y⁻¹

Step 2042: step_20
  Value: 1.029460e-04
  NRCI: 0.999997000000
  Net refinements: 0
  Composition depth: 2
  Operators: ⊗Y → ⊗Y⁻¹

Step 2043: step_20
  Value: 9.538139e-05
  NRCI: 0.999997000000
  Net refinements: 0
  Composition depth: 2
  Operators: ⊗Y → ⊗Y⁻¹

Step 2044: step_20
  Value: 8.823008e-05
  NRCI: 0.999997000000
  Net refinements: 0
  Composition depth: 2
  Operators: ⊗Y → ⊗Y⁻¹

Step 2045: step_20
  Value: 8.121427e-05
  NRCI: 0.999997000000
  Net refinements: 0
  Composition depth: 2
  Operators: ⊗Y → ⊗Y⁻¹

Step 2046: step_20
  Value: 7.374665e-05
  NRCI: 0.999997000000
  Net refinements: 0
  Composition depth: 2
  Operators: ⊗Y → ⊗Y⁻¹

Step 2047: step_20
  Value: 6.489777e-05
  NRCI: 0.999997000000
  Net refinements: 0
  Composition depth: 2
  Operators: ⊗Y → ⊗Y⁻¹

Step 2048: step_20
  Value: 5.381774e-05
  NRCI: 0.999997000000
  Net refinements: 0
  Composition depth: 2
  Operators: ⊗Y → ⊗Y⁻¹

Step 2049: step_20
  Value: 4.067627e-05
  NRCI: 0.999997000000
  Net refinements: 0
  Composition depth: 2
  Operators: ⊗Y → ⊗Y⁻¹

Step 2050: step_20
  Value: 2.726191e-05
  NRCI: 0.999997000000
  Net refinements: 0
  Composition depth: 2
  Operators: ⊗Y → ⊗Y⁻¹

Step 2051: step_20
  Value: 1.609587e-05
  NRCI: 0.999997000000
  Net refinements: 0
  Composition depth: 2
  Operators: ⊗Y → ⊗Y⁻¹

Step 2052: step_20
  Value: 8.641037e-06
  NRCI: 0.999997000000
  Net refinements: 0
  Composition depth: 2
  Operators: ⊗Y → ⊗Y⁻¹

Step 2053: step_20
  Value: 4.617436e-06
  NRCI: 0.999997000000
  Net refinements: 0
  Composition depth: 2
  Operators: ⊗Y → ⊗Y⁻¹

Step 2054: step_20
  Value: 2.809675e-06
  NRCI: 0.999997000000
  Net refinements: 0
  Composition depth: 2
  Operators: ⊗Y → ⊗Y⁻¹

Step 2055: step_20
  Value: 2.083531e-06
  NRCI: 0.999997000000
  Net refinements: 0
  Composition depth: 2
  Operators: ⊗Y → ⊗Y⁻¹

Step 2056: step_20
  Value: 1.775930e-06
  NRCI: 0.999997000000
  Net refinements: 0
  Composition depth: 2
  Operators: ⊗Y → ⊗Y⁻¹

Step 2057: step_20
  Value: 1.603583e-06
  NRCI: 0.999997000000
  Net refinements: 0
  Composition depth: 2
  Operators: ⊗Y → ⊗Y⁻¹

Step 2058: step_20
  Value: 1.472293e-06
  NRCI: 0.999997000000
  Net refinements: 0
  Composition depth: 2
  Operators: ⊗Y → ⊗Y⁻¹

Step 2059: step_20
  Value: 1.356616e-06
  NRCI: 0.999997000000
  Net refinements: 0
  Composition depth: 2
  Operators: ⊗Y → ⊗Y⁻¹

Step 2060: step_20
  Value: 1.250559e-06
  NRCI: 0.999997000000
  Net refinements: 0
  Composition depth: 2
  Operators: ⊗Y → ⊗Y⁻¹

Step 2061: step_20
  Value: 1.152567e-06
  NRCI: 0.999997000000
  Net refinements: 0
  Composition depth: 2
  Operators: ⊗Y → ⊗Y⁻¹

Step 2062: step_20
  Value: 1.061936e-06
  NRCI: 0.999997000000
  Net refinements: 0
  Composition depth: 2
  Operators: ⊗Y → ⊗Y⁻¹

Step 2063: step_20
  Value: 9.781285e-07
  NRCI: 0.999997000000
  Net refinements: 0
  Composition depth: 2
  Operators: ⊗Y → ⊗Y⁻¹

Step 2064: step_20
  Value: 9.006529e-07
  NRCI: 0.999997000000
  Net refinements: 0
  Composition depth: 2
  Operators: ⊗Y → ⊗Y⁻¹

Step 2065: step_20
  Value: 8.290547e-07
  NRCI: 0.999997000000
  Net refinements: 0
  Composition depth: 2
  Operators: ⊗Y → ⊗Y⁻¹

Step 2066: step_20
  Value: 7.629094e-07
  NRCI: 0.999997000000
  Net refinements: 0
  Composition depth: 2
  Operators: ⊗Y → ⊗Y⁻¹

Step 2067: step_20
  Value: 7.018219e-07
  NRCI: 0.999997000000
  Net refinements: 0
  Composition depth: 2
  Operators: ⊗Y → ⊗Y⁻¹

Step 2068: step_20
  Value: 6.454238e-07
  NRCI: 0.999997000000
  Net refinements: 0
  Composition depth: 2
  Operators: ⊗Y → ⊗Y⁻¹

Step 2069: step_20
  Value: 5.933721e-07
  NRCI: 0.999997000000
  Net refinements: 0
  Composition depth: 2
  Operators: ⊗Y → ⊗Y⁻¹

Step 2070: step_20
  Value: 5.453476e-07
  NRCI: 0.999997000000
  Net refinements: 0
  Composition depth: 2
  Operators: ⊗Y → ⊗Y⁻¹

Step 2071: step_20
  Value: 5.010532e-07
  NRCI: 0.999997000000
  Net refinements: 0
  Composition depth: 2
  Operators: ⊗Y → ⊗Y⁻¹

Step 2072: step_20
  Value: 4.602124e-07
  NRCI: 0.999997000000
  Net refinements: 0
  Composition depth: 2
  Operators: ⊗Y → ⊗Y⁻¹

Step 2073: step_20
  Value: 4.225684e-07
  NRCI: 0.999997000000
  Net refinements: 0
  Composition depth: 2
  Operators: ⊗Y → ⊗Y⁻¹

Step 2074: step_20
  Value: 3.878821e-07
  NRCI: 0.999997000000
  Net refinements: 0
  Composition depth: 2
  Operators: ⊗Y → ⊗Y⁻¹

Step 2075: step_20
  Value: 3.559317e-07
  NRCI: 0.999997000000
  Net refinements: 0
  Composition depth: 2
  Operators: ⊗Y → ⊗Y⁻¹

Step 2076: step_20
  Value: 3.265109e-07
  NRCI: 0.999997000000
  Net refinements: 0
  Composition depth: 2
  Operators: ⊗Y → ⊗Y⁻¹

Step 2077: step_20
  Value: 2.994283e-07
  NRCI: 0.999997000000
  Net refinements: 0
  Composition depth: 2
  Operators: ⊗Y → ⊗Y⁻¹

Step 2078: step_20
  Value: 2.745061e-07
  NRCI: 0.999997000000
  Net refinements: 0
  Composition depth: 2
  Operators: ⊗Y → ⊗Y⁻¹

Step 2079: step_20
  Value: 2.515796e-07
  NRCI: 0.999997000000
  Net refinements: 0
  Composition depth: 2
  Operators: ⊗Y → ⊗Y⁻¹

Step 2080: step_20
  Value: 2.304957e-07
  NRCI: 0.999997000000
  Net refinements: 0
  Composition depth: 2
  Operators: ⊗Y → ⊗Y⁻¹

Step 2081: step_20
  Value: 2.111128e-07
  NRCI: 0.999997000000
  Net refinements: 0
  Composition depth: 2
  Operators: ⊗Y → ⊗Y⁻¹

Step 2082: step_20
  Value: 1.932993e-07
  NRCI: 0.999997000000
  Net refinements: 0
  Composition depth: 2
  Operators: ⊗Y → ⊗Y⁻¹

Step 2083: step_20
  Value: 1.769335e-07
  NRCI: 0.999997000000
  Net refinements: 0
  Composition depth: 2
  Operators: ⊗Y → ⊗Y⁻¹

Step 2084: step_20
  Value: 1.619027e-07
  NRCI: 0.999997000000
  Net refinements: 0
  Composition depth: 2
  Operators: ⊗Y → ⊗Y⁻¹

Step 2085: step_20
  Value: 1.481024e-07
  NRCI: 0.999997000000
  Net refinements: 0
  Composition depth: 2
  Operators: ⊗Y → ⊗Y⁻¹

Step 2086: step_20
  Value: 1.354361e-07
  NRCI: 0.999997000000
  Net refinements: 0
  Composition depth: 2
  Operators: ⊗Y → ⊗Y⁻¹

Step 2087: step_20
  Value: 1.238143e-07
  NRCI: 0.999997000000
  Net refinements: 0
  Composition depth: 2
  Operators: ⊗Y → ⊗Y⁻¹

Step 2088: step_20
  Value: 1.131543e-07
  NRCI: 0.999997000000
  Net refinements: 0
  Composition depth: 2
  Operators: ⊗Y → ⊗Y⁻¹

Step 2089: step_20
  Value: 1.033798e-07
  NRCI: 0.999997000000
  Net refinements: 0
  Composition depth: 2
  Operators: ⊗Y → ⊗Y⁻¹

Step 2090: step_20
  Value: 9.442008e-08
  NRCI: 0.999997000000
  Net refinements: 0
  Composition depth: 2
  Operators: ⊗Y → ⊗Y⁻¹

Step 2091: step_20
  Value: 8.620991e-08
  NRCI: 0.999997000000
  Net refinements: 0
  Composition depth: 2
  Operators: ⊗Y → ⊗Y⁻¹

Step 2092: step_20
  Value: 7.868902e-08
  NRCI: 0.999997000000
  Net refinements: 0
  Composition depth: 2
  Operators: ⊗Y → ⊗Y⁻¹

Step 2093: step_20
  Value: 7.180177e-08
  NRCI: 0.999997000000
  Net refinements: 0
  Composition depth: 2
  Operators: ⊗Y → ⊗Y⁻¹

Step 2094: step_20
  Value: 6.549684e-08
  NRCI: 0.999997000000
  Net refinements: 0
  Composition depth: 2
  Operators: ⊗Y → ⊗Y⁻¹

Step 2095: step_20
  Value: 5.972685e-08
  NRCI: 0.999997000000
  Net refinements: 0
  Composition depth: 2
  Operators: ⊗Y → ⊗Y⁻¹

Step 2096: step_20
  Value: 5.444814e-08
  NRCI: 0.999997000000
  Net refinements: 0
  Composition depth: 2
  Operators: ⊗Y → ⊗Y⁻¹

Step 2097: step_20
  Value: 4.962043e-08
  NRCI: 0.999997000000
  Net refinements: 0
  Composition depth: 2
  Operators: ⊗Y → ⊗Y⁻¹

Step 2098: step_20
  Value: 4.520664e-08
  NRCI: 0.999997000000
  Net refinements: 0
  Composition depth: 2
  Operators: ⊗Y → ⊗Y⁻¹

Step 2099: step_20
  Value: 4.117257e-08
  NRCI: 0.999997000000
  Net refinements: 0
  Composition depth: 2
  Operators: ⊗Y → ⊗Y⁻¹

Step 2100: step_20
  Value: 3.748675e-08
  NRCI: 0.999997000000
  Net refinements: 0
  Composition depth: 2
  Operators: ⊗Y → ⊗Y⁻¹

Step 2101: step_20
  Value: 3.412022e-08
  NRCI: 0.999997000000
  Net refinements: 0
  Composition depth: 2
  Operators: ⊗Y → ⊗Y⁻¹

Step 2102: step_20
  Value: 3.104631e-08
  NRCI: 0.999997000000
  Net refinements: 0
  Composition depth: 2
  Operators: ⊗Y → ⊗Y⁻¹

Step 2103: step_20
  Value: 2.824049e-08
  NRCI: 0.999997000000
  Net refinements: 0
  Composition depth: 2
  Operators: ⊗Y → ⊗Y⁻¹

Step 2104: step_20
  Value: 2.568021e-08
  NRCI: 0.999997000000
  Net refinements: 0
  Composition depth: 2
  Operators: ⊗Y → ⊗Y⁻¹

Step 2105: step_20
  Value: 2.334474e-08
  NRCI: 0.999997000000
  Net refinements: 0
  Composition depth: 2
  Operators: ⊗Y → ⊗Y⁻¹

Step 2106: step_20
  Value: 2.121503e-08
  NRCI: 0.999997000000
  Net refinements: 0
  Composition depth: 2
  Operators: ⊗Y → ⊗Y⁻¹

Step 2107: step_20
  Value: 1.927358e-08
  NRCI: 0.999997000000
  Net refinements: 0
  Composition depth: 2
  Operators: ⊗Y → ⊗Y⁻¹

Step 2108: step_20
  Value: 1.750432e-08
  NRCI: 0.999997000000
  Net refinements: 0
  Composition depth: 2
  Operators: ⊗Y → ⊗Y⁻¹

Step 2109: step_20
  Value: 1.589250e-08
  NRCI: 0.999997000000
  Net refinements: 0
  Composition depth: 2
  Operators: ⊗Y → ⊗Y⁻¹

Step 2110: step_20
  Value: 1.442458e-08
  NRCI: 0.999997000000
  Net refinements: 0
  Composition depth: 2
  Operators: ⊗Y → ⊗Y⁻¹

Step 2111: step_20
  Value: 1.308816e-08
  NRCI: 0.999997000000
  Net refinements: 0
  Composition depth: 2
  Operators: ⊗Y → ⊗Y⁻¹

Step 2112: step_20
  Value: 1.187183e-08
  NRCI: 0.999997000000
  Net refinements: 0
  Composition depth: 2
  Operators: ⊗Y → ⊗Y⁻¹

Step 2113: step_20
  Value: 1.076518e-08
  NRCI: 0.999997000000
  Net refinements: 0
  Composition depth: 2
  Operators: ⊗Y → ⊗Y⁻¹

Step 2114: step_20
  Value: 9.758630e-09
  NRCI: 0.999997000000
  Net refinements: 0
  Composition depth: 2
  Operators: ⊗Y → ⊗Y⁻¹

Step 2115: step_20
  Value: 8.843426e-09
  NRCI: 0.999997000000
  Net refinements: 0
  Composition depth: 2
  Operators: ⊗Y → ⊗Y⁻¹

Step 2116: step_20
  Value: 8.011546e-09
  NRCI: 0.999997000000
  Net refinements: 0
  Composition depth: 2
  Operators: ⊗Y → ⊗Y⁻¹

Step 2117: step_20
  Value: 7.255649e-09
  NRCI: 0.999997000000
  Net refinements: 0
  Composition depth: 2
  Operators: ⊗Y → ⊗Y⁻¹

Step 2118: step_20
  Value: 6.569016e-09
  NRCI: 0.999997000000
  Net refinements: 0
  Composition depth: 2
  Operators: ⊗Y → ⊗Y⁻¹

Step 2119: step_20
  Value: 5.945501e-09
  NRCI: 0.999997000000
  Net refinements: 0
  Composition depth: 2
  Operators: ⊗Y → ⊗Y⁻¹

Step 2120: step_20
  Value: 5.379486e-09
  NRCI: 0.999997000000
  Net refinements: 0
  Composition depth: 2
  Operators: ⊗Y → ⊗Y⁻¹

Step 2121: step_20
  Value: 4.865833e-09
  NRCI: 0.999997000000
  Net refinements: 0
  Composition depth: 2
  Operators: ⊗Y → ⊗Y⁻¹

Step 2122: step_20
  Value: 4.399848e-09
  NRCI: 0.999997000000
  Net refinements: 0
  Composition depth: 2
  Operators: ⊗Y → ⊗Y⁻¹

Step 2123: step_20
  Value: 3.977245e-09
  NRCI: 0.999997000000
  Net refinements: 0
  Composition depth: 2
  Operators: ⊗Y → ⊗Y⁻¹

Step 2124: step_20
  Value: 3.594108e-09
  NRCI: 0.999997000000
  Net refinements: 0
  Composition depth: 2
  Operators: ⊗Y → ⊗Y⁻¹

Step 2125: step_20
  Value: 3.246863e-09
  NRCI: 0.999997000000
  Net refinements: 0
  Composition depth: 2
  Operators: ⊗Y → ⊗Y⁻¹

Step 2126: step_20
  Value: 2.932250e-09
  NRCI: 0.999997000000
  Net refinements: 0
  Composition depth: 2
  Operators: ⊗Y → ⊗Y⁻¹

Step 2127: step_20
  Value: 2.647294e-09
  NRCI: 0.999997000000
  Net refinements: 0
  Composition depth: 2
  Operators: ⊗Y → ⊗Y⁻¹

Step 2128: step_20
  Value: 2.389282e-09
  NRCI: 0.999997000000
  Net refinements: 0
  Composition depth: 2
  Operators: ⊗Y → ⊗Y⁻¹

Step 2129: step_20
  Value: 2.155742e-09
  NRCI: 0.999997000000
  Net refinements: 0
  Composition depth: 2
  Operators: ⊗Y → ⊗Y⁻¹

Step 2130: step_20
  Value: 1.944421e-09
  NRCI: 0.999997000000
  Net refinements: 0
  Composition depth: 2
  Operators: ⊗Y → ⊗Y⁻¹

Step 2131: step_20
  Value: 1.753266e-09
  NRCI: 0.999997000000
  Net refinements: 0
  Composition depth: 2
  Operators: ⊗Y → ⊗Y⁻¹

Step 2132: step_20
  Value: 1.580409e-09
  NRCI: 0.999997000000
  Net refinements: 0
  Composition depth: 2
  Operators: ⊗Y → ⊗Y⁻¹

Step 2133: step_20
  Value: 1.424149e-09
  NRCI: 0.999997000000
  Net refinements: 0
  Composition depth: 2
  Operators: ⊗Y → ⊗Y⁻¹

Step 2134: step_20
  Value: 1.282937e-09
  NRCI: 0.999997000000
  Net refinements: 0
  Composition depth: 2
  Operators: ⊗Y → ⊗Y⁻¹

Step 2135: step_20
  Value: 1.155366e-09
  NRCI: 0.999997000000
  Net refinements: 0
  Composition depth: 2
  Operators: ⊗Y → ⊗Y⁻¹

Step 2136: step_20
  Value: 1.040154e-09
  NRCI: 0.999997000000
  Net refinements: 0
  Composition depth: 2
  Operators: ⊗Y → ⊗Y⁻¹

Step 2137: step_20
  Value: 9.361382e-10
  NRCI: 0.999997000000
  Net refinements: 0
  Composition depth: 2
  Operators: ⊗Y → ⊗Y⁻¹

Step 2138: step_20
  Value: 8.422605e-10
  NRCI: 0.999997000000
  Net refinements: 0
  Composition depth: 2
  Operators: ⊗Y → ⊗Y⁻¹

Step 2139: step_20
  Value: 7.575599e-10
  NRCI: 0.999997000000
  Net refinements: 0
  Composition depth: 2
  Operators: ⊗Y → ⊗Y⁻¹

Step 2140: step_20
  Value: 6.811640e-10
  NRCI: 0.999997000000
  Net refinements: 0
  Composition depth: 2
  Operators: ⊗Y → ⊗Y⁻¹

Step 2141: step_20
  Value: 6.122806e-10
  NRCI: 0.999997000000
  Net refinements: 0
  Composition depth: 2
  Operators: ⊗Y → ⊗Y⁻¹

Step 2142: step_20
  Value: 5.501909e-10
  NRCI: 0.999997000000
  Net refinements: 0
  Composition depth: 2
  Operators: ⊗Y → ⊗Y⁻¹

Step 2143: step_20
  Value: 4.942429e-10
  NRCI: 0.999997000000
  Net refinements: 0
  Composition depth: 2
  Operators: ⊗Y → ⊗Y⁻¹

Step 2144: step_20
  Value: 4.438453e-10
  NRCI: 0.999997000000
  Net refinements: 0
  Composition depth: 2
  Operators: ⊗Y → ⊗Y⁻¹

Step 2145: step_20
  Value: 3.984620e-10
  NRCI: 0.999997000000
  Net refinements: 0
  Composition depth: 2
  Operators: ⊗Y → ⊗Y⁻¹

Step 2146: step_20
  Value: 3.576072e-10
  NRCI: 0.999997000000
  Net refinements: 0
  Composition depth: 2
  Operators: ⊗Y → ⊗Y⁻¹

Step 2147: step_20
  Value: 3.208410e-10
  NRCI: 0.999997000000
  Net refinements: 0
  Composition depth: 2
  Operators: ⊗Y → ⊗Y⁻¹

Step 2148: step_20
  Value: 2.877647e-10
  NRCI: 0.999997000000
  Net refinements: 0
  Composition depth: 2
  Operators: ⊗Y → ⊗Y⁻¹

Step 2149: step_20
  Value: 2.580175e-10
  NRCI: 0.999997000000
  Net refinements: 0
  Composition depth: 2
  Operators: ⊗Y → ⊗Y⁻¹

Step 2150: step_20
  Value: 2.312731e-10
  NRCI: 0.999997000000
  Net refinements: 0
  Composition depth: 2
  Operators: ⊗Y → ⊗Y⁻¹

Step 2151: step_20
  Value: 2.072360e-10
  NRCI: 0.999997000000
  Net refinements: 0
  Composition depth: 2
  Operators: ⊗Y → ⊗Y⁻¹

Step 2152: step_20
  Value: 1.856390e-10
  NRCI: 0.999997000000
  Net refinements: 0
  Composition depth: 2
  Operators: ⊗Y → ⊗Y⁻¹

Step 2153: step_20
  Value: 1.662408e-10
  NRCI: 0.999997000000
  Net refinements: 0
  Composition depth: 2
  Operators: ⊗Y → ⊗Y⁻¹

Step 2154: step_20
  Value: 1.488229e-10
  NRCI: 0.999997000000
  Net refinements: 0
  Composition depth: 2
  Operators: ⊗Y → ⊗Y⁻¹

Step 2155: step_20
  Value: 1.331884e-10
  NRCI: 0.999997000000
  Net refinements: 0
  Composition depth: 2
  Operators: ⊗Y → ⊗Y⁻¹

Step 2156: step_20
  Value: 1.191590e-10
  NRCI: 0.999997000000
  Net refinements: 0
  Composition depth: 2
  Operators: ⊗Y → ⊗Y⁻¹

Step 2157: step_20
  Value: 1.065741e-10
  NRCI: 0.999997000000
  Net refinements: 0
  Composition depth: 2
  Operators: ⊗Y → ⊗Y⁻¹

Step 2158: step_20
  Value: 9.528851e-11
  NRCI: 0.999997000000
  Net refinements: 0
  Composition depth: 2
  Operators: ⊗Y → ⊗Y⁻¹

Step 2159: step_20
  Value: 8.517135e-11
  NRCI: 0.999997000000
  Net refinements: 0
  Composition depth: 2
  Operators: ⊗Y → ⊗Y⁻¹

Step 2160: step_20
  Value: 7.610455e-11
  NRCI: 0.999997000000
  Net refinements: 0
  Composition depth: 2
  Operators: ⊗Y → ⊗Y⁻¹

Step 2161: step_20
  Value: 6.798167e-11
  NRCI: 0.999997000000
  Net refinements: 0
  Composition depth: 2
  Operators: ⊗Y → ⊗Y⁻¹

Step 2162: step_20
  Value: 6.070677e-11
  NRCI: 0.999997000000
  Net refinements: 0
  Composition depth: 2
  Operators: ⊗Y → ⊗Y⁻¹

Step 2163: step_20
  Value: 5.419342e-11
  NRCI: 0.999997000000
  Net refinements: 0
  Composition depth: 2
  Operators: ⊗Y → ⊗Y⁻¹

Step 2164: step_20
  Value: 4.836377e-11
  NRCI: 0.999997000000
  Net refinements: 0
  Composition depth: 2
  Operators: ⊗Y → ⊗Y⁻¹

Step 2165: step_20
  Value: 4.314772e-11
  NRCI: 0.999997000000
  Net refinements: 0
  Composition depth: 2
  Operators: ⊗Y → ⊗Y⁻¹

Step 2166: step_20
  Value: 3.848218e-11
  NRCI: 0.999997000000
  Net refinements: 0
  Composition depth: 2
  Operators: ⊗Y → ⊗Y⁻¹

Step 2167: step_20
  Value: 3.431038e-11
  NRCI: 0.999997000000
  Net refinements: 0
  Composition depth: 2
  Operators: ⊗Y → ⊗Y⁻¹

Step 2168: step_20
  Value: 3.058128e-11
  NRCI: 0.999997000000
  Net refinements: 0
  Composition depth: 2
  Operators: ⊗Y → ⊗Y⁻¹

Step 2169: step_20
  Value: 2.724895e-11
  NRCI: 0.999997000000
  Net refinements: 0
  Composition depth: 2
  Operators: ⊗Y → ⊗Y⁻¹

Step 2170: step_20
  Value: 2.427214e-11
  NRCI: 0.999997000000
  Net refinements: 0
  Composition depth: 2
  Operators: ⊗Y → ⊗Y⁻¹

Step 2171: step_20
  Value: 2.161377e-11
  NRCI: 0.999997000000
  Net refinements: 0
  Composition depth: 2
  Operators: ⊗Y → ⊗Y⁻¹

Step 2172: step_20
  Value: 1.924053e-11
  NRCI: 0.999997000000
  Net refinements: 0
  Composition depth: 2
  Operators: ⊗Y → ⊗Y⁻¹

Step 2173: step_20
  Value: 1.712252e-11
  NRCI: 0.999997000000
  Net refinements: 0
  Composition depth: 2
  Operators: ⊗Y → ⊗Y⁻¹

Step 2174: step_20
  Value: 1.523289e-11
  NRCI: 0.999997000000
  Net refinements: 0
  Composition depth: 2
  Operators: ⊗Y → ⊗Y⁻¹

Step 2175: step_20
  Value: 1.354757e-11
  NRCI: 0.999997000000
  Net refinements: 0
  Composition depth: 2
  Operators: ⊗Y → ⊗Y⁻¹

Step 2176: step_20
  Value: 1.204493e-11
  NRCI: 0.999997000000
  Net refinements: 0
  Composition depth: 2
  Operators: ⊗Y → ⊗Y⁻¹

Step 2177: step_20
  Value: 1.070561e-11
  NRCI: 0.999997000000
  Net refinements: 0
  Composition depth: 2
  Operators: ⊗Y → ⊗Y⁻¹

Step 2178: step_20
  Value: 9.512238e-12
  NRCI: 0.999997000000
  Net refinements: 0
  Composition depth: 2
  Operators: ⊗Y → ⊗Y⁻¹

Step 2179: step_20
  Value: 8.449248e-12
  NRCI: 0.999997000000
  Net refinements: 0
  Composition depth: 2
  Operators: ⊗Y → ⊗Y⁻¹

Step 2180: step_20
  Value: 7.502699e-12
  NRCI: 0.999997000000
  Net refinements: 0
  Composition depth: 2
  Operators: ⊗Y → ⊗Y⁻¹

Step 2181: step_20
  Value: 6.660106e-12
  NRCI: 0.999997000000
  Net refinements: 0
  Composition depth: 2
  Operators: ⊗Y → ⊗Y⁻¹

Step 2182: step_20
  Value: 5.910291e-12
  NRCI: 0.999997000000
  Net refinements: 0
  Composition depth: 2
  Operators: ⊗Y → ⊗Y⁻¹

Step 2183: step_20
  Value: 5.243252e-12
  NRCI: 0.999997000000
  Net refinements: 0
  Composition depth: 2
  Operators: ⊗Y → ⊗Y⁻¹

Step 2184: step_20
  Value: 4.650040e-12
  NRCI: 0.999997000000
  Net refinements: 0
  Composition depth: 2
  Operators: ⊗Y → ⊗Y⁻¹

Step 2185: step_20
  Value: 4.122653e-12
  NRCI: 0.999997000000
  Net refinements: 0
  Composition depth: 2
  Operators: ⊗Y → ⊗Y⁻¹

Step 2186: step_20
  Value: 3.653937e-12
  NRCI: 0.999997000000
  Net refinements: 0
  Composition depth: 2
  Operators: ⊗Y → ⊗Y⁻¹

Step 2187: step_20
  Value: 3.237497e-12
  NRCI: 0.999997000000
  Net refinements: 0
  Composition depth: 2
  Operators: ⊗Y → ⊗Y⁻¹

Step 2188: step_20
  Value: 2.867621e-12
  NRCI: 0.999997000000
  Net refinements: 0
  Composition depth: 2
  Operators: ⊗Y → ⊗Y⁻¹

Step 2189: step_20
  Value: 2.539208e-12
  NRCI: 0.999997000000
  Net refinements: 0
  Composition depth: 2
  Operators: ⊗Y → ⊗Y⁻¹

Step 2190: step_20
  Value: 2.247704e-12
  NRCI: 0.999997000000
  Net refinements: 0
  Composition depth: 2
  Operators: ⊗Y → ⊗Y⁻¹

Step 2191: step_20
  Value: 1.989042e-12
  NRCI: 0.999997000000
  Net refinements: 0
  Composition depth: 2
  Operators: ⊗Y → ⊗Y⁻¹

Step 2192: step_20
  Value: 1.759595e-12
  NRCI: 0.999997000000
  Net refinements: 0
  Composition depth: 2
  Operators: ⊗Y → ⊗Y⁻¹

Step 2193: step_20
  Value: 1.556130e-12
  NRCI: 0.999997000000
  Net refinements: 0
  Composition depth: 2
  Operators: ⊗Y → ⊗Y⁻¹

Step 2194: step_20
  Value: 1.375761e-12
  NRCI: 0.999997000000
  Net refinements: 0
  Composition depth: 2
  Operators: ⊗Y → ⊗Y⁻¹

Step 2195: step_20
  Value: 1.215918e-12
  NRCI: 0.999997000000
  Net refinements: 0
  Composition depth: 2
  Operators: ⊗Y → ⊗Y⁻¹

Step 2196: step_20
  Value: 1.074310e-12
  NRCI: 0.999997000000
  Net refinements: 0
  Composition depth: 2
  Operators: ⊗Y → ⊗Y⁻¹

Step 2197: step_20
  Value: 9.488973e-13
  NRCI: 0.999997000000
  Net refinements: 0
  Composition depth: 2
  Operators: ⊗Y → ⊗Y⁻¹

Step 2198: step_20
  Value: 8.378627e-13
  NRCI: 0.999997000000
  Net refinements: 0
  Composition depth: 2
  Operators: ⊗Y → ⊗Y⁻¹

Step 2199: step_20
  Value: 7.395894e-13
  NRCI: 0.999997000000
  Net refinements: 0
  Composition depth: 2
  Operators: ⊗Y → ⊗Y⁻¹

Step 2200: step_20
  Value: 6.526383e-13
  NRCI: 0.999997000000
  Net refinements: 0
  Composition depth: 2
  Operators: ⊗Y → ⊗Y⁻¹

Step 2201: step_20
  Value: 5.757296e-13
  NRCI: 0.999997000000
  Net refinements: 0
  Composition depth: 2
  Operators: ⊗Y → ⊗Y⁻¹

Step 2202: step_20
  Value: 5.077252e-13
  NRCI: 0.999997000000
  Net refinements: 0
  Composition depth: 2
  Operators: ⊗Y → ⊗Y⁻¹

Step 2203: step_20
  Value: 4.476133e-13
  NRCI: 0.999997000000
  Net refinements: 0
  Composition depth: 2
  Operators: ⊗Y → ⊗Y⁻¹

Step 2204: step_20
  Value: 3.944948e-13
  NRCI: 0.999997000000
  Net refinements: 0
  Composition depth: 2
  Operators: ⊗Y → ⊗Y⁻¹

Step 2205: step_20
  Value: 3.475712e-13
  NRCI: 0.999997000000
  Net refinements: 0
  Composition depth: 2
  Operators: ⊗Y → ⊗Y⁻¹

Step 2206: step_20
  Value: 3.061332e-13
  NRCI: 0.999997000000
  Net refinements: 0
  Composition depth: 2
  Operators: ⊗Y → ⊗Y⁻¹

Step 2207: step_20
  Value: 2.695511e-13
  NRCI: 0.999997000000
  Net refinements: 0
  Composition depth: 2
  Operators: ⊗Y → ⊗Y⁻¹

Step 2208: step_20
  Value: 2.372663e-13
  NRCI: 0.999997000000
  Net refinements: 0
  Composition depth: 2
  Operators: ⊗Y → ⊗Y⁻¹

Step 2209: step_20
  Value: 2.087829e-13
  NRCI: 0.999997000000
  Net refinements: 0
  Composition depth: 2
  Operators: ⊗Y → ⊗Y⁻¹

Step 2210: step_20
  Value: 1.836615e-13
  NRCI: 0.999997000000
  Net refinements: 0
  Composition depth: 2
  Operators: ⊗Y → ⊗Y⁻¹

Step 2211: step_20
  Value: 1.615122e-13
  NRCI: 0.999997000000
  Net refinements: 0
  Composition depth: 2
  Operators: ⊗Y → ⊗Y⁻¹

Step 2212: step_20
  Value: 1.419896e-13
  NRCI: 0.999997000000
  Net refinements: 0
  Composition depth: 2
  Operators: ⊗Y → ⊗Y⁻¹

Step 2213: step_20
  Value: 1.247878e-13
  NRCI: 0.999997000000
  Net refinements: 0
  Composition depth: 2
  Operators: ⊗Y → ⊗Y⁻¹

Step 2214: step_20
  Value: 1.096356e-13
  NRCI: 0.999997000000
  Net refinements: 0
  Composition depth: 2
  Operators: ⊗Y → ⊗Y⁻¹

Step 2215: step_20
  Value: 9.629314e-14
  NRCI: 0.999997000000
  Net refinements: 0
  Composition depth: 2
  Operators: ⊗Y → ⊗Y⁻¹

Step 2216: step_20
  Value: 8.454796e-14
  NRCI: 0.999997000000
  Net refinements: 0
  Composition depth: 2
  Operators: ⊗Y → ⊗Y⁻¹

Step 2217: step_20
  Value: 7.421216e-14
  NRCI: 0.999997000000
  Net refinements: 0
  Composition depth: 2
  Operators: ⊗Y → ⊗Y⁻¹

Step 2218: step_20
  Value: 6.511951e-14
  NRCI: 0.999997000000
  Net refinements: 0
  Composition depth: 2
  Operators: ⊗Y → ⊗Y⁻¹

Step 2219: step_20
  Value: 5.712304e-14
  NRCI: 0.999997000000
  Net refinements: 0
  Composition depth: 2
  Operators: ⊗Y → ⊗Y⁻¹

Step 2220: step_20
  Value: 5.009284e-14
  NRCI: 0.999997000000
  Net refinements: 0
  Composition depth: 2
  Operators: ⊗Y → ⊗Y⁻¹

Step 2221: step_20
  Value: 4.391410e-14
  NRCI: 0.999997000000
  Net refinements: 0
  Composition depth: 2
  Operators: ⊗Y → ⊗Y⁻¹

Step 2222: step_20
  Value: 3.848545e-14
  NRCI: 0.999997000000
  Net refinements: 0
  Composition depth: 2
  Operators: ⊗Y → ⊗Y⁻¹

Step 2223: step_20
  Value: 3.371733e-14
  NRCI: 0.999997000000
  Net refinements: 0
  Composition depth: 2
  Operators: ⊗Y → ⊗Y⁻¹

Step 2224: step_20
  Value: 2.953072e-14
  NRCI: 0.999997000000
  Net refinements: 0
  Composition depth: 2
  Operators: ⊗Y → ⊗Y⁻¹

Step 2225: step_20
  Value: 2.585585e-14
  NRCI: 0.999997000000
  Net refinements: 0
  Composition depth: 2
  Operators: ⊗Y → ⊗Y⁻¹

Step 2226: step_20
  Value: 2.263122e-14
  NRCI: 0.999997000000
  Net refinements: 0
  Composition depth: 2
  Operators: ⊗Y → ⊗Y⁻¹

Step 2227: step_20
  Value: 1.980255e-14
  NRCI: 0.999997000000
  Net refinements: 0
  Composition depth: 2
  Operators: ⊗Y → ⊗Y⁻¹

Step 2228: step_20
  Value: 1.732201e-14
  NRCI: 0.999997000000
  Net refinements: 0
  Composition depth: 2
  Operators: ⊗Y → ⊗Y⁻¹

Step 2229: step_20
  Value: 1.514746e-14
  NRCI: 0.999997000000
  Net refinements: 0
  Composition depth: 2
  Operators: ⊗Y → ⊗Y⁻¹

Step 2230: step_20
  Value: 1.324174e-14
  NRCI: 0.999997000000
  Net refinements: 0
  Composition depth: 2
  Operators: ⊗Y → ⊗Y⁻¹

Step 2231: step_20
  Value: 1.157217e-14
  NRCI: 0.999997000000
  Net refinements: 0
  Composition depth: 2
  Operators: ⊗Y → ⊗Y⁻¹

Step 2232: step_20
  Value: 1.010994e-14
  NRCI: 0.999997000000
  Net refinements: 0
  Composition depth: 2
  Operators: ⊗Y → ⊗Y⁻¹

Step 2233: step_20
  Value: 8.829709e-15
  NRCI: 0.999997000000
  Net refinements: 0
  Composition depth: 2
  Operators: ⊗Y → ⊗Y⁻¹

Step 2234: step_20
  Value: 7.709183e-15
  NRCI: 0.999997000000
  Net refinements: 0
  Composition depth: 2
  Operators: ⊗Y → ⊗Y⁻¹

Step 2235: step_20
  Value: 6.728751e-15
  NRCI: 0.999997000000
  Net refinements: 0
  Composition depth: 2
  Operators: ⊗Y → ⊗Y⁻¹

Step 2236: step_20
  Value: 5.871171e-15
  NRCI: 0.999997000000
  Net refinements: 0
  Composition depth: 2
  Operators: ⊗Y → ⊗Y⁻¹

Step 2237: step_20
  Value: 5.121286e-15
  NRCI: 0.999997000000
  Net refinements: 0
  Composition depth: 2
  Operators: ⊗Y → ⊗Y⁻¹

Step 2238: step_20
  Value: 4.465782e-15
  NRCI: 0.999997000000
  Net refinements: 0
  Composition depth: 2
  Operators: ⊗Y → ⊗Y⁻¹

Step 2239: step_20
  Value: 3.892961e-15
  NRCI: 0.999997000000
  Net refinements: 0
  Composition depth: 2
  Operators: ⊗Y → ⊗Y⁻¹

Step 2240: step_20
  Value: 3.392554e-15
  NRCI: 0.999997000000
  Net refinements: 0
  Composition depth: 2
  Operators: ⊗Y → ⊗Y⁻¹

Step 2241: step_20
  Value: 2.955545e-15
  NRCI: 0.999997000000
  Net refinements: 0
  Composition depth: 2
  Operators: ⊗Y → ⊗Y⁻¹

Step 2242: step_20
  Value: 2.574024e-15
  NRCI: 0.999997000000
  Net refinements: 0
  Composition depth: 2
  Operators: ⊗Y → ⊗Y⁻¹

Step 2243: step_20
  Value: 2.241050e-15
  NRCI: 0.999997000000
  Net refinements: 0
  Composition depth: 2
  Operators: ⊗Y → ⊗Y⁻¹

Step 2244: step_20
  Value: 1.950540e-15
  NRCI: 0.999997000000
  Net refinements: 0
  Composition depth: 2
  Operators: ⊗Y → ⊗Y⁻¹

Step 2245: step_20
  Value: 1.697157e-15
  NRCI: 0.999997000000
  Net refinements: 0
  Composition depth: 2
  Operators: ⊗Y → ⊗Y⁻¹

Step 2246: step_20
  Value: 1.476228e-15
  NRCI: 0.999997000000
  Net refinements: 0
  Composition depth: 2
  Operators: ⊗Y → ⊗Y⁻¹

Step 2247: step_20
  Value: 1.283657e-15
  NRCI: 0.999997000000
  Net refinements: 0
  Composition depth: 2
  Operators: ⊗Y → ⊗Y⁻¹

Step 2248: step_20
  Value: 1.115857e-15
  NRCI: 0.999997000000
  Net refinements: 0
  Composition depth: 2
  Operators: ⊗Y → ⊗Y⁻¹

Step 2249: step_20
  Value: 9.696891e-16
  NRCI: 0.999997000000
  Net refinements: 0
  Composition depth: 2
  Operators: ⊗Y → ⊗Y⁻¹

Step 2250: step_20
  Value: 8.424040e-16
  NRCI: 0.999997000000
  Net refinements: 0
  Composition depth: 2
  Operators: ⊗Y → ⊗Y⁻¹

Step 2251: step_20
  Value: 7.315979e-16
  NRCI: 0.999997000000
  Net refinements: 0
  Composition depth: 2
  Operators: ⊗Y → ⊗Y⁻¹

Step 2252: step_20
  Value: 6.351679e-16
  NRCI: 0.999997000000
  Net refinements: 0
  Composition depth: 2
  Operators: ⊗Y → ⊗Y⁻¹

Step 2253: step_20
  Value: 5.512757e-16
  NRCI: 0.999997000000
  Net refinements: 0
  Composition depth: 2
  Operators: ⊗Y → ⊗Y⁻¹

Step 2254: step_20
  Value: 4.783141e-16
  NRCI: 0.999997000000
  Net refinements: 0
  Composition depth: 2
  Operators: ⊗Y → ⊗Y⁻¹

Step 2255: step_20
  Value: 4.148793e-16
  NRCI: 0.999997000000
  Net refinements: 0
  Composition depth: 2
  Operators: ⊗Y → ⊗Y⁻¹

Step 2256: step_20
  Value: 3.597447e-16
  NRCI: 0.999997000000
  Net refinements: 0
  Composition depth: 2
  Operators: ⊗Y → ⊗Y⁻¹

Step 2257: step_20
  Value: 3.118395e-16
  NRCI: 0.999997000000
  Net refinements: 0
  Composition depth: 2
  Operators: ⊗Y → ⊗Y⁻¹

Step 2258: step_20
  Value: 2.702290e-16
  NRCI: 0.999997000000
  Net refinements: 0
  Composition depth: 2
  Operators: ⊗Y → ⊗Y⁻¹

Step 2259: step_20
  Value: 2.340976e-16
  NRCI: 0.999997000000
  Net refinements: 0
  Composition depth: 2
  Operators: ⊗Y → ⊗Y⁻¹

Step 2260: step_20
  Value: 2.027338e-16
  NRCI: 0.999997000000
  Net refinements: 0
  Composition depth: 2
  Operators: ⊗Y → ⊗Y⁻¹

Step 2261: step_20
  Value: 1.755170e-16
  NRCI: 0.999997000000
  Net refinements: 0
  Composition depth: 2
  Operators: ⊗Y → ⊗Y⁻¹

Step 2262: step_20
  Value: 1.519066e-16
  NRCI: 0.999997000000
  Net refinements: 0
  Composition depth: 2
  Operators: ⊗Y → ⊗Y⁻¹

Step 2263: step_20
  Value: 1.314311e-16
  NRCI: 0.999997000000
  Net refinements: 0
  Composition depth: 2
  Operators: ⊗Y → ⊗Y⁻¹

Step 2264: step_20
  Value: 1.136799e-16
  NRCI: 0.999997000000
  Net refinements: 0
  Composition depth: 2
  Operators: ⊗Y → ⊗Y⁻¹

Step 2265: step_20
  Value: 9.829545e-17
  NRCI: 0.999997000000
  Net refinements: 0
  Composition depth: 2
  Operators: ⊗Y → ⊗Y⁻¹

Step 2266: step_20
  Value: 8.496640e-17
  NRCI: 0.999997000000
  Net refinements: 0
  Composition depth: 2
  Operators: ⊗Y → ⊗Y⁻¹

Step 2267: step_20
  Value: 7.342183e-17
  NRCI: 0.999997000000
  Net refinements: 0
  Composition depth: 2
  Operators: ⊗Y → ⊗Y⁻¹

Step 2268: step_20
  Value: 6.342599e-17
  NRCI: 0.999997000000
  Net refinements: 0
  Composition depth: 2
  Operators: ⊗Y → ⊗Y⁻¹

Step 2269: step_20
  Value: 5.477387e-17
  NRCI: 0.999997000000
  Net refinements: 0
  Composition depth: 2
  Operators: ⊗Y → ⊗Y⁻¹

Step 2270: step_20
  Value: 4.728722e-17
  NRCI: 0.999997000000
  Net refinements: 0
  Composition depth: 2
  Operators: ⊗Y → ⊗Y⁻¹

Step 2271: step_20
  Value: 4.081109e-17
  NRCI: 0.999997000000
  Net refinements: 0
  Composition depth: 2
  Operators: ⊗Y → ⊗Y⁻¹

Step 2272: step_20
  Value: 3.521087e-17
  NRCI: 0.999997000000
  Net refinements: 0
  Composition depth: 2
  Operators: ⊗Y → ⊗Y⁻¹

Step 2273: step_20
  Value: 3.036962e-17
  NRCI: 0.999997000000
  Net refinements: 0
  Composition depth: 2
  Operators: ⊗Y → ⊗Y⁻¹

Step 2274: step_20
  Value: 2.618582e-17
  NRCI: 0.999997000000
  Net refinements: 0
  Composition depth: 2
  Operators: ⊗Y → ⊗Y⁻¹

Step 2275: step_20
  Value: 2.257133e-17
  NRCI: 0.999997000000
  Net refinements: 0
  Composition depth: 2
  Operators: ⊗Y → ⊗Y⁻¹

Step 2276: step_20
  Value: 1.944967e-17
  NRCI: 0.999997000000
  Net refinements: 0
  Composition depth: 2
  Operators: ⊗Y → ⊗Y⁻¹

Step 2277: step_20
  Value: 1.675449e-17
  NRCI: 0.999997000000
  Net refinements: 0
  Composition depth: 2
  Operators: ⊗Y → ⊗Y⁻¹

Step 2278: step_20
  Value: 1.442828e-17
  NRCI: 0.999997000000
  Net refinements: 0
  Composition depth: 2
  Operators: ⊗Y → ⊗Y⁻¹

Step 2279: step_20
  Value: 1.242115e-17
  NRCI: 0.999997000000
  Net refinements: 0
  Composition depth: 2
  Operators: ⊗Y → ⊗Y⁻¹

Step 2280: step_20
  Value: 1.068990e-17
  NRCI: 0.999997000000
  Net refinements: 0
  Composition depth: 2
  Operators: ⊗Y → ⊗Y⁻¹

Step 2281: step_20
  Value: 9.197062e-18
  NRCI: 0.999997000000
  Net refinements: 0
  Composition depth: 2
  Operators: ⊗Y → ⊗Y⁻¹

Step 2282: step_20
  Value: 7.910226e-18
  NRCI: 0.999997000000
  Net refinements: 0
  Composition depth: 2
  Operators: ⊗Y → ⊗Y⁻¹

Step 2283: step_20
  Value: 6.801313e-18
  NRCI: 0.999997000000
  Net refinements: 0
  Composition depth: 2
  Operators: ⊗Y → ⊗Y⁻¹

Step 2284: step_20
  Value: 5.846026e-18
  NRCI: 0.999997000000
  Net refinements: 0
  Composition depth: 2
  Operators: ⊗Y → ⊗Y⁻¹

Step 2285: step_20
  Value: 5.023343e-18
  NRCI: 0.999997000000
  Net refinements: 0
  Composition depth: 2
  Operators: ⊗Y → ⊗Y⁻¹

Step 2286: step_20
  Value: 4.315083e-18
  NRCI: 0.999997000000
  Net refinements: 0
  Composition depth: 2
  Operators: ⊗Y → ⊗Y⁻¹

Step 2287: step_20
  Value: 3.705523e-18
  NRCI: 0.999997000000
  Net refinements: 0
  Composition depth: 2
  Operators: ⊗Y → ⊗Y⁻¹

Step 2288: step_20
  Value: 3.181075e-18
  NRCI: 0.999997000000
  Net refinements: 0
  Composition depth: 2
  Operators: ⊗Y → ⊗Y⁻¹

Step 2289: step_20
  Value: 2.729999e-18
  NRCI: 0.999997000000
  Net refinements: 0
  Composition depth: 2
  Operators: ⊗Y → ⊗Y⁻¹

Step 2290: step_20
  Value: 2.342153e-18
  NRCI: 0.999997000000
  Net refinements: 0
  Composition depth: 2
  Operators: ⊗Y → ⊗Y⁻¹

Step 2291: step_20
  Value: 2.008779e-18
  NRCI: 0.999997000000
  Net refinements: 0
  Composition depth: 2
  Operators: ⊗Y → ⊗Y⁻¹

Step 2292: step_20
  Value: 1.722317e-18
  NRCI: 0.999997000000
  Net refinements: 0
  Composition depth: 2
  Operators: ⊗Y → ⊗Y⁻¹

Step 2293: step_20
  Value: 1.476244e-18
  NRCI: 0.999997000000
  Net refinements: 0
  Composition depth: 2
  Operators: ⊗Y → ⊗Y⁻¹

Step 2294: step_20
  Value: 1.264932e-18
  NRCI: 0.999997000000
  Net refinements: 0
  Composition depth: 2
  Operators: ⊗Y → ⊗Y⁻¹

Step 2295: step_20
  Value: 1.083529e-18
  NRCI: 0.999997000000
  Net refinements: 0
  Composition depth: 2
  Operators: ⊗Y → ⊗Y⁻¹

Step 2296: step_20
  Value: 9.278507e-19
  NRCI: 0.999997000000
  Net refinements: 0
  Composition depth: 2
  Operators: ⊗Y → ⊗Y⁻¹

Step 2297: step_20
  Value: 7.942911e-19
  NRCI: 0.999997000000
  Net refinements: 0
  Composition depth: 2
  Operators: ⊗Y → ⊗Y⁻¹

Step 2298: step_20
  Value: 6.797440e-19
  NRCI: 0.999997000000
  Net refinements: 0
  Composition depth: 2
  Operators: ⊗Y → ⊗Y⁻¹

Step 2299: step_20
  Value: 5.815341e-19
  NRCI: 0.999997000000
  Net refinements: 0
  Composition depth: 2
  Operators: ⊗Y → ⊗Y⁻¹

Step 2300: step_20
  Value: 4.973580e-19
  NRCI: 0.999997000000
  Net refinements: 0
  Composition depth: 2
  Operators: ⊗Y → ⊗Y⁻¹

Step 2301: step_20
  Value: 4.252332e-19
  NRCI: 0.999997000000
  Net refinements: 0
  Composition depth: 2
  Operators: ⊗Y → ⊗Y⁻¹

Step 2302: step_20
  Value: 3.634539e-19
  NRCI: 0.999997000000
  Net refinements: 0
  Composition depth: 2
  Operators: ⊗Y → ⊗Y⁻¹

Step 2303: step_20
  Value: 3.105529e-19
  NRCI: 0.999997000000
  Net refinements: 0
  Composition depth: 2
  Operators: ⊗Y → ⊗Y⁻¹

Step 2304: step_20
  Value: 2.652687e-19
  NRCI: 0.999997000000
  Net refinements: 0
  Composition depth: 2
  Operators: ⊗Y → ⊗Y⁻¹

Step 2305: step_20
  Value: 2.265168e-19
  NRCI: 0.999997000000
  Net refinements: 0
  Composition depth: 2
  Operators: ⊗Y → ⊗Y⁻¹

Step 2306: step_20
  Value: 1.933656e-19
  NRCI: 0.999997000000
  Net refinements: 0
  Composition depth: 2
  Operators: ⊗Y → ⊗Y⁻¹

Step 2307: step_20
  Value: 1.650144e-19
  NRCI: 0.999997000000
  Net refinements: 0
  Composition depth: 2
  Operators: ⊗Y → ⊗Y⁻¹

Step 2308: step_20
  Value: 1.407761e-19
  NRCI: 0.999997000000
  Net refinements: 0
  Composition depth: 2
  Operators: ⊗Y → ⊗Y⁻¹

Step 2309: step_20
  Value: 1.200604e-19
  NRCI: 0.999997000000
  Net refinements: 0
  Composition depth: 2
  Operators: ⊗Y → ⊗Y⁻¹

Step 2310: step_20
  Value: 1.023611e-19
  NRCI: 0.999997000000
  Net refinements: 0
  Composition depth: 2
  Operators: ⊗Y → ⊗Y⁻¹

Step 2311: step_20
  Value: 8.724373e-20
  NRCI: 0.999997000000
  Net refinements: 0
  Composition depth: 2
  Operators: ⊗Y → ⊗Y⁻¹

Step 2312: step_20
  Value: 7.433572e-20
  NRCI: 0.999997000000
  Net refinements: 0
  Composition depth: 2
  Operators: ⊗Y → ⊗Y⁻¹

Step 2313: step_20
  Value: 6.331769e-20
  NRCI: 0.999997000000
  Net refinements: 0
  Composition depth: 2
  Operators: ⊗Y → ⊗Y⁻¹

Step 2314: step_20
  Value: 5.391588e-20
  NRCI: 0.999997000000
  Net refinements: 0
  Composition depth: 2
  Operators: ⊗Y → ⊗Y⁻¹

Step 2315: step_20
  Value: 4.589574e-20
  NRCI: 0.999997000000
  Net refinements: 0
  Composition depth: 2
  Operators: ⊗Y → ⊗Y⁻¹

Step 2316: step_20
  Value: 3.905640e-20
  NRCI: 0.999997000000
  Net refinements: 0
  Composition depth: 2
  Operators: ⊗Y → ⊗Y⁻¹

Step 2317: step_20
  Value: 3.322586e-20
  NRCI: 0.999997000000
  Net refinements: 0
  Composition depth: 2
  Operators: ⊗Y → ⊗Y⁻¹

Step 2318: step_20
  Value: 2.825689e-20
  NRCI: 0.999997000000
  Net refinements: 0
  Composition depth: 2
  Operators: ⊗Y → ⊗Y⁻¹

Step 2319: step_20
  Value: 2.402351e-20
  NRCI: 0.999997000000
  Net refinements: 0
  Composition depth: 2
  Operators: ⊗Y → ⊗Y⁻¹

Step 2320: step_20
  Value: 2.041798e-20
  NRCI: 0.999997000000
  Net refinements: 0
  Composition depth: 2
  Operators: ⊗Y → ⊗Y⁻¹

Step 2321: step_20
  Value: 1.734816e-20
  NRCI: 0.999997000000
  Net refinements: 0
  Composition depth: 2
  Operators: ⊗Y → ⊗Y⁻¹

Step 2322: step_20
  Value: 1.473526e-20
  NRCI: 0.999997000000
  Net refinements: 0
  Composition depth: 2
  Operators: ⊗Y → ⊗Y⁻¹

Step 2323: step_20
  Value: 1.251200e-20
  NRCI: 0.999997000000
  Net refinements: 0
  Composition depth: 2
  Operators: ⊗Y → ⊗Y⁻¹

Step 2324: step_20
  Value: 1.062085e-20
  NRCI: 0.999997000000
  Net refinements: 0
  Composition depth: 2
  Operators: ⊗Y → ⊗Y⁻¹

Step 2325: step_20
  Value: 9.012730e-21
  NRCI: 0.999997000000
  Net refinements: 0
  Composition depth: 2
  Operators: ⊗Y → ⊗Y⁻¹

Step 2326: step_20
  Value: 7.645703e-21
  NRCI: 0.999997000000
  Net refinements: 0
  Composition depth: 2
  Operators: ⊗Y → ⊗Y⁻¹

Step 2327: step_20
  Value: 6.483994e-21
  NRCI: 0.999997000000
  Net refinements: 0
  Composition depth: 2
  Operators: ⊗Y → ⊗Y⁻¹

Step 2328: step_20
  Value: 5.497078e-21
  NRCI: 0.999997000000
  Net refinements: 0
  Composition depth: 2
  Operators: ⊗Y → ⊗Y⁻¹

Step 2329: step_20
  Value: 4.658921e-21
  NRCI: 0.999997000000
  Net refinements: 0
  Composition depth: 2
  Operators: ⊗Y → ⊗Y⁻¹

Step 2330: step_20
  Value: 3.947325e-21
  NRCI: 0.999997000000
  Net refinements: 0
  Composition depth: 2
  Operators: ⊗Y → ⊗Y⁻¹

Step 2331: step_20
  Value: 3.343371e-21
  NRCI: 0.999997000000
  Net refinements: 0
  Composition depth: 2
  Operators: ⊗Y → ⊗Y⁻¹

Step 2332: step_20
  Value: 2.830938e-21
  NRCI: 0.999997000000
  Net refinements: 0
  Composition depth: 2
  Operators: ⊗Y → ⊗Y⁻¹

Step 2333: step_20
  Value: 2.396295e-21
  NRCI: 0.999997000000
  Net refinements: 0
  Composition depth: 2
  Operators: ⊗Y → ⊗Y⁻¹

Step 2334: step_20
  Value: 2.027749e-21
  NRCI: 0.999997000000
  Net refinements: 0
  Composition depth: 2
  Operators: ⊗Y → ⊗Y⁻¹

Step 2335: step_20
  Value: 1.715349e-21
  NRCI: 0.999997000000
  Net refinements: 0
  Composition depth: 2
  Operators: ⊗Y → ⊗Y⁻¹

Step 2336: step_20
  Value: 1.450623e-21
  NRCI: 0.999997000000
  Net refinements: 0
  Composition depth: 2
  Operators: ⊗Y → ⊗Y⁻¹

Step 2337: step_20
  Value: 1.226369e-21
  NRCI: 0.999997000000
  Net refinements: 0
  Composition depth: 2
  Operators: ⊗Y → ⊗Y⁻¹

Step 2338: step_20
  Value: 1.036458e-21
  NRCI: 0.999997000000
  Net refinements: 0
  Composition depth: 2
  Operators: ⊗Y → ⊗Y⁻¹

Step 2339: step_20
  Value: 8.756814e-22
  NRCI: 0.999997000000
  Net refinements: 0
  Composition depth: 2
  Operators: ⊗Y → ⊗Y⁻¹

Step 2340: step_20
  Value: 7.396136e-22
  NRCI: 0.999997000000
  Net refinements: 0
  Composition depth: 2
  Operators: ⊗Y → ⊗Y⁻¹

Step 2341: step_20
  Value: 6.244933e-22
  NRCI: 0.999997000000
  Net refinements: 0
  Composition depth: 2
  Operators: ⊗Y → ⊗Y⁻¹

Step 2342: step_20
  Value: 5.271264e-22
  NRCI: 0.999997000000
  Net refinements: 0
  Composition depth: 2
  Operators: ⊗Y → ⊗Y⁻¹

Step 2343: step_20
  Value: 4.448011e-22
  NRCI: 0.999997000000
  Net refinements: 0
  Composition depth: 2
  Operators: ⊗Y → ⊗Y⁻¹

Step 2344: step_20
  Value: 3.752158e-22
  NRCI: 0.999997000000
  Net refinements: 0
  Composition depth: 2
  Operators: ⊗Y → ⊗Y⁻¹

Step 2345: step_20
  Value: 3.164175e-22
  NRCI: 0.999997000000
  Net refinements: 0
  Composition depth: 2
  Operators: ⊗Y → ⊗Y⁻¹

Step 2346: step_20
  Value: 2.667497e-22
  NRCI: 0.999997000000
  Net refinements: 0
  Composition depth: 2
  Operators: ⊗Y → ⊗Y⁻¹

Step 2347: step_20
  Value: 2.248079e-22
  NRCI: 0.999997000000
  Net refinements: 0
  Composition depth: 2
  Operators: ⊗Y → ⊗Y⁻¹

Step 2348: step_20
  Value: 1.894014e-22
  NRCI: 0.999997000000
  Net refinements: 0
  Composition depth: 2
  Operators: ⊗Y → ⊗Y⁻¹

Step 2349: step_20
  Value: 1.595214e-22
  NRCI: 0.999997000000
  Net refinements: 0
  Composition depth: 2
  Operators: ⊗Y → ⊗Y⁻¹

Step 2350: step_20
  Value: 1.343133e-22
  NRCI: 0.999997000000
  Net refinements: 0
  Composition depth: 2
  Operators: ⊗Y → ⊗Y⁻¹

Step 2351: step_20
  Value: 1.130533e-22
  NRCI: 0.999997000000
  Net refinements: 0
  Composition depth: 2
  Operators: ⊗Y → ⊗Y⁻¹

Step 2352: step_20
  Value: 9.512864e-23
  NRCI: 0.999997000000
  Net refinements: 0
  Composition depth: 2
  Operators: ⊗Y → ⊗Y⁻¹

Step 2353: step_20
  Value: 8.002093e-23
  NRCI: 0.999997000000
  Net refinements: 0
  Composition depth: 2
  Operators: ⊗Y → ⊗Y⁻¹

Step 2354: step_20
  Value: 6.729147e-23
  NRCI: 0.999997000000
  Net refinements: 0
  Composition depth: 2
  Operators: ⊗Y → ⊗Y⁻¹

Step 2355: step_20
  Value: 5.656927e-23
  NRCI: 0.999997000000
  Net refinements: 0
  Composition depth: 2
  Operators: ⊗Y → ⊗Y⁻¹

Step 2356: step_20
  Value: 4.754067e-23
  NRCI: 0.999997000000
  Net refinements: 0
  Composition depth: 2
  Operators: ⊗Y → ⊗Y⁻¹

Step 2357: step_20
  Value: 3.994055e-23
  NRCI: 0.999997000000
  Net refinements: 0
  Composition depth: 2
  Operators: ⊗Y → ⊗Y⁻¹

Step 2358: step_20
  Value: 3.354494e-23
  NRCI: 0.999997000000
  Net refinements: 0
  Composition depth: 2
  Operators: ⊗Y → ⊗Y⁻¹

Step 2359: step_20
  Value: 2.816463e-23
  NRCI: 0.999997000000
  Net refinements: 0
  Composition depth: 2
  Operators: ⊗Y → ⊗Y⁻¹

Step 2360: step_20
  Value: 2.363987e-23
  NRCI: 0.999997000000
  Net refinements: 0
  Composition depth: 2
  Operators: ⊗Y → ⊗Y⁻¹

Step 2361: step_20
  Value: 1.983583e-23
  NRCI: 0.999997000000
  Net refinements: 0
  Composition depth: 2
  Operators: ⊗Y → ⊗Y⁻¹

Step 2362: step_20
  Value: 1.663872e-23
  NRCI: 0.999997000000
  Net refinements: 0
  Composition depth: 2
  Operators: ⊗Y → ⊗Y⁻¹

Step 2363: step_20
  Value: 1.395254e-23
  NRCI: 0.999997000000
  Net refinements: 0
  Composition depth: 2
  Operators: ⊗Y → ⊗Y⁻¹

Step 2364: step_20
  Value: 1.169637e-23
  NRCI: 0.999997000000
  Net refinements: 0
  Composition depth: 2
  Operators: ⊗Y → ⊗Y⁻¹

Step 2365: step_20
  Value: 9.801957e-24
  NRCI: 0.999997000000
  Net refinements: 0
  Composition depth: 2
  Operators: ⊗Y → ⊗Y⁻¹

Step 2366: step_20
  Value: 8.211806e-24
  NRCI: 0.999997000000
  Net refinements: 0
  Composition depth: 2
  Operators: ⊗Y → ⊗Y⁻¹

Step 2367: step_20
  Value: 6.877469e-24
  NRCI: 0.999997000000
  Net refinements: 0
  Composition depth: 2
  Operators: ⊗Y → ⊗Y⁻¹

Step 2368: step_20
  Value: 5.758148e-24
  NRCI: 0.999997000000
  Net refinements: 0
  Composition depth: 2
  Operators: ⊗Y → ⊗Y⁻¹

Step 2369: step_20
  Value: 4.819490e-24
  NRCI: 0.999997000000
  Net refinements: 0
  Composition depth: 2
  Operators: ⊗Y → ⊗Y⁻¹

Step 2370: step_20
  Value: 4.032584e-24
  NRCI: 0.999997000000
  Net refinements: 0
  Composition depth: 2
  Operators: ⊗Y → ⊗Y⁻¹

Step 2371: step_20
  Value: 3.373105e-24
  NRCI: 0.999997000000
  Net refinements: 0
  Composition depth: 2
  Operators: ⊗Y → ⊗Y⁻¹

Step 2372: step_20
  Value: 2.820594e-24
  NRCI: 0.999997000000
  Net refinements: 0
  Composition depth: 2
  Operators: ⊗Y → ⊗Y⁻¹

Step 2373: step_20
  Value: 2.357845e-24
  NRCI: 0.999997000000
  Net refinements: 0
  Composition depth: 2
  Operators: ⊗Y → ⊗Y⁻¹

Step 2374: step_20
  Value: 1.970399e-24
  NRCI: 0.999997000000
  Net refinements: 0
  Composition depth: 2
  Operators: ⊗Y → ⊗Y⁻¹

Step 2375: step_20
  Value: 1.646103e-24
  NRCI: 0.999997000000
  Net refinements: 0
  Composition depth: 2
  Operators: ⊗Y → ⊗Y⁻¹

Step 2376: step_20
  Value: 1.374751e-24
  NRCI: 0.999997000000
  Net refinements: 0
  Composition depth: 2
  Operators: ⊗Y → ⊗Y⁻¹

Step 2377: step_20
  Value: 1.147771e-24
  NRCI: 0.999997000000
  Net refinements: 0
  Composition depth: 2
  Operators: ⊗Y → ⊗Y⁻¹

Step 2378: step_20
  Value: 9.579673e-25
  NRCI: 0.999997000000
  Net refinements: 0
  Composition depth: 2
  Operators: ⊗Y → ⊗Y⁻¹

Step 2379: step_20
  Value: 7.993006e-25
  NRCI: 0.999997000000
  Net refinements: 0
  Composition depth: 2
  Operators: ⊗Y → ⊗Y⁻¹

Step 2380: step_20
  Value: 6.667050e-25
  NRCI: 0.999997000000
  Net refinements: 0
  Composition depth: 2
  Operators: ⊗Y → ⊗Y⁻¹

Step 2381: step_20
  Value: 5.559317e-25
  NRCI: 0.999997000000
  Net refinements: 0
  Composition depth: 2
  Operators: ⊗Y → ⊗Y⁻¹

Step 2382: step_20
  Value: 4.634184e-25
  NRCI: 0.999997000000
  Net refinements: 0
  Composition depth: 2
  Operators: ⊗Y → ⊗Y⁻¹

Step 2383: step_20
  Value: 3.861795e-25
  NRCI: 0.999997000000
  Net refinements: 0
  Composition depth: 2
  Operators: ⊗Y → ⊗Y⁻¹

Step 2384: step_20
  Value: 3.217135e-25
  NRCI: 0.999997000000
  Net refinements: 0
  Composition depth: 2
  Operators: ⊗Y → ⊗Y⁻¹

Step 2385: step_20
  Value: 2.679251e-25
  NRCI: 0.999997000000
  Net refinements: 0
  Composition depth: 2
  Operators: ⊗Y → ⊗Y⁻¹

Step 2386: step_20
  Value: 2.230600e-25
  NRCI: 0.999997000000
  Net refinements: 0
  Composition depth: 2
  Operators: ⊗Y → ⊗Y⁻¹

Step 2387: step_20
  Value: 1.856497e-25
  NRCI: 0.999997000000
  Net refinements: 0
  Composition depth: 2
  Operators: ⊗Y → ⊗Y⁻¹

Step 2388: step_20
  Value: 1.544652e-25
  NRCI: 0.999997000000
  Net refinements: 0
  Composition depth: 2
  Operators: ⊗Y → ⊗Y⁻¹

Step 2389: step_20
  Value: 1.284788e-25
  NRCI: 0.999997000000
  Net refinements: 0
  Composition depth: 2
  Operators: ⊗Y → ⊗Y⁻¹

Step 2390: step_20
  Value: 1.068307e-25
  NRCI: 0.999997000000
  Net refinements: 0
  Composition depth: 2
  Operators: ⊗Y → ⊗Y⁻¹

Step 2391: step_20
  Value: 8.880200e-26
  NRCI: 0.999997000000
  Net refinements: 0
  Composition depth: 2
  Operators: ⊗Y → ⊗Y⁻¹

Step 2392: step_20
  Value: 7.379057e-26
  NRCI: 0.999997000000
  Net refinements: 0
  Composition depth: 2
  Operators: ⊗Y → ⊗Y⁻¹

Step 2393: step_20
  Value: 6.128649e-26
  NRCI: 0.999997000000
  Net refinements: 0
  Composition depth: 2
  Operators: ⊗Y → ⊗Y⁻¹

Step 2394: step_20
  Value: 5.083881e-26
  NRCI: 0.999997000000
  Net refinements: 0
  Composition depth: 2
  Operators: ⊗Y → ⊗Y⁻¹

Step 2395: step_20
  Value: 4.199644e-26
  NRCI: 0.999997000000
  Net refinements: 0
  Composition depth: 2
  Operators: ⊗Y → ⊗Y⁻¹

Step 2396: step_20
  Value: 3.421384e-26
  NRCI: 0.999997000000
  Net refinements: 0
  Composition depth: 2
  Operators: ⊗Y → ⊗Y⁻¹

Step 2397: step_20
  Value: 2.676815e-26
  NRCI: 0.999997000000
  Net refinements: 0
  Composition depth: 2
  Operators: ⊗Y → ⊗Y⁻¹

Step 2398: step_20
  Value: 1.883478e-26
  NRCI: 0.999997000000
  Net refinements: 0
  Composition depth: 2
  Operators: ⊗Y → ⊗Y⁻¹

Step 2399: step_20
  Value: 9.855714e-27
  NRCI: 0.999997000000
  Net refinements: 0
  Composition depth: 2
  Operators: ⊗Y → ⊗Y⁻¹

Step 2400: step_40
  Value: 3.134562e-05
  NRCI: 0.999997000000
  Net refinements: 0
  Composition depth: 2
  Operators: ⊗Y → ⊗Y⁻¹

Step 2401: step_40
  Value: 5.993662e-05
  NRCI: 0.999997000000
  Net refinements: 0
  Composition depth: 2
  Operators: ⊗Y → ⊗Y⁻¹

Step 2402: step_40
  Value: 8.397703e-05
  NRCI: 0.999997000000
  Net refinements: 0
  Composition depth: 2
  Operators: ⊗Y → ⊗Y⁻¹

Step 2403: step_40
  Value: 1.030580e-04
  NRCI: 0.999997000000
  Net refinements: 0
  Composition depth: 2
  Operators: ⊗Y → ⊗Y⁻¹

Step 2404: step_40
  Value: 1.179265e-04
  NRCI: 0.999997000000
  Net refinements: 0
  Composition depth: 2
  Operators: ⊗Y → ⊗Y⁻¹

Step 2405: step_40
  Value: 1.298845e-04
  NRCI: 0.999997000000
  Net refinements: 0
  Composition depth: 2
  Operators: ⊗Y → ⊗Y⁻¹

Step 2406: step_40
  Value: 1.402234e-04
  NRCI: 0.999997000000
  Net refinements: 0
  Composition depth: 2
  Operators: ⊗Y → ⊗Y⁻¹

Step 2407: step_40
  Value: 1.499192e-04
  NRCI: 0.999997000000
  Net refinements: 0
  Composition depth: 2
  Operators: ⊗Y → ⊗Y⁻¹

Step 2408: step_40
  Value: 1.595825e-04
  NRCI: 0.999997000000
  Net refinements: 0
  Composition depth: 2
  Operators: ⊗Y → ⊗Y⁻¹

Step 2409: step_40
  Value: 1.695458e-04
  NRCI: 0.999997000000
  Net refinements: 0
  Composition depth: 2
  Operators: ⊗Y → ⊗Y⁻¹

Step 2410: step_40
  Value: 1.799746e-04
  NRCI: 0.999997000000
  Net refinements: 0
  Composition depth: 2
  Operators: ⊗Y → ⊗Y⁻¹

Step 2411: step_40
  Value: 1.909518e-04
  NRCI: 0.999997000000
  Net refinements: 0
  Composition depth: 2
  Operators: ⊗Y → ⊗Y⁻¹

Step 2412: step_40
  Value: 2.025251e-04
  NRCI: 0.999997000000
  Net refinements: 0
  Composition depth: 2
  Operators: ⊗Y → ⊗Y⁻¹

Step 2413: step_40
  Value: 2.147299e-04
  NRCI: 0.999997000000
  Net refinements: 0
  Composition depth: 2
  Operators: ⊗Y → ⊗Y⁻¹

Step 2414: step_40
  Value: 2.275985e-04
  NRCI: 0.999997000000
  Net refinements: 0
  Composition depth: 2
  Operators: ⊗Y → ⊗Y⁻¹

Step 2415: step_40
  Value: 2.411628e-04
  NRCI: 0.999997000000
  Net refinements: 0
  Composition depth: 2
  Operators: ⊗Y → ⊗Y⁻¹

Step 2416: step_40
  Value: 2.554555e-04
  NRCI: 0.999997000000
  Net refinements: 0
  Composition depth: 2
  Operators: ⊗Y → ⊗Y⁻¹

Step 2417: step_40
  Value: 2.705108e-04
  NRCI: 0.999997000000
  Net refinements: 0
  Composition depth: 2
  Operators: ⊗Y → ⊗Y⁻¹

Step 2418: step_40
  Value: 2.863639e-04
  NRCI: 0.999997000000
  Net refinements: 0
  Composition depth: 2
  Operators: ⊗Y → ⊗Y⁻¹

Step 2419: step_40
  Value: 3.030513e-04
  NRCI: 0.999997000000
  Net refinements: 0
  Composition depth: 2
  Operators: ⊗Y → ⊗Y⁻¹

Step 2420: step_40
  Value: 3.206109e-04
  NRCI: 0.999997000000
  Net refinements: 0
  Composition depth: 2
  Operators: ⊗Y → ⊗Y⁻¹

Step 2421: step_40
  Value: 3.390821e-04
  NRCI: 0.999997000000
  Net refinements: 0
  Composition depth: 2
  Operators: ⊗Y → ⊗Y⁻¹

Step 2422: step_40
  Value: 3.585053e-04
  NRCI: 0.999997000000
  Net refinements: 0
  Composition depth: 2
  Operators: ⊗Y → ⊗Y⁻¹

Step 2423: step_40
  Value: 3.789227e-04
  NRCI: 0.999997000000
  Net refinements: 0
  Composition depth: 2
  Operators: ⊗Y → ⊗Y⁻¹

Step 2424: step_40
  Value: 4.003778e-04
  NRCI: 0.999997000000
  Net refinements: 0
  Composition depth: 2
  Operators: ⊗Y → ⊗Y⁻¹

Step 2425: step_40
  Value: 4.229155e-04
  NRCI: 0.999997000000
  Net refinements: 0
  Composition depth: 2
  Operators: ⊗Y → ⊗Y⁻¹

Step 2426: step_40
  Value: 4.465823e-04
  NRCI: 0.999997000000
  Net refinements: 0
  Composition depth: 2
  Operators: ⊗Y → ⊗Y⁻¹

Step 2427: step_40
  Value: 4.714262e-04
  NRCI: 0.999997000000
  Net refinements: 0
  Composition depth: 2
  Operators: ⊗Y → ⊗Y⁻¹

Step 2428: step_40
  Value: 4.974967e-04
  NRCI: 0.999997000000
  Net refinements: 0
  Composition depth: 2
  Operators: ⊗Y → ⊗Y⁻¹

Step 2429: step_40
  Value: 5.248449e-04
  NRCI: 0.999997000000
  Net refinements: 0
  Composition depth: 2
  Operators: ⊗Y → ⊗Y⁻¹

Step 2430: step_40
  Value: 5.535235e-04
  NRCI: 0.999997000000
  Net refinements: 0
  Composition depth: 2
  Operators: ⊗Y → ⊗Y⁻¹

Step 2431: step_40
  Value: 5.835867e-04
  NRCI: 0.999997000000
  Net refinements: 0
  Composition depth: 2
  Operators: ⊗Y → ⊗Y⁻¹

Step 2432: step_40
  Value: 6.150906e-04
  NRCI: 0.999997000000
  Net refinements: 0
  Composition depth: 2
  Operators: ⊗Y → ⊗Y⁻¹

Step 2433: step_40
  Value: 6.480925e-04
  NRCI: 0.999997000000
  Net refinements: 0
  Composition depth: 2
  Operators: ⊗Y → ⊗Y⁻¹

Step 2434: step_40
  Value: 6.826517e-04
  NRCI: 0.999997000000
  Net refinements: 0
  Composition depth: 2
  Operators: ⊗Y → ⊗Y⁻¹

Step 2435: step_40
  Value: 7.188292e-04
  NRCI: 0.999997000000
  Net refinements: 0
  Composition depth: 2
  Operators: ⊗Y → ⊗Y⁻¹

Step 2436: step_40
  Value: 7.566874e-04
  NRCI: 0.999997000000
  Net refinements: 0
  Composition depth: 2
  Operators: ⊗Y → ⊗Y⁻¹

Step 2437: step_40
  Value: 7.962906e-04
  NRCI: 0.999997000000
  Net refinements: 0
  Composition depth: 2
  Operators: ⊗Y → ⊗Y⁻¹

Step 2438: step_40
  Value: 8.377047e-04
  NRCI: 0.999997000000
  Net refinements: 0
  Composition depth: 2
  Operators: ⊗Y → ⊗Y⁻¹

Step 2439: step_40
  Value: 8.809973e-04
  NRCI: 0.999997000000
  Net refinements: 0
  Composition depth: 2
  Operators: ⊗Y → ⊗Y⁻¹

Step 2440: step_40
  Value: 9.262379e-04
  NRCI: 0.999997000000
  Net refinements: 0
  Composition depth: 2
  Operators: ⊗Y → ⊗Y⁻¹

Step 2441: step_40
  Value: 9.734973e-04
  NRCI: 0.999997000000
  Net refinements: 0
  Composition depth: 2
  Operators: ⊗Y → ⊗Y⁻¹

Step 2442: step_40
  Value: 1.022848e-03
  NRCI: 0.999997000000
  Net refinements: 0
  Composition depth: 2
  Operators: ⊗Y → ⊗Y⁻¹

Step 2443: step_40
  Value: 1.074366e-03
  NRCI: 0.999997000000
  Net refinements: 0
  Composition depth: 2
  Operators: ⊗Y → ⊗Y⁻¹

Step 2444: step_40
  Value: 1.128125e-03
  NRCI: 0.999997000000
  Net refinements: 0
  Composition depth: 2
  Operators: ⊗Y → ⊗Y⁻¹

Step 2445: step_40
  Value: 1.184204e-03
  NRCI: 0.999997000000
  Net refinements: 0
  Composition depth: 2
  Operators: ⊗Y → ⊗Y⁻¹

Step 2446: step_40
  Value: 1.242683e-03
  NRCI: 0.999997000000
  Net refinements: 0
  Composition depth: 2
  Operators: ⊗Y → ⊗Y⁻¹

Step 2447: step_40
  Value: 1.303642e-03
  NRCI: 0.999997000000
  Net refinements: 0
  Composition depth: 2
  Operators: ⊗Y → ⊗Y⁻¹

Step 2448: step_40
  Value: 1.367163e-03
  NRCI: 0.999997000000
  Net refinements: 0
  Composition depth: 2
  Operators: ⊗Y → ⊗Y⁻¹

Step 2449: step_40
  Value: 1.433333e-03
  NRCI: 0.999997000000
  Net refinements: 0
  Composition depth: 2
  Operators: ⊗Y → ⊗Y⁻¹

Step 2450: step_40
  Value: 1.502235e-03
  NRCI: 0.999997000000
  Net refinements: 0
  Composition depth: 2
  Operators: ⊗Y → ⊗Y⁻¹

Step 2451: step_40
  Value: 1.573957e-03
  NRCI: 0.999997000000
  Net refinements: 0
  Composition depth: 2
  Operators: ⊗Y → ⊗Y⁻¹

Step 2452: step_40
  Value: 1.648589e-03
  NRCI: 0.999997000000
  Net refinements: 0
  Composition depth: 2
  Operators: ⊗Y → ⊗Y⁻¹

Step 2453: step_40
  Value: 1.726219e-03
  NRCI: 0.999997000000
  Net refinements: 0
  Composition depth: 2
  Operators: ⊗Y → ⊗Y⁻¹

Step 2454: step_40
  Value: 1.806941e-03
  NRCI: 0.999997000000
  Net refinements: 0
  Composition depth: 2
  Operators: ⊗Y → ⊗Y⁻¹

Step 2455: step_40
  Value: 1.890846e-03
  NRCI: 0.999997000000
  Net refinements: 0
  Composition depth: 2
  Operators: ⊗Y → ⊗Y⁻¹

Step 2456: step_40
  Value: 1.978029e-03
  NRCI: 0.999997000000
  Net refinements: 0
  Composition depth: 2
  Operators: ⊗Y → ⊗Y⁻¹

Step 2457: step_40
  Value: 2.068586e-03
  NRCI: 0.999997000000
  Net refinements: 0
  Composition depth: 2
  Operators: ⊗Y → ⊗Y⁻¹

Step 2458: step_40
  Value: 2.162612e-03
  NRCI: 0.999997000000
  Net refinements: 0
  Composition depth: 2
  Operators: ⊗Y → ⊗Y⁻¹

Step 2459: step_40
  Value: 2.260206e-03
  NRCI: 0.999997000000
  Net refinements: 0
  Composition depth: 2
  Operators: ⊗Y → ⊗Y⁻¹

Step 2460: step_40
  Value: 2.361466e-03
  NRCI: 0.999997000000
  Net refinements: 0
  Composition depth: 2
  Operators: ⊗Y → ⊗Y⁻¹

Step 2461: step_40
  Value: 2.466492e-03
  NRCI: 0.999997000000
  Net refinements: 0
  Composition depth: 2
  Operators: ⊗Y → ⊗Y⁻¹

Step 2462: step_40
  Value: 2.575384e-03
  NRCI: 0.999997000000
  Net refinements: 0
  Composition depth: 2
  Operators: ⊗Y → ⊗Y⁻¹

Step 2463: step_40
  Value: 2.688243e-03
  NRCI: 0.999997000000
  Net refinements: 0
  Composition depth: 2
  Operators: ⊗Y → ⊗Y⁻¹

Step 2464: step_40
  Value: 2.805171e-03
  NRCI: 0.999997000000
  Net refinements: 0
  Composition depth: 2
  Operators: ⊗Y → ⊗Y⁻¹

Step 2465: step_40
  Value: 2.926271e-03
  NRCI: 0.999997000000
  Net refinements: 0
  Composition depth: 2
  Operators: ⊗Y → ⊗Y⁻¹

Step 2466: step_40
  Value: 3.051645e-03
  NRCI: 0.999997000000
  Net refinements: 0
  Composition depth: 2
  Operators: ⊗Y → ⊗Y⁻¹

Step 2467: step_40
  Value: 3.181395e-03
  NRCI: 0.999997000000
  Net refinements: 0
  Composition depth: 2
  Operators: ⊗Y → ⊗Y⁻¹

Step 2468: step_40
  Value: 3.315627e-03
  NRCI: 0.999997000000
  Net refinements: 0
  Composition depth: 2
  Operators: ⊗Y → ⊗Y⁻¹

Step 2469: step_40
  Value: 3.454442e-03
  NRCI: 0.999997000000
  Net refinements: 0
  Composition depth: 2
  Operators: ⊗Y → ⊗Y⁻¹

Step 2470: step_40
  Value: 3.597945e-03
  NRCI: 0.999997000000
  Net refinements: 0
  Composition depth: 2
  Operators: ⊗Y → ⊗Y⁻¹

Step 2471: step_40
  Value: 3.746238e-03
  NRCI: 0.999997000000
  Net refinements: 0
  Composition depth: 2
  Operators: ⊗Y → ⊗Y⁻¹

Step 2472: step_40
  Value: 3.899424e-03
  NRCI: 0.999997000000
  Net refinements: 0
  Composition depth: 2
  Operators: ⊗Y → ⊗Y⁻¹

Step 2473: step_40
  Value: 4.057606e-03
  NRCI: 0.999997000000
  Net refinements: 0
  Composition depth: 2
  Operators: ⊗Y → ⊗Y⁻¹

Step 2474: step_40
  Value: 4.220886e-03
  NRCI: 0.999997000000
  Net refinements: 0
  Composition depth: 2
  Operators: ⊗Y → ⊗Y⁻¹

Step 2475: step_40
  Value: 4.389364e-03
  NRCI: 0.999997000000
  Net refinements: 0
  Composition depth: 2
  Operators: ⊗Y → ⊗Y⁻¹

Step 2476: step_40
  Value: 4.563141e-03
  NRCI: 0.999997000000
  Net refinements: 0
  Composition depth: 2
  Operators: ⊗Y → ⊗Y⁻¹

Step 2477: step_40
  Value: 4.742316e-03
  NRCI: 0.999997000000
  Net refinements: 0
  Composition depth: 2
  Operators: ⊗Y → ⊗Y⁻¹

Step 2478: step_40
  Value: 4.926987e-03
  NRCI: 0.999997000000
  Net refinements: 0
  Composition depth: 2
  Operators: ⊗Y → ⊗Y⁻¹

Step 2479: step_40
  Value: 5.117249e-03
  NRCI: 0.999997000000
  Net refinements: 0
  Composition depth: 2
  Operators: ⊗Y → ⊗Y⁻¹

Step 2480: step_40
  Value: 5.313198e-03
  NRCI: 0.999997000000
  Net refinements: 0
  Composition depth: 2
  Operators: ⊗Y → ⊗Y⁻¹

Step 2481: step_40
  Value: 5.514926e-03
  NRCI: 0.999997000000
  Net refinements: 0
  Composition depth: 2
  Operators: ⊗Y → ⊗Y⁻¹

Step 2482: step_40
  Value: 5.722525e-03
  NRCI: 0.999997000000
  Net refinements: 0
  Composition depth: 2
  Operators: ⊗Y → ⊗Y⁻¹

Step 2483: step_40
  Value: 5.936084e-03
  NRCI: 0.999997000000
  Net refinements: 0
  Composition depth: 2
  Operators: ⊗Y → ⊗Y⁻¹

Step 2484: step_40
  Value: 6.155688e-03
  NRCI: 0.999997000000
  Net refinements: 0
  Composition depth: 2
  Operators: ⊗Y → ⊗Y⁻¹

Step 2485: step_40
  Value: 6.381422e-03
  NRCI: 0.999997000000
  Net refinements: 0
  Composition depth: 2
  Operators: ⊗Y → ⊗Y⁻¹

Step 2486: step_40
  Value: 6.613368e-03
  NRCI: 0.999997000000
  Net refinements: 0
  Composition depth: 2
  Operators: ⊗Y → ⊗Y⁻¹

Step 2487: step_40
  Value: 6.851602e-03
  NRCI: 0.999997000000
  Net refinements: 0
  Composition depth: 2
  Operators: ⊗Y → ⊗Y⁻¹

Step 2488: step_40
  Value: 7.096200e-03
  NRCI: 0.999997000000
  Net refinements: 0
  Composition depth: 2
  Operators: ⊗Y → ⊗Y⁻¹

Step 2489: step_40
  Value: 7.347234e-03
  NRCI: 0.999997000000
  Net refinements: 0
  Composition depth: 2
  Operators: ⊗Y → ⊗Y⁻¹

Step 2490: step_40
  Value: 7.604772e-03
  NRCI: 0.999997000000
  Net refinements: 0
  Composition depth: 2
  Operators: ⊗Y → ⊗Y⁻¹

Step 2491: step_40
  Value: 7.868878e-03
  NRCI: 0.999997000000
  Net refinements: 0
  Composition depth: 2
  Operators: ⊗Y → ⊗Y⁻¹

Step 2492: step_40
  Value: 8.139612e-03
  NRCI: 0.999997000000
  Net refinements: 0
  Composition depth: 2
  Operators: ⊗Y → ⊗Y⁻¹

Step 2493: step_40
  Value: 8.417030e-03
  NRCI: 0.999997000000
  Net refinements: 0
  Composition depth: 2
  Operators: ⊗Y → ⊗Y⁻¹

Step 2494: step_40
  Value: 8.701184e-03
  NRCI: 0.999997000000
  Net refinements: 0
  Composition depth: 2
  Operators: ⊗Y → ⊗Y⁻¹

Step 2495: step_40
  Value: 8.992120e-03
  NRCI: 0.999997000000
  Net refinements: 0
  Composition depth: 2
  Operators: ⊗Y → ⊗Y⁻¹

Step 2496: step_40
  Value: 9.289881e-03
  NRCI: 0.999997000000
  Net refinements: 0
  Composition depth: 2
  Operators: ⊗Y → ⊗Y⁻¹

Step 2497: step_40
  Value: 9.594503e-03
  NRCI: 0.999997000000
  Net refinements: 0
  Composition depth: 2
  Operators: ⊗Y → ⊗Y⁻¹

Step 2498: step_40
  Value: 9.906017e-03
  NRCI: 0.999997000000
  Net refinements: 0
  Composition depth: 2
  Operators: ⊗Y → ⊗Y⁻¹

Step 2499: step_40
  Value: 1.022445e-02
  NRCI: 0.999997000000
  Net refinements: 0
  Composition depth: 2
  Operators: ⊗Y → ⊗Y⁻¹

Step 2500: step_40
  Value: 1.054982e-02
  NRCI: 0.999997000000
  Net refinements: 0
  Composition depth: 2
  Operators: ⊗Y → ⊗Y⁻¹

Step 2501: step_40
  Value: 1.088215e-02
  NRCI: 0.999997000000
  Net refinements: 0
  Composition depth: 2
  Operators: ⊗Y → ⊗Y⁻¹

Step 2502: step_40
  Value: 1.122144e-02
  NRCI: 0.999997000000
  Net refinements: 0
  Composition depth: 2
  Operators: ⊗Y → ⊗Y⁻¹

Step 2503: step_40
  Value: 1.156769e-02
  NRCI: 0.999997000000
  Net refinements: 0
  Composition depth: 2
  Operators: ⊗Y → ⊗Y⁻¹

Step 2504: step_40
  Value: 1.192089e-02
  NRCI: 0.999997000000
  Net refinements: 0
  Composition depth: 2
  Operators: ⊗Y → ⊗Y⁻¹

Step 2505: step_40
  Value: 1.228105e-02
  NRCI: 0.999997000000
  Net refinements: 0
  Composition depth: 2
  Operators: ⊗Y → ⊗Y⁻¹

Step 2506: step_40
  Value: 1.264813e-02
  NRCI: 0.999997000000
  Net refinements: 0
  Composition depth: 2
  Operators: ⊗Y → ⊗Y⁻¹

Step 2507: step_40
  Value: 1.302212e-02
  NRCI: 0.999997000000
  Net refinements: 0
  Composition depth: 2
  Operators: ⊗Y → ⊗Y⁻¹

Step 2508: step_40
  Value: 1.340297e-02
  NRCI: 0.999997000000
  Net refinements: 0
  Composition depth: 2
  Operators: ⊗Y → ⊗Y⁻¹

Step 2509: step_40
  Value: 1.379065e-02
  NRCI: 0.999997000000
  Net refinements: 0
  Composition depth: 2
  Operators: ⊗Y → ⊗Y⁻¹

Step 2510: step_40
  Value: 1.418512e-02
  NRCI: 0.999997000000
  Net refinements: 0
  Composition depth: 2
  Operators: ⊗Y → ⊗Y⁻¹

Step 2511: step_40
  Value: 1.458630e-02
  NRCI: 0.999997000000
  Net refinements: 0
  Composition depth: 2
  Operators: ⊗Y → ⊗Y⁻¹

Step 2512: step_40
  Value: 1.499415e-02
  NRCI: 0.999997000000
  Net refinements: 0
  Composition depth: 2
  Operators: ⊗Y → ⊗Y⁻¹

Step 2513: step_40
  Value: 1.540859e-02
  NRCI: 0.999997000000
  Net refinements: 0
  Composition depth: 2
  Operators: ⊗Y → ⊗Y⁻¹

Step 2514: step_40
  Value: 1.582953e-02
  NRCI: 0.999997000000
  Net refinements: 0
  Composition depth: 2
  Operators: ⊗Y → ⊗Y⁻¹

Step 2515: step_40
  Value: 1.625689e-02
  NRCI: 0.999997000000
  Net refinements: 0
  Composition depth: 2
  Operators: ⊗Y → ⊗Y⁻¹

Step 2516: step_40
  Value: 1.669058e-02
  NRCI: 0.999997000000
  Net refinements: 0
  Composition depth: 2
  Operators: ⊗Y → ⊗Y⁻¹

Step 2517: step_40
  Value: 1.713047e-02
  NRCI: 0.999997000000
  Net refinements: 0
  Composition depth: 2
  Operators: ⊗Y → ⊗Y⁻¹

Step 2518: step_40
  Value: 1.757647e-02
  NRCI: 0.999997000000
  Net refinements: 0
  Composition depth: 2
  Operators: ⊗Y → ⊗Y⁻¹

Step 2519: step_40
  Value: 1.802845e-02
  NRCI: 0.999997000000
  Net refinements: 0
  Composition depth: 2
  Operators: ⊗Y → ⊗Y⁻¹

Step 2520: step_40
  Value: 1.848627e-02
  NRCI: 0.999997000000
  Net refinements: 0
  Composition depth: 2
  Operators: ⊗Y → ⊗Y⁻¹

Step 2521: step_40
  Value: 1.894980e-02
  NRCI: 0.999997000000
  Net refinements: 0
  Composition depth: 2
  Operators: ⊗Y → ⊗Y⁻¹

Step 2522: step_40
  Value: 1.941888e-02
  NRCI: 0.999997000000
  Net refinements: 0
  Composition depth: 2
  Operators: ⊗Y → ⊗Y⁻¹

Step 2523: step_40
  Value: 1.989335e-02
  NRCI: 0.999997000000
  Net refinements: 0
  Composition depth: 2
  Operators: ⊗Y → ⊗Y⁻¹

Step 2524: step_40
  Value: 2.037305e-02
  NRCI: 0.999997000000
  Net refinements: 0
  Composition depth: 2
  Operators: ⊗Y → ⊗Y⁻¹

Step 2525: step_40
  Value: 2.085779e-02
  NRCI: 0.999997000000
  Net refinements: 0
  Composition depth: 2
  Operators: ⊗Y → ⊗Y⁻¹

Step 2526: step_40
  Value: 2.134740e-02
  NRCI: 0.999997000000
  Net refinements: 0
  Composition depth: 2
  Operators: ⊗Y → ⊗Y⁻¹

Step 2527: step_40
  Value: 2.184168e-02
  NRCI: 0.999997000000
  Net refinements: 0
  Composition depth: 2
  Operators: ⊗Y → ⊗Y⁻¹

Step 2528: step_40
  Value: 2.234041e-02
  NRCI: 0.999997000000
  Net refinements: 0
  Composition depth: 2
  Operators: ⊗Y → ⊗Y⁻¹

Step 2529: step_40
  Value: 2.284340e-02
  NRCI: 0.999997000000
  Net refinements: 0
  Composition depth: 2
  Operators: ⊗Y → ⊗Y⁻¹

Step 2530: step_40
  Value: 2.335041e-02
  NRCI: 0.999997000000
  Net refinements: 0
  Composition depth: 2
  Operators: ⊗Y → ⊗Y⁻¹

Step 2531: step_40
  Value: 2.386122e-02
  NRCI: 0.999997000000
  Net refinements: 0
  Composition depth: 2
  Operators: ⊗Y → ⊗Y⁻¹

Step 2532: step_40
  Value: 2.437558e-02
  NRCI: 0.999997000000
  Net refinements: 0
  Composition depth: 2
  Operators: ⊗Y → ⊗Y⁻¹

Step 2533: step_40
  Value: 2.489326e-02
  NRCI: 0.999997000000
  Net refinements: 0
  Composition depth: 2
  Operators: ⊗Y → ⊗Y⁻¹

Step 2534: step_40
  Value: 2.541398e-02
  NRCI: 0.999997000000
  Net refinements: 0
  Composition depth: 2
  Operators: ⊗Y → ⊗Y⁻¹

Step 2535: step_40
  Value: 2.593749e-02
  NRCI: 0.999997000000
  Net refinements: 0
  Composition depth: 2
  Operators: ⊗Y → ⊗Y⁻¹

Step 2536: step_40
  Value: 2.646351e-02
  NRCI: 0.999997000000
  Net refinements: 0
  Composition depth: 2
  Operators: ⊗Y → ⊗Y⁻¹

Step 2537: step_40
  Value: 2.699176e-02
  NRCI: 0.999997000000
  Net refinements: 0
  Composition depth: 2
  Operators: ⊗Y → ⊗Y⁻¹

Step 2538: step_40
  Value: 2.752196e-02
  NRCI: 0.999997000000
  Net refinements: 0
  Composition depth: 2
  Operators: ⊗Y → ⊗Y⁻¹

Step 2539: step_40
  Value: 2.805381e-02
  NRCI: 0.999997000000
  Net refinements: 0
  Composition depth: 2
  Operators: ⊗Y → ⊗Y⁻¹

Step 2540: step_40
  Value: 2.858699e-02
  NRCI: 0.999997000000
  Net refinements: 0
  Composition depth: 2
  Operators: ⊗Y → ⊗Y⁻¹

Step 2541: step_40
  Value: 2.912121e-02
  NRCI: 0.999997000000
  Net refinements: 0
  Composition depth: 2
  Operators: ⊗Y → ⊗Y⁻¹

Step 2542: step_40
  Value: 2.965615e-02
  NRCI: 0.999997000000
  Net refinements: 0
  Composition depth: 2
  Operators: ⊗Y → ⊗Y⁻¹

Step 2543: step_40
  Value: 3.019147e-02
  NRCI: 0.999997000000
  Net refinements: 0
  Composition depth: 2
  Operators: ⊗Y → ⊗Y⁻¹

Step 2544: step_40
  Value: 3.072685e-02
  NRCI: 0.999997000000
  Net refinements: 0
  Composition depth: 2
  Operators: ⊗Y → ⊗Y⁻¹

Step 2545: step_40
  Value: 3.126196e-02
  NRCI: 0.999997000000
  Net refinements: 0
  Composition depth: 2
  Operators: ⊗Y → ⊗Y⁻¹

Step 2546: step_40
  Value: 3.179645e-02
  NRCI: 0.999997000000
  Net refinements: 0
  Composition depth: 2
  Operators: ⊗Y → ⊗Y⁻¹

Step 2547: step_40
  Value: 3.232997e-02
  NRCI: 0.999997000000
  Net refinements: 0
  Composition depth: 2
  Operators: ⊗Y → ⊗Y⁻¹

Step 2548: step_40
  Value: 3.286217e-02
  NRCI: 0.999997000000
  Net refinements: 0
  Composition depth: 2
  Operators: ⊗Y → ⊗Y⁻¹

Step 2549: step_40
  Value: 3.339270e-02
  NRCI: 0.999997000000
  Net refinements: 0
  Composition depth: 2
  Operators: ⊗Y → ⊗Y⁻¹

Step 2550: step_40
  Value: 3.392119e-02
  NRCI: 0.999997000000
  Net refinements: 0
  Composition depth: 2
  Operators: ⊗Y → ⊗Y⁻¹

Step 2551: step_40
  Value: 3.444728e-02
  NRCI: 0.999997000000
  Net refinements: 0
  Composition depth: 2
  Operators: ⊗Y → ⊗Y⁻¹

Step 2552: step_40
  Value: 3.497060e-02
  NRCI: 0.999997000000
  Net refinements: 0
  Composition depth: 2
  Operators: ⊗Y → ⊗Y⁻¹

Step 2553: step_40
  Value: 3.549078e-02
  NRCI: 0.999997000000
  Net refinements: 0
  Composition depth: 2
  Operators: ⊗Y → ⊗Y⁻¹

Step 2554: step_40
  Value: 3.600744e-02
  NRCI: 0.999997000000
  Net refinements: 0
  Composition depth: 2
  Operators: ⊗Y → ⊗Y⁻¹

Step 2555: step_40
  Value: 3.652021e-02
  NRCI: 0.999997000000
  Net refinements: 0
  Composition depth: 2
  Operators: ⊗Y → ⊗Y⁻¹

Step 2556: step_40
  Value: 3.702871e-02
  NRCI: 0.999997000000
  Net refinements: 0
  Composition depth: 2
  Operators: ⊗Y → ⊗Y⁻¹

Step 2557: step_40
  Value: 3.753255e-02
  NRCI: 0.999997000000
  Net refinements: 0
  Composition depth: 2
  Operators: ⊗Y → ⊗Y⁻¹

Step 2558: step_40
  Value: 3.803137e-02
  NRCI: 0.999997000000
  Net refinements: 0
  Composition depth: 2
  Operators: ⊗Y → ⊗Y⁻¹

Step 2559: step_40
  Value: 3.852477e-02
  NRCI: 0.999997000000
  Net refinements: 0
  Composition depth: 2
  Operators: ⊗Y → ⊗Y⁻¹

Step 2560: step_40
  Value: 3.901239e-02
  NRCI: 0.999997000000
  Net refinements: 0
  Composition depth: 2
  Operators: ⊗Y → ⊗Y⁻¹

Step 2561: step_40
  Value: 3.949383e-02
  NRCI: 0.999997000000
  Net refinements: 0
  Composition depth: 2
  Operators: ⊗Y → ⊗Y⁻¹

Step 2562: step_40
  Value: 3.996872e-02
  NRCI: 0.999997000000
  Net refinements: 0
  Composition depth: 2
  Operators: ⊗Y → ⊗Y⁻¹

Step 2563: step_40
  Value: 4.043669e-02
  NRCI: 0.999997000000
  Net refinements: 0
  Composition depth: 2
  Operators: ⊗Y → ⊗Y⁻¹

Step 2564: step_40
  Value: 4.089735e-02
  NRCI: 0.999997000000
  Net refinements: 0
  Composition depth: 2
  Operators: ⊗Y → ⊗Y⁻¹

Step 2565: step_40
  Value: 4.135033e-02
  NRCI: 0.999997000000
  Net refinements: 0
  Composition depth: 2
  Operators: ⊗Y → ⊗Y⁻¹

Step 2566: step_40
  Value: 4.179527e-02
  NRCI: 0.999997000000
  Net refinements: 0
  Composition depth: 2
  Operators: ⊗Y → ⊗Y⁻¹

Step 2567: step_40
  Value: 4.223180e-02
  NRCI: 0.999997000000
  Net refinements: 0
  Composition depth: 2
  Operators: ⊗Y → ⊗Y⁻¹

Step 2568: step_40
  Value: 4.265956e-02
  NRCI: 0.999997000000
  Net refinements: 0
  Composition depth: 2
  Operators: ⊗Y → ⊗Y⁻¹

Step 2569: step_40
  Value: 4.307818e-02
  NRCI: 0.999997000000
  Net refinements: 0
  Composition depth: 2
  Operators: ⊗Y → ⊗Y⁻¹

Step 2570: step_40
  Value: 4.348732e-02
  NRCI: 0.999997000000
  Net refinements: 0
  Composition depth: 2
  Operators: ⊗Y → ⊗Y⁻¹

Step 2571: step_40
  Value: 4.388663e-02
  NRCI: 0.999997000000
  Net refinements: 0
  Composition depth: 2
  Operators: ⊗Y → ⊗Y⁻¹

Step 2572: step_40
  Value: 4.427577e-02
  NRCI: 0.999997000000
  Net refinements: 0
  Composition depth: 2
  Operators: ⊗Y → ⊗Y⁻¹

Step 2573: step_40
  Value: 4.465441e-02
  NRCI: 0.999997000000
  Net refinements: 0
  Composition depth: 2
  Operators: ⊗Y → ⊗Y⁻¹

Step 2574: step_40
  Value: 4.502221e-02
  NRCI: 0.999997000000
  Net refinements: 0
  Composition depth: 2
  Operators: ⊗Y → ⊗Y⁻¹

Step 2575: step_40
  Value: 4.537885e-02
  NRCI: 0.999997000000
  Net refinements: 0
  Composition depth: 2
  Operators: ⊗Y → ⊗Y⁻¹

Step 2576: step_40
  Value: 4.572404e-02
  NRCI: 0.999997000000
  Net refinements: 0
  Composition depth: 2
  Operators: ⊗Y → ⊗Y⁻¹

Step 2577: step_40
  Value: 4.605745e-02
  NRCI: 0.999997000000
  Net refinements: 0
  Composition depth: 2
  Operators: ⊗Y → ⊗Y⁻¹

Step 2578: step_40
  Value: 4.637880e-02
  NRCI: 0.999997000000
  Net refinements: 0
  Composition depth: 2
  Operators: ⊗Y → ⊗Y⁻¹

Step 2579: step_40
  Value: 4.668780e-02
  NRCI: 0.999997000000
  Net refinements: 0
  Composition depth: 2
  Operators: ⊗Y → ⊗Y⁻¹

Step 2580: step_40
  Value: 4.698417e-02
  NRCI: 0.999997000000
  Net refinements: 0
  Composition depth: 2
  Operators: ⊗Y → ⊗Y⁻¹

Step 2581: step_40
  Value: 4.726765e-02
  NRCI: 0.999997000000
  Net refinements: 0
  Composition depth: 2
  Operators: ⊗Y → ⊗Y⁻¹

Step 2582: step_40
  Value: 4.753799e-02
  NRCI: 0.999997000000
  Net refinements: 0
  Composition depth: 2
  Operators: ⊗Y → ⊗Y⁻¹

Step 2583: step_40
  Value: 4.779493e-02
  NRCI: 0.999997000000
  Net refinements: 0
  Composition depth: 2
  Operators: ⊗Y → ⊗Y⁻¹

Step 2584: step_40
  Value: 4.803825e-02
  NRCI: 0.999997000000
  Net refinements: 0
  Composition depth: 2
  Operators: ⊗Y → ⊗Y⁻¹

Step 2585: step_40
  Value: 4.826772e-02
  NRCI: 0.999997000000
  Net refinements: 0
  Composition depth: 2
  Operators: ⊗Y → ⊗Y⁻¹

Step 2586: step_40
  Value: 4.848313e-02
  NRCI: 0.999997000000
  Net refinements: 0
  Composition depth: 2
  Operators: ⊗Y → ⊗Y⁻¹

Step 2587: step_40
  Value: 4.868429e-02
  NRCI: 0.999997000000
  Net refinements: 0
  Composition depth: 2
  Operators: ⊗Y → ⊗Y⁻¹

Step 2588: step_40
  Value: 4.887101e-02
  NRCI: 0.999997000000
  Net refinements: 0
  Composition depth: 2
  Operators: ⊗Y → ⊗Y⁻¹

Step 2589: step_40
  Value: 4.904312e-02
  NRCI: 0.999997000000
  Net refinements: 0
  Composition depth: 2
  Operators: ⊗Y → ⊗Y⁻¹

Step 2590: step_40
  Value: 4.920046e-02
  NRCI: 0.999997000000
  Net refinements: 0
  Composition depth: 2
  Operators: ⊗Y → ⊗Y⁻¹

Step 2591: step_40
  Value: 4.934288e-02
  NRCI: 0.999997000000
  Net refinements: 0
  Composition depth: 2
  Operators: ⊗Y → ⊗Y⁻¹

Step 2592: step_40
  Value: 4.947026e-02
  NRCI: 0.999997000000
  Net refinements: 0
  Composition depth: 2
  Operators: ⊗Y → ⊗Y⁻¹

Step 2593: step_40
  Value: 4.958246e-02
  NRCI: 0.999997000000
  Net refinements: 0
  Composition depth: 2
  Operators: ⊗Y → ⊗Y⁻¹

Step 2594: step_40
  Value: 4.967939e-02
  NRCI: 0.999997000000
  Net refinements: 0
  Composition depth: 2
  Operators: ⊗Y → ⊗Y⁻¹

Step 2595: step_40
  Value: 4.976096e-02
  NRCI: 0.999997000000
  Net refinements: 0
  Composition depth: 2
  Operators: ⊗Y → ⊗Y⁻¹

Step 2596: step_40
  Value: 4.982709e-02
  NRCI: 0.999997000000
  Net refinements: 0
  Composition depth: 2
  Operators: ⊗Y → ⊗Y⁻¹

Step 2597: step_40
  Value: 4.987772e-02
  NRCI: 0.999997000000
  Net refinements: 0
  Composition depth: 2
  Operators: ⊗Y → ⊗Y⁻¹

Step 2598: step_40
  Value: 4.991280e-02
  NRCI: 0.999997000000
  Net refinements: 0
  Composition depth: 2
  Operators: ⊗Y → ⊗Y⁻¹

Step 2599: step_40
  Value: 4.993230e-02
  NRCI: 0.999997000000
  Net refinements: 0
  Composition depth: 2
  Operators: ⊗Y → ⊗Y⁻¹

Step 2600: step_40
  Value: 4.993620e-02
  NRCI: 0.999997000000
  Net refinements: 0
  Composition depth: 2
  Operators: ⊗Y → ⊗Y⁻¹

Step 2601: step_40
  Value: 4.992450e-02
  NRCI: 0.999997000000
  Net refinements: 0
  Composition depth: 2
  Operators: ⊗Y → ⊗Y⁻¹

Step 2602: step_40
  Value: 4.989721e-02
  NRCI: 0.999997000000
  Net refinements: 0
  Composition depth: 2
  Operators: ⊗Y → ⊗Y⁻¹

Step 2603: step_40
  Value: 4.985435e-02
  NRCI: 0.999997000000
  Net refinements: 0
  Composition depth: 2
  Operators: ⊗Y → ⊗Y⁻¹

Step 2604: step_40
  Value: 4.979596e-02
  NRCI: 0.999997000000
  Net refinements: 0
  Composition depth: 2
  Operators: ⊗Y → ⊗Y⁻¹

Step 2605: step_40
  Value: 4.972210e-02
  NRCI: 0.999997000000
  Net refinements: 0
  Composition depth: 2
  Operators: ⊗Y → ⊗Y⁻¹

Step 2606: step_40
  Value: 4.963284e-02
  NRCI: 0.999997000000
  Net refinements: 0
  Composition depth: 2
  Operators: ⊗Y → ⊗Y⁻¹

Step 2607: step_40
  Value: 4.952826e-02
  NRCI: 0.999997000000
  Net refinements: 0
  Composition depth: 2
  Operators: ⊗Y → ⊗Y⁻¹

Step 2608: step_40
  Value: 4.940846e-02
  NRCI: 0.999997000000
  Net refinements: 0
  Composition depth: 2
  Operators: ⊗Y → ⊗Y⁻¹

Step 2609: step_40
  Value: 4.927355e-02
  NRCI: 0.999997000000
  Net refinements: 0
  Composition depth: 2
  Operators: ⊗Y → ⊗Y⁻¹

Step 2610: step_40
  Value: 4.912365e-02
  NRCI: 0.999997000000
  Net refinements: 0
  Composition depth: 2
  Operators: ⊗Y → ⊗Y⁻¹

Step 2611: step_40
  Value: 4.895891e-02
  NRCI: 0.999997000000
  Net refinements: 0
  Composition depth: 2
  Operators: ⊗Y → ⊗Y⁻¹

Step 2612: step_40
  Value: 4.877947e-02
  NRCI: 0.999997000000
  Net refinements: 0
  Composition depth: 2
  Operators: ⊗Y → ⊗Y⁻¹

Step 2613: step_40
  Value: 4.858551e-02
  NRCI: 0.999997000000
  Net refinements: 0
  Composition depth: 2
  Operators: ⊗Y → ⊗Y⁻¹

Step 2614: step_40
  Value: 4.837720e-02
  NRCI: 0.999997000000
  Net refinements: 0
  Composition depth: 2
  Operators: ⊗Y → ⊗Y⁻¹

Step 2615: step_40
  Value: 4.815473e-02
  NRCI: 0.999997000000
  Net refinements: 0
  Composition depth: 2
  Operators: ⊗Y → ⊗Y⁻¹

Step 2616: step_40
  Value: 4.791831e-02
  NRCI: 0.999997000000
  Net refinements: 0
  Composition depth: 2
  Operators: ⊗Y → ⊗Y⁻¹

Step 2617: step_40
  Value: 4.766815e-02
  NRCI: 0.999997000000
  Net refinements: 0
  Composition depth: 2
  Operators: ⊗Y → ⊗Y⁻¹

Step 2618: step_40
  Value: 4.740448e-02
  NRCI: 0.999997000000
  Net refinements: 0
  Composition depth: 2
  Operators: ⊗Y → ⊗Y⁻¹

Step 2619: step_40
  Value: 4.712754e-02
  NRCI: 0.999997000000
  Net refinements: 0
  Composition depth: 2
  Operators: ⊗Y → ⊗Y⁻¹

Step 2620: step_40
  Value: 4.683758e-02
  NRCI: 0.999997000000
  Net refinements: 0
  Composition depth: 2
  Operators: ⊗Y → ⊗Y⁻¹

Step 2621: step_40
  Value: 4.653486e-02
  NRCI: 0.999997000000
  Net refinements: 0
  Composition depth: 2
  Operators: ⊗Y → ⊗Y⁻¹

Step 2622: step_40
  Value: 4.621965e-02
  NRCI: 0.999997000000
  Net refinements: 0
  Composition depth: 2
  Operators: ⊗Y → ⊗Y⁻¹

Step 2623: step_40
  Value: 4.589223e-02
  NRCI: 0.999997000000
  Net refinements: 0
  Composition depth: 2
  Operators: ⊗Y → ⊗Y⁻¹

Step 2624: step_40
  Value: 4.555290e-02
  NRCI: 0.999997000000
  Net refinements: 0
  Composition depth: 2
  Operators: ⊗Y → ⊗Y⁻¹

Step 2625: step_40
  Value: 4.520195e-02
  NRCI: 0.999997000000
  Net refinements: 0
  Composition depth: 2
  Operators: ⊗Y → ⊗Y⁻¹

Step 2626: step_40
  Value: 4.483968e-02
  NRCI: 0.999997000000
  Net refinements: 0
  Composition depth: 2
  Operators: ⊗Y → ⊗Y⁻¹

Step 2627: step_40
  Value: 4.446642e-02
  NRCI: 0.999997000000
  Net refinements: 0
  Composition depth: 2
  Operators: ⊗Y → ⊗Y⁻¹

Step 2628: step_40
  Value: 4.408250e-02
  NRCI: 0.999997000000
  Net refinements: 0
  Composition depth: 2
  Operators: ⊗Y → ⊗Y⁻¹

Step 2629: step_40
  Value: 4.368823e-02
  NRCI: 0.999997000000
  Net refinements: 0
  Composition depth: 2
  Operators: ⊗Y → ⊗Y⁻¹

Step 2630: step_40
  Value: 4.328396e-02
  NRCI: 0.999997000000
  Net refinements: 0
  Composition depth: 2
  Operators: ⊗Y → ⊗Y⁻¹

Step 2631: step_40
  Value: 4.287003e-02
  NRCI: 0.999997000000
  Net refinements: 0
  Composition depth: 2
  Operators: ⊗Y → ⊗Y⁻¹

Step 2632: step_40
  Value: 4.244680e-02
  NRCI: 0.999997000000
  Net refinements: 0
  Composition depth: 2
  Operators: ⊗Y → ⊗Y⁻¹

Step 2633: step_40
  Value: 4.201461e-02
  NRCI: 0.999997000000
  Net refinements: 0
  Composition depth: 2
  Operators: ⊗Y → ⊗Y⁻¹

Step 2634: step_40
  Value: 4.157383e-02
  NRCI: 0.999997000000
  Net refinements: 0
  Composition depth: 2
  Operators: ⊗Y → ⊗Y⁻¹

Step 2635: step_40
  Value: 4.112482e-02
  NRCI: 0.999997000000
  Net refinements: 0
  Composition depth: 2
  Operators: ⊗Y → ⊗Y⁻¹

Step 2636: step_40
  Value: 4.066795e-02
  NRCI: 0.999997000000
  Net refinements: 0
  Composition depth: 2
  Operators: ⊗Y → ⊗Y⁻¹

Step 2637: step_40
  Value: 4.020359e-02
  NRCI: 0.999997000000
  Net refinements: 0
  Composition depth: 2
  Operators: ⊗Y → ⊗Y⁻¹

Step 2638: step_40
  Value: 3.973212e-02
  NRCI: 0.999997000000
  Net refinements: 0
  Composition depth: 2
  Operators: ⊗Y → ⊗Y⁻¹

Step 2639: step_40
  Value: 3.925390e-02
  NRCI: 0.999997000000
  Net refinements: 0
  Composition depth: 2
  Operators: ⊗Y → ⊗Y⁻¹

Step 2640: step_40
  Value: 3.876933e-02
  NRCI: 0.999997000000
  Net refinements: 0
  Composition depth: 2
  Operators: ⊗Y → ⊗Y⁻¹

Step 2641: step_40
  Value: 3.827877e-02
  NRCI: 0.999997000000
  Net refinements: 0
  Composition depth: 2
  Operators: ⊗Y → ⊗Y⁻¹

Step 2642: step_40
  Value: 3.778261e-02
  NRCI: 0.999997000000
  Net refinements: 0
  Composition depth: 2
  Operators: ⊗Y → ⊗Y⁻¹

Step 2643: step_40
  Value: 3.728123e-02
  NRCI: 0.999997000000
  Net refinements: 0
  Composition depth: 2
  Operators: ⊗Y → ⊗Y⁻¹

Step 2644: step_40
  Value: 3.677501e-02
  NRCI: 0.999997000000
  Net refinements: 0
  Composition depth: 2
  Operators: ⊗Y → ⊗Y⁻¹

Step 2645: step_40
  Value: 3.626433e-02
  NRCI: 0.999997000000
  Net refinements: 0
  Composition depth: 2
  Operators: ⊗Y → ⊗Y⁻¹

Step 2646: step_40
  Value: 3.574957e-02
  NRCI: 0.999997000000
  Net refinements: 0
  Composition depth: 2
  Operators: ⊗Y → ⊗Y⁻¹

Step 2647: step_40
  Value: 3.523111e-02
  NRCI: 0.999997000000
  Net refinements: 0
  Composition depth: 2
  Operators: ⊗Y → ⊗Y⁻¹

Step 2648: step_40
  Value: 3.470931e-02
  NRCI: 0.999997000000
  Net refinements: 0
  Composition depth: 2
  Operators: ⊗Y → ⊗Y⁻¹

Step 2649: step_40
  Value: 3.418456e-02
  NRCI: 0.999997000000
  Net refinements: 0
  Composition depth: 2
  Operators: ⊗Y → ⊗Y⁻¹

Step 2650: step_40
  Value: 3.365723e-02
  NRCI: 0.999997000000
  Net refinements: 0
  Composition depth: 2
  Operators: ⊗Y → ⊗Y⁻¹

Step 2651: step_40
  Value: 3.312767e-02
  NRCI: 0.999997000000
  Net refinements: 0
  Composition depth: 2
  Operators: ⊗Y → ⊗Y⁻¹

Step 2652: step_40
  Value: 3.259626e-02
  NRCI: 0.999997000000
  Net refinements: 0
  Composition depth: 2
  Operators: ⊗Y → ⊗Y⁻¹

Step 2653: step_40
  Value: 3.206335e-02
  NRCI: 0.999997000000
  Net refinements: 0
  Composition depth: 2
  Operators: ⊗Y → ⊗Y⁻¹

Step 2654: step_40
  Value: 3.152930e-02
  NRCI: 0.999997000000
  Net refinements: 0
  Composition depth: 2
  Operators: ⊗Y → ⊗Y⁻¹

Step 2655: step_40
  Value: 3.099446e-02
  NRCI: 0.999997000000
  Net refinements: 0
  Composition depth: 2
  Operators: ⊗Y → ⊗Y⁻¹

Step 2656: step_40
  Value: 3.045917e-02
  NRCI: 0.999997000000
  Net refinements: 0
  Composition depth: 2
  Operators: ⊗Y → ⊗Y⁻¹

Step 2657: step_40
  Value: 2.992378e-02
  NRCI: 0.999997000000
  Net refinements: 0
  Composition depth: 2
  Operators: ⊗Y → ⊗Y⁻¹

Step 2658: step_40
  Value: 2.938861e-02
  NRCI: 0.999997000000
  Net refinements: 0
  Composition depth: 2
  Operators: ⊗Y → ⊗Y⁻¹

Step 2659: step_40
  Value: 2.885399e-02
  NRCI: 0.999997000000
  Net refinements: 0
  Composition depth: 2
  Operators: ⊗Y → ⊗Y⁻¹

Step 2660: step_40
  Value: 2.832025e-02
  NRCI: 0.999997000000
  Net refinements: 0
  Composition depth: 2
  Operators: ⊗Y → ⊗Y⁻¹

Step 2661: step_40
  Value: 2.778770e-02
  NRCI: 0.999997000000
  Net refinements: 0
  Composition depth: 2
  Operators: ⊗Y → ⊗Y⁻¹

Step 2662: step_40
  Value: 2.725664e-02
  NRCI: 0.999997000000
  Net refinements: 0
  Composition depth: 2
  Operators: ⊗Y → ⊗Y⁻¹

Step 2663: step_40
  Value: 2.672738e-02
  NRCI: 0.999997000000
  Net refinements: 0
  Composition depth: 2
  Operators: ⊗Y → ⊗Y⁻¹

Step 2664: step_40
  Value: 2.620020e-02
  NRCI: 0.999997000000
  Net refinements: 0
  Composition depth: 2
  Operators: ⊗Y → ⊗Y⁻¹

Step 2665: step_40
  Value: 2.567540e-02
  NRCI: 0.999997000000
  Net refinements: 0
  Composition depth: 2
  Operators: ⊗Y → ⊗Y⁻¹

Step 2666: step_40
  Value: 2.515325e-02
  NRCI: 0.999997000000
  Net refinements: 0
  Composition depth: 2
  Operators: ⊗Y → ⊗Y⁻¹

Step 2667: step_40
  Value: 2.463402e-02
  NRCI: 0.999997000000
  Net refinements: 0
  Composition depth: 2
  Operators: ⊗Y → ⊗Y⁻¹

Step 2668: step_40
  Value: 2.411797e-02
  NRCI: 0.999997000000
  Net refinements: 0
  Composition depth: 2
  Operators: ⊗Y → ⊗Y⁻¹

Step 2669: step_40
  Value: 2.360536e-02
  NRCI: 0.999997000000
  Net refinements: 0
  Composition depth: 2
  Operators: ⊗Y → ⊗Y⁻¹

Step 2670: step_40
  Value: 2.309642e-02
  NRCI: 0.999997000000
  Net refinements: 0
  Composition depth: 2
  Operators: ⊗Y → ⊗Y⁻¹

Step 2671: step_40
  Value: 2.259139e-02
  NRCI: 0.999997000000
  Net refinements: 0
  Composition depth: 2
  Operators: ⊗Y → ⊗Y⁻¹

Step 2672: step_40
  Value: 2.209050e-02
  NRCI: 0.999997000000
  Net refinements: 0
  Composition depth: 2
  Operators: ⊗Y → ⊗Y⁻¹

Step 2673: step_40
  Value: 2.159397e-02
  NRCI: 0.999997000000
  Net refinements: 0
  Composition depth: 2
  Operators: ⊗Y → ⊗Y⁻¹

Step 2674: step_40
  Value: 2.110200e-02
  NRCI: 0.999997000000
  Net refinements: 0
  Composition depth: 2
  Operators: ⊗Y → ⊗Y⁻¹

Step 2675: step_40
  Value: 2.061480e-02
  NRCI: 0.999997000000
  Net refinements: 0
  Composition depth: 2
  Operators: ⊗Y → ⊗Y⁻¹

Step 2676: step_40
  Value: 2.013255e-02
  NRCI: 0.999997000000
  Net refinements: 0
  Composition depth: 2
  Operators: ⊗Y → ⊗Y⁻¹

Step 2677: step_40
  Value: 1.965545e-02
  NRCI: 0.999997000000
  Net refinements: 0
  Composition depth: 2
  Operators: ⊗Y → ⊗Y⁻¹

Step 2678: step_40
  Value: 1.918365e-02
  NRCI: 0.999997000000
  Net refinements: 0
  Composition depth: 2
  Operators: ⊗Y → ⊗Y⁻¹

Step 2679: step_40
  Value: 1.871733e-02
  NRCI: 0.999997000000
  Net refinements: 0
  Composition depth: 2
  Operators: ⊗Y → ⊗Y⁻¹

Step 2680: step_40
  Value: 1.825664e-02
  NRCI: 0.999997000000
  Net refinements: 0
  Composition depth: 2
  Operators: ⊗Y → ⊗Y⁻¹

Step 2681: step_40
  Value: 1.780172e-02
  NRCI: 0.999997000000
  Net refinements: 0
  Composition depth: 2
  Operators: ⊗Y → ⊗Y⁻¹

Step 2682: step_40
  Value: 1.735272e-02
  NRCI: 0.999997000000
  Net refinements: 0
  Composition depth: 2
  Operators: ⊗Y → ⊗Y⁻¹

Step 2683: step_40
  Value: 1.690975e-02
  NRCI: 0.999997000000
  Net refinements: 0
  Composition depth: 2
  Operators: ⊗Y → ⊗Y⁻¹

Step 2684: step_40
  Value: 1.647295e-02
  NRCI: 0.999997000000
  Net refinements: 0
  Composition depth: 2
  Operators: ⊗Y → ⊗Y⁻¹

Step 2685: step_40
  Value: 1.604241e-02
  NRCI: 0.999997000000
  Net refinements: 0
  Composition depth: 2
  Operators: ⊗Y → ⊗Y⁻¹

Step 2686: step_40
  Value: 1.561825e-02
  NRCI: 0.999997000000
  Net refinements: 0
  Composition depth: 2
  Operators: ⊗Y → ⊗Y⁻¹

Step 2687: step_40
  Value: 1.520055e-02
  NRCI: 0.999997000000
  Net refinements: 0
  Composition depth: 2
  Operators: ⊗Y → ⊗Y⁻¹

Step 2688: step_40
  Value: 1.478940e-02
  NRCI: 0.999997000000
  Net refinements: 0
  Composition depth: 2
  Operators: ⊗Y → ⊗Y⁻¹

Step 2689: step_40
  Value: 1.438487e-02
  NRCI: 0.999997000000
  Net refinements: 0
  Composition depth: 2
  Operators: ⊗Y → ⊗Y⁻¹

Step 2690: step_40
  Value: 1.398704e-02
  NRCI: 0.999997000000
  Net refinements: 0
  Composition depth: 2
  Operators: ⊗Y → ⊗Y⁻¹

Step 2691: step_40
  Value: 1.359596e-02
  NRCI: 0.999997000000
  Net refinements: 0
  Composition depth: 2
  Operators: ⊗Y → ⊗Y⁻¹

Step 2692: step_40
  Value: 1.321169e-02
  NRCI: 0.999997000000
  Net refinements: 0
  Composition depth: 2
  Operators: ⊗Y → ⊗Y⁻¹

Step 2693: step_40
  Value: 1.283426e-02
  NRCI: 0.999997000000
  Net refinements: 0
  Composition depth: 2
  Operators: ⊗Y → ⊗Y⁻¹

Step 2694: step_40
  Value: 1.246373e-02
  NRCI: 0.999997000000
  Net refinements: 0
  Composition depth: 2
  Operators: ⊗Y → ⊗Y⁻¹

Step 2695: step_40
  Value: 1.210010e-02
  NRCI: 0.999997000000
  Net refinements: 0
  Composition depth: 2
  Operators: ⊗Y → ⊗Y⁻¹

Step 2696: step_40
  Value: 1.174342e-02
  NRCI: 0.999997000000
  Net refinements: 0
  Composition depth: 2
  Operators: ⊗Y → ⊗Y⁻¹

Step 2697: step_40
  Value: 1.139369e-02
  NRCI: 0.999997000000
  Net refinements: 0
  Composition depth: 2
  Operators: ⊗Y → ⊗Y⁻¹

Step 2698: step_40
  Value: 1.105092e-02
  NRCI: 0.999997000000
  Net refinements: 0
  Composition depth: 2
  Operators: ⊗Y → ⊗Y⁻¹

Step 2699: step_40
  Value: 1.071512e-02
  NRCI: 0.999997000000
  Net refinements: 0
  Composition depth: 2
  Operators: ⊗Y → ⊗Y⁻¹

Step 2700: step_40
  Value: 1.038627e-02
  NRCI: 0.999997000000
  Net refinements: 0
  Composition depth: 2
  Operators: ⊗Y → ⊗Y⁻¹

Step 2701: step_40
  Value: 1.006437e-02
  NRCI: 0.999997000000
  Net refinements: 0
  Composition depth: 2
  Operators: ⊗Y → ⊗Y⁻¹

Step 2702: step_40
  Value: 9.749397e-03
  NRCI: 0.999997000000
  Net refinements: 0
  Composition depth: 2
  Operators: ⊗Y → ⊗Y⁻¹

Step 2703: step_40
  Value: 9.441332e-03
  NRCI: 0.999997000000
  Net refinements: 0
  Composition depth: 2
  Operators: ⊗Y → ⊗Y⁻¹

Step 2704: step_40
  Value: 9.140145e-03
  NRCI: 0.999997000000
  Net refinements: 0
  Composition depth: 2
  Operators: ⊗Y → ⊗Y⁻¹

Step 2705: step_40
  Value: 8.845801e-03
  NRCI: 0.999997000000
  Net refinements: 0
  Composition depth: 2
  Operators: ⊗Y → ⊗Y⁻¹

Step 2706: step_40
  Value: 8.558262e-03
  NRCI: 0.999997000000
  Net refinements: 0
  Composition depth: 2
  Operators: ⊗Y → ⊗Y⁻¹

Step 2707: step_40
  Value: 8.277482e-03
  NRCI: 0.999997000000
  Net refinements: 0
  Composition depth: 2
  Operators: ⊗Y → ⊗Y⁻¹

Step 2708: step_40
  Value: 8.003413e-03
  NRCI: 0.999997000000
  Net refinements: 0
  Composition depth: 2
  Operators: ⊗Y → ⊗Y⁻¹

Step 2709: step_40
  Value: 7.736000e-03
  NRCI: 0.999997000000
  Net refinements: 0
  Composition depth: 2
  Operators: ⊗Y → ⊗Y⁻¹

Step 2710: step_40
  Value: 7.475186e-03
  NRCI: 0.999997000000
  Net refinements: 0
  Composition depth: 2
  Operators: ⊗Y → ⊗Y⁻¹

Step 2711: step_40
  Value: 7.220908e-03
  NRCI: 0.999997000000
  Net refinements: 0
  Composition depth: 2
  Operators: ⊗Y → ⊗Y⁻¹

Step 2712: step_40
  Value: 6.973101e-03
  NRCI: 0.999997000000
  Net refinements: 0
  Composition depth: 2
  Operators: ⊗Y → ⊗Y⁻¹

Step 2713: step_40
  Value: 6.731694e-03
  NRCI: 0.999997000000
  Net refinements: 0
  Composition depth: 2
  Operators: ⊗Y → ⊗Y⁻¹

Step 2714: step_40
  Value: 6.496614e-03
  NRCI: 0.999997000000
  Net refinements: 0
  Composition depth: 2
  Operators: ⊗Y → ⊗Y⁻¹

Step 2715: step_40
  Value: 6.267784e-03
  NRCI: 0.999997000000
  Net refinements: 0
  Composition depth: 2
  Operators: ⊗Y → ⊗Y⁻¹

Step 2716: step_40
  Value: 6.045125e-03
  NRCI: 0.999997000000
  Net refinements: 0
  Composition depth: 2
  Operators: ⊗Y → ⊗Y⁻¹

Step 2717: step_40
  Value: 5.828554e-03
  NRCI: 0.999997000000
  Net refinements: 0
  Composition depth: 2
  Operators: ⊗Y → ⊗Y⁻¹

Step 2718: step_40
  Value: 5.617986e-03
  NRCI: 0.999997000000
  Net refinements: 0
  Composition depth: 2
  Operators: ⊗Y → ⊗Y⁻¹

Step 2719: step_40
  Value: 5.413334e-03
  NRCI: 0.999997000000
  Net refinements: 0
  Composition depth: 2
  Operators: ⊗Y → ⊗Y⁻¹

Step 2720: step_40
  Value: 5.214507e-03
  NRCI: 0.999997000000
  Net refinements: 0
  Composition depth: 2
  Operators: ⊗Y → ⊗Y⁻¹

Step 2721: step_40
  Value: 5.021413e-03
  NRCI: 0.999997000000
  Net refinements: 0
  Composition depth: 2
  Operators: ⊗Y → ⊗Y⁻¹

Step 2722: step_40
  Value: 4.833958e-03
  NRCI: 0.999997000000
  Net refinements: 0
  Composition depth: 2
  Operators: ⊗Y → ⊗Y⁻¹

Step 2723: step_40
  Value: 4.652048e-03
  NRCI: 0.999997000000
  Net refinements: 0
  Composition depth: 2
  Operators: ⊗Y → ⊗Y⁻¹

Step 2724: step_40
  Value: 4.475584e-03
  NRCI: 0.999997000000
  Net refinements: 0
  Composition depth: 2
  Operators: ⊗Y → ⊗Y⁻¹

Step 2725: step_40
  Value: 4.304469e-03
  NRCI: 0.999997000000
  Net refinements: 0
  Composition depth: 2
  Operators: ⊗Y → ⊗Y⁻¹

Step 2726: step_40
  Value: 4.138603e-03
  NRCI: 0.999997000000
  Net refinements: 0
  Composition depth: 2
  Operators: ⊗Y → ⊗Y⁻¹

Step 2727: step_40
  Value: 3.977885e-03
  NRCI: 0.999997000000
  Net refinements: 0
  Composition depth: 2
  Operators: ⊗Y → ⊗Y⁻¹

Step 2728: step_40
  Value: 3.822213e-03
  NRCI: 0.999997000000
  Net refinements: 0
  Composition depth: 2
  Operators: ⊗Y → ⊗Y⁻¹

Step 2729: step_40
  Value: 3.671486e-03
  NRCI: 0.999997000000
  Net refinements: 0
  Composition depth: 2
  Operators: ⊗Y → ⊗Y⁻¹

Step 2730: step_40
  Value: 3.525601e-03
  NRCI: 0.999997000000
  Net refinements: 0
  Composition depth: 2
  Operators: ⊗Y → ⊗Y⁻¹

Step 2731: step_40
  Value: 3.384455e-03
  NRCI: 0.999997000000
  Net refinements: 0
  Composition depth: 2
  Operators: ⊗Y → ⊗Y⁻¹

Step 2732: step_40
  Value: 3.247945e-03
  NRCI: 0.999997000000
  Net refinements: 0
  Composition depth: 2
  Operators: ⊗Y → ⊗Y⁻¹

Step 2733: step_40
  Value: 3.115967e-03
  NRCI: 0.999997000000
  Net refinements: 0
  Composition depth: 2
  Operators: ⊗Y → ⊗Y⁻¹

Step 2734: step_40
  Value: 2.988419e-03
  NRCI: 0.999997000000
  Net refinements: 0
  Composition depth: 2
  Operators: ⊗Y → ⊗Y⁻¹

Step 2735: step_40
  Value: 2.865204e-03
  NRCI: 0.999997000000
  Net refinements: 0
  Composition depth: 2
  Operators: ⊗Y → ⊗Y⁻¹

Step 2736: step_40
  Value: 2.746244e-03
  NRCI: 0.999997000000
  Net refinements: 0
  Composition depth: 2
  Operators: ⊗Y → ⊗Y⁻¹

Step 2737: step_40
  Value: 2.631548e-03
  NRCI: 0.999997000000
  Net refinements: 0
  Composition depth: 2
  Operators: ⊗Y → ⊗Y⁻¹

Step 2738: step_40
  Value: 2.521435e-03
  NRCI: 0.999997000000
  Net refinements: 0
  Composition depth: 2
  Operators: ⊗Y → ⊗Y⁻¹

Step 2739: step_40
  Value: 2.417251e-03
  NRCI: 0.999997000000
  Net refinements: 0
  Composition depth: 2
  Operators: ⊗Y → ⊗Y⁻¹

Step 2740: step_40
  Value: 2.323345e-03
  NRCI: 0.999997000000
  Net refinements: 0
  Composition depth: 2
  Operators: ⊗Y → ⊗Y⁻¹

Step 2741: step_40
  Value: 2.251756e-03
  NRCI: 0.999997000000
  Net refinements: 0
  Composition depth: 2
  Operators: ⊗Y → ⊗Y⁻¹

Step 2742: step_40
  Value: 2.231582e-03
  NRCI: 0.999997000000
  Net refinements: 0
  Composition depth: 2
  Operators: ⊗Y → ⊗Y⁻¹

Step 2743: step_40
  Value: 2.323901e-03
  NRCI: 0.999997000000
  Net refinements: 0
  Composition depth: 2
  Operators: ⊗Y → ⊗Y⁻¹

Step 2744: step_40
  Value: 2.638348e-03
  NRCI: 0.999997000000
  Net refinements: 0
  Composition depth: 2
  Operators: ⊗Y → ⊗Y⁻¹

Step 2745: step_40
  Value: 3.338516e-03
  NRCI: 0.999997000000
  Net refinements: 0
  Composition depth: 2
  Operators: ⊗Y → ⊗Y⁻¹

Step 2746: step_40
  Value: 4.615653e-03
  NRCI: 0.999997000000
  Net refinements: 0
  Composition depth: 2
  Operators: ⊗Y → ⊗Y⁻¹

Step 2747: step_40
  Value: 6.616648e-03
  NRCI: 0.999997000000
  Net refinements: 0
  Composition depth: 2
  Operators: ⊗Y → ⊗Y⁻¹

Step 2748: step_40
  Value: 9.342589e-03
  NRCI: 0.999997000000
  Net refinements: 0
  Composition depth: 2
  Operators: ⊗Y → ⊗Y⁻¹

Step 2749: step_40
  Value: 1.257482e-02
  NRCI: 0.999997000000
  Net refinements: 0
  Composition depth: 2
  Operators: ⊗Y → ⊗Y⁻¹

Step 2750: step_40
  Value: 1.589557e-02
  NRCI: 0.999997000000
  Net refinements: 0
  Composition depth: 2
  Operators: ⊗Y → ⊗Y⁻¹

Step 2751: step_40
  Value: 1.881956e-02
  NRCI: 0.999997000000
  Net refinements: 0
  Composition depth: 2
  Operators: ⊗Y → ⊗Y⁻¹

Step 2752: step_40
  Value: 2.097058e-02
  NRCI: 0.999997000000
  Net refinements: 0
  Composition depth: 2
  Operators: ⊗Y → ⊗Y⁻¹

Step 2753: step_40
  Value: 2.219894e-02
  NRCI: 0.999997000000
  Net refinements: 0
  Composition depth: 2
  Operators: ⊗Y → ⊗Y⁻¹

Step 2754: step_40
  Value: 2.258161e-02
  NRCI: 0.999997000000
  Net refinements: 0
  Composition depth: 2
  Operators: ⊗Y → ⊗Y⁻¹

Step 2755: step_40
  Value: 2.233118e-02
  NRCI: 0.999997000000
  Net refinements: 0
  Composition depth: 2
  Operators: ⊗Y → ⊗Y⁻¹

Step 2756: step_40
  Value: 2.168608e-02
  NRCI: 0.999997000000
  Net refinements: 0
  Composition depth: 2
  Operators: ⊗Y → ⊗Y⁻¹

Step 2757: step_40
  Value: 2.083863e-02
  NRCI: 0.999997000000
  Net refinements: 0
  Composition depth: 2
  Operators: ⊗Y → ⊗Y⁻¹

Step 2758: step_40
  Value: 1.991322e-02
  NRCI: 0.999997000000
  Net refinements: 0
  Composition depth: 2
  Operators: ⊗Y → ⊗Y⁻¹

Step 2759: step_40
  Value: 1.897674e-02
  NRCI: 0.999997000000
  Net refinements: 0
  Composition depth: 2
  Operators: ⊗Y → ⊗Y⁻¹

Step 2760: step_40
  Value: 1.805859e-02
  NRCI: 0.999997000000
  Net refinements: 0
  Composition depth: 2
  Operators: ⊗Y → ⊗Y⁻¹

Step 2761: step_40
  Value: 1.716627e-02
  NRCI: 0.999997000000
  Net refinements: 0
  Composition depth: 2
  Operators: ⊗Y → ⊗Y⁻¹

Step 2762: step_40
  Value: 1.629256e-02
  NRCI: 0.999997000000
  Net refinements: 0
  Composition depth: 2
  Operators: ⊗Y → ⊗Y⁻¹

Step 2763: step_40
  Value: 1.541536e-02
  NRCI: 0.999997000000
  Net refinements: 0
  Composition depth: 2
  Operators: ⊗Y → ⊗Y⁻¹

Step 2764: step_40
  Value: 1.449383e-02
  NRCI: 0.999997000000
  Net refinements: 0
  Composition depth: 2
  Operators: ⊗Y → ⊗Y⁻¹

Step 2765: step_40
  Value: 1.346726e-02
  NRCI: 0.999997000000
  Net refinements: 0
  Composition depth: 2
  Operators: ⊗Y → ⊗Y⁻¹

Step 2766: step_40
  Value: 1.226509e-02
  NRCI: 0.999997000000
  Net refinements: 0
  Composition depth: 2
  Operators: ⊗Y → ⊗Y⁻¹

Step 2767: step_40
  Value: 1.083341e-02
  NRCI: 0.999997000000
  Net refinements: 0
  Composition depth: 2
  Operators: ⊗Y → ⊗Y⁻¹

Step 2768: step_40
  Value: 9.172013e-03
  NRCI: 0.999997000000
  Net refinements: 0
  Composition depth: 2
  Operators: ⊗Y → ⊗Y⁻¹

Step 2769: step_40
  Value: 7.361160e-03
  NRCI: 0.999997000000
  Net refinements: 0
  Composition depth: 2
  Operators: ⊗Y → ⊗Y⁻¹

Step 2770: step_40
  Value: 5.553548e-03
  NRCI: 0.999997000000
  Net refinements: 0
  Composition depth: 2
  Operators: ⊗Y → ⊗Y⁻¹

Step 2771: step_40
  Value: 3.925686e-03
  NRCI: 0.999997000000
  Net refinements: 0
  Composition depth: 2
  Operators: ⊗Y → ⊗Y⁻¹

Step 2772: step_40
  Value: 2.613098e-03
  NRCI: 0.999997000000
  Net refinements: 0
  Composition depth: 2
  Operators: ⊗Y → ⊗Y⁻¹

Step 2773: step_40
  Value: 1.667587e-03
  NRCI: 0.999997000000
  Net refinements: 0
  Composition depth: 2
  Operators: ⊗Y → ⊗Y⁻¹

Step 2774: step_40
  Value: 1.057717e-03
  NRCI: 0.999997000000
  Net refinements: 0
  Composition depth: 2
  Operators: ⊗Y → ⊗Y⁻¹

Step 2775: step_40
  Value: 7.026857e-04
  NRCI: 0.999997000000
  Net refinements: 0
  Composition depth: 2
  Operators: ⊗Y → ⊗Y⁻¹

Step 2776: step_40
  Value: 5.128072e-04
  NRCI: 0.999997000000
  Net refinements: 0
  Composition depth: 2
  Operators: ⊗Y → ⊗Y⁻¹

Step 2777: step_40
  Value: 4.159066e-04
  NRCI: 0.999997000000
  Net refinements: 0
  Composition depth: 2
  Operators: ⊗Y → ⊗Y⁻¹

Step 2778: step_40
  Value: 3.651495e-04
  NRCI: 0.999997000000
  Net refinements: 0
  Composition depth: 2
  Operators: ⊗Y → ⊗Y⁻¹

Step 2779: step_40
  Value: 3.349419e-04
  NRCI: 0.999997000000
  Net refinements: 0
  Composition depth: 2
  Operators: ⊗Y → ⊗Y⁻¹

Step 2780: step_40
  Value: 3.132190e-04
  NRCI: 0.999997000000
  Net refinements: 0
  Composition depth: 2
  Operators: ⊗Y → ⊗Y⁻¹

Step 2781: step_40
  Value: 2.949938e-04
  NRCI: 0.999997000000
  Net refinements: 0
  Composition depth: 2
  Operators: ⊗Y → ⊗Y⁻¹

Step 2782: step_40
  Value: 2.784292e-04
  NRCI: 0.999997000000
  Net refinements: 0
  Composition depth: 2
  Operators: ⊗Y → ⊗Y⁻¹

Step 2783: step_40
  Value: 2.629061e-04
  NRCI: 0.999997000000
  Net refinements: 0
  Composition depth: 2
  Operators: ⊗Y → ⊗Y⁻¹

Step 2784: step_40
  Value: 2.482201e-04
  NRCI: 0.999997000000
  Net refinements: 0
  Composition depth: 2
  Operators: ⊗Y → ⊗Y⁻¹

Step 2785: step_40
  Value: 2.342924e-04
  NRCI: 0.999997000000
  Net refinements: 0
  Composition depth: 2
  Operators: ⊗Y → ⊗Y⁻¹

Step 2786: step_40
  Value: 2.210795e-04
  NRCI: 0.999997000000
  Net refinements: 0
  Composition depth: 2
  Operators: ⊗Y → ⊗Y⁻¹

Step 2787: step_40
  Value: 2.085470e-04
  NRCI: 0.999997000000
  Net refinements: 0
  Composition depth: 2
  Operators: ⊗Y → ⊗Y⁻¹

Step 2788: step_40
  Value: 1.966636e-04
  NRCI: 0.999997000000
  Net refinements: 0
  Composition depth: 2
  Operators: ⊗Y → ⊗Y⁻¹

Step 2789: step_40
  Value: 1.853993e-04
  NRCI: 0.999997000000
  Net refinements: 0
  Composition depth: 2
  Operators: ⊗Y → ⊗Y⁻¹

Step 2790: step_40
  Value: 1.747257e-04
  NRCI: 0.999997000000
  Net refinements: 0
  Composition depth: 2
  Operators: ⊗Y → ⊗Y⁻¹

Step 2791: step_40
  Value: 1.646150e-04
  NRCI: 0.999997000000
  Net refinements: 0
  Composition depth: 2
  Operators: ⊗Y → ⊗Y⁻¹

Step 2792: step_40
  Value: 1.550410e-04
  NRCI: 0.999997000000
  Net refinements: 0
  Composition depth: 2
  Operators: ⊗Y → ⊗Y⁻¹

Step 2793: step_40
  Value: 1.459782e-04
  NRCI: 0.999997000000
  Net refinements: 0
  Composition depth: 2
  Operators: ⊗Y → ⊗Y⁻¹

Step 2794: step_40
  Value: 1.374022e-04
  NRCI: 0.999997000000
  Net refinements: 0
  Composition depth: 2
  Operators: ⊗Y → ⊗Y⁻¹

Step 2795: step_40
  Value: 1.292896e-04
  NRCI: 0.999997000000
  Net refinements: 0
  Composition depth: 2
  Operators: ⊗Y → ⊗Y⁻¹

Step 2796: step_40
  Value: 1.216180e-04
  NRCI: 0.999997000000
  Net refinements: 0
  Composition depth: 2
  Operators: ⊗Y → ⊗Y⁻¹

Step 2797: step_40
  Value: 1.143659e-04
  NRCI: 0.999997000000
  Net refinements: 0
  Composition depth: 2
  Operators: ⊗Y → ⊗Y⁻¹

Step 2798: step_40
  Value: 1.075126e-04
  NRCI: 0.999997000000
  Net refinements: 0
  Composition depth: 2
  Operators: ⊗Y → ⊗Y⁻¹

Step 2799: step_40
  Value: 1.010384e-04
  NRCI: 0.999997000000
  Net refinements: 0
  Composition depth: 2
  Operators: ⊗Y → ⊗Y⁻¹

Step 2800: step_40
  Value: 9.492441e-05
  NRCI: 0.999997000000
  Net refinements: 0
  Composition depth: 2
  Operators: ⊗Y → ⊗Y⁻¹

Step 2801: step_40
  Value: 8.915252e-05
  NRCI: 0.999997000000
  Net refinements: 0
  Composition depth: 2
  Operators: ⊗Y → ⊗Y⁻¹

Step 2802: step_40
  Value: 8.370542e-05
  NRCI: 0.999997000000
  Net refinements: 0
  Composition depth: 2
  Operators: ⊗Y → ⊗Y⁻¹

Step 2803: step_40
  Value: 7.856659e-05
  NRCI: 0.999997000000
  Net refinements: 0
  Composition depth: 2
  Operators: ⊗Y → ⊗Y⁻¹

Step 2804: step_40
  Value: 7.372019e-05
  NRCI: 0.999997000000
  Net refinements: 0
  Composition depth: 2
  Operators: ⊗Y → ⊗Y⁻¹

Step 2805: step_40
  Value: 6.915113e-05
  NRCI: 0.999997000000
  Net refinements: 0
  Composition depth: 2
  Operators: ⊗Y → ⊗Y⁻¹

Step 2806: step_40
  Value: 6.484499e-05
  NRCI: 0.999997000000
  Net refinements: 0
  Composition depth: 2
  Operators: ⊗Y → ⊗Y⁻¹

Step 2807: step_40
  Value: 6.078800e-05
  NRCI: 0.999997000000
  Net refinements: 0
  Composition depth: 2
  Operators: ⊗Y → ⊗Y⁻¹

Step 2808: step_40
  Value: 5.696703e-05
  NRCI: 0.999997000000
  Net refinements: 0
  Composition depth: 2
  Operators: ⊗Y → ⊗Y⁻¹

Step 2809: step_40
  Value: 5.336956e-05
  NRCI: 0.999997000000
  Net refinements: 0
  Composition depth: 2
  Operators: ⊗Y → ⊗Y⁻¹

Step 2810: step_40
  Value: 4.998364e-05
  NRCI: 0.999997000000
  Net refinements: 0
  Composition depth: 2
  Operators: ⊗Y → ⊗Y⁻¹

Step 2811: step_40
  Value: 4.679791e-05
  NRCI: 0.999997000000
  Net refinements: 0
  Composition depth: 2
  Operators: ⊗Y → ⊗Y⁻¹

Step 2812: step_40
  Value: 4.380154e-05
  NRCI: 0.999997000000
  Net refinements: 0
  Composition depth: 2
  Operators: ⊗Y → ⊗Y⁻¹

Step 2813: step_40
  Value: 4.098421e-05
  NRCI: 0.999997000000
  Net refinements: 0
  Composition depth: 2
  Operators: ⊗Y → ⊗Y⁻¹

Step 2814: step_40
  Value: 3.833612e-05
  NRCI: 0.999997000000
  Net refinements: 0
  Composition depth: 2
  Operators: ⊗Y → ⊗Y⁻¹

Step 2815: step_40
  Value: 3.584798e-05
  NRCI: 0.999997000000
  Net refinements: 0
  Composition depth: 2
  Operators: ⊗Y → ⊗Y⁻¹

Step 2816: step_40
  Value: 3.351115e-05
  NRCI: 0.999997000000
  Net refinements: 0
  Composition depth: 2
  Operators: ⊗Y → ⊗Y⁻¹

Step 2817: step_40
  Value: 3.131812e-05
  NRCI: 0.999997000000
  Net refinements: 0
  Composition depth: 2
  Operators: ⊗Y → ⊗Y⁻¹

Step 2818: step_40
  Value: 2.926443e-05
  NRCI: 0.999997000000
  Net refinements: 0
  Composition depth: 2
  Operators: ⊗Y → ⊗Y⁻¹

Step 2819: step_40
  Value: 2.735467e-05
  NRCI: 0.999997000000
  Net refinements: 0
  Composition depth: 2
  Operators: ⊗Y → ⊗Y⁻¹

Step 2820: step_40
  Value: 2.561901e-05
  NRCI: 0.999997000000
  Net refinements: 0
  Composition depth: 2
  Operators: ⊗Y → ⊗Y⁻¹

Step 2821: step_40
  Value: 2.415249e-05
  NRCI: 0.999997000000
  Net refinements: 0
  Composition depth: 2
  Operators: ⊗Y → ⊗Y⁻¹

Step 2822: step_40
  Value: 2.319306e-05
  NRCI: 0.999997000000
  Net refinements: 0
  Composition depth: 2
  Operators: ⊗Y → ⊗Y⁻¹

Step 2823: step_40
  Value: 2.324509e-05
  NRCI: 0.999997000000
  Net refinements: 0
  Composition depth: 2
  Operators: ⊗Y → ⊗Y⁻¹

Step 2824: step_40
  Value: 2.521423e-05
  NRCI: 0.999997000000
  Net refinements: 0
  Composition depth: 2
  Operators: ⊗Y → ⊗Y⁻¹

Step 2825: step_40
  Value: 3.044425e-05
  NRCI: 0.999997000000
  Net refinements: 0
  Composition depth: 2
  Operators: ⊗Y → ⊗Y⁻¹

Step 2826: step_40
  Value: 4.048430e-05
  NRCI: 0.999997000000
  Net refinements: 0
  Composition depth: 2
  Operators: ⊗Y → ⊗Y⁻¹

Step 2827: step_40
  Value: 5.647359e-05
  NRCI: 0.999997000000
  Net refinements: 0
  Composition depth: 2
  Operators: ⊗Y → ⊗Y⁻¹

Step 2828: step_40
  Value: 7.829081e-05
  NRCI: 0.999997000000
  Net refinements: 0
  Composition depth: 2
  Operators: ⊗Y → ⊗Y⁻¹

Step 2829: step_40
  Value: 1.039568e-04
  NRCI: 0.999997000000
  Net refinements: 0
  Composition depth: 2
  Operators: ⊗Y → ⊗Y⁻¹

Step 2830: step_40
  Value: 1.298531e-04
  NRCI: 0.999997000000
  Net refinements: 0
  Composition depth: 2
  Operators: ⊗Y → ⊗Y⁻¹

Step 2831: step_40
  Value: 1.518768e-04
  NRCI: 0.999997000000
  Net refinements: 0
  Composition depth: 2
  Operators: ⊗Y → ⊗Y⁻¹

Step 2832: step_40
  Value: 1.669477e-04
  NRCI: 0.999997000000
  Net refinements: 0
  Composition depth: 2
  Operators: ⊗Y → ⊗Y⁻¹

Step 2833: step_40
  Value: 1.739776e-04
  NRCI: 0.999997000000
  Net refinements: 0
  Composition depth: 2
  Operators: ⊗Y → ⊗Y⁻¹

Step 2834: step_40
  Value: 1.738213e-04
  NRCI: 0.999997000000
  Net refinements: 0
  Composition depth: 2
  Operators: ⊗Y → ⊗Y⁻¹

Step 2835: step_40
  Value: 1.684562e-04
  NRCI: 0.999997000000
  Net refinements: 0
  Composition depth: 2
  Operators: ⊗Y → ⊗Y⁻¹

Step 2836: step_40
  Value: 1.600245e-04
  NRCI: 0.999997000000
  Net refinements: 0
  Composition depth: 2
  Operators: ⊗Y → ⊗Y⁻¹

Step 2837: step_40
  Value: 1.502206e-04
  NRCI: 0.999997000000
  Net refinements: 0
  Composition depth: 2
  Operators: ⊗Y → ⊗Y⁻¹

Step 2838: step_40
  Value: 1.401191e-04
  NRCI: 0.999997000000
  Net refinements: 0
  Composition depth: 2
  Operators: ⊗Y → ⊗Y⁻¹

Step 2839: step_40
  Value: 1.302809e-04
  NRCI: 0.999997000000
  Net refinements: 0
  Composition depth: 2
  Operators: ⊗Y → ⊗Y⁻¹

Step 2840: step_40
  Value: 1.209388e-04
  NRCI: 0.999997000000
  Net refinements: 0
  Composition depth: 2
  Operators: ⊗Y → ⊗Y⁻¹

Step 2841: step_40
  Value: 1.121444e-04
  NRCI: 0.999997000000
  Net refinements: 0
  Composition depth: 2
  Operators: ⊗Y → ⊗Y⁻¹

Step 2842: step_40
  Value: 1.038451e-04
  NRCI: 0.999997000000
  Net refinements: 0
  Composition depth: 2
  Operators: ⊗Y → ⊗Y⁻¹

Step 2843: step_40
  Value: 9.590299e-05
  NRCI: 0.999997000000
  Net refinements: 0
  Composition depth: 2
  Operators: ⊗Y → ⊗Y⁻¹

Step 2844: step_40
  Value: 8.808430e-05
  NRCI: 0.999997000000
  Net refinements: 0
  Composition depth: 2
  Operators: ⊗Y → ⊗Y⁻¹

Step 2845: step_40
  Value: 8.005836e-05
  NRCI: 0.999997000000
  Net refinements: 0
  Composition depth: 2
  Operators: ⊗Y → ⊗Y⁻¹

Step 2846: step_40
  Value: 7.145188e-05
  NRCI: 0.999997000000
  Net refinements: 0
  Composition depth: 2
  Operators: ⊗Y → ⊗Y⁻¹

Step 2847: step_40
  Value: 6.198609e-05
  NRCI: 0.999997000000
  Net refinements: 0
  Composition depth: 2
  Operators: ⊗Y → ⊗Y⁻¹

Step 2848: step_40
  Value: 5.166492e-05
  NRCI: 0.999997000000
  Net refinements: 0
  Composition depth: 2
  Operators: ⊗Y → ⊗Y⁻¹

Step 2849: step_40
  Value: 4.090580e-05
  NRCI: 0.999997000000
  Net refinements: 0
  Composition depth: 2
  Operators: ⊗Y → ⊗Y⁻¹

Step 2850: step_40
  Value: 3.048867e-05
  NRCI: 0.999997000000
  Net refinements: 0
  Composition depth: 2
  Operators: ⊗Y → ⊗Y⁻¹

Step 2851: step_40
  Value: 2.129777e-05
  NRCI: 0.999997000000
  Net refinements: 0
  Composition depth: 2
  Operators: ⊗Y → ⊗Y⁻¹

Step 2852: step_40
  Value: 1.398670e-05
  NRCI: 0.999997000000
  Net refinements: 0
  Composition depth: 2
  Operators: ⊗Y → ⊗Y⁻¹

Step 2853: step_40
  Value: 8.764924e-06
  NRCI: 0.999997000000
  Net refinements: 0
  Composition depth: 2
  Operators: ⊗Y → ⊗Y⁻¹

Step 2854: step_40
  Value: 5.411459e-06
  NRCI: 0.999997000000
  Net refinements: 0
  Composition depth: 2
  Operators: ⊗Y → ⊗Y⁻¹

Step 2855: step_40
  Value: 3.459401e-06
  NRCI: 0.999997000000
  Net refinements: 0
  Composition depth: 2
  Operators: ⊗Y → ⊗Y⁻¹

Step 2856: step_40
  Value: 2.409688e-06
  NRCI: 0.999997000000
  Net refinements: 0
  Composition depth: 2
  Operators: ⊗Y → ⊗Y⁻¹

Step 2857: step_40
  Value: 1.867003e-06
  NRCI: 0.999997000000
  Net refinements: 0
  Composition depth: 2
  Operators: ⊗Y → ⊗Y⁻¹

Step 2858: step_40
  Value: 1.576943e-06
  NRCI: 0.999997000000
  Net refinements: 0
  Composition depth: 2
  Operators: ⊗Y → ⊗Y⁻¹

Step 2859: step_40
  Value: 1.401081e-06
  NRCI: 0.999997000000
  Net refinements: 0
  Composition depth: 2
  Operators: ⊗Y → ⊗Y⁻¹

Step 2860: step_40
  Value: 1.274207e-06
  NRCI: 0.999997000000
  Net refinements: 0
  Composition depth: 2
  Operators: ⊗Y → ⊗Y⁻¹

Step 2861: step_40
  Value: 1.169229e-06
  NRCI: 0.999997000000
  Net refinements: 0
  Composition depth: 2
  Operators: ⊗Y → ⊗Y⁻¹

Step 2862: step_40
  Value: 1.075972e-06
  NRCI: 0.999997000000
  Net refinements: 0
  Composition depth: 2
  Operators: ⊗Y → ⊗Y⁻¹

Step 2863: step_40
  Value: 9.908065e-07
  NRCI: 0.999997000000
  Net refinements: 0
  Composition depth: 2
  Operators: ⊗Y → ⊗Y⁻¹

Step 2864: step_40
  Value: 9.123412e-07
  NRCI: 0.999997000000
  Net refinements: 0
  Composition depth: 2
  Operators: ⊗Y → ⊗Y⁻¹

Step 2865: step_40
  Value: 8.398837e-07
  NRCI: 0.999997000000
  Net refinements: 0
  Composition depth: 2
  Operators: ⊗Y → ⊗Y⁻¹

Step 2866: step_40
  Value: 7.729509e-07
  NRCI: 0.999997000000
  Net refinements: 0
  Composition depth: 2
  Operators: ⊗Y → ⊗Y⁻¹

Step 2867: step_40
  Value: 7.111321e-07
  NRCI: 0.999997000000
  Net refinements: 0
  Composition depth: 2
  Operators: ⊗Y → ⊗Y⁻¹

Step 2868: step_40
  Value: 6.540534e-07
  NRCI: 0.999997000000
  Net refinements: 0
  Composition depth: 2
  Operators: ⊗Y → ⊗Y⁻¹

Step 2869: step_40
  Value: 6.013682e-07
  NRCI: 0.999997000000
  Net refinements: 0
  Composition depth: 2
  Operators: ⊗Y → ⊗Y⁻¹

Step 2870: step_40
  Value: 5.527542e-07
  NRCI: 0.999997000000
  Net refinements: 0
  Composition depth: 2
  Operators: ⊗Y → ⊗Y⁻¹

Step 2871: step_40
  Value: 5.079113e-07
  NRCI: 0.999997000000
  Net refinements: 0
  Composition depth: 2
  Operators: ⊗Y → ⊗Y⁻¹

Step 2872: step_40
  Value: 4.665605e-07
  NRCI: 0.999997000000
  Net refinements: 0
  Composition depth: 2
  Operators: ⊗Y → ⊗Y⁻¹

Step 2873: step_40
  Value: 4.284424e-07
  NRCI: 0.999997000000
  Net refinements: 0
  Composition depth: 2
  Operators: ⊗Y → ⊗Y⁻¹

Step 2874: step_40
  Value: 3.933156e-07
  NRCI: 0.999997000000
  Net refinements: 0
  Composition depth: 2
  Operators: ⊗Y → ⊗Y⁻¹

Step 2875: step_40
  Value: 3.609559e-07
  NRCI: 0.999997000000
  Net refinements: 0
  Composition depth: 2
  Operators: ⊗Y → ⊗Y⁻¹

Step 2876: step_40
  Value: 3.311551e-07
  NRCI: 0.999997000000
  Net refinements: 0
  Composition depth: 2
  Operators: ⊗Y → ⊗Y⁻¹

Step 2877: step_40
  Value: 3.037197e-07
  NRCI: 0.999997000000
  Net refinements: 0
  Composition depth: 2
  Operators: ⊗Y → ⊗Y⁻¹

Step 2878: step_40
  Value: 2.784703e-07
  NRCI: 0.999997000000
  Net refinements: 0
  Composition depth: 2
  Operators: ⊗Y → ⊗Y⁻¹

Step 2879: step_40
  Value: 2.552402e-07
  NRCI: 0.999997000000
  Net refinements: 0
  Composition depth: 2
  Operators: ⊗Y → ⊗Y⁻¹

Step 2880: step_40
  Value: 2.338748e-07
  NRCI: 0.999997000000
  Net refinements: 0
  Composition depth: 2
  Operators: ⊗Y → ⊗Y⁻¹

Step 2881: step_40
  Value: 2.142309e-07
  NRCI: 0.999997000000
  Net refinements: 0
  Composition depth: 2
  Operators: ⊗Y → ⊗Y⁻¹

Step 2882: step_40
  Value: 1.961757e-07
  NRCI: 0.999997000000
  Net refinements: 0
  Composition depth: 2
  Operators: ⊗Y → ⊗Y⁻¹

Step 2883: step_40
  Value: 1.795860e-07
  NRCI: 0.999997000000
  Net refinements: 0
  Composition depth: 2
  Operators: ⊗Y → ⊗Y⁻¹

Step 2884: step_40
  Value: 1.643479e-07
  NRCI: 0.999997000000
  Net refinements: 0
  Composition depth: 2
  Operators: ⊗Y → ⊗Y⁻¹

Step 2885: step_40
  Value: 1.503557e-07
  NRCI: 0.999997000000
  Net refinements: 0
  Composition depth: 2
  Operators: ⊗Y → ⊗Y⁻¹

Step 2886: step_40
  Value: 1.375118e-07
  NRCI: 0.999997000000
  Net refinements: 0
  Composition depth: 2
  Operators: ⊗Y → ⊗Y⁻¹

Step 2887: step_40
  Value: 1.257258e-07
  NRCI: 0.999997000000
  Net refinements: 0
  Composition depth: 2
  Operators: ⊗Y → ⊗Y⁻¹

Step 2888: step_40
  Value: 1.149141e-07
  NRCI: 0.999997000000
  Net refinements: 0
  Composition depth: 2
  Operators: ⊗Y → ⊗Y⁻¹

Step 2889: step_40
  Value: 1.049993e-07
  NRCI: 0.999997000000
  Net refinements: 0
  Composition depth: 2
  Operators: ⊗Y → ⊗Y⁻¹

Step 2890: step_40
  Value: 9.590995e-08
  NRCI: 0.999997000000
  Net refinements: 0
  Composition depth: 2
  Operators: ⊗Y → ⊗Y⁻¹

Step 2891: step_40
  Value: 8.758006e-08
  NRCI: 0.999997000000
  Net refinements: 0
  Composition depth: 2
  Operators: ⊗Y → ⊗Y⁻¹

Step 2892: step_40
  Value: 7.994865e-08
  NRCI: 0.999997000000
  Net refinements: 0
  Composition depth: 2
  Operators: ⊗Y → ⊗Y⁻¹

Step 2893: step_40
  Value: 7.295941e-08
  NRCI: 0.999997000000
  Net refinements: 0
  Composition depth: 2
  Operators: ⊗Y → ⊗Y⁻¹

Step 2894: step_40
  Value: 6.656038e-08
  NRCI: 0.999997000000
  Net refinements: 0
  Composition depth: 2
  Operators: ⊗Y → ⊗Y⁻¹

Step 2895: step_40
  Value: 6.070362e-08
  NRCI: 0.999997000000
  Net refinements: 0
  Composition depth: 2
  Operators: ⊗Y → ⊗Y⁻¹

Step 2896: step_40
  Value: 5.534490e-08
  NRCI: 0.999997000000
  Net refinements: 0
  Composition depth: 2
  Operators: ⊗Y → ⊗Y⁻¹

Step 2897: step_40
  Value: 5.044347e-08
  NRCI: 0.999997000000
  Net refinements: 0
  Composition depth: 2
  Operators: ⊗Y → ⊗Y⁻¹

Step 2898: step_40
  Value: 4.596175e-08
  NRCI: 0.999997000000
  Net refinements: 0
  Composition depth: 2
  Operators: ⊗Y → ⊗Y⁻¹

Step 2899: step_40
  Value: 4.186513e-08
  NRCI: 0.999997000000
  Net refinements: 0
  Composition depth: 2
  Operators: ⊗Y → ⊗Y⁻¹

Step 2900: step_40
  Value: 3.812173e-08
  NRCI: 0.999997000000
  Net refinements: 0
  Composition depth: 2
  Operators: ⊗Y → ⊗Y⁻¹

Step 2901: step_40
  Value: 3.470221e-08
  NRCI: 0.999997000000
  Net refinements: 0
  Composition depth: 2
  Operators: ⊗Y → ⊗Y⁻¹

Step 2902: step_40
  Value: 3.157955e-08
  NRCI: 0.999997000000
  Net refinements: 0
  Composition depth: 2
  Operators: ⊗Y → ⊗Y⁻¹

Step 2903: step_40
  Value: 2.872890e-08
  NRCI: 0.999997000000
  Net refinements: 0
  Composition depth: 2
  Operators: ⊗Y → ⊗Y⁻¹

Step 2904: step_40
  Value: 2.612741e-08
  NRCI: 0.999997000000
  Net refinements: 0
  Composition depth: 2
  Operators: ⊗Y → ⊗Y⁻¹

Step 2905: step_40
  Value: 2.375407e-08
  NRCI: 0.999997000000
  Net refinements: 0
  Composition depth: 2
  Operators: ⊗Y → ⊗Y⁻¹

Step 2906: step_40
  Value: 2.158956e-08
  NRCI: 0.999997000000
  Net refinements: 0
  Composition depth: 2
  Operators: ⊗Y → ⊗Y⁻¹

Step 2907: step_40
  Value: 1.961616e-08
  NRCI: 0.999997000000
  Net refinements: 0
  Composition depth: 2
  Operators: ⊗Y → ⊗Y⁻¹

Step 2908: step_40
  Value: 1.781757e-08
  NRCI: 0.999997000000
  Net refinements: 0
  Composition depth: 2
  Operators: ⊗Y → ⊗Y⁻¹

Step 2909: step_40
  Value: 1.617884e-08
  NRCI: 0.999997000000
  Net refinements: 0
  Composition depth: 2
  Operators: ⊗Y → ⊗Y⁻¹

Step 2910: step_40
  Value: 1.468623e-08
  NRCI: 0.999997000000
  Net refinements: 0
  Composition depth: 2
  Operators: ⊗Y → ⊗Y⁻¹

Step 2911: step_40
  Value: 1.332717e-08
  NRCI: 0.999997000000
  Net refinements: 0
  Composition depth: 2
  Operators: ⊗Y → ⊗Y⁻¹

Step 2912: step_40
  Value: 1.209009e-08
  NRCI: 0.999997000000
  Net refinements: 0
  Composition depth: 2
  Operators: ⊗Y → ⊗Y⁻¹

Step 2913: step_40
  Value: 1.096441e-08
  NRCI: 0.999997000000
  Net refinements: 0
  Composition depth: 2
  Operators: ⊗Y → ⊗Y⁻¹

Step 2914: step_40
  Value: 9.940441e-09
  NRCI: 0.999997000000
  Net refinements: 0
  Composition depth: 2
  Operators: ⊗Y → ⊗Y⁻¹

Step 2915: step_40
  Value: 9.009281e-09
  NRCI: 0.999997000000
  Net refinements: 0
  Composition depth: 2
  Operators: ⊗Y → ⊗Y⁻¹

Step 2916: step_40
  Value: 8.162796e-09
  NRCI: 0.999997000000
  Net refinements: 0
  Composition depth: 2
  Operators: ⊗Y → ⊗Y⁻¹

Step 2917: step_40
  Value: 7.393534e-09
  NRCI: 0.999997000000
  Net refinements: 0
  Composition depth: 2
  Operators: ⊗Y → ⊗Y⁻¹

Step 2918: step_40
  Value: 6.694674e-09
  NRCI: 0.999997000000
  Net refinements: 0
  Composition depth: 2
  Operators: ⊗Y → ⊗Y⁻¹

Step 2919: step_40
  Value: 6.059979e-09
  NRCI: 0.999997000000
  Net refinements: 0
  Composition depth: 2
  Operators: ⊗Y → ⊗Y⁻¹

Step 2920: step_40
  Value: 5.483742e-09
  NRCI: 0.999997000000
  Net refinements: 0
  Composition depth: 2
  Operators: ⊗Y → ⊗Y⁻¹

Step 2921: step_40
  Value: 4.960749e-09
  NRCI: 0.999997000000
  Net refinements: 0
  Composition depth: 2
  Operators: ⊗Y → ⊗Y⁻¹

Step 2922: step_40
  Value: 4.486233e-09
  NRCI: 0.999997000000
  Net refinements: 0
  Composition depth: 2
  Operators: ⊗Y → ⊗Y⁻¹

Step 2923: step_40
  Value: 4.055838e-09
  NRCI: 0.999997000000
  Net refinements: 0
  Composition depth: 2
  Operators: ⊗Y → ⊗Y⁻¹

Step 2924: step_40
  Value: 3.665589e-09
  NRCI: 0.999997000000
  Net refinements: 0
  Composition depth: 2
  Operators: ⊗Y → ⊗Y⁻¹

Step 2925: step_40
  Value: 3.311854e-09
  NRCI: 0.999997000000
  Net refinements: 0
  Composition depth: 2
  Operators: ⊗Y → ⊗Y⁻¹

Step 2926: step_40
  Value: 2.991320e-09
  NRCI: 0.999997000000
  Net refinements: 0
  Composition depth: 2
  Operators: ⊗Y → ⊗Y⁻¹

Step 2927: step_40
  Value: 2.700964e-09
  NRCI: 0.999997000000
  Net refinements: 0
  Composition depth: 2
  Operators: ⊗Y → ⊗Y⁻¹

Step 2928: step_40
  Value: 2.438030e-09
  NRCI: 0.999997000000
  Net refinements: 0
  Composition depth: 2
  Operators: ⊗Y → ⊗Y⁻¹

Step 2929: step_40
  Value: 2.200005e-09
  NRCI: 0.999997000000
  Net refinements: 0
  Composition depth: 2
  Operators: ⊗Y → ⊗Y⁻¹

Step 2930: step_40
  Value: 1.984598e-09
  NRCI: 0.999997000000
  Net refinements: 0
  Composition depth: 2
  Operators: ⊗Y → ⊗Y⁻¹

Step 2931: step_40
  Value: 1.789722e-09
  NRCI: 0.999997000000
  Net refinements: 0
  Composition depth: 2
  Operators: ⊗Y → ⊗Y⁻¹

Step 2932: step_40
  Value: 1.613478e-09
  NRCI: 0.999997000000
  Net refinements: 0
  Composition depth: 2
  Operators: ⊗Y → ⊗Y⁻¹

Step 2933: step_40
  Value: 1.454135e-09
  NRCI: 0.999997000000
  Net refinements: 0
  Composition depth: 2
  Operators: ⊗Y → ⊗Y⁻¹

Step 2934: step_40
  Value: 1.310119e-09
  NRCI: 0.999997000000
  Net refinements: 0
  Composition depth: 2
  Operators: ⊗Y → ⊗Y⁻¹

Step 2935: step_40
  Value: 1.179997e-09
  NRCI: 0.999997000000
  Net refinements: 0
  Composition depth: 2
  Operators: ⊗Y → ⊗Y⁻¹

Step 2936: step_40
  Value: 1.062467e-09
  NRCI: 0.999997000000
  Net refinements: 0
  Composition depth: 2
  Operators: ⊗Y → ⊗Y⁻¹

Step 2937: step_40
  Value: 9.563445e-10
  NRCI: 0.999997000000
  Net refinements: 0
  Composition depth: 2
  Operators: ⊗Y → ⊗Y⁻¹

Step 2938: step_40
  Value: 8.605528e-10
  NRCI: 0.999997000000
  Net refinements: 0
  Composition depth: 2
  Operators: ⊗Y → ⊗Y⁻¹

Step 2939: step_40
  Value: 7.741140e-10
  NRCI: 0.999997000000
  Net refinements: 0
  Composition depth: 2
  Operators: ⊗Y → ⊗Y⁻¹

Step 2940: step_40
  Value: 6.961401e-10
  NRCI: 0.999997000000
  Net refinements: 0
  Composition depth: 2
  Operators: ⊗Y → ⊗Y⁻¹

Step 2941: step_40
  Value: 6.258247e-10
  NRCI: 0.999997000000
  Net refinements: 0
  Composition depth: 2
  Operators: ⊗Y → ⊗Y⁻¹

Step 2942: step_40
  Value: 5.624358e-10
  NRCI: 0.999997000000
  Net refinements: 0
  Composition depth: 2
  Operators: ⊗Y → ⊗Y⁻¹

Step 2943: step_40
  Value: 5.053096e-10
  NRCI: 0.999997000000
  Net refinements: 0
  Composition depth: 2
  Operators: ⊗Y → ⊗Y⁻¹

Step 2944: step_40
  Value: 4.538438e-10
  NRCI: 0.999997000000
  Net refinements: 0
  Composition depth: 2
  Operators: ⊗Y → ⊗Y⁻¹

Step 2945: step_40
  Value: 4.074925e-10
  NRCI: 0.999997000000
  Net refinements: 0
  Composition depth: 2
  Operators: ⊗Y → ⊗Y⁻¹

Step 2946: step_40
  Value: 3.657607e-10
  NRCI: 0.999997000000
  Net refinements: 0
  Composition depth: 2
  Operators: ⊗Y → ⊗Y⁻¹

Step 2947: step_40
  Value: 3.282001e-10
  NRCI: 0.999997000000
  Net refinements: 0
  Composition depth: 2
  Operators: ⊗Y → ⊗Y⁻¹

Step 2948: step_40
  Value: 2.944047e-10
  NRCI: 0.999997000000
  Net refinements: 0
  Composition depth: 2
  Operators: ⊗Y → ⊗Y⁻¹

Step 2949: step_40
  Value: 2.640068e-10
  NRCI: 0.999997000000
  Net refinements: 0
  Composition depth: 2
  Operators: ⊗Y → ⊗Y⁻¹

Step 2950: step_40
  Value: 2.366735e-10
  NRCI: 0.999997000000
  Net refinements: 0
  Composition depth: 2
  Operators: ⊗Y → ⊗Y⁻¹

Step 2951: step_40
  Value: 2.121039e-10
  NRCI: 0.999997000000
  Net refinements: 0
  Composition depth: 2
  Operators: ⊗Y → ⊗Y⁻¹

Step 2952: step_40
  Value: 1.900254e-10
  NRCI: 0.999997000000
  Net refinements: 0
  Composition depth: 2
  Operators: ⊗Y → ⊗Y⁻¹

Step 2953: step_40
  Value: 1.701920e-10
  NRCI: 0.999997000000
  Net refinements: 0
  Composition depth: 2
  Operators: ⊗Y → ⊗Y⁻¹

Step 2954: step_40
  Value: 1.523811e-10
  NRCI: 0.999997000000
  Net refinements: 0
  Composition depth: 2
  Operators: ⊗Y → ⊗Y⁻¹

Step 2955: step_40
  Value: 1.363914e-10
  NRCI: 0.999997000000
  Net refinements: 0
  Composition depth: 2
  Operators: ⊗Y → ⊗Y⁻¹

Step 2956: step_40
  Value: 1.220414e-10
  NRCI: 0.999997000000
  Net refinements: 0
  Composition depth: 2
  Operators: ⊗Y → ⊗Y⁻¹

Step 2957: step_40
  Value: 1.091671e-10
  NRCI: 0.999997000000
  Net refinements: 0
  Composition depth: 2
  Operators: ⊗Y → ⊗Y⁻¹

Step 2958: step_40
  Value: 9.762046e-11
  NRCI: 0.999997000000
  Net refinements: 0
  Composition depth: 2
  Operators: ⊗Y → ⊗Y⁻¹

Step 2959: step_40
  Value: 8.726781e-11
  NRCI: 0.999997000000
  Net refinements: 0
  Composition depth: 2
  Operators: ⊗Y → ⊗Y⁻¹

Step 2960: step_40
  Value: 7.798867e-11
  NRCI: 0.999997000000
  Net refinements: 0
  Composition depth: 2
  Operators: ⊗Y → ⊗Y⁻¹

Step 2961: step_40
  Value: 6.967441e-11
  NRCI: 0.999997000000
  Net refinements: 0
  Composition depth: 2
  Operators: ⊗Y → ⊗Y⁻¹

Step 2962: step_40
  Value: 6.222707e-11
  NRCI: 0.999997000000
  Net refinements: 0
  Composition depth: 2
  Operators: ⊗Y → ⊗Y⁻¹

Step 2963: step_40
  Value: 5.555840e-11
  NRCI: 0.999997000000
  Net refinements: 0
  Composition depth: 2
  Operators: ⊗Y → ⊗Y⁻¹

Step 2964: step_40
  Value: 4.958889e-11
  NRCI: 0.999997000000
  Net refinements: 0
  Composition depth: 2
  Operators: ⊗Y → ⊗Y⁻¹

Step 2965: step_40
  Value: 4.424694e-11
  NRCI: 0.999997000000
  Net refinements: 0
  Composition depth: 2
  Operators: ⊗Y → ⊗Y⁻¹

Step 2966: step_40
  Value: 3.946812e-11
  NRCI: 0.999997000000
  Net refinements: 0
  Composition depth: 2
  Operators: ⊗Y → ⊗Y⁻¹

Step 2967: step_40
  Value: 3.519443e-11
  NRCI: 0.999997000000
  Net refinements: 0
  Composition depth: 2
  Operators: ⊗Y → ⊗Y⁻¹

Step 2968: step_40
  Value: 3.137370e-11
  NRCI: 0.999997000000
  Net refinements: 0
  Composition depth: 2
  Operators: ⊗Y → ⊗Y⁻¹

Step 2969: step_40
  Value: 2.795901e-11
  NRCI: 0.999997000000
  Net refinements: 0
  Composition depth: 2
  Operators: ⊗Y → ⊗Y⁻¹

Step 2970: step_40
  Value: 2.490819e-11
  NRCI: 0.999997000000
  Net refinements: 0
  Composition depth: 2
  Operators: ⊗Y → ⊗Y⁻¹

Step 2971: step_40
  Value: 2.218334e-11
  NRCI: 0.999997000000
  Net refinements: 0
  Composition depth: 2
  Operators: ⊗Y → ⊗Y⁻¹

Step 2972: step_40
  Value: 1.975040e-11
  NRCI: 0.999997000000
  Net refinements: 0
  Composition depth: 2
  Operators: ⊗Y → ⊗Y⁻¹

Step 2973: step_40
  Value: 1.757879e-11
  NRCI: 0.999997000000
  Net refinements: 0
  Composition depth: 2
  Operators: ⊗Y → ⊗Y⁻¹

Step 2974: step_40
  Value: 1.564107e-11
  NRCI: 0.999997000000
  Net refinements: 0
  Composition depth: 2
  Operators: ⊗Y → ⊗Y⁻¹

Step 2975: step_40
  Value: 1.391260e-11
  NRCI: 0.999997000000
  Net refinements: 0
  Composition depth: 2
  Operators: ⊗Y → ⊗Y⁻¹

Step 2976: step_40
  Value: 1.237127e-11
  NRCI: 0.999997000000
  Net refinements: 0
  Composition depth: 2
  Operators: ⊗Y → ⊗Y⁻¹

Step 2977: step_40
  Value: 1.099727e-11
  NRCI: 0.999997000000
  Net refinements: 0
  Composition depth: 2
  Operators: ⊗Y → ⊗Y⁻¹

Step 2978: step_40
  Value: 9.772811e-12
  NRCI: 0.999997000000
  Net refinements: 0
  Composition depth: 2
  Operators: ⊗Y → ⊗Y⁻¹

Step 2979: step_40
  Value: 8.681974e-12
  NRCI: 0.999997000000
  Net refinements: 0
  Composition depth: 2
  Operators: ⊗Y → ⊗Y⁻¹

Step 2980: step_40
  Value: 7.710485e-12
  NRCI: 0.999997000000
  Net refinements: 0
  Composition depth: 2
  Operators: ⊗Y → ⊗Y⁻¹

Step 2981: step_40
  Value: 6.845564e-12
  NRCI: 0.999997000000
  Net refinements: 0
  Composition depth: 2
  Operators: ⊗Y → ⊗Y⁻¹

Step 2982: step_40
  Value: 6.075766e-12
  NRCI: 0.999997000000
  Net refinements: 0
  Composition depth: 2
  Operators: ⊗Y → ⊗Y⁻¹

Step 2983: step_40
  Value: 5.390849e-12
  NRCI: 0.999997000000
  Net refinements: 0
  Composition depth: 2
  Operators: ⊗Y → ⊗Y⁻¹

Step 2984: step_40
  Value: 4.781648e-12
  NRCI: 0.999997000000
  Net refinements: 0
  Composition depth: 2
  Operators: ⊗Y → ⊗Y⁻¹

Step 2985: step_40
  Value: 4.239965e-12
  NRCI: 0.999997000000
  Net refinements: 0
  Composition depth: 2
  Operators: ⊗Y → ⊗Y⁻¹

Step 2986: step_40
  Value: 3.758471e-12
  NRCI: 0.999997000000
  Net refinements: 0
  Composition depth: 2
  Operators: ⊗Y → ⊗Y⁻¹

Step 2987: step_40
  Value: 3.330616e-12
  NRCI: 0.999997000000
  Net refinements: 0
  Composition depth: 2
  Operators: ⊗Y → ⊗Y⁻¹

Step 2988: step_40
  Value: 2.950544e-12
  NRCI: 0.999997000000
  Net refinements: 0
  Composition depth: 2
  Operators: ⊗Y → ⊗Y⁻¹

Step 2989: step_40
  Value: 2.613027e-12
  NRCI: 0.999997000000
  Net refinements: 0
  Composition depth: 2
  Operators: ⊗Y → ⊗Y⁻¹

Step 2990: step_40
  Value: 2.313396e-12
  NRCI: 0.999997000000
  Net refinements: 0
  Composition depth: 2
  Operators: ⊗Y → ⊗Y⁻¹

Step 2991: step_40
  Value: 2.047484e-12
  NRCI: 0.999997000000
  Net refinements: 0
  Composition depth: 2
  Operators: ⊗Y → ⊗Y⁻¹

Step 2992: step_40
  Value: 1.811570e-12
  NRCI: 0.999997000000
  Net refinements: 0
  Composition depth: 2
  Operators: ⊗Y → ⊗Y⁻¹

Step 2993: step_40
  Value: 1.602338e-12
  NRCI: 0.999997000000
  Net refinements: 0
  Composition depth: 2
  Operators: ⊗Y → ⊗Y⁻¹

Step 2994: step_40
  Value: 1.416829e-12
  NRCI: 0.999997000000
  Net refinements: 0
  Composition depth: 2
  Operators: ⊗Y → ⊗Y⁻¹

Step 2995: step_40
  Value: 1.252406e-12
  NRCI: 0.999997000000
  Net refinements: 0
  Composition depth: 2
  Operators: ⊗Y → ⊗Y⁻¹

Step 2996: step_40
  Value: 1.106718e-12
  NRCI: 0.999997000000
  Net refinements: 0
  Composition depth: 2
  Operators: ⊗Y → ⊗Y⁻¹

Step 2997: step_40
  Value: 9.776717e-13
  NRCI: 0.999997000000
  Net refinements: 0
  Composition depth: 2
  Operators: ⊗Y → ⊗Y⁻¹

Step 2998: step_40
  Value: 8.634028e-13
  NRCI: 0.999997000000
  Net refinements: 0
  Composition depth: 2
  Operators: ⊗Y → ⊗Y⁻¹

Step 2999: step_40
  Value: 7.622513e-13
  NRCI: 0.999997000000
  Net refinements: 0
  Composition depth: 2
  Operators: ⊗Y → ⊗Y⁻¹

Step 3000: step_40
  Value: 6.727399e-13
  NRCI: 0.999997000000
  Net refinements: 0
  Composition depth: 2
  Operators: ⊗Y → ⊗Y⁻¹

Step 3001: step_40
  Value: 5.935544e-13
  NRCI: 0.999997000000
  Net refinements: 0
  Composition depth: 2
  Operators: ⊗Y → ⊗Y⁻¹

Step 3002: step_40
  Value: 5.235258e-13
  NRCI: 0.999997000000
  Net refinements: 0
  Composition depth: 2
  Operators: ⊗Y → ⊗Y⁻¹

Step 3003: step_40
  Value: 4.616151e-13
  NRCI: 0.999997000000
  Net refinements: 0
  Composition depth: 2
  Operators: ⊗Y → ⊗Y⁻¹

Step 3004: step_40
  Value: 4.068986e-13
  NRCI: 0.999997000000
  Net refinements: 0
  Composition depth: 2
  Operators: ⊗Y → ⊗Y⁻¹

Step 3005: step_40
  Value: 3.585557e-13
  NRCI: 0.999997000000
  Net refinements: 0
  Composition depth: 2
  Operators: ⊗Y → ⊗Y⁻¹

Step 3006: step_40
  Value: 3.158576e-13
  NRCI: 0.999997000000
  Net refinements: 0
  Composition depth: 2
  Operators: ⊗Y → ⊗Y⁻¹

Step 3007: step_40
  Value: 2.781573e-13
  NRCI: 0.999997000000
  Net refinements: 0
  Composition depth: 2
  Operators: ⊗Y → ⊗Y⁻¹

Step 3008: step_40
  Value: 2.448802e-13
  NRCI: 0.999997000000
  Net refinements: 0
  Composition depth: 2
  Operators: ⊗Y → ⊗Y⁻¹

Step 3009: step_40
  Value: 2.155169e-13
  NRCI: 0.999997000000
  Net refinements: 0
  Composition depth: 2
  Operators: ⊗Y → ⊗Y⁻¹

Step 3010: step_40
  Value: 1.896152e-13
  NRCI: 0.999997000000
  Net refinements: 0
  Composition depth: 2
  Operators: ⊗Y → ⊗Y⁻¹

Step 3011: step_40
  Value: 1.667744e-13
  NRCI: 0.999997000000
  Net refinements: 0
  Composition depth: 2
  Operators: ⊗Y → ⊗Y⁻¹

Step 3012: step_40
  Value: 1.466391e-13
  NRCI: 0.999997000000
  Net refinements: 0
  Composition depth: 2
  Operators: ⊗Y → ⊗Y⁻¹

Step 3013: step_40
  Value: 1.288946e-13
  NRCI: 0.999997000000
  Net refinements: 0
  Composition depth: 2
  Operators: ⊗Y → ⊗Y⁻¹

Step 3014: step_40
  Value: 1.132619e-13
  NRCI: 0.999997000000
  Net refinements: 0
  Composition depth: 2
  Operators: ⊗Y → ⊗Y⁻¹

Step 3015: step_40
  Value: 9.949404e-14
  NRCI: 0.999997000000
  Net refinements: 0
  Composition depth: 2
  Operators: ⊗Y → ⊗Y⁻¹

Step 3016: step_40
  Value: 8.737249e-14
  NRCI: 0.999997000000
  Net refinements: 0
  Composition depth: 2
  Operators: ⊗Y → ⊗Y⁻¹

Step 3017: step_40
  Value: 7.670375e-14
  NRCI: 0.999997000000
  Net refinements: 0
  Composition depth: 2
  Operators: ⊗Y → ⊗Y⁻¹

Step 3018: step_40
  Value: 6.731670e-14
  NRCI: 0.999997000000
  Net refinements: 0
  Composition depth: 2
  Operators: ⊗Y → ⊗Y⁻¹

Step 3019: step_40
  Value: 5.905998e-14
  NRCI: 0.999997000000
  Net refinements: 0
  Composition depth: 2
  Operators: ⊗Y → ⊗Y⁻¹

Step 3020: step_40
  Value: 5.179980e-14
  NRCI: 0.999997000000
  Net refinements: 0
  Composition depth: 2
  Operators: ⊗Y → ⊗Y⁻¹

Step 3021: step_40
  Value: 4.541791e-14
  NRCI: 0.999997000000
  Net refinements: 0
  Composition depth: 2
  Operators: ⊗Y → ⊗Y⁻¹

Step 3022: step_40
  Value: 3.980985e-14
  NRCI: 0.999997000000
  Net refinements: 0
  Composition depth: 2
  Operators: ⊗Y → ⊗Y⁻¹

Step 3023: step_40
  Value: 3.488335e-14
  NRCI: 0.999997000000
  Net refinements: 0
  Composition depth: 2
  Operators: ⊗Y → ⊗Y⁻¹

Step 3024: step_40
  Value: 3.055696e-14
  NRCI: 0.999997000000
  Net refinements: 0
  Composition depth: 2
  Operators: ⊗Y → ⊗Y⁻¹

Step 3025: step_40
  Value: 2.675878e-14
  NRCI: 0.999997000000
  Net refinements: 0
  Composition depth: 2
  Operators: ⊗Y → ⊗Y⁻¹

Step 3026: step_40
  Value: 2.342539e-14
  NRCI: 0.999997000000
  Net refinements: 0
  Composition depth: 2
  Operators: ⊗Y → ⊗Y⁻¹

Step 3027: step_40
  Value: 2.050084e-14
  NRCI: 0.999997000000
  Net refinements: 0
  Composition depth: 2
  Operators: ⊗Y → ⊗Y⁻¹

Step 3028: step_40
  Value: 1.793580e-14
  NRCI: 0.999997000000
  Net refinements: 0
  Composition depth: 2
  Operators: ⊗Y → ⊗Y⁻¹

Step 3029: step_40
  Value: 1.568679e-14
  NRCI: 0.999997000000
  Net refinements: 0
  Composition depth: 2
  Operators: ⊗Y → ⊗Y⁻¹

Step 3030: step_40
  Value: 1.371551e-14
  NRCI: 0.999997000000
  Net refinements: 0
  Composition depth: 2
  Operators: ⊗Y → ⊗Y⁻¹

Step 3031: step_40
  Value: 1.198819e-14
  NRCI: 0.999997000000
  Net refinements: 0
  Composition depth: 2
  Operators: ⊗Y → ⊗Y⁻¹

Step 3032: step_40
  Value: 1.047514e-14
  NRCI: 0.999997000000
  Net refinements: 0
  Composition depth: 2
  Operators: ⊗Y → ⊗Y⁻¹

Step 3033: step_40
  Value: 9.150200e-15
  NRCI: 0.999997000000
  Net refinements: 0
  Composition depth: 2
  Operators: ⊗Y → ⊗Y⁻¹

Step 3034: step_40
  Value: 7.990343e-15
  NRCI: 0.999997000000
  Net refinements: 0
  Composition depth: 2
  Operators: ⊗Y → ⊗Y⁻¹

Step 3035: step_40
  Value: 6.975326e-15
  NRCI: 0.999997000000
  Net refinements: 0
  Composition depth: 2
  Operators: ⊗Y → ⊗Y⁻¹

Step 3036: step_40
  Value: 6.087345e-15
  NRCI: 0.999997000000
  Net refinements: 0
  Composition depth: 2
  Operators: ⊗Y → ⊗Y⁻¹

Step 3037: step_40
  Value: 5.310747e-15
  NRCI: 0.999997000000
  Net refinements: 0
  Composition depth: 2
  Operators: ⊗Y → ⊗Y⁻¹

Step 3038: step_40
  Value: 4.631776e-15
  NRCI: 0.999997000000
  Net refinements: 0
  Composition depth: 2
  Operators: ⊗Y → ⊗Y⁻¹

Step 3039: step_40
  Value: 4.038349e-15
  NRCI: 0.999997000000
  Net refinements: 0
  Composition depth: 2
  Operators: ⊗Y → ⊗Y⁻¹

Step 3040: step_40
  Value: 3.519852e-15
  NRCI: 0.999997000000
  Net refinements: 0
  Composition depth: 2
  Operators: ⊗Y → ⊗Y⁻¹

Step 3041: step_40
  Value: 3.066968e-15
  NRCI: 0.999997000000
  Net refinements: 0
  Composition depth: 2
  Operators: ⊗Y → ⊗Y⁻¹

Step 3042: step_40
  Value: 2.671520e-15
  NRCI: 0.999997000000
  Net refinements: 0
  Composition depth: 2
  Operators: ⊗Y → ⊗Y⁻¹

Step 3043: step_40
  Value: 2.326333e-15
  NRCI: 0.999997000000
  Net refinements: 0
  Composition depth: 2
  Operators: ⊗Y → ⊗Y⁻¹

Step 3044: step_40
  Value: 2.025114e-15
  NRCI: 0.999997000000
  Net refinements: 0
  Composition depth: 2
  Operators: ⊗Y → ⊗Y⁻¹

Step 3045: step_40
  Value: 1.762347e-15
  NRCI: 0.999997000000
  Net refinements: 0
  Composition depth: 2
  Operators: ⊗Y → ⊗Y⁻¹

Step 3046: step_40
  Value: 1.533196e-15
  NRCI: 0.999997000000
  Net refinements: 0
  Composition depth: 2
  Operators: ⊗Y → ⊗Y⁻¹

Step 3047: step_40
  Value: 1.333424e-15
  NRCI: 0.999997000000
  Net refinements: 0
  Composition depth: 2
  Operators: ⊗Y → ⊗Y⁻¹

Step 3048: step_40
  Value: 1.159320e-15
  NRCI: 0.999997000000
  Net refinements: 0
  Composition depth: 2
  Operators: ⊗Y → ⊗Y⁻¹

Step 3049: step_40
  Value: 1.007633e-15
  NRCI: 0.999997000000
  Net refinements: 0
  Composition depth: 2
  Operators: ⊗Y → ⊗Y⁻¹

Step 3050: step_40
  Value: 8.755196e-16
  NRCI: 0.999997000000
  Net refinements: 0
  Composition depth: 2
  Operators: ⊗Y → ⊗Y⁻¹

Step 3051: step_40
  Value: 7.604902e-16
  NRCI: 0.999997000000
  Net refinements: 0
  Composition depth: 2
  Operators: ⊗Y → ⊗Y⁻¹

Step 3052: step_40
  Value: 6.603674e-16
  NRCI: 0.999997000000
  Net refinements: 0
  Composition depth: 2
  Operators: ⊗Y → ⊗Y⁻¹

Step 3053: step_40
  Value: 5.732472e-16
  NRCI: 0.999997000000
  Net refinements: 0
  Composition depth: 2
  Operators: ⊗Y → ⊗Y⁻¹

Step 3054: step_40
  Value: 4.974650e-16
  NRCI: 0.999997000000
  Net refinements: 0
  Composition depth: 2
  Operators: ⊗Y → ⊗Y⁻¹

Step 3055: step_40
  Value: 4.315662e-16
  NRCI: 0.999997000000
  Net refinements: 0
  Composition depth: 2
  Operators: ⊗Y → ⊗Y⁻¹

Step 3056: step_40
  Value: 3.742800e-16
  NRCI: 0.999997000000
  Net refinements: 0
  Composition depth: 2
  Operators: ⊗Y → ⊗Y⁻¹

Step 3057: step_40
  Value: 3.244965e-16
  NRCI: 0.999997000000
  Net refinements: 0
  Composition depth: 2
  Operators: ⊗Y → ⊗Y⁻¹

Step 3058: step_40
  Value: 2.812469e-16
  NRCI: 0.999997000000
  Net refinements: 0
  Composition depth: 2
  Operators: ⊗Y → ⊗Y⁻¹

Step 3059: step_40
  Value: 2.436856e-16
  NRCI: 0.999997000000
  Net refinements: 0
  Composition depth: 2
  Operators: ⊗Y → ⊗Y⁻¹

Step 3060: step_40
  Value: 2.110747e-16
  NRCI: 0.999997000000
  Net refinements: 0
  Composition depth: 2
  Operators: ⊗Y → ⊗Y⁻¹

Step 3061: step_40
  Value: 1.827708e-16
  NRCI: 0.999997000000
  Net refinements: 0
  Composition depth: 2
  Operators: ⊗Y → ⊗Y⁻¹

Step 3062: step_40
  Value: 1.582128e-16
  NRCI: 0.999997000000
  Net refinements: 0
  Composition depth: 2
  Operators: ⊗Y → ⊗Y⁻¹

Step 3063: step_40
  Value: 1.369118e-16
  NRCI: 0.999997000000
  Net refinements: 0
  Composition depth: 2
  Operators: ⊗Y → ⊗Y⁻¹

Step 3064: step_40
  Value: 1.184416e-16
  NRCI: 0.999997000000
  Net refinements: 0
  Composition depth: 2
  Operators: ⊗Y → ⊗Y⁻¹

Step 3065: step_40
  Value: 1.024312e-16
  NRCI: 0.999997000000
  Net refinements: 0
  Composition depth: 2
  Operators: ⊗Y → ⊗Y⁻¹

Step 3066: step_40
  Value: 8.855728e-17
  NRCI: 0.999997000000
  Net refinements: 0
  Composition depth: 2
  Operators: ⊗Y → ⊗Y⁻¹

Step 3067: step_40
  Value: 7.653862e-17
  NRCI: 0.999997000000
  Net refinements: 0
  Composition depth: 2
  Operators: ⊗Y → ⊗Y⁻¹

Step 3068: step_40
  Value: 6.613041e-17
  NRCI: 0.999997000000
  Net refinements: 0
  Composition depth: 2
  Operators: ⊗Y → ⊗Y⁻¹

Step 3069: step_40
  Value: 5.711973e-17
  NRCI: 0.999997000000
  Net refinements: 0
  Composition depth: 2
  Operators: ⊗Y → ⊗Y⁻¹

Step 3070: step_40
  Value: 4.932140e-17
  NRCI: 0.999997000000
  Net refinements: 0
  Composition depth: 2
  Operators: ⊗Y → ⊗Y⁻¹

Step 3071: step_40
  Value: 4.257444e-17
  NRCI: 0.999997000000
  Net refinements: 0
  Composition depth: 2
  Operators: ⊗Y → ⊗Y⁻¹

Step 3072: step_40
  Value: 3.673895e-17
  NRCI: 0.999997000000
  Net refinements: 0
  Composition depth: 2
  Operators: ⊗Y → ⊗Y⁻¹

Step 3073: step_40
  Value: 3.169340e-17
  NRCI: 0.999997000000
  Net refinements: 0
  Composition depth: 2
  Operators: ⊗Y → ⊗Y⁻¹

Step 3074: step_40
  Value: 2.733224e-17
  NRCI: 0.999997000000
  Net refinements: 0
  Composition depth: 2
  Operators: ⊗Y → ⊗Y⁻¹

Step 3075: step_40
  Value: 2.356383e-17
  NRCI: 0.999997000000
  Net refinements: 0
  Composition depth: 2
  Operators: ⊗Y → ⊗Y⁻¹

Step 3076: step_40
  Value: 2.030864e-17
  NRCI: 0.999997000000
  Net refinements: 0
  Composition depth: 2
  Operators: ⊗Y → ⊗Y⁻¹

Step 3077: step_40
  Value: 1.749766e-17
  NRCI: 0.999997000000
  Net refinements: 0
  Composition depth: 2
  Operators: ⊗Y → ⊗Y⁻¹

Step 3078: step_40
  Value: 1.507105e-17
  NRCI: 0.999997000000
  Net refinements: 0
  Composition depth: 2
  Operators: ⊗Y → ⊗Y⁻¹

Step 3079: step_40
  Value: 1.297691e-17
  NRCI: 0.999997000000
  Net refinements: 0
  Composition depth: 2
  Operators: ⊗Y → ⊗Y⁻¹

Step 3080: step_40
  Value: 1.117027e-17
  NRCI: 0.999997000000
  Net refinements: 0
  Composition depth: 2
  Operators: ⊗Y → ⊗Y⁻¹

Step 3081: step_40
  Value: 9.612136e-18
  NRCI: 0.999997000000
  Net refinements: 0
  Composition depth: 2
  Operators: ⊗Y → ⊗Y⁻¹

Step 3082: step_40
  Value: 8.268764e-18
  NRCI: 0.999997000000
  Net refinements: 0
  Composition depth: 2
  Operators: ⊗Y → ⊗Y⁻¹

Step 3083: step_40
  Value: 7.110916e-18
  NRCI: 0.999997000000
  Net refinements: 0
  Composition depth: 2
  Operators: ⊗Y → ⊗Y⁻¹

Step 3084: step_40
  Value: 6.113287e-18
  NRCI: 0.999997000000
  Net refinements: 0
  Composition depth: 2
  Operators: ⊗Y → ⊗Y⁻¹

Step 3085: step_40
  Value: 5.253979e-18
  NRCI: 0.999997000000
  Net refinements: 0
  Composition depth: 2
  Operators: ⊗Y → ⊗Y⁻¹

Step 3086: step_40
  Value: 4.514048e-18
  NRCI: 0.999997000000
  Net refinements: 0
  Composition depth: 2
  Operators: ⊗Y → ⊗Y⁻¹

Step 3087: step_40
  Value: 3.877112e-18
  NRCI: 0.999997000000
  Net refinements: 0
  Composition depth: 2
  Operators: ⊗Y → ⊗Y⁻¹

Step 3088: step_40
  Value: 3.329007e-18
  NRCI: 0.999997000000
  Net refinements: 0
  Composition depth: 2
  Operators: ⊗Y → ⊗Y⁻¹

Step 3089: step_40
  Value: 2.857495e-18
  NRCI: 0.999997000000
  Net refinements: 0
  Composition depth: 2
  Operators: ⊗Y → ⊗Y⁻¹

Step 3090: step_40
  Value: 2.452000e-18
  NRCI: 0.999997000000
  Net refinements: 0
  Composition depth: 2
  Operators: ⊗Y → ⊗Y⁻¹

Step 3091: step_40
  Value: 2.103390e-18
  NRCI: 0.999997000000
  Net refinements: 0
  Composition depth: 2
  Operators: ⊗Y → ⊗Y⁻¹

Step 3092: step_40
  Value: 1.803779e-18
  NRCI: 0.999997000000
  Net refinements: 0
  Composition depth: 2
  Operators: ⊗Y → ⊗Y⁻¹

Step 3093: step_40
  Value: 1.546362e-18
  NRCI: 0.999997000000
  Net refinements: 0
  Composition depth: 2
  Operators: ⊗Y → ⊗Y⁻¹

Step 3094: step_40
  Value: 1.325267e-18
  NRCI: 0.999997000000
  Net refinements: 0
  Composition depth: 2
  Operators: ⊗Y → ⊗Y⁻¹

Step 3095: step_40
  Value: 1.135429e-18
  NRCI: 0.999997000000
  Net refinements: 0
  Composition depth: 2
  Operators: ⊗Y → ⊗Y⁻¹

Step 3096: step_40
  Value: 9.724797e-19
  NRCI: 0.999997000000
  Net refinements: 0
  Composition depth: 2
  Operators: ⊗Y → ⊗Y⁻¹

Step 3097: step_40
  Value: 8.326559e-19
  NRCI: 0.999997000000
  Net refinements: 0
  Composition depth: 2
  Operators: ⊗Y → ⊗Y⁻¹

Step 3098: step_40
  Value: 7.127133e-19
  NRCI: 0.999997000000
  Net refinements: 0
  Composition depth: 2
  Operators: ⊗Y → ⊗Y⁻¹

Step 3099: step_40
  Value: 6.098576e-19
  NRCI: 0.999997000000
  Net refinements: 0
  Composition depth: 2
  Operators: ⊗Y → ⊗Y⁻¹

Step 3100: step_40
  Value: 5.216826e-19
  NRCI: 0.999997000000
  Net refinements: 0
  Composition depth: 2
  Operators: ⊗Y → ⊗Y⁻¹

Step 3101: step_40
  Value: 4.461168e-19
  NRCI: 0.999997000000
  Net refinements: 0
  Composition depth: 2
  Operators: ⊗Y → ⊗Y⁻¹

Step 3102: step_40
  Value: 3.813774e-19
  NRCI: 0.999997000000
  Net refinements: 0
  Composition depth: 2
  Operators: ⊗Y → ⊗Y⁻¹

Step 3103: step_40
  Value: 3.259311e-19
  NRCI: 0.999997000000
  Net refinements: 0
  Composition depth: 2
  Operators: ⊗Y → ⊗Y⁻¹

Step 3104: step_40
  Value: 2.784587e-19
  NRCI: 0.999997000000
  Net refinements: 0
  Composition depth: 2
  Operators: ⊗Y → ⊗Y⁻¹

Step 3105: step_40
  Value: 2.378264e-19
  NRCI: 0.999997000000
  Net refinements: 0
  Composition depth: 2
  Operators: ⊗Y → ⊗Y⁻¹

Step 3106: step_40
  Value: 2.030597e-19
  NRCI: 0.999997000000
  Net refinements: 0
  Composition depth: 2
  Operators: ⊗Y → ⊗Y⁻¹

Step 3107: step_40
  Value: 1.733212e-19
  NRCI: 0.999997000000
  Net refinements: 0
  Composition depth: 2
  Operators: ⊗Y → ⊗Y⁻¹

Step 3108: step_40
  Value: 1.478917e-19
  NRCI: 0.999997000000
  Net refinements: 0
  Composition depth: 2
  Operators: ⊗Y → ⊗Y⁻¹

Step 3109: step_40
  Value: 1.261538e-19
  NRCI: 0.999997000000
  Net refinements: 0
  Composition depth: 2
  Operators: ⊗Y → ⊗Y⁻¹

Step 3110: step_40
  Value: 1.075774e-19
  NRCI: 0.999997000000
  Net refinements: 0
  Composition depth: 2
  Operators: ⊗Y → ⊗Y⁻¹

Step 3111: step_40
  Value: 9.170779e-20
  NRCI: 0.999997000000
  Net refinements: 0
  Composition depth: 2
  Operators: ⊗Y → ⊗Y⁻¹

Step 3112: step_40
  Value: 7.815478e-20
  NRCI: 0.999997000000
  Net refinements: 0
  Composition depth: 2
  Operators: ⊗Y → ⊗Y⁻¹

Step 3113: step_40
  Value: 6.658390e-20
  NRCI: 0.999997000000
  Net refinements: 0
  Composition depth: 2
  Operators: ⊗Y → ⊗Y⁻¹

Step 3114: step_40
  Value: 5.670837e-20
  NRCI: 0.999997000000
  Net refinements: 0
  Composition depth: 2
  Operators: ⊗Y → ⊗Y⁻¹

Step 3115: step_40
  Value: 4.828246e-20
  NRCI: 0.999997000000
  Net refinements: 0
  Composition depth: 2
  Operators: ⊗Y → ⊗Y⁻¹

Step 3116: step_40
  Value: 4.109565e-20
  NRCI: 0.999997000000
  Net refinements: 0
  Composition depth: 2
  Operators: ⊗Y → ⊗Y⁻¹

Step 3117: step_40
  Value: 3.496767e-20
  NRCI: 0.999997000000
  Net refinements: 0
  Composition depth: 2
  Operators: ⊗Y → ⊗Y⁻¹

Step 3118: step_40
  Value: 2.974417e-20
  NRCI: 0.999997000000
  Net refinements: 0
  Composition depth: 2
  Operators: ⊗Y → ⊗Y⁻¹

Step 3119: step_40
  Value: 2.529305e-20
  NRCI: 0.999997000000
  Net refinements: 0
  Composition depth: 2
  Operators: ⊗Y → ⊗Y⁻¹

Step 3120: step_40
  Value: 2.150131e-20
  NRCI: 0.999997000000
  Net refinements: 0
  Composition depth: 2
  Operators: ⊗Y → ⊗Y⁻¹

Step 3121: step_40
  Value: 1.827228e-20
  NRCI: 0.999997000000
  Net refinements: 0
  Composition depth: 2
  Operators: ⊗Y → ⊗Y⁻¹

Step 3122: step_40
  Value: 1.552334e-20
  NRCI: 0.999997000000
  Net refinements: 0
  Composition depth: 2
  Operators: ⊗Y → ⊗Y⁻¹

Step 3123: step_40
  Value: 1.318383e-20
  NRCI: 0.999997000000
  Net refinements: 0
  Composition depth: 2
  Operators: ⊗Y → ⊗Y⁻¹

Step 3124: step_40
  Value: 1.119341e-20
  NRCI: 0.999997000000
  Net refinements: 0
  Composition depth: 2
  Operators: ⊗Y → ⊗Y⁻¹

Step 3125: step_40
  Value: 9.500524e-21
  NRCI: 0.999997000000
  Net refinements: 0
  Composition depth: 2
  Operators: ⊗Y → ⊗Y⁻¹

Step 3126: step_40
  Value: 8.061149e-21
  NRCI: 0.999997000000
  Net refinements: 0
  Composition depth: 2
  Operators: ⊗Y → ⊗Y⁻¹

Step 3127: step_40
  Value: 6.837709e-21
  NRCI: 0.999997000000
  Net refinements: 0
  Composition depth: 2
  Operators: ⊗Y → ⊗Y⁻¹

Step 3128: step_40
  Value: 5.798139e-21
  NRCI: 0.999997000000
  Net refinements: 0
  Composition depth: 2
  Operators: ⊗Y → ⊗Y⁻¹

Step 3129: step_40
  Value: 4.915084e-21
  NRCI: 0.999997000000
  Net refinements: 0
  Composition depth: 2
  Operators: ⊗Y → ⊗Y⁻¹

Step 3130: step_40
  Value: 4.165215e-21
  NRCI: 0.999997000000
  Net refinements: 0
  Composition depth: 2
  Operators: ⊗Y → ⊗Y⁻¹

Step 3131: step_40
  Value: 3.528648e-21
  NRCI: 0.999997000000
  Net refinements: 0
  Composition depth: 2
  Operators: ⊗Y → ⊗Y⁻¹

Step 3132: step_40
  Value: 2.988433e-21
  NRCI: 0.999997000000
  Net refinements: 0
  Composition depth: 2
  Operators: ⊗Y → ⊗Y⁻¹

Step 3133: step_40
  Value: 2.530130e-21
  NRCI: 0.999997000000
  Net refinements: 0
  Composition depth: 2
  Operators: ⊗Y → ⊗Y⁻¹

Step 3134: step_40
  Value: 2.141443e-21
  NRCI: 0.999997000000
  Net refinements: 0
  Composition depth: 2
  Operators: ⊗Y → ⊗Y⁻¹

Step 3135: step_40
  Value: 1.811902e-21
  NRCI: 0.999997000000
  Net refinements: 0
  Composition depth: 2
  Operators: ⊗Y → ⊗Y⁻¹

Step 3136: step_40
  Value: 1.532593e-21
  NRCI: 0.999997000000
  Net refinements: 0
  Composition depth: 2
  Operators: ⊗Y → ⊗Y⁻¹

Step 3137: step_40
  Value: 1.295936e-21
  NRCI: 0.999997000000
  Net refinements: 0
  Composition depth: 2
  Operators: ⊗Y → ⊗Y⁻¹

Step 3138: step_40
  Value: 1.095480e-21
  NRCI: 0.999997000000
  Net refinements: 0
  Composition depth: 2
  Operators: ⊗Y → ⊗Y⁻¹

Step 3139: step_40
  Value: 9.257411e-22
  NRCI: 0.999997000000
  Net refinements: 0
  Composition depth: 2
  Operators: ⊗Y → ⊗Y⁻¹

Step 3140: step_40
  Value: 7.820581e-22
  NRCI: 0.999997000000
  Net refinements: 0
  Composition depth: 2
  Operators: ⊗Y → ⊗Y⁻¹

Step 3141: step_40
  Value: 6.604695e-22
  NRCI: 0.999997000000
  Net refinements: 0
  Composition depth: 2
  Operators: ⊗Y → ⊗Y⁻¹

Step 3142: step_40
  Value: 5.576103e-22
  NRCI: 0.999997000000
  Net refinements: 0
  Composition depth: 2
  Operators: ⊗Y → ⊗Y⁻¹

Step 3143: step_40
  Value: 4.706230e-22
  NRCI: 0.999997000000
  Net refinements: 0
  Composition depth: 2
  Operators: ⊗Y → ⊗Y⁻¹

Step 3144: step_40
  Value: 3.970816e-22
  NRCI: 0.999997000000
  Net refinements: 0
  Composition depth: 2
  Operators: ⊗Y → ⊗Y⁻¹

Step 3145: step_40
  Value: 3.349274e-22
  NRCI: 0.999997000000
  Net refinements: 0
  Composition depth: 2
  Operators: ⊗Y → ⊗Y⁻¹

Step 3146: step_40
  Value: 2.824137e-22
  NRCI: 0.999997000000
  Net refinements: 0
  Composition depth: 2
  Operators: ⊗Y → ⊗Y⁻¹

Step 3147: step_40
  Value: 2.380594e-22
  NRCI: 0.999997000000
  Net refinements: 0
  Composition depth: 2
  Operators: ⊗Y → ⊗Y⁻¹

Step 3148: step_40
  Value: 2.006084e-22
  NRCI: 0.999997000000
  Net refinements: 0
  Composition depth: 2
  Operators: ⊗Y → ⊗Y⁻¹

Step 3149: step_40
  Value: 1.689963e-22
  NRCI: 0.999997000000
  Net refinements: 0
  Composition depth: 2
  Operators: ⊗Y → ⊗Y⁻¹

Step 3150: step_40
  Value: 1.423212e-22
  NRCI: 0.999997000000
  Net refinements: 0
  Composition depth: 2
  Operators: ⊗Y → ⊗Y⁻¹

Step 3151: step_40
  Value: 1.198191e-22
  NRCI: 0.999997000000
  Net refinements: 0
  Composition depth: 2
  Operators: ⊗Y → ⊗Y⁻¹

Step 3152: step_40
  Value: 1.008433e-22
  NRCI: 0.999997000000
  Net refinements: 0
  Composition depth: 2
  Operators: ⊗Y → ⊗Y⁻¹

Step 3153: step_40
  Value: 8.484618e-23
  NRCI: 0.999997000000
  Net refinements: 0
  Composition depth: 2
  Operators: ⊗Y → ⊗Y⁻¹

Step 3154: step_40
  Value: 7.136443e-23
  NRCI: 0.999997000000
  Net refinements: 0
  Composition depth: 2
  Operators: ⊗Y → ⊗Y⁻¹

Step 3155: step_40
  Value: 6.000613e-23
  NRCI: 0.999997000000
  Net refinements: 0
  Composition depth: 2
  Operators: ⊗Y → ⊗Y⁻¹

Step 3156: step_40
  Value: 5.043984e-23
  NRCI: 0.999997000000
  Net refinements: 0
  Composition depth: 2
  Operators: ⊗Y → ⊗Y⁻¹

Step 3157: step_40
  Value: 4.238538e-23
  NRCI: 0.999997000000
  Net refinements: 0
  Composition depth: 2
  Operators: ⊗Y → ⊗Y⁻¹

Step 3158: step_40
  Value: 3.560596e-23
  NRCI: 0.999997000000
  Net refinements: 0
  Composition depth: 2
  Operators: ⊗Y → ⊗Y⁻¹

Step 3159: step_40
  Value: 2.990155e-23
  NRCI: 0.999997000000
  Net refinements: 0
  Composition depth: 2
  Operators: ⊗Y → ⊗Y⁻¹

Step 3160: step_40
  Value: 2.510319e-23
  NRCI: 0.999997000000
  Net refinements: 0
  Composition depth: 2
  Operators: ⊗Y → ⊗Y⁻¹

Step 3161: step_40
  Value: 2.106825e-23
  NRCI: 0.999997000000
  Net refinements: 0
  Composition depth: 2
  Operators: ⊗Y → ⊗Y⁻¹

Step 3162: step_40
  Value: 1.767634e-23
  NRCI: 0.999997000000
  Net refinements: 0
  Composition depth: 2
  Operators: ⊗Y → ⊗Y⁻¹

Step 3163: step_40
  Value: 1.482588e-23
  NRCI: 0.999997000000
  Net refinements: 0
  Composition depth: 2
  Operators: ⊗Y → ⊗Y⁻¹

Step 3164: step_40
  Value: 1.243119e-23
  NRCI: 0.999997000000
  Net refinements: 0
  Composition depth: 2
  Operators: ⊗Y → ⊗Y⁻¹

Step 3165: step_40
  Value: 1.042004e-23
  NRCI: 0.999997000000
  Net refinements: 0
  Composition depth: 2
  Operators: ⊗Y → ⊗Y⁻¹

Step 3166: step_40
  Value: 8.731532e-24
  NRCI: 0.999997000000
  Net refinements: 0
  Composition depth: 2
  Operators: ⊗Y → ⊗Y⁻¹

Step 3167: step_40
  Value: 7.314350e-24
  NRCI: 0.999997000000
  Net refinements: 0
  Composition depth: 2
  Operators: ⊗Y → ⊗Y⁻¹

Step 3168: step_40
  Value: 6.125271e-24
  NRCI: 0.999997000000
  Net refinements: 0
  Composition depth: 2
  Operators: ⊗Y → ⊗Y⁻¹

Step 3169: step_40
  Value: 5.127895e-24
  NRCI: 0.999997000000
  Net refinements: 0
  Composition depth: 2
  Operators: ⊗Y → ⊗Y⁻¹

Step 3170: step_40
  Value: 4.291581e-24
  NRCI: 0.999997000000
  Net refinements: 0
  Composition depth: 2
  Operators: ⊗Y → ⊗Y⁻¹

Step 3171: step_40
  Value: 3.590540e-24
  NRCI: 0.999997000000
  Net refinements: 0
  Composition depth: 2
  Operators: ⊗Y → ⊗Y⁻¹

Step 3172: step_40
  Value: 3.003077e-24
  NRCI: 0.999997000000
  Net refinements: 0
  Composition depth: 2
  Operators: ⊗Y → ⊗Y⁻¹

Step 3173: step_40
  Value: 2.510946e-24
  NRCI: 0.999997000000
  Net refinements: 0
  Composition depth: 2
  Operators: ⊗Y → ⊗Y⁻¹

Step 3174: step_40
  Value: 2.098808e-24
  NRCI: 0.999997000000
  Net refinements: 0
  Composition depth: 2
  Operators: ⊗Y → ⊗Y⁻¹

Step 3175: step_40
  Value: 1.753769e-24
  NRCI: 0.999997000000
  Net refinements: 0
  Composition depth: 2
  Operators: ⊗Y → ⊗Y⁻¹

Step 3176: step_40
  Value: 1.464995e-24
  NRCI: 0.999997000000
  Net refinements: 0
  Composition depth: 2
  Operators: ⊗Y → ⊗Y⁻¹

Step 3177: step_40
  Value: 1.223388e-24
  NRCI: 0.999997000000
  Net refinements: 0
  Composition depth: 2
  Operators: ⊗Y → ⊗Y⁻¹

Step 3178: step_40
  Value: 1.021308e-24
  NRCI: 0.999997000000
  Net refinements: 0
  Composition depth: 2
  Operators: ⊗Y → ⊗Y⁻¹

Step 3179: step_40
  Value: 8.523414e-25
  NRCI: 0.999997000000
  Net refinements: 0
  Composition depth: 2
  Operators: ⊗Y → ⊗Y⁻¹

Step 3180: step_40
  Value: 7.111065e-25
  NRCI: 0.999997000000
  Net refinements: 0
  Composition depth: 2
  Operators: ⊗Y → ⊗Y⁻¹

Step 3181: step_40
  Value: 5.930891e-25
  NRCI: 0.999997000000
  Net refinements: 0
  Composition depth: 2
  Operators: ⊗Y → ⊗Y⁻¹

Step 3182: step_40
  Value: 4.945037e-25
  NRCI: 0.999997000000
  Net refinements: 0
  Composition depth: 2
  Operators: ⊗Y → ⊗Y⁻¹

Step 3183: step_40
  Value: 4.121767e-25
  NRCI: 0.999997000000
  Net refinements: 0
  Composition depth: 2
  Operators: ⊗Y → ⊗Y⁻¹

Step 3184: step_40
  Value: 3.434485e-25
  NRCI: 0.999997000000
  Net refinements: 0
  Composition depth: 2
  Operators: ⊗Y → ⊗Y⁻¹

Step 3185: step_40
  Value: 2.860910e-25
  NRCI: 0.999997000000
  Net refinements: 0
  Composition depth: 2
  Operators: ⊗Y → ⊗Y⁻¹

Step 3186: step_40
  Value: 2.382379e-25
  NRCI: 0.999997000000
  Net refinements: 0
  Composition depth: 2
  Operators: ⊗Y → ⊗Y⁻¹

Step 3187: step_40
  Value: 1.983269e-25
  NRCI: 0.999997000000
  Net refinements: 0
  Composition depth: 2
  Operators: ⊗Y → ⊗Y⁻¹

Step 3188: step_40
  Value: 1.650500e-25
  NRCI: 0.999997000000
  Net refinements: 0
  Composition depth: 2
  Operators: ⊗Y → ⊗Y⁻¹

Step 3189: step_40
  Value: 1.373120e-25
  NRCI: 0.999997000000
  Net refinements: 0
  Composition depth: 2
  Operators: ⊗Y → ⊗Y⁻¹

Step 3190: step_40
  Value: 1.141942e-25
  NRCI: 0.999997000000
  Net refinements: 0
  Composition depth: 2
  Operators: ⊗Y → ⊗Y⁻¹

Step 3191: step_40
  Value: 9.492188e-26
  NRCI: 0.999997000000
  Net refinements: 0
  Composition depth: 2
  Operators: ⊗Y → ⊗Y⁻¹

Step 3192: step_40
  Value: 7.883080e-26
  NRCI: 0.999997000000
  Net refinements: 0
  Composition depth: 2
  Operators: ⊗Y → ⊗Y⁻¹

Step 3193: step_40
  Value: 6.533225e-26
  NRCI: 0.999997000000
  Net refinements: 0
  Composition depth: 2
  Operators: ⊗Y → ⊗Y⁻¹

Step 3194: step_40
  Value: 5.387498e-26
  NRCI: 0.999997000000
  Net refinements: 0
  Composition depth: 2
  Operators: ⊗Y → ⊗Y⁻¹

Step 3195: step_40
  Value: 4.391283e-26
  NRCI: 0.999997000000
  Net refinements: 0
  Composition depth: 2
  Operators: ⊗Y → ⊗Y⁻¹

Step 3196: step_40
  Value: 3.489562e-26
  NRCI: 0.999997000000
  Net refinements: 0
  Composition depth: 2
  Operators: ⊗Y → ⊗Y⁻¹

Step 3197: step_40
  Value: 2.630339e-26
  NRCI: 0.999997000000
  Net refinements: 0
  Composition depth: 2
  Operators: ⊗Y → ⊗Y⁻¹

Step 3198: step_40
  Value: 1.772594e-26
  NRCI: 0.999997000000
  Net refinements: 0
  Composition depth: 2
  Operators: ⊗Y → ⊗Y⁻¹

Step 3199: step_40
  Value: 8.951687e-27
  NRCI: 0.999997000000
  Net refinements: 0
  Composition depth: 2
  Operators: ⊗Y → ⊗Y⁻¹

Step 3200: step_60
  Value: 2.724034e-05
  NRCI: 0.999997000000
  Net refinements: 0
  Composition depth: 2
  Operators: ⊗Y → ⊗Y⁻¹

Step 3201: step_60
  Value: 5.294883e-05
  NRCI: 0.999997000000
  Net refinements: 0
  Composition depth: 2
  Operators: ⊗Y → ⊗Y⁻¹

Step 3202: step_60
  Value: 7.596869e-05
  NRCI: 0.999997000000
  Net refinements: 0
  Composition depth: 2
  Operators: ⊗Y → ⊗Y⁻¹

Step 3203: step_60
  Value: 9.574840e-05
  NRCI: 0.999997000000
  Net refinements: 0
  Composition depth: 2
  Operators: ⊗Y → ⊗Y⁻¹

Step 3204: step_60
  Value: 1.123589e-04
  NRCI: 0.999997000000
  Net refinements: 0
  Composition depth: 2
  Operators: ⊗Y → ⊗Y⁻¹

Step 3205: step_60
  Value: 1.263324e-04
  NRCI: 0.999997000000
  Net refinements: 0
  Composition depth: 2
  Operators: ⊗Y → ⊗Y⁻¹

Step 3206: step_60
  Value: 1.384218e-04
  NRCI: 0.999997000000
  Net refinements: 0
  Composition depth: 2
  Operators: ⊗Y → ⊗Y⁻¹

Step 3207: step_60
  Value: 1.493856e-04
  NRCI: 0.999997000000
  Net refinements: 0
  Composition depth: 2
  Operators: ⊗Y → ⊗Y⁻¹

Step 3208: step_60
  Value: 1.598536e-04
  NRCI: 0.999997000000
  Net refinements: 0
  Composition depth: 2
  Operators: ⊗Y → ⊗Y⁻¹

Step 3209: step_60
  Value: 1.702816e-04
  NRCI: 0.999997000000
  Net refinements: 0
  Composition depth: 2
  Operators: ⊗Y → ⊗Y⁻¹

Step 3210: step_60
  Value: 1.809671e-04
  NRCI: 0.999997000000
  Net refinements: 0
  Composition depth: 2
  Operators: ⊗Y → ⊗Y⁻¹

Step 3211: step_60
  Value: 1.920905e-04
  NRCI: 0.999997000000
  Net refinements: 0
  Composition depth: 2
  Operators: ⊗Y → ⊗Y⁻¹

Step 3212: step_60
  Value: 2.037585e-04
  NRCI: 0.999997000000
  Net refinements: 0
  Composition depth: 2
  Operators: ⊗Y → ⊗Y⁻¹

Step 3213: step_60
  Value: 2.160373e-04
  NRCI: 0.999997000000
  Net refinements: 0
  Composition depth: 2
  Operators: ⊗Y → ⊗Y⁻¹

Step 3214: step_60
  Value: 2.289730e-04
  NRCI: 0.999997000000
  Net refinements: 0
  Composition depth: 2
  Operators: ⊗Y → ⊗Y⁻¹

Step 3215: step_60
  Value: 2.426035e-04
  NRCI: 0.999997000000
  Net refinements: 0
  Composition depth: 2
  Operators: ⊗Y → ⊗Y⁻¹

Step 3216: step_60
  Value: 2.569639e-04
  NRCI: 0.999997000000
  Net refinements: 0
  Composition depth: 2
  Operators: ⊗Y → ⊗Y⁻¹

Step 3217: step_60
  Value: 2.720891e-04
  NRCI: 0.999997000000
  Net refinements: 0
  Composition depth: 2
  Operators: ⊗Y → ⊗Y⁻¹

Step 3218: step_60
  Value: 2.880144e-04
  NRCI: 0.999997000000
  Net refinements: 0
  Composition depth: 2
  Operators: ⊗Y → ⊗Y⁻¹

Step 3219: step_60
  Value: 3.047767e-04
  NRCI: 0.999997000000
  Net refinements: 0
  Composition depth: 2
  Operators: ⊗Y → ⊗Y⁻¹

Step 3220: step_60
  Value: 3.224140e-04
  NRCI: 0.999997000000
  Net refinements: 0
  Composition depth: 2
  Operators: ⊗Y → ⊗Y⁻¹

Step 3221: step_60
  Value: 3.409654e-04
  NRCI: 0.999997000000
  Net refinements: 0
  Composition depth: 2
  Operators: ⊗Y → ⊗Y⁻¹

Step 3222: step_60
  Value: 3.604718e-04
  NRCI: 0.999997000000
  Net refinements: 0
  Composition depth: 2
  Operators: ⊗Y → ⊗Y⁻¹

Step 3223: step_60
  Value: 3.809752e-04
  NRCI: 0.999997000000
  Net refinements: 0
  Composition depth: 2
  Operators: ⊗Y → ⊗Y⁻¹

Step 3224: step_60
  Value: 4.025191e-04
  NRCI: 0.999997000000
  Net refinements: 0
  Composition depth: 2
  Operators: ⊗Y → ⊗Y⁻¹

Step 3225: step_60
  Value: 4.251486e-04
  NRCI: 0.999997000000
  Net refinements: 0
  Composition depth: 2
  Operators: ⊗Y → ⊗Y⁻¹

Step 3226: step_60
  Value: 4.489103e-04
  NRCI: 0.999997000000
  Net refinements: 0
  Composition depth: 2
  Operators: ⊗Y → ⊗Y⁻¹

Step 3227: step_60
  Value: 4.738520e-04
  NRCI: 0.999997000000
  Net refinements: 0
  Composition depth: 2
  Operators: ⊗Y → ⊗Y⁻¹

Step 3228: step_60
  Value: 5.000235e-04
  NRCI: 0.999997000000
  Net refinements: 0
  Composition depth: 2
  Operators: ⊗Y → ⊗Y⁻¹

Step 3229: step_60
  Value: 5.274758e-04
  NRCI: 0.999997000000
  Net refinements: 0
  Composition depth: 2
  Operators: ⊗Y → ⊗Y⁻¹

Step 3230: step_60
  Value: 5.562616e-04
  NRCI: 0.999997000000
  Net refinements: 0
  Composition depth: 2
  Operators: ⊗Y → ⊗Y⁻¹

Step 3231: step_60
  Value: 5.864354e-04
  NRCI: 0.999997000000
  Net refinements: 0
  Composition depth: 2
  Operators: ⊗Y → ⊗Y⁻¹

Step 3232: step_60
  Value: 6.180529e-04
  NRCI: 0.999997000000
  Net refinements: 0
  Composition depth: 2
  Operators: ⊗Y → ⊗Y⁻¹

Step 3233: step_60
  Value: 6.511718e-04
  NRCI: 0.999997000000
  Net refinements: 0
  Composition depth: 2
  Operators: ⊗Y → ⊗Y⁻¹

Step 3234: step_60
  Value: 6.858513e-04
  NRCI: 0.999997000000
  Net refinements: 0
  Composition depth: 2
  Operators: ⊗Y → ⊗Y⁻¹

Step 3235: step_60
  Value: 7.221523e-04
  NRCI: 0.999997000000
  Net refinements: 0
  Composition depth: 2
  Operators: ⊗Y → ⊗Y⁻¹

Step 3236: step_60
  Value: 7.601374e-04
  NRCI: 0.999997000000
  Net refinements: 0
  Composition depth: 2
  Operators: ⊗Y → ⊗Y⁻¹

Step 3237: step_60
  Value: 7.998709e-04
  NRCI: 0.999997000000
  Net refinements: 0
  Composition depth: 2
  Operators: ⊗Y → ⊗Y⁻¹

Step 3238: step_60
  Value: 8.414186e-04
  NRCI: 0.999997000000
  Net refinements: 0
  Composition depth: 2
  Operators: ⊗Y → ⊗Y⁻¹

Step 3239: step_60
  Value: 8.848482e-04
  NRCI: 0.999997000000
  Net refinements: 0
  Composition depth: 2
  Operators: ⊗Y → ⊗Y⁻¹

Step 3240: step_60
  Value: 9.302290e-04
  NRCI: 0.999997000000
  Net refinements: 0
  Composition depth: 2
  Operators: ⊗Y → ⊗Y⁻¹

Step 3241: step_60
  Value: 9.776321e-04
  NRCI: 0.999997000000
  Net refinements: 0
  Composition depth: 2
  Operators: ⊗Y → ⊗Y⁻¹

Step 3242: step_60
  Value: 1.027130e-03
  NRCI: 0.999997000000
  Net refinements: 0
  Composition depth: 2
  Operators: ⊗Y → ⊗Y⁻¹

Step 3243: step_60
  Value: 1.078798e-03
  NRCI: 0.999997000000
  Net refinements: 0
  Composition depth: 2
  Operators: ⊗Y → ⊗Y⁻¹

Step 3244: step_60
  Value: 1.132711e-03
  NRCI: 0.999997000000
  Net refinements: 0
  Composition depth: 2
  Operators: ⊗Y → ⊗Y⁻¹

Step 3245: step_60
  Value: 1.188947e-03
  NRCI: 0.999997000000
  Net refinements: 0
  Composition depth: 2
  Operators: ⊗Y → ⊗Y⁻¹

Step 3246: step_60
  Value: 1.247585e-03
  NRCI: 0.999997000000
  Net refinements: 0
  Composition depth: 2
  Operators: ⊗Y → ⊗Y⁻¹

Step 3247: step_60
  Value: 1.308707e-03
  NRCI: 0.999997000000
  Net refinements: 0
  Composition depth: 2
  Operators: ⊗Y → ⊗Y⁻¹

Step 3248: step_60
  Value: 1.372395e-03
  NRCI: 0.999997000000
  Net refinements: 0
  Composition depth: 2
  Operators: ⊗Y → ⊗Y⁻¹

Step 3249: step_60
  Value: 1.438734e-03
  NRCI: 0.999997000000
  Net refinements: 0
  Composition depth: 2
  Operators: ⊗Y → ⊗Y⁻¹

Step 3250: step_60
  Value: 1.507808e-03
  NRCI: 0.999997000000
  Net refinements: 0
  Composition depth: 2
  Operators: ⊗Y → ⊗Y⁻¹

Step 3251: step_60
  Value: 1.579706e-03
  NRCI: 0.999997000000
  Net refinements: 0
  Composition depth: 2
  Operators: ⊗Y → ⊗Y⁻¹

Step 3252: step_60
  Value: 1.654516e-03
  NRCI: 0.999997000000
  Net refinements: 0
  Composition depth: 2
  Operators: ⊗Y → ⊗Y⁻¹

Step 3253: step_60
  Value: 1.732327e-03
  NRCI: 0.999997000000
  Net refinements: 0
  Composition depth: 2
  Operators: ⊗Y → ⊗Y⁻¹

Step 3254: step_60
  Value: 1.813232e-03
  NRCI: 0.999997000000
  Net refinements: 0
  Composition depth: 2
  Operators: ⊗Y → ⊗Y⁻¹

Step 3255: step_60
  Value: 1.897323e-03
  NRCI: 0.999997000000
  Net refinements: 0
  Composition depth: 2
  Operators: ⊗Y → ⊗Y⁻¹

Step 3256: step_60
  Value: 1.984695e-03
  NRCI: 0.999997000000
  Net refinements: 0
  Composition depth: 2
  Operators: ⊗Y → ⊗Y⁻¹

Step 3257: step_60
  Value: 2.075442e-03
  NRCI: 0.999997000000
  Net refinements: 0
  Composition depth: 2
  Operators: ⊗Y → ⊗Y⁻¹

Step 3258: step_60
  Value: 2.169661e-03
  NRCI: 0.999997000000
  Net refinements: 0
  Composition depth: 2
  Operators: ⊗Y → ⊗Y⁻¹

Step 3259: step_60
  Value: 2.267450e-03
  NRCI: 0.999997000000
  Net refinements: 0
  Composition depth: 2
  Operators: ⊗Y → ⊗Y⁻¹

Step 3260: step_60
  Value: 2.368906e-03
  NRCI: 0.999997000000
  Net refinements: 0
  Composition depth: 2
  Operators: ⊗Y → ⊗Y⁻¹

Step 3261: step_60
  Value: 2.474130e-03
  NRCI: 0.999997000000
  Net refinements: 0
  Composition depth: 2
  Operators: ⊗Y → ⊗Y⁻¹

Step 3262: step_60
  Value: 2.583222e-03
  NRCI: 0.999997000000
  Net refinements: 0
  Composition depth: 2
  Operators: ⊗Y → ⊗Y⁻¹

Step 3263: step_60
  Value: 2.696282e-03
  NRCI: 0.999997000000
  Net refinements: 0
  Composition depth: 2
  Operators: ⊗Y → ⊗Y⁻¹

Step 3264: step_60
  Value: 2.813412e-03
  NRCI: 0.999997000000
  Net refinements: 0
  Composition depth: 2
  Operators: ⊗Y → ⊗Y⁻¹

Step 3265: step_60
  Value: 2.934714e-03
  NRCI: 0.999997000000
  Net refinements: 0
  Composition depth: 2
  Operators: ⊗Y → ⊗Y⁻¹

Step 3266: step_60
  Value: 3.060291e-03
  NRCI: 0.999997000000
  Net refinements: 0
  Composition depth: 2
  Operators: ⊗Y → ⊗Y⁻¹

Step 3267: step_60
  Value: 3.190246e-03
  NRCI: 0.999997000000
  Net refinements: 0
  Composition depth: 2
  Operators: ⊗Y → ⊗Y⁻¹

Step 3268: step_60
  Value: 3.324681e-03
  NRCI: 0.999997000000
  Net refinements: 0
  Composition depth: 2
  Operators: ⊗Y → ⊗Y⁻¹

Step 3269: step_60
  Value: 3.463701e-03
  NRCI: 0.999997000000
  Net refinements: 0
  Composition depth: 2
  Operators: ⊗Y → ⊗Y⁻¹

Step 3270: step_60
  Value: 3.607407e-03
  NRCI: 0.999997000000
  Net refinements: 0
  Composition depth: 2
  Operators: ⊗Y → ⊗Y⁻¹

Step 3271: step_60
  Value: 3.755903e-03
  NRCI: 0.999997000000
  Net refinements: 0
  Composition depth: 2
  Operators: ⊗Y → ⊗Y⁻¹

Step 3272: step_60
  Value: 3.909291e-03
  NRCI: 0.999997000000
  Net refinements: 0
  Composition depth: 2
  Operators: ⊗Y → ⊗Y⁻¹

Step 3273: step_60
  Value: 4.067674e-03
  NRCI: 0.999997000000
  Net refinements: 0
  Composition depth: 2
  Operators: ⊗Y → ⊗Y⁻¹

Step 3274: step_60
  Value: 4.231153e-03
  NRCI: 0.999997000000
  Net refinements: 0
  Composition depth: 2
  Operators: ⊗Y → ⊗Y⁻¹

Step 3275: step_60
  Value: 4.399829e-03
  NRCI: 0.999997000000
  Net refinements: 0
  Composition depth: 2
  Operators: ⊗Y → ⊗Y⁻¹

Step 3276: step_60
  Value: 4.573801e-03
  NRCI: 0.999997000000
  Net refinements: 0
  Composition depth: 2
  Operators: ⊗Y → ⊗Y⁻¹

Step 3277: step_60
  Value: 4.753169e-03
  NRCI: 0.999997000000
  Net refinements: 0
  Composition depth: 2
  Operators: ⊗Y → ⊗Y⁻¹

Step 3278: step_60
  Value: 4.938029e-03
  NRCI: 0.999997000000
  Net refinements: 0
  Composition depth: 2
  Operators: ⊗Y → ⊗Y⁻¹

Step 3279: step_60
  Value: 5.128478e-03
  NRCI: 0.999997000000
  Net refinements: 0
  Composition depth: 2
  Operators: ⊗Y → ⊗Y⁻¹

Step 3280: step_60
  Value: 5.324611e-03
  NRCI: 0.999997000000
  Net refinements: 0
  Composition depth: 2
  Operators: ⊗Y → ⊗Y⁻¹

Step 3281: step_60
  Value: 5.526519e-03
  NRCI: 0.999997000000
  Net refinements: 0
  Composition depth: 2
  Operators: ⊗Y → ⊗Y⁻¹

Step 3282: step_60
  Value: 5.734293e-03
  NRCI: 0.999997000000
  Net refinements: 0
  Composition depth: 2
  Operators: ⊗Y → ⊗Y⁻¹

Step 3283: step_60
  Value: 5.948022e-03
  NRCI: 0.999997000000
  Net refinements: 0
  Composition depth: 2
  Operators: ⊗Y → ⊗Y⁻¹

Step 3284: step_60
  Value: 6.167791e-03
  NRCI: 0.999997000000
  Net refinements: 0
  Composition depth: 2
  Operators: ⊗Y → ⊗Y⁻¹

Step 3285: step_60
  Value: 6.393686e-03
  NRCI: 0.999997000000
  Net refinements: 0
  Composition depth: 2
  Operators: ⊗Y → ⊗Y⁻¹

Step 3286: step_60
  Value: 6.625785e-03
  NRCI: 0.999997000000
  Net refinements: 0
  Composition depth: 2
  Operators: ⊗Y → ⊗Y⁻¹

Step 3287: step_60
  Value: 6.864167e-03
  NRCI: 0.999997000000
  Net refinements: 0
  Composition depth: 2
  Operators: ⊗Y → ⊗Y⁻¹

Step 3288: step_60
  Value: 7.108906e-03
  NRCI: 0.999997000000
  Net refinements: 0
  Composition depth: 2
  Operators: ⊗Y → ⊗Y⁻¹

Step 3289: step_60
  Value: 7.360074e-03
  NRCI: 0.999997000000
  Net refinements: 0
  Composition depth: 2
  Operators: ⊗Y → ⊗Y⁻¹

Step 3290: step_60
  Value: 7.617738e-03
  NRCI: 0.999997000000
  Net refinements: 0
  Composition depth: 2
  Operators: ⊗Y → ⊗Y⁻¹

Step 3291: step_60
  Value: 7.881963e-03
  NRCI: 0.999997000000
  Net refinements: 0
  Composition depth: 2
  Operators: ⊗Y → ⊗Y⁻¹

Step 3292: step_60
  Value: 8.152807e-03
  NRCI: 0.999997000000
  Net refinements: 0
  Composition depth: 2
  Operators: ⊗Y → ⊗Y⁻¹

Step 3293: step_60
  Value: 8.430326e-03
  NRCI: 0.999997000000
  Net refinements: 0
  Composition depth: 2
  Operators: ⊗Y → ⊗Y⁻¹

Step 3294: step_60
  Value: 8.714572e-03
  NRCI: 0.999997000000
  Net refinements: 0
  Composition depth: 2
  Operators: ⊗Y → ⊗Y⁻¹

Step 3295: step_60
  Value: 9.005591e-03
  NRCI: 0.999997000000
  Net refinements: 0
  Composition depth: 2
  Operators: ⊗Y → ⊗Y⁻¹

Step 3296: step_60
  Value: 9.303424e-03
  NRCI: 0.999997000000
  Net refinements: 0
  Composition depth: 2
  Operators: ⊗Y → ⊗Y⁻¹

Step 3297: step_60
  Value: 9.608108e-03
  NRCI: 0.999997000000
  Net refinements: 0
  Composition depth: 2
  Operators: ⊗Y → ⊗Y⁻¹

Step 3298: step_60
  Value: 9.919673e-03
  NRCI: 0.999997000000
  Net refinements: 0
  Composition depth: 2
  Operators: ⊗Y → ⊗Y⁻¹

Step 3299: step_60
  Value: 1.023815e-02
  NRCI: 0.999997000000
  Net refinements: 0
  Composition depth: 2
  Operators: ⊗Y → ⊗Y⁻¹

Step 3300: step_60
  Value: 1.056355e-02
  NRCI: 0.999997000000
  Net refinements: 0
  Composition depth: 2
  Operators: ⊗Y → ⊗Y⁻¹

Step 3301: step_60
  Value: 1.089589e-02
  NRCI: 0.999997000000
  Net refinements: 0
  Composition depth: 2
  Operators: ⊗Y → ⊗Y⁻¹

Step 3302: step_60
  Value: 1.123518e-02
  NRCI: 0.999997000000
  Net refinements: 0
  Composition depth: 2
  Operators: ⊗Y → ⊗Y⁻¹

Step 3303: step_60
  Value: 1.158142e-02
  NRCI: 0.999997000000
  Net refinements: 0
  Composition depth: 2
  Operators: ⊗Y → ⊗Y⁻¹

Step 3304: step_60
  Value: 1.193460e-02
  NRCI: 0.999997000000
  Net refinements: 0
  Composition depth: 2
  Operators: ⊗Y → ⊗Y⁻¹

Step 3305: step_60
  Value: 1.229472e-02
  NRCI: 0.999997000000
  Net refinements: 0
  Composition depth: 2
  Operators: ⊗Y → ⊗Y⁻¹

Step 3306: step_60
  Value: 1.266175e-02
  NRCI: 0.999997000000
  Net refinements: 0
  Composition depth: 2
  Operators: ⊗Y → ⊗Y⁻¹

Step 3307: step_60
  Value: 1.303567e-02
  NRCI: 0.999997000000
  Net refinements: 0
  Composition depth: 2
  Operators: ⊗Y → ⊗Y⁻¹

Step 3308: step_60
  Value: 1.341644e-02
  NRCI: 0.999997000000
  Net refinements: 0
  Composition depth: 2
  Operators: ⊗Y → ⊗Y⁻¹

Step 3309: step_60
  Value: 1.380403e-02
  NRCI: 0.999997000000
  Net refinements: 0
  Composition depth: 2
  Operators: ⊗Y → ⊗Y⁻¹

Step 3310: step_60
  Value: 1.419838e-02
  NRCI: 0.999997000000
  Net refinements: 0
  Composition depth: 2
  Operators: ⊗Y → ⊗Y⁻¹

Step 3311: step_60
  Value: 1.459944e-02
  NRCI: 0.999997000000
  Net refinements: 0
  Composition depth: 2
  Operators: ⊗Y → ⊗Y⁻¹

Step 3312: step_60
  Value: 1.500715e-02
  NRCI: 0.999997000000
  Net refinements: 0
  Composition depth: 2
  Operators: ⊗Y → ⊗Y⁻¹

Step 3313: step_60
  Value: 1.542143e-02
  NRCI: 0.999997000000
  Net refinements: 0
  Composition depth: 2
  Operators: ⊗Y → ⊗Y⁻¹

Step 3314: step_60
  Value: 1.584219e-02
  NRCI: 0.999997000000
  Net refinements: 0
  Composition depth: 2
  Operators: ⊗Y → ⊗Y⁻¹

Step 3315: step_60
  Value: 1.626936e-02
  NRCI: 0.999997000000
  Net refinements: 0
  Composition depth: 2
  Operators: ⊗Y → ⊗Y⁻¹

Step 3316: step_60
  Value: 1.670284e-02
  NRCI: 0.999997000000
  Net refinements: 0
  Composition depth: 2
  Operators: ⊗Y → ⊗Y⁻¹

Step 3317: step_60
  Value: 1.714251e-02
  NRCI: 0.999997000000
  Net refinements: 0
  Composition depth: 2
  Operators: ⊗Y → ⊗Y⁻¹

Step 3318: step_60
  Value: 1.758826e-02
  NRCI: 0.999997000000
  Net refinements: 0
  Composition depth: 2
  Operators: ⊗Y → ⊗Y⁻¹

Step 3319: step_60
  Value: 1.803998e-02
  NRCI: 0.999997000000
  Net refinements: 0
  Composition depth: 2
  Operators: ⊗Y → ⊗Y⁻¹

Step 3320: step_60
  Value: 1.849752e-02
  NRCI: 0.999997000000
  Net refinements: 0
  Composition depth: 2
  Operators: ⊗Y → ⊗Y⁻¹

Step 3321: step_60
  Value: 1.896075e-02
  NRCI: 0.999997000000
  Net refinements: 0
  Composition depth: 2
  Operators: ⊗Y → ⊗Y⁻¹

Step 3322: step_60
  Value: 1.942951e-02
  NRCI: 0.999997000000
  Net refinements: 0
  Composition depth: 2
  Operators: ⊗Y → ⊗Y⁻¹

Step 3323: step_60
  Value: 1.990365e-02
  NRCI: 0.999997000000
  Net refinements: 0
  Composition depth: 2
  Operators: ⊗Y → ⊗Y⁻¹

Step 3324: step_60
  Value: 2.038300e-02
  NRCI: 0.999997000000
  Net refinements: 0
  Composition depth: 2
  Operators: ⊗Y → ⊗Y⁻¹

Step 3325: step_60
  Value: 2.086738e-02
  NRCI: 0.999997000000
  Net refinements: 0
  Composition depth: 2
  Operators: ⊗Y → ⊗Y⁻¹

Step 3326: step_60
  Value: 2.135660e-02
  NRCI: 0.999997000000
  Net refinements: 0
  Composition depth: 2
  Operators: ⊗Y → ⊗Y⁻¹

Step 3327: step_60
  Value: 2.185047e-02
  NRCI: 0.999997000000
  Net refinements: 0
  Composition depth: 2
  Operators: ⊗Y → ⊗Y⁻¹

Step 3328: step_60
  Value: 2.234879e-02
  NRCI: 0.999997000000
  Net refinements: 0
  Composition depth: 2
  Operators: ⊗Y → ⊗Y⁻¹

Step 3329: step_60
  Value: 2.285134e-02
  NRCI: 0.999997000000
  Net refinements: 0
  Composition depth: 2
  Operators: ⊗Y → ⊗Y⁻¹

Step 3330: step_60
  Value: 2.335789e-02
  NRCI: 0.999997000000
  Net refinements: 0
  Composition depth: 2
  Operators: ⊗Y → ⊗Y⁻¹

Step 3331: step_60
  Value: 2.386823e-02
  NRCI: 0.999997000000
  Net refinements: 0
  Composition depth: 2
  Operators: ⊗Y → ⊗Y⁻¹

Step 3332: step_60
  Value: 2.438210e-02
  NRCI: 0.999997000000
  Net refinements: 0
  Composition depth: 2
  Operators: ⊗Y → ⊗Y⁻¹

Step 3333: step_60
  Value: 2.489927e-02
  NRCI: 0.999997000000
  Net refinements: 0
  Composition depth: 2
  Operators: ⊗Y → ⊗Y⁻¹

Step 3334: step_60
  Value: 2.541947e-02
  NRCI: 0.999997000000
  Net refinements: 0
  Composition depth: 2
  Operators: ⊗Y → ⊗Y⁻¹

Step 3335: step_60
  Value: 2.594244e-02
  NRCI: 0.999997000000
  Net refinements: 0
  Composition depth: 2
  Operators: ⊗Y → ⊗Y⁻¹

Step 3336: step_60
  Value: 2.646790e-02
  NRCI: 0.999997000000
  Net refinements: 0
  Composition depth: 2
  Operators: ⊗Y → ⊗Y⁻¹

Step 3337: step_60
  Value: 2.699559e-02
  NRCI: 0.999997000000
  Net refinements: 0
  Composition depth: 2
  Operators: ⊗Y → ⊗Y⁻¹

Step 3338: step_60
  Value: 2.752520e-02
  NRCI: 0.999997000000
  Net refinements: 0
  Composition depth: 2
  Operators: ⊗Y → ⊗Y⁻¹

Step 3339: step_60
  Value: 2.805645e-02
  NRCI: 0.999997000000
  Net refinements: 0
  Composition depth: 2
  Operators: ⊗Y → ⊗Y⁻¹

Step 3340: step_60
  Value: 2.858902e-02
  NRCI: 0.999997000000
  Net refinements: 0
  Composition depth: 2
  Operators: ⊗Y → ⊗Y⁻¹

Step 3341: step_60
  Value: 2.912261e-02
  NRCI: 0.999997000000
  Net refinements: 0
  Composition depth: 2
  Operators: ⊗Y → ⊗Y⁻¹

Step 3342: step_60
  Value: 2.965690e-02
  NRCI: 0.999997000000
  Net refinements: 0
  Composition depth: 2
  Operators: ⊗Y → ⊗Y⁻¹

Step 3343: step_60
  Value: 3.019158e-02
  NRCI: 0.999997000000
  Net refinements: 0
  Composition depth: 2
  Operators: ⊗Y → ⊗Y⁻¹

Step 3344: step_60
  Value: 3.072630e-02
  NRCI: 0.999997000000
  Net refinements: 0
  Composition depth: 2
  Operators: ⊗Y → ⊗Y⁻¹

Step 3345: step_60
  Value: 3.126073e-02
  NRCI: 0.999997000000
  Net refinements: 0
  Composition depth: 2
  Operators: ⊗Y → ⊗Y⁻¹

Step 3346: step_60
  Value: 3.179453e-02
  NRCI: 0.999997000000
  Net refinements: 0
  Composition depth: 2
  Operators: ⊗Y → ⊗Y⁻¹

Step 3347: step_60
  Value: 3.232736e-02
  NRCI: 0.999997000000
  Net refinements: 0
  Composition depth: 2
  Operators: ⊗Y → ⊗Y⁻¹

Step 3348: step_60
  Value: 3.285886e-02
  NRCI: 0.999997000000
  Net refinements: 0
  Composition depth: 2
  Operators: ⊗Y → ⊗Y⁻¹

Step 3349: step_60
  Value: 3.338867e-02
  NRCI: 0.999997000000
  Net refinements: 0
  Composition depth: 2
  Operators: ⊗Y → ⊗Y⁻¹

Step 3350: step_60
  Value: 3.391644e-02
  NRCI: 0.999997000000
  Net refinements: 0
  Composition depth: 2
  Operators: ⊗Y → ⊗Y⁻¹

Step 3351: step_60
  Value: 3.444181e-02
  NRCI: 0.999997000000
  Net refinements: 0
  Composition depth: 2
  Operators: ⊗Y → ⊗Y⁻¹

Step 3352: step_60
  Value: 3.496439e-02
  NRCI: 0.999997000000
  Net refinements: 0
  Composition depth: 2
  Operators: ⊗Y → ⊗Y⁻¹

Step 3353: step_60
  Value: 3.548383e-02
  NRCI: 0.999997000000
  Net refinements: 0
  Composition depth: 2
  Operators: ⊗Y → ⊗Y⁻¹

Step 3354: step_60
  Value: 3.599975e-02
  NRCI: 0.999997000000
  Net refinements: 0
  Composition depth: 2
  Operators: ⊗Y → ⊗Y⁻¹

Step 3355: step_60
  Value: 3.651177e-02
  NRCI: 0.999997000000
  Net refinements: 0
  Composition depth: 2
  Operators: ⊗Y → ⊗Y⁻¹

Step 3356: step_60
  Value: 3.701952e-02
  NRCI: 0.999997000000
  Net refinements: 0
  Composition depth: 2
  Operators: ⊗Y → ⊗Y⁻¹

Step 3357: step_60
  Value: 3.752262e-02
  NRCI: 0.999997000000
  Net refinements: 0
  Composition depth: 2
  Operators: ⊗Y → ⊗Y⁻¹

Step 3358: step_60
  Value: 3.802068e-02
  NRCI: 0.999997000000
  Net refinements: 0
  Composition depth: 2
  Operators: ⊗Y → ⊗Y⁻¹

Step 3359: step_60
  Value: 3.851334e-02
  NRCI: 0.999997000000
  Net refinements: 0
  Composition depth: 2
  Operators: ⊗Y → ⊗Y⁻¹

Step 3360: step_60
  Value: 3.900020e-02
  NRCI: 0.999997000000
  Net refinements: 0
  Composition depth: 2
  Operators: ⊗Y → ⊗Y⁻¹

Step 3361: step_60
  Value: 3.948089e-02
  NRCI: 0.999997000000
  Net refinements: 0
  Composition depth: 2
  Operators: ⊗Y → ⊗Y⁻¹

Step 3362: step_60
  Value: 3.995504e-02
  NRCI: 0.999997000000
  Net refinements: 0
  Composition depth: 2
  Operators: ⊗Y → ⊗Y⁻¹

Step 3363: step_60
  Value: 4.042227e-02
  NRCI: 0.999997000000
  Net refinements: 0
  Composition depth: 2
  Operators: ⊗Y → ⊗Y⁻¹

Step 3364: step_60
  Value: 4.088219e-02
  NRCI: 0.999997000000
  Net refinements: 0
  Composition depth: 2
  Operators: ⊗Y → ⊗Y⁻¹

Step 3365: step_60
  Value: 4.133445e-02
  NRCI: 0.999997000000
  Net refinements: 0
  Composition depth: 2
  Operators: ⊗Y → ⊗Y⁻¹

Step 3366: step_60
  Value: 4.177867e-02
  NRCI: 0.999997000000
  Net refinements: 0
  Composition depth: 2
  Operators: ⊗Y → ⊗Y⁻¹

Step 3367: step_60
  Value: 4.221448e-02
  NRCI: 0.999997000000
  Net refinements: 0
  Composition depth: 2
  Operators: ⊗Y → ⊗Y⁻¹

Step 3368: step_60
  Value: 4.264153e-02
  NRCI: 0.999997000000
  Net refinements: 0
  Composition depth: 2
  Operators: ⊗Y → ⊗Y⁻¹

Step 3369: step_60
  Value: 4.305946e-02
  NRCI: 0.999997000000
  Net refinements: 0
  Composition depth: 2
  Operators: ⊗Y → ⊗Y⁻¹

Step 3370: step_60
  Value: 4.346792e-02
  NRCI: 0.999997000000
  Net refinements: 0
  Composition depth: 2
  Operators: ⊗Y → ⊗Y⁻¹

Step 3371: step_60
  Value: 4.386656e-02
  NRCI: 0.999997000000
  Net refinements: 0
  Composition depth: 2
  Operators: ⊗Y → ⊗Y⁻¹

Step 3372: step_60
  Value: 4.425503e-02
  NRCI: 0.999997000000
  Net refinements: 0
  Composition depth: 2
  Operators: ⊗Y → ⊗Y⁻¹

Step 3373: step_60
  Value: 4.463302e-02
  NRCI: 0.999997000000
  Net refinements: 0
  Composition depth: 2
  Operators: ⊗Y → ⊗Y⁻¹

Step 3374: step_60
  Value: 4.500019e-02
  NRCI: 0.999997000000
  Net refinements: 0
  Composition depth: 2
  Operators: ⊗Y → ⊗Y⁻¹

Step 3375: step_60
  Value: 4.535622e-02
  NRCI: 0.999997000000
  Net refinements: 0
  Composition depth: 2
  Operators: ⊗Y → ⊗Y⁻¹

Step 3376: step_60
  Value: 4.570081e-02
  NRCI: 0.999997000000
  Net refinements: 0
  Composition depth: 2
  Operators: ⊗Y → ⊗Y⁻¹

Step 3377: step_60
  Value: 4.603364e-02
  NRCI: 0.999997000000
  Net refinements: 0
  Composition depth: 2
  Operators: ⊗Y → ⊗Y⁻¹

Step 3378: step_60
  Value: 4.635442e-02
  NRCI: 0.999997000000
  Net refinements: 0
  Composition depth: 2
  Operators: ⊗Y → ⊗Y⁻¹

Step 3379: step_60
  Value: 4.666288e-02
  NRCI: 0.999997000000
  Net refinements: 0
  Composition depth: 2
  Operators: ⊗Y → ⊗Y⁻¹

Step 3380: step_60
  Value: 4.695872e-02
  NRCI: 0.999997000000
  Net refinements: 0
  Composition depth: 2
  Operators: ⊗Y → ⊗Y⁻¹

Step 3381: step_60
  Value: 4.724170e-02
  NRCI: 0.999997000000
  Net refinements: 0
  Composition depth: 2
  Operators: ⊗Y → ⊗Y⁻¹

Step 3382: step_60
  Value: 4.751156e-02
  NRCI: 0.999997000000
  Net refinements: 0
  Composition depth: 2
  Operators: ⊗Y → ⊗Y⁻¹

Step 3383: step_60
  Value: 4.776804e-02
  NRCI: 0.999997000000
  Net refinements: 0
  Composition depth: 2
  Operators: ⊗Y → ⊗Y⁻¹

Step 3384: step_60
  Value: 4.801092e-02
  NRCI: 0.999997000000
  Net refinements: 0
  Composition depth: 2
  Operators: ⊗Y → ⊗Y⁻¹

Step 3385: step_60
  Value: 4.823998e-02
  NRCI: 0.999997000000
  Net refinements: 0
  Composition depth: 2
  Operators: ⊗Y → ⊗Y⁻¹

Step 3386: step_60
  Value: 4.845500e-02
  NRCI: 0.999997000000
  Net refinements: 0
  Composition depth: 2
  Operators: ⊗Y → ⊗Y⁻¹

Step 3387: step_60
  Value: 4.865580e-02
  NRCI: 0.999997000000
  Net refinements: 0
  Composition depth: 2
  Operators: ⊗Y → ⊗Y⁻¹

Step 3388: step_60
  Value: 4.884218e-02
  NRCI: 0.999997000000
  Net refinements: 0
  Composition depth: 2
  Operators: ⊗Y → ⊗Y⁻¹

Step 3389: step_60
  Value: 4.901397e-02
  NRCI: 0.999997000000
  Net refinements: 0
  Composition depth: 2
  Operators: ⊗Y → ⊗Y⁻¹

Step 3390: step_60
  Value: 4.917102e-02
  NRCI: 0.999997000000
  Net refinements: 0
  Composition depth: 2
  Operators: ⊗Y → ⊗Y⁻¹

Step 3391: step_60
  Value: 4.931318e-02
  NRCI: 0.999997000000
  Net refinements: 0
  Composition depth: 2
  Operators: ⊗Y → ⊗Y⁻¹

Step 3392: step_60
  Value: 4.944032e-02
  NRCI: 0.999997000000
  Net refinements: 0
  Composition depth: 2
  Operators: ⊗Y → ⊗Y⁻¹

Step 3393: step_60
  Value: 4.955232e-02
  NRCI: 0.999997000000
  Net refinements: 0
  Composition depth: 2
  Operators: ⊗Y → ⊗Y⁻¹

Step 3394: step_60
  Value: 4.964907e-02
  NRCI: 0.999997000000
  Net refinements: 0
  Composition depth: 2
  Operators: ⊗Y → ⊗Y⁻¹

Step 3395: step_60
  Value: 4.973049e-02
  NRCI: 0.999997000000
  Net refinements: 0
  Composition depth: 2
  Operators: ⊗Y → ⊗Y⁻¹

Step 3396: step_60
  Value: 4.979650e-02
  NRCI: 0.999997000000
  Net refinements: 0
  Composition depth: 2
  Operators: ⊗Y → ⊗Y⁻¹

Step 3397: step_60
  Value: 4.984704e-02
  NRCI: 0.999997000000
  Net refinements: 0
  Composition depth: 2
  Operators: ⊗Y → ⊗Y⁻¹

Step 3398: step_60
  Value: 4.988205e-02
  NRCI: 0.999997000000
  Net refinements: 0
  Composition depth: 2
  Operators: ⊗Y → ⊗Y⁻¹

Step 3399: step_60
  Value: 4.990152e-02
  NRCI: 0.999997000000
  Net refinements: 0
  Composition depth: 2
  Operators: ⊗Y → ⊗Y⁻¹

Step 3400: step_60
  Value: 4.990541e-02
  NRCI: 0.999997000000
  Net refinements: 0
  Composition depth: 2
  Operators: ⊗Y → ⊗Y⁻¹

Step 3401: step_60
  Value: 4.989373e-02
  NRCI: 0.999997000000
  Net refinements: 0
  Composition depth: 2
  Operators: ⊗Y → ⊗Y⁻¹

Step 3402: step_60
  Value: 4.986649e-02
  NRCI: 0.999997000000
  Net refinements: 0
  Composition depth: 2
  Operators: ⊗Y → ⊗Y⁻¹

Step 3403: step_60
  Value: 4.982371e-02
  NRCI: 0.999997000000
  Net refinements: 0
  Composition depth: 2
  Operators: ⊗Y → ⊗Y⁻¹

Step 3404: step_60
  Value: 4.976543e-02
  NRCI: 0.999997000000
  Net refinements: 0
  Composition depth: 2
  Operators: ⊗Y → ⊗Y⁻¹

Step 3405: step_60
  Value: 4.969170e-02
  NRCI: 0.999997000000
  Net refinements: 0
  Composition depth: 2
  Operators: ⊗Y → ⊗Y⁻¹

Step 3406: step_60
  Value: 4.960261e-02
  NRCI: 0.999997000000
  Net refinements: 0
  Composition depth: 2
  Operators: ⊗Y → ⊗Y⁻¹

Step 3407: step_60
  Value: 4.949822e-02
  NRCI: 0.999997000000
  Net refinements: 0
  Composition depth: 2
  Operators: ⊗Y → ⊗Y⁻¹

Step 3408: step_60
  Value: 4.937864e-02
  NRCI: 0.999997000000
  Net refinements: 0
  Composition depth: 2
  Operators: ⊗Y → ⊗Y⁻¹

Step 3409: step_60
  Value: 4.924397e-02
  NRCI: 0.999997000000
  Net refinements: 0
  Composition depth: 2
  Operators: ⊗Y → ⊗Y⁻¹

Step 3410: step_60
  Value: 4.909435e-02
  NRCI: 0.999997000000
  Net refinements: 0
  Composition depth: 2
  Operators: ⊗Y → ⊗Y⁻¹

Step 3411: step_60
  Value: 4.892991e-02
  NRCI: 0.999997000000
  Net refinements: 0
  Composition depth: 2
  Operators: ⊗Y → ⊗Y⁻¹

Step 3412: step_60
  Value: 4.875080e-02
  NRCI: 0.999997000000
  Net refinements: 0
  Composition depth: 2
  Operators: ⊗Y → ⊗Y⁻¹

Step 3413: step_60
  Value: 4.855719e-02
  NRCI: 0.999997000000
  Net refinements: 0
  Composition depth: 2
  Operators: ⊗Y → ⊗Y⁻¹

Step 3414: step_60
  Value: 4.834925e-02
  NRCI: 0.999997000000
  Net refinements: 0
  Composition depth: 2
  Operators: ⊗Y → ⊗Y⁻¹

Step 3415: step_60
  Value: 4.812719e-02
  NRCI: 0.999997000000
  Net refinements: 0
  Composition depth: 2
  Operators: ⊗Y → ⊗Y⁻¹

Step 3416: step_60
  Value: 4.789119e-02
  NRCI: 0.999997000000
  Net refinements: 0
  Composition depth: 2
  Operators: ⊗Y → ⊗Y⁻¹

Step 3417: step_60
  Value: 4.764148e-02
  NRCI: 0.999997000000
  Net refinements: 0
  Composition depth: 2
  Operators: ⊗Y → ⊗Y⁻¹

Step 3418: step_60
  Value: 4.737829e-02
  NRCI: 0.999997000000
  Net refinements: 0
  Composition depth: 2
  Operators: ⊗Y → ⊗Y⁻¹

Step 3419: step_60
  Value: 4.710184e-02
  NRCI: 0.999997000000
  Net refinements: 0
  Composition depth: 2
  Operators: ⊗Y → ⊗Y⁻¹

Step 3420: step_60
  Value: 4.681239e-02
  NRCI: 0.999997000000
  Net refinements: 0
  Composition depth: 2
  Operators: ⊗Y → ⊗Y⁻¹

Step 3421: step_60
  Value: 4.651021e-02
  NRCI: 0.999997000000
  Net refinements: 0
  Composition depth: 2
  Operators: ⊗Y → ⊗Y⁻¹

Step 3422: step_60
  Value: 4.619555e-02
  NRCI: 0.999997000000
  Net refinements: 0
  Composition depth: 2
  Operators: ⊗Y → ⊗Y⁻¹

Step 3423: step_60
  Value: 4.586871e-02
  NRCI: 0.999997000000
  Net refinements: 0
  Composition depth: 2
  Operators: ⊗Y → ⊗Y⁻¹

Step 3424: step_60
  Value: 4.552996e-02
  NRCI: 0.999997000000
  Net refinements: 0
  Composition depth: 2
  Operators: ⊗Y → ⊗Y⁻¹

Step 3425: step_60
  Value: 4.517962e-02
  NRCI: 0.999997000000
  Net refinements: 0
  Composition depth: 2
  Operators: ⊗Y → ⊗Y⁻¹

Step 3426: step_60
  Value: 4.481798e-02
  NRCI: 0.999997000000
  Net refinements: 0
  Composition depth: 2
  Operators: ⊗Y → ⊗Y⁻¹

Step 3427: step_60
  Value: 4.444536e-02
  NRCI: 0.999997000000
  Net refinements: 0
  Composition depth: 2
  Operators: ⊗Y → ⊗Y⁻¹

Step 3428: step_60
  Value: 4.406209e-02
  NRCI: 0.999997000000
  Net refinements: 0
  Composition depth: 2
  Operators: ⊗Y → ⊗Y⁻¹

Step 3429: step_60
  Value: 4.366848e-02
  NRCI: 0.999997000000
  Net refinements: 0
  Composition depth: 2
  Operators: ⊗Y → ⊗Y⁻¹

Step 3430: step_60
  Value: 4.326489e-02
  NRCI: 0.999997000000
  Net refinements: 0
  Composition depth: 2
  Operators: ⊗Y → ⊗Y⁻¹

Step 3431: step_60
  Value: 4.285166e-02
  NRCI: 0.999997000000
  Net refinements: 0
  Composition depth: 2
  Operators: ⊗Y → ⊗Y⁻¹

Step 3432: step_60
  Value: 4.242912e-02
  NRCI: 0.999997000000
  Net refinements: 0
  Composition depth: 2
  Operators: ⊗Y → ⊗Y⁻¹

Step 3433: step_60
  Value: 4.199765e-02
  NRCI: 0.999997000000
  Net refinements: 0
  Composition depth: 2
  Operators: ⊗Y → ⊗Y⁻¹

Step 3434: step_60
  Value: 4.155759e-02
  NRCI: 0.999997000000
  Net refinements: 0
  Composition depth: 2
  Operators: ⊗Y → ⊗Y⁻¹

Step 3435: step_60
  Value: 4.110930e-02
  NRCI: 0.999997000000
  Net refinements: 0
  Composition depth: 2
  Operators: ⊗Y → ⊗Y⁻¹

Step 3436: step_60
  Value: 4.065316e-02
  NRCI: 0.999997000000
  Net refinements: 0
  Composition depth: 2
  Operators: ⊗Y → ⊗Y⁻¹

Step 3437: step_60
  Value: 4.018954e-02
  NRCI: 0.999997000000
  Net refinements: 0
  Composition depth: 2
  Operators: ⊗Y → ⊗Y⁻¹

Step 3438: step_60
  Value: 3.971881e-02
  NRCI: 0.999997000000
  Net refinements: 0
  Composition depth: 2
  Operators: ⊗Y → ⊗Y⁻¹

Step 3439: step_60
  Value: 3.924134e-02
  NRCI: 0.999997000000
  Net refinements: 0
  Composition depth: 2
  Operators: ⊗Y → ⊗Y⁻¹

Step 3440: step_60
  Value: 3.875752e-02
  NRCI: 0.999997000000
  Net refinements: 0
  Composition depth: 2
  Operators: ⊗Y → ⊗Y⁻¹

Step 3441: step_60
  Value: 3.826771e-02
  NRCI: 0.999997000000
  Net refinements: 0
  Composition depth: 2
  Operators: ⊗Y → ⊗Y⁻¹

Step 3442: step_60
  Value: 3.777230e-02
  NRCI: 0.999997000000
  Net refinements: 0
  Composition depth: 2
  Operators: ⊗Y → ⊗Y⁻¹

Step 3443: step_60
  Value: 3.727167e-02
  NRCI: 0.999997000000
  Net refinements: 0
  Composition depth: 2
  Operators: ⊗Y → ⊗Y⁻¹

Step 3444: step_60
  Value: 3.676620e-02
  NRCI: 0.999997000000
  Net refinements: 0
  Composition depth: 2
  Operators: ⊗Y → ⊗Y⁻¹

Step 3445: step_60
  Value: 3.625627e-02
  NRCI: 0.999997000000
  Net refinements: 0
  Composition depth: 2
  Operators: ⊗Y → ⊗Y⁻¹

Step 3446: step_60
  Value: 3.574225e-02
  NRCI: 0.999997000000
  Net refinements: 0
  Composition depth: 2
  Operators: ⊗Y → ⊗Y⁻¹

Step 3447: step_60
  Value: 3.522453e-02
  NRCI: 0.999997000000
  Net refinements: 0
  Composition depth: 2
  Operators: ⊗Y → ⊗Y⁻¹

Step 3448: step_60
  Value: 3.470347e-02
  NRCI: 0.999997000000
  Net refinements: 0
  Composition depth: 2
  Operators: ⊗Y → ⊗Y⁻¹

Step 3449: step_60
  Value: 3.417945e-02
  NRCI: 0.999997000000
  Net refinements: 0
  Composition depth: 2
  Operators: ⊗Y → ⊗Y⁻¹

Step 3450: step_60
  Value: 3.365284e-02
  NRCI: 0.999997000000
  Net refinements: 0
  Composition depth: 2
  Operators: ⊗Y → ⊗Y⁻¹

Step 3451: step_60
  Value: 3.312400e-02
  NRCI: 0.999997000000
  Net refinements: 0
  Composition depth: 2
  Operators: ⊗Y → ⊗Y⁻¹

Step 3452: step_60
  Value: 3.259330e-02
  NRCI: 0.999997000000
  Net refinements: 0
  Composition depth: 2
  Operators: ⊗Y → ⊗Y⁻¹

Step 3453: step_60
  Value: 3.206109e-02
  NRCI: 0.999997000000
  Net refinements: 0
  Composition depth: 2
  Operators: ⊗Y → ⊗Y⁻¹

Step 3454: step_60
  Value: 3.152773e-02
  NRCI: 0.999997000000
  Net refinements: 0
  Composition depth: 2
  Operators: ⊗Y → ⊗Y⁻¹

Step 3455: step_60
  Value: 3.099357e-02
  NRCI: 0.999997000000
  Net refinements: 0
  Composition depth: 2
  Operators: ⊗Y → ⊗Y⁻¹

Step 3456: step_60
  Value: 3.045895e-02
  NRCI: 0.999997000000
  Net refinements: 0
  Composition depth: 2
  Operators: ⊗Y → ⊗Y⁻¹

Step 3457: step_60
  Value: 2.992421e-02
  NRCI: 0.999997000000
  Net refinements: 0
  Composition depth: 2
  Operators: ⊗Y → ⊗Y⁻¹

Step 3458: step_60
  Value: 2.938969e-02
  NRCI: 0.999997000000
  Net refinements: 0
  Composition depth: 2
  Operators: ⊗Y → ⊗Y⁻¹

Step 3459: step_60
  Value: 2.885571e-02
  NRCI: 0.999997000000
  Net refinements: 0
  Composition depth: 2
  Operators: ⊗Y → ⊗Y⁻¹

Step 3460: step_60
  Value: 2.832258e-02
  NRCI: 0.999997000000
  Net refinements: 0
  Composition depth: 2
  Operators: ⊗Y → ⊗Y⁻¹

Step 3461: step_60
  Value: 2.779064e-02
  NRCI: 0.999997000000
  Net refinements: 0
  Composition depth: 2
  Operators: ⊗Y → ⊗Y⁻¹

Step 3462: step_60
  Value: 2.726017e-02
  NRCI: 0.999997000000
  Net refinements: 0
  Composition depth: 2
  Operators: ⊗Y → ⊗Y⁻¹

Step 3463: step_60
  Value: 2.673149e-02
  NRCI: 0.999997000000
  Net refinements: 0
  Composition depth: 2
  Operators: ⊗Y → ⊗Y⁻¹

Step 3464: step_60
  Value: 2.620488e-02
  NRCI: 0.999997000000
  Net refinements: 0
  Composition depth: 2
  Operators: ⊗Y → ⊗Y⁻¹

Step 3465: step_60
  Value: 2.568062e-02
  NRCI: 0.999997000000
  Net refinements: 0
  Composition depth: 2
  Operators: ⊗Y → ⊗Y⁻¹

Step 3466: step_60
  Value: 2.515900e-02
  NRCI: 0.999997000000
  Net refinements: 0
  Composition depth: 2
  Operators: ⊗Y → ⊗Y⁻¹

Step 3467: step_60
  Value: 2.464029e-02
  NRCI: 0.999997000000
  Net refinements: 0
  Composition depth: 2
  Operators: ⊗Y → ⊗Y⁻¹

Step 3468: step_60
  Value: 2.412474e-02
  NRCI: 0.999997000000
  Net refinements: 0
  Composition depth: 2
  Operators: ⊗Y → ⊗Y⁻¹

Step 3469: step_60
  Value: 2.361260e-02
  NRCI: 0.999997000000
  Net refinements: 0
  Composition depth: 2
  Operators: ⊗Y → ⊗Y⁻¹

Step 3470: step_60
  Value: 2.310413e-02
  NRCI: 0.999997000000
  Net refinements: 0
  Composition depth: 2
  Operators: ⊗Y → ⊗Y⁻¹

Step 3471: step_60
  Value: 2.259955e-02
  NRCI: 0.999997000000
  Net refinements: 0
  Composition depth: 2
  Operators: ⊗Y → ⊗Y⁻¹

Step 3472: step_60
  Value: 2.209909e-02
  NRCI: 0.999997000000
  Net refinements: 0
  Composition depth: 2
  Operators: ⊗Y → ⊗Y⁻¹

Step 3473: step_60
  Value: 2.160297e-02
  NRCI: 0.999997000000
  Net refinements: 0
  Composition depth: 2
  Operators: ⊗Y → ⊗Y⁻¹

Step 3474: step_60
  Value: 2.111140e-02
  NRCI: 0.999997000000
  Net refinements: 0
  Composition depth: 2
  Operators: ⊗Y → ⊗Y⁻¹

Step 3475: step_60
  Value: 2.062457e-02
  NRCI: 0.999997000000
  Net refinements: 0
  Composition depth: 2
  Operators: ⊗Y → ⊗Y⁻¹

Step 3476: step_60
  Value: 2.014269e-02
  NRCI: 0.999997000000
  Net refinements: 0
  Composition depth: 2
  Operators: ⊗Y → ⊗Y⁻¹

Step 3477: step_60
  Value: 1.966592e-02
  NRCI: 0.999997000000
  Net refinements: 0
  Composition depth: 2
  Operators: ⊗Y → ⊗Y⁻¹

Step 3478: step_60
  Value: 1.919445e-02
  NRCI: 0.999997000000
  Net refinements: 0
  Composition depth: 2
  Operators: ⊗Y → ⊗Y⁻¹

Step 3479: step_60
  Value: 1.872843e-02
  NRCI: 0.999997000000
  Net refinements: 0
  Composition depth: 2
  Operators: ⊗Y → ⊗Y⁻¹

Step 3480: step_60
  Value: 1.826803e-02
  NRCI: 0.999997000000
  Net refinements: 0
  Composition depth: 2
  Operators: ⊗Y → ⊗Y⁻¹

Step 3481: step_60
  Value: 1.781338e-02
  NRCI: 0.999997000000
  Net refinements: 0
  Composition depth: 2
  Operators: ⊗Y → ⊗Y⁻¹

Step 3482: step_60
  Value: 1.736463e-02
  NRCI: 0.999997000000
  Net refinements: 0
  Composition depth: 2
  Operators: ⊗Y → ⊗Y⁻¹

Step 3483: step_60
  Value: 1.692190e-02
  NRCI: 0.999997000000
  Net refinements: 0
  Composition depth: 2
  Operators: ⊗Y → ⊗Y⁻¹

Step 3484: step_60
  Value: 1.648532e-02
  NRCI: 0.999997000000
  Net refinements: 0
  Composition depth: 2
  Operators: ⊗Y → ⊗Y⁻¹

Step 3485: step_60
  Value: 1.605498e-02
  NRCI: 0.999997000000
  Net refinements: 0
  Composition depth: 2
  Operators: ⊗Y → ⊗Y⁻¹

Step 3486: step_60
  Value: 1.563100e-02
  NRCI: 0.999997000000
  Net refinements: 0
  Composition depth: 2
  Operators: ⊗Y → ⊗Y⁻¹

Step 3487: step_60
  Value: 1.521347e-02
  NRCI: 0.999997000000
  Net refinements: 0
  Composition depth: 2
  Operators: ⊗Y → ⊗Y⁻¹

Step 3488: step_60
  Value: 1.480247e-02
  NRCI: 0.999997000000
  Net refinements: 0
  Composition depth: 2
  Operators: ⊗Y → ⊗Y⁻¹

Step 3489: step_60
  Value: 1.439808e-02
  NRCI: 0.999997000000
  Net refinements: 0
  Composition depth: 2
  Operators: ⊗Y → ⊗Y⁻¹

Step 3490: step_60
  Value: 1.400037e-02
  NRCI: 0.999997000000
  Net refinements: 0
  Composition depth: 2
  Operators: ⊗Y → ⊗Y⁻¹

Step 3491: step_60
  Value: 1.360939e-02
  NRCI: 0.999997000000
  Net refinements: 0
  Composition depth: 2
  Operators: ⊗Y → ⊗Y⁻¹

Step 3492: step_60
  Value: 1.322520e-02
  NRCI: 0.999997000000
  Net refinements: 0
  Composition depth: 2
  Operators: ⊗Y → ⊗Y⁻¹

Step 3493: step_60
  Value: 1.284785e-02
  NRCI: 0.999997000000
  Net refinements: 0
  Composition depth: 2
  Operators: ⊗Y → ⊗Y⁻¹

Step 3494: step_60
  Value: 1.247737e-02
  NRCI: 0.999997000000
  Net refinements: 0
  Composition depth: 2
  Operators: ⊗Y → ⊗Y⁻¹

Step 3495: step_60
  Value: 1.211380e-02
  NRCI: 0.999997000000
  Net refinements: 0
  Composition depth: 2
  Operators: ⊗Y → ⊗Y⁻¹

Step 3496: step_60
  Value: 1.175714e-02
  NRCI: 0.999997000000
  Net refinements: 0
  Composition depth: 2
  Operators: ⊗Y → ⊗Y⁻¹

Step 3497: step_60
  Value: 1.140743e-02
  NRCI: 0.999997000000
  Net refinements: 0
  Composition depth: 2
  Operators: ⊗Y → ⊗Y⁻¹

Step 3498: step_60
  Value: 1.106466e-02
  NRCI: 0.999997000000
  Net refinements: 0
  Composition depth: 2
  Operators: ⊗Y → ⊗Y⁻¹

Step 3499: step_60
  Value: 1.072885e-02
  NRCI: 0.999997000000
  Net refinements: 0
  Composition depth: 2
  Operators: ⊗Y → ⊗Y⁻¹

Step 3500: step_60
  Value: 1.039998e-02
  NRCI: 0.999997000000
  Net refinements: 0
  Composition depth: 2
  Operators: ⊗Y → ⊗Y⁻¹

Step 3501: step_60
  Value: 1.007804e-02
  NRCI: 0.999997000000
  Net refinements: 0
  Composition depth: 2
  Operators: ⊗Y → ⊗Y⁻¹

Step 3502: step_60
  Value: 9.763029e-03
  NRCI: 0.999997000000
  Net refinements: 0
  Composition depth: 2
  Operators: ⊗Y → ⊗Y⁻¹

Step 3503: step_60
  Value: 9.454907e-03
  NRCI: 0.999997000000
  Net refinements: 0
  Composition depth: 2
  Operators: ⊗Y → ⊗Y⁻¹

Step 3504: step_60
  Value: 9.153653e-03
  NRCI: 0.999997000000
  Net refinements: 0
  Composition depth: 2
  Operators: ⊗Y → ⊗Y⁻¹

Step 3505: step_60
  Value: 8.859232e-03
  NRCI: 0.999997000000
  Net refinements: 0
  Composition depth: 2
  Operators: ⊗Y → ⊗Y⁻¹

Step 3506: step_60
  Value: 8.571606e-03
  NRCI: 0.999997000000
  Net refinements: 0
  Composition depth: 2
  Operators: ⊗Y → ⊗Y⁻¹

Step 3507: step_60
  Value: 8.290729e-03
  NRCI: 0.999997000000
  Net refinements: 0
  Composition depth: 2
  Operators: ⊗Y → ⊗Y⁻¹

Step 3508: step_60
  Value: 8.016554e-03
  NRCI: 0.999997000000
  Net refinements: 0
  Composition depth: 2
  Operators: ⊗Y → ⊗Y⁻¹

Step 3509: step_60
  Value: 7.749027e-03
  NRCI: 0.999997000000
  Net refinements: 0
  Composition depth: 2
  Operators: ⊗Y → ⊗Y⁻¹

Step 3510: step_60
  Value: 7.488090e-03
  NRCI: 0.999997000000
  Net refinements: 0
  Composition depth: 2
  Operators: ⊗Y → ⊗Y⁻¹

Step 3511: step_60
  Value: 7.233682e-03
  NRCI: 0.999997000000
  Net refinements: 0
  Composition depth: 2
  Operators: ⊗Y → ⊗Y⁻¹

Step 3512: step_60
  Value: 6.985737e-03
  NRCI: 0.999997000000
  Net refinements: 0
  Composition depth: 2
  Operators: ⊗Y → ⊗Y⁻¹

Step 3513: step_60
  Value: 6.744186e-03
  NRCI: 0.999997000000
  Net refinements: 0
  Composition depth: 2
  Operators: ⊗Y → ⊗Y⁻¹

Step 3514: step_60
  Value: 6.508955e-03
  NRCI: 0.999997000000
  Net refinements: 0
  Composition depth: 2
  Operators: ⊗Y → ⊗Y⁻¹

Step 3515: step_60
  Value: 6.279968e-03
  NRCI: 0.999997000000
  Net refinements: 0
  Composition depth: 2
  Operators: ⊗Y → ⊗Y⁻¹

Step 3516: step_60
  Value: 6.057146e-03
  NRCI: 0.999997000000
  Net refinements: 0
  Composition depth: 2
  Operators: ⊗Y → ⊗Y⁻¹

Step 3517: step_60
  Value: 5.840407e-03
  NRCI: 0.999997000000
  Net refinements: 0
  Composition depth: 2
  Operators: ⊗Y → ⊗Y⁻¹

Step 3518: step_60
  Value: 5.629667e-03
  NRCI: 0.999997000000
  Net refinements: 0
  Composition depth: 2
  Operators: ⊗Y → ⊗Y⁻¹

Step 3519: step_60
  Value: 5.424837e-03
  NRCI: 0.999997000000
  Net refinements: 0
  Composition depth: 2
  Operators: ⊗Y → ⊗Y⁻¹

Step 3520: step_60
  Value: 5.225828e-03
  NRCI: 0.999997000000
  Net refinements: 0
  Composition depth: 2
  Operators: ⊗Y → ⊗Y⁻¹

Step 3521: step_60
  Value: 5.032549e-03
  NRCI: 0.999997000000
  Net refinements: 0
  Composition depth: 2
  Operators: ⊗Y → ⊗Y⁻¹

Step 3522: step_60
  Value: 4.844907e-03
  NRCI: 0.999997000000
  Net refinements: 0
  Composition depth: 2
  Operators: ⊗Y → ⊗Y⁻¹

Step 3523: step_60
  Value: 4.662805e-03
  NRCI: 0.999997000000
  Net refinements: 0
  Composition depth: 2
  Operators: ⊗Y → ⊗Y⁻¹

Step 3524: step_60
  Value: 4.486147e-03
  NRCI: 0.999997000000
  Net refinements: 0
  Composition depth: 2
  Operators: ⊗Y → ⊗Y⁻¹

Step 3525: step_60
  Value: 4.314835e-03
  NRCI: 0.999997000000
  Net refinements: 0
  Composition depth: 2
  Operators: ⊗Y → ⊗Y⁻¹

Step 3526: step_60
  Value: 4.148770e-03
  NRCI: 0.999997000000
  Net refinements: 0
  Composition depth: 2
  Operators: ⊗Y → ⊗Y⁻¹

Step 3527: step_60
  Value: 3.987852e-03
  NRCI: 0.999997000000
  Net refinements: 0
  Composition depth: 2
  Operators: ⊗Y → ⊗Y⁻¹

Step 3528: step_60
  Value: 3.831979e-03
  NRCI: 0.999997000000
  Net refinements: 0
  Composition depth: 2
  Operators: ⊗Y → ⊗Y⁻¹

Step 3529: step_60
  Value: 3.681050e-03
  NRCI: 0.999997000000
  Net refinements: 0
  Composition depth: 2
  Operators: ⊗Y → ⊗Y⁻¹

Step 3530: step_60
  Value: 3.534962e-03
  NRCI: 0.999997000000
  Net refinements: 0
  Composition depth: 2
  Operators: ⊗Y → ⊗Y⁻¹

Step 3531: step_60
  Value: 3.393614e-03
  NRCI: 0.999997000000
  Net refinements: 0
  Composition depth: 2
  Operators: ⊗Y → ⊗Y⁻¹

Step 3532: step_60
  Value: 3.256908e-03
  NRCI: 0.999997000000
  Net refinements: 0
  Composition depth: 2
  Operators: ⊗Y → ⊗Y⁻¹

Step 3533: step_60
  Value: 3.124757e-03
  NRCI: 0.999997000000
  Net refinements: 0
  Composition depth: 2
  Operators: ⊗Y → ⊗Y⁻¹

Step 3534: step_60
  Value: 2.997115e-03
  NRCI: 0.999997000000
  Net refinements: 0
  Composition depth: 2
  Operators: ⊗Y → ⊗Y⁻¹

Step 3535: step_60
  Value: 2.874053e-03
  NRCI: 0.999997000000
  Net refinements: 0
  Composition depth: 2
  Operators: ⊗Y → ⊗Y⁻¹

Step 3536: step_60
  Value: 2.755975e-03
  NRCI: 0.999997000000
  Net refinements: 0
  Composition depth: 2
  Operators: ⊗Y → ⊗Y⁻¹

Step 3537: step_60
  Value: 2.644128e-03
  NRCI: 0.999997000000
  Net refinements: 0
  Composition depth: 2
  Operators: ⊗Y → ⊗Y⁻¹

Step 3538: step_60
  Value: 2.541738e-03
  NRCI: 0.999997000000
  Net refinements: 0
  Composition depth: 2
  Operators: ⊗Y → ⊗Y⁻¹

Step 3539: step_60
  Value: 2.456219e-03
  NRCI: 0.999997000000
  Net refinements: 0
  Composition depth: 2
  Operators: ⊗Y → ⊗Y⁻¹

Step 3540: step_60
  Value: 2.402996e-03
  NRCI: 0.999997000000
  Net refinements: 0
  Composition depth: 2
  Operators: ⊗Y → ⊗Y⁻¹

Step 3541: step_60
  Value: 2.411082e-03
  NRCI: 0.999997000000
  Net refinements: 0
  Composition depth: 2
  Operators: ⊗Y → ⊗Y⁻¹

Step 3542: step_60
  Value: 2.529493e-03
  NRCI: 0.999997000000
  Net refinements: 0
  Composition depth: 2
  Operators: ⊗Y → ⊗Y⁻¹

Step 3543: step_60
  Value: 2.831701e-03
  NRCI: 0.999997000000
  Net refinements: 0
  Composition depth: 2
  Operators: ⊗Y → ⊗Y⁻¹

Step 3544: step_60
  Value: 3.413307e-03
  NRCI: 0.999997000000
  Net refinements: 0
  Composition depth: 2
  Operators: ⊗Y → ⊗Y⁻¹

Step 3545: step_60
  Value: 4.377624e-03
  NRCI: 0.999997000000
  Net refinements: 0
  Composition depth: 2
  Operators: ⊗Y → ⊗Y⁻¹

Step 3546: step_60
  Value: 5.807082e-03
  NRCI: 0.999997000000
  Net refinements: 0
  Composition depth: 2
  Operators: ⊗Y → ⊗Y⁻¹

Step 3547: step_60
  Value: 7.725648e-03
  NRCI: 0.999997000000
  Net refinements: 0
  Composition depth: 2
  Operators: ⊗Y → ⊗Y⁻¹

Step 3548: step_60
  Value: 1.006622e-02
  NRCI: 0.999997000000
  Net refinements: 0
  Composition depth: 2
  Operators: ⊗Y → ⊗Y⁻¹

Step 3549: step_60
  Value: 1.266080e-02
  NRCI: 0.999997000000
  Net refinements: 0
  Composition depth: 2
  Operators: ⊗Y → ⊗Y⁻¹

Step 3550: step_60
  Value: 1.526511e-02
  NRCI: 0.999997000000
  Net refinements: 0
  Composition depth: 2
  Operators: ⊗Y → ⊗Y⁻¹

Step 3551: step_60
  Value: 1.761381e-02
  NRCI: 0.999997000000
  Net refinements: 0
  Composition depth: 2
  Operators: ⊗Y → ⊗Y⁻¹

Step 3552: step_60
  Value: 1.948610e-02
  NRCI: 0.999997000000
  Net refinements: 0
  Composition depth: 2
  Operators: ⊗Y → ⊗Y⁻¹

Step 3553: step_60
  Value: 2.075543e-02
  NRCI: 0.999997000000
  Net refinements: 0
  Composition depth: 2
  Operators: ⊗Y → ⊗Y⁻¹

Step 3554: step_60
  Value: 2.140506e-02
  NRCI: 0.999997000000
  Net refinements: 0
  Composition depth: 2
  Operators: ⊗Y → ⊗Y⁻¹

Step 3555: step_60
  Value: 2.150903e-02
  NRCI: 0.999997000000
  Net refinements: 0
  Composition depth: 2
  Operators: ⊗Y → ⊗Y⁻¹

Step 3556: step_60
  Value: 2.119259e-02
  NRCI: 0.999997000000
  Net refinements: 0
  Composition depth: 2
  Operators: ⊗Y → ⊗Y⁻¹

Step 3557: step_60
  Value: 2.059108e-02
  NRCI: 0.999997000000
  Net refinements: 0
  Composition depth: 2
  Operators: ⊗Y → ⊗Y⁻¹

Step 3558: step_60
  Value: 1.982079e-02
  NRCI: 0.999997000000
  Net refinements: 0
  Composition depth: 2
  Operators: ⊗Y → ⊗Y⁻¹

Step 3559: step_60
  Value: 1.896559e-02
  NRCI: 0.999997000000
  Net refinements: 0
  Composition depth: 2
  Operators: ⊗Y → ⊗Y⁻¹

Step 3560: step_60
  Value: 1.807572e-02
  NRCI: 0.999997000000
  Net refinements: 0
  Composition depth: 2
  Operators: ⊗Y → ⊗Y⁻¹

Step 3561: step_60
  Value: 1.717254e-02
  NRCI: 0.999997000000
  Net refinements: 0
  Composition depth: 2
  Operators: ⊗Y → ⊗Y⁻¹

Step 3562: step_60
  Value: 1.625437e-02
  NRCI: 0.999997000000
  Net refinements: 0
  Composition depth: 2
  Operators: ⊗Y → ⊗Y⁻¹

Step 3563: step_60
  Value: 1.530153e-02
  NRCI: 0.999997000000
  Net refinements: 0
  Composition depth: 2
  Operators: ⊗Y → ⊗Y⁻¹

Step 3564: step_60
  Value: 1.428169e-02
  NRCI: 0.999997000000
  Net refinements: 0
  Composition depth: 2
  Operators: ⊗Y → ⊗Y⁻¹

Step 3565: step_60
  Value: 1.315771e-02
  NRCI: 0.999997000000
  Net refinements: 0
  Composition depth: 2
  Operators: ⊗Y → ⊗Y⁻¹

Step 3566: step_60
  Value: 1.189940e-02
  NRCI: 0.999997000000
  Net refinements: 0
  Composition depth: 2
  Operators: ⊗Y → ⊗Y⁻¹

Step 3567: step_60
  Value: 1.049779e-02
  NRCI: 0.999997000000
  Net refinements: 0
  Composition depth: 2
  Operators: ⊗Y → ⊗Y⁻¹

Step 3568: step_60
  Value: 8.977199e-03
  NRCI: 0.999997000000
  Net refinements: 0
  Composition depth: 2
  Operators: ⊗Y → ⊗Y⁻¹

Step 3569: step_60
  Value: 7.398692e-03
  NRCI: 0.999997000000
  Net refinements: 0
  Composition depth: 2
  Operators: ⊗Y → ⊗Y⁻¹

Step 3570: step_60
  Value: 5.850907e-03
  NRCI: 0.999997000000
  Net refinements: 0
  Composition depth: 2
  Operators: ⊗Y → ⊗Y⁻¹

Step 3571: step_60
  Value: 4.429674e-03
  NRCI: 0.999997000000
  Net refinements: 0
  Composition depth: 2
  Operators: ⊗Y → ⊗Y⁻¹

Step 3572: step_60
  Value: 3.213962e-03
  NRCI: 0.999997000000
  Net refinements: 0
  Composition depth: 2
  Operators: ⊗Y → ⊗Y⁻¹

Step 3573: step_60
  Value: 2.247814e-03
  NRCI: 0.999997000000
  Net refinements: 0
  Composition depth: 2
  Operators: ⊗Y → ⊗Y⁻¹

Step 3574: step_60
  Value: 1.534836e-03
  NRCI: 0.999997000000
  Net refinements: 0
  Composition depth: 2
  Operators: ⊗Y → ⊗Y⁻¹

Step 3575: step_60
  Value: 1.045442e-03
  NRCI: 0.999997000000
  Net refinements: 0
  Composition depth: 2
  Operators: ⊗Y → ⊗Y⁻¹

Step 3576: step_60
  Value: 7.315079e-04
  NRCI: 0.999997000000
  Net refinements: 0
  Composition depth: 2
  Operators: ⊗Y → ⊗Y⁻¹

Step 3577: step_60
  Value: 5.414638e-04
  NRCI: 0.999997000000
  Net refinements: 0
  Composition depth: 2
  Operators: ⊗Y → ⊗Y⁻¹

Step 3578: step_60
  Value: 4.308304e-04
  NRCI: 0.999997000000
  Net refinements: 0
  Composition depth: 2
  Operators: ⊗Y → ⊗Y⁻¹

Step 3579: step_60
  Value: 3.667647e-04
  NRCI: 0.999997000000
  Net refinements: 0
  Composition depth: 2
  Operators: ⊗Y → ⊗Y⁻¹

Step 3580: step_60
  Value: 3.279057e-04
  NRCI: 0.999997000000
  Net refinements: 0
  Composition depth: 2
  Operators: ⊗Y → ⊗Y⁻¹

Step 3581: step_60
  Value: 3.018133e-04
  NRCI: 0.999997000000
  Net refinements: 0
  Composition depth: 2
  Operators: ⊗Y → ⊗Y⁻¹

Step 3582: step_60
  Value: 2.819288e-04
  NRCI: 0.999997000000
  Net refinements: 0
  Composition depth: 2
  Operators: ⊗Y → ⊗Y⁻¹

Step 3583: step_60
  Value: 2.650925e-04
  NRCI: 0.999997000000
  Net refinements: 0
  Composition depth: 2
  Operators: ⊗Y → ⊗Y⁻¹

Step 3584: step_60
  Value: 2.498991e-04
  NRCI: 0.999997000000
  Net refinements: 0
  Composition depth: 2
  Operators: ⊗Y → ⊗Y⁻¹

Step 3585: step_60
  Value: 2.357617e-04
  NRCI: 0.999997000000
  Net refinements: 0
  Composition depth: 2
  Operators: ⊗Y → ⊗Y⁻¹

Step 3586: step_60
  Value: 2.224415e-04
  NRCI: 0.999997000000
  Net refinements: 0
  Composition depth: 2
  Operators: ⊗Y → ⊗Y⁻¹

Step 3587: step_60
  Value: 2.098354e-04
  NRCI: 0.999997000000
  Net refinements: 0
  Composition depth: 2
  Operators: ⊗Y → ⊗Y⁻¹

Step 3588: step_60
  Value: 1.978898e-04
  NRCI: 0.999997000000
  Net refinements: 0
  Composition depth: 2
  Operators: ⊗Y → ⊗Y⁻¹

Step 3589: step_60
  Value: 1.865682e-04
  NRCI: 0.999997000000
  Net refinements: 0
  Composition depth: 2
  Operators: ⊗Y → ⊗Y⁻¹

Step 3590: step_60
  Value: 1.758399e-04
  NRCI: 0.999997000000
  Net refinements: 0
  Composition depth: 2
  Operators: ⊗Y → ⊗Y⁻¹

Step 3591: step_60
  Value: 1.656769e-04
  NRCI: 0.999997000000
  Net refinements: 0
  Composition depth: 2
  Operators: ⊗Y → ⊗Y⁻¹

Step 3592: step_60
  Value: 1.560527e-04
  NRCI: 0.999997000000
  Net refinements: 0
  Composition depth: 2
  Operators: ⊗Y → ⊗Y⁻¹

Step 3593: step_60
  Value: 1.469417e-04
  NRCI: 0.999997000000
  Net refinements: 0
  Composition depth: 2
  Operators: ⊗Y → ⊗Y⁻¹

Step 3594: step_60
  Value: 1.383194e-04
  NRCI: 0.999997000000
  Net refinements: 0
  Composition depth: 2
  Operators: ⊗Y → ⊗Y⁻¹

Step 3595: step_60
  Value: 1.301624e-04
  NRCI: 0.999997000000
  Net refinements: 0
  Composition depth: 2
  Operators: ⊗Y → ⊗Y⁻¹

Step 3596: step_60
  Value: 1.224483e-04
  NRCI: 0.999997000000
  Net refinements: 0
  Composition depth: 2
  Operators: ⊗Y → ⊗Y⁻¹

Step 3597: step_60
  Value: 1.151553e-04
  NRCI: 0.999997000000
  Net refinements: 0
  Composition depth: 2
  Operators: ⊗Y → ⊗Y⁻¹

Step 3598: step_60
  Value: 1.082630e-04
  NRCI: 0.999997000000
  Net refinements: 0
  Composition depth: 2
  Operators: ⊗Y → ⊗Y⁻¹

Step 3599: step_60
  Value: 1.017514e-04
  NRCI: 0.999997000000
  Net refinements: 0
  Composition depth: 2
  Operators: ⊗Y → ⊗Y⁻¹

Step 3600: step_60
  Value: 9.560163e-05
  NRCI: 0.999997000000
  Net refinements: 0
  Composition depth: 2
  Operators: ⊗Y → ⊗Y⁻¹

Step 3601: step_60
  Value: 8.979551e-05
  NRCI: 0.999997000000
  Net refinements: 0
  Composition depth: 2
  Operators: ⊗Y → ⊗Y⁻¹

Step 3602: step_60
  Value: 8.431568e-05
  NRCI: 0.999997000000
  Net refinements: 0
  Composition depth: 2
  Operators: ⊗Y → ⊗Y⁻¹

Step 3603: step_60
  Value: 7.914556e-05
  NRCI: 0.999997000000
  Net refinements: 0
  Composition depth: 2
  Operators: ⊗Y → ⊗Y⁻¹

Step 3604: step_60
  Value: 7.426929e-05
  NRCI: 0.999997000000
  Net refinements: 0
  Composition depth: 2
  Operators: ⊗Y → ⊗Y⁻¹

Step 3605: step_60
  Value: 6.967169e-05
  NRCI: 0.999997000000
  Net refinements: 0
  Composition depth: 2
  Operators: ⊗Y → ⊗Y⁻¹

Step 3606: step_60
  Value: 6.533832e-05
  NRCI: 0.999997000000
  Net refinements: 0
  Composition depth: 2
  Operators: ⊗Y → ⊗Y⁻¹

Step 3607: step_60
  Value: 6.125534e-05
  NRCI: 0.999997000000
  Net refinements: 0
  Composition depth: 2
  Operators: ⊗Y → ⊗Y⁻¹

Step 3608: step_60
  Value: 5.740959e-05
  NRCI: 0.999997000000
  Net refinements: 0
  Composition depth: 2
  Operators: ⊗Y → ⊗Y⁻¹

Step 3609: step_60
  Value: 5.378850e-05
  NRCI: 0.999997000000
  Net refinements: 0
  Composition depth: 2
  Operators: ⊗Y → ⊗Y⁻¹

Step 3610: step_60
  Value: 5.038008e-05
  NRCI: 0.999997000000
  Net refinements: 0
  Composition depth: 2
  Operators: ⊗Y → ⊗Y⁻¹

Step 3611: step_60
  Value: 4.717293e-05
  NRCI: 0.999997000000
  Net refinements: 0
  Composition depth: 2
  Operators: ⊗Y → ⊗Y⁻¹

Step 3612: step_60
  Value: 4.415622e-05
  NRCI: 0.999997000000
  Net refinements: 0
  Composition depth: 2
  Operators: ⊗Y → ⊗Y⁻¹

Step 3613: step_60
  Value: 4.131973e-05
  NRCI: 0.999997000000
  Net refinements: 0
  Composition depth: 2
  Operators: ⊗Y → ⊗Y⁻¹

Step 3614: step_60
  Value: 3.865409e-05
  NRCI: 0.999997000000
  Net refinements: 0
  Composition depth: 2
  Operators: ⊗Y → ⊗Y⁻¹

Step 3615: step_60
  Value: 3.615139e-05
  NRCI: 0.999997000000
  Net refinements: 0
  Composition depth: 2
  Operators: ⊗Y → ⊗Y⁻¹

Step 3616: step_60
  Value: 3.380697e-05
  NRCI: 0.999997000000
  Net refinements: 0
  Composition depth: 2
  Operators: ⊗Y → ⊗Y⁻¹

Step 3617: step_60
  Value: 3.162370e-05
  NRCI: 0.999997000000
  Net refinements: 0
  Composition depth: 2
  Operators: ⊗Y → ⊗Y⁻¹

Step 3618: step_60
  Value: 2.962136e-05
  NRCI: 0.999997000000
  Net refinements: 0
  Composition depth: 2
  Operators: ⊗Y → ⊗Y⁻¹

Step 3619: step_60
  Value: 2.785514e-05
  NRCI: 0.999997000000
  Net refinements: 0
  Composition depth: 2
  Operators: ⊗Y → ⊗Y⁻¹

Step 3620: step_60
  Value: 2.644720e-05
  NRCI: 0.999997000000
  Net refinements: 0
  Composition depth: 2
  Operators: ⊗Y → ⊗Y⁻¹

Step 3621: step_60
  Value: 2.563258e-05
  NRCI: 0.999997000000
  Net refinements: 0
  Composition depth: 2
  Operators: ⊗Y → ⊗Y⁻¹

Step 3622: step_60
  Value: 2.581115e-05
  NRCI: 0.999997000000
  Net refinements: 0
  Composition depth: 2
  Operators: ⊗Y → ⊗Y⁻¹

Step 3623: step_60
  Value: 2.758183e-05
  NRCI: 0.999997000000
  Net refinements: 0
  Composition depth: 2
  Operators: ⊗Y → ⊗Y⁻¹

Step 3624: step_60
  Value: 3.171847e-05
  NRCI: 0.999997000000
  Net refinements: 0
  Composition depth: 2
  Operators: ⊗Y → ⊗Y⁻¹

Step 3625: step_60
  Value: 3.904398e-05
  NRCI: 0.999997000000
  Net refinements: 0
  Composition depth: 2
  Operators: ⊗Y → ⊗Y⁻¹

Step 3626: step_60
  Value: 5.018687e-05
  NRCI: 0.999997000000
  Net refinements: 0
  Composition depth: 2
  Operators: ⊗Y → ⊗Y⁻¹

Step 3627: step_60
  Value: 6.526753e-05
  NRCI: 0.999997000000
  Net refinements: 0
  Composition depth: 2
  Operators: ⊗Y → ⊗Y⁻¹

Step 3628: step_60
  Value: 8.363370e-05
  NRCI: 0.999997000000
  Net refinements: 0
  Composition depth: 2
  Operators: ⊗Y → ⊗Y⁻¹

Step 3629: step_60
  Value: 1.037952e-04
  NRCI: 0.999997000000
  Net refinements: 0
  Composition depth: 2
  Operators: ⊗Y → ⊗Y⁻¹

Step 3630: step_60
  Value: 1.236522e-04
  NRCI: 0.999997000000
  Net refinements: 0
  Composition depth: 2
  Operators: ⊗Y → ⊗Y⁻¹

Step 3631: step_60
  Value: 1.409764e-04
  NRCI: 0.999997000000
  Net refinements: 0
  Composition depth: 2
  Operators: ⊗Y → ⊗Y⁻¹

Step 3632: step_60
  Value: 1.539700e-04
  NRCI: 0.999997000000
  Net refinements: 0
  Composition depth: 2
  Operators: ⊗Y → ⊗Y⁻¹

Step 3633: step_60
  Value: 1.616743e-04
  NRCI: 0.999997000000
  Net refinements: 0
  Composition depth: 2
  Operators: ⊗Y → ⊗Y⁻¹

Step 3634: step_60
  Value: 1.640814e-04
  NRCI: 0.999997000000
  Net refinements: 0
  Composition depth: 2
  Operators: ⊗Y → ⊗Y⁻¹

Step 3635: step_60
  Value: 1.619485e-04
  NRCI: 0.999997000000
  Net refinements: 0
  Composition depth: 2
  Operators: ⊗Y → ⊗Y⁻¹

Step 3636: step_60
  Value: 1.564442e-04
  NRCI: 0.999997000000
  Net refinements: 0
  Composition depth: 2
  Operators: ⊗Y → ⊗Y⁻¹

Step 3637: step_60
  Value: 1.487915e-04
  NRCI: 0.999997000000
  Net refinements: 0
  Composition depth: 2
  Operators: ⊗Y → ⊗Y⁻¹

Step 3638: step_60
  Value: 1.400217e-04
  NRCI: 0.999997000000
  Net refinements: 0
  Composition depth: 2
  Operators: ⊗Y → ⊗Y⁻¹

Step 3639: step_60
  Value: 1.308689e-04
  NRCI: 0.999997000000
  Net refinements: 0
  Composition depth: 2
  Operators: ⊗Y → ⊗Y⁻¹

Step 3640: step_60
  Value: 1.217736e-04
  NRCI: 0.999997000000
  Net refinements: 0
  Composition depth: 2
  Operators: ⊗Y → ⊗Y⁻¹

Step 3641: step_60
  Value: 1.129369e-04
  NRCI: 0.999997000000
  Net refinements: 0
  Composition depth: 2
  Operators: ⊗Y → ⊗Y⁻¹

Step 3642: step_60
  Value: 1.043843e-04
  NRCI: 0.999997000000
  Net refinements: 0
  Composition depth: 2
  Operators: ⊗Y → ⊗Y⁻¹

Step 3643: step_60
  Value: 9.601822e-05
  NRCI: 0.999997000000
  Net refinements: 0
  Composition depth: 2
  Operators: ⊗Y → ⊗Y⁻¹

Step 3644: step_60
  Value: 8.766320e-05
  NRCI: 0.999997000000
  Net refinements: 0
  Composition depth: 2
  Operators: ⊗Y → ⊗Y⁻¹

Step 3645: step_60
  Value: 7.911657e-05
  NRCI: 0.999997000000
  Net refinements: 0
  Composition depth: 2
  Operators: ⊗Y → ⊗Y⁻¹

Step 3646: step_60
  Value: 7.021349e-05
  NRCI: 0.999997000000
  Net refinements: 0
  Composition depth: 2
  Operators: ⊗Y → ⊗Y⁻¹

Step 3647: step_60
  Value: 6.090130e-05
  NRCI: 0.999997000000
  Net refinements: 0
  Composition depth: 2
  Operators: ⊗Y → ⊗Y⁻¹

Step 3648: step_60
  Value: 5.129943e-05
  NRCI: 0.999997000000
  Net refinements: 0
  Composition depth: 2
  Operators: ⊗Y → ⊗Y⁻¹

Step 3649: step_60
  Value: 4.171360e-05
  NRCI: 0.999997000000
  Net refinements: 0
  Composition depth: 2
  Operators: ⊗Y → ⊗Y⁻¹

Step 3650: step_60
  Value: 3.258434e-05
  NRCI: 0.999997000000
  Net refinements: 0
  Composition depth: 2
  Operators: ⊗Y → ⊗Y⁻¹

Step 3651: step_60
  Value: 2.437944e-05
  NRCI: 0.999997000000
  Net refinements: 0
  Composition depth: 2
  Operators: ⊗Y → ⊗Y⁻¹

Step 3652: step_60
  Value: 1.747005e-05
  NRCI: 0.999997000000
  Net refinements: 0
  Composition depth: 2
  Operators: ⊗Y → ⊗Y⁻¹

Step 3653: step_60
  Value: 1.204051e-05
  NRCI: 0.999997000000
  Net refinements: 0
  Composition depth: 2
  Operators: ⊗Y → ⊗Y⁻¹

Step 3654: step_60
  Value: 8.064796e-06
  NRCI: 0.999997000000
  Net refinements: 0
  Composition depth: 2
  Operators: ⊗Y → ⊗Y⁻¹

Step 3655: step_60
  Value: 5.348863e-06
  NRCI: 0.999997000000
  Net refinements: 0
  Composition depth: 2
  Operators: ⊗Y → ⊗Y⁻¹

Step 3656: step_60
  Value: 3.609926e-06
  NRCI: 0.999997000000
  Net refinements: 0
  Composition depth: 2
  Operators: ⊗Y → ⊗Y⁻¹

Step 3657: step_60
  Value: 2.555874e-06
  NRCI: 0.999997000000
  Net refinements: 0
  Composition depth: 2
  Operators: ⊗Y → ⊗Y⁻¹

Step 3658: step_60
  Value: 1.939297e-06
  NRCI: 0.999997000000
  Net refinements: 0
  Composition depth: 2
  Operators: ⊗Y → ⊗Y⁻¹

Step 3659: step_60
  Value: 1.579424e-06
  NRCI: 0.999997000000
  Net refinements: 0
  Composition depth: 2
  Operators: ⊗Y → ⊗Y⁻¹

Step 3660: step_60
  Value: 1.359416e-06
  NRCI: 0.999997000000
  Net refinements: 0
  Composition depth: 2
  Operators: ⊗Y → ⊗Y⁻¹

Step 3661: step_60
  Value: 1.211445e-06
  NRCI: 0.999997000000
  Net refinements: 0
  Composition depth: 2
  Operators: ⊗Y → ⊗Y⁻¹

Step 3662: step_60
  Value: 1.099733e-06
  NRCI: 0.999997000000
  Net refinements: 0
  Composition depth: 2
  Operators: ⊗Y → ⊗Y⁻¹

Step 3663: step_60
  Value: 1.006941e-06
  NRCI: 0.999997000000
  Net refinements: 0
  Composition depth: 2
  Operators: ⊗Y → ⊗Y⁻¹

Step 3664: step_60
  Value: 9.252192e-07
  NRCI: 0.999997000000
  Net refinements: 0
  Composition depth: 2
  Operators: ⊗Y → ⊗Y⁻¹

Step 3665: step_60
  Value: 8.511452e-07
  NRCI: 0.999997000000
  Net refinements: 0
  Composition depth: 2
  Operators: ⊗Y → ⊗Y⁻¹

Step 3666: step_60
  Value: 7.831874e-07
  NRCI: 0.999997000000
  Net refinements: 0
  Composition depth: 2
  Operators: ⊗Y → ⊗Y⁻¹

Step 3667: step_60
  Value: 7.205650e-07
  NRCI: 0.999997000000
  Net refinements: 0
  Composition depth: 2
  Operators: ⊗Y → ⊗Y⁻¹

Step 3668: step_60
  Value: 6.627818e-07
  NRCI: 0.999997000000
  Net refinements: 0
  Composition depth: 2
  Operators: ⊗Y → ⊗Y⁻¹

Step 3669: step_60
  Value: 6.094528e-07
  NRCI: 0.999997000000
  Net refinements: 0
  Composition depth: 2
  Operators: ⊗Y → ⊗Y⁻¹

Step 3670: step_60
  Value: 5.602425e-07
  NRCI: 0.999997000000
  Net refinements: 0
  Composition depth: 2
  Operators: ⊗Y → ⊗Y⁻¹

Step 3671: step_60
  Value: 5.148457e-07
  NRCI: 0.999997000000
  Net refinements: 0
  Composition depth: 2
  Operators: ⊗Y → ⊗Y⁻¹

Step 3672: step_60
  Value: 4.729799e-07
  NRCI: 0.999997000000
  Net refinements: 0
  Composition depth: 2
  Operators: ⊗Y → ⊗Y⁻¹

Step 3673: step_60
  Value: 4.343829e-07
  NRCI: 0.999997000000
  Net refinements: 0
  Composition depth: 2
  Operators: ⊗Y → ⊗Y⁻¹

Step 3674: step_60
  Value: 3.988111e-07
  NRCI: 0.999997000000
  Net refinements: 0
  Composition depth: 2
  Operators: ⊗Y → ⊗Y⁻¹

Step 3675: step_60
  Value: 3.660381e-07
  NRCI: 0.999997000000
  Net refinements: 0
  Composition depth: 2
  Operators: ⊗Y → ⊗Y⁻¹

Step 3676: step_60
  Value: 3.358534e-07
  NRCI: 0.999997000000
  Net refinements: 0
  Composition depth: 2
  Operators: ⊗Y → ⊗Y⁻¹

Step 3677: step_60
  Value: 3.080616e-07
  NRCI: 0.999997000000
  Net refinements: 0
  Composition depth: 2
  Operators: ⊗Y → ⊗Y⁻¹

Step 3678: step_60
  Value: 2.824815e-07
  NRCI: 0.999997000000
  Net refinements: 0
  Composition depth: 2
  Operators: ⊗Y → ⊗Y⁻¹

Step 3679: step_60
  Value: 2.589446e-07
  NRCI: 0.999997000000
  Net refinements: 0
  Composition depth: 2
  Operators: ⊗Y → ⊗Y⁻¹

Step 3680: step_60
  Value: 2.372947e-07
  NRCI: 0.999997000000
  Net refinements: 0
  Composition depth: 2
  Operators: ⊗Y → ⊗Y⁻¹

Step 3681: step_60
  Value: 2.173871e-07
  NRCI: 0.999997000000
  Net refinements: 0
  Composition depth: 2
  Operators: ⊗Y → ⊗Y⁻¹

Step 3682: step_60
  Value: 1.990875e-07
  NRCI: 0.999997000000
  Net refinements: 0
  Composition depth: 2
  Operators: ⊗Y → ⊗Y⁻¹

Step 3683: step_60
  Value: 1.822714e-07
  NRCI: 0.999997000000
  Net refinements: 0
  Composition depth: 2
  Operators: ⊗Y → ⊗Y⁻¹

Step 3684: step_60
  Value: 1.668237e-07
  NRCI: 0.999997000000
  Net refinements: 0
  Composition depth: 2
  Operators: ⊗Y → ⊗Y⁻¹

Step 3685: step_60
  Value: 1.526375e-07
  NRCI: 0.999997000000
  Net refinements: 0
  Composition depth: 2
  Operators: ⊗Y → ⊗Y⁻¹

Step 3686: step_60
  Value: 1.396141e-07
  NRCI: 0.999997000000
  Net refinements: 0
  Composition depth: 2
  Operators: ⊗Y → ⊗Y⁻¹

Step 3687: step_60
  Value: 1.276620e-07
  NRCI: 0.999997000000
  Net refinements: 0
  Composition depth: 2
  Operators: ⊗Y → ⊗Y⁻¹

Step 3688: step_60
  Value: 1.166967e-07
  NRCI: 0.999997000000
  Net refinements: 0
  Composition depth: 2
  Operators: ⊗Y → ⊗Y⁻¹

Step 3689: step_60
  Value: 1.066400e-07
  NRCI: 0.999997000000
  Net refinements: 0
  Composition depth: 2
  Operators: ⊗Y → ⊗Y⁻¹

Step 3690: step_60
  Value: 9.741948e-08
  NRCI: 0.999997000000
  Net refinements: 0
  Composition depth: 2
  Operators: ⊗Y → ⊗Y⁻¹

Step 3691: step_60
  Value: 8.896847e-08
  NRCI: 0.999997000000
  Net refinements: 0
  Composition depth: 2
  Operators: ⊗Y → ⊗Y⁻¹

Step 3692: step_60
  Value: 8.122521e-08
  NRCI: 0.999997000000
  Net refinements: 0
  Composition depth: 2
  Operators: ⊗Y → ⊗Y⁻¹

Step 3693: step_60
  Value: 7.413274e-08
  NRCI: 0.999997000000
  Net refinements: 0
  Composition depth: 2
  Operators: ⊗Y → ⊗Y⁻¹

Step 3694: step_60
  Value: 6.763846e-08
  NRCI: 0.999997000000
  Net refinements: 0
  Composition depth: 2
  Operators: ⊗Y → ⊗Y⁻¹

Step 3695: step_60
  Value: 6.169384e-08
  NRCI: 0.999997000000
  Net refinements: 0
  Composition depth: 2
  Operators: ⊗Y → ⊗Y⁻¹

Step 3696: step_60
  Value: 5.625412e-08
  NRCI: 0.999997000000
  Net refinements: 0
  Composition depth: 2
  Operators: ⊗Y → ⊗Y⁻¹

Step 3697: step_60
  Value: 5.127803e-08
  NRCI: 0.999997000000
  Net refinements: 0
  Composition depth: 2
  Operators: ⊗Y → ⊗Y⁻¹

Step 3698: step_60
  Value: 4.672753e-08
  NRCI: 0.999997000000
  Net refinements: 0
  Composition depth: 2
  Operators: ⊗Y → ⊗Y⁻¹

Step 3699: step_60
  Value: 4.256756e-08
  NRCI: 0.999997000000
  Net refinements: 0
  Composition depth: 2
  Operators: ⊗Y → ⊗Y⁻¹

Step 3700: step_60
  Value: 3.876583e-08
  NRCI: 0.999997000000
  Net refinements: 0
  Composition depth: 2
  Operators: ⊗Y → ⊗Y⁻¹

Step 3701: step_60
  Value: 3.529263e-08
  NRCI: 0.999997000000
  Net refinements: 0
  Composition depth: 2
  Operators: ⊗Y → ⊗Y⁻¹

Step 3702: step_60
  Value: 3.212057e-08
  NRCI: 0.999997000000
  Net refinements: 0
  Composition depth: 2
  Operators: ⊗Y → ⊗Y⁻¹

Step 3703: step_60
  Value: 2.922449e-08
  NRCI: 0.999997000000
  Net refinements: 0
  Composition depth: 2
  Operators: ⊗Y → ⊗Y⁻¹

Step 3704: step_60
  Value: 2.658124e-08
  NRCI: 0.999997000000
  Net refinements: 0
  Composition depth: 2
  Operators: ⊗Y → ⊗Y⁻¹

Step 3705: step_60
  Value: 2.416951e-08
  NRCI: 0.999997000000
  Net refinements: 0
  Composition depth: 2
  Operators: ⊗Y → ⊗Y⁻¹

Step 3706: step_60
  Value: 2.196974e-08
  NRCI: 0.999997000000
  Net refinements: 0
  Composition depth: 2
  Operators: ⊗Y → ⊗Y⁻¹

Step 3707: step_60
  Value: 1.996395e-08
  NRCI: 0.999997000000
  Net refinements: 0
  Composition depth: 2
  Operators: ⊗Y → ⊗Y⁻¹

Step 3708: step_60
  Value: 1.813563e-08
  NRCI: 0.999997000000
  Net refinements: 0
  Composition depth: 2
  Operators: ⊗Y → ⊗Y⁻¹

Step 3709: step_60
  Value: 1.646960e-08
  NRCI: 0.999997000000
  Net refinements: 0
  Composition depth: 2
  Operators: ⊗Y → ⊗Y⁻¹

Step 3710: step_60
  Value: 1.495196e-08
  NRCI: 0.999997000000
  Net refinements: 0
  Composition depth: 2
  Operators: ⊗Y → ⊗Y⁻¹

Step 3711: step_60
  Value: 1.356992e-08
  NRCI: 0.999997000000
  Net refinements: 0
  Composition depth: 2
  Operators: ⊗Y → ⊗Y⁻¹

Step 3712: step_60
  Value: 1.231179e-08
  NRCI: 0.999997000000
  Net refinements: 0
  Composition depth: 2
  Operators: ⊗Y → ⊗Y⁻¹

Step 3713: step_60
  Value: 1.116682e-08
  NRCI: 0.999997000000
  Net refinements: 0
  Composition depth: 2
  Operators: ⊗Y → ⊗Y⁻¹

Step 3714: step_60
  Value: 1.012517e-08
  NRCI: 0.999997000000
  Net refinements: 0
  Composition depth: 2
  Operators: ⊗Y → ⊗Y⁻¹

Step 3715: step_60
  Value: 9.177820e-09
  NRCI: 0.999997000000
  Net refinements: 0
  Composition depth: 2
  Operators: ⊗Y → ⊗Y⁻¹

Step 3716: step_60
  Value: 8.316511e-09
  NRCI: 0.999997000000
  Net refinements: 0
  Composition depth: 2
  Operators: ⊗Y → ⊗Y⁻¹

Step 3717: step_60
  Value: 7.533682e-09
  NRCI: 0.999997000000
  Net refinements: 0
  Composition depth: 2
  Operators: ⊗Y → ⊗Y⁻¹

Step 3718: step_60
  Value: 6.822411e-09
  NRCI: 0.999997000000
  Net refinements: 0
  Composition depth: 2
  Operators: ⊗Y → ⊗Y⁻¹

Step 3719: step_60
  Value: 6.176365e-09
  NRCI: 0.999997000000
  Net refinements: 0
  Composition depth: 2
  Operators: ⊗Y → ⊗Y⁻¹

Step 3720: step_60
  Value: 5.589751e-09
  NRCI: 0.999997000000
  Net refinements: 0
  Composition depth: 2
  Operators: ⊗Y → ⊗Y⁻¹

Step 3721: step_60
  Value: 5.057273e-09
  NRCI: 0.999997000000
  Net refinements: 0
  Composition depth: 2
  Operators: ⊗Y → ⊗Y⁻¹

Step 3722: step_60
  Value: 4.574091e-09
  NRCI: 0.999997000000
  Net refinements: 0
  Composition depth: 2
  Operators: ⊗Y → ⊗Y⁻¹

Step 3723: step_60
  Value: 4.135782e-09
  NRCI: 0.999997000000
  Net refinements: 0
  Composition depth: 2
  Operators: ⊗Y → ⊗Y⁻¹

Step 3724: step_60
  Value: 3.738307e-09
  NRCI: 0.999997000000
  Net refinements: 0
  Composition depth: 2
  Operators: ⊗Y → ⊗Y⁻¹

Step 3725: step_60
  Value: 3.377977e-09
  NRCI: 0.999997000000
  Net refinements: 0
  Composition depth: 2
  Operators: ⊗Y → ⊗Y⁻¹

Step 3726: step_60
  Value: 3.051427e-09
  NRCI: 0.999997000000
  Net refinements: 0
  Composition depth: 2
  Operators: ⊗Y → ⊗Y⁻¹

Step 3727: step_60
  Value: 2.755584e-09
  NRCI: 0.999997000000
  Net refinements: 0
  Composition depth: 2
  Operators: ⊗Y → ⊗Y⁻¹

Step 3728: step_60
  Value: 2.487647e-09
  NRCI: 0.999997000000
  Net refinements: 0
  Composition depth: 2
  Operators: ⊗Y → ⊗Y⁻¹

Step 3729: step_60
  Value: 2.245062e-09
  NRCI: 0.999997000000
  Net refinements: 0
  Composition depth: 2
  Operators: ⊗Y → ⊗Y⁻¹

Step 3730: step_60
  Value: 2.025501e-09
  NRCI: 0.999997000000
  Net refinements: 0
  Composition depth: 2
  Operators: ⊗Y → ⊗Y⁻¹

Step 3731: step_60
  Value: 1.826842e-09
  NRCI: 0.999997000000
  Net refinements: 0
  Composition depth: 2
  Operators: ⊗Y → ⊗Y⁻¹

Step 3732: step_60
  Value: 1.647153e-09
  NRCI: 0.999997000000
  Net refinements: 0
  Composition depth: 2
  Operators: ⊗Y → ⊗Y⁻¹

Step 3733: step_60
  Value: 1.484675e-09
  NRCI: 0.999997000000
  Net refinements: 0
  Composition depth: 2
  Operators: ⊗Y → ⊗Y⁻¹

Step 3734: step_60
  Value: 1.337806e-09
  NRCI: 0.999997000000
  Net refinements: 0
  Composition depth: 2
  Operators: ⊗Y → ⊗Y⁻¹

Step 3735: step_60
  Value: 1.205090e-09
  NRCI: 0.999997000000
  Net refinements: 0
  Composition depth: 2
  Operators: ⊗Y → ⊗Y⁻¹

Step 3736: step_60
  Value: 1.085201e-09
  NRCI: 0.999997000000
  Net refinements: 0
  Composition depth: 2
  Operators: ⊗Y → ⊗Y⁻¹

Step 3737: step_60
  Value: 9.769347e-10
  NRCI: 0.999997000000
  Net refinements: 0
  Composition depth: 2
  Operators: ⊗Y → ⊗Y⁻¹

Step 3738: step_60
  Value: 8.791951e-10
  NRCI: 0.999997000000
  Net refinements: 0
  Composition depth: 2
  Operators: ⊗Y → ⊗Y⁻¹

Step 3739: step_60
  Value: 7.909871e-10
  NRCI: 0.999997000000
  Net refinements: 0
  Composition depth: 2
  Operators: ⊗Y → ⊗Y⁻¹

Step 3740: step_60
  Value: 7.114068e-10
  NRCI: 0.999997000000
  Net refinements: 0
  Composition depth: 2
  Operators: ⊗Y → ⊗Y⁻¹

Step 3741: step_60
  Value: 6.396333e-10
  NRCI: 0.999997000000
  Net refinements: 0
  Composition depth: 2
  Operators: ⊗Y → ⊗Y⁻¹

Step 3742: step_60
  Value: 5.749216e-10
  NRCI: 0.999997000000
  Net refinements: 0
  Composition depth: 2
  Operators: ⊗Y → ⊗Y⁻¹

Step 3743: step_60
  Value: 5.165954e-10
  NRCI: 0.999997000000
  Net refinements: 0
  Composition depth: 2
  Operators: ⊗Y → ⊗Y⁻¹

Step 3744: step_60
  Value: 4.640417e-10
  NRCI: 0.999997000000
  Net refinements: 0
  Composition depth: 2
  Operators: ⊗Y → ⊗Y⁻¹

Step 3745: step_60
  Value: 4.167042e-10
  NRCI: 0.999997000000
  Net refinements: 0
  Composition depth: 2
  Operators: ⊗Y → ⊗Y⁻¹

Step 3746: step_60
  Value: 3.740789e-10
  NRCI: 0.999997000000
  Net refinements: 0
  Composition depth: 2
  Operators: ⊗Y → ⊗Y⁻¹

Step 3747: step_60
  Value: 3.357090e-10
  NRCI: 0.999997000000
  Net refinements: 0
  Composition depth: 2
  Operators: ⊗Y → ⊗Y⁻¹

Step 3748: step_60
  Value: 3.011808e-10
  NRCI: 0.999997000000
  Net refinements: 0
  Composition depth: 2
  Operators: ⊗Y → ⊗Y⁻¹

Step 3749: step_60
  Value: 2.701195e-10
  NRCI: 0.999997000000
  Net refinements: 0
  Composition depth: 2
  Operators: ⊗Y → ⊗Y⁻¹

Step 3750: step_60
  Value: 2.421861e-10
  NRCI: 0.999997000000
  Net refinements: 0
  Composition depth: 2
  Operators: ⊗Y → ⊗Y⁻¹

Step 3751: step_60
  Value: 2.170735e-10
  NRCI: 0.999997000000
  Net refinements: 0
  Composition depth: 2
  Operators: ⊗Y → ⊗Y⁻¹

Step 3752: step_60
  Value: 1.945042e-10
  NRCI: 0.999997000000
  Net refinements: 0
  Composition depth: 2
  Operators: ⊗Y → ⊗Y⁻¹

Step 3753: step_60
  Value: 1.742270e-10
  NRCI: 0.999997000000
  Net refinements: 0
  Composition depth: 2
  Operators: ⊗Y → ⊗Y⁻¹

Step 3754: step_60
  Value: 1.560150e-10
  NRCI: 0.999997000000
  Net refinements: 0
  Composition depth: 2
  Operators: ⊗Y → ⊗Y⁻¹

Step 3755: step_60
  Value: 1.396632e-10
  NRCI: 0.999997000000
  Net refinements: 0
  Composition depth: 2
  Operators: ⊗Y → ⊗Y⁻¹

Step 3756: step_60
  Value: 1.249861e-10
  NRCI: 0.999997000000
  Net refinements: 0
  Composition depth: 2
  Operators: ⊗Y → ⊗Y⁻¹

Step 3757: step_60
  Value: 1.118166e-10
  NRCI: 0.999997000000
  Net refinements: 0
  Composition depth: 2
  Operators: ⊗Y → ⊗Y⁻¹

Step 3758: step_60
  Value: 1.000034e-10
  NRCI: 0.999997000000
  Net refinements: 0
  Composition depth: 2
  Operators: ⊗Y → ⊗Y⁻¹

Step 3759: step_60
  Value: 8.941043e-11
  NRCI: 0.999997000000
  Net refinements: 0
  Composition depth: 2
  Operators: ⊗Y → ⊗Y⁻¹

Step 3760: step_60
  Value: 7.991456e-11
  NRCI: 0.999997000000
  Net refinements: 0
  Composition depth: 2
  Operators: ⊗Y → ⊗Y⁻¹

Step 3761: step_60
  Value: 7.140492e-11
  NRCI: 0.999997000000
  Net refinements: 0
  Composition depth: 2
  Operators: ⊗Y → ⊗Y⁻¹

Step 3762: step_60
  Value: 6.378150e-11
  NRCI: 0.999997000000
  Net refinements: 0
  Composition depth: 2
  Operators: ⊗Y → ⊗Y⁻¹

Step 3763: step_60
  Value: 5.695421e-11
  NRCI: 0.999997000000
  Net refinements: 0
  Composition depth: 2
  Operators: ⊗Y → ⊗Y⁻¹

Step 3764: step_60
  Value: 5.084186e-11
  NRCI: 0.999997000000
  Net refinements: 0
  Composition depth: 2
  Operators: ⊗Y → ⊗Y⁻¹

Step 3765: step_60
  Value: 4.537132e-11
  NRCI: 0.999997000000
  Net refinements: 0
  Composition depth: 2
  Operators: ⊗Y → ⊗Y⁻¹

Step 3766: step_60
  Value: 4.047677e-11
  NRCI: 0.999997000000
  Net refinements: 0
  Composition depth: 2
  Operators: ⊗Y → ⊗Y⁻¹

Step 3767: step_60
  Value: 3.609897e-11
  NRCI: 0.999997000000
  Net refinements: 0
  Composition depth: 2
  Operators: ⊗Y → ⊗Y⁻¹

Step 3768: step_60
  Value: 3.218460e-11
  NRCI: 0.999997000000
  Net refinements: 0
  Composition depth: 2
  Operators: ⊗Y → ⊗Y⁻¹

Step 3769: step_60
  Value: 2.868574e-11
  NRCI: 0.999997000000
  Net refinements: 0
  Composition depth: 2
  Operators: ⊗Y → ⊗Y⁻¹

Step 3770: step_60
  Value: 2.555926e-11
  NRCI: 0.999997000000
  Net refinements: 0
  Composition depth: 2
  Operators: ⊗Y → ⊗Y⁻¹

Step 3771: step_60
  Value: 2.276644e-11
  NRCI: 0.999997000000
  Net refinements: 0
  Composition depth: 2
  Operators: ⊗Y → ⊗Y⁻¹

Step 3772: step_60
  Value: 2.027245e-11
  NRCI: 0.999997000000
  Net refinements: 0
  Composition depth: 2
  Operators: ⊗Y → ⊗Y⁻¹

Step 3773: step_60
  Value: 1.804604e-11
  NRCI: 0.999997000000
  Net refinements: 0
  Composition depth: 2
  Operators: ⊗Y → ⊗Y⁻¹

Step 3774: step_60
  Value: 1.605913e-11
  NRCI: 0.999997000000
  Net refinements: 0
  Composition depth: 2
  Operators: ⊗Y → ⊗Y⁻¹

Step 3775: step_60
  Value: 1.428652e-11
  NRCI: 0.999997000000
  Net refinements: 0
  Composition depth: 2
  Operators: ⊗Y → ⊗Y⁻¹

Step 3776: step_60
  Value: 1.270561e-11
  NRCI: 0.999997000000
  Net refinements: 0
  Composition depth: 2
  Operators: ⊗Y → ⊗Y⁻¹

Step 3777: step_60
  Value: 1.129611e-11
  NRCI: 0.999997000000
  Net refinements: 0
  Composition depth: 2
  Operators: ⊗Y → ⊗Y⁻¹

Step 3778: step_60
  Value: 1.003985e-11
  NRCI: 0.999997000000
  Net refinements: 0
  Composition depth: 2
  Operators: ⊗Y → ⊗Y⁻¹

Step 3779: step_60
  Value: 8.920504e-12
  NRCI: 0.999997000000
  Net refinements: 0
  Composition depth: 2
  Operators: ⊗Y → ⊗Y⁻¹

Step 3780: step_60
  Value: 7.923485e-12
  NRCI: 0.999997000000
  Net refinements: 0
  Composition depth: 2
  Operators: ⊗Y → ⊗Y⁻¹

Step 3781: step_60
  Value: 7.035704e-12
  NRCI: 0.999997000000
  Net refinements: 0
  Composition depth: 2
  Operators: ⊗Y → ⊗Y⁻¹

Step 3782: step_60
  Value: 6.245444e-12
  NRCI: 0.999997000000
  Net refinements: 0
  Composition depth: 2
  Operators: ⊗Y → ⊗Y⁻¹

Step 3783: step_60
  Value: 5.542217e-12
  NRCI: 0.999997000000
  Net refinements: 0
  Composition depth: 2
  Operators: ⊗Y → ⊗Y⁻¹

Step 3784: step_60
  Value: 4.916638e-12
  NRCI: 0.999997000000
  Net refinements: 0
  Composition depth: 2
  Operators: ⊗Y → ⊗Y⁻¹

Step 3785: step_60
  Value: 4.360310e-12
  NRCI: 0.999997000000
  Net refinements: 0
  Composition depth: 2
  Operators: ⊗Y → ⊗Y⁻¹

Step 3786: step_60
  Value: 3.865725e-12
  NRCI: 0.999997000000
  Net refinements: 0
  Composition depth: 2
  Operators: ⊗Y → ⊗Y⁻¹

Step 3787: step_60
  Value: 3.426170e-12
  NRCI: 0.999997000000
  Net refinements: 0
  Composition depth: 2
  Operators: ⊗Y → ⊗Y⁻¹

Step 3788: step_60
  Value: 3.035648e-12
  NRCI: 0.999997000000
  Net refinements: 0
  Composition depth: 2
  Operators: ⊗Y → ⊗Y⁻¹

Step 3789: step_60
  Value: 2.688799e-12
  NRCI: 0.999997000000
  Net refinements: 0
  Composition depth: 2
  Operators: ⊗Y → ⊗Y⁻¹

Step 3790: step_60
  Value: 2.380838e-12
  NRCI: 0.999997000000
  Net refinements: 0
  Composition depth: 2
  Operators: ⊗Y → ⊗Y⁻¹

Step 3791: step_60
  Value: 2.107491e-12
  NRCI: 0.999997000000
  Net refinements: 0
  Composition depth: 2
  Operators: ⊗Y → ⊗Y⁻¹

Step 3792: step_60
  Value: 1.864945e-12
  NRCI: 0.999997000000
  Net refinements: 0
  Composition depth: 2
  Operators: ⊗Y → ⊗Y⁻¹

Step 3793: step_60
  Value: 1.649798e-12
  NRCI: 0.999997000000
  Net refinements: 0
  Composition depth: 2
  Operators: ⊗Y → ⊗Y⁻¹

Step 3794: step_60
  Value: 1.459016e-12
  NRCI: 0.999997000000
  Net refinements: 0
  Composition depth: 2
  Operators: ⊗Y → ⊗Y⁻¹

Step 3795: step_60
  Value: 1.289893e-12
  NRCI: 0.999997000000
  Net refinements: 0
  Composition depth: 2
  Operators: ⊗Y → ⊗Y⁻¹

Step 3796: step_60
  Value: 1.140018e-12
  NRCI: 0.999997000000
  Net refinements: 0
  Composition depth: 2
  Operators: ⊗Y → ⊗Y⁻¹

Step 3797: step_60
  Value: 1.007244e-12
  NRCI: 0.999997000000
  Net refinements: 0
  Composition depth: 2
  Operators: ⊗Y → ⊗Y⁻¹

Step 3798: step_60
  Value: 8.896548e-13
  NRCI: 0.999997000000
  Net refinements: 0
  Composition depth: 2
  Operators: ⊗Y → ⊗Y⁻¹

Step 3799: step_60
  Value: 7.855486e-13
  NRCI: 0.999997000000
  Net refinements: 0
  Composition depth: 2
  Operators: ⊗Y → ⊗Y⁻¹

Step 3800: step_60
  Value: 6.934083e-13
  NRCI: 0.999997000000
  Net refinements: 0
  Composition depth: 2
  Operators: ⊗Y → ⊗Y⁻¹

Step 3801: step_60
  Value: 6.118845e-13
  NRCI: 0.999997000000
  Net refinements: 0
  Composition depth: 2
  Operators: ⊗Y → ⊗Y⁻¹

Step 3802: step_60
  Value: 5.397770e-13
  NRCI: 0.999997000000
  Net refinements: 0
  Composition depth: 2
  Operators: ⊗Y → ⊗Y⁻¹

Step 3803: step_60
  Value: 4.760183e-13
  NRCI: 0.999997000000
  Net refinements: 0
  Composition depth: 2
  Operators: ⊗Y → ⊗Y⁻¹

Step 3804: step_60
  Value: 4.196599e-13
  NRCI: 0.999997000000
  Net refinements: 0
  Composition depth: 2
  Operators: ⊗Y → ⊗Y⁻¹

Step 3805: step_60
  Value: 3.698586e-13
  NRCI: 0.999997000000
  Net refinements: 0
  Composition depth: 2
  Operators: ⊗Y → ⊗Y⁻¹

Step 3806: step_60
  Value: 3.258655e-13
  NRCI: 0.999997000000
  Net refinements: 0
  Composition depth: 2
  Operators: ⊗Y → ⊗Y⁻¹

Step 3807: step_60
  Value: 2.870157e-13
  NRCI: 0.999997000000
  Net refinements: 0
  Composition depth: 2
  Operators: ⊗Y → ⊗Y⁻¹

Step 3808: step_60
  Value: 2.527186e-13
  NRCI: 0.999997000000
  Net refinements: 0
  Composition depth: 2
  Operators: ⊗Y → ⊗Y⁻¹

Step 3809: step_60
  Value: 2.224505e-13
  NRCI: 0.999997000000
  Net refinements: 0
  Composition depth: 2
  Operators: ⊗Y → ⊗Y⁻¹

Step 3810: step_60
  Value: 1.957464e-13
  NRCI: 0.999997000000
  Net refinements: 0
  Composition depth: 2
  Operators: ⊗Y → ⊗Y⁻¹

Step 3811: step_60
  Value: 1.721943e-13
  NRCI: 0.999997000000
  Net refinements: 0
  Composition depth: 2
  Operators: ⊗Y → ⊗Y⁻¹

Step 3812: step_60
  Value: 1.514287e-13
  NRCI: 0.999997000000
  Net refinements: 0
  Composition depth: 2
  Operators: ⊗Y → ⊗Y⁻¹

Step 3813: step_60
  Value: 1.331258e-13
  NRCI: 0.999997000000
  Net refinements: 0
  Composition depth: 2
  Operators: ⊗Y → ⊗Y⁻¹

Step 3814: step_60
  Value: 1.169986e-13
  NRCI: 0.999997000000
  Net refinements: 0
  Composition depth: 2
  Operators: ⊗Y → ⊗Y⁻¹

Step 3815: step_60
  Value: 1.027930e-13
  NRCI: 0.999997000000
  Net refinements: 0
  Composition depth: 2
  Operators: ⊗Y → ⊗Y⁻¹

Step 3816: step_60
  Value: 9.028397e-14
  NRCI: 0.999997000000
  Net refinements: 0
  Composition depth: 2
  Operators: ⊗Y → ⊗Y⁻¹

Step 3817: step_60
  Value: 7.927247e-14
  NRCI: 0.999997000000
  Net refinements: 0
  Composition depth: 2
  Operators: ⊗Y → ⊗Y⁻¹

Step 3818: step_60
  Value: 6.958227e-14
  NRCI: 0.999997000000
  Net refinements: 0
  Composition depth: 2
  Operators: ⊗Y → ⊗Y⁻¹

Step 3819: step_60
  Value: 6.105753e-14
  NRCI: 0.999997000000
  Net refinements: 0
  Composition depth: 2
  Operators: ⊗Y → ⊗Y⁻¹

Step 3820: step_60
  Value: 5.356046e-14
  NRCI: 0.999997000000
  Net refinements: 0
  Composition depth: 2
  Operators: ⊗Y → ⊗Y⁻¹

Step 3821: step_60
  Value: 4.696928e-14
  NRCI: 0.999997000000
  Net refinements: 0
  Composition depth: 2
  Operators: ⊗Y → ⊗Y⁻¹

Step 3822: step_60
  Value: 4.117635e-14
  NRCI: 0.999997000000
  Net refinements: 0
  Composition depth: 2
  Operators: ⊗Y → ⊗Y⁻¹

Step 3823: step_60
  Value: 3.608663e-14
  NRCI: 0.999997000000
  Net refinements: 0
  Composition depth: 2
  Operators: ⊗Y → ⊗Y⁻¹

Step 3824: step_60
  Value: 3.161617e-14
  NRCI: 0.999997000000
  Net refinements: 0
  Composition depth: 2
  Operators: ⊗Y → ⊗Y⁻¹

Step 3825: step_60
  Value: 2.769087e-14
  NRCI: 0.999997000000
  Net refinements: 0
  Composition depth: 2
  Operators: ⊗Y → ⊗Y⁻¹

Step 3826: step_60
  Value: 2.424535e-14
  NRCI: 0.999997000000
  Net refinements: 0
  Composition depth: 2
  Operators: ⊗Y → ⊗Y⁻¹

Step 3827: step_60
  Value: 2.122193e-14
  NRCI: 0.999997000000
  Net refinements: 0
  Composition depth: 2
  Operators: ⊗Y → ⊗Y⁻¹

Step 3828: step_60
  Value: 1.856973e-14
  NRCI: 0.999997000000
  Net refinements: 0
  Composition depth: 2
  Operators: ⊗Y → ⊗Y⁻¹

Step 3829: step_60
  Value: 1.624392e-14
  NRCI: 0.999997000000
  Net refinements: 0
  Composition depth: 2
  Operators: ⊗Y → ⊗Y⁻¹

Step 3830: step_60
  Value: 1.420497e-14
  NRCI: 0.999997000000
  Net refinements: 0
  Composition depth: 2
  Operators: ⊗Y → ⊗Y⁻¹

Step 3831: step_60
  Value: 1.241808e-14
  NRCI: 0.999997000000
  Net refinements: 0
  Composition depth: 2
  Operators: ⊗Y → ⊗Y⁻¹

Step 3832: step_60
  Value: 1.085258e-14
  NRCI: 0.999997000000
  Net refinements: 0
  Composition depth: 2
  Operators: ⊗Y → ⊗Y⁻¹

Step 3833: step_60
  Value: 9.481481e-15
  NRCI: 0.999997000000
  Net refinements: 0
  Composition depth: 2
  Operators: ⊗Y → ⊗Y⁻¹

Step 3834: step_60
  Value: 8.281017e-15
  NRCI: 0.999997000000
  Net refinements: 0
  Composition depth: 2
  Operators: ⊗Y → ⊗Y⁻¹

Step 3835: step_60
  Value: 7.230288e-15
  NRCI: 0.999997000000
  Net refinements: 0
  Composition depth: 2
  Operators: ⊗Y → ⊗Y⁻¹

Step 3836: step_60
  Value: 6.310910e-15
  NRCI: 0.999997000000
  Net refinements: 0
  Composition depth: 2
  Operators: ⊗Y → ⊗Y⁻¹

Step 3837: step_60
  Value: 5.506718e-15
  NRCI: 0.999997000000
  Net refinements: 0
  Composition depth: 2
  Operators: ⊗Y → ⊗Y⁻¹

Step 3838: step_60
  Value: 4.803504e-15
  NRCI: 0.999997000000
  Net refinements: 0
  Composition depth: 2
  Operators: ⊗Y → ⊗Y⁻¹

Step 3839: step_60
  Value: 4.188784e-15
  NRCI: 0.999997000000
  Net refinements: 0
  Composition depth: 2
  Operators: ⊗Y → ⊗Y⁻¹

Step 3840: step_60
  Value: 3.651592e-15
  NRCI: 0.999997000000
  Net refinements: 0
  Composition depth: 2
  Operators: ⊗Y → ⊗Y⁻¹

Step 3841: step_60
  Value: 3.182298e-15
  NRCI: 0.999997000000
  Net refinements: 0
  Composition depth: 2
  Operators: ⊗Y → ⊗Y⁻¹

Step 3842: step_60
  Value: 2.772452e-15
  NRCI: 0.999997000000
  Net refinements: 0
  Composition depth: 2
  Operators: ⊗Y → ⊗Y⁻¹

Step 3843: step_60
  Value: 2.414636e-15
  NRCI: 0.999997000000
  Net refinements: 0
  Composition depth: 2
  Operators: ⊗Y → ⊗Y⁻¹

Step 3844: step_60
  Value: 2.102344e-15
  NRCI: 0.999997000000
  Net refinements: 0
  Composition depth: 2
  Operators: ⊗Y → ⊗Y⁻¹

Step 3845: step_60
  Value: 1.829870e-15
  NRCI: 0.999997000000
  Net refinements: 0
  Composition depth: 2
  Operators: ⊗Y → ⊗Y⁻¹

Step 3846: step_60
  Value: 1.592213e-15
  NRCI: 0.999997000000
  Net refinements: 0
  Composition depth: 2
  Operators: ⊗Y → ⊗Y⁻¹

Step 3847: step_60
  Value: 1.384990e-15
  NRCI: 0.999997000000
  Net refinements: 0
  Composition depth: 2
  Operators: ⊗Y → ⊗Y⁻¹

Step 3848: step_60
  Value: 1.204360e-15
  NRCI: 0.999997000000
  Net refinements: 0
  Composition depth: 2
  Operators: ⊗Y → ⊗Y⁻¹

Step 3849: step_60
  Value: 1.046962e-15
  NRCI: 0.999997000000
  Net refinements: 0
  Composition depth: 2
  Operators: ⊗Y → ⊗Y⁻¹

Step 3850: step_60
  Value: 9.098496e-16
  NRCI: 0.999997000000
  Net refinements: 0
  Composition depth: 2
  Operators: ⊗Y → ⊗Y⁻¹

Step 3851: step_60
  Value: 7.904472e-16
  NRCI: 0.999997000000
  Net refinements: 0
  Composition depth: 2
  Operators: ⊗Y → ⊗Y⁻¹

Step 3852: step_60
  Value: 6.865001e-16
  NRCI: 0.999997000000
  Net refinements: 0
  Composition depth: 2
  Operators: ⊗Y → ⊗Y⁻¹

Step 3853: step_60
  Value: 5.960364e-16
  NRCI: 0.999997000000
  Net refinements: 0
  Composition depth: 2
  Operators: ⊗Y → ⊗Y⁻¹

Step 3854: step_60
  Value: 5.173320e-16
  NRCI: 0.999997000000
  Net refinements: 0
  Composition depth: 2
  Operators: ⊗Y → ⊗Y⁻¹

Step 3855: step_60
  Value: 4.488802e-16
  NRCI: 0.999997000000
  Net refinements: 0
  Composition depth: 2
  Operators: ⊗Y → ⊗Y⁻¹

Step 3856: step_60
  Value: 3.893642e-16
  NRCI: 0.999997000000
  Net refinements: 0
  Composition depth: 2
  Operators: ⊗Y → ⊗Y⁻¹

Step 3857: step_60
  Value: 3.376339e-16
  NRCI: 0.999997000000
  Net refinements: 0
  Composition depth: 2
  Operators: ⊗Y → ⊗Y⁻¹

Step 3858: step_60
  Value: 2.926850e-16
  NRCI: 0.999997000000
  Net refinements: 0
  Composition depth: 2
  Operators: ⊗Y → ⊗Y⁻¹

Step 3859: step_60
  Value: 2.536409e-16
  NRCI: 0.999997000000
  Net refinements: 0
  Composition depth: 2
  Operators: ⊗Y → ⊗Y⁻¹

Step 3860: step_60
  Value: 2.197368e-16
  NRCI: 0.999997000000
  Net refinements: 0
  Composition depth: 2
  Operators: ⊗Y → ⊗Y⁻¹

Step 3861: step_60
  Value: 1.903052e-16
  NRCI: 0.999997000000
  Net refinements: 0
  Composition depth: 2
  Operators: ⊗Y → ⊗Y⁻¹

Step 3862: step_60
  Value: 1.647642e-16
  NRCI: 0.999997000000
  Net refinements: 0
  Composition depth: 2
  Operators: ⊗Y → ⊗Y⁻¹

Step 3863: step_60
  Value: 1.426066e-16
  NRCI: 0.999997000000
  Net refinements: 0
  Composition depth: 2
  Operators: ⊗Y → ⊗Y⁻¹

Step 3864: step_60
  Value: 1.233902e-16
  NRCI: 0.999997000000
  Net refinements: 0
  Composition depth: 2
  Operators: ⊗Y → ⊗Y⁻¹

Step 3865: step_60
  Value: 1.067300e-16
  NRCI: 0.999997000000
  Net refinements: 0
  Composition depth: 2
  Operators: ⊗Y → ⊗Y⁻¹

Step 3866: step_60
  Value: 9.229040e-17
  NRCI: 0.999997000000
  Net refinements: 0
  Composition depth: 2
  Operators: ⊗Y → ⊗Y⁻¹

Step 3867: step_60
  Value: 7.977946e-17
  NRCI: 0.999997000000
  Net refinements: 0
  Composition depth: 2
  Operators: ⊗Y → ⊗Y⁻¹

Step 3868: step_60
  Value: 6.894299e-17
  NRCI: 0.999997000000
  Net refinements: 0
  Composition depth: 2
  Operators: ⊗Y → ⊗Y⁻¹

Step 3869: step_60
  Value: 5.955985e-17
  NRCI: 0.999997000000
  Net refinements: 0
  Composition depth: 2
  Operators: ⊗Y → ⊗Y⁻¹

Step 3870: step_60
  Value: 5.143770e-17
  NRCI: 0.999997000000
  Net refinements: 0
  Composition depth: 2
  Operators: ⊗Y → ⊗Y⁻¹

Step 3871: step_60
  Value: 4.440930e-17
  NRCI: 0.999997000000
  Net refinements: 0
  Composition depth: 2
  Operators: ⊗Y → ⊗Y⁻¹

Step 3872: step_60
  Value: 3.832929e-17
  NRCI: 0.999997000000
  Net refinements: 0
  Composition depth: 2
  Operators: ⊗Y → ⊗Y⁻¹

Step 3873: step_60
  Value: 3.307136e-17
  NRCI: 0.999997000000
  Net refinements: 0
  Composition depth: 2
  Operators: ⊗Y → ⊗Y⁻¹

Step 3874: step_60
  Value: 2.852580e-17
  NRCI: 0.999997000000
  Net refinements: 0
  Composition depth: 2
  Operators: ⊗Y → ⊗Y⁻¹

Step 3875: step_60
  Value: 2.459733e-17
  NRCI: 0.999997000000
  Net refinements: 0
  Composition depth: 2
  Operators: ⊗Y → ⊗Y⁻¹

Step 3876: step_60
  Value: 2.120326e-17
  NRCI: 0.999997000000
  Net refinements: 0
  Composition depth: 2
  Operators: ⊗Y → ⊗Y⁻¹

Step 3877: step_60
  Value: 1.827182e-17
  NRCI: 0.999997000000
  Net refinements: 0
  Composition depth: 2
  Operators: ⊗Y → ⊗Y⁻¹

Step 3878: step_60
  Value: 1.574075e-17
  NRCI: 0.999997000000
  Net refinements: 0
  Composition depth: 2
  Operators: ⊗Y → ⊗Y⁻¹

Step 3879: step_60
  Value: 1.355606e-17
  NRCI: 0.999997000000
  Net refinements: 0
  Composition depth: 2
  Operators: ⊗Y → ⊗Y⁻¹

Step 3880: step_60
  Value: 1.167094e-17
  NRCI: 0.999997000000
  Net refinements: 0
  Composition depth: 2
  Operators: ⊗Y → ⊗Y⁻¹

Step 3881: step_60
  Value: 1.004484e-17
  NRCI: 0.999997000000
  Net refinements: 0
  Composition depth: 2
  Operators: ⊗Y → ⊗Y⁻¹

Step 3882: step_60
  Value: 8.642599e-18
  NRCI: 0.999997000000
  Net refinements: 0
  Composition depth: 2
  Operators: ⊗Y → ⊗Y⁻¹

Step 3883: step_60
  Value: 7.433789e-18
  NRCI: 0.999997000000
  Net refinements: 0
  Composition depth: 2
  Operators: ⊗Y → ⊗Y⁻¹

Step 3884: step_60
  Value: 6.392056e-18
  NRCI: 0.999997000000
  Net refinements: 0
  Composition depth: 2
  Operators: ⊗Y → ⊗Y⁻¹

Step 3885: step_60
  Value: 5.494591e-18
  NRCI: 0.999997000000
  Net refinements: 0
  Composition depth: 2
  Operators: ⊗Y → ⊗Y⁻¹

Step 3886: step_60
  Value: 4.721659e-18
  NRCI: 0.999997000000
  Net refinements: 0
  Composition depth: 2
  Operators: ⊗Y → ⊗Y⁻¹

Step 3887: step_60
  Value: 4.056190e-18
  NRCI: 0.999997000000
  Net refinements: 0
  Composition depth: 2
  Operators: ⊗Y → ⊗Y⁻¹

Step 3888: step_60
  Value: 3.483425e-18
  NRCI: 0.999997000000
  Net refinements: 0
  Composition depth: 2
  Operators: ⊗Y → ⊗Y⁻¹

Step 3889: step_60
  Value: 2.990605e-18
  NRCI: 0.999997000000
  Net refinements: 0
  Composition depth: 2
  Operators: ⊗Y → ⊗Y⁻¹

Step 3890: step_60
  Value: 2.566706e-18
  NRCI: 0.999997000000
  Net refinements: 0
  Composition depth: 2
  Operators: ⊗Y → ⊗Y⁻¹

Step 3891: step_60
  Value: 2.202205e-18
  NRCI: 0.999997000000
  Net refinements: 0
  Composition depth: 2
  Operators: ⊗Y → ⊗Y⁻¹

Step 3892: step_60
  Value: 1.888877e-18
  NRCI: 0.999997000000
  Net refinements: 0
  Composition depth: 2
  Operators: ⊗Y → ⊗Y⁻¹

Step 3893: step_60
  Value: 1.619624e-18
  NRCI: 0.999997000000
  Net refinements: 0
  Composition depth: 2
  Operators: ⊗Y → ⊗Y⁻¹

Step 3894: step_60
  Value: 1.388318e-18
  NRCI: 0.999997000000
  Net refinements: 0
  Composition depth: 2
  Operators: ⊗Y → ⊗Y⁻¹

Step 3895: step_60
  Value: 1.189675e-18
  NRCI: 0.999997000000
  Net refinements: 0
  Composition depth: 2
  Operators: ⊗Y → ⊗Y⁻¹

Step 3896: step_60
  Value: 1.019136e-18
  NRCI: 0.999997000000
  Net refinements: 0
  Composition depth: 2
  Operators: ⊗Y → ⊗Y⁻¹

Step 3897: step_60
  Value: 8.727713e-19
  NRCI: 0.999997000000
  Net refinements: 0
  Composition depth: 2
  Operators: ⊗Y → ⊗Y⁻¹

Step 3898: step_60
  Value: 7.471937e-19
  NRCI: 0.999997000000
  Net refinements: 0
  Composition depth: 2
  Operators: ⊗Y → ⊗Y⁻¹

Step 3899: step_60
  Value: 6.394850e-19
  NRCI: 0.999997000000
  Net refinements: 0
  Composition depth: 2
  Operators: ⊗Y → ⊗Y⁻¹

Step 3900: step_60
  Value: 5.471319e-19
  NRCI: 0.999997000000
  Net refinements: 0
  Composition depth: 2
  Operators: ⊗Y → ⊗Y⁻¹

Step 3901: step_60
  Value: 4.679701e-19
  NRCI: 0.999997000000
  Net refinements: 0
  Composition depth: 2
  Operators: ⊗Y → ⊗Y⁻¹

Step 3902: step_60
  Value: 4.001370e-19
  NRCI: 0.999997000000
  Net refinements: 0
  Composition depth: 2
  Operators: ⊗Y → ⊗Y⁻¹

Step 3903: step_60
  Value: 3.420296e-19
  NRCI: 0.999997000000
  Net refinements: 0
  Composition depth: 2
  Operators: ⊗Y → ⊗Y⁻¹

Step 3904: step_60
  Value: 2.922693e-19
  NRCI: 0.999997000000
  Net refinements: 0
  Composition depth: 2
  Operators: ⊗Y → ⊗Y⁻¹

Step 3905: step_60
  Value: 2.496704e-19
  NRCI: 0.999997000000
  Net refinements: 0
  Composition depth: 2
  Operators: ⊗Y → ⊗Y⁻¹

Step 3906: step_60
  Value: 2.132139e-19
  NRCI: 0.999997000000
  Net refinements: 0
  Composition depth: 2
  Operators: ⊗Y → ⊗Y⁻¹

Step 3907: step_60
  Value: 1.820239e-19
  NRCI: 0.999997000000
  Net refinements: 0
  Composition depth: 2
  Operators: ⊗Y → ⊗Y⁻¹

Step 3908: step_60
  Value: 1.553480e-19
  NRCI: 0.999997000000
  Net refinements: 0
  Composition depth: 2
  Operators: ⊗Y → ⊗Y⁻¹

Step 3909: step_60
  Value: 1.325401e-19
  NRCI: 0.999997000000
  Net refinements: 0
  Composition depth: 2
  Operators: ⊗Y → ⊗Y⁻¹

Step 3910: step_60
  Value: 1.130456e-19
  NRCI: 0.999997000000
  Net refinements: 0
  Composition depth: 2
  Operators: ⊗Y → ⊗Y⁻¹

Step 3911: step_60
  Value: 9.638830e-20
  NRCI: 0.999997000000
  Net refinements: 0
  Composition depth: 2
  Operators: ⊗Y → ⊗Y⁻¹

Step 3912: step_60
  Value: 8.215981e-20
  NRCI: 0.999997000000
  Net refinements: 0
  Composition depth: 2
  Operators: ⊗Y → ⊗Y⁻¹

Step 3913: step_60
  Value: 7.000983e-20
  NRCI: 0.999997000000
  Net refinements: 0
  Composition depth: 2
  Operators: ⊗Y → ⊗Y⁻¹

Step 3914: step_60
  Value: 5.963800e-20
  NRCI: 0.999997000000
  Net refinements: 0
  Composition depth: 2
  Operators: ⊗Y → ⊗Y⁻¹

Step 3915: step_60
  Value: 5.078689e-20
  NRCI: 0.999997000000
  Net refinements: 0
  Composition depth: 2
  Operators: ⊗Y → ⊗Y⁻¹

Step 3916: step_60
  Value: 4.323591e-20
  NRCI: 0.999997000000
  Net refinements: 0
  Composition depth: 2
  Operators: ⊗Y → ⊗Y⁻¹

Step 3917: step_60
  Value: 3.679612e-20
  NRCI: 0.999997000000
  Net refinements: 0
  Composition depth: 2
  Operators: ⊗Y → ⊗Y⁻¹

Step 3918: step_60
  Value: 3.130573e-20
  NRCI: 0.999997000000
  Net refinements: 0
  Composition depth: 2
  Operators: ⊗Y → ⊗Y⁻¹

Step 3919: step_60
  Value: 2.662626e-20
  NRCI: 0.999997000000
  Net refinements: 0
  Composition depth: 2
  Operators: ⊗Y → ⊗Y⁻¹

Step 3920: step_60
  Value: 2.263919e-20
  NRCI: 0.999997000000
  Net refinements: 0
  Composition depth: 2
  Operators: ⊗Y → ⊗Y⁻¹

Step 3921: step_60
  Value: 1.924315e-20
  NRCI: 0.999997000000
  Net refinements: 0
  Composition depth: 2
  Operators: ⊗Y → ⊗Y⁻¹

Step 3922: step_60
  Value: 1.635144e-20
  NRCI: 0.999997000000
  Net refinements: 0
  Composition depth: 2
  Operators: ⊗Y → ⊗Y⁻¹

Step 3923: step_60
  Value: 1.388993e-20
  NRCI: 0.999997000000
  Net refinements: 0
  Composition depth: 2
  Operators: ⊗Y → ⊗Y⁻¹

Step 3924: step_60
  Value: 1.179529e-20
  NRCI: 0.999997000000
  Net refinements: 0
  Composition depth: 2
  Operators: ⊗Y → ⊗Y⁻¹

Step 3925: step_60
  Value: 1.001341e-20
  NRCI: 0.999997000000
  Net refinements: 0
  Composition depth: 2
  Operators: ⊗Y → ⊗Y⁻¹

Step 3926: step_60
  Value: 8.498051e-21
  NRCI: 0.999997000000
  Net refinements: 0
  Composition depth: 2
  Operators: ⊗Y → ⊗Y⁻¹

Step 3927: step_60
  Value: 7.209769e-21
  NRCI: 0.999997000000
  Net refinements: 0
  Composition depth: 2
  Operators: ⊗Y → ⊗Y⁻¹

Step 3928: step_60
  Value: 6.114878e-21
  NRCI: 0.999997000000
  Net refinements: 0
  Composition depth: 2
  Operators: ⊗Y → ⊗Y⁻¹

Step 3929: step_60
  Value: 5.184641e-21
  NRCI: 0.999997000000
  Net refinements: 0
  Composition depth: 2
  Operators: ⊗Y → ⊗Y⁻¹

Step 3930: step_60
  Value: 4.394546e-21
  NRCI: 0.999997000000
  Net refinements: 0
  Composition depth: 2
  Operators: ⊗Y → ⊗Y⁻¹

Step 3931: step_60
  Value: 3.723693e-21
  NRCI: 0.999997000000
  Net refinements: 0
  Composition depth: 2
  Operators: ⊗Y → ⊗Y⁻¹

Step 3932: step_60
  Value: 3.154265e-21
  NRCI: 0.999997000000
  Net refinements: 0
  Composition depth: 2
  Operators: ⊗Y → ⊗Y⁻¹

Step 3933: step_60
  Value: 2.671080e-21
  NRCI: 0.999997000000
  Net refinements: 0
  Composition depth: 2
  Operators: ⊗Y → ⊗Y⁻¹

Step 3934: step_60
  Value: 2.261206e-21
  NRCI: 0.999997000000
  Net refinements: 0
  Composition depth: 2
  Operators: ⊗Y → ⊗Y⁻¹

Step 3935: step_60
  Value: 1.913629e-21
  NRCI: 0.999997000000
  Net refinements: 0
  Composition depth: 2
  Operators: ⊗Y → ⊗Y⁻¹

Step 3936: step_60
  Value: 1.618974e-21
  NRCI: 0.999997000000
  Net refinements: 0
  Composition depth: 2
  Operators: ⊗Y → ⊗Y⁻¹

Step 3937: step_60
  Value: 1.369262e-21
  NRCI: 0.999997000000
  Net refinements: 0
  Composition depth: 2
  Operators: ⊗Y → ⊗Y⁻¹

Step 3938: step_60
  Value: 1.157704e-21
  NRCI: 0.999997000000
  Net refinements: 0
  Composition depth: 2
  Operators: ⊗Y → ⊗Y⁻¹

Step 3939: step_60
  Value: 9.785273e-22
  NRCI: 0.999997000000
  Net refinements: 0
  Composition depth: 2
  Operators: ⊗Y → ⊗Y⁻¹

Step 3940: step_60
  Value: 8.268236e-22
  NRCI: 0.999997000000
  Net refinements: 0
  Composition depth: 2
  Operators: ⊗Y → ⊗Y⁻¹

Step 3941: step_60
  Value: 6.984210e-22
  NRCI: 0.999997000000
  Net refinements: 0
  Composition depth: 2
  Operators: ⊗Y → ⊗Y⁻¹

Step 3942: step_60
  Value: 5.897747e-22
  NRCI: 0.999997000000
  Net refinements: 0
  Composition depth: 2
  Operators: ⊗Y → ⊗Y⁻¹

Step 3943: step_60
  Value: 4.978740e-22
  NRCI: 0.999997000000
  Net refinements: 0
  Composition depth: 2
  Operators: ⊗Y → ⊗Y⁻¹

Step 3944: step_60
  Value: 4.201624e-22
  NRCI: 0.999997000000
  Net refinements: 0
  Composition depth: 2
  Operators: ⊗Y → ⊗Y⁻¹

Step 3945: step_60
  Value: 3.544700e-22
  NRCI: 0.999997000000
  Net refinements: 0
  Composition depth: 2
  Operators: ⊗Y → ⊗Y⁻¹

Step 3946: step_60
  Value: 2.989552e-22
  NRCI: 0.999997000000
  Net refinements: 0
  Composition depth: 2
  Operators: ⊗Y → ⊗Y⁻¹

Step 3947: step_60
  Value: 2.520561e-22
  NRCI: 0.999997000000
  Net refinements: 0
  Composition depth: 2
  Operators: ⊗Y → ⊗Y⁻¹

Step 3948: step_60
  Value: 2.124481e-22
  NRCI: 0.999997000000
  Net refinements: 0
  Composition depth: 2
  Operators: ⊗Y → ⊗Y⁻¹

Step 3949: step_60
  Value: 1.790082e-22
  NRCI: 0.999997000000
  Net refinements: 0
  Composition depth: 2
  Operators: ⊗Y → ⊗Y⁻¹

Step 3950: step_60
  Value: 1.507848e-22
  NRCI: 0.999997000000
  Net refinements: 0
  Composition depth: 2
  Operators: ⊗Y → ⊗Y⁻¹

Step 3951: step_60
  Value: 1.269716e-22
  NRCI: 0.999997000000
  Net refinements: 0
  Composition depth: 2
  Operators: ⊗Y → ⊗Y⁻¹

Step 3952: step_60
  Value: 1.068858e-22
  NRCI: 0.999997000000
  Net refinements: 0
  Composition depth: 2
  Operators: ⊗Y → ⊗Y⁻¹

Step 3953: step_60
  Value: 8.994930e-23
  NRCI: 0.999997000000
  Net refinements: 0
  Composition depth: 2
  Operators: ⊗Y → ⊗Y⁻¹

Step 3954: step_60
  Value: 7.567285e-23
  NRCI: 0.999997000000
  Net refinements: 0
  Composition depth: 2
  Operators: ⊗Y → ⊗Y⁻¹

Step 3955: step_60
  Value: 6.364246e-23
  NRCI: 0.999997000000
  Net refinements: 0
  Composition depth: 2
  Operators: ⊗Y → ⊗Y⁻¹

Step 3956: step_60
  Value: 5.350793e-23
  NRCI: 0.999997000000
  Net refinements: 0
  Composition depth: 2
  Operators: ⊗Y → ⊗Y⁻¹

Step 3957: step_60
  Value: 4.497321e-23
  NRCI: 0.999997000000
  Net refinements: 0
  Composition depth: 2
  Operators: ⊗Y → ⊗Y⁻¹

Step 3958: step_60
  Value: 3.778802e-23
  NRCI: 0.999997000000
  Net refinements: 0
  Composition depth: 2
  Operators: ⊗Y → ⊗Y⁻¹

Step 3959: step_60
  Value: 3.174086e-23
  NRCI: 0.999997000000
  Net refinements: 0
  Composition depth: 2
  Operators: ⊗Y → ⊗Y⁻¹

Step 3960: step_60
  Value: 2.665311e-23
  NRCI: 0.999997000000
  Net refinements: 0
  Composition depth: 2
  Operators: ⊗Y → ⊗Y⁻¹

Step 3961: step_60
  Value: 2.237388e-23
  NRCI: 0.999997000000
  Net refinements: 0
  Composition depth: 2
  Operators: ⊗Y → ⊗Y⁻¹

Step 3962: step_60
  Value: 1.877584e-23
  NRCI: 0.999997000000
  Net refinements: 0
  Composition depth: 2
  Operators: ⊗Y → ⊗Y⁻¹

Step 3963: step_60
  Value: 1.575150e-23
  NRCI: 0.999997000000
  Net refinements: 0
  Composition depth: 2
  Operators: ⊗Y → ⊗Y⁻¹

Step 3964: step_60
  Value: 1.321018e-23
  NRCI: 0.999997000000
  Net refinements: 0
  Composition depth: 2
  Operators: ⊗Y → ⊗Y⁻¹

Step 3965: step_60
  Value: 1.107542e-23
  NRCI: 0.999997000000
  Net refinements: 0
  Composition depth: 2
  Operators: ⊗Y → ⊗Y⁻¹

Step 3966: step_60
  Value: 9.282736e-24
  NRCI: 0.999997000000
  Net refinements: 0
  Composition depth: 2
  Operators: ⊗Y → ⊗Y⁻¹

Step 3967: step_60
  Value: 7.777792e-24
  NRCI: 0.999997000000
  Net refinements: 0
  Composition depth: 2
  Operators: ⊗Y → ⊗Y⁻¹

Step 3968: step_60
  Value: 6.514800e-24
  NRCI: 0.999997000000
  Net refinements: 0
  Composition depth: 2
  Operators: ⊗Y → ⊗Y⁻¹

Step 3969: step_60
  Value: 5.455195e-24
  NRCI: 0.999997000000
  Net refinements: 0
  Composition depth: 2
  Operators: ⊗Y → ⊗Y⁻¹

Step 3970: step_60
  Value: 4.566505e-24
  NRCI: 0.999997000000
  Net refinements: 0
  Composition depth: 2
  Operators: ⊗Y → ⊗Y⁻¹

Step 3971: step_60
  Value: 3.821397e-24
  NRCI: 0.999997000000
  Net refinements: 0
  Composition depth: 2
  Operators: ⊗Y → ⊗Y⁻¹

Step 3972: step_60
  Value: 3.196868e-24
  NRCI: 0.999997000000
  Net refinements: 0
  Composition depth: 2
  Operators: ⊗Y → ⊗Y⁻¹

Step 3973: step_60
  Value: 2.673571e-24
  NRCI: 0.999997000000
  Net refinements: 0
  Composition depth: 2
  Operators: ⊗Y → ⊗Y⁻¹

Step 3974: step_60
  Value: 2.235235e-24
  NRCI: 0.999997000000
  Net refinements: 0
  Composition depth: 2
  Operators: ⊗Y → ⊗Y⁻¹

Step 3975: step_60
  Value: 1.868182e-24
  NRCI: 0.999997000000
  Net refinements: 0
  Composition depth: 2
  Operators: ⊗Y → ⊗Y⁻¹

Step 3976: step_60
  Value: 1.560916e-24
  NRCI: 0.999997000000
  Net refinements: 0
  Composition depth: 2
  Operators: ⊗Y → ⊗Y⁻¹

Step 3977: step_60
  Value: 1.303781e-24
  NRCI: 0.999997000000
  Net refinements: 0
  Composition depth: 2
  Operators: ⊗Y → ⊗Y⁻¹

Step 3978: step_60
  Value: 1.088664e-24
  NRCI: 0.999997000000
  Net refinements: 0
  Composition depth: 2
  Operators: ⊗Y → ⊗Y⁻¹

Step 3979: step_60
  Value: 9.087568e-25
  NRCI: 0.999997000000
  Net refinements: 0
  Composition depth: 2
  Operators: ⊗Y → ⊗Y⁻¹

Step 3980: step_60
  Value: 7.583434e-25
  NRCI: 0.999997000000
  Net refinements: 0
  Composition depth: 2
  Operators: ⊗Y → ⊗Y⁻¹

Step 3981: step_60
  Value: 6.326283e-25
  NRCI: 0.999997000000
  Net refinements: 0
  Composition depth: 2
  Operators: ⊗Y → ⊗Y⁻¹

Step 3982: step_60
  Value: 5.275891e-25
  NRCI: 0.999997000000
  Net refinements: 0
  Composition depth: 2
  Operators: ⊗Y → ⊗Y⁻¹

Step 3983: step_60
  Value: 4.398528e-25
  NRCI: 0.999997000000
  Net refinements: 0
  Composition depth: 2
  Operators: ⊗Y → ⊗Y⁻¹

Step 3984: step_60
  Value: 3.665923e-25
  NRCI: 0.999997000000
  Net refinements: 0
  Composition depth: 2
  Operators: ⊗Y → ⊗Y⁻¹

Step 3985: step_60
  Value: 3.054383e-25
  NRCI: 0.999997000000
  Net refinements: 0
  Composition depth: 2
  Operators: ⊗Y → ⊗Y⁻¹

Step 3986: step_60
  Value: 2.544057e-25
  NRCI: 0.999997000000
  Net refinements: 0
  Composition depth: 2
  Operators: ⊗Y → ⊗Y⁻¹

Step 3987: step_60
  Value: 2.118316e-25
  NRCI: 0.999997000000
  Net refinements: 0
  Composition depth: 2
  Operators: ⊗Y → ⊗Y⁻¹

Step 3988: step_60
  Value: 1.763217e-25
  NRCI: 0.999997000000
  Net refinements: 0
  Composition depth: 2
  Operators: ⊗Y → ⊗Y⁻¹

Step 3989: step_60
  Value: 1.467053e-25
  NRCI: 0.999997000000
  Net refinements: 0
  Composition depth: 2
  Operators: ⊗Y → ⊗Y⁻¹

Step 3990: step_60
  Value: 1.219941e-25
  NRCI: 0.999997000000
  Net refinements: 0
  Composition depth: 2
  Operators: ⊗Y → ⊗Y⁻¹

Step 3991: step_60
  Value: 1.013460e-25
  NRCI: 0.999997000000
  Net refinements: 0
  Composition depth: 2
  Operators: ⊗Y → ⊗Y⁻¹

Step 3992: step_60
  Value: 8.403067e-26
  NRCI: 0.999997000000
  Net refinements: 0
  Composition depth: 2
  Operators: ⊗Y → ⊗Y⁻¹

Step 3993: step_60
  Value: 6.939911e-26
  NRCI: 0.999997000000
  Net refinements: 0
  Composition depth: 2
  Operators: ⊗Y → ⊗Y⁻¹

Step 3994: step_60
  Value: 5.686055e-26
  NRCI: 0.999997000000
  Net refinements: 0
  Composition depth: 2
  Operators: ⊗Y → ⊗Y⁻¹

Step 3995: step_60
  Value: 4.587116e-26
  NRCI: 0.999997000000
  Net refinements: 0
  Composition depth: 2
  Operators: ⊗Y → ⊗Y⁻¹

Step 3996: step_60
  Value: 3.593933e-26
  NRCI: 0.999997000000
  Net refinements: 0
  Composition depth: 2
  Operators: ⊗Y → ⊗Y⁻¹

Step 3997: step_60
  Value: 2.664658e-26
  NRCI: 0.999997000000
  Net refinements: 0
  Composition depth: 2
  Operators: ⊗Y → ⊗Y⁻¹

Step 3998: step_60
  Value: 1.767488e-26
  NRCI: 0.999997000000
  Net refinements: 0
  Composition depth: 2
  Operators: ⊗Y → ⊗Y⁻¹

Step 3999: step_60
  Value: 8.823623e-27
  NRCI: 0.999997000000
  Net refinements: 0
  Composition depth: 2
  Operators: ⊗Y → ⊗Y⁻¹

Step 4000: step_80
  Value: 2.477966e-05
  NRCI: 0.999997000000
  Net refinements: 0
  Composition depth: 2
  Operators: ⊗Y → ⊗Y⁻¹

Step 4001: step_80
  Value: 4.856538e-05
  NRCI: 0.999997000000
  Net refinements: 0
  Composition depth: 2
  Operators: ⊗Y → ⊗Y⁻¹

Step 4002: step_80
  Value: 7.055264e-05
  NRCI: 0.999997000000
  Net refinements: 0
  Composition depth: 2
  Operators: ⊗Y → ⊗Y⁻¹

Step 4003: step_80
  Value: 9.025947e-05
  NRCI: 0.999997000000
  Net refinements: 0
  Composition depth: 2
  Operators: ⊗Y → ⊗Y⁻¹

Step 4004: step_80
  Value: 1.075702e-04
  NRCI: 0.999997000000
  Net refinements: 0
  Composition depth: 2
  Operators: ⊗Y → ⊗Y⁻¹

Step 4005: step_80
  Value: 1.226903e-04
  NRCI: 0.999997000000
  Net refinements: 0
  Composition depth: 2
  Operators: ⊗Y → ⊗Y⁻¹

Step 4006: step_80
  Value: 1.360428e-04
  NRCI: 0.999997000000
  Net refinements: 0
  Composition depth: 2
  Operators: ⊗Y → ⊗Y⁻¹

Step 4007: step_80
  Value: 1.481464e-04
  NRCI: 0.999997000000
  Net refinements: 0
  Composition depth: 2
  Operators: ⊗Y → ⊗Y⁻¹

Step 4008: step_80
  Value: 1.595126e-04
  NRCI: 0.999997000000
  Net refinements: 0
  Composition depth: 2
  Operators: ⊗Y → ⊗Y⁻¹

Step 4009: step_80
  Value: 1.705802e-04
  NRCI: 0.999997000000
  Net refinements: 0
  Composition depth: 2
  Operators: ⊗Y → ⊗Y⁻¹

Step 4010: step_80
  Value: 1.816885e-04
  NRCI: 0.999997000000
  Net refinements: 0
  Composition depth: 2
  Operators: ⊗Y → ⊗Y⁻¹

Step 4011: step_80
  Value: 1.930799e-04
  NRCI: 0.999997000000
  Net refinements: 0
  Composition depth: 2
  Operators: ⊗Y → ⊗Y⁻¹

Step 4012: step_80
  Value: 2.049184e-04
  NRCI: 0.999997000000
  Net refinements: 0
  Composition depth: 2
  Operators: ⊗Y → ⊗Y⁻¹

Step 4013: step_80
  Value: 2.173128e-04
  NRCI: 0.999997000000
  Net refinements: 0
  Composition depth: 2
  Operators: ⊗Y → ⊗Y⁻¹

Step 4014: step_80
  Value: 2.303365e-04
  NRCI: 0.999997000000
  Net refinements: 0
  Composition depth: 2
  Operators: ⊗Y → ⊗Y⁻¹

Step 4015: step_80
  Value: 2.440428e-04
  NRCI: 0.999997000000
  Net refinements: 0
  Composition depth: 2
  Operators: ⊗Y → ⊗Y⁻¹

Step 4016: step_80
  Value: 2.584749e-04
  NRCI: 0.999997000000
  Net refinements: 0
  Composition depth: 2
  Operators: ⊗Y → ⊗Y⁻¹

Step 4017: step_80
  Value: 2.736715e-04
  NRCI: 0.999997000000
  Net refinements: 0
  Composition depth: 2
  Operators: ⊗Y → ⊗Y⁻¹

Step 4018: step_80
  Value: 2.896699e-04
  NRCI: 0.999997000000
  Net refinements: 0
  Composition depth: 2
  Operators: ⊗Y → ⊗Y⁻¹

Step 4019: step_80
  Value: 3.065074e-04
  NRCI: 0.999997000000
  Net refinements: 0
  Composition depth: 2
  Operators: ⊗Y → ⊗Y⁻¹

Step 4020: step_80
  Value: 3.242224e-04
  NRCI: 0.999997000000
  Net refinements: 0
  Composition depth: 2
  Operators: ⊗Y → ⊗Y⁻¹

Step 4021: step_80
  Value: 3.428543e-04
  NRCI: 0.999997000000
  Net refinements: 0
  Composition depth: 2
  Operators: ⊗Y → ⊗Y⁻¹

Step 4022: step_80
  Value: 3.624439e-04
  NRCI: 0.999997000000
  Net refinements: 0
  Composition depth: 2
  Operators: ⊗Y → ⊗Y⁻¹

Step 4023: step_80
  Value: 3.830333e-04
  NRCI: 0.999997000000
  Net refinements: 0
  Composition depth: 2
  Operators: ⊗Y → ⊗Y⁻¹

Step 4024: step_80
  Value: 4.046662e-04
  NRCI: 0.999997000000
  Net refinements: 0
  Composition depth: 2
  Operators: ⊗Y → ⊗Y⁻¹

Step 4025: step_80
  Value: 4.273877e-04
  NRCI: 0.999997000000
  Net refinements: 0
  Composition depth: 2
  Operators: ⊗Y → ⊗Y⁻¹

Step 4026: step_80
  Value: 4.512443e-04
  NRCI: 0.999997000000
  Net refinements: 0
  Composition depth: 2
  Operators: ⊗Y → ⊗Y⁻¹

Step 4027: step_80
  Value: 4.762840e-04
  NRCI: 0.999997000000
  Net refinements: 0
  Composition depth: 2
  Operators: ⊗Y → ⊗Y⁻¹

Step 4028: step_80
  Value: 5.025565e-04
  NRCI: 0.999997000000
  Net refinements: 0
  Composition depth: 2
  Operators: ⊗Y → ⊗Y⁻¹

Step 4029: step_80
  Value: 5.301130e-04
  NRCI: 0.999997000000
  Net refinements: 0
  Composition depth: 2
  Operators: ⊗Y → ⊗Y⁻¹

Step 4030: step_80
  Value: 5.590061e-04
  NRCI: 0.999997000000
  Net refinements: 0
  Composition depth: 2
  Operators: ⊗Y → ⊗Y⁻¹

Step 4031: step_80
  Value: 5.892904e-04
  NRCI: 0.999997000000
  Net refinements: 0
  Composition depth: 2
  Operators: ⊗Y → ⊗Y⁻¹

Step 4032: step_80
  Value: 6.210216e-04
  NRCI: 0.999997000000
  Net refinements: 0
  Composition depth: 2
  Operators: ⊗Y → ⊗Y⁻¹

Step 4033: step_80
  Value: 6.542576e-04
  NRCI: 0.999997000000
  Net refinements: 0
  Composition depth: 2
  Operators: ⊗Y → ⊗Y⁻¹

Step 4034: step_80
  Value: 6.890574e-04
  NRCI: 0.999997000000
  Net refinements: 0
  Composition depth: 2
  Operators: ⊗Y → ⊗Y⁻¹

Step 4035: step_80
  Value: 7.254820e-04
  NRCI: 0.999997000000
  Net refinements: 0
  Composition depth: 2
  Operators: ⊗Y → ⊗Y⁻¹

Step 4036: step_80
  Value: 7.635941e-04
  NRCI: 0.999997000000
  Net refinements: 0
  Composition depth: 2
  Operators: ⊗Y → ⊗Y⁻¹

Step 4037: step_80
  Value: 8.034578e-04
  NRCI: 0.999997000000
  Net refinements: 0
  Composition depth: 2
  Operators: ⊗Y → ⊗Y⁻¹

Step 4038: step_80
  Value: 8.451391e-04
  NRCI: 0.999997000000
  Net refinements: 0
  Composition depth: 2
  Operators: ⊗Y → ⊗Y⁻¹

Step 4039: step_80
  Value: 8.887056e-04
  NRCI: 0.999997000000
  Net refinements: 0
  Composition depth: 2
  Operators: ⊗Y → ⊗Y⁻¹

Step 4040: step_80
  Value: 9.342267e-04
  NRCI: 0.999997000000
  Net refinements: 0
  Composition depth: 2
  Operators: ⊗Y → ⊗Y⁻¹

Step 4041: step_80
  Value: 9.817735e-04
  NRCI: 0.999997000000
  Net refinements: 0
  Composition depth: 2
  Operators: ⊗Y → ⊗Y⁻¹

Step 4042: step_80
  Value: 1.031418e-03
  NRCI: 0.999997000000
  Net refinements: 0
  Composition depth: 2
  Operators: ⊗Y → ⊗Y⁻¹

Step 4043: step_80
  Value: 1.083236e-03
  NRCI: 0.999997000000
  Net refinements: 0
  Composition depth: 2
  Operators: ⊗Y → ⊗Y⁻¹

Step 4044: step_80
  Value: 1.137303e-03
  NRCI: 0.999997000000
  Net refinements: 0
  Composition depth: 2
  Operators: ⊗Y → ⊗Y⁻¹

Step 4045: step_80
  Value: 1.193695e-03
  NRCI: 0.999997000000
  Net refinements: 0
  Composition depth: 2
  Operators: ⊗Y → ⊗Y⁻¹

Step 4046: step_80
  Value: 1.252494e-03
  NRCI: 0.999997000000
  Net refinements: 0
  Composition depth: 2
  Operators: ⊗Y → ⊗Y⁻¹

Step 4047: step_80
  Value: 1.313779e-03
  NRCI: 0.999997000000
  Net refinements: 0
  Composition depth: 2
  Operators: ⊗Y → ⊗Y⁻¹

Step 4048: step_80
  Value: 1.377633e-03
  NRCI: 0.999997000000
  Net refinements: 0
  Composition depth: 2
  Operators: ⊗Y → ⊗Y⁻¹

Step 4049: step_80
  Value: 1.444141e-03
  NRCI: 0.999997000000
  Net refinements: 0
  Composition depth: 2
  Operators: ⊗Y → ⊗Y⁻¹

Step 4050: step_80
  Value: 1.513388e-03
  NRCI: 0.999997000000
  Net refinements: 0
  Composition depth: 2
  Operators: ⊗Y → ⊗Y⁻¹

Step 4051: step_80
  Value: 1.585461e-03
  NRCI: 0.999997000000
  Net refinements: 0
  Composition depth: 2
  Operators: ⊗Y → ⊗Y⁻¹

Step 4052: step_80
  Value: 1.660448e-03
  NRCI: 0.999997000000
  Net refinements: 0
  Composition depth: 2
  Operators: ⊗Y → ⊗Y⁻¹

Step 4053: step_80
  Value: 1.738440e-03
  NRCI: 0.999997000000
  Net refinements: 0
  Composition depth: 2
  Operators: ⊗Y → ⊗Y⁻¹

Step 4054: step_80
  Value: 1.819528e-03
  NRCI: 0.999997000000
  Net refinements: 0
  Composition depth: 2
  Operators: ⊗Y → ⊗Y⁻¹

Step 4055: step_80
  Value: 1.903805e-03
  NRCI: 0.999997000000
  Net refinements: 0
  Composition depth: 2
  Operators: ⊗Y → ⊗Y⁻¹

Step 4056: step_80
  Value: 1.991365e-03
  NRCI: 0.999997000000
  Net refinements: 0
  Composition depth: 2
  Operators: ⊗Y → ⊗Y⁻¹

Step 4057: step_80
  Value: 2.082302e-03
  NRCI: 0.999997000000
  Net refinements: 0
  Composition depth: 2
  Operators: ⊗Y → ⊗Y⁻¹

Step 4058: step_80
  Value: 2.176714e-03
  NRCI: 0.999997000000
  Net refinements: 0
  Composition depth: 2
  Operators: ⊗Y → ⊗Y⁻¹

Step 4059: step_80
  Value: 2.274697e-03
  NRCI: 0.999997000000
  Net refinements: 0
  Composition depth: 2
  Operators: ⊗Y → ⊗Y⁻¹

Step 4060: step_80
  Value: 2.376350e-03
  NRCI: 0.999997000000
  Net refinements: 0
  Composition depth: 2
  Operators: ⊗Y → ⊗Y⁻¹

Step 4061: step_80
  Value: 2.481771e-03
  NRCI: 0.999997000000
  Net refinements: 0
  Composition depth: 2
  Operators: ⊗Y → ⊗Y⁻¹

Step 4062: step_80
  Value: 2.591062e-03
  NRCI: 0.999997000000
  Net refinements: 0
  Composition depth: 2
  Operators: ⊗Y → ⊗Y⁻¹

Step 4063: step_80
  Value: 2.704323e-03
  NRCI: 0.999997000000
  Net refinements: 0
  Composition depth: 2
  Operators: ⊗Y → ⊗Y⁻¹

Step 4064: step_80
  Value: 2.821654e-03
  NRCI: 0.999997000000
  Net refinements: 0
  Composition depth: 2
  Operators: ⊗Y → ⊗Y⁻¹

Step 4065: step_80
  Value: 2.943159e-03
  NRCI: 0.999997000000
  Net refinements: 0
  Composition depth: 2
  Operators: ⊗Y → ⊗Y⁻¹

Step 4066: step_80
  Value: 3.068939e-03
  NRCI: 0.999997000000
  Net refinements: 0
  Composition depth: 2
  Operators: ⊗Y → ⊗Y⁻¹

Step 4067: step_80
  Value: 3.199097e-03
  NRCI: 0.999997000000
  Net refinements: 0
  Composition depth: 2
  Operators: ⊗Y → ⊗Y⁻¹

Step 4068: step_80
  Value: 3.333736e-03
  NRCI: 0.999997000000
  Net refinements: 0
  Composition depth: 2
  Operators: ⊗Y → ⊗Y⁻¹

Step 4069: step_80
  Value: 3.472959e-03
  NRCI: 0.999997000000
  Net refinements: 0
  Composition depth: 2
  Operators: ⊗Y → ⊗Y⁻¹

Step 4070: step_80
  Value: 3.616868e-03
  NRCI: 0.999997000000
  Net refinements: 0
  Composition depth: 2
  Operators: ⊗Y → ⊗Y⁻¹

Step 4071: step_80
  Value: 3.765566e-03
  NRCI: 0.999997000000
  Net refinements: 0
  Composition depth: 2
  Operators: ⊗Y → ⊗Y⁻¹

Step 4072: step_80
  Value: 3.919156e-03
  NRCI: 0.999997000000
  Net refinements: 0
  Composition depth: 2
  Operators: ⊗Y → ⊗Y⁻¹

Step 4073: step_80
  Value: 4.077739e-03
  NRCI: 0.999997000000
  Net refinements: 0
  Composition depth: 2
  Operators: ⊗Y → ⊗Y⁻¹

Step 4074: step_80
  Value: 4.241417e-03
  NRCI: 0.999997000000
  Net refinements: 0
  Composition depth: 2
  Operators: ⊗Y → ⊗Y⁻¹

Step 4075: step_80
  Value: 4.410289e-03
  NRCI: 0.999997000000
  Net refinements: 0
  Composition depth: 2
  Operators: ⊗Y → ⊗Y⁻¹

Step 4076: step_80
  Value: 4.584456e-03
  NRCI: 0.999997000000
  Net refinements: 0
  Composition depth: 2
  Operators: ⊗Y → ⊗Y⁻¹

Step 4077: step_80
  Value: 4.764016e-03
  NRCI: 0.999997000000
  Net refinements: 0
  Composition depth: 2
  Operators: ⊗Y → ⊗Y⁻¹

Step 4078: step_80
  Value: 4.949066e-03
  NRCI: 0.999997000000
  Net refinements: 0
  Composition depth: 2
  Operators: ⊗Y → ⊗Y⁻¹

Step 4079: step_80
  Value: 5.139701e-03
  NRCI: 0.999997000000
  Net refinements: 0
  Composition depth: 2
  Operators: ⊗Y → ⊗Y⁻¹

Step 4080: step_80
  Value: 5.336016e-03
  NRCI: 0.999997000000
  Net refinements: 0
  Composition depth: 2
  Operators: ⊗Y → ⊗Y⁻¹

Step 4081: step_80
  Value: 5.538102e-03
  NRCI: 0.999997000000
  Net refinements: 0
  Composition depth: 2
  Operators: ⊗Y → ⊗Y⁻¹

Step 4082: step_80
  Value: 5.746051e-03
  NRCI: 0.999997000000
  Net refinements: 0
  Composition depth: 2
  Operators: ⊗Y → ⊗Y⁻¹

Step 4083: step_80
  Value: 5.959949e-03
  NRCI: 0.999997000000
  Net refinements: 0
  Composition depth: 2
  Operators: ⊗Y → ⊗Y⁻¹

Step 4084: step_80
  Value: 6.179884e-03
  NRCI: 0.999997000000
  Net refinements: 0
  Composition depth: 2
  Operators: ⊗Y → ⊗Y⁻¹

Step 4085: step_80
  Value: 6.405937e-03
  NRCI: 0.999997000000
  Net refinements: 0
  Composition depth: 2
  Operators: ⊗Y → ⊗Y⁻¹

Step 4086: step_80
  Value: 6.638189e-03
  NRCI: 0.999997000000
  Net refinements: 0
  Composition depth: 2
  Operators: ⊗Y → ⊗Y⁻¹

Step 4087: step_80
  Value: 6.876718e-03
  NRCI: 0.999997000000
  Net refinements: 0
  Composition depth: 2
  Operators: ⊗Y → ⊗Y⁻¹

Step 4088: step_80
  Value: 7.121598e-03
  NRCI: 0.999997000000
  Net refinements: 0
  Composition depth: 2
  Operators: ⊗Y → ⊗Y⁻¹

Step 4089: step_80
  Value: 7.372899e-03
  NRCI: 0.999997000000
  Net refinements: 0
  Composition depth: 2
  Operators: ⊗Y → ⊗Y⁻¹

Step 4090: step_80
  Value: 7.630689e-03
  NRCI: 0.999997000000
  Net refinements: 0
  Composition depth: 2
  Operators: ⊗Y → ⊗Y⁻¹

Step 4091: step_80
  Value: 7.895031e-03
  NRCI: 0.999997000000
  Net refinements: 0
  Composition depth: 2
  Operators: ⊗Y → ⊗Y⁻¹

Step 4092: step_80
  Value: 8.165985e-03
  NRCI: 0.999997000000
  Net refinements: 0
  Composition depth: 2
  Operators: ⊗Y → ⊗Y⁻¹

Step 4093: step_80
  Value: 8.443605e-03
  NRCI: 0.999997000000
  Net refinements: 0
  Composition depth: 2
  Operators: ⊗Y → ⊗Y⁻¹

Step 4094: step_80
  Value: 8.727942e-03
  NRCI: 0.999997000000
  Net refinements: 0
  Composition depth: 2
  Operators: ⊗Y → ⊗Y⁻¹

Step 4095: step_80
  Value: 9.019042e-03
  NRCI: 0.999997000000
  Net refinements: 0
  Composition depth: 2
  Operators: ⊗Y → ⊗Y⁻¹

Step 4096: step_80
  Value: 9.316946e-03
  NRCI: 0.999997000000
  Net refinements: 0
  Composition depth: 2
  Operators: ⊗Y → ⊗Y⁻¹

Step 4097: step_80
  Value: 9.621691e-03
  NRCI: 0.999997000000
  Net refinements: 0
  Composition depth: 2
  Operators: ⊗Y → ⊗Y⁻¹

Step 4098: step_80
  Value: 9.933307e-03
  NRCI: 0.999997000000
  Net refinements: 0
  Composition depth: 2
  Operators: ⊗Y → ⊗Y⁻¹

Step 4099: step_80
  Value: 1.025182e-02
  NRCI: 0.999997000000
  Net refinements: 0
  Composition depth: 2
  Operators: ⊗Y → ⊗Y⁻¹

Step 4100: step_80
  Value: 1.057725e-02
  NRCI: 0.999997000000
  Net refinements: 0
  Composition depth: 2
  Operators: ⊗Y → ⊗Y⁻¹

Step 4101: step_80
  Value: 1.090960e-02
  NRCI: 0.999997000000
  Net refinements: 0
  Composition depth: 2
  Operators: ⊗Y → ⊗Y⁻¹

Step 4102: step_80
  Value: 1.124889e-02
  NRCI: 0.999997000000
  Net refinements: 0
  Composition depth: 2
  Operators: ⊗Y → ⊗Y⁻¹

Step 4103: step_80
  Value: 1.159512e-02
  NRCI: 0.999997000000
  Net refinements: 0
  Composition depth: 2
  Operators: ⊗Y → ⊗Y⁻¹

Step 4104: step_80
  Value: 1.194828e-02
  NRCI: 0.999997000000
  Net refinements: 0
  Composition depth: 2
  Operators: ⊗Y → ⊗Y⁻¹

Step 4105: step_80
  Value: 1.230836e-02
  NRCI: 0.999997000000
  Net refinements: 0
  Composition depth: 2
  Operators: ⊗Y → ⊗Y⁻¹

Step 4106: step_80
  Value: 1.267534e-02
  NRCI: 0.999997000000
  Net refinements: 0
  Composition depth: 2
  Operators: ⊗Y → ⊗Y⁻¹

Step 4107: step_80
  Value: 1.304920e-02
  NRCI: 0.999997000000
  Net refinements: 0
  Composition depth: 2
  Operators: ⊗Y → ⊗Y⁻¹

Step 4108: step_80
  Value: 1.342989e-02
  NRCI: 0.999997000000
  Net refinements: 0
  Composition depth: 2
  Operators: ⊗Y → ⊗Y⁻¹

Step 4109: step_80
  Value: 1.381738e-02
  NRCI: 0.999997000000
  Net refinements: 0
  Composition depth: 2
  Operators: ⊗Y → ⊗Y⁻¹

Step 4110: step_80
  Value: 1.421162e-02
  NRCI: 0.999997000000
  Net refinements: 0
  Composition depth: 2
  Operators: ⊗Y → ⊗Y⁻¹

Step 4111: step_80
  Value: 1.461255e-02
  NRCI: 0.999997000000
  Net refinements: 0
  Composition depth: 2
  Operators: ⊗Y → ⊗Y⁻¹

Step 4112: step_80
  Value: 1.502012e-02
  NRCI: 0.999997000000
  Net refinements: 0
  Composition depth: 2
  Operators: ⊗Y → ⊗Y⁻¹

Step 4113: step_80
  Value: 1.543423e-02
  NRCI: 0.999997000000
  Net refinements: 0
  Composition depth: 2
  Operators: ⊗Y → ⊗Y⁻¹

Step 4114: step_80
  Value: 1.585482e-02
  NRCI: 0.999997000000
  Net refinements: 0
  Composition depth: 2
  Operators: ⊗Y → ⊗Y⁻¹

Step 4115: step_80
  Value: 1.628180e-02
  NRCI: 0.999997000000
  Net refinements: 0
  Composition depth: 2
  Operators: ⊗Y → ⊗Y⁻¹

Step 4116: step_80
  Value: 1.671506e-02
  NRCI: 0.999997000000
  Net refinements: 0
  Composition depth: 2
  Operators: ⊗Y → ⊗Y⁻¹

Step 4117: step_80
  Value: 1.715451e-02
  NRCI: 0.999997000000
  Net refinements: 0
  Composition depth: 2
  Operators: ⊗Y → ⊗Y⁻¹

Step 4118: step_80
  Value: 1.760002e-02
  NRCI: 0.999997000000
  Net refinements: 0
  Composition depth: 2
  Operators: ⊗Y → ⊗Y⁻¹

Step 4119: step_80
  Value: 1.805147e-02
  NRCI: 0.999997000000
  Net refinements: 0
  Composition depth: 2
  Operators: ⊗Y → ⊗Y⁻¹

Step 4120: step_80
  Value: 1.850874e-02
  NRCI: 0.999997000000
  Net refinements: 0
  Composition depth: 2
  Operators: ⊗Y → ⊗Y⁻¹

Step 4121: step_80
  Value: 1.897167e-02
  NRCI: 0.999997000000
  Net refinements: 0
  Composition depth: 2
  Operators: ⊗Y → ⊗Y⁻¹

Step 4122: step_80
  Value: 1.944012e-02
  NRCI: 0.999997000000
  Net refinements: 0
  Composition depth: 2
  Operators: ⊗Y → ⊗Y⁻¹

Step 4123: step_80
  Value: 1.991392e-02
  NRCI: 0.999997000000
  Net refinements: 0
  Composition depth: 2
  Operators: ⊗Y → ⊗Y⁻¹

Step 4124: step_80
  Value: 2.039292e-02
  NRCI: 0.999997000000
  Net refinements: 0
  Composition depth: 2
  Operators: ⊗Y → ⊗Y⁻¹

Step 4125: step_80
  Value: 2.087693e-02
  NRCI: 0.999997000000
  Net refinements: 0
  Composition depth: 2
  Operators: ⊗Y → ⊗Y⁻¹

Step 4126: step_80
  Value: 2.136577e-02
  NRCI: 0.999997000000
  Net refinements: 0
  Composition depth: 2
  Operators: ⊗Y → ⊗Y⁻¹

Step 4127: step_80
  Value: 2.185924e-02
  NRCI: 0.999997000000
  Net refinements: 0
  Composition depth: 2
  Operators: ⊗Y → ⊗Y⁻¹

Step 4128: step_80
  Value: 2.235713e-02
  NRCI: 0.999997000000
  Net refinements: 0
  Composition depth: 2
  Operators: ⊗Y → ⊗Y⁻¹

Step 4129: step_80
  Value: 2.285924e-02
  NRCI: 0.999997000000
  Net refinements: 0
  Composition depth: 2
  Operators: ⊗Y → ⊗Y⁻¹

Step 4130: step_80
  Value: 2.336534e-02
  NRCI: 0.999997000000
  Net refinements: 0
  Composition depth: 2
  Operators: ⊗Y → ⊗Y⁻¹

Step 4131: step_80
  Value: 2.387520e-02
  NRCI: 0.999997000000
  Net refinements: 0
  Composition depth: 2
  Operators: ⊗Y → ⊗Y⁻¹

Step 4132: step_80
  Value: 2.438859e-02
  NRCI: 0.999997000000
  Net refinements: 0
  Composition depth: 2
  Operators: ⊗Y → ⊗Y⁻¹

Step 4133: step_80
  Value: 2.490525e-02
  NRCI: 0.999997000000
  Net refinements: 0
  Composition depth: 2
  Operators: ⊗Y → ⊗Y⁻¹

Step 4134: step_80
  Value: 2.542492e-02
  NRCI: 0.999997000000
  Net refinements: 0
  Composition depth: 2
  Operators: ⊗Y → ⊗Y⁻¹

Step 4135: step_80
  Value: 2.594736e-02
  NRCI: 0.999997000000
  Net refinements: 0
  Composition depth: 2
  Operators: ⊗Y → ⊗Y⁻¹

Step 4136: step_80
  Value: 2.647227e-02
  NRCI: 0.999997000000
  Net refinements: 0
  Composition depth: 2
  Operators: ⊗Y → ⊗Y⁻¹

Step 4137: step_80
  Value: 2.699938e-02
  NRCI: 0.999997000000
  Net refinements: 0
  Composition depth: 2
  Operators: ⊗Y → ⊗Y⁻¹

Step 4138: step_80
  Value: 2.752841e-02
  NRCI: 0.999997000000
  Net refinements: 0
  Composition depth: 2
  Operators: ⊗Y → ⊗Y⁻¹

Step 4139: step_80
  Value: 2.805906e-02
  NRCI: 0.999997000000
  Net refinements: 0
  Composition depth: 2
  Operators: ⊗Y → ⊗Y⁻¹

Step 4140: step_80
  Value: 2.859102e-02
  NRCI: 0.999997000000
  Net refinements: 0
  Composition depth: 2
  Operators: ⊗Y → ⊗Y⁻¹

Step 4141: step_80
  Value: 2.912398e-02
  NRCI: 0.999997000000
  Net refinements: 0
  Composition depth: 2
  Operators: ⊗Y → ⊗Y⁻¹

Step 4142: step_80
  Value: 2.965764e-02
  NRCI: 0.999997000000
  Net refinements: 0
  Composition depth: 2
  Operators: ⊗Y → ⊗Y⁻¹

Step 4143: step_80
  Value: 3.019166e-02
  NRCI: 0.999997000000
  Net refinements: 0
  Composition depth: 2
  Operators: ⊗Y → ⊗Y⁻¹

Step 4144: step_80
  Value: 3.072572e-02
  NRCI: 0.999997000000
  Net refinements: 0
  Composition depth: 2
  Operators: ⊗Y → ⊗Y⁻¹

Step 4145: step_80
  Value: 3.125948e-02
  NRCI: 0.999997000000
  Net refinements: 0
  Composition depth: 2
  Operators: ⊗Y → ⊗Y⁻¹

Step 4146: step_80
  Value: 3.179259e-02
  NRCI: 0.999997000000
  Net refinements: 0
  Composition depth: 2
  Operators: ⊗Y → ⊗Y⁻¹

Step 4147: step_80
  Value: 3.232473e-02
  NRCI: 0.999997000000
  Net refinements: 0
  Composition depth: 2
  Operators: ⊗Y → ⊗Y⁻¹

Step 4148: step_80
  Value: 3.285552e-02
  NRCI: 0.999997000000
  Net refinements: 0
  Composition depth: 2
  Operators: ⊗Y → ⊗Y⁻¹

Step 4149: step_80
  Value: 3.338463e-02
  NRCI: 0.999997000000
  Net refinements: 0
  Composition depth: 2
  Operators: ⊗Y → ⊗Y⁻¹

Step 4150: step_80
  Value: 3.391168e-02
  NRCI: 0.999997000000
  Net refinements: 0
  Composition depth: 2
  Operators: ⊗Y → ⊗Y⁻¹

Step 4151: step_80
  Value: 3.443632e-02
  NRCI: 0.999997000000
  Net refinements: 0
  Composition depth: 2
  Operators: ⊗Y → ⊗Y⁻¹

Step 4152: step_80
  Value: 3.495817e-02
  NRCI: 0.999997000000
  Net refinements: 0
  Composition depth: 2
  Operators: ⊗Y → ⊗Y⁻¹

Step 4153: step_80
  Value: 3.547687e-02
  NRCI: 0.999997000000
  Net refinements: 0
  Composition depth: 2
  Operators: ⊗Y → ⊗Y⁻¹

Step 4154: step_80
  Value: 3.599205e-02
  NRCI: 0.999997000000
  Net refinements: 0
  Composition depth: 2
  Operators: ⊗Y → ⊗Y⁻¹

Step 4155: step_80
  Value: 3.650333e-02
  NRCI: 0.999997000000
  Net refinements: 0
  Composition depth: 2
  Operators: ⊗Y → ⊗Y⁻¹

Step 4156: step_80
  Value: 3.701033e-02
  NRCI: 0.999997000000
  Net refinements: 0
  Composition depth: 2
  Operators: ⊗Y → ⊗Y⁻¹

Step 4157: step_80
  Value: 3.751268e-02
  NRCI: 0.999997000000
  Net refinements: 0
  Composition depth: 2
  Operators: ⊗Y → ⊗Y⁻¹

Step 4158: step_80
  Value: 3.800999e-02
  NRCI: 0.999997000000
  Net refinements: 0
  Composition depth: 2
  Operators: ⊗Y → ⊗Y⁻¹

Step 4159: step_80
  Value: 3.850190e-02
  NRCI: 0.999997000000
  Net refinements: 0
  Composition depth: 2
  Operators: ⊗Y → ⊗Y⁻¹

Step 4160: step_80
  Value: 3.898802e-02
  NRCI: 0.999997000000
  Net refinements: 0
  Composition depth: 2
  Operators: ⊗Y → ⊗Y⁻¹

Step 4161: step_80
  Value: 3.946796e-02
  NRCI: 0.999997000000
  Net refinements: 0
  Composition depth: 2
  Operators: ⊗Y → ⊗Y⁻¹

Step 4162: step_80
  Value: 3.994137e-02
  NRCI: 0.999997000000
  Net refinements: 0
  Composition depth: 2
  Operators: ⊗Y → ⊗Y⁻¹

Step 4163: step_80
  Value: 4.040786e-02
  NRCI: 0.999997000000
  Net refinements: 0
  Composition depth: 2
  Operators: ⊗Y → ⊗Y⁻¹

Step 4164: step_80
  Value: 4.086705e-02
  NRCI: 0.999997000000
  Net refinements: 0
  Composition depth: 2
  Operators: ⊗Y → ⊗Y⁻¹

Step 4165: step_80
  Value: 4.131858e-02
  NRCI: 0.999997000000
  Net refinements: 0
  Composition depth: 2
  Operators: ⊗Y → ⊗Y⁻¹

Step 4166: step_80
  Value: 4.176207e-02
  NRCI: 0.999997000000
  Net refinements: 0
  Composition depth: 2
  Operators: ⊗Y → ⊗Y⁻¹

Step 4167: step_80
  Value: 4.219718e-02
  NRCI: 0.999997000000
  Net refinements: 0
  Composition depth: 2
  Operators: ⊗Y → ⊗Y⁻¹

Step 4168: step_80
  Value: 4.262352e-02
  NRCI: 0.999997000000
  Net refinements: 0
  Composition depth: 2
  Operators: ⊗Y → ⊗Y⁻¹

Step 4169: step_80
  Value: 4.304076e-02
  NRCI: 0.999997000000
  Net refinements: 0
  Composition depth: 2
  Operators: ⊗Y → ⊗Y⁻¹

Step 4170: step_80
  Value: 4.344853e-02
  NRCI: 0.999997000000
  Net refinements: 0
  Composition depth: 2
  Operators: ⊗Y → ⊗Y⁻¹

Step 4171: step_80
  Value: 4.384650e-02
  NRCI: 0.999997000000
  Net refinements: 0
  Composition depth: 2
  Operators: ⊗Y → ⊗Y⁻¹

Step 4172: step_80
  Value: 4.423432e-02
  NRCI: 0.999997000000
  Net refinements: 0
  Composition depth: 2
  Operators: ⊗Y → ⊗Y⁻¹

Step 4173: step_80
  Value: 4.461167e-02
  NRCI: 0.999997000000
  Net refinements: 0
  Composition depth: 2
  Operators: ⊗Y → ⊗Y⁻¹

Step 4174: step_80
  Value: 4.497821e-02
  NRCI: 0.999997000000
  Net refinements: 0
  Composition depth: 2
  Operators: ⊗Y → ⊗Y⁻¹

Step 4175: step_80
  Value: 4.533362e-02
  NRCI: 0.999997000000
  Net refinements: 0
  Composition depth: 2
  Operators: ⊗Y → ⊗Y⁻¹

Step 4176: step_80
  Value: 4.567761e-02
  NRCI: 0.999997000000
  Net refinements: 0
  Composition depth: 2
  Operators: ⊗Y → ⊗Y⁻¹

Step 4177: step_80
  Value: 4.600986e-02
  NRCI: 0.999997000000
  Net refinements: 0
  Composition depth: 2
  Operators: ⊗Y → ⊗Y⁻¹

Step 4178: step_80
  Value: 4.633008e-02
  NRCI: 0.999997000000
  Net refinements: 0
  Composition depth: 2
  Operators: ⊗Y → ⊗Y⁻¹

Step 4179: step_80
  Value: 4.663799e-02
  NRCI: 0.999997000000
  Net refinements: 0
  Composition depth: 2
  Operators: ⊗Y → ⊗Y⁻¹

Step 4180: step_80
  Value: 4.693332e-02
  NRCI: 0.999997000000
  Net refinements: 0
  Composition depth: 2
  Operators: ⊗Y → ⊗Y⁻¹

Step 4181: step_80
  Value: 4.721580e-02
  NRCI: 0.999997000000
  Net refinements: 0
  Composition depth: 2
  Operators: ⊗Y → ⊗Y⁻¹

Step 4182: step_80
  Value: 4.748517e-02
  NRCI: 0.999997000000
  Net refinements: 0
  Composition depth: 2
  Operators: ⊗Y → ⊗Y⁻¹

Step 4183: step_80
  Value: 4.774119e-02
  NRCI: 0.999997000000
  Net refinements: 0
  Composition depth: 2
  Operators: ⊗Y → ⊗Y⁻¹

Step 4184: step_80
  Value: 4.798364e-02
  NRCI: 0.999997000000
  Net refinements: 0
  Composition depth: 2
  Operators: ⊗Y → ⊗Y⁻¹

Step 4185: step_80
  Value: 4.821228e-02
  NRCI: 0.999997000000
  Net refinements: 0
  Composition depth: 2
  Operators: ⊗Y → ⊗Y⁻¹

Step 4186: step_80
  Value: 4.842692e-02
  NRCI: 0.999997000000
  Net refinements: 0
  Composition depth: 2
  Operators: ⊗Y → ⊗Y⁻¹

Step 4187: step_80
  Value: 4.862735e-02
  NRCI: 0.999997000000
  Net refinements: 0
  Composition depth: 2
  Operators: ⊗Y → ⊗Y⁻¹

Step 4188: step_80
  Value: 4.881339e-02
  NRCI: 0.999997000000
  Net refinements: 0
  Composition depth: 2
  Operators: ⊗Y → ⊗Y⁻¹

Step 4189: step_80
  Value: 4.898487e-02
  NRCI: 0.999997000000
  Net refinements: 0
  Composition depth: 2
  Operators: ⊗Y → ⊗Y⁻¹

Step 4190: step_80
  Value: 4.914163e-02
  NRCI: 0.999997000000
  Net refinements: 0
  Composition depth: 2
  Operators: ⊗Y → ⊗Y⁻¹

Step 4191: step_80
  Value: 4.928353e-02
  NRCI: 0.999997000000
  Net refinements: 0
  Composition depth: 2
  Operators: ⊗Y → ⊗Y⁻¹

Step 4192: step_80
  Value: 4.941044e-02
  NRCI: 0.999997000000
  Net refinements: 0
  Composition depth: 2
  Operators: ⊗Y → ⊗Y⁻¹

Step 4193: step_80
  Value: 4.952223e-02
  NRCI: 0.999997000000
  Net refinements: 0
  Composition depth: 2
  Operators: ⊗Y → ⊗Y⁻¹

Step 4194: step_80
  Value: 4.961881e-02
  NRCI: 0.999997000000
  Net refinements: 0
  Composition depth: 2
  Operators: ⊗Y → ⊗Y⁻¹

Step 4195: step_80
  Value: 4.970008e-02
  NRCI: 0.999997000000
  Net refinements: 0
  Composition depth: 2
  Operators: ⊗Y → ⊗Y⁻¹

Step 4196: step_80
  Value: 4.976596e-02
  NRCI: 0.999997000000
  Net refinements: 0
  Composition depth: 2
  Operators: ⊗Y → ⊗Y⁻¹

Step 4197: step_80
  Value: 4.981641e-02
  NRCI: 0.999997000000
  Net refinements: 0
  Composition depth: 2
  Operators: ⊗Y → ⊗Y⁻¹

Step 4198: step_80
  Value: 4.985136e-02
  NRCI: 0.999997000000
  Net refinements: 0
  Composition depth: 2
  Operators: ⊗Y → ⊗Y⁻¹

Step 4199: step_80
  Value: 4.987079e-02
  NRCI: 0.999997000000
  Net refinements: 0
  Composition depth: 2
  Operators: ⊗Y → ⊗Y⁻¹

Step 4200: step_80
  Value: 4.987467e-02
  NRCI: 0.999997000000
  Net refinements: 0
  Composition depth: 2
  Operators: ⊗Y → ⊗Y⁻¹

Step 4201: step_80
  Value: 4.986301e-02
  NRCI: 0.999997000000
  Net refinements: 0
  Composition depth: 2
  Operators: ⊗Y → ⊗Y⁻¹

Step 4202: step_80
  Value: 4.983582e-02
  NRCI: 0.999997000000
  Net refinements: 0
  Composition depth: 2
  Operators: ⊗Y → ⊗Y⁻¹

Step 4203: step_80
  Value: 4.979312e-02
  NRCI: 0.999997000000
  Net refinements: 0
  Composition depth: 2
  Operators: ⊗Y → ⊗Y⁻¹

Step 4204: step_80
  Value: 4.973495e-02
  NRCI: 0.999997000000
  Net refinements: 0
  Composition depth: 2
  Operators: ⊗Y → ⊗Y⁻¹

Step 4205: step_80
  Value: 4.966136e-02
  NRCI: 0.999997000000
  Net refinements: 0
  Composition depth: 2
  Operators: ⊗Y → ⊗Y⁻¹

Step 4206: step_80
  Value: 4.957243e-02
  NRCI: 0.999997000000
  Net refinements: 0
  Composition depth: 2
  Operators: ⊗Y → ⊗Y⁻¹

Step 4207: step_80
  Value: 4.946823e-02
  NRCI: 0.999997000000
  Net refinements: 0
  Composition depth: 2
  Operators: ⊗Y → ⊗Y⁻¹

Step 4208: step_80
  Value: 4.934887e-02
  NRCI: 0.999997000000
  Net refinements: 0
  Composition depth: 2
  Operators: ⊗Y → ⊗Y⁻¹

Step 4209: step_80
  Value: 4.921445e-02
  NRCI: 0.999997000000
  Net refinements: 0
  Composition depth: 2
  Operators: ⊗Y → ⊗Y⁻¹

Step 4210: step_80
  Value: 4.906510e-02
  NRCI: 0.999997000000
  Net refinements: 0
  Composition depth: 2
  Operators: ⊗Y → ⊗Y⁻¹

Step 4211: step_80
  Value: 4.890096e-02
  NRCI: 0.999997000000
  Net refinements: 0
  Composition depth: 2
  Operators: ⊗Y → ⊗Y⁻¹

Step 4212: step_80
  Value: 4.872218e-02
  NRCI: 0.999997000000
  Net refinements: 0
  Composition depth: 2
  Operators: ⊗Y → ⊗Y⁻¹

Step 4213: step_80
  Value: 4.852892e-02
  NRCI: 0.999997000000
  Net refinements: 0
  Composition depth: 2
  Operators: ⊗Y → ⊗Y⁻¹

Step 4214: step_80
  Value: 4.832136e-02
  NRCI: 0.999997000000
  Net refinements: 0
  Composition depth: 2
  Operators: ⊗Y → ⊗Y⁻¹

Step 4215: step_80
  Value: 4.809970e-02
  NRCI: 0.999997000000
  Net refinements: 0
  Composition depth: 2
  Operators: ⊗Y → ⊗Y⁻¹

Step 4216: step_80
  Value: 4.786412e-02
  NRCI: 0.999997000000
  Net refinements: 0
  Composition depth: 2
  Operators: ⊗Y → ⊗Y⁻¹

Step 4217: step_80
  Value: 4.761486e-02
  NRCI: 0.999997000000
  Net refinements: 0
  Composition depth: 2
  Operators: ⊗Y → ⊗Y⁻¹

Step 4218: step_80
  Value: 4.735213e-02
  NRCI: 0.999997000000
  Net refinements: 0
  Composition depth: 2
  Operators: ⊗Y → ⊗Y⁻¹

Step 4219: step_80
  Value: 4.707618e-02
  NRCI: 0.999997000000
  Net refinements: 0
  Composition depth: 2
  Operators: ⊗Y → ⊗Y⁻¹

Step 4220: step_80
  Value: 4.678725e-02
  NRCI: 0.999997000000
  Net refinements: 0
  Composition depth: 2
  Operators: ⊗Y → ⊗Y⁻¹

Step 4221: step_80
  Value: 4.648559e-02
  NRCI: 0.999997000000
  Net refinements: 0
  Composition depth: 2
  Operators: ⊗Y → ⊗Y⁻¹

Step 4222: step_80
  Value: 4.617149e-02
  NRCI: 0.999997000000
  Net refinements: 0
  Composition depth: 2
  Operators: ⊗Y → ⊗Y⁻¹

Step 4223: step_80
  Value: 4.584522e-02
  NRCI: 0.999997000000
  Net refinements: 0
  Composition depth: 2
  Operators: ⊗Y → ⊗Y⁻¹

Step 4224: step_80
  Value: 4.550706e-02
  NRCI: 0.999997000000
  Net refinements: 0
  Composition depth: 2
  Operators: ⊗Y → ⊗Y⁻¹

Step 4225: step_80
  Value: 4.515732e-02
  NRCI: 0.999997000000
  Net refinements: 0
  Composition depth: 2
  Operators: ⊗Y → ⊗Y⁻¹

Step 4226: step_80
  Value: 4.479631e-02
  NRCI: 0.999997000000
  Net refinements: 0
  Composition depth: 2
  Operators: ⊗Y → ⊗Y⁻¹

Step 4227: step_80
  Value: 4.442432e-02
  NRCI: 0.999997000000
  Net refinements: 0
  Composition depth: 2
  Operators: ⊗Y → ⊗Y⁻¹

Step 4228: step_80
  Value: 4.404170e-02
  NRCI: 0.999997000000
  Net refinements: 0
  Composition depth: 2
  Operators: ⊗Y → ⊗Y⁻¹

Step 4229: step_80
  Value: 4.364876e-02
  NRCI: 0.999997000000
  Net refinements: 0
  Composition depth: 2
  Operators: ⊗Y → ⊗Y⁻¹

Step 4230: step_80
  Value: 4.324585e-02
  NRCI: 0.999997000000
  Net refinements: 0
  Composition depth: 2
  Operators: ⊗Y → ⊗Y⁻¹

Step 4231: step_80
  Value: 4.283330e-02
  NRCI: 0.999997000000
  Net refinements: 0
  Composition depth: 2
  Operators: ⊗Y → ⊗Y⁻¹

Step 4232: step_80
  Value: 4.241147e-02
  NRCI: 0.999997000000
  Net refinements: 0
  Composition depth: 2
  Operators: ⊗Y → ⊗Y⁻¹

Step 4233: step_80
  Value: 4.198070e-02
  NRCI: 0.999997000000
  Net refinements: 0
  Composition depth: 2
  Operators: ⊗Y → ⊗Y⁻¹

Step 4234: step_80
  Value: 4.154135e-02
  NRCI: 0.999997000000
  Net refinements: 0
  Composition depth: 2
  Operators: ⊗Y → ⊗Y⁻¹

Step 4235: step_80
  Value: 4.109379e-02
  NRCI: 0.999997000000
  Net refinements: 0
  Composition depth: 2
  Operators: ⊗Y → ⊗Y⁻¹

Step 4236: step_80
  Value: 4.063839e-02
  NRCI: 0.999997000000
  Net refinements: 0
  Composition depth: 2
  Operators: ⊗Y → ⊗Y⁻¹

Step 4237: step_80
  Value: 4.017550e-02
  NRCI: 0.999997000000
  Net refinements: 0
  Composition depth: 2
  Operators: ⊗Y → ⊗Y⁻¹

Step 4238: step_80
  Value: 3.970551e-02
  NRCI: 0.999997000000
  Net refinements: 0
  Composition depth: 2
  Operators: ⊗Y → ⊗Y⁻¹

Step 4239: step_80
  Value: 3.922878e-02
  NRCI: 0.999997000000
  Net refinements: 0
  Composition depth: 2
  Operators: ⊗Y → ⊗Y⁻¹

Step 4240: step_80
  Value: 3.874570e-02
  NRCI: 0.999997000000
  Net refinements: 0
  Composition depth: 2
  Operators: ⊗Y → ⊗Y⁻¹

Step 4241: step_80
  Value: 3.825665e-02
  NRCI: 0.999997000000
  Net refinements: 0
  Composition depth: 2
  Operators: ⊗Y → ⊗Y⁻¹

Step 4242: step_80
  Value: 3.776199e-02
  NRCI: 0.999997000000
  Net refinements: 0
  Composition depth: 2
  Operators: ⊗Y → ⊗Y⁻¹

Step 4243: step_80
  Value: 3.726211e-02
  NRCI: 0.999997000000
  Net refinements: 0
  Composition depth: 2
  Operators: ⊗Y → ⊗Y⁻¹

Step 4244: step_80
  Value: 3.675739e-02
  NRCI: 0.999997000000
  Net refinements: 0
  Composition depth: 2
  Operators: ⊗Y → ⊗Y⁻¹

Step 4245: step_80
  Value: 3.624820e-02
  NRCI: 0.999997000000
  Net refinements: 0
  Composition depth: 2
  Operators: ⊗Y → ⊗Y⁻¹

Step 4246: step_80
  Value: 3.573492e-02
  NRCI: 0.999997000000
  Net refinements: 0
  Composition depth: 2
  Operators: ⊗Y → ⊗Y⁻¹

Step 4247: step_80
  Value: 3.521794e-02
  NRCI: 0.999997000000
  Net refinements: 0
  Composition depth: 2
  Operators: ⊗Y → ⊗Y⁻¹

Step 4248: step_80
  Value: 3.469761e-02
  NRCI: 0.999997000000
  Net refinements: 0
  Composition depth: 2
  Operators: ⊗Y → ⊗Y⁻¹

Step 4249: step_80
  Value: 3.417432e-02
  NRCI: 0.999997000000
  Net refinements: 0
  Composition depth: 2
  Operators: ⊗Y → ⊗Y⁻¹

Step 4250: step_80
  Value: 3.364843e-02
  NRCI: 0.999997000000
  Net refinements: 0
  Composition depth: 2
  Operators: ⊗Y → ⊗Y⁻¹

Step 4251: step_80
  Value: 3.312031e-02
  NRCI: 0.999997000000
  Net refinements: 0
  Composition depth: 2
  Operators: ⊗Y → ⊗Y⁻¹

Step 4252: step_80
  Value: 3.259031e-02
  NRCI: 0.999997000000
  Net refinements: 0
  Composition depth: 2
  Operators: ⊗Y → ⊗Y⁻¹

Step 4253: step_80
  Value: 3.205881e-02
  NRCI: 0.999997000000
  Net refinements: 0
  Composition depth: 2
  Operators: ⊗Y → ⊗Y⁻¹

Step 4254: step_80
  Value: 3.152614e-02
  NRCI: 0.999997000000
  Net refinements: 0
  Composition depth: 2
  Operators: ⊗Y → ⊗Y⁻¹

Step 4255: step_80
  Value: 3.099265e-02
  NRCI: 0.999997000000
  Net refinements: 0
  Composition depth: 2
  Operators: ⊗Y → ⊗Y⁻¹

Step 4256: step_80
  Value: 3.045871e-02
  NRCI: 0.999997000000
  Net refinements: 0
  Composition depth: 2
  Operators: ⊗Y → ⊗Y⁻¹

Step 4257: step_80
  Value: 2.992462e-02
  NRCI: 0.999997000000
  Net refinements: 0
  Composition depth: 2
  Operators: ⊗Y → ⊗Y⁻¹

Step 4258: step_80
  Value: 2.939075e-02
  NRCI: 0.999997000000
  Net refinements: 0
  Composition depth: 2
  Operators: ⊗Y → ⊗Y⁻¹

Step 4259: step_80
  Value: 2.885740e-02
  NRCI: 0.999997000000
  Net refinements: 0
  Composition depth: 2
  Operators: ⊗Y → ⊗Y⁻¹

Step 4260: step_80
  Value: 2.832489e-02
  NRCI: 0.999997000000
  Net refinements: 0
  Composition depth: 2
  Operators: ⊗Y → ⊗Y⁻¹

Step 4261: step_80
  Value: 2.779355e-02
  NRCI: 0.999997000000
  Net refinements: 0
  Composition depth: 2
  Operators: ⊗Y → ⊗Y⁻¹

Step 4262: step_80
  Value: 2.726368e-02
  NRCI: 0.999997000000
  Net refinements: 0
  Composition depth: 2
  Operators: ⊗Y → ⊗Y⁻¹

Step 4263: step_80
  Value: 2.673557e-02
  NRCI: 0.999997000000
  Net refinements: 0
  Composition depth: 2
  Operators: ⊗Y → ⊗Y⁻¹

Step 4264: step_80
  Value: 2.620952e-02
  NRCI: 0.999997000000
  Net refinements: 0
  Composition depth: 2
  Operators: ⊗Y → ⊗Y⁻¹

Step 4265: step_80
  Value: 2.568581e-02
  NRCI: 0.999997000000
  Net refinements: 0
  Composition depth: 2
  Operators: ⊗Y → ⊗Y⁻¹

Step 4266: step_80
  Value: 2.516472e-02
  NRCI: 0.999997000000
  Net refinements: 0
  Composition depth: 2
  Operators: ⊗Y → ⊗Y⁻¹

Step 4267: step_80
  Value: 2.464652e-02
  NRCI: 0.999997000000
  Net refinements: 0
  Composition depth: 2
  Operators: ⊗Y → ⊗Y⁻¹

Step 4268: step_80
  Value: 2.413147e-02
  NRCI: 0.999997000000
  Net refinements: 0
  Composition depth: 2
  Operators: ⊗Y → ⊗Y⁻¹

Step 4269: step_80
  Value: 2.361982e-02
  NRCI: 0.999997000000
  Net refinements: 0
  Composition depth: 2
  Operators: ⊗Y → ⊗Y⁻¹

Step 4270: step_80
  Value: 2.311181e-02
  NRCI: 0.999997000000
  Net refinements: 0
  Composition depth: 2
  Operators: ⊗Y → ⊗Y⁻¹

Step 4271: step_80
  Value: 2.260767e-02
  NRCI: 0.999997000000
  Net refinements: 0
  Composition depth: 2
  Operators: ⊗Y → ⊗Y⁻¹

Step 4272: step_80
  Value: 2.210764e-02
  NRCI: 0.999997000000
  Net refinements: 0
  Composition depth: 2
  Operators: ⊗Y → ⊗Y⁻¹

Step 4273: step_80
  Value: 2.161194e-02
  NRCI: 0.999997000000
  Net refinements: 0
  Composition depth: 2
  Operators: ⊗Y → ⊗Y⁻¹

Step 4274: step_80
  Value: 2.112076e-02
  NRCI: 0.999997000000
  Net refinements: 0
  Composition depth: 2
  Operators: ⊗Y → ⊗Y⁻¹

Step 4275: step_80
  Value: 2.063431e-02
  NRCI: 0.999997000000
  Net refinements: 0
  Composition depth: 2
  Operators: ⊗Y → ⊗Y⁻¹

Step 4276: step_80
  Value: 2.015278e-02
  NRCI: 0.999997000000
  Net refinements: 0
  Composition depth: 2
  Operators: ⊗Y → ⊗Y⁻¹

Step 4277: step_80
  Value: 1.967636e-02
  NRCI: 0.999997000000
  Net refinements: 0
  Composition depth: 2
  Operators: ⊗Y → ⊗Y⁻¹

Step 4278: step_80
  Value: 1.920521e-02
  NRCI: 0.999997000000
  Net refinements: 0
  Composition depth: 2
  Operators: ⊗Y → ⊗Y⁻¹

Step 4279: step_80
  Value: 1.873950e-02
  NRCI: 0.999997000000
  Net refinements: 0
  Composition depth: 2
  Operators: ⊗Y → ⊗Y⁻¹

Step 4280: step_80
  Value: 1.827939e-02
  NRCI: 0.999997000000
  Net refinements: 0
  Composition depth: 2
  Operators: ⊗Y → ⊗Y⁻¹

Step 4281: step_80
  Value: 1.782501e-02
  NRCI: 0.999997000000
  Net refinements: 0
  Composition depth: 2
  Operators: ⊗Y → ⊗Y⁻¹

Step 4282: step_80
  Value: 1.737651e-02
  NRCI: 0.999997000000
  Net refinements: 0
  Composition depth: 2
  Operators: ⊗Y → ⊗Y⁻¹

Step 4283: step_80
  Value: 1.693402e-02
  NRCI: 0.999997000000
  Net refinements: 0
  Composition depth: 2
  Operators: ⊗Y → ⊗Y⁻¹

Step 4284: step_80
  Value: 1.649765e-02
  NRCI: 0.999997000000
  Net refinements: 0
  Composition depth: 2
  Operators: ⊗Y → ⊗Y⁻¹

Step 4285: step_80
  Value: 1.606752e-02
  NRCI: 0.999997000000
  Net refinements: 0
  Composition depth: 2
  Operators: ⊗Y → ⊗Y⁻¹

Step 4286: step_80
  Value: 1.564372e-02
  NRCI: 0.999997000000
  Net refinements: 0
  Composition depth: 2
  Operators: ⊗Y → ⊗Y⁻¹

Step 4287: step_80
  Value: 1.522636e-02
  NRCI: 0.999997000000
  Net refinements: 0
  Composition depth: 2
  Operators: ⊗Y → ⊗Y⁻¹

Step 4288: step_80
  Value: 1.481551e-02
  NRCI: 0.999997000000
  Net refinements: 0
  Composition depth: 2
  Operators: ⊗Y → ⊗Y⁻¹

Step 4289: step_80
  Value: 1.441125e-02
  NRCI: 0.999997000000
  Net refinements: 0
  Composition depth: 2
  Operators: ⊗Y → ⊗Y⁻¹

Step 4290: step_80
  Value: 1.401366e-02
  NRCI: 0.999997000000
  Net refinements: 0
  Composition depth: 2
  Operators: ⊗Y → ⊗Y⁻¹

Step 4291: step_80
  Value: 1.362279e-02
  NRCI: 0.999997000000
  Net refinements: 0
  Composition depth: 2
  Operators: ⊗Y → ⊗Y⁻¹

Step 4292: step_80
  Value: 1.323869e-02
  NRCI: 0.999997000000
  Net refinements: 0
  Composition depth: 2
  Operators: ⊗Y → ⊗Y⁻¹

Step 4293: step_80
  Value: 1.286141e-02
  NRCI: 0.999997000000
  Net refinements: 0
  Composition depth: 2
  Operators: ⊗Y → ⊗Y⁻¹

Step 4294: step_80
  Value: 1.249099e-02
  NRCI: 0.999997000000
  Net refinements: 0
  Composition depth: 2
  Operators: ⊗Y → ⊗Y⁻¹

Step 4295: step_80
  Value: 1.212746e-02
  NRCI: 0.999997000000
  Net refinements: 0
  Composition depth: 2
  Operators: ⊗Y → ⊗Y⁻¹

Step 4296: step_80
  Value: 1.177084e-02
  NRCI: 0.999997000000
  Net refinements: 0
  Composition depth: 2
  Operators: ⊗Y → ⊗Y⁻¹

Step 4297: step_80
  Value: 1.142114e-02
  NRCI: 0.999997000000
  Net refinements: 0
  Composition depth: 2
  Operators: ⊗Y → ⊗Y⁻¹

Step 4298: step_80
  Value: 1.107838e-02
  NRCI: 0.999997000000
  Net refinements: 0
  Composition depth: 2
  Operators: ⊗Y → ⊗Y⁻¹

Step 4299: step_80
  Value: 1.074256e-02
  NRCI: 0.999997000000
  Net refinements: 0
  Composition depth: 2
  Operators: ⊗Y → ⊗Y⁻¹

Step 4300: step_80
  Value: 1.041367e-02
  NRCI: 0.999997000000
  Net refinements: 0
  Composition depth: 2
  Operators: ⊗Y → ⊗Y⁻¹

Step 4301: step_80
  Value: 1.009170e-02
  NRCI: 0.999997000000
  Net refinements: 0
  Composition depth: 2
  Operators: ⊗Y → ⊗Y⁻¹

Step 4302: step_80
  Value: 9.776639e-03
  NRCI: 0.999997000000
  Net refinements: 0
  Composition depth: 2
  Operators: ⊗Y → ⊗Y⁻¹

Step 4303: step_80
  Value: 9.468462e-03
  NRCI: 0.999997000000
  Net refinements: 0
  Composition depth: 2
  Operators: ⊗Y → ⊗Y⁻¹

Step 4304: step_80
  Value: 9.167141e-03
  NRCI: 0.999997000000
  Net refinements: 0
  Composition depth: 2
  Operators: ⊗Y → ⊗Y⁻¹

Step 4305: step_80
  Value: 8.872644e-03
  NRCI: 0.999997000000
  Net refinements: 0
  Composition depth: 2
  Operators: ⊗Y → ⊗Y⁻¹

Step 4306: step_80
  Value: 8.584930e-03
  NRCI: 0.999997000000
  Net refinements: 0
  Composition depth: 2
  Operators: ⊗Y → ⊗Y⁻¹

Step 4307: step_80
  Value: 8.303958e-03
  NRCI: 0.999997000000
  Net refinements: 0
  Composition depth: 2
  Operators: ⊗Y → ⊗Y⁻¹

Step 4308: step_80
  Value: 8.029678e-03
  NRCI: 0.999997000000
  Net refinements: 0
  Composition depth: 2
  Operators: ⊗Y → ⊗Y⁻¹

Step 4309: step_80
  Value: 7.762037e-03
  NRCI: 0.999997000000
  Net refinements: 0
  Composition depth: 2
  Operators: ⊗Y → ⊗Y⁻¹

Step 4310: step_80
  Value: 7.500979e-03
  NRCI: 0.999997000000
  Net refinements: 0
  Composition depth: 2
  Operators: ⊗Y → ⊗Y⁻¹

Step 4311: step_80
  Value: 7.246442e-03
  NRCI: 0.999997000000
  Net refinements: 0
  Composition depth: 2
  Operators: ⊗Y → ⊗Y⁻¹

Step 4312: step_80
  Value: 6.998360e-03
  NRCI: 0.999997000000
  Net refinements: 0
  Composition depth: 2
  Operators: ⊗Y → ⊗Y⁻¹

Step 4313: step_80
  Value: 6.756665e-03
  NRCI: 0.999997000000
  Net refinements: 0
  Composition depth: 2
  Operators: ⊗Y → ⊗Y⁻¹

Step 4314: step_80
  Value: 6.521283e-03
  NRCI: 0.999997000000
  Net refinements: 0
  Composition depth: 2
  Operators: ⊗Y → ⊗Y⁻¹

Step 4315: step_80
  Value: 6.292140e-03
  NRCI: 0.999997000000
  Net refinements: 0
  Composition depth: 2
  Operators: ⊗Y → ⊗Y⁻¹

Step 4316: step_80
  Value: 6.069157e-03
  NRCI: 0.999997000000
  Net refinements: 0
  Composition depth: 2
  Operators: ⊗Y → ⊗Y⁻¹

Step 4317: step_80
  Value: 5.852251e-03
  NRCI: 0.999997000000
  Net refinements: 0
  Composition depth: 2
  Operators: ⊗Y → ⊗Y⁻¹

Step 4318: step_80
  Value: 5.641338e-03
  NRCI: 0.999997000000
  Net refinements: 0
  Composition depth: 2
  Operators: ⊗Y → ⊗Y⁻¹

Step 4319: step_80
  Value: 5.436332e-03
  NRCI: 0.999997000000
  Net refinements: 0
  Composition depth: 2
  Operators: ⊗Y → ⊗Y⁻¹

Step 4320: step_80
  Value: 5.237143e-03
  NRCI: 0.999997000000
  Net refinements: 0
  Composition depth: 2
  Operators: ⊗Y → ⊗Y⁻¹

Step 4321: step_80
  Value: 5.043679e-03
  NRCI: 0.999997000000
  Net refinements: 0
  Composition depth: 2
  Operators: ⊗Y → ⊗Y⁻¹

Step 4322: step_80
  Value: 4.855849e-03
  NRCI: 0.999997000000
  Net refinements: 0
  Composition depth: 2
  Operators: ⊗Y → ⊗Y⁻¹

Step 4323: step_80
  Value: 4.673556e-03
  NRCI: 0.999997000000
  Net refinements: 0
  Composition depth: 2
  Operators: ⊗Y → ⊗Y⁻¹

Step 4324: step_80
  Value: 4.496705e-03
  NRCI: 0.999997000000
  Net refinements: 0
  Composition depth: 2
  Operators: ⊗Y → ⊗Y⁻¹

Step 4325: step_80
  Value: 4.325198e-03
  NRCI: 0.999997000000
  Net refinements: 0
  Composition depth: 2
  Operators: ⊗Y → ⊗Y⁻¹

Step 4326: step_80
  Value: 4.158935e-03
  NRCI: 0.999997000000
  Net refinements: 0
  Composition depth: 2
  Operators: ⊗Y → ⊗Y⁻¹

Step 4327: step_80
  Value: 3.997818e-03
  NRCI: 0.999997000000
  Net refinements: 0
  Composition depth: 2
  Operators: ⊗Y → ⊗Y⁻¹

Step 4328: step_80
  Value: 3.841745e-03
  NRCI: 0.999997000000
  Net refinements: 0
  Composition depth: 2
  Operators: ⊗Y → ⊗Y⁻¹

Step 4329: step_80
  Value: 3.690618e-03
  NRCI: 0.999997000000
  Net refinements: 0
  Composition depth: 2
  Operators: ⊗Y → ⊗Y⁻¹

Step 4330: step_80
  Value: 3.544343e-03
  NRCI: 0.999997000000
  Net refinements: 0
  Composition depth: 2
  Operators: ⊗Y → ⊗Y⁻¹

Step 4331: step_80
  Value: 3.402837e-03
  NRCI: 0.999997000000
  Net refinements: 0
  Composition depth: 2
  Operators: ⊗Y → ⊗Y⁻¹

Step 4332: step_80
  Value: 3.266060e-03
  NRCI: 0.999997000000
  Net refinements: 0
  Composition depth: 2
  Operators: ⊗Y → ⊗Y⁻¹

Step 4333: step_80
  Value: 3.134070e-03
  NRCI: 0.999997000000
  Net refinements: 0
  Composition depth: 2
  Operators: ⊗Y → ⊗Y⁻¹

Step 4334: step_80
  Value: 3.007167e-03
  NRCI: 0.999997000000
  Net refinements: 0
  Composition depth: 2
  Operators: ⊗Y → ⊗Y⁻¹

Step 4335: step_80
  Value: 2.886193e-03
  NRCI: 0.999997000000
  Net refinements: 0
  Composition depth: 2
  Operators: ⊗Y → ⊗Y⁻¹

Step 4336: step_80
  Value: 2.773122e-03
  NRCI: 0.999997000000
  Net refinements: 0
  Composition depth: 2
  Operators: ⊗Y → ⊗Y⁻¹

Step 4337: step_80
  Value: 2.672133e-03
  NRCI: 0.999997000000
  Net refinements: 0
  Composition depth: 2
  Operators: ⊗Y → ⊗Y⁻¹

Step 4338: step_80
  Value: 2.591348e-03
  NRCI: 0.999997000000
  Net refinements: 0
  Composition depth: 2
  Operators: ⊗Y → ⊗Y⁻¹

Step 4339: step_80
  Value: 2.545353e-03
  NRCI: 0.999997000000
  Net refinements: 0
  Composition depth: 2
  Operators: ⊗Y → ⊗Y⁻¹

Step 4340: step_80
  Value: 2.558309e-03
  NRCI: 0.999997000000
  Net refinements: 0
  Composition depth: 2
  Operators: ⊗Y → ⊗Y⁻¹

Step 4341: step_80
  Value: 2.666912e-03
  NRCI: 0.999997000000
  Net refinements: 0
  Composition depth: 2
  Operators: ⊗Y → ⊗Y⁻¹

Step 4342: step_80
  Value: 2.921782e-03
  NRCI: 0.999997000000
  Net refinements: 0
  Composition depth: 2
  Operators: ⊗Y → ⊗Y⁻¹

Step 4343: step_80
  Value: 3.385297e-03
  NRCI: 0.999997000000
  Net refinements: 0
  Composition depth: 2
  Operators: ⊗Y → ⊗Y⁻¹

Step 4344: step_80
  Value: 4.123968e-03
  NRCI: 0.999997000000
  Net refinements: 0
  Composition depth: 2
  Operators: ⊗Y → ⊗Y⁻¹

Step 4345: step_80
  Value: 5.194708e-03
  NRCI: 0.999997000000
  Net refinements: 0
  Composition depth: 2
  Operators: ⊗Y → ⊗Y⁻¹

Step 4346: step_80
  Value: 6.626767e-03
  NRCI: 0.999997000000
  Net refinements: 0
  Composition depth: 2
  Operators: ⊗Y → ⊗Y⁻¹

Step 4347: step_80
  Value: 8.403994e-03
  NRCI: 0.999997000000
  Net refinements: 0
  Composition depth: 2
  Operators: ⊗Y → ⊗Y⁻¹

Step 4348: step_80
  Value: 1.045399e-02
  NRCI: 0.999997000000
  Net refinements: 0
  Composition depth: 2
  Operators: ⊗Y → ⊗Y⁻¹

Step 4349: step_80
  Value: 1.265009e-02
  NRCI: 0.999997000000
  Net refinements: 0
  Composition depth: 2
  Operators: ⊗Y → ⊗Y⁻¹

Step 4350: step_80
  Value: 1.482840e-02
  NRCI: 0.999997000000
  Net refinements: 0
  Composition depth: 2
  Operators: ⊗Y → ⊗Y⁻¹

Step 4351: step_80
  Value: 1.681663e-02
  NRCI: 0.999997000000
  Net refinements: 0
  Composition depth: 2
  Operators: ⊗Y → ⊗Y⁻¹

Step 4352: step_80
  Value: 1.846639e-02
  NRCI: 0.999997000000
  Net refinements: 0
  Composition depth: 2
  Operators: ⊗Y → ⊗Y⁻¹

Step 4353: step_80
  Value: 1.967919e-02
  NRCI: 0.999997000000
  Net refinements: 0
  Composition depth: 2
  Operators: ⊗Y → ⊗Y⁻¹

Step 4354: step_80
  Value: 2.041861e-02
  NRCI: 0.999997000000
  Net refinements: 0
  Composition depth: 2
  Operators: ⊗Y → ⊗Y⁻¹

Step 4355: step_80
  Value: 2.070678e-02
  NRCI: 0.999997000000
  Net refinements: 0
  Composition depth: 2
  Operators: ⊗Y → ⊗Y⁻¹

Step 4356: step_80
  Value: 2.060846e-02
  NRCI: 0.999997000000
  Net refinements: 0
  Composition depth: 2
  Operators: ⊗Y → ⊗Y⁻¹

Step 4357: step_80
  Value: 2.020969e-02
  NRCI: 0.999997000000
  Net refinements: 0
  Composition depth: 2
  Operators: ⊗Y → ⊗Y⁻¹

Step 4358: step_80
  Value: 1.959762e-02
  NRCI: 0.999997000000
  Net refinements: 0
  Composition depth: 2
  Operators: ⊗Y → ⊗Y⁻¹

Step 4359: step_80
  Value: 1.884591e-02
  NRCI: 0.999997000000
  Net refinements: 0
  Composition depth: 2
  Operators: ⊗Y → ⊗Y⁻¹

Step 4360: step_80
  Value: 1.800700e-02
  NRCI: 0.999997000000
  Net refinements: 0
  Composition depth: 2
  Operators: ⊗Y → ⊗Y⁻¹

Step 4361: step_80
  Value: 1.711037e-02
  NRCI: 0.999997000000
  Net refinements: 0
  Composition depth: 2
  Operators: ⊗Y → ⊗Y⁻¹

Step 4362: step_80
  Value: 1.616483e-02
  NRCI: 0.999997000000
  Net refinements: 0
  Composition depth: 2
  Operators: ⊗Y → ⊗Y⁻¹

Step 4363: step_80
  Value: 1.516347e-02
  NRCI: 0.999997000000
  Net refinements: 0
  Composition depth: 2
  Operators: ⊗Y → ⊗Y⁻¹

Step 4364: step_80
  Value: 1.409038e-02
  NRCI: 0.999997000000
  Net refinements: 0
  Composition depth: 2
  Operators: ⊗Y → ⊗Y⁻¹

Step 4365: step_80
  Value: 1.292876e-02
  NRCI: 0.999997000000
  Net refinements: 0
  Composition depth: 2
  Operators: ⊗Y → ⊗Y⁻¹

Step 4366: step_80
  Value: 1.166957e-02
  NRCI: 0.999997000000
  Net refinements: 0
  Composition depth: 2
  Operators: ⊗Y → ⊗Y⁻¹

Step 4367: step_80
  Value: 1.031916e-02
  NRCI: 0.999997000000
  Net refinements: 0
  Composition depth: 2
  Operators: ⊗Y → ⊗Y⁻¹

Step 4368: step_80
  Value: 8.903876e-03
  NRCI: 0.999997000000
  Net refinements: 0
  Composition depth: 2
  Operators: ⊗Y → ⊗Y⁻¹

Step 4369: step_80
  Value: 7.469485e-03
  NRCI: 0.999997000000
  Net refinements: 0
  Composition depth: 2
  Operators: ⊗Y → ⊗Y⁻¹

Step 4370: step_80
  Value: 6.075032e-03
  NRCI: 0.999997000000
  Net refinements: 0
  Composition depth: 2
  Operators: ⊗Y → ⊗Y⁻¹

Step 4371: step_80
  Value: 4.782265e-03
  NRCI: 0.999997000000
  Net refinements: 0
  Composition depth: 2
  Operators: ⊗Y → ⊗Y⁻¹

Step 4372: step_80
  Value: 3.643819e-03
  NRCI: 0.999997000000
  Net refinements: 0
  Composition depth: 2
  Operators: ⊗Y → ⊗Y⁻¹

Step 4373: step_80
  Value: 2.693769e-03
  NRCI: 0.999997000000
  Net refinements: 0
  Composition depth: 2
  Operators: ⊗Y → ⊗Y⁻¹

Step 4374: step_80
  Value: 1.943273e-03
  NRCI: 0.999997000000
  Net refinements: 0
  Composition depth: 2
  Operators: ⊗Y → ⊗Y⁻¹

Step 4375: step_80
  Value: 1.381985e-03
  NRCI: 0.999997000000
  Net refinements: 0
  Composition depth: 2
  Operators: ⊗Y → ⊗Y⁻¹

Step 4376: step_80
  Value: 9.839165e-04
  NRCI: 0.999997000000
  Net refinements: 0
  Composition depth: 2
  Operators: ⊗Y → ⊗Y⁻¹

Step 4377: step_80
  Value: 7.152205e-04
  NRCI: 0.999997000000
  Net refinements: 0
  Composition depth: 2
  Operators: ⊗Y → ⊗Y⁻¹

Step 4378: step_80
  Value: 5.413860e-04
  NRCI: 0.999997000000
  Net refinements: 0
  Composition depth: 2
  Operators: ⊗Y → ⊗Y⁻¹

Step 4379: step_80
  Value: 4.322400e-04
  NRCI: 0.999997000000
  Net refinements: 0
  Composition depth: 2
  Operators: ⊗Y → ⊗Y⁻¹

Step 4380: step_80
  Value: 3.643228e-04
  NRCI: 0.999997000000
  Net refinements: 0
  Composition depth: 2
  Operators: ⊗Y → ⊗Y⁻¹

Step 4381: step_80
  Value: 3.211050e-04
  NRCI: 0.999997000000
  Net refinements: 0
  Composition depth: 2
  Operators: ⊗Y → ⊗Y⁻¹

Step 4382: step_80
  Value: 2.919103e-04
  NRCI: 0.999997000000
  Net refinements: 0
  Composition depth: 2
  Operators: ⊗Y → ⊗Y⁻¹

Step 4383: step_80
  Value: 2.703674e-04
  NRCI: 0.999997000000
  Net refinements: 0
  Composition depth: 2
  Operators: ⊗Y → ⊗Y⁻¹

Step 4384: step_80
  Value: 2.529402e-04
  NRCI: 0.999997000000
  Net refinements: 0
  Composition depth: 2
  Operators: ⊗Y → ⊗Y⁻¹

Step 4385: step_80
  Value: 2.377916e-04
  NRCI: 0.999997000000
  Net refinements: 0
  Composition depth: 2
  Operators: ⊗Y → ⊗Y⁻¹

Step 4386: step_80
  Value: 2.240211e-04
  NRCI: 0.999997000000
  Net refinements: 0
  Composition depth: 2
  Operators: ⊗Y → ⊗Y⁻¹

Step 4387: step_80
  Value: 2.112050e-04
  NRCI: 0.999997000000
  Net refinements: 0
  Composition depth: 2
  Operators: ⊗Y → ⊗Y⁻¹

Step 4388: step_80
  Value: 1.991465e-04
  NRCI: 0.999997000000
  Net refinements: 0
  Composition depth: 2
  Operators: ⊗Y → ⊗Y⁻¹

Step 4389: step_80
  Value: 1.877496e-04
  NRCI: 0.999997000000
  Net refinements: 0
  Composition depth: 2
  Operators: ⊗Y → ⊗Y⁻¹

Step 4390: step_80
  Value: 1.769608e-04
  NRCI: 0.999997000000
  Net refinements: 0
  Composition depth: 2
  Operators: ⊗Y → ⊗Y⁻¹

Step 4391: step_80
  Value: 1.667437e-04
  NRCI: 0.999997000000
  Net refinements: 0
  Composition depth: 2
  Operators: ⊗Y → ⊗Y⁻¹

Step 4392: step_80
  Value: 1.570685e-04
  NRCI: 0.999997000000
  Net refinements: 0
  Composition depth: 2
  Operators: ⊗Y → ⊗Y⁻¹

Step 4393: step_80
  Value: 1.479090e-04
  NRCI: 0.999997000000
  Net refinements: 0
  Composition depth: 2
  Operators: ⊗Y → ⊗Y⁻¹

Step 4394: step_80
  Value: 1.392403e-04
  NRCI: 0.999997000000
  Net refinements: 0
  Composition depth: 2
  Operators: ⊗Y → ⊗Y⁻¹

Step 4395: step_80
  Value: 1.310388e-04
  NRCI: 0.999997000000
  Net refinements: 0
  Composition depth: 2
  Operators: ⊗Y → ⊗Y⁻¹

Step 4396: step_80
  Value: 1.232820e-04
  NRCI: 0.999997000000
  Net refinements: 0
  Composition depth: 2
  Operators: ⊗Y → ⊗Y⁻¹

Step 4397: step_80
  Value: 1.159482e-04
  NRCI: 0.999997000000
  Net refinements: 0
  Composition depth: 2
  Operators: ⊗Y → ⊗Y⁻¹

Step 4398: step_80
  Value: 1.090167e-04
  NRCI: 0.999997000000
  Net refinements: 0
  Composition depth: 2
  Operators: ⊗Y → ⊗Y⁻¹

Step 4399: step_80
  Value: 1.024676e-04
  NRCI: 0.999997000000
  Net refinements: 0
  Composition depth: 2
  Operators: ⊗Y → ⊗Y⁻¹

Step 4400: step_80
  Value: 9.628192e-05
  NRCI: 0.999997000000
  Net refinements: 0
  Composition depth: 2
  Operators: ⊗Y → ⊗Y⁻¹

Step 4401: step_80
  Value: 9.044146e-05
  NRCI: 0.999997000000
  Net refinements: 0
  Composition depth: 2
  Operators: ⊗Y → ⊗Y⁻¹

Step 4402: step_80
  Value: 8.492881e-05
  NRCI: 0.999997000000
  Net refinements: 0
  Composition depth: 2
  Operators: ⊗Y → ⊗Y⁻¹

Step 4403: step_80
  Value: 7.972731e-05
  NRCI: 0.999997000000
  Net refinements: 0
  Composition depth: 2
  Operators: ⊗Y → ⊗Y⁻¹

Step 4404: step_80
  Value: 7.482105e-05
  NRCI: 0.999997000000
  Net refinements: 0
  Composition depth: 2
  Operators: ⊗Y → ⊗Y⁻¹

Step 4405: step_80
  Value: 7.019482e-05
  NRCI: 0.999997000000
  Net refinements: 0
  Composition depth: 2
  Operators: ⊗Y → ⊗Y⁻¹

Step 4406: step_80
  Value: 6.583412e-05
  NRCI: 0.999997000000
  Net refinements: 0
  Composition depth: 2
  Operators: ⊗Y → ⊗Y⁻¹

Step 4407: step_80
  Value: 6.172507e-05
  NRCI: 0.999997000000
  Net refinements: 0
  Composition depth: 2
  Operators: ⊗Y → ⊗Y⁻¹

Step 4408: step_80
  Value: 5.785446e-05
  NRCI: 0.999997000000
  Net refinements: 0
  Composition depth: 2
  Operators: ⊗Y → ⊗Y⁻¹

Step 4409: step_80
  Value: 5.420970e-05
  NRCI: 0.999997000000
  Net refinements: 0
  Composition depth: 2
  Operators: ⊗Y → ⊗Y⁻¹

Step 4410: step_80
  Value: 5.077881e-05
  NRCI: 0.999997000000
  Net refinements: 0
  Composition depth: 2
  Operators: ⊗Y → ⊗Y⁻¹

Step 4411: step_80
  Value: 4.755053e-05
  NRCI: 0.999997000000
  Net refinements: 0
  Composition depth: 2
  Operators: ⊗Y → ⊗Y⁻¹

Step 4412: step_80
  Value: 4.451444e-05
  NRCI: 0.999997000000
  Net refinements: 0
  Composition depth: 2
  Operators: ⊗Y → ⊗Y⁻¹

Step 4413: step_80
  Value: 4.166151e-05
  NRCI: 0.999997000000
  Net refinements: 0
  Composition depth: 2
  Operators: ⊗Y → ⊗Y⁻¹

Step 4414: step_80
  Value: 3.898522e-05
  NRCI: 0.999997000000
  Net refinements: 0
  Composition depth: 2
  Operators: ⊗Y → ⊗Y⁻¹

Step 4415: step_80
  Value: 3.648405e-05
  NRCI: 0.999997000000
  Net refinements: 0
  Composition depth: 2
  Operators: ⊗Y → ⊗Y⁻¹

Step 4416: step_80
  Value: 3.416640e-05
  NRCI: 0.999997000000
  Net refinements: 0
  Composition depth: 2
  Operators: ⊗Y → ⊗Y⁻¹

Step 4417: step_80
  Value: 3.205942e-05
  NRCI: 0.999997000000
  Net refinements: 0
  Composition depth: 2
  Operators: ⊗Y → ⊗Y⁻¹

Step 4418: step_80
  Value: 3.022339e-05
  NRCI: 0.999997000000
  Net refinements: 0
  Composition depth: 2
  Operators: ⊗Y → ⊗Y⁻¹

Step 4419: step_80
  Value: 2.877237e-05
  NRCI: 0.999997000000
  Net refinements: 0
  Composition depth: 2
  Operators: ⊗Y → ⊗Y⁻¹

Step 4420: step_80
  Value: 2.789940e-05
  NRCI: 0.999997000000
  Net refinements: 0
  Composition depth: 2
  Operators: ⊗Y → ⊗Y⁻¹

Step 4421: step_80
  Value: 2.789994e-05
  NRCI: 0.999997000000
  Net refinements: 0
  Composition depth: 2
  Operators: ⊗Y → ⊗Y⁻¹

Step 4422: step_80
  Value: 2.918145e-05
  NRCI: 0.999997000000
  Net refinements: 0
  Composition depth: 2
  Operators: ⊗Y → ⊗Y⁻¹

Step 4423: step_80
  Value: 3.224263e-05
  NRCI: 0.999997000000
  Net refinements: 0
  Composition depth: 2
  Operators: ⊗Y → ⊗Y⁻¹

Step 4424: step_80
  Value: 3.760692e-05
  NRCI: 0.999997000000
  Net refinements: 0
  Composition depth: 2
  Operators: ⊗Y → ⊗Y⁻¹

Step 4425: step_80
  Value: 4.570576e-05
  NRCI: 0.999997000000
  Net refinements: 0
  Composition depth: 2
  Operators: ⊗Y → ⊗Y⁻¹

Step 4426: step_80
  Value: 5.672780e-05
  NRCI: 0.999997000000
  Net refinements: 0
  Composition depth: 2
  Operators: ⊗Y → ⊗Y⁻¹

Step 4427: step_80
  Value: 7.047432e-05
  NRCI: 0.999997000000
  Net refinements: 0
  Composition depth: 2
  Operators: ⊗Y → ⊗Y⁻¹

Step 4428: step_80
  Value: 8.627632e-05
  NRCI: 0.999997000000
  Net refinements: 0
  Composition depth: 2
  Operators: ⊗Y → ⊗Y⁻¹

Step 4429: step_80
  Value: 1.030221e-04
  NRCI: 0.999997000000
  Net refinements: 0
  Composition depth: 2
  Operators: ⊗Y → ⊗Y⁻¹

Step 4430: step_80
  Value: 1.193119e-04
  NRCI: 0.999997000000
  Net refinements: 0
  Composition depth: 2
  Operators: ⊗Y → ⊗Y⁻¹

Step 4431: step_80
  Value: 1.337078e-04
  NRCI: 0.999997000000
  Net refinements: 0
  Composition depth: 2
  Operators: ⊗Y → ⊗Y⁻¹

Step 4432: step_80
  Value: 1.450081e-04
  NRCI: 0.999997000000
  Net refinements: 0
  Composition depth: 2
  Operators: ⊗Y → ⊗Y⁻¹

Step 4433: step_80
  Value: 1.524607e-04
  NRCI: 0.999997000000
  Net refinements: 0
  Composition depth: 2
  Operators: ⊗Y → ⊗Y⁻¹

Step 4434: step_80
  Value: 1.558553e-04
  NRCI: 0.999997000000
  Net refinements: 0
  Composition depth: 2
  Operators: ⊗Y → ⊗Y⁻¹

Step 4435: step_80
  Value: 1.554795e-04
  NRCI: 0.999997000000
  Net refinements: 0
  Composition depth: 2
  Operators: ⊗Y → ⊗Y⁻¹

Step 4436: step_80
  Value: 1.519737e-04
  NRCI: 0.999997000000
  Net refinements: 0
  Composition depth: 2
  Operators: ⊗Y → ⊗Y⁻¹

Step 4437: step_80
  Value: 1.461421e-04
  NRCI: 0.999997000000
  Net refinements: 0
  Composition depth: 2
  Operators: ⊗Y → ⊗Y⁻¹

Step 4438: step_80
  Value: 1.387806e-04
  NRCI: 0.999997000000
  Net refinements: 0
  Composition depth: 2
  Operators: ⊗Y → ⊗Y⁻¹

Step 4439: step_80
  Value: 1.305577e-04
  NRCI: 0.999997000000
  Net refinements: 0
  Composition depth: 2
  Operators: ⊗Y → ⊗Y⁻¹

Step 4440: step_80
  Value: 1.219559e-04
  NRCI: 0.999997000000
  Net refinements: 0
  Composition depth: 2
  Operators: ⊗Y → ⊗Y⁻¹

Step 4441: step_80
  Value: 1.132660e-04
  NRCI: 0.999997000000
  Net refinements: 0
  Composition depth: 2
  Operators: ⊗Y → ⊗Y⁻¹

Step 4442: step_80
  Value: 1.046130e-04
  NRCI: 0.999997000000
  Net refinements: 0
  Composition depth: 2
  Operators: ⊗Y → ⊗Y⁻¹

Step 4443: step_80
  Value: 9.599990e-05
  NRCI: 0.999997000000
  Net refinements: 0
  Composition depth: 2
  Operators: ⊗Y → ⊗Y⁻¹

Step 4444: step_80
  Value: 8.735828e-05
  NRCI: 0.999997000000
  Net refinements: 0
  Composition depth: 2
  Operators: ⊗Y → ⊗Y⁻¹

Step 4445: step_80
  Value: 7.860207e-05
  NRCI: 0.999997000000
  Net refinements: 0
  Composition depth: 2
  Operators: ⊗Y → ⊗Y⁻¹

Step 4446: step_80
  Value: 6.967907e-05
  NRCI: 0.999997000000
  Net refinements: 0
  Composition depth: 2
  Operators: ⊗Y → ⊗Y⁻¹

Step 4447: step_80
  Value: 6.061369e-05
  NRCI: 0.999997000000
  Net refinements: 0
  Composition depth: 2
  Operators: ⊗Y → ⊗Y⁻¹

Step 4448: step_80
  Value: 5.153079e-05
  NRCI: 0.999997000000
  Net refinements: 0
  Composition depth: 2
  Operators: ⊗Y → ⊗Y⁻¹

Step 4449: step_80
  Value: 4.265187e-05
  NRCI: 0.999997000000
  Net refinements: 0
  Composition depth: 2
  Operators: ⊗Y → ⊗Y⁻¹

Step 4450: step_80
  Value: 3.426161e-05
  NRCI: 0.999997000000
  Net refinements: 0
  Composition depth: 2
  Operators: ⊗Y → ⊗Y⁻¹

Step 4451: step_80
  Value: 2.665257e-05
  NRCI: 0.999997000000
  Net refinements: 0
  Composition depth: 2
  Operators: ⊗Y → ⊗Y⁻¹

Step 4452: step_80
  Value: 2.006458e-05
  NRCI: 0.999997000000
  Net refinements: 0
  Composition depth: 2
  Operators: ⊗Y → ⊗Y⁻¹

Step 4453: step_80
  Value: 1.463779e-05
  NRCI: 0.999997000000
  Net refinements: 0
  Composition depth: 2
  Operators: ⊗Y → ⊗Y⁻¹

Step 4454: step_80
  Value: 1.039276e-05
  NRCI: 0.999997000000
  Net refinements: 0
  Composition depth: 2
  Operators: ⊗Y → ⊗Y⁻¹

Step 4455: step_80
  Value: 7.240723e-06
  NRCI: 0.999997000000
  Net refinements: 0
  Composition depth: 2
  Operators: ⊗Y → ⊗Y⁻¹

Step 4456: step_80
  Value: 5.016250e-06
  NRCI: 0.999997000000
  Net refinements: 0
  Composition depth: 2
  Operators: ⊗Y → ⊗Y⁻¹

Step 4457: step_80
  Value: 3.518930e-06
  NRCI: 0.999997000000
  Net refinements: 0
  Composition depth: 2
  Operators: ⊗Y → ⊗Y⁻¹

Step 4458: step_80
  Value: 2.550961e-06
  NRCI: 0.999997000000
  Net refinements: 0
  Composition depth: 2
  Operators: ⊗Y → ⊗Y⁻¹

Step 4459: step_80
  Value: 1.942533e-06
  NRCI: 0.999997000000
  Net refinements: 0
  Composition depth: 2
  Operators: ⊗Y → ⊗Y⁻¹

Step 4460: step_80
  Value: 1.563106e-06
  NRCI: 0.999997000000
  Net refinements: 0
  Composition depth: 2
  Operators: ⊗Y → ⊗Y⁻¹

Step 4461: step_80
  Value: 1.321372e-06
  NRCI: 0.999997000000
  Net refinements: 0
  Composition depth: 2
  Operators: ⊗Y → ⊗Y⁻¹

Step 4462: step_80
  Value: 1.158607e-06
  NRCI: 0.999997000000
  Net refinements: 0
  Composition depth: 2
  Operators: ⊗Y → ⊗Y⁻¹

Step 4463: step_80
  Value: 1.039811e-06
  NRCI: 0.999997000000
  Net refinements: 0
  Composition depth: 2
  Operators: ⊗Y → ⊗Y⁻¹

Step 4464: step_80
  Value: 9.455119e-07
  NRCI: 0.999997000000
  Net refinements: 0
  Composition depth: 2
  Operators: ⊗Y → ⊗Y⁻¹

Step 4465: step_80
  Value: 8.655023e-07
  NRCI: 0.999997000000
  Net refinements: 0
  Composition depth: 2
  Operators: ⊗Y → ⊗Y⁻¹

Step 4466: step_80
  Value: 7.946711e-07
  NRCI: 0.999997000000
  Net refinements: 0
  Composition depth: 2
  Operators: ⊗Y → ⊗Y⁻¹

Step 4467: step_80
  Value: 7.305075e-07
  NRCI: 0.999997000000
  Net refinements: 0
  Composition depth: 2
  Operators: ⊗Y → ⊗Y⁻¹

Step 4468: step_80
  Value: 6.717427e-07
  NRCI: 0.999997000000
  Net refinements: 0
  Composition depth: 2
  Operators: ⊗Y → ⊗Y⁻¹

Step 4469: step_80
  Value: 6.176695e-07
  NRCI: 0.999997000000
  Net refinements: 0
  Composition depth: 2
  Operators: ⊗Y → ⊗Y⁻¹

Step 4470: step_80
  Value: 5.678265e-07
  NRCI: 0.999997000000
  Net refinements: 0
  Composition depth: 2
  Operators: ⊗Y → ⊗Y⁻¹

Step 4471: step_80
  Value: 5.218608e-07
  NRCI: 0.999997000000
  Net refinements: 0
  Composition depth: 2
  Operators: ⊗Y → ⊗Y⁻¹

Step 4472: step_80
  Value: 4.794721e-07
  NRCI: 0.999997000000
  Net refinements: 0
  Composition depth: 2
  Operators: ⊗Y → ⊗Y⁻¹

Step 4473: step_80
  Value: 4.403908e-07
  NRCI: 0.999997000000
  Net refinements: 0
  Composition depth: 2
  Operators: ⊗Y → ⊗Y⁻¹

Step 4474: step_80
  Value: 4.043694e-07
  NRCI: 0.999997000000
  Net refinements: 0
  Composition depth: 2
  Operators: ⊗Y → ⊗Y⁻¹

Step 4475: step_80
  Value: 3.711788e-07
  NRCI: 0.999997000000
  Net refinements: 0
  Composition depth: 2
  Operators: ⊗Y → ⊗Y⁻¹

Step 4476: step_80
  Value: 3.406062e-07
  NRCI: 0.999997000000
  Net refinements: 0
  Composition depth: 2
  Operators: ⊗Y → ⊗Y⁻¹

Step 4477: step_80
  Value: 3.124545e-07
  NRCI: 0.999997000000
  Net refinements: 0
  Composition depth: 2
  Operators: ⊗Y → ⊗Y⁻¹

Step 4478: step_80
  Value: 2.865401e-07
  NRCI: 0.999997000000
  Net refinements: 0
  Composition depth: 2
  Operators: ⊗Y → ⊗Y⁻¹

Step 4479: step_80
  Value: 2.626932e-07
  NRCI: 0.999997000000
  Net refinements: 0
  Composition depth: 2
  Operators: ⊗Y → ⊗Y⁻¹

Step 4480: step_80
  Value: 2.407558e-07
  NRCI: 0.999997000000
  Net refinements: 0
  Composition depth: 2
  Operators: ⊗Y → ⊗Y⁻¹

Step 4481: step_80
  Value: 2.205817e-07
  NRCI: 0.999997000000
  Net refinements: 0
  Composition depth: 2
  Operators: ⊗Y → ⊗Y⁻¹

Step 4482: step_80
  Value: 2.020350e-07
  NRCI: 0.999997000000
  Net refinements: 0
  Composition depth: 2
  Operators: ⊗Y → ⊗Y⁻¹

Step 4483: step_80
  Value: 1.849901e-07
  NRCI: 0.999997000000
  Net refinements: 0
  Composition depth: 2
  Operators: ⊗Y → ⊗Y⁻¹

Step 4484: step_80
  Value: 1.693304e-07
  NRCI: 0.999997000000
  Net refinements: 0
  Composition depth: 2
  Operators: ⊗Y → ⊗Y⁻¹

Step 4485: step_80
  Value: 1.549480e-07
  NRCI: 0.999997000000
  Net refinements: 0
  Composition depth: 2
  Operators: ⊗Y → ⊗Y⁻¹

Step 4486: step_80
  Value: 1.417431e-07
  NRCI: 0.999997000000
  Net refinements: 0
  Composition depth: 2
  Operators: ⊗Y → ⊗Y⁻¹

Step 4487: step_80
  Value: 1.296230e-07
  NRCI: 0.999997000000
  Net refinements: 0
  Composition depth: 2
  Operators: ⊗Y → ⊗Y⁻¹

Step 4488: step_80
  Value: 1.185024e-07
  NRCI: 0.999997000000
  Net refinements: 0
  Composition depth: 2
  Operators: ⊗Y → ⊗Y⁻¹

Step 4489: step_80
  Value: 1.083021e-07
  NRCI: 0.999997000000
  Net refinements: 0
  Composition depth: 2
  Operators: ⊗Y → ⊗Y⁻¹

Step 4490: step_80
  Value: 9.894889e-08
  NRCI: 0.999997000000
  Net refinements: 0
  Composition depth: 2
  Operators: ⊗Y → ⊗Y⁻¹

Step 4491: step_80
  Value: 9.037531e-08
  NRCI: 0.999997000000
  Net refinements: 0
  Composition depth: 2
  Operators: ⊗Y → ⊗Y⁻¹

Step 4492: step_80
  Value: 8.251886e-08
  NRCI: 0.999997000000
  Net refinements: 0
  Composition depth: 2
  Operators: ⊗Y → ⊗Y⁻¹

Step 4493: step_80
  Value: 7.532191e-08
  NRCI: 0.999997000000
  Net refinements: 0
  Composition depth: 2
  Operators: ⊗Y → ⊗Y⁻¹

Step 4494: step_80
  Value: 6.873122e-08
  NRCI: 0.999997000000
  Net refinements: 0
  Composition depth: 2
  Operators: ⊗Y → ⊗Y⁻¹

Step 4495: step_80
  Value: 6.269766e-08
  NRCI: 0.999997000000
  Net refinements: 0
  Composition depth: 2
  Operators: ⊗Y → ⊗Y⁻¹

Step 4496: step_80
  Value: 5.717594e-08
  NRCI: 0.999997000000
  Net refinements: 0
  Composition depth: 2
  Operators: ⊗Y → ⊗Y⁻¹

Step 4497: step_80
  Value: 5.212426e-08
  NRCI: 0.999997000000
  Net refinements: 0
  Composition depth: 2
  Operators: ⊗Y → ⊗Y⁻¹

Step 4498: step_80
  Value: 4.750410e-08
  NRCI: 0.999997000000
  Net refinements: 0
  Composition depth: 2
  Operators: ⊗Y → ⊗Y⁻¹

Step 4499: step_80
  Value: 4.327996e-08
  NRCI: 0.999997000000
  Net refinements: 0
  Composition depth: 2
  Operators: ⊗Y → ⊗Y⁻¹

Step 4500: step_80
  Value: 3.941916e-08
  NRCI: 0.999997000000
  Net refinements: 0
  Composition depth: 2
  Operators: ⊗Y → ⊗Y⁻¹

Step 4501: step_80
  Value: 3.589157e-08
  NRCI: 0.999997000000
  Net refinements: 0
  Composition depth: 2
  Operators: ⊗Y → ⊗Y⁻¹

Step 4502: step_80
  Value: 3.266947e-08
  NRCI: 0.999997000000
  Net refinements: 0
  Composition depth: 2
  Operators: ⊗Y → ⊗Y⁻¹

Step 4503: step_80
  Value: 2.972736e-08
  NRCI: 0.999997000000
  Net refinements: 0
  Composition depth: 2
  Operators: ⊗Y → ⊗Y⁻¹

Step 4504: step_80
  Value: 2.704178e-08
  NRCI: 0.999997000000
  Net refinements: 0
  Composition depth: 2
  Operators: ⊗Y → ⊗Y⁻¹

Step 4505: step_80
  Value: 2.459115e-08
  NRCI: 0.999997000000
  Net refinements: 0
  Composition depth: 2
  Operators: ⊗Y → ⊗Y⁻¹

Step 4506: step_80
  Value: 2.235564e-08
  NRCI: 0.999997000000
  Net refinements: 0
  Composition depth: 2
  Operators: ⊗Y → ⊗Y⁻¹

Step 4507: step_80
  Value: 2.031701e-08
  NRCI: 0.999997000000
  Net refinements: 0
  Composition depth: 2
  Operators: ⊗Y → ⊗Y⁻¹

Step 4508: step_80
  Value: 1.845854e-08
  NRCI: 0.999997000000
  Net refinements: 0
  Composition depth: 2
  Operators: ⊗Y → ⊗Y⁻¹

Step 4509: step_80
  Value: 1.676484e-08
  NRCI: 0.999997000000
  Net refinements: 0
  Composition depth: 2
  Operators: ⊗Y → ⊗Y⁻¹

Step 4510: step_80
  Value: 1.522180e-08
  NRCI: 0.999997000000
  Net refinements: 0
  Composition depth: 2
  Operators: ⊗Y → ⊗Y⁻¹

Step 4511: step_80
  Value: 1.381648e-08
  NRCI: 0.999997000000
  Net refinements: 0
  Composition depth: 2
  Operators: ⊗Y → ⊗Y⁻¹

Step 4512: step_80
  Value: 1.253699e-08
  NRCI: 0.999997000000
  Net refinements: 0
  Composition depth: 2
  Operators: ⊗Y → ⊗Y⁻¹

Step 4513: step_80
  Value: 1.137244e-08
  NRCI: 0.999997000000
  Net refinements: 0
  Composition depth: 2
  Operators: ⊗Y → ⊗Y⁻¹

Step 4514: step_80
  Value: 1.031286e-08
  NRCI: 0.999997000000
  Net refinements: 0
  Composition depth: 2
  Operators: ⊗Y → ⊗Y⁻¹

Step 4515: step_80
  Value: 9.349076e-09
  NRCI: 0.999997000000
  Net refinements: 0
  Composition depth: 2
  Operators: ⊗Y → ⊗Y⁻¹

Step 4516: step_80
  Value: 8.472725e-09
  NRCI: 0.999997000000
  Net refinements: 0
  Composition depth: 2
  Operators: ⊗Y → ⊗Y⁻¹

Step 4517: step_80
  Value: 7.676127e-09
  NRCI: 0.999997000000
  Net refinements: 0
  Composition depth: 2
  Operators: ⊗Y → ⊗Y⁻¹

Step 4518: step_80
  Value: 6.952257e-09
  NRCI: 0.999997000000
  Net refinements: 0
  Composition depth: 2
  Operators: ⊗Y → ⊗Y⁻¹

Step 4519: step_80
  Value: 6.294686e-09
  NRCI: 0.999997000000
  Net refinements: 0
  Composition depth: 2
  Operators: ⊗Y → ⊗Y⁻¹

Step 4520: step_80
  Value: 5.697535e-09
  NRCI: 0.999997000000
  Net refinements: 0
  Composition depth: 2
  Operators: ⊗Y → ⊗Y⁻¹

Step 4521: step_80
  Value: 5.155425e-09
  NRCI: 0.999997000000
  Net refinements: 0
  Composition depth: 2
  Operators: ⊗Y → ⊗Y⁻¹

Step 4522: step_80
  Value: 4.663443e-09
  NRCI: 0.999997000000
  Net refinements: 0
  Composition depth: 2
  Operators: ⊗Y → ⊗Y⁻¹

Step 4523: step_80
  Value: 4.217095e-09
  NRCI: 0.999997000000
  Net refinements: 0
  Composition depth: 2
  Operators: ⊗Y → ⊗Y⁻¹

Step 4524: step_80
  Value: 3.812280e-09
  NRCI: 0.999997000000
  Net refinements: 0
  Composition depth: 2
  Operators: ⊗Y → ⊗Y⁻¹

Step 4525: step_80
  Value: 3.445251e-09
  NRCI: 0.999997000000
  Net refinements: 0
  Composition depth: 2
  Operators: ⊗Y → ⊗Y⁻¹

Step 4526: step_80
  Value: 3.112587e-09
  NRCI: 0.999997000000
  Net refinements: 0
  Composition depth: 2
  Operators: ⊗Y → ⊗Y⁻¹

Step 4527: step_80
  Value: 2.811167e-09
  NRCI: 0.999997000000
  Net refinements: 0
  Composition depth: 2
  Operators: ⊗Y → ⊗Y⁻¹

Step 4528: step_80
  Value: 2.538146e-09
  NRCI: 0.999997000000
  Net refinements: 0
  Composition depth: 2
  Operators: ⊗Y → ⊗Y⁻¹

Step 4529: step_80
  Value: 2.290926e-09
  NRCI: 0.999997000000
  Net refinements: 0
  Composition depth: 2
  Operators: ⊗Y → ⊗Y⁻¹

Step 4530: step_80
  Value: 2.067142e-09
  NRCI: 0.999997000000
  Net refinements: 0
  Composition depth: 2
  Operators: ⊗Y → ⊗Y⁻¹

Step 4531: step_80
  Value: 1.864636e-09
  NRCI: 0.999997000000
  Net refinements: 0
  Composition depth: 2
  Operators: ⊗Y → ⊗Y⁻¹

Step 4532: step_80
  Value: 1.681444e-09
  NRCI: 0.999997000000
  Net refinements: 0
  Composition depth: 2
  Operators: ⊗Y → ⊗Y⁻¹

Step 4533: step_80
  Value: 1.515777e-09
  NRCI: 0.999997000000
  Net refinements: 0
  Composition depth: 2
  Operators: ⊗Y → ⊗Y⁻¹

Step 4534: step_80
  Value: 1.366007e-09
  NRCI: 0.999997000000
  Net refinements: 0
  Composition depth: 2
  Operators: ⊗Y → ⊗Y⁻¹

Step 4535: step_80
  Value: 1.230652e-09
  NRCI: 0.999997000000
  Net refinements: 0
  Composition depth: 2
  Operators: ⊗Y → ⊗Y⁻¹

Step 4536: step_80
  Value: 1.108363e-09
  NRCI: 0.999997000000
  Net refinements: 0
  Composition depth: 2
  Operators: ⊗Y → ⊗Y⁻¹

Step 4537: step_80
  Value: 9.979151e-10
  NRCI: 0.999997000000
  Net refinements: 0
  Composition depth: 2
  Operators: ⊗Y → ⊗Y⁻¹

Step 4538: step_80
  Value: 8.981931e-10
  NRCI: 0.999997000000
  Net refinements: 0
  Composition depth: 2
  Operators: ⊗Y → ⊗Y⁻¹

Step 4539: step_80
  Value: 8.081843e-10
  NRCI: 0.999997000000
  Net refinements: 0
  Composition depth: 2
  Operators: ⊗Y → ⊗Y⁻¹

Step 4540: step_80
  Value: 7.269688e-10
  NRCI: 0.999997000000
  Net refinements: 0
  Composition depth: 2
  Operators: ⊗Y → ⊗Y⁻¹

Step 4541: step_80
  Value: 6.537110e-10
  NRCI: 0.999997000000
  Net refinements: 0
  Composition depth: 2
  Operators: ⊗Y → ⊗Y⁻¹

Step 4542: step_80
  Value: 5.876522e-10
  NRCI: 0.999997000000
  Net refinements: 0
  Composition depth: 2
  Operators: ⊗Y → ⊗Y⁻¹

Step 4543: step_80
  Value: 5.281042e-10
  NRCI: 0.999997000000
  Net refinements: 0
  Composition depth: 2
  Operators: ⊗Y → ⊗Y⁻¹

Step 4544: step_80
  Value: 4.744424e-10
  NRCI: 0.999997000000
  Net refinements: 0
  Composition depth: 2
  Operators: ⊗Y → ⊗Y⁻¹

Step 4545: step_80
  Value: 4.261004e-10
  NRCI: 0.999997000000
  Net refinements: 0
  Composition depth: 2
  Operators: ⊗Y → ⊗Y⁻¹

Step 4546: step_80
  Value: 3.825648e-10
  NRCI: 0.999997000000
  Net refinements: 0
  Composition depth: 2
  Operators: ⊗Y → ⊗Y⁻¹

Step 4547: step_80
  Value: 3.433703e-10
  NRCI: 0.999997000000
  Net refinements: 0
  Composition depth: 2
  Operators: ⊗Y → ⊗Y⁻¹

Step 4548: step_80
  Value: 3.080953e-10
  NRCI: 0.999997000000
  Net refinements: 0
  Composition depth: 2
  Operators: ⊗Y → ⊗Y⁻¹

Step 4549: step_80
  Value: 2.763580e-10
  NRCI: 0.999997000000
  Net refinements: 0
  Composition depth: 2
  Operators: ⊗Y → ⊗Y⁻¹

Step 4550: step_80
  Value: 2.478128e-10
  NRCI: 0.999997000000
  Net refinements: 0
  Composition depth: 2
  Operators: ⊗Y → ⊗Y⁻¹

Step 4551: step_80
  Value: 2.221467e-10
  NRCI: 0.999997000000
  Net refinements: 0
  Composition depth: 2
  Operators: ⊗Y → ⊗Y⁻¹

Step 4552: step_80
  Value: 1.990768e-10
  NRCI: 0.999997000000
  Net refinements: 0
  Composition depth: 2
  Operators: ⊗Y → ⊗Y⁻¹

Step 4553: step_80
  Value: 1.783472e-10
  NRCI: 0.999997000000
  Net refinements: 0
  Composition depth: 2
  Operators: ⊗Y → ⊗Y⁻¹

Step 4554: step_80
  Value: 1.597262e-10
  NRCI: 0.999997000000
  Net refinements: 0
  Composition depth: 2
  Operators: ⊗Y → ⊗Y⁻¹

Step 4555: step_80
  Value: 1.430049e-10
  NRCI: 0.999997000000
  Net refinements: 0
  Composition depth: 2
  Operators: ⊗Y → ⊗Y⁻¹

Step 4556: step_80
  Value: 1.279942e-10
  NRCI: 0.999997000000
  Net refinements: 0
  Composition depth: 2
  Operators: ⊗Y → ⊗Y⁻¹

Step 4557: step_80
  Value: 1.145234e-10
  NRCI: 0.999997000000
  Net refinements: 0
  Composition depth: 2
  Operators: ⊗Y → ⊗Y⁻¹

Step 4558: step_80
  Value: 1.024384e-10
  NRCI: 0.999997000000
  Net refinements: 0
  Composition depth: 2
  Operators: ⊗Y → ⊗Y⁻¹

Step 4559: step_80
  Value: 9.160012e-11
  NRCI: 0.999997000000
  Net refinements: 0
  Composition depth: 2
  Operators: ⊗Y → ⊗Y⁻¹

Step 4560: step_80
  Value: 8.188302e-11
  NRCI: 0.999997000000
  Net refinements: 0
  Composition depth: 2
  Operators: ⊗Y → ⊗Y⁻¹

Step 4561: step_80
  Value: 7.317392e-11
  NRCI: 0.999997000000
  Net refinements: 0
  Composition depth: 2
  Operators: ⊗Y → ⊗Y⁻¹

Step 4562: step_80
  Value: 6.537074e-11
  NRCI: 0.999997000000
  Net refinements: 0
  Composition depth: 2
  Operators: ⊗Y → ⊗Y⁻¹

Step 4563: step_80
  Value: 5.838148e-11
  NRCI: 0.999997000000
  Net refinements: 0
  Composition depth: 2
  Operators: ⊗Y → ⊗Y⁻¹

Step 4564: step_80
  Value: 5.212324e-11
  NRCI: 0.999997000000
  Net refinements: 0
  Composition depth: 2
  Operators: ⊗Y → ⊗Y⁻¹

Step 4565: step_80
  Value: 4.652135e-11
  NRCI: 0.999997000000
  Net refinements: 0
  Composition depth: 2
  Operators: ⊗Y → ⊗Y⁻¹

Step 4566: step_80
  Value: 4.150858e-11
  NRCI: 0.999997000000
  Net refinements: 0
  Composition depth: 2
  Operators: ⊗Y → ⊗Y⁻¹

Step 4567: step_80
  Value: 3.702441e-11
  NRCI: 0.999997000000
  Net refinements: 0
  Composition depth: 2
  Operators: ⊗Y → ⊗Y⁻¹

Step 4568: step_80
  Value: 3.301436e-11
  NRCI: 0.999997000000
  Net refinements: 0
  Composition depth: 2
  Operators: ⊗Y → ⊗Y⁻¹

Step 4569: step_80
  Value: 2.942946e-11
  NRCI: 0.999997000000
  Net refinements: 0
  Composition depth: 2
  Operators: ⊗Y → ⊗Y⁻¹

Step 4570: step_80
  Value: 2.622566e-11
  NRCI: 0.999997000000
  Net refinements: 0
  Composition depth: 2
  Operators: ⊗Y → ⊗Y⁻¹

Step 4571: step_80
  Value: 2.336335e-11
  NRCI: 0.999997000000
  Net refinements: 0
  Composition depth: 2
  Operators: ⊗Y → ⊗Y⁻¹

Step 4572: step_80
  Value: 2.080695e-11
  NRCI: 0.999997000000
  Net refinements: 0
  Composition depth: 2
  Operators: ⊗Y → ⊗Y⁻¹

Step 4573: step_80
  Value: 1.852449e-11
  NRCI: 0.999997000000
  Net refinements: 0
  Composition depth: 2
  Operators: ⊗Y → ⊗Y⁻¹

Step 4574: step_80
  Value: 1.648727e-11
  NRCI: 0.999997000000
  Net refinements: 0
  Composition depth: 2
  Operators: ⊗Y → ⊗Y⁻¹

Step 4575: step_80
  Value: 1.466952e-11
  NRCI: 0.999997000000
  Net refinements: 0
  Composition depth: 2
  Operators: ⊗Y → ⊗Y⁻¹

Step 4576: step_80
  Value: 1.304812e-11
  NRCI: 0.999997000000
  Net refinements: 0
  Composition depth: 2
  Operators: ⊗Y → ⊗Y⁻¹

Step 4577: step_80
  Value: 1.160230e-11
  NRCI: 0.999997000000
  Net refinements: 0
  Composition depth: 2
  Operators: ⊗Y → ⊗Y⁻¹

Step 4578: step_80
  Value: 1.031348e-11
  NRCI: 0.999997000000
  Net refinements: 0
  Composition depth: 2
  Operators: ⊗Y → ⊗Y⁻¹

Step 4579: step_80
  Value: 9.164969e-12
  NRCI: 0.999997000000
  Net refinements: 0
  Composition depth: 2
  Operators: ⊗Y → ⊗Y⁻¹

Step 4580: step_80
  Value: 8.141816e-12
  NRCI: 0.999997000000
  Net refinements: 0
  Composition depth: 2
  Operators: ⊗Y → ⊗Y⁻¹

Step 4581: step_80
  Value: 7.230631e-12
  NRCI: 0.999997000000
  Net refinements: 0
  Composition depth: 2
  Operators: ⊗Y → ⊗Y⁻¹

Step 4582: step_80
  Value: 6.419419e-12
  NRCI: 0.999997000000
  Net refinements: 0
  Composition depth: 2
  Operators: ⊗Y → ⊗Y⁻¹

Step 4583: step_80
  Value: 5.697442e-12
  NRCI: 0.999997000000
  Net refinements: 0
  Composition depth: 2
  Operators: ⊗Y → ⊗Y⁻¹

Step 4584: step_80
  Value: 5.055088e-12
  NRCI: 0.999997000000
  Net refinements: 0
  Composition depth: 2
  Operators: ⊗Y → ⊗Y⁻¹

Step 4585: step_80
  Value: 4.483757e-12
  NRCI: 0.999997000000
  Net refinements: 0
  Composition depth: 2
  Operators: ⊗Y → ⊗Y⁻¹

Step 4586: step_80
  Value: 3.975760e-12
  NRCI: 0.999997000000
  Net refinements: 0
  Composition depth: 2
  Operators: ⊗Y → ⊗Y⁻¹

Step 4587: step_80
  Value: 3.524218e-12
  NRCI: 0.999997000000
  Net refinements: 0
  Composition depth: 2
  Operators: ⊗Y → ⊗Y⁻¹

Step 4588: step_80
  Value: 3.122986e-12
  NRCI: 0.999997000000
  Net refinements: 0
  Composition depth: 2
  Operators: ⊗Y → ⊗Y⁻¹

Step 4589: step_80
  Value: 2.766572e-12
  NRCI: 0.999997000000
  Net refinements: 0
  Composition depth: 2
  Operators: ⊗Y → ⊗Y⁻¹

Step 4590: step_80
  Value: 2.450070e-12
  NRCI: 0.999997000000
  Net refinements: 0
  Composition depth: 2
  Operators: ⊗Y → ⊗Y⁻¹

Step 4591: step_80
  Value: 2.169100e-12
  NRCI: 0.999997000000
  Net refinements: 0
  Composition depth: 2
  Operators: ⊗Y → ⊗Y⁻¹

Step 4592: step_80
  Value: 1.919753e-12
  NRCI: 0.999997000000
  Net refinements: 0
  Composition depth: 2
  Operators: ⊗Y → ⊗Y⁻¹

Step 4593: step_80
  Value: 1.698540e-12
  NRCI: 0.999997000000
  Net refinements: 0
  Composition depth: 2
  Operators: ⊗Y → ⊗Y⁻¹

Step 4594: step_80
  Value: 1.502349e-12
  NRCI: 0.999997000000
  Net refinements: 0
  Composition depth: 2
  Operators: ⊗Y → ⊗Y⁻¹

Step 4595: step_80
  Value: 1.328405e-12
  NRCI: 0.999997000000
  Net refinements: 0
  Composition depth: 2
  Operators: ⊗Y → ⊗Y⁻¹

Step 4596: step_80
  Value: 1.174234e-12
  NRCI: 0.999997000000
  Net refinements: 0
  Composition depth: 2
  Operators: ⊗Y → ⊗Y⁻¹

Step 4597: step_80
  Value: 1.037633e-12
  NRCI: 0.999997000000
  Net refinements: 0
  Composition depth: 2
  Operators: ⊗Y → ⊗Y⁻¹

Step 4598: step_80
  Value: 9.166366e-13
  NRCI: 0.999997000000
  Net refinements: 0
  Composition depth: 2
  Operators: ⊗Y → ⊗Y⁻¹

Step 4599: step_80
  Value: 8.094971e-13
  NRCI: 0.999997000000
  Net refinements: 0
  Composition depth: 2
  Operators: ⊗Y → ⊗Y⁻¹

Step 4600: step_80
  Value: 7.146577e-13
  NRCI: 0.999997000000
  Net refinements: 0
  Composition depth: 2
  Operators: ⊗Y → ⊗Y⁻¹

Step 4601: step_80
  Value: 6.307329e-13
  NRCI: 0.999997000000
  Net refinements: 0
  Composition depth: 2
  Operators: ⊗Y → ⊗Y⁻¹

Step 4602: step_80
  Value: 5.564902e-13
  NRCI: 0.999997000000
  Net refinements: 0
  Composition depth: 2
  Operators: ⊗Y → ⊗Y⁻¹

Step 4603: step_80
  Value: 4.908334e-13
  NRCI: 0.999997000000
  Net refinements: 0
  Composition depth: 2
  Operators: ⊗Y → ⊗Y⁻¹

Step 4604: step_80
  Value: 4.327882e-13
  NRCI: 0.999997000000
  Net refinements: 0
  Composition depth: 2
  Operators: ⊗Y → ⊗Y⁻¹

Step 4605: step_80
  Value: 3.814883e-13
  NRCI: 0.999997000000
  Net refinements: 0
  Composition depth: 2
  Operators: ⊗Y → ⊗Y⁻¹

Step 4606: step_80
  Value: 3.361644e-13
  NRCI: 0.999997000000
  Net refinements: 0
  Composition depth: 2
  Operators: ⊗Y → ⊗Y⁻¹

Step 4607: step_80
  Value: 2.961331e-13
  NRCI: 0.999997000000
  Net refinements: 0
  Composition depth: 2
  Operators: ⊗Y → ⊗Y⁻¹

Step 4608: step_80
  Value: 2.607874e-13
  NRCI: 0.999997000000
  Net refinements: 0
  Composition depth: 2
  Operators: ⊗Y → ⊗Y⁻¹

Step 4609: step_80
  Value: 2.295890e-13
  NRCI: 0.999997000000
  Net refinements: 0
  Composition depth: 2
  Operators: ⊗Y → ⊗Y⁻¹

Step 4610: step_80
  Value: 2.020599e-13
  NRCI: 0.999997000000
  Net refinements: 0
  Composition depth: 2
  Operators: ⊗Y → ⊗Y⁻¹

Step 4611: step_80
  Value: 1.777762e-13
  NRCI: 0.999997000000
  Net refinements: 0
  Composition depth: 2
  Operators: ⊗Y → ⊗Y⁻¹

Step 4612: step_80
  Value: 1.563623e-13
  NRCI: 0.999997000000
  Net refinements: 0
  Composition depth: 2
  Operators: ⊗Y → ⊗Y⁻¹

Step 4613: step_80
  Value: 1.374848e-13
  NRCI: 0.999997000000
  Net refinements: 0
  Composition depth: 2
  Operators: ⊗Y → ⊗Y⁻¹

Step 4614: step_80
  Value: 1.208488e-13
  NRCI: 0.999997000000
  Net refinements: 0
  Composition depth: 2
  Operators: ⊗Y → ⊗Y⁻¹

Step 4615: step_80
  Value: 1.061926e-13
  NRCI: 0.999997000000
  Net refinements: 0
  Composition depth: 2
  Operators: ⊗Y → ⊗Y⁻¹

Step 4616: step_80
  Value: 9.328486e-14
  NRCI: 0.999997000000
  Net refinements: 0
  Composition depth: 2
  Operators: ⊗Y → ⊗Y⁻¹

Step 4617: step_80
  Value: 8.192049e-14
  NRCI: 0.999997000000
  Net refinements: 0
  Composition depth: 2
  Operators: ⊗Y → ⊗Y⁻¹

Step 4618: step_80
  Value: 7.191815e-14
  NRCI: 0.999997000000
  Net refinements: 0
  Composition depth: 2
  Operators: ⊗Y → ⊗Y⁻¹

Step 4619: step_80
  Value: 6.311741e-14
  NRCI: 0.999997000000
  Net refinements: 0
  Composition depth: 2
  Operators: ⊗Y → ⊗Y⁻¹

Step 4620: step_80
  Value: 5.537636e-14
  NRCI: 0.999997000000
  Net refinements: 0
  Composition depth: 2
  Operators: ⊗Y → ⊗Y⁻¹

Step 4621: step_80
  Value: 4.856957e-14
  NRCI: 0.999997000000
  Net refinements: 0
  Composition depth: 2
  Operators: ⊗Y → ⊗Y⁻¹

Step 4622: step_80
  Value: 4.258619e-14
  NRCI: 0.999997000000
  Net refinements: 0
  Composition depth: 2
  Operators: ⊗Y → ⊗Y⁻¹

Step 4623: step_80
  Value: 3.732827e-14
  NRCI: 0.999997000000
  Net refinements: 0
  Composition depth: 2
  Operators: ⊗Y → ⊗Y⁻¹

Step 4624: step_80
  Value: 3.270933e-14
  NRCI: 0.999997000000
  Net refinements: 0
  Composition depth: 2
  Operators: ⊗Y → ⊗Y⁻¹

Step 4625: step_80
  Value: 2.865299e-14
  NRCI: 0.999997000000
  Net refinements: 0
  Composition depth: 2
  Operators: ⊗Y → ⊗Y⁻¹

Step 4626: step_80
  Value: 2.509187e-14
  NRCI: 0.999997000000
  Net refinements: 0
  Composition depth: 2
  Operators: ⊗Y → ⊗Y⁻¹

Step 4627: step_80
  Value: 2.196648e-14
  NRCI: 0.999997000000
  Net refinements: 0
  Composition depth: 2
  Operators: ⊗Y → ⊗Y⁻¹

Step 4628: step_80
  Value: 1.922440e-14
  NRCI: 0.999997000000
  Net refinements: 0
  Composition depth: 2
  Operators: ⊗Y → ⊗Y⁻¹

Step 4629: step_80
  Value: 1.681937e-14
  NRCI: 0.999997000000
  Net refinements: 0
  Composition depth: 2
  Operators: ⊗Y → ⊗Y⁻¹

Step 4630: step_80
  Value: 1.471063e-14
  NRCI: 0.999997000000
  Net refinements: 0
  Composition depth: 2
  Operators: ⊗Y → ⊗Y⁻¹

Step 4631: step_80
  Value: 1.286226e-14
  NRCI: 0.999997000000
  Net refinements: 0
  Composition depth: 2
  Operators: ⊗Y → ⊗Y⁻¹

Step 4632: step_80
  Value: 1.124263e-14
  NRCI: 0.999997000000
  Net refinements: 0
  Composition depth: 2
  Operators: ⊗Y → ⊗Y⁻¹

Step 4633: step_80
  Value: 9.823886e-15
  NRCI: 0.999997000000
  Net refinements: 0
  Composition depth: 2
  Operators: ⊗Y → ⊗Y⁻¹

Step 4634: step_80
  Value: 8.581502e-15
  NRCI: 0.999997000000
  Net refinements: 0
  Composition depth: 2
  Operators: ⊗Y → ⊗Y⁻¹

Step 4635: step_80
  Value: 7.493900e-15
  NRCI: 0.999997000000
  Net refinements: 0
  Composition depth: 2
  Operators: ⊗Y → ⊗Y⁻¹

Step 4636: step_80
  Value: 6.542099e-15
  NRCI: 0.999997000000
  Net refinements: 0
  Composition depth: 2
  Operators: ⊗Y → ⊗Y⁻¹

Step 4637: step_80
  Value: 5.709407e-15
  NRCI: 0.999997000000
  Net refinements: 0
  Composition depth: 2
  Operators: ⊗Y → ⊗Y⁻¹

Step 4638: step_80
  Value: 4.981148e-15
  NRCI: 0.999997000000
  Net refinements: 0
  Composition depth: 2
  Operators: ⊗Y → ⊗Y⁻¹

Step 4639: step_80
  Value: 4.344427e-15
  NRCI: 0.999997000000
  Net refinements: 0
  Composition depth: 2
  Operators: ⊗Y → ⊗Y⁻¹

Step 4640: step_80
  Value: 3.787915e-15
  NRCI: 0.999997000000
  Net refinements: 0
  Composition depth: 2
  Operators: ⊗Y → ⊗Y⁻¹

Step 4641: step_80
  Value: 3.301662e-15
  NRCI: 0.999997000000
  Net refinements: 0
  Composition depth: 2
  Operators: ⊗Y → ⊗Y⁻¹

Step 4642: step_80
  Value: 2.876932e-15
  NRCI: 0.999997000000
  Net refinements: 0
  Composition depth: 2
  Operators: ⊗Y → ⊗Y⁻¹

Step 4643: step_80
  Value: 2.506058e-15
  NRCI: 0.999997000000
  Net refinements: 0
  Composition depth: 2
  Operators: ⊗Y → ⊗Y⁻¹

Step 4644: step_80
  Value: 2.182315e-15
  NRCI: 0.999997000000
  Net refinements: 0
  Composition depth: 2
  Operators: ⊗Y → ⊗Y⁻¹

Step 4645: step_80
  Value: 1.899802e-15
  NRCI: 0.999997000000
  Net refinements: 0
  Composition depth: 2
  Operators: ⊗Y → ⊗Y⁻¹

Step 4646: step_80
  Value: 1.653346e-15
  NRCI: 0.999997000000
  Net refinements: 0
  Composition depth: 2
  Operators: ⊗Y → ⊗Y⁻¹

Step 4647: step_80
  Value: 1.438414e-15
  NRCI: 0.999997000000
  Net refinements: 0
  Composition depth: 2
  Operators: ⊗Y → ⊗Y⁻¹

Step 4648: step_80
  Value: 1.251032e-15
  NRCI: 0.999997000000
  Net refinements: 0
  Composition depth: 2
  Operators: ⊗Y → ⊗Y⁻¹

Step 4649: step_80
  Value: 1.087722e-15
  NRCI: 0.999997000000
  Net refinements: 0
  Composition depth: 2
  Operators: ⊗Y → ⊗Y⁻¹

Step 4650: step_80
  Value: 9.454353e-16
  NRCI: 0.999997000000
  Net refinements: 0
  Composition depth: 2
  Operators: ⊗Y → ⊗Y⁻¹

Step 4651: step_80
  Value: 8.215054e-16
  NRCI: 0.999997000000
  Net refinements: 0
  Composition depth: 2
  Operators: ⊗Y → ⊗Y⁻¹

Step 4652: step_80
  Value: 7.135980e-16
  NRCI: 0.999997000000
  Net refinements: 0
  Composition depth: 2
  Operators: ⊗Y → ⊗Y⁻¹

Step 4653: step_80
  Value: 6.196714e-16
  NRCI: 0.999997000000
  Net refinements: 0
  Composition depth: 2
  Operators: ⊗Y → ⊗Y⁻¹

Step 4654: step_80
  Value: 5.379401e-16
  NRCI: 0.999997000000
  Net refinements: 0
  Composition depth: 2
  Operators: ⊗Y → ⊗Y⁻¹

Step 4655: step_80
  Value: 4.668432e-16
  NRCI: 0.999997000000
  Net refinements: 0
  Composition depth: 2
  Operators: ⊗Y → ⊗Y⁻¹

Step 4656: step_80
  Value: 4.050165e-16
  NRCI: 0.999997000000
  Net refinements: 0
  Composition depth: 2
  Operators: ⊗Y → ⊗Y⁻¹

Step 4657: step_80
  Value: 3.512684e-16
  NRCI: 0.999997000000
  Net refinements: 0
  Composition depth: 2
  Operators: ⊗Y → ⊗Y⁻¹

Step 4658: step_80
  Value: 3.045580e-16
  NRCI: 0.999997000000
  Net refinements: 0
  Composition depth: 2
  Operators: ⊗Y → ⊗Y⁻¹

Step 4659: step_80
  Value: 2.639767e-16
  NRCI: 0.999997000000
  Net refinements: 0
  Composition depth: 2
  Operators: ⊗Y → ⊗Y⁻¹

Step 4660: step_80
  Value: 2.287314e-16
  NRCI: 0.999997000000
  Net refinements: 0
  Composition depth: 2
  Operators: ⊗Y → ⊗Y⁻¹

Step 4661: step_80
  Value: 1.981302e-16
  NRCI: 0.999997000000
  Net refinements: 0
  Composition depth: 2
  Operators: ⊗Y → ⊗Y⁻¹

Step 4662: step_80
  Value: 1.715695e-16
  NRCI: 0.999997000000
  Net refinements: 0
  Composition depth: 2
  Operators: ⊗Y → ⊗Y⁻¹

Step 4663: step_80
  Value: 1.485232e-16
  NRCI: 0.999997000000
  Net refinements: 0
  Composition depth: 2
  Operators: ⊗Y → ⊗Y⁻¹

Step 4664: step_80
  Value: 1.285325e-16
  NRCI: 0.999997000000
  Net refinements: 0
  Composition depth: 2
  Operators: ⊗Y → ⊗Y⁻¹

Step 4665: step_80
  Value: 1.111978e-16
  NRCI: 0.999997000000
  Net refinements: 0
  Composition depth: 2
  Operators: ⊗Y → ⊗Y⁻¹

Step 4666: step_80
  Value: 9.617101e-17
  NRCI: 0.999997000000
  Net refinements: 0
  Composition depth: 2
  Operators: ⊗Y → ⊗Y⁻¹

Step 4667: step_80
  Value: 8.314895e-17
  NRCI: 0.999997000000
  Net refinements: 0
  Composition depth: 2
  Operators: ⊗Y → ⊗Y⁻¹

Step 4668: step_80
  Value: 7.186774e-17
  NRCI: 0.999997000000
  Net refinements: 0
  Composition depth: 2
  Operators: ⊗Y → ⊗Y⁻¹

Step 4669: step_80
  Value: 6.209774e-17
  NRCI: 0.999997000000
  Net refinements: 0
  Composition depth: 2
  Operators: ⊗Y → ⊗Y⁻¹

Step 4670: step_80
  Value: 5.363920e-17
  NRCI: 0.999997000000
  Net refinements: 0
  Composition depth: 2
  Operators: ⊗Y → ⊗Y⁻¹

Step 4671: step_80
  Value: 4.631838e-17
  NRCI: 0.999997000000
  Net refinements: 0
  Composition depth: 2
  Operators: ⊗Y → ⊗Y⁻¹

Step 4672: step_80
  Value: 3.998426e-17
  NRCI: 0.999997000000
  Net refinements: 0
  Composition depth: 2
  Operators: ⊗Y → ⊗Y⁻¹

Step 4673: step_80
  Value: 3.450558e-17
  NRCI: 0.999997000000
  Net refinements: 0
  Composition depth: 2
  Operators: ⊗Y → ⊗Y⁻¹

Step 4674: step_80
  Value: 2.976832e-17
  NRCI: 0.999997000000
  Net refinements: 0
  Composition depth: 2
  Operators: ⊗Y → ⊗Y⁻¹

Step 4675: step_80
  Value: 2.567343e-17
  NRCI: 0.999997000000
  Net refinements: 0
  Composition depth: 2
  Operators: ⊗Y → ⊗Y⁻¹

Step 4676: step_80
  Value: 2.213493e-17
  NRCI: 0.999997000000
  Net refinements: 0
  Composition depth: 2
  Operators: ⊗Y → ⊗Y⁻¹

Step 4677: step_80
  Value: 1.907818e-17
  NRCI: 0.999997000000
  Net refinements: 0
  Composition depth: 2
  Operators: ⊗Y → ⊗Y⁻¹

Step 4678: step_80
  Value: 1.643843e-17
  NRCI: 0.999997000000
  Net refinements: 0
  Composition depth: 2
  Operators: ⊗Y → ⊗Y⁻¹

Step 4679: step_80
  Value: 1.415952e-17
  NRCI: 0.999997000000
  Net refinements: 0
  Composition depth: 2
  Operators: ⊗Y → ⊗Y⁻¹

Step 4680: step_80
  Value: 1.219274e-17
  NRCI: 0.999997000000
  Net refinements: 0
  Composition depth: 2
  Operators: ⊗Y → ⊗Y⁻¹

Step 4681: step_80
  Value: 1.049587e-17
  NRCI: 0.999997000000
  Net refinements: 0
  Composition depth: 2
  Operators: ⊗Y → ⊗Y⁻¹

Step 4682: step_80
  Value: 9.032343e-18
  NRCI: 0.999997000000
  Net refinements: 0
  Composition depth: 2
  Operators: ⊗Y → ⊗Y⁻¹

Step 4683: step_80
  Value: 7.770465e-18
  NRCI: 0.999997000000
  Net refinements: 0
  Composition depth: 2
  Operators: ⊗Y → ⊗Y⁻¹

Step 4684: step_80
  Value: 6.682796e-18
  NRCI: 0.999997000000
  Net refinements: 0
  Composition depth: 2
  Operators: ⊗Y → ⊗Y⁻¹

Step 4685: step_80
  Value: 5.745582e-18
  NRCI: 0.999997000000
  Net refinements: 0
  Composition depth: 2
  Operators: ⊗Y → ⊗Y⁻¹

Step 4686: step_80
  Value: 4.938266e-18
  NRCI: 0.999997000000
  Net refinements: 0
  Composition depth: 2
  Operators: ⊗Y → ⊗Y⁻¹

Step 4687: step_80
  Value: 4.243063e-18
  NRCI: 0.999997000000
  Net refinements: 0
  Composition depth: 2
  Operators: ⊗Y → ⊗Y⁻¹

Step 4688: step_80
  Value: 3.644595e-18
  NRCI: 0.999997000000
  Net refinements: 0
  Composition depth: 2
  Operators: ⊗Y → ⊗Y⁻¹

Step 4689: step_80
  Value: 3.129562e-18
  NRCI: 0.999997000000
  Net refinements: 0
  Composition depth: 2
  Operators: ⊗Y → ⊗Y⁻¹

Step 4690: step_80
  Value: 2.686473e-18
  NRCI: 0.999997000000
  Net refinements: 0
  Composition depth: 2
  Operators: ⊗Y → ⊗Y⁻¹

Step 4691: step_80
  Value: 2.305399e-18
  NRCI: 0.999997000000
  Net refinements: 0
  Composition depth: 2
  Operators: ⊗Y → ⊗Y⁻¹

Step 4692: step_80
  Value: 1.977763e-18
  NRCI: 0.999997000000
  Net refinements: 0
  Composition depth: 2
  Operators: ⊗Y → ⊗Y⁻¹

Step 4693: step_80
  Value: 1.696161e-18
  NRCI: 0.999997000000
  Net refinements: 0
  Composition depth: 2
  Operators: ⊗Y → ⊗Y⁻¹

Step 4694: step_80
  Value: 1.454201e-18
  NRCI: 0.999997000000
  Net refinements: 0
  Composition depth: 2
  Operators: ⊗Y → ⊗Y⁻¹

Step 4695: step_80
  Value: 1.246369e-18
  NRCI: 0.999997000000
  Net refinements: 0
  Composition depth: 2
  Operators: ⊗Y → ⊗Y⁻¹

Step 4696: step_80
  Value: 1.067907e-18
  NRCI: 0.999997000000
  Net refinements: 0
  Composition depth: 2
  Operators: ⊗Y → ⊗Y⁻¹

Step 4697: step_80
  Value: 9.147125e-19
  NRCI: 0.999997000000
  Net refinements: 0
  Composition depth: 2
  Operators: ⊗Y → ⊗Y⁻¹

Step 4698: step_80
  Value: 7.832503e-19
  NRCI: 0.999997000000
  Net refinements: 0
  Composition depth: 2
  Operators: ⊗Y → ⊗Y⁻¹

Step 4699: step_80
  Value: 6.704727e-19
  NRCI: 0.999997000000
  Net refinements: 0
  Composition depth: 2
  Operators: ⊗Y → ⊗Y⁻¹

Step 4700: step_80
  Value: 5.737548e-19
  NRCI: 0.999997000000
  Net refinements: 0
  Composition depth: 2
  Operators: ⊗Y → ⊗Y⁻¹

Step 4701: step_80
  Value: 4.908357e-19
  NRCI: 0.999997000000
  Net refinements: 0
  Composition depth: 2
  Operators: ⊗Y → ⊗Y⁻¹

Step 4702: step_80
  Value: 4.197692e-19
  NRCI: 0.999997000000
  Net refinements: 0
  Composition depth: 2
  Operators: ⊗Y → ⊗Y⁻¹

Step 4703: step_80
  Value: 3.588803e-19
  NRCI: 0.999997000000
  Net refinements: 0
  Composition depth: 2
  Operators: ⊗Y → ⊗Y⁻¹

Step 4704: step_80
  Value: 3.067280e-19
  NRCI: 0.999997000000
  Net refinements: 0
  Composition depth: 2
  Operators: ⊗Y → ⊗Y⁻¹

Step 4705: step_80
  Value: 2.620726e-19
  NRCI: 0.999997000000
  Net refinements: 0
  Composition depth: 2
  Operators: ⊗Y → ⊗Y⁻¹

Step 4706: step_80
  Value: 2.238487e-19
  NRCI: 0.999997000000
  Net refinements: 0
  Composition depth: 2
  Operators: ⊗Y → ⊗Y⁻¹

Step 4707: step_80
  Value: 1.911403e-19
  NRCI: 0.999997000000
  Net refinements: 0
  Composition depth: 2
  Operators: ⊗Y → ⊗Y⁻¹

Step 4708: step_80
  Value: 1.631603e-19
  NRCI: 0.999997000000
  Net refinements: 0
  Composition depth: 2
  Operators: ⊗Y → ⊗Y⁻¹

Step 4709: step_80
  Value: 1.392327e-19
  NRCI: 0.999997000000
  Net refinements: 0
  Composition depth: 2
  Operators: ⊗Y → ⊗Y⁻¹

Step 4710: step_80
  Value: 1.187771e-19
  NRCI: 0.999997000000
  Net refinements: 0
  Composition depth: 2
  Operators: ⊗Y → ⊗Y⁻¹

Step 4711: step_80
  Value: 1.012952e-19
  NRCI: 0.999997000000
  Net refinements: 0
  Composition depth: 2
  Operators: ⊗Y → ⊗Y⁻¹

Step 4712: step_80
  Value: 8.635936e-20
  NRCI: 0.999997000000
  Net refinements: 0
  Composition depth: 2
  Operators: ⊗Y → ⊗Y⁻¹

Step 4713: step_80
  Value: 7.360287e-20
  NRCI: 0.999997000000
  Net refinements: 0
  Composition depth: 2
  Operators: ⊗Y → ⊗Y⁻¹

Step 4714: step_80
  Value: 6.271114e-20
  NRCI: 0.999997000000
  Net refinements: 0
  Composition depth: 2
  Operators: ⊗Y → ⊗Y⁻¹

Step 4715: step_80
  Value: 5.341451e-20
  NRCI: 0.999997000000
  Net refinements: 0
  Composition depth: 2
  Operators: ⊗Y → ⊗Y⁻¹

Step 4716: step_80
  Value: 4.548188e-20
  NRCI: 0.999997000000
  Net refinements: 0
  Composition depth: 2
  Operators: ⊗Y → ⊗Y⁻¹

Step 4717: step_80
  Value: 3.871527e-20
  NRCI: 0.999997000000
  Net refinements: 0
  Composition depth: 2
  Operators: ⊗Y → ⊗Y⁻¹

Step 4718: step_80
  Value: 3.294509e-20
  NRCI: 0.999997000000
  Net refinements: 0
  Composition depth: 2
  Operators: ⊗Y → ⊗Y⁻¹

Step 4719: step_80
  Value: 2.802617e-20
  NRCI: 0.999997000000
  Net refinements: 0
  Composition depth: 2
  Operators: ⊗Y → ⊗Y⁻¹

Step 4720: step_80
  Value: 2.383425e-20
  NRCI: 0.999997000000
  Net refinements: 0
  Composition depth: 2
  Operators: ⊗Y → ⊗Y⁻¹

Step 4721: step_80
  Value: 2.026300e-20
  NRCI: 0.999997000000
  Net refinements: 0
  Composition depth: 2
  Operators: ⊗Y → ⊗Y⁻¹

Step 4722: step_80
  Value: 1.722149e-20
  NRCI: 0.999997000000
  Net refinements: 0
  Composition depth: 2
  Operators: ⊗Y → ⊗Y⁻¹

Step 4723: step_80
  Value: 1.463195e-20
  NRCI: 0.999997000000
  Net refinements: 0
  Composition depth: 2
  Operators: ⊗Y → ⊗Y⁻¹

Step 4724: step_80
  Value: 1.242792e-20
  NRCI: 0.999997000000
  Net refinements: 0
  Composition depth: 2
  Operators: ⊗Y → ⊗Y⁻¹

Step 4725: step_80
  Value: 1.055260e-20
  NRCI: 0.999997000000
  Net refinements: 0
  Composition depth: 2
  Operators: ⊗Y → ⊗Y⁻¹

Step 4726: step_80
  Value: 8.957458e-21
  NRCI: 0.999997000000
  Net refinements: 0
  Composition depth: 2
  Operators: ⊗Y → ⊗Y⁻¹

Step 4727: step_80
  Value: 7.601072e-21
  NRCI: 0.999997000000
  Net refinements: 0
  Composition depth: 2
  Operators: ⊗Y → ⊗Y⁻¹

Step 4728: step_80
  Value: 6.448067e-21
  NRCI: 0.999997000000
  Net refinements: 0
  Composition depth: 2
  Operators: ⊗Y → ⊗Y⁻¹

Step 4729: step_80
  Value: 5.468256e-21
  NRCI: 0.999997000000
  Net refinements: 0
  Composition depth: 2
  Operators: ⊗Y → ⊗Y⁻¹

Step 4730: step_80
  Value: 4.635887e-21
  NRCI: 0.999997000000
  Net refinements: 0
  Composition depth: 2
  Operators: ⊗Y → ⊗Y⁻¹

Step 4731: step_80
  Value: 3.928994e-21
  NRCI: 0.999997000000
  Net refinements: 0
  Composition depth: 2
  Operators: ⊗Y → ⊗Y⁻¹

Step 4732: step_80
  Value: 3.328853e-21
  NRCI: 0.999997000000
  Net refinements: 0
  Composition depth: 2
  Operators: ⊗Y → ⊗Y⁻¹

Step 4733: step_80
  Value: 2.819502e-21
  NRCI: 0.999997000000
  Net refinements: 0
  Composition depth: 2
  Operators: ⊗Y → ⊗Y⁻¹

Step 4734: step_80
  Value: 2.387343e-21
  NRCI: 0.999997000000
  Net refinements: 0
  Composition depth: 2
  Operators: ⊗Y → ⊗Y⁻¹

Step 4735: step_80
  Value: 2.020794e-21
  NRCI: 0.999997000000
  Net refinements: 0
  Composition depth: 2
  Operators: ⊗Y → ⊗Y⁻¹

Step 4736: step_80
  Value: 1.709990e-21
  NRCI: 0.999997000000
  Net refinements: 0
  Composition depth: 2
  Operators: ⊗Y → ⊗Y⁻¹

Step 4737: step_80
  Value: 1.446538e-21
  NRCI: 0.999997000000
  Net refinements: 0
  Composition depth: 2
  Operators: ⊗Y → ⊗Y⁻¹

Step 4738: step_80
  Value: 1.223294e-21
  NRCI: 0.999997000000
  Net refinements: 0
  Composition depth: 2
  Operators: ⊗Y → ⊗Y⁻¹

Step 4739: step_80
  Value: 1.034181e-21
  NRCI: 0.999997000000
  Net refinements: 0
  Composition depth: 2
  Operators: ⊗Y → ⊗Y⁻¹

Step 4740: step_80
  Value: 8.740307e-22
  NRCI: 0.999997000000
  Net refinements: 0
  Composition depth: 2
  Operators: ⊗Y → ⊗Y⁻¹

Step 4741: step_80
  Value: 7.384508e-22
  NRCI: 0.999997000000
  Net refinements: 0
  Composition depth: 2
  Operators: ⊗Y → ⊗Y⁻¹

Step 4742: step_80
  Value: 6.237075e-22
  NRCI: 0.999997000000
  Net refinements: 0
  Composition depth: 2
  Operators: ⊗Y → ⊗Y⁻¹

Step 4743: step_80
  Value: 5.266294e-22
  NRCI: 0.999997000000
  Net refinements: 0
  Composition depth: 2
  Operators: ⊗Y → ⊗Y⁻¹

Step 4744: step_80
  Value: 4.445225e-22
  NRCI: 0.999997000000
  Net refinements: 0
  Composition depth: 2
  Operators: ⊗Y → ⊗Y⁻¹

Step 4745: step_80
  Value: 3.751000e-22
  NRCI: 0.999997000000
  Net refinements: 0
  Composition depth: 2
  Operators: ⊗Y → ⊗Y⁻¹

Step 4746: step_80
  Value: 3.164208e-22
  NRCI: 0.999997000000
  Net refinements: 0
  Composition depth: 2
  Operators: ⊗Y → ⊗Y⁻¹

Step 4747: step_80
  Value: 2.668380e-22
  NRCI: 0.999997000000
  Net refinements: 0
  Composition depth: 2
  Operators: ⊗Y → ⊗Y⁻¹

Step 4748: step_80
  Value: 2.249546e-22
  NRCI: 0.999997000000
  Net refinements: 0
  Composition depth: 2
  Operators: ⊗Y → ⊗Y⁻¹

Step 4749: step_80
  Value: 1.895862e-22
  NRCI: 0.999997000000
  Net refinements: 0
  Composition depth: 2
  Operators: ⊗Y → ⊗Y⁻¹

Step 4750: step_80
  Value: 1.597288e-22
  NRCI: 0.999997000000
  Net refinements: 0
  Composition depth: 2
  Operators: ⊗Y → ⊗Y⁻¹

Step 4751: step_80
  Value: 1.345316e-22
  NRCI: 0.999997000000
  Net refinements: 0
  Composition depth: 2
  Operators: ⊗Y → ⊗Y⁻¹

Step 4752: step_80
  Value: 1.132739e-22
  NRCI: 0.999997000000
  Net refinements: 0
  Composition depth: 2
  Operators: ⊗Y → ⊗Y⁻¹

Step 4753: step_80
  Value: 9.534551e-23
  NRCI: 0.999997000000
  Net refinements: 0
  Composition depth: 2
  Operators: ⊗Y → ⊗Y⁻¹

Step 4754: step_80
  Value: 8.022971e-23
  NRCI: 0.999997000000
  Net refinements: 0
  Composition depth: 2
  Operators: ⊗Y → ⊗Y⁻¹

Step 4755: step_80
  Value: 6.748928e-23
  NRCI: 0.999997000000
  Net refinements: 0
  Composition depth: 2
  Operators: ⊗Y → ⊗Y⁻¹

Step 4756: step_80
  Value: 5.675433e-23
  NRCI: 0.999997000000
  Net refinements: 0
  Composition depth: 2
  Operators: ⊗Y → ⊗Y⁻¹

Step 4757: step_80
  Value: 4.771203e-23
  NRCI: 0.999997000000
  Net refinements: 0
  Composition depth: 2
  Operators: ⊗Y → ⊗Y⁻¹

Step 4758: step_80
  Value: 4.009787e-23
  NRCI: 0.999997000000
  Net refinements: 0
  Composition depth: 2
  Operators: ⊗Y → ⊗Y⁻¹

Step 4759: step_80
  Value: 3.368832e-23
  NRCI: 0.999997000000
  Net refinements: 0
  Composition depth: 2
  Operators: ⊗Y → ⊗Y⁻¹

Step 4760: step_80
  Value: 2.829451e-23
  NRCI: 0.999997000000
  Net refinements: 0
  Composition depth: 2
  Operators: ⊗Y → ⊗Y⁻¹

Step 4761: step_80
  Value: 2.375688e-23
  NRCI: 0.999997000000
  Net refinements: 0
  Composition depth: 2
  Operators: ⊗Y → ⊗Y⁻¹

Step 4762: step_80
  Value: 1.994075e-23
  NRCI: 0.999997000000
  Net refinements: 0
  Composition depth: 2
  Operators: ⊗Y → ⊗Y⁻¹

Step 4763: step_80
  Value: 1.673239e-23
  NRCI: 0.999997000000
  Net refinements: 0
  Composition depth: 2
  Operators: ⊗Y → ⊗Y⁻¹

Step 4764: step_80
  Value: 1.403587e-23
  NRCI: 0.999997000000
  Net refinements: 0
  Composition depth: 2
  Operators: ⊗Y → ⊗Y⁻¹

Step 4765: step_80
  Value: 1.177023e-23
  NRCI: 0.999997000000
  Net refinements: 0
  Composition depth: 2
  Operators: ⊗Y → ⊗Y⁻¹

Step 4766: step_80
  Value: 9.867237e-24
  NRCI: 0.999997000000
  Net refinements: 0
  Composition depth: 2
  Operators: ⊗Y → ⊗Y⁻¹

Step 4767: step_80
  Value: 8.269336e-24
  NRCI: 0.999997000000
  Net refinements: 0
  Composition depth: 2
  Operators: ⊗Y → ⊗Y⁻¹

Step 4768: step_80
  Value: 6.928040e-24
  NRCI: 0.999997000000
  Net refinements: 0
  Composition depth: 2
  Operators: ⊗Y → ⊗Y⁻¹

Step 4769: step_80
  Value: 5.802494e-24
  NRCI: 0.999997000000
  Net refinements: 0
  Composition depth: 2
  Operators: ⊗Y → ⊗Y⁻¹

Step 4770: step_80
  Value: 4.858293e-24
  NRCI: 0.999997000000
  Net refinements: 0
  Composition depth: 2
  Operators: ⊗Y → ⊗Y⁻¹

Step 4771: step_80
  Value: 4.066467e-24
  NRCI: 0.999997000000
  Net refinements: 0
  Composition depth: 2
  Operators: ⊗Y → ⊗Y⁻¹

Step 4772: step_80
  Value: 3.402636e-24
  NRCI: 0.999997000000
  Net refinements: 0
  Composition depth: 2
  Operators: ⊗Y → ⊗Y⁻¹

Step 4773: step_80
  Value: 2.846285e-24
  NRCI: 0.999997000000
  Net refinements: 0
  Composition depth: 2
  Operators: ⊗Y → ⊗Y⁻¹

Step 4774: step_80
  Value: 2.380158e-24
  NRCI: 0.999997000000
  Net refinements: 0
  Composition depth: 2
  Operators: ⊗Y → ⊗Y⁻¹

Step 4775: step_80
  Value: 1.989747e-24
  NRCI: 0.999997000000
  Net refinements: 0
  Composition depth: 2
  Operators: ⊗Y → ⊗Y⁻¹

Step 4776: step_80
  Value: 1.662856e-24
  NRCI: 0.999997000000
  Net refinements: 0
  Composition depth: 2
  Operators: ⊗Y → ⊗Y⁻¹

Step 4777: step_80
  Value: 1.389236e-24
  NRCI: 0.999997000000
  Net refinements: 0
  Composition depth: 2
  Operators: ⊗Y → ⊗Y⁻¹

Step 4778: step_80
  Value: 1.160278e-24
  NRCI: 0.999997000000
  Net refinements: 0
  Composition depth: 2
  Operators: ⊗Y → ⊗Y⁻¹

Step 4779: step_80
  Value: 9.687520e-25
  NRCI: 0.999997000000
  Net refinements: 0
  Composition depth: 2
  Operators: ⊗Y → ⊗Y⁻¹

Step 4780: step_80
  Value: 8.085890e-25
  NRCI: 0.999997000000
  Net refinements: 0
  Composition depth: 2
  Operators: ⊗Y → ⊗Y⁻¹

Step 4781: step_80
  Value: 6.746953e-25
  NRCI: 0.999997000000
  Net refinements: 0
  Composition depth: 2
  Operators: ⊗Y → ⊗Y⁻¹

Step 4782: step_80
  Value: 5.627974e-25
  NRCI: 0.999997000000
  Net refinements: 0
  Composition depth: 2
  Operators: ⊗Y → ⊗Y⁻¹

Step 4783: step_80
  Value: 4.693111e-25
  NRCI: 0.999997000000
  Net refinements: 0
  Composition depth: 2
  Operators: ⊗Y → ⊗Y⁻¹

Step 4784: step_80
  Value: 3.912313e-25
  NRCI: 0.999997000000
  Net refinements: 0
  Composition depth: 2
  Operators: ⊗Y → ⊗Y⁻¹

Step 4785: step_80
  Value: 3.260384e-25
  NRCI: 0.999997000000
  Net refinements: 0
  Composition depth: 2
  Operators: ⊗Y → ⊗Y⁻¹

Step 4786: step_80
  Value: 2.716203e-25
  NRCI: 0.999997000000
  Net refinements: 0
  Composition depth: 2
  Operators: ⊗Y → ⊗Y⁻¹

Step 4787: step_80
  Value: 2.262055e-25
  NRCI: 0.999997000000
  Net refinements: 0
  Composition depth: 2
  Operators: ⊗Y → ⊗Y⁻¹

Step 4788: step_80
  Value: 1.883062e-25
  NRCI: 0.999997000000
  Net refinements: 0
  Composition depth: 2
  Operators: ⊗Y → ⊗Y⁻¹

Step 4789: step_80
  Value: 1.566690e-25
  NRCI: 0.999997000000
  Net refinements: 0
  Composition depth: 2
  Operators: ⊗Y → ⊗Y⁻¹

Step 4790: step_80
  Value: 1.302323e-25
  NRCI: 0.999997000000
  Net refinements: 0
  Composition depth: 2
  Operators: ⊗Y → ⊗Y⁻¹

Step 4791: step_80
  Value: 1.080885e-25
  NRCI: 0.999997000000
  Net refinements: 0
  Composition depth: 2
  Operators: ⊗Y → ⊗Y⁻¹

Step 4792: step_80
  Value: 8.945254e-26
  NRCI: 0.999997000000
  Net refinements: 0
  Composition depth: 2
  Operators: ⊗Y → ⊗Y⁻¹

Step 4793: step_80
  Value: 7.363635e-26
  NRCI: 0.999997000000
  Net refinements: 0
  Composition depth: 2
  Operators: ⊗Y → ⊗Y⁻¹

Step 4794: step_80
  Value: 6.003131e-26
  NRCI: 0.999997000000
  Net refinements: 0
  Composition depth: 2
  Operators: ⊗Y → ⊗Y⁻¹

Step 4795: step_80
  Value: 4.810010e-26
  NRCI: 0.999997000000
  Net refinements: 0
  Composition depth: 2
  Operators: ⊗Y → ⊗Y⁻¹

Step 4796: step_80
  Value: 3.737695e-26
  NRCI: 0.999997000000
  Net refinements: 0
  Composition depth: 2
  Operators: ⊗Y → ⊗Y⁻¹

Step 4797: step_80
  Value: 2.747328e-26
  NRCI: 0.999997000000
  Net refinements: 0
  Composition depth: 2
  Operators: ⊗Y → ⊗Y⁻¹

Step 4798: step_80
  Value: 1.808275e-26
  NRCI: 0.999997000000
  Net refinements: 0
  Composition depth: 2
  Operators: ⊗Y → ⊗Y⁻¹

Step 4799: step_80
  Value: 8.978872e-27
  NRCI: 0.999997000000
  Net refinements: 0
  Composition depth: 2
  Operators: ⊗Y → ⊗Y⁻¹

