name,mw,logp,tpsa,rings,heteroatoms,rotbonds,persistence,biodeg,toxicity,category,pmi1,pmi2,pmi3,radius_of_gyration,spherocity
Polyethylene (LDPE),28000.0,8.5,0.0,0,0,1000,0.95,0.05,0.15,Commodity Plastic,11939.872682727648,9123.222270233788,7738.658394675373,40.66787583597747,0.3926959417236229
Polyethylene (HDPE),50000.0,9.2,0.0,0,0,1800,0.97,0.03,0.1,Commodity Plastic,19352.927241876343,13702.93066441318,9093.891311834184,63.367889929352515,0.540192889492368
Linear Low-Density PE (LLDPE),35000.0,8.8,0.0,0,0,1250,0.96,0.04,0.12,Commodity Plastic,14176.077258781399,8583.061198614829,5529.164756737017,48.36287081159669,0.5198961474966981
Ultra-High Molecular Weight PE,150000.0,10.5,0.0,0,0,5000,0.98,0.02,0.08,Commodity Plastic,50988.864229797524,56184.90702459961,15435.452835828266,126.8103128842156,0.635744905173524
Polypropylene (isotactic),30000.0,8.7,0.0,0,0,1000,0.94,0.06,0.12,Commodity Plastic,13503.264982522425,10887.391272681018,6449.034227159249,55.67839169735079,0.699305645254328
Polypropylene (atactic),25000.0,8.4,0.0,0,0,900,0.92,0.08,0.14,Commodity Plastic,11232.099150049246,6169.6141038969245,4511.373837157168,51.56223640832469,0.8869952858670285
Polypropylene (syndiotactic),28000.0,8.6,0.0,0,0,950,0.93,0.07,0.13,Commodity Plastic,9214.89688216958,6723.5397048208115,4898.035626483041,52.62513396270356,0.7370317116604395
Polystyrene (PS),35000.0,9.1,0.0,1,0,700,0.9,0.1,0.25,Commodity Plastic,16645.848677497615,12005.957437678231,4780.547248989487,61.192951510038796,0.6862491194657541
High Impact Polystyrene (HIPS),40000.0,9.3,0.0,1,0,800,0.91,0.09,0.24,Commodity Plastic,14153.517915786442,10519.616495350077,7440.442761530195,50.82596285415033,0.5010554605610056
Expanded Polystyrene (EPS),32000.0,9.0,0.0,1,0,650,0.89,0.11,0.26,Commodity Plastic,15886.438789994334,8360.952309516531,9500.428502933555,50.649198457947264,0.32070232589899555
Polyvinyl Chloride (PVC),45000.0,7.8,0.0,0,1,1200,0.88,0.12,0.45,Commodity Plastic,16946.12712633521,10370.612223608898,7179.787383050199,65.9365132157055,0.4728750773128151
Plasticized PVC,55000.0,8.2,52.0,1,4,1500,0.85,0.15,0.5,Commodity Plastic,18456.724646079496,13903.730716808132,12096.748547489102,71.42092647107934,0.7610687402757708
Chlorinated PVC (CPVC),48000.0,8.1,0.0,0,1,1250,0.9,0.1,0.48,Commodity Plastic,17776.513068918262,13704.072552889436,12254.2740606304,68.71893678632765,0.42316316448228103
Polyethylene Terephthalate (PET),38000.0,7.5,52.0,1,4,600,0.82,0.18,0.2,Commodity Plastic,14745.370498098668,13169.571363270357,9493.599456141641,50.06640437002364,0.7273129162044687
Glycol-Modified PET (PETG),40000.0,7.3,65.0,1,5,650,0.78,0.22,0.18,Commodity Plastic,12554.462184306358,10690.464755309999,6630.194299940726,48.46127376575915,0.6478679055416495
PET Copolymer,42000.0,7.6,58.0,1,4,680,0.8,0.2,0.19,Commodity Plastic,17457.034402275633,11160.27645163068,9331.224701541543,69.02424171104063,0.40311412185027895
Polyvinylidene Chloride (PVDC),40000.0,8.5,0.0,0,2,1100,0.93,0.07,0.52,Commodity Plastic,16781.059518951202,10279.306020419488,10970.117482161257,59.124637323101155,0.456974883775098
Polyvinyl Acetate (PVAc),32000.0,6.8,26.0,0,2,800,0.65,0.35,0.22,Commodity Plastic,14329.154914236622,9461.015472070676,3298.863537491699,44.489236993317306,0.597782162091886
Polyacrylonitrile (PAN),30000.0,5.2,24.0,0,1,600,0.78,0.22,0.35,Commodity Plastic,9175.01935374446,7083.820187647892,5614.406141059846,55.868731637747224,0.5510248230647086
Polybutadiene,28000.0,8.9,0.0,0,0,1000,0.87,0.13,0.2,Commodity Plastic,11430.934000829448,8319.532110579903,4055.9311421546695,56.32179720058805,0.7671383085280559
Polyethylene (LDPE) - Variant 1,26594.84933109046,8.166435964585924,3.1890218468938336,0,0,1000,0.9173194794319391,0.08268052056806086,0.13674250836504598,Commodity Plastic,8259.867842592746,9064.45843014501,4726.608374779788,40.85455693504359,0.7406427855259483
Polyethylene (HDPE) - Variant 2,57323.5229154987,9.673763844652218,7.674347291529088,0,0,1800,0.9234966959466927,0.0765033040533073,0.1093981970432399,Commodity Plastic,25235.468226715195,11806.243911215395,10501.550256625487,77.89081264976431,0.6447447020838103
Linear Low-Density PE (LLDPE) - Variant 3,39654.19697120591,8.625736559792946,5.251698071781478,0,0,1250,0.9296068329459296,0.0703931670540704,0.1153018138310289,Commodity Plastic,12338.22879572085,8008.398088821385,9887.147199186522,67.44648714476074,0.7933648268837552
Ultra-High Molecular Weight PE - Variant 4,151485.3858979343,9.98252465024609,5.622875292409727,0,0,5000,0.9909615836827932,0.00903841631720681,0.07423190177043268,Commodity Plastic,73068.30475736539,32573.081786493196,17991.067098891523,132.05655908246874,0.6376017244105852
Polypropylene (isotactic) - Variant 5,27505.735782422616,8.488996859487777,21.396206560762394,0,0,1000,0.9668065403709433,0.03319345962905673,0.11279217077180063,Commodity Plastic,12113.980251160789,8447.891981902452,5570.373059419409,55.8076669538868,0.8786335539943562
Polypropylene (atactic) - Variant 6,25142.34438413612,8.236685182642445,1.1092258970986608,0,0,900,0.9298941263749323,0.0701058736250677,0.13077467546324417,Commodity Plastic,10094.096957392225,9325.069669271841,5351.270389441618,46.62324131404079,0.43033445949064886
Polypropylene (syndiotactic) - Variant 7,23128.577841435133,8.419923844968226,9.474398210466388,0,0,950,0.8925835066025938,0.10741649339740622,0.1347900586893161,Commodity Plastic,8980.844923812072,4648.3097187996755,4598.690304080503,41.37691150600511,0.7284791961612918
Polystyrene (PS) - Variant 8,34162.13491235442,9.09595083257862,10.577109289559004,1,0,700,0.8580949669003697,0.14190503309963032,0.2704660201039391,Commodity Plastic,11141.451679612346,13232.096953351638,8416.684053209912,42.83988253372556,0.5219664792326808
High Impact Polystyrene (HIPS) - Variant 9,36140.47970560027,8.920464265823208,10.919922643576712,1,0,800,0.9118261899271808,0.08817381007281921,0.2422420934084774,Commodity Plastic,12945.515418260837,7996.287219231326,6388.127989617679,45.24033586940273,0.4673797166521163
Expanded Polystyrene (EPS) - Variant 10,27966.13703072675,9.221539973998624,1.713682811899705,1,0,650,0.8533758326826208,0.14662416731737915,0.24419110884579556,Commodity Plastic,13250.126990240438,10302.632750803574,8082.0293813290455,46.90124156387751,0.40823248558062775
Polyvinyl Chloride (PVC) - Variant 11,36814.09120038969,7.497274397140467,15.832942135368874,0,1,1200,0.8598787147961028,0.14012128520389722,0.4795863758236737,Commodity Plastic,17703.54901837901,10917.990111002924,7228.840294897029,53.15764064884561,0.6315020857569263
Plasticized PVC - Variant 12,51848.57318725897,8.303085486870538,69.63040155362734,1,4,1500,0.8194785591228547,0.18052144087714528,0.5302196980754039,Commodity Plastic,15562.32547861213,17207.062587629196,11108.182558374529,57.44236957686545,0.4292816596495268
Chlorinated PVC (CPVC) - Variant 13,39831.3723586516,8.274636838413912,8.877484595933572,0,1,1250,0.9206106451236888,0.07938935487631116,0.5060419532818508,Commodity Plastic,16682.46527574907,12034.515293878962,10559.542359518882,55.204509773665556,0.42021051086904354
Polyethylene Terephthalate (PET) - Variant 14,31525.478706358175,7.248234743033208,55.092123758512145,1,4,600,0.8497744809217985,0.15022551907820147,0.20493192507310232,Commodity Plastic,13992.90281856579,9312.930474231178,4887.937869986326,44.585084651056185,0.8943191430502908
Glycol-Modified PET (PETG) - Variant 15,37294.368397642385,7.246680363618803,69.103833086863,1,5,650,0.7663642991180863,0.23363570088191365,0.18826582242017031,Commodity Plastic,15803.466101033424,13686.283050809008,4290.359272750249,63.52601659720698,0.7810484501074566
PET Copolymer - Variant 16,44310.96551876758,7.5783969635259,68.03532897892023,1,4,680,0.7695675396750641,0.23043246032493592,0.1981033019144738,Commodity Plastic,14017.151504545085,15561.004163980631,10703.614843867977,55.86140147909849,0.7489660921526253
Polyvinylidene Chloride (PVDC) - Variant 17,44172.56077787036,8.948630275865042,3.381812519933197,0,2,1100,0.9294229904618883,0.07057700953811175,0.5223642142557274,Commodity Plastic,15175.261498371145,13105.135090168247,8684.430186915575,63.0636542959182,0.7764363755296531
Polyvinyl Acetate (PVAc) - Variant 18,31072.525034989438,6.826114120471451,28.990073504658675,0,2,800,0.6379331387699612,0.36206686123003884,0.22037711041124694,Commodity Plastic,10877.498355591646,6908.267049190576,8678.582659878508,50.94379101240433,0.8813537242312457
Polyacrylonitrile (PAN) - Variant 19,34890.79768711312,5.039675063897949,38.950538708143355,0,1,600,0.7999329888063578,0.20006701119364223,0.3310158715844136,Commodity Plastic,16271.14647458486,7783.459798609257,10346.377922938693,44.256515353703904,0.6439660132519222
Polybutadiene - Variant 20,23262.174990082483,8.657451919132043,5.017570435845365,0,0,1000,0.9073836957538038,0.09261630424619616,0.2123248151825767,Commodity Plastic,9133.65776556988,8381.545237357192,4183.0478096577535,51.816932047638005,0.43214632644171636
Polyethylene (LDPE) - Variant 1 - Variant 21,28013.990452928934,8.243571025602808,6.334150805525551,0,0,1000,0.8885679403898346,0.11143205961016545,0.14747840879200397,Commodity Plastic,11131.797312186334,8568.86685304577,5129.019972347359,48.84284284439287,0.8173257844519435
Polyethylene (HDPE) - Variant 2 - Variant 22,58225.617277898265,9.463147916489012,10.95096875750677,0,0,1800,0.8983715980991135,0.10162840190088651,0.10780334174268344,Commodity Plastic,28354.63012825971,17253.28844830059,10573.336595735043,64.78286393678873,0.7456384376724541
Linear Low-Density PE (LLDPE) - Variant 3 - Variant 23,44698.4450382629,7.829183745523905,8.706877510669141,0,0,1250,0.9037737851250581,0.09622621487494187,0.10653577130174526,Commodity Plastic,19104.883229003946,15023.744918337801,7371.25731097632,52.68566759408356,0.5485849874005039
Ultra-High Molecular Weight PE - Variant 4 - Variant 24,141645.81452837776,9.934138936746287,9.663383860555111,0,0,5000,0.9928236621109121,0.0071763378890878915,0.07724599845328116,Commodity Plastic,67952.24807386776,52659.42603238647,36309.12258672678,101.62804285719126,0.5841416991447879
Polypropylene (isotactic) - Variant 5 - Variant 25,26005.348532222997,8.483431618134285,38.131252780664624,0,0,1000,0.9475553251310569,0.05244467486894311,0.10793850923153006,Commodity Plastic,10175.938937907446,8471.882767049201,6548.124720832644,37.62374796034946,0.5467514390873215
Polypropylene (atactic) - Variant 6 - Variant 26,20484.84524077576,8.254754245624753,25.741647021951522,0,0,900,0.8881863988982338,0.11181360110176619,0.12498518810282443,Commodity Plastic,6757.689298054292,7222.3332925187615,4009.4777437813063,39.06177773660293,0.8579652961374025
Polypropylene (syndiotactic) - Variant 7 - Variant 27,26905.621570868025,8.247511082684206,13.689380413865223,0,0,950,0.8916420773809507,0.10835792261904931,0.1478822293317283,Commodity Plastic,13075.785507147946,9499.14013841974,2930.8897144438633,47.94754777137069,0.5061189668989765
Polystyrene (PS) - Variant 8 - Variant 28,30637.357866532522,9.438797676933126,18.096439616426746,1,0,700,0.8355817765999954,0.16441822340000456,0.2828109736102797,Commodity Plastic,12001.90991674287,8310.453473450352,4960.551606927226,58.0442537827796,0.8780905671937036
High Impact Polystyrene (HIPS) - Variant 9 - Variant 29,34229.127302121124,9.342025857586664,24.843180178495743,1,0,800,0.9150882193147544,0.08491178068524563,0.22239228064989966,Commodity Plastic,11512.155202947428,8722.151179417788,5423.968368476787,57.41104608612784,0.84616306275237
Expanded Polystyrene (EPS) - Variant 10 - Variant 30,31716.983246084063,8.924379076459417,7.3766601079274245,1,0,650,0.8141866930861946,0.18581330691380538,0.2486301585624745,Commodity Plastic,11433.311099606557,11425.498108408628,8316.746444377615,43.42334952235281,0.6783126853489041
Nylon 6 (PA6),22000.0,4.2,43.0,0,2,400,0.75,0.25,0.18,Engineering Plastic,6823.531394631345,6059.586683850673,2585.332523031169,36.78440140983838,0.6478930638600449
Nylon 66 (PA66),25000.0,4.5,43.0,0,2,450,0.77,0.23,0.17,Engineering Plastic,9841.502957281926,9516.680032613527,6528.37689521352,44.331264698651246,0.5220535680419826
Nylon 12 (PA12),28000.0,5.1,43.0,0,2,600,0.79,0.21,0.16,Engineering Plastic,13177.517762697324,5990.2679016886705,6547.4284523152,42.42510433803497,0.3110030334063899
Nylon 46 (PA46),24000.0,4.3,43.0,0,2,420,0.76,0.24,0.17,Engineering Plastic,11681.18618883211,5079.44405796163,5915.719003826156,36.27527960666297,0.376573911742652
Polycarbonate (PC),35000.0,6.8,40.0,2,3,500,0.83,0.17,0.28,Engineering Plastic,17028.215452525506,13489.02912070986,6525.492313095164,60.595246977402745,0.7525387940097292
PC-ABS Blend,38000.0,7.2,35.0,2,3,550,0.85,0.15,0.3,Engineering Plastic,12351.748194778474,12528.257347778905,8965.916049613363,45.45795327776033,0.5829240759528992
Polyamide-imide (PAI),45000.0,5.8,72.0,2,4,400,0.88,0.12,0.25,Engineering Plastic,16938.484942599513,12416.394208034992,9981.260502362242,69.337451529355,0.3899028805127809
Polyetherimide (PEI),40000.0,6.2,55.0,3,4,450,0.86,0.14,0.24,Engineering Plastic,12225.83007720565,14040.483318529465,10151.841561829036,49.51596000910506,0.4583765124791226
Polysulfone (PSU),42000.0,6.9,48.0,2,3,420,0.87,0.13,0.26,Engineering Plastic,19783.38889776037,14047.545203946585,7952.866609533317,70.3937392295955,0.8687021399082
Polyethersulfone (PES),44000.0,7.1,52.0,2,4,440,0.88,0.12,0.25,Engineering Plastic,16357.05070578721,13474.569212012448,8560.865499087462,63.06895816932627,0.5202797011861591
Polytetrafluoroethylene (PTFE),55000.0,11.2,0.0,0,0,1500,0.99,0.01,0.15,Engineering Plastic,23442.287306814582,12087.606769289165,12579.33845013802,74.06368899182218,0.8446091671314921
Fluorinated Ethylene Propylene (FEP),48000.0,10.8,0.0,0,0,1300,0.98,0.02,0.16,Engineering Plastic,21263.02500554197,17396.924038010413,5837.543939197328,53.3914818309962,0.482781499376146
Polyvinylidene Fluoride (PVDF),38000.0,9.5,0.0,0,0,1000,0.96,0.04,0.18,Engineering Plastic,14666.819490047981,14181.77624917275,7115.457807568811,64.42383716567102,0.6259320566202966
Poly(methyl methacrylate) (PMMA),32000.0,6.2,26.0,0,2,600,0.81,0.19,0.2,Engineering Plastic,11561.230953921555,7501.879606736955,9420.485409662757,58.646104856645785,0.31228625001731874
Poly(butyl methacrylate),35000.0,7.8,26.0,0,2,800,0.83,0.17,0.19,Engineering Plastic,17235.49037081161,12953.581563839467,3762.8662404203196,57.3111932262755,0.6131250662241462
Polyurethane (PU) - Rigid,30000.0,5.5,58.0,1,4,500,0.72,0.28,0.32,Engineering Plastic,14786.929350143126,11267.083866099387,4896.028337198363,50.04549729190775,0.6821652063663782
Polyurethane (PU) - Flexible,28000.0,5.8,58.0,1,4,650,0.68,0.32,0.3,Engineering Plastic,10020.843660968123,8676.800228815691,4559.014986900476,52.58416655803553,0.44058305960230676
Thermoplastic Polyurethane (TPU),32000.0,5.9,58.0,1,4,700,0.7,0.3,0.31,Engineering Plastic,12669.600619164532,10599.545831825197,7254.170363108945,41.4342750489989,0.6473623057232143
Polyoxymethylene (POM),26000.0,3.8,9.0,0,1,900,0.73,0.27,0.22,Engineering Plastic,12858.789625032117,7187.634064075356,3150.1618690055275,48.26862001017837,0.6883006632305914
POM Copolymer,28000.0,4.1,12.0,0,1,950,0.74,0.26,0.21,Engineering Plastic,8427.263082870819,7178.03322605189,6319.846572921622,55.01711340089425,0.712131647029054
Nylon 6 (PA6) - Modified 1,23171.924788159064,4.203657738296055,45.92431437466034,0,2,400,0.7212820563957836,0.2787179436042164,0.18783933068211028,Engineering Plastic,8864.087303077893,7980.332793528195,2757.645540461479,41.42777024415264,0.765841993213262
Nylon 66 (PA66) - Modified 2,22557.748217537435,4.132230306306479,55.39947524014032,0,2,450,0.81707949278582,0.18292050721417996,0.15151356815144565,Engineering Plastic,7220.543687712039,8399.94216479772,2684.1629159136505,36.56347437331544,0.48680354575764995
Nylon 12 (PA12) - Modified 3,26664.95734882217,4.957301989692722,47.44897438827172,0,2,600,0.8076942354913803,0.1923057645086197,0.17522666560965836,Engineering Plastic,10714.822291754625,8821.181480241832,6549.89136719282,45.64703614777675,0.6406661738591269
Nylon 46 (PA46) - Modified 4,24397.44584351613,3.6570067061755087,44.47707086825844,0,2,420,0.7167061344945478,0.2832938655054522,0.19025800365561965,Engineering Plastic,7439.610529027546,7375.790012163332,4021.35865426448,49.18620567902048,0.8889474178587566
Polycarbonate (PC) - Modified 5,39204.38960021497,6.223983420926481,49.52581804890912,2,3,500,0.8124781525699912,0.18752184743000877,0.2989802770251001,Engineering Plastic,14951.757806455395,9086.98761533944,11584.292969293561,48.17961587152933,0.8388865023990943
PC-ABS Blend - Modified 6,42527.05696345938,7.3001971401383505,37.77158567597581,2,3,550,0.8669017658923603,0.13309823410763966,0.26257259684955436,Engineering Plastic,14635.253514073558,8960.099735919537,4570.407787455402,52.53117327247664,0.8715992568590201
Polyamide-imide (PAI) - Modified 7,40431.987640277286,5.89051530779955,78.77921146061311,2,4,400,0.8195330767591689,0.18046692324083113,0.2201103657149524,Engineering Plastic,16442.139715960853,11690.438518981358,7642.5081892379285,49.862674789833825,0.5316818391171428
Polyetherimide (PEI) - Modified 8,41962.02122929667,6.946309804457902,58.7906633672943,3,4,450,0.8782961356441131,0.12170386435588687,0.2201473902811603,Engineering Plastic,20947.38769835064,8806.565733764879,5145.68464662442,66.15793211501749,0.7721568635379972
Polysulfone (PSU) - Modified 9,44673.45818897895,6.599528230134429,57.04342442496424,2,3,420,0.9000226531433754,0.09997734685662463,0.27167136612568277,Engineering Plastic,20554.58070092325,14021.521012604819,7606.8085348888935,50.34667305419255,0.6719387710562087
Polyethersulfone (PES) - Modified 10,48609.74901852315,7.428824063997796,67.17434386123158,2,4,440,0.829940731396421,0.170059268603579,0.24007868522945752,Engineering Plastic,22804.214672229362,13442.82379010847,14565.64345960453,68.39618622603805,0.3496410498373447
Polytetrafluoroethylene (PTFE) - Modified 11,51125.83906674847,11.551469419276359,1.9167560655504767,0,0,1500,1.0081758135632208,-0.008175813563220835,0.16326650865937417,Engineering Plastic,21833.442821716613,17967.553628540358,14201.14774884058,61.78573189279637,0.7943882334942394
Fluorinated Ethylene Propylene (FEP) - Modified 12,48037.97414071476,10.694137266704818,21.76135333271695,0,0,1300,0.9381873379258917,0.06181266207410829,0.17067770153255224,Engineering Plastic,14810.682425533383,12544.141745575938,5268.078754663653,69.7441885969278,0.7062607658144189
Polyvinylidene Fluoride (PVDF) - Modified 13,35500.804931825754,9.516792025788009,1.0981745367825286,0,0,1000,0.9166036753123074,0.08339632468769265,0.20378476355505734,Engineering Plastic,12118.538271067338,11310.433625363545,7549.287660855875,64.49452429423178,0.4193504157091601
Poly(methyl methacrylate) (PMMA) - Modified 14,36357.71433922484,6.110614885869659,31.712003952736737,0,2,600,0.7550527803143736,0.24494721968562638,0.22569911375526353,Engineering Plastic,17633.960879496204,11181.331645621034,8346.439094199499,46.556963595373,0.3478431344576768
Poly(butyl methacrylate) - Modified 15,34245.9335573318,7.619015107062133,32.21639835922886,0,2,800,0.8166483560635437,0.1833516439364563,0.21001479027646086,Engineering Plastic,12781.357169410661,6881.46299373207,4859.735117684482,49.454918076678524,0.8022132783889984
Polyurethane (PU) - Rigid - Modified 16,28352.298046406497,5.5856374976520815,67.96591022969591,1,4,500,0.7639644012354068,0.23603559876459324,0.33881886048079746,Engineering Plastic,9093.357285469434,6080.940768279249,3658.045097666824,54.63729699174802,0.34734109769472066
Polyurethane (PU) - Flexible - Modified 17,28588.513828750663,5.892381489178053,64.4714951311229,1,4,650,0.7266531265299261,0.2733468734700739,0.2676075613712871,Engineering Plastic,12592.699251716114,7377.941897367375,8029.833897844372,44.244105388974106,0.354812319219862
Thermoplastic Polyurethane (TPU) - Modified 18,32175.96466269187,6.0431149441393135,62.486276210945874,1,4,700,0.7193075426175363,0.28069245738246373,0.32883101981080115,Engineering Plastic,11579.857627463303,12112.545890760623,9452.11718342999,45.880963741787895,0.5564449727425892
Polyoxymethylene (POM) - Modified 19,24904.03097951409,4.162048783982623,13.831234979876228,0,1,900,0.7616935889362122,0.2383064110637878,0.24422677302628687,Engineering Plastic,8810.333471458629,5713.059194158009,7430.82918736083,51.485003670170556,0.38087869705168625
POM Copolymer - Modified 20,31471.220641474356,4.3060190745224185,42.821851925237766,0,1,950,0.770903380540958,0.22909661945904203,0.21944772763899917,Engineering Plastic,15722.879932260543,10768.78659363425,8118.0754712284015,61.18900060123615,0.8482017584656316
Nylon 6 (PA6) - Modified 1 - Modified 21,24575.913175013517,4.296576201566618,47.33376175107891,0,2,400,0.7049228902980755,0.29507710970192447,0.18082820621164306,Engineering Plastic,11590.683495214953,9699.457078446638,5718.825167330429,46.284400902126684,0.5821703617579421
Nylon 66 (PA66) - Modified 2 - Modified 22,19810.09226568464,3.9380848871748375,56.0544683552309,0,2,450,0.8131442112404982,0.18685578875950182,0.15345194038156362,Engineering Plastic,7559.2848438112,7094.261685350586,3350.798865564806,37.02334302392413,0.6414905883927429
Nylon 12 (PA12) - Modified 3 - Modified 23,24957.39682650248,4.7914892675367655,48.09056408859824,0,2,600,0.7553788673532136,0.24462113264678642,0.19218513178011784,Engineering Plastic,12380.172639371342,6204.136125056842,3351.27082186658,43.75429360885147,0.8568636536868526
Nylon 46 (PA46) - Modified 4 - Modified 24,23374.148467140494,3.682718713813694,53.099029091692884,0,2,420,0.7437969795037134,0.2562030204962866,0.1740378064588129,Engineering Plastic,10051.413141072544,8921.282585285722,2706.6356978360577,38.31096431737474,0.6181579353830091
Polycarbonate (PC) - Modified 5 - Modified 25,40649.74342786414,7.179597803883466,64.27312811547338,2,3,500,0.8281103835167907,0.17188961648320933,0.3192593319019128,Engineering Plastic,18227.527485684623,8886.905090245637,9701.447185947585,64.29900055066265,0.5121546875743912
PC-ABS Blend - Modified 6 - Modified 26,48598.03351030452,6.490140105475308,39.26322019413123,2,3,550,0.9027274065840454,0.09727259341595462,0.24452064557946934,Engineering Plastic,14885.704437835555,14269.762257783515,12487.006316471865,70.5996939038361,0.7782930634894991
Polyamide-imide (PAI) - Modified 7 - Modified 27,39691.735611157266,5.581787676696848,92.06962530547834,2,4,400,0.7820486212097839,0.2179513787902161,0.19742383525981905,Engineering Plastic,12872.865443941038,14983.962871291245,10529.849534739391,66.1417282838958,0.5657101184851265
Polyetherimide (PEI) - Modified 8 - Modified 28,38817.92738648121,7.652491500570341,62.03051705498194,3,4,450,0.8979942388117242,0.10200576118827576,0.2056132967981516,Engineering Plastic,16560.388709902814,12742.106624770953,10975.885447959045,46.105647720706656,0.49108165536138326
Polysulfone (PSU) - Modified 9 - Modified 29,50769.57971817656,6.750446736318593,70.25423231680017,2,3,420,0.9140998214845554,0.08590017851544463,0.2651186578626842,Engineering Plastic,24359.48786658808,14354.028084421983,14011.6887973214,66.65720740044738,0.7339376751633209
Polyethersulfone (PES) - Modified 10 - Modified 30,44930.92903287317,7.935588523672445,72.83569958618182,2,4,440,0.7735172841459731,0.2264827158540269,0.21242685252224247,Engineering Plastic,19084.35572817028,11617.45663363061,13476.953734299857,54.19631855452982,0.7809634059678259
Polytetrafluoroethylene (PTFE) - Modified 11 - Modified 31,44162.54030853101,11.456512634793691,16.892801509328912,0,0,1500,0.9514122714449992,0.04858772855500082,0.16285585462002247,Engineering Plastic,14432.53805210112,12145.576583121732,6571.951375293698,56.80363162072078,0.7750297005505629
Fluorinated Ethylene Propylene (FEP) - Modified 12 - Modified 32,47655.66542394212,10.593110006147553,31.743618788435747,0,0,1300,0.9248563176991984,0.0751436823008016,0.17660961006991416,Engineering Plastic,15400.024033857617,14381.924931997179,12040.753007614263,70.2012613445157,0.8866046484772245
Polyvinylidene Fluoride (PVDF) - Modified 13 - Modified 33,36939.58493591987,9.465427167172125,4.8234927068189,0,0,1000,0.9327545878968507,0.06724541210314927,0.20397650006901455,Engineering Plastic,17318.650800875814,9744.98705634922,8026.672687361384,48.64773124473238,0.7720001693249776
Poly(methyl methacrylate) (PMMA) - Modified 14 - Modified 34,40246.06108245303,5.718011425450479,35.4088317468429,0,2,600,0.7096587237422871,0.2903412762577129,0.23534228521711242,Engineering Plastic,13195.092411249365,15848.640169350238,6127.423619889385,61.117011413564896,0.7619600615692118
Poly(butyl methacrylate) - Modified 15 - Modified 35,29381.41489752988,7.8778801857769505,33.225156981821094,0,2,800,0.8252773769238055,0.17472262307619446,0.20296899942815932,Engineering Plastic,11871.454684163793,11359.31131077595,8708.09502259408,52.541114423566384,0.8144911522417322
Polyurethane (PU) - Rigid - Modified 16 - Modified 36,29571.063129151356,6.438850847514589,83.58261262587592,1,4,500,0.8111812769978914,0.18881872300210856,0.3272416881391643,Engineering Plastic,9090.815004252932,11063.548816093587,8267.46662088009,58.65798437849707,0.3001111171772657
Polyurethane (PU) - Flexible - Modified 17 - Modified 37,32543.939672221444,5.697808382757109,66.13228122140865,1,4,650,0.7082372571384055,0.29176274286159454,0.29529493365499715,Engineering Plastic,10288.244310336557,9254.388878282756,4090.8751993782525,57.8086202348744,0.5174588467126624
Thermoplastic Polyurethane (TPU) - Modified 18 - Modified 38,27574.2090578486,5.807369041361629,69.28309298711407,1,4,700,0.6808555738835589,0.3191444261164411,0.34823900462721513,Engineering Plastic,11980.157055687918,9327.261713511765,2901.6800257514096,53.757912497871956,0.7425618576206533
Polyoxymethylene (POM) - Modified 19 - Modified 39,25867.38997475198,4.306854348759612,18.481748052162022,0,1,900,0.7940559160016073,0.2059440839983927,0.22825687513462534,Engineering Plastic,11325.681853801227,9844.245548097275,6147.803049650732,47.0154815919688,0.6598314066661665
POM Copolymer - Modified 20 - Modified 40,28425.80925509746,4.6049365165717235,47.70481404870549,0,1,950,0.8238418706407038,0.1761581293592962,0.21369497196771786,Engineering Plastic,10469.051620269818,10519.991131353787,6277.161329717334,42.57268492091581,0.4065432015789706
Nylon 6 (PA6) - Modified 1 - Modified 21 - Modified 41,23632.33145155494,4.028895110294132,56.62926029305311,0,2,400,0.7474339881554903,0.25256601184450966,0.20027154671138822,Engineering Plastic,8108.771722749598,6684.768955242707,6786.334146463163,43.05615833967953,0.48223985345312725
Nylon 66 (PA66) - Modified 2 - Modified 22 - Modified 42,19388.101804949973,4.26825142677005,62.56254544323601,0,2,450,0.7679637572315162,0.23203624276848378,0.17198369777242903,Engineering Plastic,8971.69005532021,4313.410794133219,2846.193846567358,40.991164318556045,0.5020755666492641
Nylon 12 (PA12) - Modified 3 - Modified 23 - Modified 43,24996.722489541007,4.582214030101921,55.68370799084623,0,2,600,0.797206651722682,0.202793348277318,0.18579699478807063,Engineering Plastic,8584.3905825907,5377.446741219252,2921.5566719526682,48.897815843407116,0.6406968667033897
Nylon 46 (PA46) - Modified 4 - Modified 24 - Modified 44,19944.022459490105,3.8123852548090706,54.140173526634364,0,2,420,0.7907194123806051,0.20928058761939494,0.17787209714679622,Engineering Plastic,8145.246748062608,6290.600147607147,3028.361533667555,42.52407643441333,0.798958977864646
Polycarbonate (PC) - Modified 5 - Modified 25 - Modified 45,42257.488082548305,6.46277976382938,67.84731620979265,2,3,500,0.8082465298506667,0.1917534701493333,0.3357827700102842,Engineering Plastic,20860.061135600918,13882.666079247376,4385.715716923615,56.825246870183946,0.859495067866608
PC-ABS Blend - Modified 6 - Modified 26 - Modified 46,52277.505261932434,6.73978803229617,44.28998426824547,2,3,550,0.8510632829649316,0.1489367170350684,0.2441113403705909,Engineering Plastic,17229.12289824779,19341.031299113547,5603.027224022173,59.80741522006056,0.7500554477121835
Polyamide-imide (PAI) - Modified 7 - Modified 27 - Modified 47,34423.35739488968,4.745780577244736,106.23307743801209,2,4,400,0.8244971142286592,0.17550288577134077,0.18859395625932987,Engineering Plastic,16804.631222534943,8898.541296692485,9740.831183231952,46.45168787813602,0.805770234106086
Polyetherimide (PEI) - Modified 8 - Modified 28 - Modified 48,34358.527961420674,7.817664082280591,66.54031347741375,3,4,450,0.9128565183811318,0.0871434816188682,0.18100895232402645,Engineering Plastic,11564.345603988091,8022.513498739429,5854.807114696974,57.65796476790766,0.5820575750709096
Polysulfone (PSU) - Modified 9 - Modified 29 - Modified 49,44435.16291981905,6.5771253735575685,71.8848141370199,2,3,420,0.9552895326682006,0.0447104673317994,0.2815222566001865,Engineering Plastic,18373.435155197112,12255.269772930822,8094.389269740558,64.39080999797714,0.5338651917733724
Polyethersulfone (PES) - Modified 10 - Modified 30 - Modified 50,39287.81256492178,7.356354787073515,84.09540978119426,2,4,440,0.8073911061905614,0.19260889380943857,0.24092913479885358,Engineering Plastic,14748.705434069572,10635.801149961131,4073.137680492287,61.507228187678436,0.5356251192865302
Polytetrafluoroethylene (PTFE) - Modified 11 - Modified 31 - Modified 51,50601.45277985096,11.190821657471922,27.77369243931428,0,0,1500,0.8959355173596685,0.10406448264033152,0.17639635397462233,Engineering Plastic,24945.79364691974,11460.914860276338,7797.904295042479,61.625734360101966,0.6696231170039744
Fluorinated Ethylene Propylene (FEP) - Modified 12 - Modified 32 - Modified 52,48490.65343936588,10.936173855428361,33.023127028143165,0,0,1300,0.874514212623487,0.12548578737651295,0.17621886683326485,Engineering Plastic,17200.042377696544,16218.015711135757,12653.403102188291,57.526675989349826,0.3745420233334854
Polyvinylidene Fluoride (PVDF) - Modified 13 - Modified 33 - Modified 53,31524.46687309739,9.192490126724064,5.209056591105404,0,0,1000,0.8829776806573456,0.11702231934265439,0.18057180280381468,Engineering Plastic,11977.141151393344,9512.141821446447,7033.051561050622,56.57941772943143,0.6476965096741567
Poly(methyl methacrylate) (PMMA) - Modified 14 - Modified 34 - Modified 54,42047.59916238134,5.925750031146948,47.67074305086352,0,2,600,0.75557659306817,0.24442340693182996,0.22650781208827708,Engineering Plastic,20879.661402369522,14473.815951673341,10543.692830410226,65.6736599345679,0.6990797161102353
Poly(butyl methacrylate) - Modified 15 - Modified 35 - Modified 55,27492.59026738626,7.740599691124483,36.886568617251804,0,2,800,0.8787975684432201,0.1212024315567799,0.1732637439838455,Engineering Plastic,11197.569211321701,7437.796545031653,5208.271854256349,47.01513838063631,0.5633452441237433
Polyurethane (PU) - Rigid - Modified 16 - Modified 36 - Modified 56,33739.5080634383,6.528487840238755,83.68335183213028,1,4,500,0.7627793224348557,0.2372206775651443,0.3325286982214688,Engineering Plastic,13513.55098681753,8945.708091448774,5463.973121296122,55.39823981006207,0.8719003060627004
Polyurethane (PU) - Flexible - Modified 17 - Modified 37 - Modified 57,37125.825694383995,6.60811290178399,69.38209470180807,1,4,650,0.727646369178892,0.272353630821108,0.29126779567596894,Engineering Plastic,13051.795552479838,10934.118888373001,7297.527243118069,52.808066069255446,0.6649279634277452
Thermoplastic Polyurethane (TPU) - Modified 18 - Modified 38 - Modified 58,28629.403008025325,6.1562972960499005,70.74982903302089,1,4,700,0.6375276227032738,0.3624723772967262,0.3253558563772786,Engineering Plastic,12604.744907061819,10749.810300308933,4712.806664326846,52.79008634646436,0.43199968334197514
Polyoxymethylene (POM) - Modified 19 - Modified 39 - Modified 59,29362.680827066517,4.262481574507808,26.292221064010842,0,1,900,0.8074107960000606,0.1925892039999394,0.21301259247895726,Engineering Plastic,8893.209927238695,6109.08959599871,7863.156189661578,56.10877812818991,0.5875297544601098
POM Copolymer - Modified 20 - Modified 40 - Modified 60,25766.186727779448,3.755378226847801,51.91085422215158,0,1,950,0.833490587715589,0.16650941228441096,0.18662417649270613,Engineering Plastic,7985.006350792373,9300.73187657703,4110.601980761379,49.82661637137061,0.7052426622811765
Polylactic Acid (PLA),20000.0,3.5,37.0,0,2,400,0.35,0.65,0.08,Biodegradable,8397.434348543211,5475.950450631027,4639.054561812335,41.03030248238183,0.49417747474828744
Poly(3-hydroxybutyrate) (PHB),18000.0,3.2,37.0,0,2,360,0.32,0.68,0.06,Biodegradable,6630.028465746435,6676.62849283852,2293.1360003143004,38.089365324537034,0.3477849637734139
Poly(3-hydroxyvalerate) (PHV),19000.0,3.8,37.0,0,2,380,0.33,0.67,0.07,Biodegradable,9322.60221436365,6848.371433576254,4510.092676192658,42.05634468515129,0.650061380826531
PHBV Copolymer,18500.0,3.5,37.0,0,2,370,0.3,0.7,0.06,Biodegradable,8891.805555674307,4990.416615365528,5229.208932920124,42.08810578976514,0.868722101171808
Polycaprolactone (PCL),22000.0,4.5,26.0,0,2,500,0.4,0.6,0.1,Biodegradable,9740.30753817751,7453.056755415111,4877.765880415596,43.823299743934804,0.5910431913379043
Polybutylene Succinate (PBS),21000.0,3.9,52.0,0,4,450,0.38,0.62,0.09,Biodegradable,9736.211440736764,4870.457578448449,4451.392596144804,43.923685470835395,0.8436654483882229
Polybutylene Adipate Terephthalate (PBAT),24000.0,5.2,63.0,1,6,480,0.42,0.58,0.12,Biodegradable,10403.192878404927,9102.151450386184,7013.367686503872,37.504918519315986,0.8010141530230164
Polyglycolic Acid (PGA),16000.0,2.1,37.0,0,2,320,0.25,0.75,0.05,Biodegradable,5201.862728672514,4494.37140624611,3607.668977010708,43.11329487085418,0.38844767018039
PLGA (50:50),18000.0,2.8,37.0,0,2,360,0.28,0.72,0.06,Biodegradable,8155.95613088113,5240.2522152787205,2734.3815597830976,43.23447039551367,0.7249019531013425
PLGA (75:25),19000.0,3.2,37.0,0,2,380,0.31,0.69,0.07,Biodegradable,6498.729481131616,6481.884393940542,3011.0858906214135,37.78450071671208,0.5612793150431871
Starch (Native),50000.0,-2.5,290.0,5,30,200,0.1,0.9,0.02,Biodegradable,18234.42855100197,18208.40236704851,12053.066425359273,66.17153707782505,0.45014779515776215
Modified Starch,48000.0,-1.8,270.0,5,28,220,0.12,0.88,0.03,Biodegradable,22264.648436183234,11868.890335950813,11860.191301364988,51.793668998121035,0.7121630134000219
Thermoplastic Starch (TPS),45000.0,-1.2,250.0,5,26,240,0.15,0.85,0.04,Biodegradable,18328.730475541033,14952.151258892958,7231.466086101136,49.99966593074428,0.7455964311938529
Cellulose,60000.0,-3.2,330.0,6,36,180,0.2,0.8,0.01,Biodegradable,28319.28857020091,16703.976526669783,10144.127735115962,63.66219063364241,0.4079377912409033
Cellulose Acetate,55000.0,1.2,180.0,6,24,200,0.45,0.55,0.08,Biodegradable,18843.388518275904,15055.732164043575,16401.621596129957,72.8374647986087,0.8486668092337251
Cellulose Acetate Butyrate (CAB),58000.0,2.5,165.0,6,22,250,0.48,0.52,0.1,Biodegradable,24450.22988783989,19604.299557711594,6982.649575131219,79.3150101780892,0.7506883463708647
Chitosan,42000.0,-2.8,280.0,5,32,160,0.18,0.82,0.02,Biodegradable,13303.844169405396,11652.33950290985,7599.018238896834,60.561391382971124,0.8600252994851814
Gelatin,35000.0,-1.5,520.0,3,45,300,0.08,0.92,0.01,Biodegradable,15001.426954780207,9422.759501150855,3937.1327183825524,54.70031899727447,0.49024393125821464
Soy Protein Isolate,38000.0,-1.8,580.0,4,48,320,0.07,0.93,0.01,Biodegradable,17195.258687094065,13952.751901759442,10040.19555118663,54.074203542111036,0.8636010094457922
Whey Protein,32000.0,-1.6,490.0,3,42,290,0.06,0.94,0.01,Biodegradable,13343.55772146382,7048.167192518442,3791.0133692507666,44.64977538464751,0.5211105947030286
Polylactic Acid (PLA) - Grade 1,25692.737691993996,2.5436467414678905,39.32208314583142,0,2,400,0.37586236415754304,0.624137635842457,0.06380561308855479,Biodegradable,9075.864534269127,8611.653911664886,6032.6926116135455,39.20785810323346,0.33238185685643507
Poly(3-hydroxybutyrate) (PHB) - Grade 2,22438.0135925335,3.3812382294026513,39.38677559763145,0,2,360,0.3775743889013663,0.6224256110986337,0.06812590230198096,Biodegradable,6872.0575237363555,5603.783471843157,2497.276526361943,47.75046477452022,0.757781633225414
Poly(3-hydroxyvalerate) (PHV) - Grade 3,20292.933233668005,4.15012147668121,39.708872782303025,0,2,380,0.269968864454017,0.730031135545983,0.050107412928884584,Biodegradable,6572.673615525083,4121.487604057225,4760.133795008645,48.154758826748726,0.7221048864530046
PHBV Copolymer - Grade 4,17128.74337234635,3.4338502780287685,39.29809464778557,0,2,370,0.35847313551779336,0.6415268644822066,0.04741500807972701,Biodegradable,7270.4766173850285,3997.0411475087317,4600.907040700835,37.150446323810215,0.6587465953579995
Polycaprolactone (PCL) - Grade 5,23242.52544264818,4.670461099279477,27.779018400305688,0,2,500,0.45413259275378215,0.5458674072462179,0.09812158958769822,Biodegradable,11316.414765611846,7468.574296707931,4178.176441586458,46.8168453634683,0.5939362466305045
Polybutylene Succinate (PBS) - Grade 6,19926.72572945458,3.856793246584193,49.643433548079344,0,4,450,0.312569075490941,0.6874309245090591,0.10969500831777287,Biodegradable,6801.128603165685,6811.461756298655,4073.52685908643,47.50563077868517,0.31929916219357884
Polybutylene Adipate Terephthalate (PBAT) - Grade 7,28505.77453147312,5.958116661466948,68.60404819651859,1,6,480,0.47874076163380513,0.5212592383661949,0.10180906332551022,Biodegradable,12742.230295667314,5821.2085923324275,5139.829102858198,40.747942922847244,0.6747583509120927
Polyglycolic Acid (PGA) - Grade 8,15525.223698976899,2.256229240548974,34.255779672121065,0,2,320,0.2954051027258723,0.7045948972741277,0.0531852390335264,Biodegradable,7347.93642592462,3218.147370914101,2485.553409257609,39.860574034306296,0.5501007691336762
PLGA (50:50) - Grade 9,15069.342299437396,3.3302234070552337,35.95040411344302,0,2,360,0.2367184503263585,0.7632815496736415,0.06617663504134078,Biodegradable,6090.673058771655,5734.011673532799,3927.864458075802,37.09281987689239,0.6361256416445671
PLGA (75:25) - Grade 10,19231.507790303243,3.9706854984590914,39.01515609884373,0,2,380,0.3125002741378872,0.6874997258621127,0.0847916230133787,Biodegradable,8343.650410401135,4128.25784048636,2969.354702168336,41.612296424627935,0.5575928051805819
Starch (Native) - Grade 11,51557.20516323457,-1.986710076723961,284.40200624031905,5,30,200,0.08536060913802564,0.9146393908619743,0.014345392115760067,Biodegradable,23871.14392758052,19531.74763366662,12610.309006855072,60.10783074802942,0.8796336796591195
Modified Starch - Grade 12,55347.95296340022,-1.7169559337459244,276.4967157730871,5,28,220,0.12979582886876273,0.8702041711312373,0.02483335490716039,Biodegradable,19489.953162890724,13595.293845107317,7817.312545101509,72.90971572604754,0.6624653406905083
Thermoplastic Starch (TPS) - Grade 13,35182.02984084278,-2.0654365518827835,246.87374610118644,5,26,240,0.1742495216696249,0.8257504783303751,0.036358131208559206,Biodegradable,12643.687446595919,12243.47163375277,5276.275725979405,60.53132776154974,0.7495417983614804
Cellulose - Grade 14,60503.62160975318,-2.4778306040090947,348.72109884091543,6,36,180,0.19172342258570163,0.8082765774142984,0.01073252020136724,Biodegradable,18158.67988865434,15848.720980788437,10121.785934365178,60.01093564820708,0.86180816848265
Cellulose Acetate - Grade 15,66958.00238864259,1.1926408706825316,171.2967979787625,6,24,200,0.44264443612288706,0.5573555638771129,0.1030415636137029,Biodegradable,32984.772540021324,24891.664514126798,14585.547063827717,75.69988066919676,0.6549595937500439
Cellulose Acetate Butyrate (CAB) - Grade 16,57743.10967095186,2.8982027148481633,159.34880313948779,6,22,250,0.5056129640288114,0.4943870359711886,0.08440873712669159,Biodegradable,27919.3119966253,19637.910356940476,11022.262529526719,58.304263893503595,0.30723751069344046
Chitosan - Grade 17,31311.75586833833,-3.350625952423556,271.35736786613637,5,32,160,0.20856876551323286,0.7914312344867671,0.019687539683154467,Biodegradable,14181.521724404416,8778.648157737456,7797.534061211453,58.69408107771487,0.3205750069863254
Gelatin - Grade 18,38518.712508941564,-1.256163362538353,485.9212666049695,3,45,300,0.07015324860187747,0.9298467513981226,0.007245211697598872,Biodegradable,12164.795056352577,8291.556960999924,5497.13873948627,56.82898124452102,0.7214030604611171
Soy Protein Isolate - Grade 19,30451.71943804535,-2.2077495366442443,532.2894939158185,4,48,320,0.05937780439081683,0.9406221956091831,0.009764672608196355,Biodegradable,11860.9623203824,10552.739973896683,3110.1698468714867,56.580538309708324,0.4674510816907701
Whey Protein - Grade 20,26361.607393391216,-1.8795127466169286,476.6984463827114,3,42,290,0.06008201450051656,0.9399179854994835,0.01114236897177619,Biodegradable,8445.688300981781,8524.736227422656,6730.421377260412,44.396907085967044,0.6476278364087693
Polylactic Acid (PLA) - Grade 1 - Grade 21,18590.9382826248,2.80094123681316,36.03286192169153,0,2,400,0.4320280220997412,0.5679719779002588,0.07991802601734527,Biodegradable,5636.476026012556,3729.013969833837,4914.14023948732,33.457612310380554,0.4213663086544014
Poly(3-hydroxybutyrate) (PHB) - Grade 2 - Grade 22,16528.89037083004,3.983555765690564,37.629161596983074,0,2,360,0.42381989334083886,0.5761801066591612,0.07827365154953925,Biodegradable,6995.631247323412,3336.9180275015196,1849.517256134536,30.3068259024456,0.4621493250370285
Poly(3-hydroxyvalerate) (PHV) - Grade 3 - Grade 23,16451.736899172,3.876481558512449,39.58595781988312,0,2,380,0.2827389070085383,0.7172610929914617,0.04616637389403137,Biodegradable,8096.983624709212,5951.557220007455,3655.2716547722052,33.79072816013066,0.6027846335688452
PHBV Copolymer - Grade 4 - Grade 24,16743.7034327099,2.8198232684669566,41.2431219176569,0,2,370,0.2920384855186459,0.707961514481354,0.04037208550922491,Biodegradable,8046.581914457948,4217.403145946111,2940.886788352955,33.53228969421128,0.8853416780136494
Polycaprolactone (PCL) - Grade 5 - Grade 25,26217.79534950828,4.68477137906339,27.95743461992232,0,2,500,0.38277419555517384,0.6172258044448262,0.09502560029173576,Biodegradable,11518.813634204673,8579.163532986962,6784.618298301555,47.87040757748709,0.669762293525515
Polybutylene Succinate (PBS) - Grade 6 - Grade 26,20316.698923070853,4.341104824736404,47.08650386018342,0,4,450,0.28371810350476956,0.7162818964952304,0.10161821946839635,Biodegradable,6487.693207366732,5908.967307191742,5584.713338619301,33.27522453919813,0.8616888627078141
Polybutylene Adipate Terephthalate (PBAT) - Grade 7 - Grade 27,20297.329195088267,5.427485344993653,66.23717220347591,1,6,480,0.40592661498785876,0.5940733850121412,0.12566459331862256,Biodegradable,7202.158303744331,7564.530487351285,5484.353639697605,41.4655731542868,0.8756279126321687
Polyglycolic Acid (PGA) - Grade 8 - Grade 28,16397.049965754522,1.929042567492466,35.482837588796976,0,2,320,0.32957416650433974,0.6704258334956603,0.053135527820131534,Biodegradable,5968.71221824915,6286.501430789983,4188.476372057165,35.36486127915691,0.42486599785230444
PLGA (50:50) - Grade 9 - Grade 29,11334.438553979235,4.517388108801428,37.71513376990655,0,2,360,0.23024747180191432,0.7697525281980857,0.051389345610878004,Biodegradable,5130.307053590324,4526.538864694059,1743.3550462957658,31.681402449600665,0.48671616148136665
PLGA (75:25) - Grade 10 - Grade 30,16736.518579053387,4.477951844802741,37.94678298310324,0,2,380,0.3307399453049151,0.6692600546950849,0.08839246740958616,Biodegradable,7706.327232375779,3861.7311946594277,4391.293078649772,40.3695937858943,0.7619953687312225
Starch (Native) - Grade 11 - Grade 31,47105.654787307016,-1.9728646109158545,269.4553607170214,5,30,200,0.07176377285540134,0.9282362271445986,0.011357469055078118,Biodegradable,17759.831653400382,17551.228250887667,9736.536063230802,66.01411738644983,0.8200584013748065
Modified Starch - Grade 12 - Grade 32,46911.52114334646,-1.6532731944773464,257.7326185942137,5,28,220,0.11352291170553723,0.8864770882944628,0.02163127013890691,Biodegradable,17994.17113156256,11878.197716468358,5186.130724764049,74.64517094144074,0.6115360465137167
Thermoplastic Starch (TPS) - Grade 13 - Grade 33,28287.2018905545,-3.3168163127138914,270.6910693402538,5,26,240,0.14720870738016914,0.8527912926198309,0.034129863489290445,Biodegradable,8737.967803158286,8999.945964773664,5413.82448879736,41.526560404024536,0.8959356403683296
Cellulose - Grade 14 - Grade 34,77546.41848086906,-2.1355095032315106,374.2131081561021,6,36,180,0.2160394796451946,0.7839605203548055,0.00917353252170679,Biodegradable,27748.228937198008,23353.458062469195,22366.836269901258,78.12850413989928,0.30694331925316215
Cellulose Acetate - Grade 15 - Grade 35,53735.976562841846,1.4567991754977196,173.24145834222193,6,24,200,0.455324019542746,0.5446759804572541,0.08943878468353386,Biodegradable,20970.842909647672,10940.517275884997,14915.595497982116,64.9057794432645,0.4797555933511294
Cellulose Acetate Butyrate (CAB) - Grade 16 - Grade 36,67079.92566906096,3.0019544574277313,149.37496231901193,6,22,250,0.46995293846822195,0.530047061531778,0.08063244749545749,Biodegradable,21693.420511930966,25930.030758279332,8079.968640483398,72.28561241275217,0.673897052246748
Chitosan - Grade 17 - Grade 37,31454.732459998286,-3.5799355908950554,277.3608805761767,5,32,160,0.19093473968207494,0.809065260317925,0.020647168107982408,Biodegradable,12287.901080173879,6783.697804819298,7826.734409097978,54.552381996651675,0.5815739465624897
Gelatin - Grade 18 - Grade 38,30530.610587307056,-1.4095215621992616,484.08838148601995,3,45,300,0.07106775042731169,0.9289322495726883,0.005296931685437286,Biodegradable,14368.778873502575,10308.47088291238,7973.3306996509,50.23500738340559,0.36996177985728046
Soy Protein Isolate - Grade 19 - Grade 39,27466.311031355963,-2.5087338760924367,551.6118923472023,4,48,320,0.06555850797544512,0.9344414920245548,0.010325001202613841,Biodegradable,11433.242096773454,9805.51059127856,4237.437580805029,48.1756274958569,0.5206722512883382
Whey Protein - Grade 20 - Grade 40,25912.028978552513,-1.4993871992992485,468.29338653060796,3,42,290,0.05644989490009578,0.9435501050999042,0.014013952297380523,Biodegradable,8182.655231771411,9303.910153873361,5035.269888170635,45.21132301154653,0.31526828597702344
Polylactic Acid (PLA) - Grade 1 - Grade 21 - Grade 41,22278.853285756577,2.885805879008347,33.73564493928078,0,2,400,0.35711371802678676,0.6428862819732133,0.09147995781131454,Biodegradable,7537.699423988403,5059.503158799295,5395.884535737953,51.562474161013455,0.6856476276451677
Poly(3-hydroxybutyrate) (PHB) - Grade 2 - Grade 22 - Grade 42,17267.465124825147,4.028252725263388,40.20170765281029,0,2,360,0.36275124017417093,0.6372487598258291,0.09214064195903336,Biodegradable,6819.07514075668,4999.172727228255,3242.973231796611,44.421136620628765,0.8356455257978133
Poly(3-hydroxyvalerate) (PHV) - Grade 3 - Grade 23 - Grade 43,13506.487602086783,3.717242303187279,42.076506141139326,0,2,380,0.3014219796567351,0.6985780203432649,0.046805282108380857,Biodegradable,5028.4306221024335,4941.831671483236,1655.3467974536804,30.96880751686626,0.8309244742700754
PHBV Copolymer - Grade 4 - Grade 24 - Grade 44,15325.483128164713,2.660294757933785,44.35450749608913,0,2,370,0.27947441834328024,0.7205255816567198,0.04804115329473641,Biodegradable,5697.177915583524,3992.837652014108,3696.146212103948,30.18469968400292,0.719726684259328
Polycaprolactone (PCL) - Grade 5 - Grade 25 - Grade 45,25260.346242887204,4.346564868821371,26.846841600497125,0,2,500,0.42068558807872575,0.5793144119212743,0.09518070431267507,Biodegradable,10251.999671905449,7415.167947500612,7131.696414513877,52.116036297240406,0.5794621172987566
Polybutylene Succinate (PBS) - Grade 6 - Grade 26 - Grade 46,17052.36649419723,3.22593987092346,50.849417797568236,0,4,450,0.27054123851587053,0.7294587614841295,0.10427367798789106,Biodegradable,7108.7766347906845,4340.829585978743,3930.518393549431,45.19320178014352,0.6072189712148939
Polybutylene Adipate Terephthalate (PBAT) - Grade 7 - Grade 27 - Grade 47,25247.508142010178,4.985077374034661,72.06381942595716,1,6,480,0.42666265406384696,0.573337345936153,0.11321668204263942,Biodegradable,11598.006239323684,7390.205267862053,6432.058954159069,42.06380947513031,0.38215129439739776
Polyglycolic Acid (PGA) - Grade 8 - Grade 28 - Grade 48,12848.125656605618,2.072513198104615,37.569407196375614,0,2,320,0.3454033178863473,0.6545966821136526,0.05420231149029142,Biodegradable,4730.593947395085,4851.0357697557265,2205.6699434108805,30.8598238525418,0.5046102558715219
PLGA (50:50) - Grade 9 - Grade 29 - Grade 49,14013.169321654777,4.273690596840854,36.294948290104095,0,2,360,0.20708357592653673,0.7929164240734633,0.058911089814583796,Biodegradable,6461.377877922764,4078.1804467009806,1914.7545378433879,40.20925891582598,0.41263684529896416
PLGA (75:25) - Grade 10 - Grade 30 - Grade 50,12052.29273551113,4.679862124142393,38.47720072401711,0,2,380,0.36546217385158547,0.6345378261484145,0.1083744139706951,Biodegradable,4431.896152012674,3750.46142009586,2754.60854005112,34.36801661268067,0.7927201220099729
Starch (Native) - Grade 11 - Grade 31 - Grade 51,42642.34920954482,-1.3293771289910574,250.5890355381256,5,30,200,0.06399179630602472,0.9360082036939753,0.012872005055839646,Biodegradable,13265.46333729563,11973.769390905783,7059.621765017451,54.738563660090854,0.8488523408027759
Modified Starch - Grade 12 - Grade 32 - Grade 52,53104.870325240394,-1.8755919736001665,265.0082884005942,5,28,220,0.1223299485602032,0.8776700514397968,0.022185780524258673,Biodegradable,21817.473766063922,15507.866734733574,14445.305571749264,68.68032981045673,0.6221539568520702
Thermoplastic Starch (TPS) - Grade 13 - Grade 33 - Grade 53,24074.65581247971,-3.8460090141374175,292.8038531842592,5,26,240,0.15211910670562231,0.8478808932943777,0.03209950692268233,Biodegradable,10053.105968383768,4887.993886350474,2997.9112004831845,52.749832301149716,0.7366584243077665
Cellulose - Grade 14 - Grade 34 - Grade 54,75778.63017059522,-2.391966690717218,407.68896590461793,6,36,180,0.18608356664897907,0.8139164333510209,0.009648151822715232,Biodegradable,36897.2249816818,19456.095246491113,14147.320095950383,89.37770410690335,0.3728788625442765
Cellulose Acetate - Grade 15 - Grade 35 - Grade 55,53925.8369091549,1.3553760656626435,186.13491607612056,6,24,200,0.5340255528620844,0.4659744471379156,0.09293404435320686,Biodegradable,24008.44400380442,15493.774326664516,9671.357266959198,73.52055368978633,0.665120785966343
Cellulose Acetate Butyrate (CAB) - Grade 16 - Grade 36 - Grade 56,74994.71925811388,3.0254121749028604,161.99712814764482,6,22,250,0.5089099005321112,0.49109009946788884,0.06382247106809515,Biodegradable,36264.036260753164,24505.229107866027,21569.28900506515,86.54837583357653,0.7216746128267076
Chitosan - Grade 17 - Grade 37 - Grade 57,32894.51043531374,-4.250658169794904,290.47695685618356,5,32,160,0.2241090408386357,0.7758909591613643,0.02591923888445258,Biodegradable,15844.280487839484,9539.749672270369,4296.909902829624,45.61345928422397,0.5716608777068405
Gelatin - Grade 18 - Grade 38 - Grade 58,29630.06818257445,-0.46610750613714325,446.6429878041561,3,45,300,0.08485037975720519,0.9151496202427948,0.006374003692775006,Biodegradable,12471.734876446535,7927.92204188562,3021.359237554998,56.14423119026632,0.44596385068241917
Soy Protein Isolate - Grade 19 - Grade 39 - Grade 59,21280.83210750819,-1.2393883252236935,540.4696304191727,4,48,320,0.053882842914541124,0.9461171570854588,0.009304047995693749,Biodegradable,8630.4928132798,5907.979227100692,3141.413498956545,38.34056998513804,0.8264247123248349
Whey Protein - Grade 20 - Grade 40 - Grade 60,30620.55738034825,-1.2374108657453515,421.8978770254098,3,42,290,0.05269031319657026,0.9473096868034298,0.013157716855142646,Biodegradable,12599.997838342442,7607.942834001349,8085.522668498416,59.210384108340484,0.7457452319722335
Polylactic Acid (PLA) - Grade 1 - Grade 21 - Grade 41 - Grade 61,22778.73197658841,2.7708660932851537,32.70301845129625,0,2,400,0.39103969952617657,0.6089603004738234,0.08885729736039163,Biodegradable,11290.64664348038,8767.50789155738,3231.4903065763897,41.209673220254075,0.839914369109517
Poly(3-hydroxybutyrate) (PHB) - Grade 2 - Grade 22 - Grade 42 - Grade 62,14414.239155567802,4.342322732003723,39.81930511915836,0,2,360,0.3106394156713411,0.6893605843286589,0.074249895473265,Biodegradable,6553.196549910139,4386.954157983091,2135.838719072965,39.61647645856019,0.7910415884986941
Poly(3-hydroxyvalerate) (PHV) - Grade 3 - Grade 23 - Grade 43 - Grade 63,13493.260207731979,4.119461858242712,40.91850935136388,0,2,380,0.31113841968796646,0.6888615803120335,0.05051968249374349,Biodegradable,4334.752763234367,2734.8394916144234,1699.8776948308985,30.39712224897186,0.8942246577473176
PHBV Copolymer - Grade 4 - Grade 24 - Grade 44 - Grade 64,10848.245513825494,2.5816878112515593,45.80523141469031,0,2,370,0.24348213398866714,0.7565178660113329,0.061331363175458134,Biodegradable,4943.390148487778,2211.8406598972065,2637.0700679071642,30.241645162515994,0.41530363992866937
Polycaprolactone (PCL) - Grade 5 - Grade 25 - Grade 45 - Grade 65,19935.405555894467,3.9470095834087386,29.514742467431862,0,2,500,0.42105495176354085,0.5789450482364591,0.10062799219031415,Biodegradable,6660.570700267759,7866.3580677979135,2269.343663934686,34.34968810115592,0.35204866068238444
Polybutylene Succinate (PBS) - Grade 6 - Grade 26 - Grade 46 - Grade 66,12622.94415127838,3.1436720418986117,53.39148667600913,0,4,450,0.23914823846369168,0.7608517615363083,0.12917762886719492,Biodegradable,4916.259444611861,3083.6612770667334,2098.4591956743684,34.51045998621863,0.5022016748023551
Polybutylene Adipate Terephthalate (PBAT) - Grade 7 - Grade 27 - Grade 47 - Grade 67,20780.814545398232,6.2700407938798275,65.80448058865947,1,6,480,0.47368559174663877,0.5263144082533613,0.11004359215613517,Biodegradable,7108.949046976642,7504.402198296825,3252.192183984107,47.20837134544833,0.37740250501395534
Polyglycolic Acid (PGA) - Grade 8 - Grade 28 - Grade 48 - Grade 68,13036.14720367714,1.5189609708046046,37.12430550008112,0,2,320,0.3316926106741282,0.6683073893258717,0.05614189777926275,Biodegradable,5708.745431393967,2759.166522631893,2751.0435121873306,35.839745033853454,0.6138780677437347
PLGA (50:50) - Grade 9 - Grade 29 - Grade 49 - Grade 69,11114.463236215784,4.418611728925089,39.53329581601531,0,2,360,0.19658935199799007,0.8034106480020099,0.05080768112403667,Biodegradable,5284.504332803068,4270.5385215558545,2735.0832685607575,30.716757017149366,0.6798173432446455
PLGA (75:25) - Grade 10 - Grade 30 - Grade 50 - Grade 70,13093.607524849036,4.552451489956211,37.77487000043664,0,2,380,0.29608084017158803,0.703919159828412,0.08601585751722424,Biodegradable,4688.459170888016,4908.576116783001,2704.8157315169146,27.02196632737681,0.6469731691040422
Starch (Native) - Grade 11 - Grade 31 - Grade 51 - Grade 71,48168.08713078949,-1.3739877167878924,236.65488997933113,5,30,200,0.05710819357070777,0.9428918064292923,0.014199567614638633,Biodegradable,15240.48624487217,15135.310467746664,13785.95694320952,74.34066248485212,0.4555440812341621
Modified Starch - Grade 12 - Grade 32 - Grade 52 - Grade 72,37801.44455856003,-1.8606001563365875,244.02538698444377,5,28,220,0.13700543627863512,0.8629945637213648,0.0179067379786503,Biodegradable,13597.127427166719,7628.321360590902,10973.32568876591,60.73925029299097,0.8452944185812781
Thermoplastic Starch (TPS) - Grade 13 - Grade 33 - Grade 53 - Grade 73,26281.041796417583,-4.021349778076811,277.763818768213,5,26,240,0.16564352555525524,0.8343564744447447,0.03895011566689316,Biodegradable,11418.38655705187,6611.316030439173,4528.041260886817,51.40078098317601,0.31270341824122705
Cellulose - Grade 14 - Grade 34 - Grade 54 - Grade 74,90792.79556579888,-2.506574716494014,399.305537807055,6,36,180,0.19859471933447773,0.8014052806655223,0.007940338037967152,Biodegradable,33207.64887998709,25545.872204516963,23200.834640311867,97.23603447151794,0.5088080122580958
Cellulose Acetate - Grade 15 - Grade 35 - Grade 55 - Grade 75,47233.02785181503,0.5204864796284434,200.75289927347643,6,24,200,0.6018347422860364,0.3981652577139636,0.08411371240127646,Biodegradable,16797.124306743997,13792.649818354661,11702.468047754677,68.95542493551868,0.7313954852388367
Cellulose Acetate Butyrate (CAB) - Grade 16 - Grade 36 - Grade 56 - Grade 76,64169.53601617317,3.90775564203422,158.09923127339246,6,22,250,0.5272906966176166,0.4727093033823834,0.05494082012416236,Biodegradable,21617.884925821305,16654.28876699821,17877.178307331375,71.40395445476767,0.7601573558094957
Chitosan - Grade 17 - Grade 37 - Grade 57 - Grade 77,35344.800962179426,-3.6273108015301103,286.7662025680605,5,32,160,0.20568420824321237,0.7943157917567876,0.03289337991945751,Biodegradable,14120.364105312137,7301.8673614891595,6700.9758573010195,59.34314684526587,0.549671126659116
Gelatin - Grade 18 - Grade 38 - Grade 58 - Grade 78,34316.462775139684,-1.5510463496575726,414.494802514752,3,45,300,0.09735623883052785,0.9026437611694722,0.006325935539512191,Biodegradable,12188.856370401814,10913.509586641523,7072.438953850517,56.15059542157154,0.31014588795382025
Soy Protein Isolate - Grade 19 - Grade 39 - Grade 59 - Grade 79,26318.671926414176,-1.407245861666979,488.8514631299651,4,48,320,0.04889711431180601,0.951102885688194,0.009536468034574383,Biodegradable,11743.44588868736,8022.74533283422,4820.392743558117,53.46355185927665,0.6708262074742425
Whey Protein - Grade 20 - Grade 40 - Grade 60 - Grade 80,33072.86387387622,-0.5643887620129929,401.4685427219218,3,42,290,0.04508933663275283,0.9549106633672472,0.01580186718836128,Biodegradable,10428.683616318373,8486.501073128517,8932.166406084698,58.84975564453477,0.3378568087099294
Polylactic Acid (PLA) - Grade 1 - Grade 21 - Grade 41 - Grade 61 - Grade 81,29399.172442461106,2.1266424034064912,31.21377091088384,0,2,400,0.3157083534734231,0.6842916465265769,0.1109453807107526,Biodegradable,12724.156062324353,6103.126892341856,4290.528840198905,40.416581886587366,0.3647134656921087
Poly(3-hydroxybutyrate) (PHB) - Grade 2 - Grade 22 - Grade 42 - Grade 62 - Grade 82,11108.342770660809,4.3927314431307485,40.42867169618729,0,2,360,0.2825644739834546,0.7174355260165455,0.07666352208751377,Biodegradable,3860.2824452826358,4431.327184005782,1643.3883983373262,28.95128429113779,0.6901504317877141
Poly(3-hydroxyvalerate) (PHV) - Grade 3 - Grade 23 - Grade 43 - Grade 63 - Grade 83,14719.153028204499,3.8848879981452447,36.9166449997851,0,2,380,0.26594688719741333,0.7340531128025867,0.06264497136039034,Biodegradable,5856.101171850422,4362.7162939166265,2568.8016105486545,28.504577697254955,0.4874929956857129
PHBV Copolymer - Grade 4 - Grade 24 - Grade 44 - Grade 64 - Grade 84,13281.876327774347,2.8451565175674545,46.69763735223708,0,2,370,0.25327175786075795,0.746728242139242,0.0674045177097779,Biodegradable,4744.525090940666,4664.606234058092,1940.0646345719783,27.97353014154021,0.5088180916249517
Polycaprolactone (PCL) - Grade 5 - Grade 25 - Grade 45 - Grade 65 - Grade 85,16052.442426454667,3.867958838373639,28.824915218815633,0,2,500,0.4242411091576777,0.5757588908423223,0.07327524909593039,Biodegradable,7136.173239798033,4662.637486558726,3406.3502311250645,38.05825351131225,0.592084246189946
Polybutylene Succinate (PBS) - Grade 6 - Grade 26 - Grade 46 - Grade 66 - Grade 86,10095.452312151516,3.546968665855455,55.9332804079833,0,4,450,0.199239053003527,0.8007609469964729,0.13717259581530533,Biodegradable,4937.296122685753,2106.2551849720103,1281.092922531456,33.34203455172204,0.8871470369156245
Polybutylene Adipate Terephthalate (PBAT) - Grade 7 - Grade 27 - Grade 47 - Grade 67 - Grade 87,17605.702790078423,5.508033173016313,63.90500420310023,1,6,480,0.5151891474333898,0.48481085256661016,0.09664831904615533,Biodegradable,8510.867080029093,4611.288298328114,2887.9909622691703,32.478503602025086,0.8792653324432262
Polyglycolic Acid (PGA) - Grade 8 - Grade 28 - Grade 48 - Grade 68 - Grade 88,13555.543603227687,1.1197414470960778,36.94648306300818,0,2,320,0.3534080171266137,0.6465919828733864,0.07085656812253027,Biodegradable,5648.39498069867,3578.962115493709,3832.002248187374,32.952393821604,0.5497565996160451
PLGA (50:50) - Grade 9 - Grade 29 - Grade 49 - Grade 69 - Grade 89,12665.411650743541,4.722395161090768,35.9865726138242,0,2,360,0.19630360915477815,0.8036963908452218,0.05375989747618421,Biodegradable,4971.4534801480495,4656.699257824126,2303.1429979948125,37.82710996556116,0.4592995303309693
PLGA (75:25) - Grade 10 - Grade 30 - Grade 50 - Grade 70 - Grade 90,11791.40026175579,3.7928614984631226,39.82160465604269,0,2,380,0.24948935227673874,0.7505106477232613,0.06408892469882553,Biodegradable,5467.201846766422,3901.1375591183987,2943.684674278794,35.287638986657754,0.48155529159846944
Starch (Native) - Grade 11 - Grade 31 - Grade 51 - Grade 71 - Grade 91,54762.93666543848,-0.38647403997250185,233.57020417685303,5,30,200,0.051315184860740166,0.9486848151392598,0.01691823657612025,Biodegradable,23913.07266331291,13969.257406842951,6718.998230213639,68.08572016094128,0.4612687788969625
Modified Starch - Grade 12 - Grade 32 - Grade 52 - Grade 72 - Grade 92,44592.45620783906,-1.884232482651092,253.5275633133952,5,28,220,0.12451849432582814,0.8754815056741718,0.018876180124208473,Biodegradable,15014.851807261586,17549.271551310103,6667.147518369456,67.58123794814429,0.6193474842850685
Thermoplastic Starch (TPS) - Grade 13 - Grade 33 - Grade 53 - Grade 73 - Grade 93,24088.791301230252,-4.681023722645514,280.0915321989768,5,26,240,0.19035395079354317,0.8096460492064568,0.04437722737872327,Biodegradable,11181.627712747799,6366.869079295547,6298.47516553458,45.21071841528649,0.6641158846805572
Cellulose - Grade 14 - Grade 34 - Grade 54 - Grade 74 - Grade 94,107492.92174151963,-2.6196973259983523,411.98615333490255,6,36,180,0.21386876348048595,0.7861312365195141,0.009603976946857249,Biodegradable,41468.2837435289,42959.202751929675,27152.560172136036,81.70136731861297,0.5932676329377997
Cellulose Acetate - Grade 15 - Grade 35 - Grade 55 - Grade 75 - Grade 95,40138.6651059624,-0.24278945122042983,220.33305257112596,6,24,200,0.7087348775900365,0.2912651224099635,0.06086939996430345,Biodegradable,13558.725954871175,16024.669195368457,7113.823129620773,49.153656513207366,0.5447966173488914
Cellulose Acetate Butyrate (CAB) - Grade 16 - Grade 36 - Grade 56 - Grade 76 - Grade 96,72084.53407823907,3.8788031883653273,171.54551769013653,6,22,250,0.4599188371037566,0.5400811628962434,0.05718060013821441,Biodegradable,25688.006365034405,17173.571032174365,20967.904609583456,67.84390194332892,0.42677102254196264
Chitosan - Grade 17 - Grade 37 - Grade 57 - Grade 77 - Grade 97,44156.01167039789,-3.403990935771567,313.7829193989499,5,32,160,0.24223564866812775,0.7577643513318723,0.032384470978653386,Biodegradable,15609.388835077907,11593.082409325232,12457.673893991094,57.0430220521708,0.5895033548292681
Gelatin - Grade 18 - Grade 38 - Grade 58 - Grade 78 - Grade 98,41770.87666855228,-1.6576825376404682,443.05758949522607,3,45,300,0.09031155981802423,0.9096884401819758,0.0075743543919673546,Biodegradable,16868.809100888342,12414.673787784022,12216.316848699795,69.15956077987042,0.5046616282814749
Soy Protein Isolate - Grade 19 - Grade 39 - Grade 59 - Grade 79 - Grade 99,19007.465426599698,-2.109825822849209,451.75417652041784,4,48,320,0.04062280724813397,0.9593771927518661,0.01065960901659895,Biodegradable,6593.195907097661,6326.067194644979,3527.46127851566,44.56969084907078,0.6249572776790058
Whey Protein - Grade 20 - Grade 40 - Grade 60 - Grade 80 - Grade 100,29895.387758217268,-0.31387209025432045,419.51590036551437,3,42,290,0.03725021892674964,0.9627497810732504,0.014050612658356613,Biodegradable,9707.429938423378,9136.31420018466,4170.248647079378,48.571123531640445,0.7051136493069744
Ethylene,28.1,1.13,0.0,0,0,0,0.15,0.85,0.2,Monomer,9.125142580449335,11.068261056523285,6.331821551693336,1.5260127767611693,0.6799873046619664
Propylene,42.1,1.77,0.0,0,0,0,0.18,0.82,0.22,Monomer,17.541185579911193,14.515988762864522,9.975789992710851,1.6974440379091618,0.577494126243356
1-Butene,56.1,2.4,0.0,0,0,1,0.2,0.8,0.24,Monomer,25.073999220890027,13.599143210076972,7.017456821534835,2.338913558697351,0.6336314545679766
Isobutylene,56.1,2.35,0.0,0,0,0,0.19,0.81,0.23,Monomer,20.437600359166183,12.399194513397024,14.434339644800065,2.4240277568597035,0.47091367857645583
"1,3-Butadiene",54.1,1.99,0.0,0,0,1,0.25,0.75,0.45,Monomer,16.604920680187664,18.26850196547524,5.605411577802774,1.9015318673212702,0.3145441554134338
Styrene,104.2,2.95,0.0,1,0,1,0.35,0.65,0.55,Monomer,33.9113666437673,24.142148853367104,20.480059595016165,2.4066948390363643,0.6750116725008626
Alpha-methylstyrene,118.2,3.43,0.0,1,0,1,0.37,0.63,0.52,Monomer,57.08337940636803,42.26068050553723,19.645224374459314,3.293999705710271,0.4515411354826122
Vinyl Chloride,62.5,1.62,0.0,0,0,0,0.4,0.6,0.75,Monomer,24.919295744868162,16.387958340754214,15.50378824873855,2.339242819217964,0.7013722260409647
Vinylidene Chloride,97.0,2.13,0.0,0,0,0,0.45,0.55,0.78,Monomer,37.899312506534386,25.741729303278767,15.76755811198323,2.73181918957107,0.7482050997581757
Vinyl Acetate,86.1,0.73,26.3,0,2,2,0.28,0.72,0.35,Monomer,26.48520685049976,17.405948316947395,22.84761848208938,2.8327938684796945,0.8495566476622687
Acrylonitrile,53.1,0.25,23.8,0,1,1,0.32,0.68,0.68,Monomer,23.668125177005468,18.06473965654933,11.628406050852208,2.146155810435935,0.8748736772877679
Methacrylonitrile,67.1,0.74,23.8,0,1,1,0.34,0.66,0.66,Monomer,27.216673646108497,14.940080086128082,17.364048914847004,2.1287535625272644,0.30631562778582083
Methyl Methacrylate,100.1,1.38,26.3,0,2,3,0.38,0.62,0.4,Monomer,34.075660340452146,35.49306916081963,29.816599569549265,2.770042922599174,0.8942245256127825
Ethyl Acrylate,100.1,1.32,26.3,0,2,4,0.36,0.64,0.42,Monomer,32.233676678824764,29.86719379478248,23.606750081786007,2.8051455679633417,0.7098109910964966
Butyl Acrylate,128.2,2.36,26.3,0,2,6,0.4,0.6,0.38,Monomer,48.29006482352443,45.74893445543515,38.07412611151255,3.7656787169398664,0.6861144962245136
Acrylic Acid,72.1,0.36,37.3,0,2,1,0.22,0.78,0.45,Monomer,33.701875523692266,22.84022069523143,7.625819834210991,2.903095683017329,0.30912785711721324
Methacrylic Acid,86.1,0.93,37.3,0,2,1,0.24,0.76,0.43,Monomer,40.730372309441634,18.639500944167022,14.43277060169118,3.099699421151433,0.8167400471320425
Terephthalic Acid,166.1,1.53,74.6,1,4,2,0.48,0.52,0.28,Monomer,69.85655675674305,58.65497062534619,20.19288544875991,4.046614433341413,0.3872948683486958
Isophthalic Acid,166.1,1.66,74.6,1,4,2,0.47,0.53,0.27,Monomer,73.99876011258533,35.53873888820359,25.32376982059108,3.8469231559559094,0.8023980923598246
Ethylene Glycol,62.1,-1.36,40.5,0,2,1,0.12,0.88,0.65,Monomer,20.06023487954365,18.365475369471106,16.62898770714212,2.447080322184564,0.3093375277552296
Propylene Glycol,76.1,-0.92,40.5,0,2,2,0.1,0.9,0.15,Monomer,31.78127871642075,17.84315503928634,8.101960098263095,2.9605842332603403,0.6875785574994968
"1,4-Butanediol",90.1,-0.51,40.5,0,2,3,0.15,0.85,0.2,Monomer,39.04872197683901,31.577079907161487,18.383696501897735,2.4661190487529097,0.5608809202618967
"1,6-Hexanediol",118.2,0.3,40.5,0,2,5,0.18,0.82,0.18,Monomer,40.204851606482045,45.19001662533684,25.226922646065297,3.1825608427428045,0.42046003743560106
Lactic Acid,90.1,-0.72,57.5,0,3,1,0.08,0.92,0.1,Monomer,42.89038828704287,28.0053534637161,19.12194366302865,2.9479543545946205,0.3645368350622605
"Lactide (D,L)",144.1,-0.15,52.6,1,4,0,0.18,0.82,0.08,Monomer,48.84980597535579,44.012385021702386,28.108061667586227,3.71376237545439,0.5640766179277958
Caprolactone,114.1,0.75,26.3,1,2,0,0.22,0.78,0.12,Monomer,41.383553351695994,40.2536401401506,29.451559656045816,2.778013617415538,0.37398348319285485
Succinic Acid,118.1,-0.59,74.6,0,4,3,0.1,0.9,0.08,Monomer,50.08755272669409,23.739961562486677,14.964287774121118,3.2459787581661694,0.5918679670146285
Adipic Acid,146.1,0.08,74.6,0,4,5,0.15,0.85,0.1,Monomer,62.482588903119954,56.0369075377994,23.685060394394004,3.9022775175937583,0.6751302351917114
Bisphenol A,228.3,3.32,40.5,2,2,2,0.65,0.35,0.72,Monomer,100.4239072734832,54.67551298838108,50.94405160030659,4.318285837527325,0.796430516164415
Phenol,94.1,1.46,20.2,1,1,0,0.42,0.58,0.58,Monomer,30.33806043994363,37.341117393609785,22.413704713162925,3.1288263637167657,0.70718966230972
Ethylene - Isomer/Analog 1,28.3219410631494,0.9348245475329429,0.0,0,0,0,0.1673689986706284,0.8326310013293716,0.20926905505458437,Monomer,13.308278622880488,9.834816396959335,5.121447719425748,1.450177869802914,0.33911986002369027
Propylene - Isomer/Analog 2,39.8515187774256,2.083063772785966,0.0,0,0,0,0.1999853391906502,0.8000146608093498,0.17787170815483408,Monomer,16.202409132764423,14.141320585692444,10.96212674528336,2.14217992824091,0.48445951952870236
1-Butene - Isomer/Analog 3,60.30415276751671,2.614019877061634,0.0,0,0,1,0.22987604663200023,0.7701239533679998,0.2256683342833642,Monomer,23.775778125129435,19.97518350849329,11.04161073040064,2.272151704321123,0.4727871647595002
Isobutylene - Isomer/Analog 4,59.09785260180725,2.3641051639371238,0.0,0,0,0,0.1888529103573228,0.8111470896426772,0.24173050261609008,Monomer,29.3255083408387,17.394426771148783,10.670426184029425,2.304364622208929,0.8490194540826506
"1,3-Butadiene - Isomer/Analog 5",58.14318637549619,1.4854539024600313,0.0,0,0,1,0.23040828593262266,0.7695917140673774,0.37988534036365107,Monomer,26.052546574131693,18.275888377597887,6.235359748111089,1.7885702978512104,0.8206692266356581
Styrene - Isomer/Analog 6,101.17032576523378,2.422420300001756,0.0,1,0,1,0.3286123526478789,0.6713876473521211,0.49139370523098025,Monomer,32.738839360638735,21.172984171966213,21.26886228162487,2.520632531311653,0.5220887510102502
Alpha-methylstyrene - Isomer/Analog 7,107.3750830030036,2.8498965096677322,0.0,1,0,1,0.3387261815530221,0.661273818446978,0.6135919262616469,Monomer,48.45921607608924,34.87455742375591,25.956441071871158,3.150366477809562,0.34269315352954866
Vinyl Chloride - Isomer/Analog 8,66.0793126801944,1.257781250506088,0.0,0,0,0,0.3901096930941914,0.6098903069058086,0.8637354922686495,Monomer,21.082590622148007,21.490288985974544,8.120330305934845,2.2714031777500012,0.8364643906828402
Vinylidene Chloride - Isomer/Analog 9,105.62780123245336,2.822916826621856,0.0,0,0,0,0.5163077645284919,0.4836922354715081,0.6962815708316344,Monomer,32.26867139310906,39.95267638372313,17.015218424486946,2.9765582220816387,0.8329139717785123
Vinyl Acetate - Isomer/Analog 10,93.72384115060686,0.5308309259360002,26.693570686849927,0,2,2,0.2890498907698242,0.7109501092301758,0.3517763915423112,Monomer,35.68302620369152,28.22317945423825,24.016864641890894,2.306150345492745,0.8128476792184351
Acrylonitrile - Isomer/Analog 11,50.2397134004426,0.09473990472753277,23.053723063903327,0,1,1,0.34684010946240834,0.6531598905375917,0.6392340704933507,Monomer,25.055330548807373,10.823084928996566,8.70070885261022,2.319602215414791,0.807048982641301
Methacrylonitrile - Isomer/Analog 12,61.16624871948078,0.5603226810321993,24.916464259735132,0,1,1,0.37914616026626946,0.6208538397337305,0.7729266027635363,Monomer,20.489273483511585,15.979020909715626,9.072208128824077,2.5146259181100836,0.5881524006516928
Methyl Methacrylate - Isomer/Analog 13,110.00805460938163,1.267980219487029,26.979167191101762,0,2,3,0.40234635045813233,0.5976536495418676,0.34462334501437686,Monomer,47.801675517891844,36.42651415615405,25.790302922124848,2.646691990366621,0.40645899134975894
Ethyl Acrylate - Isomer/Analog 14,106.42297916231216,0.9679289378963625,25.575278703930415,0,2,4,0.3301723024008433,0.6698276975991567,0.4262117030460935,Monomer,35.617558936829795,26.377124025461942,14.83022897546174,3.1380303970919488,0.5864928302774566
Butyl Acrylate - Isomer/Analog 15,130.58297992934126,2.1079669764249984,27.292722068717897,0,2,6,0.3718720051106448,0.6281279948893552,0.3236862680349863,Monomer,58.10386257961016,33.443027772061384,36.4497034372513,3.7187948475113837,0.596758662401679
Acrylic Acid - Isomer/Analog 16,77.70574731171064,0.40940934823114217,38.999580088396975,0,2,1,0.2439004227395197,0.7560995772604803,0.5057128934504781,Monomer,31.165501082940107,28.29218107482698,9.411695186796916,2.6880686341997206,0.5939590519469164
Methacrylic Acid - Isomer/Analog 17,88.77326690660395,0.6748330624013414,36.9585304847537,0,2,1,0.2308335732248866,0.7691664267751134,0.38867765080677613,Monomer,38.70464209372201,28.12904768263403,21.421873526832723,2.5136064805382303,0.6232635516690697
Terephthalic Acid - Isomer/Analog 18,173.52201617673478,1.5614205895914393,74.56923298368763,1,4,2,0.4196706550907013,0.5803293449092988,0.2486605186183789,Monomer,59.09719735558351,52.3525442838524,34.68874118280973,4.040107359115469,0.4545942137946931
Isophthalic Acid - Isomer/Analog 19,172.18785612877178,0.6157573513719747,75.28936207355999,1,4,2,0.515780016195446,0.484219983804554,0.2535633944534369,Monomer,77.33398564774677,45.40428351461081,47.17704687931297,3.34929677651847,0.519744708680169
Ethylene Glycol - Isomer/Analog 20,64.31096061478358,-1.6210669726430535,40.76621445418295,0,2,1,0.11161301772609916,0.8883869822739008,0.748443796452341,Monomer,32.09913181057983,22.263528949182803,8.054241567231825,2.1467084771633376,0.5605119551780817
Propylene Glycol - Isomer/Analog 21,80.62682404885744,-0.6401010072048297,41.9875415138872,0,2,2,0.10625088930145105,0.8937491106985489,0.17022079970182033,Monomer,34.921904373057856,20.764929528419554,18.99398526832547,2.3225799218691057,0.3786727257098999
"1,4-Butanediol - Isomer/Analog 22",93.65843573928049,-0.383494522826322,41.229570125629216,0,2,3,0.15533751201968327,0.8446624879803167,0.2202173311646113,Monomer,37.34124365940992,32.5381303684651,20.08139210655339,2.857332790530446,0.5732184807369003
"1,6-Hexanediol - Isomer/Analog 23",110.12942468912827,0.18890298942081102,41.486208437981006,0,2,5,0.16168103438660864,0.8383189656133914,0.2028936257365725,Monomer,53.37255145765998,23.56993207616759,21.58735270167644,2.554690845911544,0.7862817702417558
Lactic Acid - Isomer/Analog 24,96.08505788679851,-0.97006769618378,57.5429394691248,0,3,1,0.06815326092120401,0.931846739078796,0.09148152532699652,Monomer,29.130142401731998,35.830912547648694,19.05188485926409,3.3201317323342763,0.7968357256397258
"Lactide (D,L) - Isomer/Analog 25",147.4698337875889,-0.14260737047142472,51.33656683639748,1,4,0,0.187236307967379,0.812763692032621,0.08127953215090739,Monomer,65.76929014962306,44.228163421498266,36.04094788973844,3.2721339061283254,0.5469382631406182
Caprolactone - Isomer/Analog 26,120.4860719173491,0.7769868444380369,25.266359080114903,1,2,0,0.23722784156513382,0.7627721584348661,0.12198079577645328,Monomer,57.562136923429236,34.664036070735065,34.6455688870091,2.8124787305193597,0.6112849872506121
Succinic Acid - Isomer/Analog 27,129.03587113114946,-0.22730541676806026,77.82292966710472,0,4,3,0.08807529183972038,0.9119247081602796,0.09399131159156644,Monomer,40.30240806418107,41.575961864197716,15.25853457843276,3.2746495823682493,0.320190199281034
Adipic Acid - Isomer/Analog 28,151.59002080562976,-0.35244827441908455,71.37606446092457,0,4,5,0.1410433605126067,0.8589566394873933,0.10832688354581128,Monomer,59.122053633127585,49.24226202453692,15.750283431971702,3.237183283807533,0.7046595338811582
Bisphenol A - Isomer/Analog 29,208.54522846306415,2.777012329705788,40.98970784695828,2,2,2,0.56141969659344,0.43858030340655996,0.8270026001718844,Monomer,71.1022215978865,47.21610691854987,54.45970085066207,4.226988133252679,0.5427635297681179
Phenol - Isomer/Analog 30,103.0110623999186,1.7495044883189688,21.1471332676771,1,1,0,0.45145613079960845,0.5485438692003916,0.49418000771030657,Monomer,42.57484634118666,36.1822975818782,12.529634946142309,2.752349355138367,0.5672866098500076
Ethylene - Isomer/Analog 1 - Isomer/Analog 31,29.784844065925878,0.8955130254332441,0.0,0,0,0,0.17657238776370435,0.8234276122362957,0.20474069924756508,Monomer,12.804760367003798,7.600665078748968,8.856206448913406,1.3435933428741473,0.8242036363078589
Propylene - Isomer/Analog 2 - Isomer/Analog 32,38.04725454554868,1.4724917005983147,0.0,0,0,0,0.19555654199736489,0.8044434580026352,0.1744129589464461,Monomer,13.716972618119502,14.495713910878347,8.517625550650216,1.6138785809144118,0.5771006607363651
1-Butene - Isomer/Analog 3 - Isomer/Analog 33,56.24717667267449,2.8086107774779223,0.0,0,0,1,0.2010758683622743,0.7989241316377257,0.2419615250187683,Monomer,22.048687049917536,20.449793485926524,12.946597092100737,2.111697853659544,0.31271534773671167
Isobutylene - Isomer/Analog 4 - Isomer/Analog 34,60.92410879518981,2.6602978337141114,0.0,0,0,0,0.21439697912884076,0.7856030208711593,0.20799052213460165,Monomer,21.68093447691323,16.40401175634651,8.515870829170249,1.8298804889717524,0.43649453452143744
"1,3-Butadiene - Isomer/Analog 5 - Isomer/Analog 35",57.35633232067319,1.4510768123676407,0.0,0,0,1,0.2233297561620354,0.7766702438379646,0.34557640648176563,Monomer,21.444284173163545,20.737059129991813,8.492319778092277,2.422928232596435,0.5853723685849554
Styrene - Isomer/Analog 6 - Isomer/Analog 36,110.96316102667127,2.6124005506928287,0.0,1,0,1,0.3674641125971757,0.6325358874028243,0.43831426251428446,Monomer,36.829559888842525,30.101875477772467,25.729034873824446,3.1890579162570907,0.5546377756491214
Alpha-methylstyrene - Isomer/Analog 7 - Isomer/Analog 37,101.214001759308,2.8721583738077787,0.0,1,0,1,0.37575148515867873,0.6242485148413213,0.6070166522785043,Monomer,48.29040354400198,22.28626411720326,28.536818930963108,3.02196937490824,0.8162220823682884
Vinyl Chloride - Isomer/Analog 8 - Isomer/Analog 38,72.26689266379219,1.1889604696869822,0.0,0,0,0,0.43325073436976297,0.5667492656302371,0.9592980997910633,Monomer,21.82475205221718,28.35591335326941,21.425551817828072,2.4992285622335872,0.6252825055837
Vinylidene Chloride - Isomer/Analog 9 - Isomer/Analog 39,111.35117698357168,2.9608955343684995,0.0,0,0,0,0.4591904246698208,0.5408095753301791,0.5660842084050358,Monomer,53.05681339339786,36.80383589593234,15.545313495665798,3.156232941886494,0.7137814451490727
Vinyl Acetate - Isomer/Analog 10 - Isomer/Analog 40,101.61253651805731,0.7130852240808515,27.004952028480183,0,2,2,0.3147641122395772,0.6852358877604228,0.3491763913386703,Monomer,42.10170913600017,29.591593265385715,12.886900663883056,3.4158564889110483,0.5815939782260822
Acrylonitrile - Isomer/Analog 11 - Isomer/Analog 41,46.39444801899747,0.20723328622944542,22.89305220408589,0,1,1,0.31567909849064635,0.6843209015093537,0.6370848496530255,Monomer,16.995750928051923,12.96978461998934,5.162786774066522,1.5797529515977748,0.563793440435499
Methacrylonitrile - Isomer/Analog 12 - Isomer/Analog 42,55.83510781056293,0.3331028259627066,25.12070801034718,0,1,1,0.35287058115488473,0.6471294188451153,0.8649231406742863,Monomer,24.824926853823527,14.793013031107595,15.279802305181907,1.766894117742215,0.5677720010846108
Methyl Methacrylate - Isomer/Analog 13 - Isomer/Analog 43,105.83571221363131,1.1849105675481157,25.825664501375115,0,2,3,0.3893699028889813,0.6106300971110187,0.3418579266605084,Monomer,42.49837578816719,41.94158349524582,16.82184236476026,2.6033086156513825,0.5465529418163033
Ethyl Acrylate - Isomer/Analog 14 - Isomer/Analog 44,108.5518761039729,0.9603122239810163,25.04244994253364,0,2,4,0.34948558788150114,0.6505144121184989,0.4876070551305146,Monomer,43.40139907465528,24.63578890676247,10.894527545611531,2.6073980879334857,0.623150031512522
Butyl Acrylate - Isomer/Analog 15 - Isomer/Analog 45,137.8917351425146,2.1007138832955596,26.214468984900822,0,2,6,0.34309413395679883,0.6569058660432012,0.38669666747773473,Monomer,44.40506264360518,36.26015018974266,19.961706362770986,2.9575552908284246,0.4502660410521622
Acrylic Acid - Isomer/Analog 16 - Isomer/Analog 46,72.14971711048958,0.23810793233927022,38.995243933544984,0,2,1,0.25254589280430595,0.747454107195694,0.546668551880968,Monomer,27.26560934953954,21.435646902938796,12.12751723544147,2.6206801414587098,0.8346331163050926
Methacrylic Acid - Isomer/Analog 17 - Isomer/Analog 47,89.83230860656623,0.41193746200908704,36.40646957310303,0,2,1,0.19850785491449932,0.8014921450855007,0.3231588029166771,Monomer,31.280765924178343,26.554422250336682,26.78774594126966,2.691717802816383,0.4998513288563238
Terephthalic Acid - Isomer/Analog 18 - Isomer/Analog 48,169.9447999898565,1.5727186595418206,71.83042253288751,1,4,2,0.4281741287012942,0.5718258712987059,0.26750550161265396,Monomer,51.51692750440083,50.01021658089386,34.78911428986814,4.503527305980415,0.3885143005064081
Isophthalic Acid - Isomer/Analog 19 - Isomer/Analog 49,182.53933198885522,0.46771850646277,72.31217856910067,1,4,2,0.5368904150911957,0.4631095849088043,0.2745052688855401,Monomer,67.90826880713664,42.92535846099702,25.72760264744778,3.4741259971516145,0.35793028715864705
Ethylene Glycol - Isomer/Analog 20 - Isomer/Analog 50,58.28613161647617,-1.7545619690552114,42.54448665197406,0,2,1,0.09661126660821627,0.9033887333917837,0.760806990841262,Monomer,18.53291637649744,13.346737593417805,9.731666383163397,2.0371358923316665,0.30805374907207655
Propylene Glycol - Isomer/Analog 21 - Isomer/Analog 51,83.9980011923238,-0.5221220617897264,43.25442355526705,0,2,2,0.10113332135559996,0.8988666786444001,0.1916567127530795,Monomer,29.514042320710075,21.079593842504135,13.94883722587966,3.158185939896025,0.553713647140117
"1,4-Butanediol - Isomer/Analog 22 - Isomer/Analog 52",85.79327840372873,-0.17906099871913628,42.857382226410614,0,2,3,0.15755537641053116,0.8424446235894688,0.2481671183988606,Monomer,27.325444368745323,32.85069506487196,8.91779513198019,3.0286714097419183,0.4125665931272548
"1,6-Hexanediol - Isomer/Analog 23 - Isomer/Analog 53",109.0791927102902,0.30930607752824796,42.44698555514041,0,2,5,0.14138828520811714,0.8586117147918828,0.16721292184589948,Monomer,34.925884018398335,24.282183835036196,13.857050954455225,2.9785299752791516,0.31298874155234874
Lactic Acid - Isomer/Analog 24 - Isomer/Analog 54,91.22513780689467,-0.3153155889306538,55.58385948270597,0,3,1,0.07575473964725625,0.9242452603527438,0.08120683223620795,Monomer,30.99850789369921,32.064269448105534,21.806392348547615,2.817403246582641,0.6120117277737143
"Lactide (D,L) - Isomer/Analog 25 - Isomer/Analog 55",161.50498782377605,-0.4520802445324721,52.823779513829926,1,4,0,0.1961510653465289,0.8038489346534711,0.08122087162188481,Monomer,80.74762435841036,56.77056636654046,20.034725606758318,4.172212076849659,0.7079871291904569
Caprolactone - Isomer/Analog 26 - Isomer/Analog 56,121.82017927332335,0.618197373174171,25.82020216419758,1,2,0,0.21790241288476722,0.7820975871152328,0.14619807819703118,Monomer,36.59926831688272,44.09331100926386,17.803636115463927,3.161930296202027,0.3514506305466626
Succinic Acid - Isomer/Analog 27 - Isomer/Analog 57,141.2889409880941,-0.5656535829184521,79.22551865058034,0,4,3,0.07677166684612363,0.9232283331538764,0.07634547682760799,Monomer,60.434158375533514,53.31158089820827,24.0399543901234,3.0278449484729455,0.5765524637517958
Adipic Acid - Isomer/Analog 28 - Isomer/Analog 58,144.24344961120073,-0.18316505801106367,71.10928183601123,0,4,5,0.15662607803676523,0.8433739219632348,0.11817029049212534,Monomer,47.3477305311989,36.436939046392055,36.28400541831259,3.9225192686621058,0.746177207160448
Bisphenol A - Isomer/Analog 29 - Isomer/Analog 59,218.66828584568927,2.2177128712130596,40.46109950407393,2,2,2,0.6435525176284262,0.35644748237157375,0.6748702423730735,Monomer,105.86292106487802,53.55446401222732,47.3373527170785,4.333262056135567,0.8914840926050551
Phenol - Isomer/Analog 30 - Isomer/Analog 60,110.5727232698796,1.479024264508297,21.313509202674034,1,1,0,0.44314239719658144,0.5568576028034186,0.5387071406546098,Monomer,35.242465781671385,32.4089905030767,26.29419326160639,2.614243238935004,0.7003142067855366
Ethylene - Isomer/Analog 1 - Isomer/Analog 31 - Isomer/Analog 61,29.705431365746087,0.4056273412706491,0.0,0,0,0,0.19841598193223497,0.801584018067765,0.18104500895086922,Monomer,14.585742200749653,7.516003894782477,6.33921227983481,1.5768725186882686,0.44690373048571236
Propylene - Isomer/Analog 2 - Isomer/Analog 32 - Isomer/Analog 62,38.98296272663595,1.300661173233757,0.0,0,0,0,0.20923257496479086,0.7907674250352091,0.14870921086306876,Monomer,16.45803293638814,13.521708331392176,9.227987879190552,1.7398055610366967,0.7299321838673998
1-Butene - Isomer/Analog 3 - Isomer/Analog 33 - Isomer/Analog 63,58.675085656443926,2.905750815759706,0.0,0,0,1,0.1858281489994602,0.8141718510005398,0.2778444096237502,Monomer,17.617406601260246,19.197778958814048,5.900861287580865,2.544557828499639,0.658757656091898
Isobutylene - Isomer/Analog 4 - Isomer/Analog 34 - Isomer/Analog 64,60.25766307624126,2.5728508400160646,0.0,0,0,0,0.20534299701999004,0.79465700298001,0.21572368058372418,Monomer,28.85145582683346,22.596475275755445,17.244515655990483,1.9056805178831706,0.42707957314892864
"1,3-Butadiene - Isomer/Analog 5 - Isomer/Analog 35 - Isomer/Analog 65",53.496525004275874,1.5633608290408325,0.0,0,0,1,0.23383094448413264,0.7661690555158673,0.3214123307127504,Monomer,21.63091118665299,11.584547345116674,6.536421881322416,2.428296395265473,0.810666495508533
Styrene - Isomer/Analog 6 - Isomer/Analog 36 - Isomer/Analog 66,117.03224952307716,2.586347117553771,0.0,1,0,1,0.4192568246199552,0.5807431753800447,0.4302123812787337,Monomer,41.25784085839473,44.82530210540971,21.212074066086444,3.1381829645072705,0.5564426563365605
Alpha-methylstyrene - Isomer/Analog 7 - Isomer/Analog 37 - Isomer/Analog 67,95.8709239858641,2.243611117003783,0.0,1,0,1,0.3679607504705576,0.6320392495294425,0.546002803870814,Monomer,43.47322993646669,24.79890557494198,24.37112459537221,2.7183984834693713,0.8771865928404756
Vinyl Chloride - Isomer/Analog 8 - Isomer/Analog 38 - Isomer/Analog 68,73.96003349839515,1.2652126373608428,0.0,0,0,0,0.3899744329948824,0.6100255670051176,0.8317571981023909,Monomer,35.89525313097491,22.0503607521256,13.833939046541026,2.14692570393688,0.7337406044686668
Vinylidene Chloride - Isomer/Analog 9 - Isomer/Analog 39 - Isomer/Analog 69,101.03274059535792,3.21501923736401,0.0,0,0,0,0.5066023570561113,0.49339764294388866,0.6352982270313466,Monomer,40.083544071276414,29.06937120496108,29.235693640989975,3.1346983012207166,0.6867378927790933
Vinyl Acetate - Isomer/Analog 10 - Isomer/Analog 40 - Isomer/Analog 70,103.34715121190543,1.0798354985469156,27.99946685485293,0,2,2,0.2869869231255037,0.7130130768744962,0.2949729885994547,Monomer,37.52645589131449,36.38463887735356,19.999512274294126,3.435679670040096,0.7370117024859372
Acrylonitrile - Isomer/Analog 11 - Isomer/Analog 41 - Isomer/Analog 71,44.257980083031676,0.22174882171518645,23.89257589471685,0,1,1,0.27205321375194896,0.7279467862480511,0.5407856302057091,Monomer,20.26081754125289,12.572216664020191,12.17040816570769,1.8247264802684628,0.586858211290933
Methacrylonitrile - Isomer/Analog 12 - Isomer/Analog 42 - Isomer/Analog 72,55.30131332871412,0.12683979056082917,26.210632773177455,0,1,1,0.33340865053129526,0.6665913494687048,0.8674261620554632,Monomer,24.131120685848767,21.496208295713192,14.498103243426826,1.9248296631806114,0.6031358866810044
Methyl Methacrylate - Isomer/Analog 13 - Isomer/Analog 43 - Isomer/Analog 73,96.13211962153922,1.226713345634495,26.775837945194336,0,2,3,0.38408302148400564,0.6159169785159944,0.3439905770582047,Monomer,45.92716790282602,36.5789229579686,28.47407048370082,2.892490292348134,0.8107244312668465
Ethyl Acrylate - Isomer/Analog 14 - Isomer/Analog 44 - Isomer/Analog 74,108.30973117635563,1.0960726915274168,25.460318924213276,0,2,4,0.31170457995934575,0.6882954200406542,0.39593177766021426,Monomer,47.49412066451151,40.55465421772671,30.901801328672967,3.360231170944722,0.7085571219861018
Butyl Acrylate - Isomer/Analog 15 - Isomer/Analog 45 - Isomer/Analog 75,132.59476041793164,1.8191735102338051,26.66911289933801,0,2,6,0.3914613539053112,0.6085386460946888,0.3238817715300046,Monomer,46.23654447565166,28.408648392640938,37.076778979670806,2.664280340976699,0.8383459951149852
Acrylic Acid - Isomer/Analog 16 - Isomer/Analog 46 - Isomer/Analog 76,74.6403559110124,0.4313883801920607,38.775896541602314,0,2,1,0.28043773709753306,0.7195622629024669,0.47607172905006273,Monomer,36.29998237126372,27.680496333049998,18.385477263584168,2.6250607925442297,0.8344960521445612
Methacrylic Acid - Isomer/Analog 17 - Isomer/Analog 47 - Isomer/Analog 77,93.29311540376912,0.40267117133761304,36.835509769569,0,2,1,0.22047701605534042,0.7795229839446596,0.3322860673958988,Monomer,29.94402531363652,33.24286424383581,16.176991641589627,2.8959107264566906,0.8858940204265495
Terephthalic Acid - Isomer/Analog 18 - Isomer/Analog 48 - Isomer/Analog 78,153.98314454736263,2.173740839696452,74.92594522171379,1,4,2,0.45251926414785193,0.5474807358521481,0.28639282233413005,Monomer,54.446676808232915,33.98447872574624,18.66661958814201,3.3216043781660964,0.7201287953072006
Isophthalic Acid - Isomer/Analog 19 - Isomer/Analog 49 - Isomer/Analog 79,172.15923843902448,0.14084057697437424,73.40577717323677,1,4,2,0.473525485713882,0.526474514286118,0.29183701599849066,Monomer,69.55903303287359,38.1303213807132,40.927245394430365,3.714093151057991,0.6013810305970453
Ethylene Glycol - Isomer/Analog 20 - Isomer/Analog 50 - Isomer/Analog 80,64.10791044674492,-1.26522421337065,40.62237796375209,0,2,1,0.1104413873073254,0.8895586126926746,0.7324769611317783,Monomer,26.486080962686152,14.118662203192567,18.95868468562563,2.0774048610373246,0.3997870201254494
Propylene Glycol - Isomer/Analog 21 - Isomer/Analog 51 - Isomer/Analog 81,90.22651094502125,-0.41994205605976886,44.285821864604586,0,2,2,0.11261748212535531,0.8873825178746447,0.1843078524179073,Monomer,27.34423744587981,18.249802257964284,22.1344477380271,3.060010148578341,0.7232283357884504
"1,4-Butanediol - Isomer/Analog 22 - Isomer/Analog 52 - Isomer/Analog 82",82.82539997880517,0.2514934660378792,43.57564360478229,0,2,3,0.172106211388234,0.827893788611766,0.27420333683740844,Monomer,37.777869639374664,25.653251149728085,23.66701629437227,2.7685674004508987,0.47494663005595844
"1,6-Hexanediol - Isomer/Analog 23 - Isomer/Analog 53 - Isomer/Analog 83",115.57624718941135,0.6962330360408602,40.834887481074716,0,2,5,0.14327535638945926,0.8567246436105407,0.13415550645584337,Monomer,43.031517520790004,45.61550128583708,30.149328782972205,3.144049723728641,0.4697685408223987
Lactic Acid - Isomer/Analog 24 - Isomer/Analog 54 - Isomer/Analog 84,88.02470143876869,-0.39373556641719065,54.841601154581525,0,3,1,0.07339511643263137,0.9266048835673686,0.08755614130074547,Monomer,33.56238457780923,25.327958287455594,11.674094259362349,2.5919603320311344,0.4429726658688409
"Lactide (D,L) - Isomer/Analog 25 - Isomer/Analog 55 - Isomer/Analog 85",157.9053033242978,-0.9178983648772834,52.15424757255545,1,4,0,0.18010215939712226,0.8198978406028777,0.06735471198856466,Monomer,72.93233968044227,48.658756136942074,23.660649729384968,3.3248011478768995,0.8250732344108702
Caprolactone - Isomer/Analog 26 - Isomer/Analog 56 - Isomer/Analog 86,124.34060451158186,0.5271365775010116,26.254531010727174,1,2,0,0.22571358329834643,0.7742864167016535,0.14406323794139067,Monomer,46.734246595195756,48.939710838182236,20.935615568127456,3.6345127140043942,0.820778668009295
Succinic Acid - Isomer/Analog 27 - Isomer/Analog 57 - Isomer/Analog 87,137.8919530260568,-0.5479109462367254,79.06058599636876,0,4,3,0.06584649205920651,0.9341535079407934,0.07149747270868811,Monomer,42.66997199807225,34.6159057858555,18.42954755996558,3.323949142733206,0.6785822669220349
Adipic Acid - Isomer/Analog 28 - Isomer/Analog 58 - Isomer/Analog 88,140.7872501662281,0.1546700497935505,70.38981789715261,0,4,5,0.16039320316446298,0.839606796835537,0.11975861957532152,Monomer,47.20426907076464,52.32978327580895,30.45654335313372,3.4272233655217104,0.5837885888224416
Bisphenol A - Isomer/Analog 29 - Isomer/Analog 59 - Isomer/Analog 89,223.38737018072177,2.4217047938680865,41.34364945320741,2,2,2,0.7314985440397874,0.2685014559602126,0.5448180448944121,Monomer,109.72355021965758,69.08881994859348,65.91940248365486,4.350528479491041,0.7032686760592795
Phenol - Isomer/Analog 30 - Isomer/Analog 60 - Isomer/Analog 90,103.84499194955589,1.6516648647566259,20.263952883084862,1,1,0,0.4627480867034868,0.5372519132965132,0.6244759002218226,Monomer,32.6157464432457,32.59645520603948,26.199236480574815,2.880969447470295,0.6643376701790344
Ethylene - Isomer/Analog 1 - Isomer/Analog 31 - Isomer/Analog 61 - Isomer/Analog 91,28.18143755911578,0.3489583349353065,0.0,0,0,0,0.1975750013000289,0.8024249986999711,0.16343125356122853,Monomer,10.454925563307158,7.570514037584752,5.204473202351918,1.3829518430579117,0.5494405489940324
Propylene - Isomer/Analog 2 - Isomer/Analog 32 - Isomer/Analog 62 - Isomer/Analog 92,37.305704397774406,1.4665831561659008,0.0,0,0,0,0.2282534416301546,0.7717465583698454,0.15103866788337575,Monomer,14.946001972359484,11.651200912483786,3.76417900696065,1.495417942509714,0.5277785204913806
1-Butene - Isomer/Analog 3 - Isomer/Analog 33 - Isomer/Analog 63 - Isomer/Analog 93,56.46077827349733,3.3601060845365804,0.0,0,0,1,0.18100864586659496,0.8189913541334051,0.23582167555681996,Monomer,22.50843736583515,12.11809225670358,9.18363930800541,1.820788427927507,0.5296765848872101
Isobutylene - Isomer/Analog 4 - Isomer/Analog 34 - Isomer/Analog 64 - Isomer/Analog 94,56.41502406276534,2.8047757967693228,0.0,0,0,0,0.18571867569404402,0.814281324305956,0.21789501567996367,Monomer,16.969187274893045,19.91048192224587,11.584929984364825,2.391532988333043,0.653480041893623
"1,3-Butadiene - Isomer/Analog 5 - Isomer/Analog 35 - Isomer/Analog 65 - Isomer/Analog 95",55.73317471773278,1.6115036911404863,0.0,0,0,1,0.2663049330233001,0.7336950669767,0.3192968778975024,Monomer,22.306230430187135,14.319945494375984,9.18762359272716,1.9167648098423387,0.6886016136724955
Styrene - Isomer/Analog 6 - Isomer/Analog 36 - Isomer/Analog 66 - Isomer/Analog 96,124.19444881057494,2.3051787029036244,0.0,1,0,1,0.36182860112898824,0.6381713988710118,0.4531257294246711,Monomer,46.79081642060926,46.886095210350376,15.177429093792066,2.645297083568292,0.5710450521092651
Alpha-methylstyrene - Isomer/Analog 7 - Isomer/Analog 37 - Isomer/Analog 67 - Isomer/Analog 97,104.526215087396,2.6054571357049605,0.0,1,0,1,0.3379439591160188,0.6620560408839812,0.4831130739511431,Monomer,51.679419266584105,28.595251182396648,19.708730531561198,3.3025908868664704,0.881214870127826
Vinyl Chloride - Isomer/Analog 8 - Isomer/Analog 38 - Isomer/Analog 68 - Isomer/Analog 98,75.60166502901602,1.3804041031249015,0.0,0,0,0,0.42973559865958777,0.5702644013404122,0.9648460430198696,Monomer,25.087037859590115,17.279881117622498,11.38943343008096,2.1626845508640593,0.3503074308026886
Vinylidene Chloride - Isomer/Analog 9 - Isomer/Analog 39 - Isomer/Analog 69 - Isomer/Analog 99,98.07089264301115,3.4391688046418842,0.0,0,0,0,0.5556335093098355,0.44436649069016454,0.6159186461324445,Monomer,36.3677114347978,33.26332396303049,27.640935420202275,3.001877113366499,0.5082282155722662
Vinyl Acetate - Isomer/Analog 10 - Isomer/Analog 40 - Isomer/Analog 70 - Isomer/Analog 100,106.81031216742845,0.8695859948870899,26.86698729742846,0,2,2,0.29765072507230345,0.7023492749276965,0.2892820958194673,Monomer,41.00408332440856,24.87779103604278,12.854717807471443,2.7908721478949676,0.5514448098752646
Acrylonitrile - Isomer/Analog 11 - Isomer/Analog 41 - Isomer/Analog 71 - Isomer/Analog 101,45.0246032106801,0.3790576458910596,24.759391565675156,0,1,1,0.24893465943795176,0.7510653405620482,0.4533329266552993,Monomer,17.025545260193496,15.791753874124812,4.9450758420864025,1.6476147462420934,0.31015280607896584
Methacrylonitrile - Isomer/Analog 12 - Isomer/Analog 42 - Isomer/Analog 72 - Isomer/Analog 102,50.03263096656195,-0.09363333378251068,26.582749059414997,0,1,1,0.3441204739469883,0.6558795260530117,0.8836287850508575,Monomer,21.672442907181814,19.693966644976435,5.056439469500016,1.9720586512752063,0.5189743126009352
Methyl Methacrylate - Isomer/Analog 13 - Isomer/Analog 43 - Isomer/Analog 73 - Isomer/Analog 103,90.97842085732321,1.6645614266495514,26.76718093887025,0,2,3,0.4402880624160901,0.5597119375839099,0.2939660573328315,Monomer,31.214930148026014,32.380181967022445,15.067294450865404,2.2190772328893664,0.4642259503037055
Ethyl Acrylate - Isomer/Analog 14 - Isomer/Analog 44 - Isomer/Analog 74 - Isomer/Analog 104,112.53694201424057,0.5904794098988347,25.216711456300644,0,2,4,0.3049904272981866,0.6950095727018134,0.43039332572898725,Monomer,38.73682590827744,23.012662356643965,26.11727726494027,3.48012652163486,0.6036217621364885
Butyl Acrylate - Isomer/Analog 15 - Isomer/Analog 45 - Isomer/Analog 75 - Isomer/Analog 105,137.69796549405237,1.9099791149326009,26.878163853285503,0,2,6,0.3649391425352398,0.6350608574647603,0.26939441159278293,Monomer,61.391562453126845,44.06020360754315,33.885094097544915,3.405741390238257,0.5018463283099616
Acrylic Acid - Isomer/Analog 16 - Isomer/Analog 46 - Isomer/Analog 76 - Isomer/Analog 106,68.45503276722954,0.27114387528563166,40.30440699896427,0,2,1,0.25451412804302764,0.7454858719569724,0.4424366067208325,Monomer,27.385990600018673,23.211878607028616,13.05111195432805,2.0436914640702275,0.7357092809678768
Methacrylic Acid - Isomer/Analog 17 - Isomer/Analog 47 - Isomer/Analog 77 - Isomer/Analog 107,88.19290024138532,0.22670194746879743,36.90571748098975,0,2,1,0.1918775685276384,0.8081224314723616,0.37220778051632203,Monomer,33.780626697049044,32.19849280435161,20.889875704523167,2.4257628671404996,0.6059594972445892
Terephthalic Acid - Isomer/Analog 18 - Isomer/Analog 48 - Isomer/Analog 78 - Isomer/Analog 108,145.78237435088224,2.1144802719873614,75.22573827390113,1,4,2,0.5041171968542413,0.4958828031457587,0.3036769005532397,Monomer,48.66807682944963,30.789304783428268,25.072061987425244,3.412941861733751,0.3778573400977586
Isophthalic Acid - Isomer/Analog 19 - Isomer/Analog 49 - Isomer/Analog 79 - Isomer/Analog 109,173.29403592568724,-0.21094040008402054,74.64990933994164,1,4,2,0.5437217600236621,0.4562782399763379,0.31072928249339304,Monomer,58.48768063858324,51.29877182221089,40.474770608120366,3.3272162083089047,0.7500367944866084
Ethylene Glycol - Isomer/Analog 20 - Isomer/Analog 50 - Isomer/Analog 80 - Isomer/Analog 110,64.84878527595782,-1.6352646437546816,41.559335184199185,0,2,1,0.10928856517235687,0.8907114348276431,0.6036027210428504,Monomer,19.591487748824193,19.913387207737443,7.011398594383693,2.1094928526695638,0.35953733764960594
Propylene Glycol - Isomer/Analog 21 - Isomer/Analog 51 - Isomer/Analog 81 - Isomer/Analog 111,91.3506758129509,-0.7171497726510798,44.444487709844196,0,2,2,0.09899109730856169,0.9010089026914383,0.18064904195560116,Monomer,29.075573033400005,21.36006926245381,16.27417742451977,2.797035231606243,0.8034295008476144
"1,4-Butanediol - Isomer/Analog 22 - Isomer/Analog 52 - Isomer/Analog 82 - Isomer/Analog 112",87.06876601393536,0.44031754150391544,42.91142671128406,0,2,3,0.18062091102273262,0.8193790889772674,0.30660868288421855,Monomer,35.817281407278564,23.028814609373978,22.47853770820143,3.0520187384105792,0.8588533164517318
"1,6-Hexanediol - Isomer/Analog 23 - Isomer/Analog 53 - Isomer/Analog 83 - Isomer/Analog 113",125.45056904100954,0.5360603056458202,39.415532182487134,0,2,5,0.1644435811757603,0.8355564188242397,0.15706931889945103,Monomer,60.01236904669112,36.135327020812205,32.69256959698975,3.106345102992743,0.49346717411091234
Lactic Acid - Isomer/Analog 24 - Isomer/Analog 54 - Isomer/Analog 84 - Isomer/Analog 114,88.72814433142794,-0.8158787742816656,56.71736650575945,0,3,1,0.07385658038725355,0.9261434196127465,0.09188441568535326,Monomer,31.714362644909325,32.53145875657836,21.581324876114493,2.955192349044384,0.8556855799577585
"Lactide (D,L) - Isomer/Analog 25 - Isomer/Analog 55 - Isomer/Analog 85 - Isomer/Analog 115",144.9294170892451,-1.0761391619614402,53.854828763914135,1,4,0,0.1953403196771455,0.8046596803228545,0.07297868758681192,Monomer,52.978868007122124,55.92558277562685,20.412978554184903,3.9988934363784647,0.775804895473523
Caprolactone - Isomer/Analog 26 - Isomer/Analog 56 - Isomer/Analog 86 - Isomer/Analog 116,112.80578477518723,0.6356395531281082,25.737653742330554,1,2,0,0.20967297009321836,0.7903270299067816,0.13600355713748338,Monomer,36.44993175844544,36.739103032377706,16.85781196580144,2.7180896986294703,0.8534613666022621
Succinic Acid - Isomer/Analog 27 - Isomer/Analog 57 - Isomer/Analog 87 - Isomer/Analog 117,126.51980362741789,-0.5217550249747963,77.5230498002263,0,4,3,0.0638114703438306,0.9361885296561694,0.06998751874095069,Monomer,47.789843272575034,35.297638201289466,37.85697039653993,3.646034181645204,0.6997620821525087
Adipic Acid - Isomer/Analog 28 - Isomer/Analog 58 - Isomer/Analog 88 - Isomer/Analog 118,143.61973008145733,0.36709678635055343,70.50018510318142,0,4,5,0.18057348975406048,0.8194265102459395,0.11961315993711567,Monomer,44.155073257120954,36.020719258013116,17.331397306286622,3.815720355801001,0.44138642365285313
Bisphenol A - Isomer/Analog 29 - Isomer/Analog 59 - Isomer/Analog 89 - Isomer/Analog 119,245.3757471096707,2.306252229283949,43.12388721425408,2,2,2,0.6473103176223334,0.3526896823776666,0.613998976707401,Monomer,118.64411541162477,97.27358035067708,33.403623654572705,4.263175533685718,0.8367139421465837
Phenol - Isomer/Analog 30 - Isomer/Analog 60 - Isomer/Analog 90 - Isomer/Analog 120,101.36565732397808,1.7908565496336637,21.02987826513635,1,1,0,0.513843345447179,0.486156654552821,0.7008931160774918,Monomer,44.055772048167796,40.20202511832077,12.772605107068072,3.4754916234851905,0.4105590457024462
Di(2-ethylhexyl) Phthalate (DEHP),390.6,7.5,52.6,1,4,14,0.78,0.22,0.75,Plasticizer,194.57729698979827,150.37919919612094,64.65640576296406,5.163426120030343,0.4278363306105213
Diisononyl Phthalate (DINP),418.6,8.8,52.6,1,4,16,0.8,0.2,0.65,Plasticizer,199.4899551794435,149.49622122777103,59.45592092578407,5.326937919539535,0.46263779408421823
Dibutyl Phthalate (DBP),278.3,4.5,52.6,1,4,10,0.7,0.3,0.68,Plasticizer,109.81665644523918,73.79288940488111,55.531311828429,5.340227997369669,0.48254778689195077
Diethyl Phthalate (DEP),222.2,2.47,52.6,1,4,6,0.62,0.38,0.55,Plasticizer,89.75480278432275,80.7475014866347,43.374360213752524,4.190629229059651,0.6086877852786183
Di(2-ethylhexyl) Adipate (DEHA),370.6,8.35,52.6,0,4,16,0.65,0.35,0.48,Plasticizer,125.3054965678544,104.41973844013933,103.87959651373059,5.1811498428209575,0.7280744162604265
Dioctyl Adipate (DOA),370.6,8.1,52.6,0,4,16,0.64,0.36,0.45,Plasticizer,145.42635609126785,98.34042203525196,39.63492490460721,4.842973524792112,0.8557249046404103
Tri(2-ethylhexyl) Trimellitate (TOTM),546.8,11.0,78.9,1,6,21,0.82,0.18,0.55,Plasticizer,262.7951282451739,190.8184756018723,89.66203050438659,7.466738954783981,0.35306255240130147
Acetyl Tributyl Citrate (ATBC),402.5,5.2,106.7,0,8,17,0.45,0.55,0.25,Plasticizer,124.84370060268358,86.91214117344406,88.28096030576576,6.454811803048574,0.8726216173369417
Tributyl Citrate (TBC),360.4,4.1,115.7,0,8,15,0.4,0.6,0.2,Plasticizer,170.36517436011815,75.5804010951513,79.6341109937129,5.626183054347108,0.852793780258088
Triethyl Citrate (TEC),276.3,0.8,115.7,0,8,11,0.35,0.65,0.15,Plasticizer,101.73077551877063,80.01392130623232,54.1617754153252,5.676193515387726,0.33239957530862335
Di(2-ethylhexyl) Phthalate (DEHP) - Grade 1,424.58576652646144,7.246438469971705,51.5793514806095,1,4,14,0.7188837892054744,0.28111621079452564,0.8084853266707386,Plasticizer,203.75979333168917,122.75953167349445,111.72257242784653,5.515642436648055,0.5161926826149377
Diisononyl Phthalate (DINP) - Grade 2,399.2732036586151,8.681822631455503,57.60341931304631,1,4,16,0.8270666388503038,0.17293336114969615,0.7338449465449338,Plasticizer,194.915587990181,151.3759827981039,44.93597683007667,5.121331557265792,0.7878860341796019
Dibutyl Phthalate (DBP) - Grade 3,247.61948492721692,5.732438817928841,55.385799105499515,1,4,10,0.6453728893797492,0.35462711062025076,0.6806979727980564,Plasticizer,107.50968903319858,55.771489930395944,65.14808058820174,4.865033841427652,0.6669459272876407
Diethyl Phthalate (DEP) - Grade 4,215.4448774313024,2.3199298578037544,48.879854397546865,1,4,6,0.6002891220369798,0.3997108779630202,0.45499790806480866,Plasticizer,93.26280348237098,48.40115361410741,42.86294108098769,4.675155485302452,0.7674563660290623
Di(2-ethylhexyl) Adipate (DEHA) - Grade 5,317.87976781464397,8.603878835155749,51.88987768003299,0,4,16,0.6206433167613005,0.37935668323869953,0.4811792376653269,Plasticizer,124.14821909397862,72.9503932434542,40.29194052022497,4.580495631966306,0.7314200032739326
Dioctyl Adipate (DOA) - Grade 6,363.874909542207,8.126994209222897,48.45159247843355,0,4,16,0.6616309219364157,0.3383690780635843,0.39888687285172797,Plasticizer,169.96889758760545,74.93903778618079,100.84443168840087,4.574045963619364,0.5980620678762982
Tri(2-ethylhexyl) Trimellitate (TOTM) - Grade 7,566.4172081214399,10.516741487032503,71.97809711580635,1,6,21,0.8752538801382689,0.12474611986173112,0.5411560932292505,Plasticizer,278.85996522157933,121.40945975765189,130.18859136008047,7.723670268870577,0.32473082757101973
Acetyl Tributyl Citrate (ATBC) - Grade 8,349.1482783072862,5.408595232191282,117.26044720840284,0,8,17,0.4022403005876076,0.5977596994123924,0.26950352288585533,Plasticizer,158.8681787193289,115.90814124350068,46.33516682657479,6.422150747577198,0.6505609212387007
Tributyl Citrate (TBC) - Grade 9,412.69536539948024,3.8181754862868282,106.938847498235,0,8,15,0.3811144141664892,0.6188855858335107,0.16808366488085175,Plasticizer,175.14269113846095,118.16164356106405,44.04695351869857,6.203774857938916,0.32913999183557757
Triethyl Citrate (TEC) - Grade 10,292.2282536130266,0.594534421850408,105.57143220872965,0,8,11,0.3507914587645823,0.6492085412354177,0.1798018112311786,Plasticizer,123.13288173404005,103.07492887234153,37.47007058134234,4.496336579817809,0.6622360305210786
Di(2-ethylhexyl) Phthalate (DEHP) - Grade 1 - Grade 11,464.5779587898812,6.479289156779475,52.8574448580236,1,4,14,0.7235493100156675,0.27645068998433253,0.7845811268620232,Plasticizer,218.3023862232002,185.1433961576084,103.02461861019825,7.45826769550829,0.780246517496207
Diisononyl Phthalate (DINP) - Grade 2 - Grade 12,355.03896837156805,9.138040256085086,62.05736425678388,1,4,16,0.8170990928379751,0.1829009071620249,0.6442050559493672,Plasticizer,144.94137584712033,117.80439233400857,48.23532691708352,6.295001512364469,0.6509950492211511
Dibutyl Phthalate (DBP) - Grade 3 - Grade 13,237.79587650055498,6.336343472159342,57.973582935485425,1,4,10,0.6870853879397694,0.31291461206023063,0.547561961972037,Plasticizer,109.56967619700154,49.9588006281006,34.516693304329046,4.475378741599515,0.8982130827370183
Diethyl Phthalate (DEP) - Grade 4 - Grade 14,210.02561995572256,2.1616048431731403,48.69747536720125,1,4,6,0.5310194469935031,0.4689805530064969,0.41128411303848533,Plasticizer,84.38347422757619,46.397300090019904,22.058559293069603,4.727955140664954,0.5735199001082598
Di(2-ethylhexyl) Adipate (DEHA) - Grade 5 - Grade 15,342.7020283762177,8.65830165026031,48.934249675127404,0,4,16,0.547971561416353,0.45202843858364705,0.4313678435288667,Plasticizer,107.09056445167451,128.92478304999028,83.82016438793218,6.01911548242855,0.7492964781623925
Dioctyl Adipate (DOA) - Grade 6 - Grade 16,415.8224653986288,7.567678495123493,51.37358313084924,0,4,16,0.7346077504682323,0.26539224953176765,0.3969489278773249,Plasticizer,156.67749798457967,127.03342591052473,108.97579105571272,6.910376355720609,0.7003279750451445
Tri(2-ethylhexyl) Trimellitate (TOTM) - Grade 7 - Grade 17,500.1015682886553,9.536662482885587,76.93533062459592,1,6,21,0.7908267327789691,0.2091732672210309,0.5386107410892055,Plasticizer,194.48359447524228,182.52078505704492,129.7111614072044,7.335978812500032,0.8948590149348528
Acetyl Tributyl Citrate (ATBC) - Grade 8 - Grade 18,312.4928064432568,6.438874540499308,113.14873136454878,0,8,17,0.42515420030482315,0.5748457996951768,0.26691824343765125,Plasticizer,102.59871599830309,116.03559988481975,39.22210657084635,5.396325531961027,0.7279314030462631
Tributyl Citrate (TBC) - Grade 9 - Grade 19,397.3292665458434,3.380765296248769,113.03471564140801,0,8,15,0.41697740453347504,0.5830225954665249,0.19869739402283337,Plasticizer,127.34373822383125,153.1843023426198,111.51452153766616,6.005778063897544,0.39841843887563366
Triethyl Citrate (TEC) - Grade 10 - Grade 20,317.38063626934115,-0.5436523324455932,101.67388053038212,0,8,11,0.36663051028274485,0.6333694897172552,0.17531418270717553,Plasticizer,129.20343216521331,123.76760677076135,74.4117201567124,5.075649498740526,0.8733106238503445
Di(2-ethylhexyl) Phthalate (DEHP) - Grade 1 - Grade 11 - Grade 21,430.38557229757015,6.435117827274928,54.30786875699022,1,4,14,0.7512214109261358,0.2487785890738642,0.9085818957607076,Plasticizer,136.44459023860819,133.83491805022015,120.29523118878033,6.291775979881098,0.7006663358674569
Diisononyl Phthalate (DINP) - Grade 2 - Grade 12 - Grade 22,369.5958872608627,9.598715057578334,63.471447850891145,1,4,16,0.7321179189481236,0.2678820810518764,0.6489484722722182,Plasticizer,133.27222380180413,99.12710807993675,70.0133254100914,6.205094471663983,0.33560293848383393
Dibutyl Phthalate (DBP) - Grade 3 - Grade 13 - Grade 23,212.839365777222,6.380666820858348,60.06327295652819,1,4,10,0.6115070232454686,0.3884929767545314,0.4566211226438714,Plasticizer,95.5477193578903,83.51241511936749,39.88417567898788,5.001624086266759,0.6945409834707675
Diethyl Phthalate (DEP) - Grade 4 - Grade 14 - Grade 24,223.65565606235873,3.022669146015625,44.52979286581242,1,4,6,0.4763784033156766,0.5236215966843234,0.3310192998296799,Plasticizer,110.23683918849308,69.21723898586015,57.4587715645057,4.2606812464022426,0.829871644004865
Di(2-ethylhexyl) Adipate (DEHA) - Grade 5 - Grade 15 - Grade 25,389.6352149223611,8.257055283654486,46.9429739420725,0,4,16,0.5282055560070725,0.47179444399292747,0.47875852411415265,Plasticizer,172.83209606466647,82.93406768802559,46.23394748633138,5.866086932010768,0.6462251171940151
Dioctyl Adipate (DOA) - Grade 6 - Grade 16 - Grade 26,435.9529230000837,8.217084157547019,48.13905679802515,0,4,16,0.6771513165317142,0.32284868346828577,0.3331823613664703,Plasticizer,217.3334787585431,143.2346477669183,89.01060405717458,5.89431685775607,0.5124117828192067
Tri(2-ethylhexyl) Trimellitate (TOTM) - Grade 7 - Grade 17 - Grade 27,524.1518607457281,9.145806222579603,69.56407906250284,1,6,21,0.7115235771616647,0.2884764228383353,0.6394085171267668,Plasticizer,230.45258763881756,166.43758323943234,140.09365675547286,7.054452108592099,0.7925457804423697
Acetyl Tributyl Citrate (ATBC) - Grade 8 - Grade 18 - Grade 28,293.31619577564504,6.878670834492491,119.24118289091982,0,8,17,0.4378744978864343,0.5621255021135657,0.2543132578362652,Plasticizer,105.22979402714286,111.21335069121123,78.03340444972429,5.200918055685298,0.7695072049234977
Tributyl Citrate (TBC) - Grade 9 - Grade 19 - Grade 29,362.2475472717616,3.5213550773834954,119.24334590139146,0,8,15,0.43137856184777296,0.568621438152227,0.20110577598680954,Plasticizer,157.36414106869321,119.77260089070309,105.49611114236951,4.434630968182272,0.6265092925387805
Triethyl Citrate (TEC) - Grade 10 - Grade 20 - Grade 30,273.767892624443,-1.0064627573327765,111.20049493097335,0,8,11,0.39291476704634826,0.6070852329536518,0.16078568858289252,Plasticizer,120.57596336732333,73.8654478569469,65.6097125440967,4.855040999719157,0.3926170619375402
Di(2-ethylhexyl) Phthalate (DEHP) - Grade 1 - Grade 11 - Grade 21 - Grade 31,492.3572637636588,7.162927172315486,57.00233389110788,1,4,14,0.8074313645485075,0.1925686354514925,0.9654513476388085,Plasticizer,184.3116753316729,193.61710365004643,69.69520209664543,5.351078198763209,0.45059189131390887
Diisononyl Phthalate (DINP) - Grade 2 - Grade 12 - Grade 22 - Grade 32,328.3596024815007,10.498350845087833,61.4183687390782,1,4,16,0.8073357678820223,0.19266423211797767,0.5774643610795975,Plasticizer,99.67118333335334,118.31581164799724,34.167807475546915,4.240000372300269,0.7430903833116635
Dibutyl Phthalate (DBP) - Grade 3 - Grade 13 - Grade 23 - Grade 33,204.6769989056705,5.511801943332702,61.419977150721195,1,4,10,0.6765335800321705,0.32346641996782954,0.4092590486307596,Plasticizer,90.18886398749316,66.74179701864529,40.09277726875914,4.610992368290318,0.7836492992369566
Diethyl Phthalate (DEP) - Grade 4 - Grade 14 - Grade 24 - Grade 34,198.2596486617233,2.0487273893550437,41.83547758134588,1,4,6,0.5206158431952213,0.47938415680477875,0.3503257770747691,Plasticizer,60.33834525156795,51.26697931451806,40.195314449071724,3.672277111923518,0.46755916682459386
Di(2-ethylhexyl) Adipate (DEHA) - Grade 5 - Grade 15 - Grade 25 - Grade 35,364.60973866589563,8.409118368989391,50.19625665641094,0,4,16,0.5813125934375997,0.41868740656240033,0.43131183470702084,Plasticizer,155.41038563787097,100.16123369724643,53.98138949565918,5.16084624595166,0.520791046312072
Dioctyl Adipate (DOA) - Grade 6 - Grade 16 - Grade 26 - Grade 36,469.30880529743933,8.350033397453943,47.759138521625395,0,4,16,0.7327316614136613,0.2672683385863387,0.3636339867132424,Plasticizer,156.1499733609779,156.7463179920915,58.6352025163877,5.16328634328501,0.3465791311498771
Tri(2-ethylhexyl) Trimellitate (TOTM) - Grade 7 - Grade 17 - Grade 27 - Grade 37,567.6219937900987,8.626405308578326,70.19053029172035,1,6,21,0.7942885243957023,0.2057114756042977,0.7512763791299135,Plasticizer,234.49639856004117,121.6959778961785,123.31112899282873,5.995920984334828,0.7280771690198999
Acetyl Tributyl Citrate (ATBC) - Grade 8 - Grade 18 - Grade 28 - Grade 38,253.11783319171894,7.130121036949559,111.24760731893325,0,8,17,0.3991729190681291,0.600827080931871,0.27730113268182777,Plasticizer,101.44522457779992,63.61765367452041,64.00113136186535,5.080668549369523,0.3021465267600188
Tributyl Citrate (TBC) - Grade 9 - Grade 19 - Grade 29 - Grade 39,396.7826341616494,3.5365945025163277,127.36865970514967,0,8,15,0.4554807047863022,0.5445192952136978,0.20450343438119054,Plasticizer,120.10718596676791,136.0092254090424,118.49152368635605,5.735356772186988,0.32792491273144087
Triethyl Citrate (TEC) - Grade 10 - Grade 20 - Grade 30 - Grade 40,281.1881816705581,-1.7524308305684637,111.38643432197013,0,8,11,0.3738236783051711,0.6261763216948288,0.16496753094084005,Plasticizer,104.76317035541835,83.2327427243956,70.76396498494599,5.577777396065456,0.30260644067045395
Di(2-ethylhexyl) Phthalate (DEHP) - Grade 1 - Grade 11 - Grade 21 - Grade 31 - Grade 41,520.2569789084253,7.327253252502091,59.97924129924657,1,4,14,0.7415588468755381,0.2584411531244619,0.9506055923875871,Plasticizer,218.6214686321554,145.92100785419447,134.60425833172422,6.313791374250576,0.6871917500025702
Diisononyl Phthalate (DINP) - Grade 2 - Grade 12 - Grade 22 - Grade 32 - Grade 42,280.0249002023554,10.94846517454545,58.30665455743561,1,4,16,0.8512151221220153,0.14878487787798467,0.6910654488110167,Plasticizer,131.53366306201076,64.48736115998351,62.527369201170615,4.3837411866612745,0.550432276620328
Dibutyl Phthalate (DBP) - Grade 3 - Grade 13 - Grade 23 - Grade 33 - Grade 43,180.06529180402364,6.155793180233671,57.78435223901705,1,4,10,0.6854776163419384,0.3145223836580616,0.44741366338125677,Plasticizer,86.02230784867047,51.925393426116536,53.51261943712938,3.6375455420887044,0.4785280568059982
Diethyl Phthalate (DEP) - Grade 4 - Grade 14 - Grade 24 - Grade 34 - Grade 44,205.15821904725973,1.837321408812272,39.225150737159645,1,4,6,0.5025464628641698,0.4974535371358302,0.390093608045682,Plasticizer,81.40062534179513,72.65440224049043,46.774284352331485,4.486700598321087,0.8476206062142664
Di(2-ethylhexyl) Adipate (DEHA) - Grade 5 - Grade 15 - Grade 25 - Grade 35 - Grade 45,370.54119320982676,7.684190086248939,46.67135554828185,0,4,16,0.5541914612023869,0.44580853879761306,0.49629340715818815,Plasticizer,165.14446548390876,93.67376564320567,100.80597516202691,5.67909959199536,0.415681676805964
Dioctyl Adipate (DOA) - Grade 6 - Grade 16 - Grade 26 - Grade 36 - Grade 46,539.1890278034211,7.796879306839772,46.501253846725135,0,4,16,0.7236945531513387,0.2763054468486613,0.395935002949967,Plasticizer,195.88247543403003,108.4199725029988,155.91024356395482,7.786908966094527,0.5336208062288403
Tri(2-ethylhexyl) Trimellitate (TOTM) - Grade 7 - Grade 17 - Grade 27 - Grade 37 - Grade 47,633.3859594603713,7.776980708676503,68.96390642637047,1,6,21,0.8315790641379353,0.16842093586206475,0.6019882254750141,Plasticizer,233.36300082326,211.36151553596943,181.1304596464231,7.562041293318067,0.8641870805566512
Acetyl Tributyl Citrate (ATBC) - Grade 8 - Grade 18 - Grade 28 - Grade 38 - Grade 48,262.1988913829194,7.858718916927682,108.03239595308104,0,8,17,0.42735746487003157,0.5726425351299684,0.2321554700461672,Plasticizer,88.85729124368056,103.4441017589336,46.221225197578164,4.661334232679683,0.5562639377022255
Tributyl Citrate (TBC) - Grade 9 - Grade 19 - Grade 29 - Grade 39 - Grade 49,407.28177250729277,4.643720264247466,116.28385681590609,0,8,15,0.4642241620349205,0.5357758379650794,0.20953295814088455,Plasticizer,167.95877621122176,130.88623418603206,47.13570175858994,6.491714612367758,0.6328162113882347
Triethyl Citrate (TEC) - Grade 10 - Grade 20 - Grade 30 - Grade 40 - Grade 50,286.3052521652123,-1.9004394442334127,113.69185875766611,0,8,11,0.3896559727204234,0.6103440272795766,0.18509284383742133,Plasticizer,103.90384936024275,64.12790204509307,38.47219396573478,5.758943625895727,0.34820211994169253
Di(2-ethylhexyl) Phthalate (DEHP) - Grade 1 - Grade 11 - Grade 21 - Grade 31 - Grade 41 - Grade 51,484.3312658824016,7.323731853039723,54.90569659298246,1,4,14,0.6629923355481511,0.33700766445184893,0.8875759998871497,Plasticizer,153.47207237985933,127.93446610161487,54.16986628273596,5.986700090912931,0.7740998321360775
Diisononyl Phthalate (DINP) - Grade 2 - Grade 12 - Grade 22 - Grade 32 - Grade 42 - Grade 52,303.95837447743287,11.604669485416768,60.72849066145639,1,4,16,0.9101767434979826,0.08982325650201739,0.6958390681071622,Plasticizer,132.83017966508731,113.53706186335341,36.80309364485716,4.529341312146666,0.5536552662529429
Dibutyl Phthalate (DBP) - Grade 3 - Grade 13 - Grade 23 - Grade 33 - Grade 43 - Grade 53,176.83486633902837,5.939895285913567,57.021822601824574,1,4,10,0.6177963691033831,0.3822036308966169,0.3974128514842917,Plasticizer,78.08154867529234,43.59220213299197,24.214042311292253,4.017234157095776,0.7803090747590902
Diethyl Phthalate (DEP) - Grade 4 - Grade 14 - Grade 24 - Grade 34 - Grade 44 - Grade 54,211.20373696591273,1.3943001816464353,41.07393497300378,1,4,6,0.562652729854815,0.43734727014518504,0.4576755048922793,Plasticizer,78.56746991488079,67.91027654469686,35.528452560809946,4.193380978725793,0.4522785855335953
Di(2-ethylhexyl) Adipate (DEHA) - Grade 5 - Grade 15 - Grade 25 - Grade 35 - Grade 45 - Grade 55,386.38907695361684,8.615092978083755,49.337705194354754,0,4,16,0.5034279034327301,0.49657209656726986,0.4784079634538194,Plasticizer,121.8457397853963,108.39536668533535,80.6424641609294,6.784762758812272,0.553487250336846
Dioctyl Adipate (DOA) - Grade 6 - Grade 16 - Grade 26 - Grade 36 - Grade 46 - Grade 56,594.1543270145958,7.2585342222272065,45.420871168567885,0,4,16,0.7361778102416741,0.26382218975832594,0.40983538781072343,Plasticizer,228.90362478271692,143.5291146877793,143.9852277063561,6.930600454776792,0.7719293618190062
Tri(2-ethylhexyl) Trimellitate (TOTM) - Grade 7 - Grade 17 - Grade 27 - Grade 37 - Grade 47 - Grade 57,573.4314661179269,7.071568459632566,62.42884125491027,1,6,21,0.7366177438917716,0.2633822561082284,0.681859311362089,Plasticizer,222.75925388051405,207.97291472902992,81.53362092937385,5.735724747196687,0.8843266602261839
Acetyl Tributyl Citrate (ATBC) - Grade 8 - Grade 18 - Grade 28 - Grade 38 - Grade 48 - Grade 58,244.34871676865367,7.2714836535443235,108.42301443961203,0,8,17,0.40671359400260637,0.5932864059973937,0.27307790896190404,Plasticizer,105.98238956366816,85.17171718973322,57.30086897161719,5.374116424322537,0.3357753146323613
Tributyl Citrate (TBC) - Grade 9 - Grade 19 - Grade 29 - Grade 39 - Grade 49 - Grade 59,377.8715596980734,5.160202237823869,124.23612760018024,0,8,15,0.42925152853149773,0.5707484714685023,0.23489845732610187,Plasticizer,137.1988446532733,125.57360153488239,91.01105095255754,6.382752188523249,0.7874737064513426
Triethyl Citrate (TEC) - Grade 10 - Grade 20 - Grade 30 - Grade 40 - Grade 50 - Grade 60,282.71385798431623,-1.9979120484478918,113.304598639795,0,8,11,0.35537996043167575,0.6446200395683243,0.15404178042949998,Plasticizer,123.41021256415257,69.9058974404107,59.85744100076257,4.229126426839231,0.4804134405762661
Di(2-ethylhexyl) Phthalate (DEHP) - Grade 1 - Grade 11 - Grade 21 - Grade 31 - Grade 41 - Grade 51 - Grade 61,517.4507058096899,5.888090521560992,57.425958426578724,1,4,14,0.7052402596330173,0.2947597403669827,0.7664780302334644,Plasticizer,245.42568395039058,113.61737618674755,145.26061148288724,7.6294104277991455,0.6304459685346433
Diisononyl Phthalate (DINP) - Grade 2 - Grade 12 - Grade 22 - Grade 32 - Grade 42 - Grade 52 - Grade 62,314.0095316559597,11.52421703139217,56.29961141962884,1,4,16,0.9650877252256087,0.034912274774391294,0.7395252799757784,Plasticizer,109.11743568418426,98.98581059476459,38.3716390727616,4.789391982899049,0.47405535897044876
Dibutyl Phthalate (DBP) - Grade 3 - Grade 13 - Grade 23 - Grade 33 - Grade 43 - Grade 53 - Grade 63,201.05848198535017,5.4517076502718815,54.13627659506117,1,4,10,0.6780321942499866,0.3219678057500134,0.3575994279311378,Plasticizer,99.68156058345302,62.47602134114522,27.228202477050022,3.8920661191487635,0.6680672835407941
Diethyl Phthalate (DEP) - Grade 4 - Grade 14 - Grade 24 - Grade 34 - Grade 44 - Grade 54 - Grade 64,196.75421594859284,0.9480722619679836,43.2048364455369,1,4,6,0.5558657662912622,0.44413423370873784,0.5083329624376739,Plasticizer,74.23017676255202,46.763952151348825,36.54374388035815,4.7074477021398895,0.5122816983863854
Di(2-ethylhexyl) Adipate (DEHA) - Grade 5 - Grade 15 - Grade 25 - Grade 35 - Grade 45 - Grade 55 - Grade 65,336.0077461961666,8.352053961977775,45.022167731231725,0,4,16,0.5525347726360218,0.4474652273639782,0.40937280852975155,Plasticizer,118.762521548373,70.98141423679849,42.1160667356983,5.355306988641727,0.5001689345866089
Dioctyl Adipate (DOA) - Grade 6 - Grade 16 - Grade 26 - Grade 36 - Grade 46 - Grade 56 - Grade 66,599.9331936121714,7.251524453098412,44.61324813244939,0,4,16,0.7092060208512238,0.29079397914877625,0.4753817295264844,Plasticizer,230.5556680569797,129.6705748576542,127.94129016814694,6.046170025359731,0.3227629877615613
Tri(2-ethylhexyl) Trimellitate (TOTM) - Grade 7 - Grade 17 - Grade 27 - Grade 37 - Grade 47 - Grade 57 - Grade 67,491.1710129228305,7.195107148535717,63.180087249697394,1,6,21,0.8138428262431473,0.1861571737568527,0.5597404577229558,Plasticizer,156.62436464826055,195.75826879373756,88.25365343897892,6.062630338769691,0.3881762435422869
Acetyl Tributyl Citrate (ATBC) - Grade 8 - Grade 18 - Grade 28 - Grade 38 - Grade 48 - Grade 58 - Grade 68,238.39589228547263,7.3151491825020285,103.22213138086204,0,8,17,0.42924431981983735,0.5707556801801627,0.3256505501868786,Plasticizer,77.5123220353438,85.03981481064567,37.40888290436393,4.853135537719763,0.8502469193192874
Tributyl Citrate (TBC) - Grade 9 - Grade 19 - Grade 29 - Grade 39 - Grade 49 - Grade 59 - Grade 69,350.271450184938,4.605002479175859,125.85940316880239,0,8,15,0.42553584007885087,0.5744641599211491,0.27924778683816043,Plasticizer,134.11431798300342,134.64346808872193,46.935660682964645,4.698595641494062,0.898966457323948
Triethyl Citrate (TEC) - Grade 10 - Grade 20 - Grade 30 - Grade 40 - Grade 50 - Grade 60 - Grade 70,291.91850717247644,-1.7143842897538404,109.89427461808508,0,8,11,0.3224657305044094,0.6775342694955906,0.13255275665665797,Plasticizer,132.08988548100186,69.77171810093154,48.77013830453917,5.1102095924666076,0.768312345521764
Di(2-ethylhexyl) Phthalate (DEHP) - Grade 1 - Grade 11 - Grade 21 - Grade 31 - Grade 41 - Grade 51 - Grade 61 - Grade 71,474.81022126847813,6.204571397315905,58.12911388551302,1,4,14,0.709199350611588,0.290800649388412,0.6483695517237454,Plasticizer,227.93855711716006,186.1795961087493,105.21408490503673,6.781602673378692,0.4720875748640921
Diisononyl Phthalate (DINP) - Grade 2 - Grade 12 - Grade 22 - Grade 32 - Grade 42 - Grade 52 - Grade 62 - Grade 72,347.9357205877728,11.29942901227953,58.80848315750344,1,4,16,0.8649506155079314,0.1350493844920686,0.8010050033628336,Plasticizer,150.643501508248,79.51405303251377,74.8608205096953,5.048348807971341,0.5414670830661555
Dibutyl Phthalate (DBP) - Grade 3 - Grade 13 - Grade 23 - Grade 33 - Grade 43 - Grade 53 - Grade 63 - Grade 73,203.68460035152836,5.410383757752787,53.970579388489334,1,4,10,0.6236444449922335,0.3763555550077665,0.4213519888900455,Plasticizer,65.39170071702894,61.47534582986306,27.033997853300807,4.439426017802912,0.7437020729436497
Diethyl Phthalate (DEP) - Grade 4 - Grade 14 - Grade 24 - Grade 34 - Grade 44 - Grade 54 - Grade 64 - Grade 74,217.4119548936914,0.5335638021388023,44.6653529335262,1,4,6,0.550835700640787,0.449164299359213,0.4903919689835017,Plasticizer,94.44461251268015,79.5595431219329,27.17300754098335,4.910633908721463,0.881108134129919
Di(2-ethylhexyl) Adipate (DEHA) - Grade 5 - Grade 15 - Grade 25 - Grade 35 - Grade 45 - Grade 55 - Grade 65 - Grade 75,351.22622252601053,7.996673910203186,45.134747001236235,0,4,16,0.5931664493518461,0.40683355064815385,0.40269837421609167,Plasticizer,150.0036564130156,94.8172666716079,36.99653796466854,5.349729348613091,0.5732827024376206
Dioctyl Adipate (DOA) - Grade 6 - Grade 16 - Grade 26 - Grade 36 - Grade 46 - Grade 56 - Grade 66 - Grade 76,519.2943572207329,7.288409507041855,47.16760820125553,0,4,16,0.6583753159504065,0.34162468404959345,0.4294828315334512,Plasticizer,239.47403837057877,147.98108345717165,53.21994387053449,6.270233115850474,0.7977134491730249
Tri(2-ethylhexyl) Trimellitate (TOTM) - Grade 7 - Grade 17 - Grade 27 - Grade 37 - Grade 47 - Grade 57 - Grade 67 - Grade 77,441.7650569194559,7.7760740552637655,63.425047308671225,1,6,21,0.7561995643417567,0.24380043565824328,0.6443351700774852,Plasticizer,205.44272191509793,99.67855189339272,121.91040713475317,5.463501964912736,0.8850413535592303
Acetyl Tributyl Citrate (ATBC) - Grade 8 - Grade 18 - Grade 28 - Grade 38 - Grade 48 - Grade 58 - Grade 68 - Grade 78,265.543118787436,6.930966708844992,110.8725103562644,0,8,17,0.40233546160066236,0.5976645383993376,0.3192989764289049,Plasticizer,125.77200613286975,59.63683563391564,28.94891896798937,4.900181231828214,0.8240839026336026
Tributyl Citrate (TBC) - Grade 9 - Grade 19 - Grade 29 - Grade 39 - Grade 49 - Grade 59 - Grade 69 - Grade 79,401.2348592392856,4.574480766440861,136.16024534367247,0,8,15,0.42948840058389975,0.5705115994161003,0.27900344592210014,Plasticizer,153.603257763525,129.96544573949703,98.80176574248578,6.660991409279713,0.43628984806279614
Triethyl Citrate (TEC) - Grade 10 - Grade 20 - Grade 30 - Grade 40 - Grade 50 - Grade 60 - Grade 70 - Grade 80,257.36764860779414,-2.082313514415258,113.34012179472982,0,8,11,0.3473938659397848,0.6526061340602152,0.12621249359831593,Plasticizer,113.13183827811451,86.24556517559836,70.62091562910054,4.30631728711731,0.30481911832537373
Di(2-ethylhexyl) Phthalate (DEHP) - Grade 1 - Grade 11 - Grade 21 - Grade 31 - Grade 41 - Grade 51 - Grade 61 - Grade 71 - Grade 81,514.069218445099,5.2891871731184725,61.53378746069178,1,4,14,0.7224063501383122,0.2775936498616878,0.6832732084185409,Plasticizer,181.8006160052916,182.7343872862592,61.488626159091986,6.2734966524868385,0.5952490232330492
Diisononyl Phthalate (DINP) - Grade 2 - Grade 12 - Grade 22 - Grade 32 - Grade 42 - Grade 52 - Grade 62 - Grade 72 - Grade 82,379.0322139275498,11.399754914257374,57.58491941624083,1,4,16,0.9511183939463077,0.048881606053692295,0.8115875185306596,Plasticizer,189.4657927103188,118.00652896184955,70.97768031578914,5.410232720555416,0.6188164990171601
Dibutyl Phthalate (DBP) - Grade 3 - Grade 13 - Grade 23 - Grade 33 - Grade 43 - Grade 53 - Grade 63 - Grade 73 - Grade 83,182.7837997876434,5.901670489566675,51.9926836975212,1,4,10,0.6771051312707276,0.3228948687292724,0.4898036961579784,Plasticizer,61.24479171064228,60.16362739506885,53.45705914108014,3.9977531413554437,0.4207502187307018
Diethyl Phthalate (DEP) - Grade 4 - Grade 14 - Grade 24 - Grade 34 - Grade 44 - Grade 54 - Grade 64 - Grade 74 - Grade 84,202.86086543553114,0.8617442370530766,48.984684379478956,1,4,6,0.5033375605177263,0.49666243948227373,0.4319403197441674,Plasticizer,61.268624102680484,41.12059817417271,54.128904656962945,3.6649107386568693,0.47080463516809057
Di(2-ethylhexyl) Adipate (DEHA) - Grade 5 - Grade 15 - Grade 25 - Grade 35 - Grade 45 - Grade 55 - Grade 65 - Grade 75 - Grade 85,317.95366746141895,8.145665028391912,41.994309969320945,0,4,16,0.5846708943032297,0.4153291056967703,0.42127050511446584,Plasticizer,104.84895554468035,73.9032889819146,62.93600532611161,5.810865079739296,0.7590918965091282
Dioctyl Adipate (DOA) - Grade 6 - Grade 16 - Grade 26 - Grade 36 - Grade 46 - Grade 56 - Grade 66 - Grade 76 - Grade 86,454.4029321472965,7.6688618786203095,50.7751412882124,0,4,16,0.706347733607202,0.29365226639279796,0.4303773194769904,Plasticizer,206.8326083123264,180.3902179481093,114.74320313939133,5.650496077820239,0.5822083552278803
Tri(2-ethylhexyl) Trimellitate (TOTM) - Grade 7 - Grade 17 - Grade 27 - Grade 37 - Grade 47 - Grade 57 - Grade 67 - Grade 77 - Grade 87,503.67312165302394,7.908602077683922,65.55511408230964,1,6,21,0.780640770301112,0.219359229698888,0.5582403663362285,Plasticizer,196.10852230600833,108.38980164089556,134.3172940879579,7.010827031897057,0.490412450160154
Acetyl Tributyl Citrate (ATBC) - Grade 8 - Grade 18 - Grade 28 - Grade 38 - Grade 48 - Grade 58 - Grade 68 - Grade 78 - Grade 88,295.96860521494875,6.908453297430559,109.26463029087289,0,8,17,0.36972054673719285,0.6302794532628071,0.2570494084325507,Plasticizer,115.2797864000439,99.37372171872963,50.19787149592678,4.99254470658392,0.6735756164171517
Tributyl Citrate (TBC) - Grade 9 - Grade 19 - Grade 29 - Grade 39 - Grade 49 - Grade 59 - Grade 69 - Grade 79 - Grade 89,408.4276782333037,5.470942062106298,146.78777179292206,0,8,15,0.38613480220203134,0.6138651977979687,0.30483877333163345,Plasticizer,200.53986221330808,96.06893984393089,113.71875671658393,6.0344580806621275,0.6916558535856753
Triethyl Citrate (TEC) - Grade 10 - Grade 20 - Grade 30 - Grade 40 - Grade 50 - Grade 60 - Grade 70 - Grade 80 - Grade 90,233.23263272864804,-1.9703358753703908,121.4592879605119,0,8,11,0.3739956357543606,0.6260043642456394,0.12827196621430167,Plasticizer,112.86756396830559,80.0789590825577,45.26920946824283,3.843638776361317,0.7616374661044814
PFOA (Perfluorooctanoic Acid),414.1,4.8,37.3,0,2,6,0.99,0.01,0.85,PFAS,150.00314818492805,141.2901251733123,85.1230058499423,6.426625573391346,0.39402557745775146
PFOS (Perfluorooctanesulfonic Acid),500.1,5.2,54.4,0,3,7,0.99,0.01,0.88,PFAS,170.93999404066224,123.44458996000479,150.00075793493954,5.6515589520825795,0.7449103513961942
GenX (HFPO-DA),330.0,3.2,37.3,0,3,4,0.98,0.02,0.82,PFAS,154.99982585562682,83.79587034846749,88.65799576604263,4.43325970303603,0.6596570352662512
PFHxS,400.1,4.1,54.4,0,3,5,0.98,0.02,0.84,PFAS,192.52964606496997,132.41475250243911,68.95883586195387,5.882039496307423,0.3345431191816783
PFNA,464.1,5.6,37.3,0,2,7,0.99,0.01,0.87,PFAS,189.50102637415557,129.02778611957945,47.37027826459601,6.739563825661888,0.7664673769520467
DDT,354.5,6.91,0.0,2,0,2,0.92,0.08,0.78,Persistent Pollutant,150.97614111820243,84.69345105172371,79.84574183198713,4.456962099788545,0.529848168799911
Dieldrin,380.9,5.4,25.8,3,1,0,0.94,0.06,0.82,Persistent Pollutant,133.8417302078589,131.91935183563035,91.71412480243924,4.663568026996407,0.49822856059778253
"2,3,7,8-TCDD (Dioxin)",322.0,6.8,18.5,3,2,0,0.96,0.04,0.98,Dioxin,148.17169310581698,74.32710056725992,74.11169324523365,5.807252221695715,0.5688450909489806
PCB-52,292.0,5.84,0.0,2,0,1,0.9,0.1,0.75,PCB,124.51594982142295,108.36958998606488,85.72316130793163,5.542651705234265,0.5077050463836774
PCB-138,360.9,7.2,0.0,2,0,1,0.93,0.07,0.8,PCB,144.61360524548937,109.3288462460609,98.37924875283417,4.925361349892881,0.5029713553259454
PFOA (Perfluorooctanoic Acid) - Congener 1,431.51230858198267,4.678535390450401,37.3,0,2,6,1.0154736422986692,-0.01547364229866921,0.8430750835194464,PFAS,134.64120893437843,95.42468403608989,81.8865108760266,6.273003840844068,0.7848466006203754
PFOS (Perfluorooctanesulfonic Acid) - Congener 2,485.87698249785075,4.417889429475959,54.4,0,3,7,0.9895416258222237,0.010458374177776286,0.9377718684289504,PFAS,234.7694378991955,164.62215070982543,54.69589951788046,6.218533941000333,0.37470315261941534
GenX (HFPO-DA) - Congener 3,319.1237311264776,3.4183268698248064,37.3,0,3,4,1.0055566918763135,-0.005556691876313469,0.7545045464778594,PFAS,135.01815005797567,96.96019547569362,62.29670326443916,5.430622807486845,0.8823600407144752
PFHxS - Congener 4,379.28472650273073,3.7640476413957056,54.4,0,3,5,0.9519306039972619,0.048069396002738074,0.8144541571458039,PFAS,128.40237578084606,98.46668222059861,90.2124185712608,6.438060914069032,0.6329589866246059
PFNA - Congener 5,459.49157786200044,5.905436440247942,37.3,0,2,7,0.9995775425442918,0.0004224574557082361,0.8443132407100798,PFAS,193.57333609583102,130.72897287797826,101.79666551908805,5.14803513285327,0.40975439905278777
DDT - Congener 6,378.7086315137095,7.412823982675637,0.0,2,0,2,0.9178867355205049,0.08211326447949507,0.8547403703303642,Persistent Pollutant,164.92483341109443,98.33834202332383,78.63029364728888,6.242402628664168,0.3787292897590119
Dieldrin - Congener 7,391.11894809536915,5.548973858792886,25.8,3,1,0,0.9268478219604637,0.07315217803953633,0.85055766025652,Persistent Pollutant,158.463432633269,98.79866725859846,75.78469035075454,5.6931305797474145,0.6549057192809896
"2,3,7,8-TCDD (Dioxin) - Congener 8",294.28488994165895,6.483973469945888,18.5,3,2,0,0.9350308943751137,0.06496910562488634,1.049724502745534,Dioxin,130.5507651667581,68.48647521263588,46.71842508874989,5.079171444898114,0.6797996663081568
PCB-52 - Congener 9,276.0672861301733,5.636321903805815,0.0,2,0,1,0.9102874975242269,0.08971250247577311,0.7791225860264748,PCB,114.92426852191805,75.24308481453191,42.92000217827937,5.0917436162912715,0.33181546261788647
PCB-138 - Congener 10,361.8134200820099,7.511012496325978,0.0,2,0,1,0.9155151143462368,0.08448488565376322,0.7540231002193755,PCB,177.12717680955268,90.52479191921131,72.37943445276623,6.419253459658995,0.4458011484772715
PFOA (Perfluorooctanoic Acid) - Congener 1 - Congener 11,391.2254007253001,5.090008434728958,37.3,0,2,6,1.0510806015328242,-0.05108060153282423,0.9056657334967895,PFAS,121.56915243614839,131.72046635849173,51.688946136466704,4.697405498291772,0.7772771527328804
PFOS (Perfluorooctanesulfonic Acid) - Congener 2 - Congener 12,511.73193265223836,3.8911898907471367,54.4,0,3,7,1.0123760780627813,-0.012376078062781293,0.9687155086680013,PFAS,164.3934441418984,172.33869982073037,86.04111531169976,5.30120528960378,0.3297747766461153
GenX (HFPO-DA) - Congener 3 - Congener 13,303.8241006437596,3.5274059872367802,37.3,0,3,4,1.0104188103518021,-0.010418810351802144,0.6958025036566207,PFAS,101.70035597412424,91.25905220101453,50.06895241757867,4.384201945786298,0.8130531983436218
PFHxS - Congener 4 - Congener 14,375.2685217852876,4.024200356884213,54.4,0,3,5,0.9489117100102021,0.051088289989797864,0.8738382266097676,PFAS,164.3804520245177,133.44132292800583,81.59334388696027,6.680290581014617,0.6948974859158001
PFNA - Congener 5 - Congener 15,463.77847072170863,6.006611165953974,37.3,0,2,7,0.9684483463294132,0.031551653670586766,0.8312345632120737,PFAS,199.0162345301432,170.79474379195315,52.5630101294847,6.751600084743766,0.5606539556179229
DDT - Congener 6 - Congener 16,344.0207898071328,7.387445557097979,0.0,2,0,2,0.9355031203403988,0.06449687965960116,0.9262097517409931,Persistent Pollutant,164.58359567089778,108.69450087947098,91.48673391332119,5.599816545541688,0.5078597093825495
Dieldrin - Congener 7 - Congener 17,373.91263443807696,5.374884965672634,25.8,3,1,0,0.9573055363321444,0.042694463667855564,0.8937595087600346,Persistent Pollutant,166.9802181570403,121.06806233866249,79.44733979591784,4.570677367026055,0.3115493783093364
"2,3,7,8-TCDD (Dioxin) - Congener 8 - Congener 18",312.2307813947087,6.784208211480199,18.5,3,2,0,0.8989765934631258,0.10102340653687425,1.146889177134537,Dioxin,125.41408064012876,80.11129401057173,73.11362588328869,5.874427090563821,0.795128967451106
PCB-52 - Congener 9 - Congener 19,288.58257525523095,5.991787005226199,0.0,2,0,1,0.8943772157996697,0.10562278420033033,0.8372067731132866,PCB,143.8198471544025,109.365246742284,69.43838740415322,5.517427207652862,0.38563311238112286
PCB-138 - Congener 10 - Congener 20,333.7786972916311,7.300310323263981,0.0,2,0,1,0.9304333216218964,0.0695666783781036,0.7601606185261757,PCB,117.89784257731475,68.37163185311329,52.836108824458584,5.6216435220403325,0.4857251951172529
PFOA (Perfluorooctanoic Acid) - Congener 1 - Congener 11 - Congener 21,359.6562080099733,4.335928413920511,37.3,0,2,6,1.0593511330336998,-0.059351133033699766,0.8689387795753911,PFAS,167.8293729837864,97.00665005453996,69.80003165726707,5.122331241004917,0.6414641882176824
PFOS (Perfluorooctanesulfonic Acid) - Congener 2 - Congener 12 - Congener 22,491.25437670117685,3.772682913343584,54.4,0,3,7,1.0320723162022567,-0.0320723162022567,0.8811713001698994,PFAS,189.3088406651905,169.16839857845963,143.07743987487257,5.299060267817773,0.4475955600427526
GenX (HFPO-DA) - Congener 3 - Congener 13 - Congener 23,328.30594255737503,3.6987311722261786,37.3,0,3,4,1.0179542365891647,-0.01795423658916473,0.7503955157358841,PFAS,141.08850301495002,70.91996090378473,83.17337142058166,5.398025413410894,0.5982842782513209
PFHxS - Congener 4 - Congener 14 - Congener 24,351.65138610954733,4.38385464235921,54.4,0,3,5,0.9169500226283998,0.08304997737160025,0.8283130323745419,PFAS,156.64440897453795,83.21264086454744,103.35434242780964,5.889055802111843,0.7856056972432215
PFNA - Congener 5 - Congener 15 - Congener 25,491.10228344239016,6.0398601522166455,37.3,0,2,7,1.0068327977906153,-0.006832797790615297,0.8903679406515314,PFAS,209.5783009047414,156.1003699991695,122.40767093026857,5.35897669094514,0.582322760874165
DDT - Congener 6 - Congener 16 - Congener 26,345.49634238367963,7.200604194381668,0.0,2,0,2,0.9028458970642992,0.09715410293570081,0.9875940278395389,Persistent Pollutant,113.35785457554668,107.79442152646939,46.68347543663914,5.652864245954809,0.8693864064717576
Dieldrin - Congener 7 - Congener 17 - Congener 27,381.3144973871353,5.480947176592189,25.8,3,1,0,0.9825237824143062,0.017476217585693843,0.9615027079093741,Persistent Pollutant,148.1750776222349,132.61571384628854,43.053143361046985,5.155333830788299,0.8085003722258051
"2,3,7,8-TCDD (Dioxin) - Congener 8 - Congener 18 - Congener 28",316.71268890722547,7.04098042546482,18.5,3,2,0,0.9002313024126543,0.09976869758734574,1.1309307671089215,Dioxin,130.57673833834983,114.81548457456744,68.26181027102169,5.680394658827063,0.4998235412180365
PCB-52 - Congener 9 - Congener 19 - Congener 29,278.01737023433174,6.58140942622143,0.0,2,0,1,0.9016698553561546,0.09833014464384537,0.9029314045042681,PCB,130.61499369844046,62.75294530359696,47.697398435001354,4.889600340569552,0.5399772747503626
PCB-138 - Congener 10 - Congener 20 - Congener 30,329.998988283394,7.159505093322592,0.0,2,0,1,0.9384044986169667,0.06159550138303327,0.7801235846812885,PCB,128.28022613696973,67.21293926257427,51.18006516039024,4.465898396461661,0.5539960362135163
PFOA (Perfluorooctanoic Acid) - Congener 1 - Congener 11 - Congener 21 - Congener 31,366.2520987460469,3.9301608630533114,37.3,0,2,6,1.0603989395738365,-0.06039893957383646,0.8001578962086063,PFAS,177.1742553441803,123.76673078944764,95.75375418894407,5.583185724171047,0.6757076717547088
PFOS (Perfluorooctanesulfonic Acid) - Congener 2 - Congener 12 - Congener 22 - Congener 32,479.90751355039805,4.085831010776123,54.4,0,3,7,1.0310540380379674,-0.031054038037967358,0.9079984299101163,PFAS,186.2400337458629,124.90954017222418,83.2153166140467,6.060204205362515,0.4720774375131239
GenX (HFPO-DA) - Congener 3 - Congener 13 - Congener 23 - Congener 33,357.888346931511,4.290362761588483,37.3,0,3,4,1.0184645215339536,-0.018464521533953615,0.770521728493265,PFAS,146.6468874116426,116.38413901786497,58.4790252999303,4.762889985138641,0.8815494832935054
PFHxS - Congener 4 - Congener 14 - Congener 24 - Congener 34,321.47492992324527,4.6283121042190265,54.4,0,3,5,0.8989331709880162,0.10106682901198383,0.805427255718459,PFAS,147.63965580155767,73.97424816417455,86.79743338225163,5.8829206029430345,0.6652105323621006
PFNA - Congener 5 - Congener 15 - Congener 25 - Congener 35,488.4005682091621,5.951782301413463,37.3,0,2,7,0.9823544945795295,0.017645505420470498,0.9100949454013239,PFAS,203.47428813798368,143.49599870273408,131.50550002255733,5.131870195069547,0.5396409952446801
DDT - Congener 6 - Congener 16 - Congener 26 - Congener 36,330.3417130111635,6.373462303807271,0.0,2,0,2,0.8816826531949987,0.11831734680500128,0.9908674336153094,Persistent Pollutant,162.54253048239298,99.39484954219608,56.57872441632318,4.852471592870855,0.6870058892949404
Dieldrin - Congener 7 - Congener 17 - Congener 27 - Congener 37,343.6029358563359,5.914739009821417,25.8,3,1,0,0.9881869428623881,0.011813057137611938,0.9639387184714038,Persistent Pollutant,148.45954676005795,108.92747825331743,91.57009313670636,4.307786777826686,0.5372430063178246
"2,3,7,8-TCDD (Dioxin) - Congener 8 - Congener 18 - Congener 28 - Congener 38",303.6317468889952,6.809968388061798,18.5,3,2,0,0.9313255594659751,0.06867444053402494,1.1076369954260608,Dioxin,122.83176099748631,91.88929107969975,82.02784653595708,4.217311450418063,0.7906774085876513
PCB-52 - Congener 9 - Congener 19 - Congener 29 - Congener 39,255.05829360909703,6.226921288777668,0.0,2,0,1,0.8905052452407564,0.10949475475924364,0.9042698989515824,PCB,77.72095349173922,76.29766712428236,47.13122913560134,4.2361202536733025,0.6407045763310328
PCB-138 - Congener 10 - Congener 20 - Congener 30 - Congener 40,354.6975991911871,7.2669696639961,0.0,2,0,1,0.9379200251737431,0.062079974826256934,0.8116809513992557,PCB,135.7592928529874,94.54352095563429,40.18533185830198,4.467414682776574,0.3251823020436402
Industrial Solvent #1,198.92252584986056,-0.21106528061211027,1.3310231935055725,3,7,5,0.40989261020780776,0.5901073897921922,0.5284195866801139,Industrial Solvent,71.58220803812,42.616375649768855,19.955296880949735,4.228842498052793,0.40605412045407646
Industrial Solvent #2,141.18578211360557,0.8562363071766925,15.739761248732137,3,9,3,0.6295161536885179,0.3704838463114821,0.6177283017474474,Industrial Solvent,63.480111398944956,30.76495222266633,28.89486934078809,2.863246709240792,0.8189963838177208
Industrial Solvent #3,50.31557647638251,3.305432748389566,64.55891985339696,0,3,0,0.6318350227461,0.36816497725389996,0.17261500029111582,Industrial Solvent,17.190595201417032,14.428276083221778,8.494029007703286,2.2128904226237847,0.637739895814074
Industrial Solvent #4,112.8421685281213,3.507068286850509,3.8498943670291723,1,2,1,0.3284030658133022,0.6715969341866979,0.665035426971355,Industrial Solvent,38.48414649359508,30.59812732376904,33.787921901888765,2.5177831042635916,0.8702060859083431
Industrial Solvent #5,150.2858970084371,3.0720197400353886,37.042356031472146,1,2,4,0.44476799633514597,0.555232003664854,0.4675440810068915,Industrial Solvent,50.78217698515312,45.5707358212437,38.24508568847771,2.915076642246348,0.3434533877164109
Industrial Solvent #6,181.05478901995176,3.3438383327965626,40.56548868834543,1,5,4,0.34822336656147607,0.651776633438524,0.6947579360401799,Industrial Solvent,58.86509837350835,47.24943988797471,45.67199232911346,3.581844320811395,0.4771563780515844
Industrial Solvent #7,173.0018943679034,3.169294242055755,14.921377612579114,1,4,2,0.5129970797748586,0.48700292022514136,0.4351854378702552,Industrial Solvent,62.66152846972082,58.402328668894434,50.35195113578047,4.399254172635793,0.41612602394374354
Industrial Solvent #8,101.47510297589874,3.3750409252966875,36.913688677250185,3,4,2,0.5609166594367758,0.4390833405632242,0.3579586464340889,Industrial Solvent,48.42233845112412,37.82900150116762,28.163895235678357,3.0724313095286697,0.6323041753372418
Industrial Solvent #9,150.94499335916487,0.6522870455325112,32.02691240518051,1,2,2,0.42252539951128504,0.577474600488715,0.4475598122923161,Industrial Solvent,68.67781262895949,39.211379081179494,24.700260730619288,3.929878086469008,0.5296756986479456
Industrial Solvent #10,163.90265386289195,-0.4067582941561876,83.00267259475504,1,8,1,0.6558608132070265,0.3441391867929735,0.3357845352071748,Industrial Solvent,73.27272128058812,39.10664898343923,21.83141461192985,3.165854910320808,0.3943641204458359
Industrial Solvent #11,128.87188983099855,2.0700883194890705,27.8734896407917,0,0,3,0.3662513388113061,0.6337486611886939,0.3038612962906707,Industrial Solvent,59.212427144484025,28.76885999935474,32.11209814496242,3.7150745604517974,0.6856511483757282
Industrial Solvent #12,127.58590725714978,1.273461668352886,43.88233774826793,2,0,1,0.30268415612162397,0.697315843878376,0.608283693816271,Industrial Solvent,45.15055734542889,41.24224762485226,22.411074309159773,2.619184304751614,0.6217790194783119
Industrial Solvent #13,129.66280173278642,4.050340170468057,11.854678737168836,0,1,2,0.5320886075140117,0.46791139248598834,0.1165220319216793,Industrial Solvent,61.91247571932564,37.4428826219911,25.236858516038943,2.9098442087919993,0.46484175077778056
Industrial Solvent #14,125.8182676865675,4.784104442706214,44.25583165622498,2,5,3,0.4536826851943201,0.5463173148056799,0.34849013459693606,Industrial Solvent,41.200534867537364,29.894815904410432,28.444936869164952,3.3883969725262055,0.5878628146694267
Industrial Solvent #15,109.31514019893716,0.8792375664210441,7.116309257857949,1,4,3,0.35882474022663535,0.6411752597733646,0.2883800304264117,Industrial Solvent,40.148078113926594,36.142574753562435,30.78035981228576,2.8675975222578725,0.7474429890247137
Industrial Solvent #16,183.26055084630218,2.6176572588767693,38.92013764068274,0,3,1,0.630682943896595,0.36931705610340504,0.6824452922063489,Industrial Solvent,76.48372195188803,42.094332151052576,33.686505602766346,4.664776348498618,0.42316300473039514
Industrial Solvent #17,166.03083373018458,4.880653954482602,1.958933514965409,4,6,3,0.49115137920889695,0.508848620791103,0.28139994961089626,Industrial Solvent,53.226333641555506,51.612368411869994,42.61403464462967,3.020872198733801,0.47574344802103746
Industrial Solvent #18,88.90023459756418,0.1677430202292316,43.6998722317162,3,4,2,0.32305903287960996,0.6769409671203901,0.4346252957500264,Industrial Solvent,39.651819375286806,27.152769878355304,13.661117538992109,3.2646685321954263,0.5076665922564692
Industrial Solvent #19,102.09155585457614,2.482805605962176,102.22248009249921,2,3,1,0.35567868053827817,0.6443213194617219,0.6963090333398189,Industrial Solvent,38.53437706829863,35.41000288586956,24.460560801056943,3.0610224092021956,0.748035862320619
Industrial Solvent #20,182.04721432233904,2.7404357489566404,12.418462252407299,1,2,2,0.527750944472913,0.47224905552708696,0.33708264595859116,Industrial Solvent,83.17393756123559,38.41595415116891,18.262227273729074,3.9864098157241363,0.8081535597305443
Industrial Solvent #21,55.9189299336349,1.8532762249209602,47.612189844837204,4,5,0,0.5172098335830653,0.48279016641693473,0.5743058765649309,Industrial Solvent,22.28812555172133,21.11356683996009,15.33864315493153,1.7783335193592924,0.5258330978649666
Industrial Solvent #22,68.72312209502724,3.765263975296433,54.030795152962995,1,5,0,0.41030702730054275,0.5896929726994573,0.3776053630392361,Industrial Solvent,23.102989033700645,23.406981664561815,7.289868125983957,2.176121187845044,0.47797251710035094
Industrial Solvent #23,197.14810672440277,1.9004446158388797,13.190974046206442,2,0,4,0.6454190090058181,0.35458099099418194,0.3647342281931959,Industrial Solvent,88.11581201774061,47.95138762255653,47.81842133487082,4.741780630230091,0.8336680550110065
Industrial Solvent #24,140.8632954708585,4.512408263638264,77.85764502141976,0,2,3,0.44490723483943645,0.5550927651605635,0.37358756545596217,Industrial Solvent,49.36255435176399,33.33967545660161,15.389545743457676,3.2264142883524136,0.8996189593156074
Industrial Solvent #25,116.51837545728561,2.612701912128677,36.80046125690813,0,7,3,0.5365627037689952,0.4634372962310048,0.363489889980249,Industrial Solvent,46.39319642947634,33.36294447177266,17.85634081890418,3.317554356323105,0.7022121837970795
Industrial Solvent #26,177.04532813105908,4.35854123117249,81.71282423219145,2,4,3,0.3249830374476286,0.6750169625523714,0.4759555066559261,Industrial Solvent,55.788160923856985,64.35829003377194,35.31000535015014,4.6085037127135315,0.8939883689935086
Industrial Solvent #27,188.957391009513,-0.8853034334214158,73.7233815995804,1,9,4,0.4907373873271268,0.5092626126728732,0.4866821662726202,Industrial Solvent,80.03731150474887,69.64780449291311,34.765842774424875,3.5921068187943117,0.695979766681146
Industrial Solvent #28,172.96967074770913,1.000443932954663,68.42579386368574,0,2,5,0.5932204759439974,0.4067795240560026,0.5060927793144374,Industrial Solvent,74.92554094175964,52.59855792873952,23.933332990782233,3.9121350786346203,0.740076163204695
Industrial Solvent #29,174.27039491736755,0.767716378077159,61.752873605439916,0,4,1,0.30572611106682396,0.6942738889331761,0.6622546170752768,Industrial Solvent,65.4794592986061,64.85684878138903,29.061850790311752,4.110281643308194,0.5331936009261082
Industrial Solvent #30,173.28899539098944,3.8550990268341865,55.48534861344875,2,1,2,0.6537697102007908,0.3462302897992092,0.33946011284423383,Industrial Solvent,85.06489157331961,34.84646605760364,42.54960070059666,3.290318815725617,0.5597805281994321
Industrial Solvent #31,158.47242296969443,0.6820067647491255,103.28333783927377,4,1,1,0.574962545654495,0.425037454345505,0.1605647199865129,Industrial Solvent,75.24806030532191,32.809326411114554,37.05900090711943,3.1233198098941544,0.3864813983936371
Industrial Solvent #32,180.34163784187177,3.090491864540967,63.53800955310125,1,9,2,0.3451726570744045,0.6548273429255955,0.38695593051713406,Industrial Solvent,79.63673620052657,68.95620749158152,20.62439571557055,3.8089053450765116,0.793650008859074
Industrial Solvent #33,71.77947693269904,3.26066033853024,52.79487456759066,2,7,1,0.5667417684057071,0.4332582315942929,0.19139775367872128,Industrial Solvent,31.778957603628996,25.486479461826036,17.90633550589989,2.334026736062577,0.8586354185323202
Industrial Solvent #34,89.92520187733062,-0.867838472657098,29.828640903707825,0,0,2,0.5333029969824462,0.4666970030175538,0.6873886691048853,Industrial Solvent,31.517015597270667,26.0910070305665,9.946552502813796,2.972038255039124,0.6740628802164672
Industrial Solvent #35,140.5239644065068,1.1468845046812932,50.585364674624756,1,3,3,0.5591269783962114,0.4408730216037886,0.14306548373590783,Industrial Solvent,60.61684535297698,49.28484953974048,29.311230156092954,2.8327734050974644,0.5061883850672391
Industrial Solvent #36,152.39258318351034,0.4515900818931775,45.51548634261084,3,4,3,0.585581053002636,0.41441894699736403,0.4315005804447335,Industrial Solvent,51.758807907532464,59.60498986952839,23.1655851111414,4.236668039961058,0.3924097952246198
Industrial Solvent #37,128.02548384661267,-0.1427442319635297,39.23277063424017,1,1,3,0.6101384601612543,0.3898615398387457,0.5330329316303076,Industrial Solvent,42.09486163754527,45.374523742883,27.850410971205932,2.631702366798714,0.45909373782318896
Industrial Solvent #38,90.73205711168634,1.4146798246020138,13.07227714667355,0,9,2,0.3410993009809693,0.6589006990190307,0.5290232313104103,Industrial Solvent,45.35637274512298,33.432428216187546,13.815378300251693,2.86116561316612,0.45324625251110595
Industrial Solvent #39,139.0228644463902,4.374360355557037,22.202626668091483,3,8,1,0.5333066071252182,0.46669339287478184,0.658532423236485,Industrial Solvent,59.011756285095245,48.9529140216026,41.28862210397574,3.488982816345542,0.6681167304981439
Industrial Solvent #40,174.00719898965275,-0.22042045278579225,27.128442194564478,1,3,4,0.5259937430701014,0.4740062569298986,0.6351232868864408,Industrial Solvent,67.2011582008132,40.65542800460058,28.17970663868135,3.251569392686537,0.8670224792181627
Industrial Solvent #41,115.07261293647943,4.459658863126352,38.03357179656985,0,8,2,0.4509272215852771,0.5490727784147229,0.10261796179018545,Industrial Solvent,41.15375280171387,42.19883276192276,17.0758698086151,2.664273482713754,0.3289631321747889
Industrial Solvent #42,75.0429633120798,3.278276303805912,99.45075419200087,0,7,1,0.5665541654312826,0.43344583456871744,0.6704636246388028,Industrial Solvent,31.57688493305584,17.936901467003956,11.683668453177567,2.793477257771444,0.3006133797566688
Industrial Solvent #43,155.38107523022103,0.7883132518366589,58.473134493134246,1,0,2,0.34214596890034255,0.6578540310996575,0.6740798892905716,Industrial Solvent,48.15550109540146,58.81519662887923,43.397090818153664,4.1562323309628955,0.6601091665885954
Industrial Solvent #44,125.06017185653019,1.596374816118228,76.11653311506448,1,2,2,0.48307984206371757,0.5169201579362824,0.13141301211248343,Industrial Solvent,39.886215745774294,36.483801386505924,28.419144396002736,2.948071537003981,0.47043627724782916
Industrial Solvent #45,165.13514427768774,1.4990265914232737,28.10013520534247,0,5,3,0.6288719547265693,0.3711280452734307,0.628094042752891,Industrial Solvent,50.625702387676064,55.38555958864198,40.64583919756716,3.617565517561083,0.8283290054033743
Industrial Solvent #46,82.36110187646813,3.0668792018602655,54.47572146485774,1,8,1,0.543100848901089,0.456899151098911,0.490983856286366,Industrial Solvent,32.930766061141576,24.662881201181442,23.35778161675666,2.4678595485484873,0.49635018474349024
Industrial Solvent #47,160.7896187198496,0.8937640625801,86.43999261772056,0,3,1,0.5579330416089254,0.44206695839107457,0.1258041711201637,Industrial Solvent,67.55114779747912,35.180476884773874,45.402887703855086,3.0346091411838745,0.4738425603173336
Industrial Solvent #48,150.02999908263826,3.9398565789243074,17.157773701455852,4,4,3,0.612806133973187,0.38719386602681305,0.24513333013248756,Industrial Solvent,46.88376743263094,38.72941332565383,37.17580884512899,3.780859717419279,0.46170637273097836
Industrial Solvent #49,186.66030541510753,4.029592157274229,14.227361729077916,3,5,2,0.5837531868349564,0.41624681316504364,0.5349138995890103,Industrial Solvent,82.92288749977146,74.05679874575173,26.051224202728864,4.457008536115936,0.38691169636094647
Industrial Solvent #50,181.6470529476172,-0.7500590897039054,75.86008354008447,0,3,3,0.4590590318368144,0.5409409681631856,0.2603515778761572,Industrial Solvent,62.86423303514039,71.2316112623483,48.803960941813806,3.587003040357564,0.6489182845662664
Industrial Solvent #51,82.9708023234785,-0.21089039850173252,17.105535305688573,0,1,1,0.6428518239425128,0.35714817605748717,0.3613045752833144,Industrial Solvent,36.261583571543476,21.912371471224358,11.678572442573678,3.145058547696566,0.400928161400526
Industrial Solvent #52,99.81490480897047,1.0508222329530952,44.072616397529956,3,8,1,0.5956106231151834,0.4043893768848166,0.10081217542928089,Industrial Solvent,49.54606535565482,39.85203509723784,24.811965363283452,2.3947675295709585,0.5547786958741745
Industrial Solvent #53,94.97007913478538,2.8787524498275827,45.200249931112246,0,7,1,0.6896777775265428,0.3103222224734572,0.3388031757727017,Industrial Solvent,41.6178995743414,35.05442861672767,22.519363410442185,2.9952748080496776,0.5765832313533894
Industrial Solvent #54,95.4373593249789,-0.6058308462738053,47.31859593725501,1,1,1,0.39129414539747964,0.6087058546025204,0.5484666439580164,Industrial Solvent,45.489130346532775,30.74914412106085,24.029005508212663,2.7617250461852803,0.3122952281267847
Industrial Solvent #55,121.071474259692,-0.6529333033170364,40.62659464887885,3,5,2,0.6831159203952815,0.31688407960471854,0.2352287608040595,Industrial Solvent,59.28140049835193,25.185884237760547,25.00575556217905,3.108519474682676,0.3100843678926855
Industrial Solvent #56,79.37496262014051,-0.1551823066439435,46.9210271715605,1,2,1,0.5489654566263986,0.4510345433736014,0.5866742619600825,Industrial Solvent,31.539658039698,30.185454203758713,18.077269630121425,2.5283104197910036,0.6121276132540976
Industrial Solvent #57,145.39320607455926,1.3289942367619734,15.674274663689854,3,5,2,0.5696521182144252,0.4303478817855748,0.381992960894762,Industrial Solvent,64.04061791518379,45.287927229325916,42.26057318937454,3.144824920778985,0.7176208393374794
Industrial Solvent #58,183.5211706094022,3.2463281016051653,2.2726642325615103,0,1,1,0.3248812904658811,0.6751187095341189,0.47855307413749804,Industrial Solvent,86.32723012997799,68.58098610489654,22.062496488562363,4.247880675707545,0.8652854893682429
Industrial Solvent #59,117.15101381156275,-0.1943508945863468,8.22983081354176,4,9,2,0.6831736484227081,0.3168263515772919,0.14574353078413868,Industrial Solvent,43.50072327896354,42.98104623248211,18.95145565187729,3.4014410166227567,0.40747157049417304
Industrial Solvent #60,91.2055722571838,3.841792945303961,45.54221736687173,1,2,1,0.48386594816106443,0.5161340518389356,0.3673249832451345,Industrial Solvent,32.12985004583175,33.43607616167793,20.272390472334497,2.5169307308299853,0.36195528566164953
Industrial Solvent #61,81.37781981118917,-0.7001258280419276,27.122667391040146,0,3,2,0.6374598656207294,0.3625401343792706,0.6968915763795706,Industrial Solvent,39.819771561173646,27.638737289065798,23.828306639133523,2.953400887712346,0.3312527441562906
Industrial Solvent #62,156.75842086190733,4.886862390750931,57.65659809312159,2,4,2,0.5278159118268414,0.4721840881731586,0.45613656122727153,Industrial Solvent,69.79836421543052,40.488039563203685,18.672261984258405,3.349513847349559,0.5616249497477701
Industrial Solvent #63,60.962234304052245,2.7340595877034763,56.46124803955095,2,1,1,0.6924711347049177,0.3075288652950823,0.3371235557859821,Industrial Solvent,20.96713302866991,16.291062940076852,6.371153615663446,2.4568642115101675,0.6738884204015742
Industrial Solvent #64,192.93451939967412,4.802316088556209,22.565618636499504,1,7,4,0.4571175103237373,0.5428824896762627,0.28599996230307356,Industrial Solvent,75.20909352717045,50.489775735782125,21.444656337486922,3.4018484171834027,0.8043320140507586
Industrial Solvent #65,84.8059743351659,1.749407902357003,49.18043194053689,4,9,2,0.6125395362457624,0.3874604637542376,0.32619132515576804,Industrial Solvent,38.950565965873956,17.301198971409466,9.369460493725626,2.3061226473504606,0.7095869293758789
Industrial Solvent #66,132.79854531810815,3.8285187319381695,71.63998936129558,1,7,3,0.3184226936759825,0.6815773063240175,0.5373168653619681,Industrial Solvent,54.36939747370095,42.03256980187842,37.39117959772078,3.0815290055570275,0.42501647344491444
Industrial Solvent #67,64.3098915969816,1.5722121259186017,102.99165367499546,1,3,1,0.3116679054581058,0.6883320945418943,0.33870197530129414,Industrial Solvent,27.652637274350294,21.850361837537346,15.70779273423616,2.401912012373954,0.5770622198377675
Industrial Solvent #68,187.92965369840746,4.9595300925377845,32.5892289776201,4,6,3,0.31796451959824634,0.6820354804017537,0.335474911737688,Industrial Solvent,84.70997554536181,69.67927883328912,44.24263835309148,4.18771074594742,0.8462078077851933
Industrial Solvent #69,163.1397460020534,4.510558592872452,15.99619854081849,1,3,2,0.6803714378010193,0.3196285621989807,0.44430475246270806,Industrial Solvent,69.2368080152641,37.20125984047596,33.364454033223005,3.5342773477179583,0.49604463748642275
Industrial Solvent #70,112.34058438610032,4.083630006331156,70.22541069510766,1,3,1,0.6608945613848952,0.3391054386151048,0.403574744640959,Industrial Solvent,45.83674064374775,34.6948874710445,28.80306122918843,2.543019164949758,0.5992382190551588
Industrial Solvent #71,83.12791744445134,-0.7664202200459953,46.41711604604445,4,8,2,0.31440752731657057,0.6855924726834295,0.44897337579351615,Industrial Solvent,37.40115010288906,16.758723500253023,10.900530442981148,2.498944967492004,0.8751392007862182
Industrial Solvent #72,115.49212846531492,2.4805330080167276,34.317589870553505,1,2,1,0.506679354090507,0.493320645909493,0.3118302349601814,Industrial Solvent,51.453199250544515,25.29493924859158,20.60243729491041,3.336559036209827,0.7408248033442186
Industrial Solvent #73,184.1141453799876,4.678739078902433,82.33152703177672,1,3,3,0.6570232909945898,0.3429767090054102,0.22280806543437037,Industrial Solvent,78.42792734562978,38.81905886680651,36.45475731040641,4.184909748933531,0.7486442313850152
Industrial Solvent #74,138.6695454887775,0.1168153865200876,27.837699771586646,3,8,2,0.4326258796268775,0.5673741203731225,0.2771450814937853,Industrial Solvent,51.57923053170246,47.85425094555938,16.929041520972923,2.937332800555266,0.45140040264793657
Industrial Solvent #75,181.92448560921895,1.7600143734847933,66.98305122267166,1,3,2,0.33802121821307707,0.6619787817869229,0.6255298501102342,Industrial Solvent,69.34277690827275,39.33424101427191,33.456411716370525,3.1270291426534857,0.5488188709830769
Industrial Solvent #76,130.86418291040133,0.6948345582200222,62.33752081599037,4,4,3,0.47009127417507757,0.5299087258249224,0.10000698085321968,Industrial Solvent,64.65838442601499,44.92444338716264,21.370167637618334,3.6364957026595377,0.34940529785803304
Industrial Solvent #77,112.48487427234383,2.135061086513531,7.382621834115923,2,2,1,0.3218537680003889,0.6781462319996111,0.21467122569760158,Industrial Solvent,36.273805774461636,28.11277555264786,12.048978066417954,2.5795901774274927,0.6639155202303202
Industrial Solvent #78,96.51268075141326,3.390348419385277,7.425246133444439,0,4,2,0.5562542371210346,0.4437457628789654,0.4657786069941412,Industrial Solvent,34.136630097225485,36.24462230370694,12.290608129345845,2.3621915216760034,0.3622380987254965
Industrial Solvent #79,184.40611994858287,3.908160494832158,21.501848378635092,2,5,3,0.4011254424356802,0.5988745575643197,0.23229306081346385,Industrial Solvent,73.48221555872045,66.87119084779783,46.61922520648928,3.1403148652941275,0.8015457493235729
Industrial Solvent #80,164.37243267133294,2.2548260207759365,28.714701916549345,2,6,3,0.359840579810781,0.640159420189219,0.5255924970835657,Industrial Solvent,76.81878860135488,64.3626631207712,17.03023028025005,3.601262666106965,0.7887322722119982
Pharmaceutical #1,266.9285216004241,3.3418951522766713,59.513502776084174,3,8,3,0.6751318341542335,0.3248681658457665,0.43605501846603734,Pharmaceutical,88.81649706839612,100.56596196664955,76.56862254566451,4.722516624026952,0.6201630606733857
Pharmaceutical #2,512.2927412803604,3.125469092478392,5.092409052794537,0,8,9,0.5516267687885779,0.44837323121142214,0.19541500224415678,Pharmaceutical,182.06419048997046,198.08612558341608,60.084216502144606,6.89362966824548,0.38469961991821783
Pharmaceutical #3,272.07830165125915,1.2947049765672416,27.466606077046606,1,8,3,0.7410554325304803,0.25894456746951966,0.3072051713469327,Pharmaceutical,85.2039439652594,101.14469489010642,70.69889882229911,4.373209486381576,0.3153473899171009
Pharmaceutical #4,334.24418170793706,3.9355764051674216,68.26714454492085,0,6,7,0.7569611671243781,0.2430388328756219,0.28719041219585106,Pharmaceutical,147.46754802218433,113.2006095380087,93.49588825016717,5.7218786808197155,0.7780252005255435
Pharmaceutical #5,393.00016809414427,2.5200179469482373,28.02544621448915,1,0,11,0.6161711813534287,0.38382881864657126,0.3625967968889221,Pharmaceutical,136.62332006494896,91.98240869980143,113.27330541853571,4.96582865743137,0.6600842899280561
Pharmaceutical #6,293.9893619983811,3.114613030130145,48.9955285531224,0,0,8,0.7451384426046755,0.25486155739532446,0.13100123299477667,Pharmaceutical,111.05005699444087,74.77369642329181,80.40473953700526,5.606952795417165,0.7265577820487301
Pharmaceutical #7,401.91823932181126,3.1553618419676503,54.760565439783974,2,2,7,0.7587921413447537,0.2412078586552463,0.17902901714745614,Pharmaceutical,156.24181267148418,97.48341740103224,63.30614504473944,5.953653825159324,0.48228427544182056
Pharmaceutical #8,546.118303563565,1.4718196245391462,24.218954719972587,1,7,14,0.5929363577627298,0.4070636422372702,0.4009092768878403,Pharmaceutical,261.1880619602619,175.14950999490847,90.99282617744117,6.972471150948763,0.6056896427063487
Pharmaceutical #9,228.35663035651413,1.93858948256539,0.36454508756666826,3,0,4,0.7805891295635983,0.21941087043640173,0.27257963742620694,Pharmaceutical,87.29298891967582,68.67231647450448,42.31657072118385,3.8558871816409277,0.7483045023237903
Pharmaceutical #10,322.7106398088565,2.05887551035707,60.461785257304015,0,4,7,0.686387734714883,0.313612265285117,0.34271643134432184,Pharmaceutical,106.18632376127775,120.50531609146259,41.26156873324987,4.302367794782327,0.5775379849882798
Pharmaceutical #11,227.34128012398344,3.3512795274523217,94.40031855948325,4,1,3,0.5857274973778118,0.4142725026221882,0.32886462484798684,Pharmaceutical,92.04206989126914,88.78462982665363,23.74681770169566,4.291182196695032,0.6608305336612386
Pharmaceutical #12,592.819814806385,3.3545854688766408,20.277035273405865,2,5,13,0.7200460239476312,0.2799539760523688,0.694217069199023,Pharmaceutical,292.0180604527012,166.56575591846936,162.3284843651004,7.353668313610418,0.7738369570847774
Pharmaceutical #13,330.1015623698208,3.823817344725555,39.181301810808975,1,0,3,0.7744193344869511,0.2255806655130489,0.4286708166299916,Pharmaceutical,139.150064619062,99.44973422292803,69.593907231993,4.395282726825085,0.4291323871598273
Pharmaceutical #14,591.5830028164416,2.6664862723175804,31.9823165673092,3,8,8,0.5569445908916468,0.44305540910835317,0.4118225577366905,Pharmaceutical,293.8259338072084,233.2631132919848,131.18032948505385,8.286629188982012,0.33955733361448937
Pharmaceutical #15,229.61688716493921,2.816448007643214,62.282498853607734,1,5,6,0.6550369817384475,0.3449630182615525,0.462182320335625,Pharmaceutical,107.5115545595262,58.60920261083657,65.53213032158128,5.214923333511395,0.6190941064864831
Pharmaceutical #16,230.79178682598652,1.2267508415622008,80.94396429227004,2,8,2,0.7854269662536698,0.2145730337463302,0.4594267522902289,Pharmaceutical,70.89765627600423,82.7338139470952,53.78003355477061,4.465244621996929,0.3372754624320574
Pharmaceutical #17,449.45951131610644,2.9455144603560646,64.34189663474777,0,5,7,0.5802206083572624,0.4197793916427376,0.26265775225843946,Pharmaceutical,194.0226454726094,110.13914554971876,107.04808682192908,7.22182321033568,0.7599343766200519
Pharmaceutical #18,439.06731308108124,3.5982869008350744,5.552101337421448,1,8,5,0.7840201186770187,0.2159798813229813,0.6668417552698478,Pharmaceutical,156.90218640632267,147.65483498655578,113.0131732977422,5.273280615251781,0.7315268685802732
Pharmaceutical #19,494.61409133391703,3.648981474489319,89.92951294373906,0,0,5,0.5607897902406029,0.43921020975939706,0.4497556340825579,Pharmaceutical,203.74310391014689,124.01119090928931,60.97092569425762,5.201371238334626,0.8290276028791783
Pharmaceutical #20,301.2406156718435,2.350762738428671,61.741715736827764,3,8,8,0.7872743045251452,0.21272569547485476,0.21312436344955069,Pharmaceutical,107.20220816177132,113.49140116263504,51.82315532234823,4.087244114135621,0.6837372588203764
Pharmaceutical #21,468.9841992100115,3.9310208633168306,39.29343547377286,2,3,11,0.5305679302618811,0.4694320697381189,0.6487291983091353,Pharmaceutical,173.4182023549425,146.46169660548816,137.7132638495507,6.47039697911394,0.34031854245142423
Pharmaceutical #22,373.60838908350354,1.7761349264663229,34.76937226291493,0,9,11,0.630320995701983,0.36967900429801703,0.23750317072849728,Pharmaceutical,181.0632317752055,88.61495142540261,106.3237228515263,4.601409730877296,0.4518912752937705
Pharmaceutical #23,418.75038635041784,3.012026576146977,57.61413052638542,4,6,4,0.7102602907584297,0.28973970924157033,0.6469127759951898,Pharmaceutical,142.93149860714183,102.54101307185672,115.9164130135918,6.990773754794232,0.7847591067376316
Pharmaceutical #24,211.8016220580824,2.067913097465183,6.145791107573601,2,1,2,0.5047439588698887,0.49525604113011135,0.3753643099580922,Pharmaceutical,100.56803242815086,63.27993655222749,40.33077816653154,3.599481400890201,0.40027945038815266
Pharmaceutical #25,493.09338991446606,2.8201951741523095,52.236303471259646,2,3,14,0.701861500579424,0.298138499420576,0.4265523796682186,Pharmaceutical,150.9317257405089,193.45059849076003,133.8445748504289,5.909526139490414,0.7190882806889325
Pharmaceutical #26,280.1128071470504,2.8503508235576236,53.57594309078454,2,7,3,0.7228644481003818,0.27713555189961825,0.3226677630580767,Pharmaceutical,89.12497859742088,99.13988683424621,30.722541983942172,5.454720986577443,0.7681555985522868
Pharmaceutical #27,568.3066433853429,2.753346729272278,16.42041902095053,4,8,6,0.6614995829767141,0.3385004170232859,0.5724240070030633,Pharmaceutical,267.63549380646685,169.16325148647894,73.71135211129416,6.107552530693024,0.4980670787131447
Pharmaceutical #28,364.5357865996575,3.6211687605466754,1.4313380946132455,1,7,6,0.6913862788054217,0.3086137211945783,0.48959339474612895,Pharmaceutical,155.33278372442555,97.52930012248176,66.63478677871267,4.944958139185222,0.4933784840417451
Pharmaceutical #29,574.5122485875706,1.1920190398258628,25.628468279147384,0,3,12,0.7474229712041023,0.2525770287958977,0.3445797147877935,Pharmaceutical,258.21293735447006,178.0147451558983,112.99415749454532,7.313118508638263,0.6346816087254882
Pharmaceutical #30,387.8102168175451,1.0849338232080035,13.20513001848839,0,6,9,0.5630088048548845,0.43699119514511553,0.1068954839788692,Pharmaceutical,132.58592751063324,135.6064387774514,59.21917494973403,5.175683083599765,0.8167717996528583
Pharmaceutical #31,363.5109044916528,3.7720806112771985,84.631811069748,3,4,9,0.5335641849647371,0.4664358150352629,0.5323393291866437,Pharmaceutical,148.10040989330804,129.69549894739896,62.267721859175765,4.881816629998661,0.43434372114808834
Pharmaceutical #32,530.595236078305,2.338603662932631,42.55843953897215,0,3,15,0.74175335978535,0.25824664021465005,0.36598390571030515,Pharmaceutical,237.4115724179477,140.56622358752966,70.33316835812282,5.9956903213000325,0.8647549176254417
Pharmaceutical #33,421.35207514629906,1.764646746744647,25.217513416601424,4,3,9,0.7227592498521265,0.2772407501478735,0.3241121061398125,Pharmaceutical,179.26964522346648,145.04280586384053,83.35473537226454,5.903427080624991,0.659471210892065
Pharmaceutical #34,308.5995016727471,1.6953507708680502,57.08242800703106,4,8,3,0.5955826888290822,0.40441731117091784,0.5973227657517751,Pharmaceutical,121.69305138227945,102.3185582795677,79.85587908432963,6.016622296117811,0.8952758828113658
Pharmaceutical #35,339.55603001672944,2.5647981880340747,30.272919674553986,2,8,3,0.7383456900945472,0.2616543099054528,0.27756573331519396,Pharmaceutical,167.04688344446183,133.04567844544744,78.86938493805981,6.026356622384065,0.35376823439719357
Pharmaceutical #36,383.6756934930247,2.2332808266413195,64.0877190724198,3,6,7,0.7165787682547039,0.2834212317452961,0.5443756893366223,Pharmaceutical,166.9877348125364,148.18248128166184,46.63902240153162,5.167299513578048,0.37593728190405545
Pharmaceutical #37,545.188959594785,2.5956672370225427,51.22834541443435,0,9,15,0.7368296582585574,0.2631703417414426,0.17289723465265927,Pharmaceutical,262.53583074940633,195.10997056924649,107.68371737416105,6.371991716755565,0.7959850822280897
Pharmaceutical #38,453.85570259495216,2.7464314227333952,15.15520495407651,1,6,5,0.5355245117527796,0.4644754882472204,0.33461972147643915,Pharmaceutical,202.3988124311558,156.4345014717325,108.71172810335901,6.062604644621088,0.8188535373623096
Pharmaceutical #39,293.68134837053367,1.658661769689406,70.64149886288195,0,0,6,0.7879588408140366,0.21204115918596345,0.5178578842216643,Pharmaceutical,131.30278866234372,74.832450388898,60.49220787448642,5.894782664913029,0.5672752130225605
Pharmaceutical #40,480.8584384727318,1.5150817231163487,102.65328318609775,2,5,10,0.6500338256229881,0.34996617437701194,0.11328488528357768,Pharmaceutical,151.95302359081302,177.52959410449145,85.75394699486515,5.500673629454266,0.728442705685401
Pharmaceutical #41,578.0456755024035,3.0898818136521697,36.94409816903028,1,0,8,0.6487111250695674,0.3512888749304326,0.3351156239128156,Pharmaceutical,214.9710966824768,165.03269975730532,129.70355590138547,6.544840020527365,0.8205343724673231
Pharmaceutical #42,558.2699110475114,1.6129491501969109,61.73231414300588,4,0,5,0.6523415191876337,0.3476584808123663,0.5756548681436876,Pharmaceutical,263.3213357813112,142.05072289917746,163.97935540762413,7.4466821696323695,0.3258766729312972
Pharmaceutical #43,227.6183625258399,2.4227650629308606,83.92531716257312,3,8,5,0.668203488481685,0.331796511518315,0.5183652514323142,Pharmaceutical,78.87449080164917,63.01208103957852,27.08239285492496,5.163485605642985,0.6443702537959553
Pharmaceutical #44,501.05531762873443,2.395165744901933,69.90576320397423,0,2,6,0.7622512046471078,0.23774879535289217,0.27130526807110694,Pharmaceutical,161.89156097962237,183.98104801921752,89.1894560025088,5.571800193289465,0.8120883999158939
Pharmaceutical #45,412.63095870999723,2.5316853862280144,27.549952529946424,2,4,7,0.746179627302976,0.25382037269702395,0.4886645397702053,Pharmaceutical,150.70157857139958,94.79232499000992,74.81872846290106,5.224498148218659,0.5388929667508651
Pharmaceutical #46,206.20333225063686,1.8426458955587313,35.89148631816383,3,8,5,0.562386907786817,0.437613092213183,0.608756730258009,Pharmaceutical,70.95200495901892,60.05295694095998,44.41484962871686,3.690479477080222,0.48143016366745617
Pharmaceutical #47,418.2340730676591,3.945122027563425,48.779541622017945,3,9,6,0.6351435714411786,0.3648564285588214,0.23206679554285187,Pharmaceutical,202.8676320142503,124.83095904670452,54.5523280192707,4.7723334519971194,0.7774240110569026
Pharmaceutical #48,340.2082137144647,2.1175998212786524,40.23990698851797,3,3,3,0.5206141033171883,0.47938589668281173,0.30996696371778387,Pharmaceutical,161.12034028219688,70.53398754069201,46.03990330291513,5.546283041559866,0.5014719501017018
Pharmaceutical #49,571.7153609048238,2.137679611541347,28.31395026158998,3,1,14,0.749410311866591,0.250589688133409,0.4290514977961376,Pharmaceutical,228.6499239393029,136.72527456672788,89.80063364729521,7.373690506319951,0.30190457891070194
Pharmaceutical #50,226.58533031050885,3.299545148597754,71.55939862627996,4,6,5,0.6751140763194092,0.32488592368059077,0.5551011285498344,Pharmaceutical,70.75552350564337,82.78260731421632,65.97575892863446,4.523559649527219,0.8757435525774395
Pharmaceutical #51,205.8513035510703,1.621726899306635,87.34112521159295,3,5,5,0.7139707604250011,0.28602923957499893,0.6449370932201937,Pharmaceutical,91.17410914767854,75.37317068820407,50.80857203398864,3.431579023796283,0.6552739418106112
Pharmaceutical #52,503.4861284655683,2.7914659179709056,6.9657913606728314,3,9,10,0.6962398211083621,0.30376017889163787,0.4794347945970324,Pharmaceutical,213.82167034977306,130.14261339107654,116.97929258660767,5.361322298723847,0.7917107512260428
Pharmaceutical #53,262.5906864014402,2.421763660348308,14.570982141427457,2,8,3,0.7149191335874298,0.28508086641257024,0.2289475822218375,Pharmaceutical,129.74892935577597,98.46611035304632,69.16416461890253,4.135968835289864,0.7951809374056288
Pharmaceutical #54,369.9403371472348,3.7235155416506025,20.43733334220818,0,9,8,0.6521178940216155,0.34788210597838454,0.3296792586618327,Pharmaceutical,152.33797117520297,131.09079556613264,46.433170099342504,5.08658780185367,0.3398462522236397
Pharmaceutical #55,528.7323786341437,2.9785323059223106,67.79816524133221,2,5,13,0.7388724351624105,0.2611275648375895,0.23502512570252326,Pharmaceutical,194.19216429672642,149.9387193180601,143.74465502559937,7.398661753560948,0.4025161196318789
Pharmaceutical #56,411.4897676393743,3.4777531219480915,7.043474775808157,4,3,10,0.6389344141512534,0.3610655858487466,0.1378841757564348,Pharmaceutical,166.16135350989916,143.89026407968737,90.10249180831092,5.05801400742668,0.4866724084557884
Pharmaceutical #57,510.71619336289086,3.4649437988853133,62.1791752249689,0,7,5,0.638456878276582,0.36154312172341796,0.25574586956502954,Pharmaceutical,253.23998210609324,200.3370713509242,85.32321017900588,5.334081744768895,0.4924195710247937
Pharmaceutical #58,213.4705615497856,3.637557317803743,64.49017467815031,4,7,5,0.5730190049655591,0.42698099503444087,0.5702634334103495,Pharmaceutical,93.77174436793582,62.289416999908475,56.179272072453855,4.0388734386344955,0.6952716706085478
Pharmaceutical #59,371.5939727363562,1.6031954561498354,26.81564379448567,4,5,4,0.6542603120028018,0.34573968799719823,0.548802841822842,Pharmaceutical,161.41864835617616,92.03841507440066,96.80502601281744,5.378623173595823,0.6738797524516109
Pharmaceutical #60,525.0854479572248,3.1205135673416233,88.98562561819875,2,3,14,0.7901790762579097,0.20982092374209027,0.6601426500745888,Pharmaceutical,182.80131445842215,203.9239173559133,141.32239869012184,6.485018983303479,0.5967538668058883
Pharmaceutical #61,520.5391967495234,3.022776526019497,113.483793968743,4,0,15,0.5017155744082368,0.4982844255917632,0.6350265191216475,Pharmaceutical,233.5766104632425,166.9623527520707,64.08023866132838,7.447441103849066,0.4267582393852608
Pharmaceutical #62,539.6716022006817,2.2180354051183317,4.710902292301938,3,4,7,0.5041095651226744,0.49589043487732565,0.10862886764325103,Pharmaceutical,242.88156071961805,119.2960442184816,158.59450745969178,5.627827223974888,0.529190081814182
Pharmaceutical #63,505.74135457457095,2.871229254592027,72.14233905662473,4,4,9,0.728690787350288,0.271309212649712,0.3343561645490693,Pharmaceutical,183.81563846165437,159.07414752150254,147.6386616380179,7.0215175702858525,0.6261563810791018
Pharmaceutical #64,227.73133215510592,2.91496671937548,100.60147320788941,1,9,2,0.719901085888506,0.280098914111494,0.4473041008213555,Pharmaceutical,90.35075873296952,68.34585699211097,39.0545409305356,4.073944965796637,0.5807912196623652
Pharmaceutical #65,427.79379366890157,3.605232363824146,81.69866100663471,2,4,12,0.6137382975126942,0.38626170248730585,0.6886707447207614,Pharmaceutical,153.5440335858905,158.76188249729339,48.417189773083116,5.516896717142036,0.37637551985704704
Pharmaceutical #66,459.80357188297893,3.4132421790324203,5.212157695351614,0,1,7,0.71453004838511,0.28546995161488997,0.6181848527779695,Pharmaceutical,161.73177464476254,140.76382314347228,61.34291589330789,7.261058675241679,0.6897062961011543
Pharmaceutical #67,244.0253136804461,3.7751415260290435,44.723437748823,0,8,2,0.6894930545248675,0.31050694547513247,0.4328126258680518,Pharmaceutical,74.47145343727811,61.261697706546755,72.85770209019628,4.055772821062668,0.34383106608639635
Pharmaceutical #68,499.117739903749,3.430775760098594,25.40929319350561,3,5,9,0.6241482395962388,0.3758517604037612,0.5006563549618918,Pharmaceutical,178.20617024819995,167.26873560787527,106.11372353685458,6.816965552341541,0.5269168098486482
Pharmaceutical #69,534.9468319080603,1.5091852857307695,55.69237012007183,2,7,13,0.505743460399051,0.49425653960094895,0.6765520881572947,Pharmaceutical,219.7529435043481,165.0391702626102,91.64942348507606,6.076177710931852,0.7260176086051375
Pharmaceutical #70,414.3740315408473,2.465486897979716,79.92601541101502,4,1,8,0.620566159967219,0.379433840032781,0.2662075145955873,Pharmaceutical,124.44490757024299,102.18833473694586,65.32214558439937,5.893114673906912,0.3120141207118239
Natural Product #1,472.45762927454143,0.9159540213854878,26.025832926455116,4,7,6,0.2778520541524331,0.7221479458475669,0.6494033393569899,Natural Product,168.49909216276706,148.69449742481623,71.5293041290863,6.993226081759105,0.6419896914271896
Natural Product #2,365.7100722815137,-0.7685699059473421,35.47486865299914,2,6,7,0.30720393134440205,0.692796068655598,0.6857121849928501,Natural Product,174.18114895317586,133.2307815706772,85.14847837095974,6.363411231109092,0.5007125844859783
Natural Product #3,389.2088220926281,-0.12279445166043668,21.903763116471353,0,6,8,0.34002202962306044,0.6599779703769395,0.6644639798137005,Natural Product,162.97329993710667,80.06577506521911,71.56677099041453,6.466656340737373,0.3052991060536407
Natural Product #4,421.56903648255707,-1.360315377441084,20.90422830473193,4,6,7,0.20425212472755433,0.7957478752724456,0.5015851654971275,Natural Product,177.72193995704413,137.50326020163945,123.55435531681114,6.121958168615351,0.4142299626365831
Natural Product #5,462.1625861397969,-0.46974268238606,28.125531396920074,1,1,9,0.2655631409263557,0.7344368590736443,0.1331335124458171,Natural Product,175.9327539154313,124.74555685993975,109.425591325327,5.582397326636624,0.8645677159623928
Natural Product #6,479.8342089007969,-1.6258939740251348,81.01818418846247,3,2,14,0.23153701457517348,0.7684629854248265,0.1996130941857165,Natural Product,208.86915783346058,124.05359610892455,123.99343884210639,6.731284313394702,0.6126893433030542
Natural Product #7,190.0510315143255,-1.956469264687282,56.29889992246872,4,7,2,0.1466714310607907,0.8533285689392093,0.2538778366100596,Natural Product,64.23469308238745,52.932547686068645,30.132269806498662,4.313785610710994,0.8983363227774792
Natural Product #8,274.3619119658607,1.369971040728652,3.462291197046625,4,9,7,0.11876945266583548,0.8812305473341645,0.18815315415026246,Natural Product,127.23516165234957,73.63998081291894,31.78133811753676,3.845712611811724,0.6148900502188448
Natural Product #9,269.9258012828825,2.3232946092907003,39.05682488875671,2,4,5,0.1464775933430328,0.8535224066569672,0.5683336161323282,Natural Product,87.27722122480318,98.9137218040218,53.32777418116695,4.627440579601007,0.626361847374161
Natural Product #10,256.2683783503441,-0.44155085742479283,14.54714097427556,3,6,2,0.10094227181443664,0.8990577281855634,0.3757504343281738,Natural Product,110.50299417561949,65.33807353801174,41.7502983935034,5.255738708882289,0.5351058077597115
Natural Product #11,257.2622138149871,2.111906055926772,4.4241835860939105,4,8,5,0.11709361809921048,0.8829063819007895,0.5003274023165086,Natural Product,94.73163030486853,89.17495672090753,36.123893862434265,4.61089020765582,0.4860242512388486
Natural Product #12,421.96724997811464,2.311014868290944,29.65869252025432,4,0,10,0.19416264901674118,0.8058373509832588,0.6642515243804481,Natural Product,189.6753734973662,92.33148273068161,122.59348102727763,5.482507516153661,0.45092733187976686
Natural Product #13,155.5381101988873,0.6138007078093488,62.40770407213178,2,6,1,0.24126020686695307,0.758739793133047,0.5798307481712317,Natural Product,63.7633009313174,60.703300805038,29.36522858175631,4.135629564881011,0.5060523696784043
Natural Product #14,193.1314015007137,1.4926531260456857,98.69254759565352,4,0,5,0.22484361029218203,0.775156389707818,0.406089028273794,Natural Product,75.41213570911427,62.66405716594756,26.061483197391055,3.4595573821966905,0.5759106485402593
Natural Product #15,407.6839335468416,0.5644852775940468,51.81662784431735,0,5,5,0.36088182474243324,0.6391181752575668,0.6128220700559185,Natural Product,136.1193383273184,139.16034858939892,56.96572925202301,5.144276679795235,0.41519517013847407
Natural Product #16,207.85580014828645,2.2713039449866788,37.556836571716616,1,5,4,0.24722950201370816,0.7527704979862918,0.4459684042778307,Natural Product,88.83014704657145,53.96100079928789,32.45500964070816,4.4738177620245505,0.4349250550834175
Natural Product #17,345.56808061853917,-0.14415241990234295,30.85587731446783,2,4,4,0.3356929310587382,0.6643070689412618,0.50365876864748,Natural Product,171.04029295268697,97.59510017929766,103.62316900769399,5.0495652074866,0.4629268612010635
Natural Product #18,227.17649220247648,-0.9089623272391387,62.167464131310496,3,9,5,0.3622215319915556,0.6377784680084444,0.4763973610544068,Natural Product,105.66448566488822,55.602736205249535,34.89483173184051,4.721756118973664,0.5695559351585036
Natural Product #19,412.59301737859477,-1.239757162877541,18.56358974587389,1,7,11,0.23749707837627265,0.7625029216237273,0.1240354714304167,Natural Product,128.72969746312566,159.4701789668317,68.39156747196974,5.060834039233777,0.6916880200885459
Natural Product #20,252.01131972282786,-0.9622953189714827,32.14884796965319,2,6,2,0.1714439960997089,0.828556003900291,0.5635097716476424,Natural Product,94.56620834870894,75.00383311988546,58.43276230500873,4.128570159004191,0.8136876901717724
Natural Product #21,395.87091955596406,1.07626826641207,96.62007696683246,4,1,7,0.32812729350474157,0.6718727064952584,0.5965318313644281,Natural Product,192.04355526149507,129.08939896676347,62.861244034292746,4.954790657570641,0.472279102312286
Natural Product #22,209.74792715936806,-1.8476815684551995,43.58507563794046,0,7,3,0.16133451173928193,0.8386654882607181,0.5020195226845401,Natural Product,84.02685481192356,72.75199270685717,30.027691582326913,4.938197596767289,0.4102370042048624
Natural Product #23,313.9155650768347,1.8677637093244361,2.767799464343092,0,3,8,0.13702024456167894,0.8629797554383211,0.6978389762074332,Natural Product,135.74411111157625,86.08230867356036,41.35129292554508,4.921118411756711,0.5273084789103331
Natural Product #24,428.60259084954913,1.7686703521400227,64.38742734692414,3,0,10,0.16465022766026532,0.8353497723397347,0.6489795190467811,Natural Product,206.80926604047934,147.4480051320144,69.66357915388559,5.587227323371608,0.8366298458231136
Natural Product #25,216.1986850080446,2.611837423350514,2.388996103053387,2,6,2,0.30868739570621745,0.6913126042937825,0.5636628517990474,Natural Product,102.6422581095713,72.46947447373589,26.199635064696665,3.4197861483404726,0.30591643700228366
Natural Product #26,232.92666371732702,1.386965649444364,53.87998410459663,1,5,2,0.2697344664522989,0.7302655335477011,0.5961151365836519,Natural Product,93.25546828720357,79.45870761551537,24.161323804395145,3.794960199480937,0.7067211696346473
Natural Product #27,333.65747318150125,1.8762202591747466,34.15908111649955,2,1,7,0.17032768000345444,0.8296723199965456,0.6599230526555837,Natural Product,129.30203385284278,99.37853709772209,87.06069042798266,5.106683663756552,0.5862960278469489
Natural Product #28,242.92374260017533,1.0573180561283042,38.07435468674507,3,1,5,0.3035499904877914,0.6964500095122086,0.4597765410759528,Natural Product,89.38100322299555,67.18966493759382,30.991965359414454,3.7227207635861514,0.396627728976408
Natural Product #29,327.2156082739937,-0.24793374994901285,23.19440424345373,1,0,7,0.373879301432407,0.626120698567593,0.4736137245698785,Natural Product,145.21955937327286,79.97687331512358,83.50390821116578,5.24430570138601,0.49261291576468
Natural Product #30,496.538096130403,-0.4406028211813737,20.67384754162684,2,0,5,0.20199155913797445,0.7980084408620256,0.695017644023471,Natural Product,177.46140464395248,181.19929907382328,128.8558544328719,6.316840093967547,0.43497002632622034
Natural Product #31,339.35101462468185,2.9242287198354697,1.651704223150837,2,8,5,0.3816989266257933,0.6183010733742067,0.5260795843387224,Natural Product,118.76522694429639,109.1590440324359,70.44380887171957,5.886125168310559,0.8266993007340735
Natural Product #32,245.53249815602075,-0.29287365197850845,33.48148909189529,1,2,3,0.23463364119838445,0.7653663588016155,0.3825761514608401,Natural Product,91.15393476478327,70.92708058499055,39.7606467872876,4.81252814445855,0.5891240303669942
Natural Product #33,381.669771422954,1.755885684770214,65.95595824003827,4,2,9,0.3261604248129739,0.6738395751870261,0.13336331300827636,Natural Product,128.02845747721307,148.39289467227948,49.23789921012862,5.517728754337995,0.6378565667234957
Natural Product #34,152.40728677687727,-0.9377636140226353,44.99985061171969,1,1,4,0.2990570781740357,0.7009429218259643,0.31406122697396355,Natural Product,66.91045105969053,31.93965407874056,37.69962211742672,3.1712904297580904,0.6562125716022125
Natural Product #35,415.1125559077512,-0.5246382536784533,35.665947541006204,1,2,6,0.18965714057770927,0.8103428594222908,0.35797457186789305,Natural Product,175.6956129719019,153.60592100857662,91.43991335888674,6.415281420904718,0.6837702747614137
Natural Product #36,440.8322098692739,-1.4005445326364394,11.58860026478413,0,3,6,0.3204777542184683,0.6795222457815318,0.39569175071969476,Natural Product,174.82334521932677,176.11974976895348,101.87222012542976,6.564967375942198,0.597333414225558
Natural Product #37,254.97972442195794,0.98040977619153,67.34088166524165,3,6,5,0.23015317685657327,0.7698468231434268,0.6589329485856885,Natural Product,96.39894925276683,96.22639588662022,25.940060870135937,3.970324082559735,0.3107241185017895
Natural Product #38,437.3433560546993,0.8330262945273148,43.17261373814441,2,7,7,0.29710914947023226,0.7028908505297677,0.2960768235146664,Natural Product,210.7174994912249,158.35648245546972,124.86301649496976,7.038534096673147,0.5008336121487912
Natural Product #39,153.78387927231873,2.1327553709573213,45.31656355215056,4,7,1,0.34029421012100947,0.6597057898789905,0.45104706532372185,Natural Product,47.03091750863912,42.26922139464446,17.417260363875805,2.9561039446783504,0.41032394443259473
Natural Product #40,229.19633778580993,2.478489815996862,12.638376935382805,3,2,5,0.33505002425357705,0.664949975746423,0.41937512557087264,Natural Product,104.01423697065918,56.4425402476494,39.73374688905534,3.5924687637068202,0.7080857057470062
Natural Product #41,186.14275310626695,-1.1373806152681896,50.02529251734693,3,9,4,0.27039228919482416,0.7296077108051758,0.11906709061439467,Natural Product,89.41961207952656,64.5859704227272,33.60664634545348,3.4459644930178914,0.334022790822028
Natural Product #42,423.7177692423154,-0.7996462975621674,35.34222853525754,3,8,10,0.1432927602164809,0.8567072397835191,0.37475739666041674,Natural Product,164.94100411012263,110.55435280245375,42.48664888751638,6.915446356020682,0.6382820346669866
Natural Product #43,229.282569112637,1.0698515316261634,15.966353032343669,4,0,2,0.17585743547503335,0.8241425645249667,0.6375305087155957,Natural Product,94.03751686784922,53.92907994058014,45.723039696539125,4.406107668620156,0.4263790333645806
Natural Product #44,427.87528505098766,-1.2084804994719283,70.85963138367669,1,0,11,0.11553576661984506,0.8844642333801549,0.31500079400300424,Natural Product,209.18511944986312,152.88205463908355,107.20920112816792,6.659038647127025,0.8693075030802369
Natural Product #45,469.5123556578014,0.8284408607050286,46.882097434943034,4,0,7,0.15480171527190045,0.8451982847280995,0.2225480553473005,Natural Product,160.78708994831777,123.2510924130715,124.25819649840852,5.574135220496793,0.5013245653119214
Natural Product #46,155.86470657233383,1.395995756005847,7.565886616070159,0,1,1,0.12297047753006171,0.8770295224699383,0.38535771509320493,Natural Product,62.97354505730123,59.67877968327506,42.99986152167623,3.589891498843352,0.49513271482478055
Natural Product #47,292.7118367509563,-1.1939059401243872,41.76952664768792,4,6,5,0.2969228810501971,0.7030771189498028,0.16981509109869752,Natural Product,115.60484963852358,107.75499244975536,57.82340082763355,4.658934678786394,0.8540308007944344
Natural Product #48,364.47854243777863,2.692410791070773,53.40617502408094,0,2,6,0.29853331974149155,0.7014666802585084,0.43039802766451096,Natural Product,128.17927786581973,134.68505084975808,82.41852615032991,6.233879952990569,0.5504087521824849
Natural Product #49,291.1227146466383,2.1682200523758617,6.840570073318993,2,1,3,0.3444013014129968,0.6555986985870033,0.3129386100919324,Natural Product,134.99903107750754,103.1488375670347,33.74227042522365,3.9849086544841836,0.8777174005114454
Natural Product #50,294.61038102270186,1.379114625520368,81.39516099220171,3,7,3,0.29744794728927204,0.702552052710728,0.5963812898423475,Natural Product,141.3894491050998,110.82543858335943,58.217263544128016,4.447191237429545,0.3145022112801021
Natural Product #51,164.67032585069015,0.09591437951060655,44.59305978802976,2,8,2,0.15046109672995547,0.8495389032700446,0.60189909437082,Natural Product,75.15331629660608,59.470585827768424,21.565744745378858,3.189592315389558,0.4838067451212878
Natural Product #52,167.57505109165933,0.32306584404485417,70.54471742946257,4,8,2,0.2138850293355011,0.7861149706644989,0.15482446291624552,Natural Product,56.8199728965816,53.70818472519996,29.146097973420787,4.273826806623763,0.6997157761598587
Natural Product #53,260.18904027307707,-1.784737986421657,5.012863184220819,4,6,6,0.3342891590933306,0.6657108409066694,0.42417791907418434,Natural Product,82.57092092514381,67.43177390237292,43.1552306895208,4.59598652781096,0.8345141787165833
Natural Product #54,445.6330681815785,0.15650853170507295,23.475246956996813,1,1,6,0.21371214561491053,0.7862878543850895,0.42848289391739114,Natural Product,187.6511371745208,168.28969122813686,82.31204420526387,5.860467838231903,0.45384335580497037
Natural Product #55,246.0346118209056,2.507915026435338,44.59367687773229,1,0,5,0.16456134391995786,0.8354386560800422,0.29460748461703345,Natural Product,76.61984099408306,90.57043956903098,52.73193986326677,4.436514032423858,0.8582865551782011
Natural Product #56,231.8639260152712,-0.9455688615960594,69.72124761110548,2,5,2,0.3571574971178766,0.6428425028821234,0.329351351186475,Natural Product,100.7599882137395,68.30151643888973,65.05529742063324,5.225450529915916,0.656472879899513
Natural Product #57,366.77020894791895,0.27201577239976427,30.13264500305459,2,8,5,0.3340567805448985,0.6659432194551015,0.13941526989379555,Natural Product,148.93982310846764,76.22062135565324,65.61406302800536,6.303068099879884,0.7806049459187496
Natural Product #58,460.49176102829443,0.09924348843158803,1.0019520044871868,0,1,6,0.2490686555500147,0.7509313444499853,0.35088687289767984,Natural Product,199.18900215959994,150.90717731063455,136.40974252543108,6.706057518026131,0.5383243825841384
Natural Product #59,415.04904239642525,2.4898232342389424,14.785871929422072,0,8,9,0.12523829867781486,0.8747617013221851,0.4614696651799527,Natural Product,173.50467560966433,87.20984361263251,104.51167713877844,5.3882207871378345,0.42730822954012404
Natural Product #60,207.05668983521016,-0.8309358345346793,33.257631384550464,4,5,6,0.10711232609335553,0.8928876739066445,0.18127572207681447,Natural Product,79.62168591678989,79.76983051924522,41.88678347581119,3.5975480592089544,0.8467412492686159
Surfactant #1,392.59008550611924,7.34204761973467,22.182904839390936,2,0,4,0.6779391393868555,0.32206086061314454,0.6147730545490343,Surfactant,133.54950351733186,154.0233965540011,89.82668735340782,6.683978686010168,0.8598815210437312
Surfactant #2,592.462937781967,7.733780175868516,36.81335518473966,2,9,12,0.6344846437589197,0.36551535624108034,0.3386106486598328,Surfactant,213.96231842829087,140.945765260476,71.35910032642838,6.810310494998427,0.5985450864924813
Surfactant #3,689.5201653428599,5.720993312518511,9.414813928474384,3,0,9,0.4825717543111025,0.5174282456888974,0.29053274792170103,Surfactant,279.1867941344367,231.1808562270871,185.4149417156853,6.909404860753958,0.3038970095995539
Surfactant #4,403.7553602972785,3.437956487029732,68.03283349693922,3,5,6,0.4269748734579107,0.5730251265420894,0.6224130732744636,Surfactant,173.7656554925814,88.20189309575761,87.4015248479594,5.733071376594377,0.3658697722022427
Surfactant #5,333.4099658720075,4.0556297127901875,39.67186488951413,4,2,6,0.6257405012759483,0.37425949872405173,0.516283334180447,Surfactant,152.00047097305827,115.32763602612478,99.09394157203671,6.152069531792907,0.6438167761390331
Surfactant #6,521.1049472134332,4.081252640932645,20.27545186100968,4,6,6,0.4625765103223152,0.5374234896776848,0.18954968184488435,Surfactant,236.28677551224786,140.41565363035983,118.43972810503132,6.2921147219542215,0.31426602138113174
Surfactant #7,407.26974709796536,4.805373631705186,28.30228880321664,3,2,9,0.5225366744225448,0.4774633255774552,0.21606120577388954,Surfactant,201.41026382398562,136.928170772693,108.66865742346847,5.971703183552338,0.5381471543920172
Surfactant #8,556.6017925025008,4.299140689701497,44.741604697603954,3,3,6,0.6658258326440549,0.3341741673559451,0.16668228839920746,Surfactant,198.80051029026328,152.82910518130166,144.69005449355944,7.635887918162737,0.48202196734320757
Surfactant #9,559.2420138136494,7.375590222790235,44.30031647787668,1,1,6,0.637156153081502,0.362843846918498,0.49383151563086036,Surfactant,175.72622327709425,128.12989623172527,94.56347938966431,6.627698670868969,0.7286089652413228
Surfactant #10,514.0609334721402,3.4101184260573545,6.141310089619147,3,1,5,0.4104817739217966,0.5895182260782035,0.3667169518300958,Surfactant,189.75602543079555,144.56524182832754,78.09722941654816,5.8475070421155095,0.33334720376876115
Surfactant #11,501.8476098430782,3.586400739002225,77.22638716140708,4,2,14,0.4507185335319149,0.5492814664680852,0.5608032611879258,Surfactant,225.15839411307707,111.6785099754676,93.39319616388484,7.746104472256388,0.5932387613863725
Surfactant #12,473.74459925648705,5.2322096089827435,18.917566699018405,0,6,13,0.5856316231123015,0.41436837688769845,0.5134525922489378,Surfactant,183.6339854866194,149.40798703564204,91.64507261825406,7.430701167512567,0.6474685619253633
Surfactant #13,629.309285072012,5.780953463150058,59.90343187454534,1,9,17,0.633855010427219,0.36614498957278097,0.16170555529448602,Surfactant,291.7211560404817,131.01609289832095,93.14843493369649,8.236666636721534,0.6703746456315707
Surfactant #14,350.3820785517433,7.895757775503078,18.27260403824979,4,2,5,0.6021516694810014,0.3978483305189986,0.5058902497123626,Surfactant,143.60944629295298,107.02908879023629,97.72842032171087,5.810720388352221,0.5430946032101646
Surfactant #15,537.6967309234388,6.015750600614735,11.613368307101375,3,8,5,0.6047597378613164,0.3952402621386836,0.37844001364270285,Surfactant,261.2982132166505,202.8588509719485,112.11491547805537,6.144624208975795,0.48262067005773057
Surfactant #16,677.2247589627887,4.619097874512157,94.83042948849089,1,4,15,0.5983422035286089,0.4016577964713911,0.22740038457213477,Surfactant,331.5507458963283,248.93065647214755,200.24782942321752,8.754630613504782,0.7094958202422893
Surfactant #17,348.80296543075565,6.50691642779845,7.829854798443733,0,9,3,0.43403224513117505,0.5659677548688249,0.148959232002903,Surfactant,109.47561307263733,131.34396801769606,91.38761714990922,4.907350841754802,0.8085414288614972
Surfactant #18,403.4366364539136,3.139261204105372,90.80699408584874,0,2,8,0.5894125978144753,0.4105874021855247,0.20478831153779775,Surfactant,157.8577715261624,155.08498076608677,85.18200359291502,6.495919068766516,0.7161705826697273
Surfactant #19,418.37281177464644,6.3191223742636256,88.66579304648286,4,9,8,0.6895908170891198,0.31040918291088015,0.603892211322093,Surfactant,176.5273089050392,92.42088762681313,121.0804619836844,6.892468738385488,0.8592614192743331
Surfactant #20,350.99427205609845,7.001031738417896,98.53426144893385,3,3,8,0.6589027138201681,0.3410972861798319,0.5708618090949927,Surfactant,123.26024085713493,79.23676056174364,70.54106084637677,5.631112342717646,0.7303581152147564
Surfactant #21,697.7661070235494,6.027406252629727,51.213052842804835,2,6,6,0.49236591460487483,0.5076340853951251,0.2631727356389192,Surfactant,266.1387080284559,217.28531557005627,193.57518225343298,8.549803068284309,0.758771240408171
Surfactant #22,387.1565518506976,6.309172925569991,73.05870092192274,3,0,9,0.5901134799296587,0.4098865200703413,0.433947057101292,Surfactant,168.62073529760823,146.65278552133333,66.44727489528789,6.342794765079077,0.4007419179612533
Surfactant #23,437.0923701711629,3.6728813355205387,17.194316531137407,3,6,10,0.4283256692981443,0.5716743307018557,0.5678925304060408,Surfactant,150.9484711781351,172.5946166996472,76.80957637898702,5.294510965991317,0.5517237867160271
Surfactant #24,347.28744891643544,3.000153594226912,48.61400062368958,0,2,4,0.6136411137641815,0.3863588862358185,0.15525925251975387,Surfactant,145.998348348883,72.67072643428541,63.771052532175844,5.740998630699491,0.5910331985735792
Surfactant #25,626.110532436224,7.472021943242536,43.693182537628275,0,5,14,0.6470819262394568,0.3529180737605432,0.6933013188334987,Surfactant,275.1690459385556,169.7728867444219,131.06066808858654,6.0486880452119625,0.4537758973767646
Surfactant #26,390.29108953565094,4.949498731455403,67.73002848975345,3,6,4,0.5440142131930257,0.4559857868069743,0.5978337197929746,Surfactant,124.15130763200789,94.67636402855604,82.23357307422127,5.720912008620383,0.6171239162137727
Surfactant #27,690.7177491310345,5.023625319148294,18.881227400253096,4,0,12,0.42629495085839597,0.573705049141604,0.5035043576041894,Surfactant,275.9457905979474,242.57535574495157,137.6460840834771,6.561795319308447,0.4744751665331085
Surfactant #28,572.8766757020395,4.5761971732472535,28.16119563404802,2,2,13,0.43996297724098865,0.5600370227590113,0.17173719865123388,Surfactant,202.00548530792454,187.9257621828726,92.34783167178647,6.678204118648909,0.7125012556826497
Surfactant #29,529.0571412462339,4.2837174815487895,43.53653518310065,4,8,8,0.6412287008900778,0.3587712991099222,0.3658202238025716,Surfactant,235.3654973062906,118.49695209054313,151.01475444607618,7.524271975333095,0.5821730860219055
Surfactant #30,546.8423777714625,7.249796652516027,34.85947021589144,3,7,16,0.4588737150118497,0.5411262849881503,0.16482673562584427,Surfactant,184.78411033304258,162.25054695885936,119.05700197668457,8.066034491083267,0.5752841725614214
Surfactant #31,491.39642804287564,5.927818643966509,45.883943770717224,2,9,7,0.5624123262722315,0.4375876737277685,0.6595267536114705,Surfactant,235.10743334483197,165.64389047439423,89.21196168619788,5.93323119811585,0.8901855186196872
Surfactant #32,509.2852219883499,4.358932580400646,12.877951307919993,3,5,11,0.5197500383533058,0.4802499616466942,0.19235170586974304,Surfactant,196.67997744304344,181.2042313926151,117.25548280003751,6.597904241269159,0.5354669091255423
Surfactant #33,690.8126706180703,5.723861134913944,70.32106493758332,3,2,19,0.4407064953376838,0.5592935046623162,0.11256047069603997,Surfactant,234.60040161686746,140.93306732341807,175.1855004435055,7.621628401972658,0.517377259553741
Surfactant #34,426.30926049979837,3.284406988888233,62.47131833578118,0,3,10,0.6299581948664881,0.3700418051335119,0.3375623357175699,Surfactant,165.23932776691996,161.1849372164882,124.5443822167733,7.04370677458849,0.49116262276959266
Surfactant #35,602.5015165689738,5.270918313683531,46.540752763976954,0,9,15,0.5236839183494997,0.4763160816505003,0.3800368562607702,Surfactant,230.00420236674154,189.0988826302295,120.44597723029315,7.025092313851697,0.836849532585479
Surfactant #36,330.6891307411541,3.8302626074076818,10.635572617565817,3,0,4,0.4183314002858897,0.5816685997141102,0.16848398158577926,Surfactant,127.5745067970213,119.83573004161295,40.482864863169546,5.6676014435494535,0.598034295658907
Surfactant #37,676.4193040153508,7.3632753608802775,85.40033506418409,3,9,7,0.5356259790434098,0.4643740209565902,0.5882340062333364,Surfactant,282.14278372577957,244.5848367930292,127.2704297298298,8.774578209508489,0.6600086864883814
Surfactant #38,676.201581151761,6.24382693079693,84.44547378524749,0,9,13,0.6863697786576433,0.31363022134235674,0.46108404036726836,Surfactant,273.3441737137857,160.9160500425717,132.39628831117292,7.12647020956982,0.408491087401437
Surfactant #39,532.6946589684746,5.007308895445217,31.605689728689818,1,3,13,0.5014253228098784,0.4985746771901216,0.225298561296754,Surfactant,175.76549330694934,118.27655179896351,148.83425681201922,7.734357469542731,0.6245654160029561
Surfactant #40,323.42612211381356,5.761830689086171,11.06386615269426,0,2,3,0.5785689198158205,0.4214310801841795,0.25255673886691876,Surfactant,101.26983366572838,111.34185328961631,57.880388521686655,6.058446303104122,0.464788915721093
Surfactant #41,418.18716985070375,5.649851705107103,7.266128883915499,3,2,5,0.603517565650904,0.396482434349096,0.3596628906050914,Surfactant,186.46258738487774,96.72058006423649,121.55231224170137,6.920229991226571,0.7383821527577266
Surfactant #42,538.2719296646118,3.4030770258480088,48.635976949684384,1,6,10,0.6818705767075497,0.3181294232924503,0.22046258485400716,Surfactant,221.73761576019595,199.1538846514664,106.05377058791504,6.082490609730473,0.7995170092754293
Surfactant #43,426.00414895069264,6.957048752534877,1.7583872210946936,4,0,7,0.6747364718362381,0.3252635281637619,0.692649723459513,Surfactant,158.38840802085812,147.07277640006228,125.56732161193082,5.720735474940165,0.7288864152787666
Surfactant #44,430.2739208255813,4.970680233913141,9.668747061705673,2,4,7,0.5810002588636104,0.4189997411363896,0.697382700156885,Surfactant,198.6452341909295,158.4978842002893,43.73289683799939,6.875173819923554,0.7381464997621545
Surfactant #45,304.1974564559778,7.475326444256229,55.855536531847775,0,5,3,0.44474224778192123,0.5552577522180788,0.5886320675612567,Surfactant,114.86851710206744,79.03127060824542,85.10321581352116,4.751217253765607,0.6074848224717102
Surfactant #46,412.13390102056496,3.6608982887693586,78.4417764694851,3,6,7,0.5319566919141505,0.4680433080858495,0.13273924496961936,Surfactant,189.24900979682587,108.52293894262347,117.96265093794541,6.095427216338514,0.7272708338004812
Surfactant #47,539.7844558634866,7.512016380553374,31.19783452473865,2,9,10,0.5149646097841755,0.48503539021582454,0.21964695865512102,Surfactant,194.94381774228478,180.4198836839453,157.72727816343755,5.6822022483165595,0.5536121613048962
Surfactant #48,405.7887266668763,5.517734907559431,3.482591875322548,1,5,7,0.4204327074170568,0.5795672925829431,0.3672319155867233,Surfactant,127.64857810697016,83.7098281458141,41.6401346970742,4.783001863024691,0.6908934921177678
Surfactant #49,305.8268619005116,4.236998735291729,31.066078013671333,2,6,5,0.6598877307946543,0.34011226920534565,0.1126126640357303,Surfactant,148.79331273789072,105.6018164027635,41.08483179562589,4.870610534647715,0.45542352607230885
Surfactant #50,627.84382122632,7.124268837435518,4.698894564025984,4,9,13,0.636322656490711,0.36367734350928904,0.32428486532020145,Surfactant,237.89644410333142,230.5170116295882,144.87678288346874,7.4616086445405765,0.34185420738720607
Flame Retardant #1,656.4644738077515,4.06170523030187,14.229173833938727,2,5,11,0.7285921755201504,0.27140782447984957,0.6128834672795568,Flame Retardant,301.01424468770136,185.8009238463907,68.99083081604599,7.078855888374945,0.5480839584731811
Flame Retardant #2,869.0699488978183,8.417823641850951,64.40644119911651,1,3,16,0.7541239989387193,0.2458760010612807,0.10440049050170817,Flame Retardant,309.24014018827233,306.7606309351654,97.96312830109244,8.774757697642748,0.5770668934682941
Flame Retardant #3,266.7761053610681,6.766453198115,24.549751709329247,1,8,7,0.8040898808330572,0.1959101191669428,0.4149399920355029,Flame Retardant,114.51978505904425,62.67162514942415,38.4733227164164,4.743461627616969,0.453844294913214
Flame Retardant #4,543.2755744429703,5.651957368328082,30.329243474642723,0,8,15,0.817842922869571,0.18215707713042895,0.690418908567478,Flame Retardant,257.87236560016794,143.67035500309376,110.00675939064833,7.228332577135228,0.7366257110443426
Flame Retardant #5,767.7148530642276,7.783790451234641,73.16895074572213,0,1,21,0.8361116323558203,0.1638883676441797,0.15468438366680654,Flame Retardant,236.70860281761654,303.1406489316671,160.59098592140333,8.476929662338415,0.3441302873857675
Flame Retardant #6,435.83534695128156,7.361949063993523,67.6511045530106,3,2,7,0.7339745188808953,0.26602548111910473,0.5595829449131074,Flame Retardant,203.15468942380542,173.1424057365366,46.56997636305764,5.843959903464121,0.43364899462751316
Flame Retardant #7,518.8911413404192,7.264864609539696,55.870488996763264,4,4,6,0.8159238194456273,0.1840761805543727,0.20741898246495027,Flame Retardant,214.95926940919284,156.97547247193143,69.56952557505353,6.378497461516054,0.7491388310721762
Flame Retardant #8,768.3841294427158,7.38772902591888,41.70863320764694,1,1,17,0.8093857751970954,0.19061422480290457,0.4884747644473276,Flame Retardant,323.86956979042986,297.2524419642629,153.63159470083863,6.852203673851195,0.5622745642440075
Flame Retardant #9,798.4407785917408,5.624613972033206,109.21062750860833,2,6,17,0.8374591125165035,0.1625408874834965,0.1100054880939035,Flame Retardant,323.07436987552774,243.1620536346489,174.68936022383699,8.200199899858687,0.7231701744235874
Flame Retardant #10,376.6027734966968,8.05234108607733,34.63674748651283,3,0,10,0.7545301294624969,0.24546987053750313,0.5824993389903305,Flame Retardant,178.84678189909508,97.28313425617979,48.83797544733442,5.7974581765139925,0.6404915266701579
Flame Retardant #11,813.1750693008051,4.298086626723295,32.49436500378511,4,6,17,0.8384101106079489,0.1615898893920511,0.1355062431181251,Flame Retardant,251.01630544625274,206.04218327937193,146.18308549008228,8.154509987074958,0.8704276499984176
Flame Retardant #12,661.3216969299795,7.844600222855842,7.90119530222254,3,6,19,0.8988163309291151,0.10118366907088494,0.6277608980270571,Flame Retardant,232.9212568464719,255.20479746202824,185.75222823365831,6.906067465089595,0.6586774996336998
Flame Retardant #13,839.5772742697642,8.957663879136932,81.04295445291439,2,6,18,0.7416630780017035,0.2583369219982965,0.6631988879760233,Flame Retardant,398.92724733751686,196.87186869642008,251.6883555646236,9.106086012075869,0.30892138460731183
Flame Retardant #14,477.4053497175554,5.219009688550898,4.937769145206211,2,1,5,0.8311806626196799,0.16881933738032007,0.596499244981404,Flame Retardant,215.0563775604203,150.82499722660816,142.0008273827329,5.234320208022834,0.5117264103026005
Flame Retardant #15,415.4513528990798,6.365137516715103,8.726151492062936,4,8,10,0.7086630546508623,0.2913369453491377,0.541015111713894,Flame Retardant,126.10154700338849,129.248998799018,114.80370891297092,6.8593763392394855,0.3858364093228246
Flame Retardant #16,646.5701493235525,6.44088837655407,76.79266493601106,4,5,11,0.7266364251335047,0.2733635748664953,0.45957957220383316,Flame Retardant,260.827210744289,224.9574904825154,115.69210133192382,5.93289795558534,0.8547802065586221
Flame Retardant #17,583.9101058899481,5.440922629797647,15.202332335172585,4,1,16,0.7012928715579421,0.29870712844205793,0.20464556026689973,Flame Retardant,237.01759978125676,175.084616977509,138.5705441063355,8.265683135656534,0.3624074725710482
Flame Retardant #18,556.5721689878869,4.457109959085691,39.03158166851589,0,3,10,0.8251363824522705,0.1748636175477295,0.4128262128842447,Flame Retardant,211.59561858769334,141.6237579505026,102.02994485905816,6.707812013704062,0.5326239978786524
Flame Retardant #19,832.7735280048566,4.981471511555335,46.87224064617108,0,1,18,0.7045129023410694,0.29548709765893055,0.5850369293824137,Flame Retardant,299.3643172707336,194.76848972694395,191.29258082746398,8.039531441892606,0.4356595161760153
Flame Retardant #20,647.570172603495,5.478737812975103,72.22954038146685,1,2,8,0.7511487403096601,0.24885125969033994,0.20870311051001206,Flame Retardant,282.56398759097095,209.91878246906015,104.83286498731634,6.6303636704125175,0.8080331942380401
Flame Retardant #21,763.9492162351091,5.923662882537225,88.05842519537188,0,6,18,0.7871990361141171,0.21280096388588288,0.5636025928769,Flame Retardant,260.9330374009979,262.6443282826849,169.0164689286249,6.415241946949613,0.48513989855335016
Flame Retardant #22,714.6846971593538,6.894888232770726,90.41486891243943,4,8,15,0.7029217994217766,0.29707820057822343,0.33247077755352317,Flame Retardant,328.60467137382983,224.3425679480061,146.33290621463777,7.022115536689679,0.8951360898855871
Flame Retardant #23,811.2619316933285,5.5440113767480765,14.05833596442735,0,3,19,0.7587069584917321,0.2412930415082679,0.4975407506432711,Flame Retardant,373.6732751611476,282.051643007781,85.09817471572941,6.9375934038822145,0.32316996336735054
Flame Retardant #24,775.0165829879618,8.429569977487125,3.697878396963908,3,9,19,0.8632158084686703,0.1367841915313297,0.22503974417099898,Flame Retardant,296.87187497525974,176.9395723462155,200.06323082279064,8.550219239360617,0.3769660634775395
Flame Retardant #25,336.4032277601887,7.192443923995677,14.396998580091363,3,7,3,0.763948639081539,0.23605136091846102,0.407328824606231,Flame Retardant,119.99826154705396,126.65380994824449,34.44081661014279,4.911500972330487,0.4347832658574655
Flame Retardant #26,692.311650640843,8.658489868405844,8.241682284124025,4,6,12,0.8240742504247442,0.17592574957525575,0.3243682806874405,Flame Retardant,246.99992968785043,219.10216927858937,109.8222199193953,8.407318359670004,0.7866636241200957
Flame Retardant #27,826.0873406962164,4.756855856316375,27.95176868028612,4,1,24,0.730377234467326,0.26962276553267395,0.35691036392030373,Flame Retardant,327.5091536650422,186.17430058927746,83.58749316502308,7.324334866653142,0.8271103254384096
Flame Retardant #28,660.8124854745837,7.630556296723185,35.36383017310392,2,1,9,0.7733922814014401,0.22660771859855988,0.2879598859483662,Flame Retardant,293.34513284287465,193.21168555382604,115.80096673918857,8.608780928243233,0.3428708283656534
Flame Retardant #29,663.4444732289467,5.9914027454452725,64.64363287760217,0,3,17,0.7013629395800256,0.2986370604199744,0.2942384953662542,Flame Retardant,246.65123189964044,244.78337654911255,74.72514799023857,7.503877354915185,0.31947608505736586
Flame Retardant #30,747.3759919403548,4.715806789055965,41.36849287964632,3,6,7,0.8315432294551908,0.16845677054480923,0.5727820801545589,Flame Retardant,315.39914766972635,283.6384853201142,211.28483219081377,6.674948232594111,0.7467341142627477
Flame Retardant #31,837.1112683118348,5.337076392360538,45.450228187104145,2,9,17,0.8624781448372302,0.13752185516276982,0.655723121130607,Flame Retardant,315.16979087512317,211.73047021988947,153.30509122813518,8.020937412979043,0.3800112040521681
Flame Retardant #32,816.3549107104548,7.925418286198785,17.232854814388,1,6,22,0.7547396915356742,0.24526030846432578,0.2968960434121647,Flame Retardant,294.6262733909245,279.4000519066709,156.6578175232988,7.280548167993806,0.3797991522447835
Flame Retardant #33,284.9520025802892,7.346784921203741,15.948848720530819,3,2,3,0.7462559856631911,0.25374401433680893,0.10308377655133619,Flame Retardant,86.90235454276318,62.68859981585545,48.433305333484135,4.287615205893718,0.31341992069665753
Flame Retardant #34,539.5161887187614,4.4212768870898564,8.201497630458498,2,7,14,0.8365305210088398,0.16346947899116016,0.27366453698092497,Flame Retardant,162.27720129734846,111.5229458820597,121.66156461437701,6.722282303394479,0.32988472655005313
Flame Retardant #35,759.0900455268412,8.01622452332403,17.19480834654339,3,2,20,0.897312622822882,0.10268737717711796,0.20131507802223703,Flame Retardant,262.2212309599612,236.89666257904315,194.99628314375133,8.500313018194381,0.4582052751572935
Flame Retardant #36,284.86261448854003,7.587324953059561,45.33750421029617,3,6,3,0.7950951430465467,0.20490485695345328,0.6018653154819218,Flame Retardant,108.6127758271042,96.55860307093869,65.41281660828676,5.674420587474237,0.3390032936464838
Flame Retardant #37,606.7912605660465,4.9459789619517744,114.55569750036675,2,4,17,0.8440767997172891,0.1559232002827109,0.6594933541538811,Flame Retardant,285.3449455327237,217.93353886367396,151.48023416369838,7.117122696745376,0.5213274549955653
Flame Retardant #38,857.0128628500618,6.011118674235561,47.94325932933939,4,0,13,0.7937579761013582,0.20624202389864177,0.1835481067564657,Flame Retardant,393.9661122499121,229.71651107134952,240.98750289117214,10.025604710186233,0.7996650187364095
Flame Retardant #39,647.805544473646,5.531504984437688,33.88477207784053,1,3,9,0.7652215705025147,0.23477842949748529,0.5171124797260394,Flame Retardant,228.9558910211453,130.40654830588903,176.66260067291228,8.645307818006,0.4957921543929556
Flame Retardant #40,659.2584242100852,8.317423041845576,22.530772914017117,4,3,13,0.7264575895302076,0.27354241046979244,0.6854672911293596,Flame Retardant,230.02059668251863,195.07710416930772,154.80158509858646,8.494372797587934,0.736700497547623
Pesticide #1,260.74085814276134,3.4287693359721794,41.668332227694336,4,6,5,0.6032274853548326,0.3967725146451674,0.4046547029131413,Pesticide,90.07668781994614,52.974905033614085,37.267063141819115,4.661331317354141,0.3563459788986181
Pesticide #2,191.511478416167,5.930958163641543,68.27635685360416,0,4,4,0.5749918672606489,0.4250081327393511,0.4572198220941236,Pesticide,70.4470124485805,41.82551360922392,43.5766310002656,3.421085710269131,0.6956251124516958
Pesticide #3,274.5436961978237,3.6887689355227122,55.306829355088226,1,0,3,0.7355191763139294,0.2644808236860706,0.26612198169520734,Pesticide,109.71857244124473,72.84682159018881,55.24275435734976,4.24343879590741,0.490048309954461
Pesticide #4,163.81891910459322,5.723296299960456,25.456279709293206,0,6,4,0.6982395589072732,0.3017604410927268,0.2557619702250871,Pesticide,63.518091783424524,47.08719434525622,39.880707747490234,3.91304868576764,0.7498517272182229
Pesticide #5,150.4931271337349,3.505659850082776,73.93690274977041,1,8,3,0.6712284442877221,0.3287715557122779,0.4077876098925445,Pesticide,51.71766139094253,38.51027145654046,40.11941040443475,3.4305037873329995,0.38175120843382915
Pesticide #6,234.4178946516489,5.288912450308042,38.00403539674331,2,0,5,0.7258545967646619,0.2741454032353381,0.6572847764127311,Pesticide,76.4413973701591,74.16350507932063,58.263231401757004,3.795392242516661,0.8387300266586892
Pesticide #7,279.16074627391106,2.4765626879841927,2.9950724816528975,0,9,3,0.653717846219632,0.346282153780368,0.12135413848388583,Pesticide,84.45047018620123,58.92244694762764,75.18140422197263,4.7826875282003645,0.44554632173876196
Pesticide #8,448.29909080571446,2.9309133956622073,4.68912264308328,1,7,4,0.5161491574725378,0.48385084252746224,0.335086536770303,Pesticide,148.2940432240537,102.6228086910148,50.55615650093931,4.9323273181621525,0.5118826759687058
Pesticide #9,390.72053533539724,3.3649777990308825,43.10314387924319,1,6,9,0.63325502206351,0.36674497793648997,0.11903349508961869,Pesticide,172.33560431351486,132.47445397499848,41.542973187033255,6.2399969382714,0.870108426490825
Pesticide #10,310.4900020228332,2.150790899659411,101.26228120431233,1,9,6,0.7424203451348068,0.2575796548651932,0.2676671843913416,Pesticide,108.27646858464001,70.92466318879559,47.101368559873414,4.219045848375473,0.6470894158385154
Pesticide #11,384.7500433140881,5.546010106567611,27.53471450830927,1,8,3,0.6195927482639192,0.3804072517360808,0.34208858141619974,Pesticide,151.48392634248862,126.18071596591751,107.78126730587377,5.954812097743643,0.5194629113778132
Pesticide #12,220.4263265174914,5.275477082081887,59.422266357244084,2,5,6,0.6011991826537296,0.3988008173462704,0.6708381171874637,Pesticide,92.19556597979201,46.496051317431586,58.353869251058306,4.788214950069967,0.8697612882201791
Pesticide #13,191.1062730108962,4.150338502770263,19.674487843486084,3,2,3,0.5554760892401434,0.44452391075985664,0.36318850014763293,Pesticide,91.2280538420222,53.79191641280795,45.205321173982064,3.404279263321044,0.4974464501340192
Pesticide #14,443.24887746266796,5.231462582735925,36.67039084684795,1,1,11,0.7212229832935839,0.2787770167064161,0.3035937013934267,Pesticide,211.77146815677088,104.37708518902575,106.44698628924462,6.122926710571427,0.35692242760510784
Pesticide #15,362.6697338319948,5.975135901512688,67.26879487684394,2,7,5,0.5943886726805596,0.4056113273194404,0.2957692909413679,Pesticide,162.89193109035006,80.48629904747204,88.97525051708882,6.111166589651301,0.898109332715652
Pesticide #16,156.22740963718925,5.043543910686038,53.781712489835606,4,5,1,0.5128218818185855,0.48717811818141454,0.6732689148628405,Pesticide,47.966720050831306,48.96269451659024,45.0748166064692,3.2627074501453412,0.4607069523353483
Pesticide #17,224.08835009756774,5.438581381410426,87.095993087799,1,0,5,0.5506430017353693,0.4493569982646307,0.6329148097967824,Pesticide,92.99982130982382,86.42351631657188,59.705703467035626,3.738684179092933,0.8107547092197644
Pesticide #18,209.76590575112294,3.136737182846915,42.05911145283146,4,3,5,0.5866905574763176,0.4133094425236824,0.36727175784057275,Pesticide,95.92945056690347,44.251672096447265,47.12980040936664,3.9080662278094924,0.39932447689385236
Pesticide #19,327.6664197994321,4.803741460071997,77.62940598815916,0,3,7,0.5582820713005404,0.4417179286994596,0.17093344724347592,Pesticide,99.43286828641834,93.1591182128553,76.39316063512878,5.339801392602632,0.7388123830664268
Pesticide #20,270.4492831694629,5.1725141518522255,33.97615009394127,0,6,7,0.5661526361409944,0.4338473638590056,0.22593857775173842,Pesticide,110.86714689737981,92.36034702494206,38.606108448723,4.890313177335865,0.6146696366833513
Pesticide #21,228.27557389505043,5.878463755617352,63.90987591166824,2,8,5,0.7204125710795077,0.27958742892049226,0.4022131655969433,Pesticide,107.64399269769584,66.77918084156914,52.83752379841872,3.7175544298887697,0.8885439349740778
Pesticide #22,398.74519208524197,4.032566874660777,53.52216370130641,4,9,10,0.6860724062806737,0.3139275937193263,0.4771398403883699,Pesticide,157.43274228551994,144.0663146061894,73.74226208479801,5.666603053594048,0.6316982136554397
Pesticide #23,339.97896048282314,3.801129935326103,61.58054347872506,1,6,8,0.6593328489012583,0.3406671510987417,0.4371182738857111,Pesticide,102.27289266336815,80.21091764518381,44.398659600692085,4.829392163020118,0.3150090911345125
Pesticide #24,351.42182179312107,5.7052331076847835,56.26896307917224,1,1,8,0.6857504132729175,0.3142495867270825,0.43116181663627995,Pesticide,106.20061342800825,137.7288331012183,91.81969174706012,6.151931706148397,0.6623267937744528
Pesticide #25,222.55145862460594,3.7039900778737125,63.52499332652676,3,7,4,0.7903228474501147,0.20967715254988528,0.4156495110504418,Pesticide,85.310029155783,61.65399264861421,44.966393126493585,3.9853658801112783,0.3871898738019756
Pesticide #26,377.7932565450616,4.850662475946178,97.63502861707124,2,1,7,0.5579480025225299,0.44205199747747015,0.32693470914600686,Pesticide,125.05022281473568,101.36719210239613,111.63224356021398,6.371132821991792,0.7791245491692523
Pesticide #27,305.188044645676,3.652429590908577,18.3575095076234,1,0,8,0.559803646841355,0.440196353158645,0.5351722506127331,Pesticide,132.11289275406807,114.42145538117502,47.7118387463949,4.898947542866595,0.8139409178939394
Pesticide #28,258.1182120162334,2.3482848223092327,35.56580489358647,0,0,3,0.5606448197675813,0.4393551802324187,0.6093543216856436,Pesticide,114.02626339206941,80.73251242060732,50.62576319318904,5.058221642893555,0.5892561112768286
Pesticide #29,269.18144185213794,2.9822025037779643,16.63181077551276,1,7,6,0.7436978540741185,0.2563021459258815,0.24413165992503133,Pesticide,90.33082051933246,81.6397348883836,51.0365566714078,4.7552797170709775,0.7699328742313792
Pesticide #30,283.1314017276735,3.129471676170625,30.54709800903672,0,1,6,0.5242861208347065,0.4757138791652935,0.2808778356752804,Pesticide,135.25375561062938,97.7923358217652,35.15243527003435,5.094362963829577,0.38706644128896306
Pesticide #31,329.81189786159587,2.8050551525378897,120.33931828509635,2,8,5,0.7670709865387313,0.2329290134612687,0.39951936810479904,Pesticide,128.09286236496425,104.20962568684301,61.08876754996008,5.023109991296438,0.5952469119213877
Pesticide #32,214.97375568817228,5.4905035419435855,41.940833172891125,1,8,5,0.5261327868384302,0.47386721316156977,0.25705066008068944,Pesticide,70.63375095439596,49.98207083993884,33.86066486640151,4.686629440108293,0.5363665588143508
Pesticide #33,337.27222109925543,5.317540600569498,43.175871941441585,3,0,6,0.5571010925285143,0.44289890747148575,0.28731513027183275,Pesticide,152.73383312168073,112.93207016454969,44.54155040304666,5.1428672357201926,0.6667904322318489
Pesticide #34,367.5333479799948,5.185202653660529,64.74002003231685,3,3,10,0.7498812176955983,0.25011878230440165,0.4739262238408042,Pesticide,168.32839895599585,83.31752240673865,57.49365208841009,5.440070052808189,0.326686313281896
Pesticide #35,372.4881862355667,5.2203892481645395,23.316437597176584,1,5,8,0.7535118946689927,0.2464881053310073,0.37021023146847565,Pesticide,159.3724580870231,134.53213225188145,54.625518506796006,5.610814622976183,0.7512737029491765
Pesticide #36,374.6889452581196,3.4279297178746555,36.0981911933914,0,9,5,0.6904232423312089,0.3095767576687911,0.27514670409868436,Pesticide,176.3635051661563,149.10646142765805,92.47874194071116,6.329524489993585,0.3474775736848102
Pesticide #37,374.58261257454967,3.9304049426460828,37.37694013668457,0,9,7,0.5648094321179217,0.4351905678820783,0.5243673471434003,Pesticide,167.61620263338673,103.18909101818114,39.76383059240771,5.943241786174459,0.693882910518099
Pesticide #38,225.65186324865897,3.786905874810562,56.449588826634965,3,3,2,0.5370349597431066,0.46296504025689345,0.11325150718070785,Pesticide,107.50983264938314,65.2023720737548,50.431510235516974,4.074754978786137,0.3110743353239665
Pesticide #39,257.3883583598294,3.3346435625347706,52.51604723137581,3,2,5,0.6163085464517021,0.3836914535482979,0.5205194194752572,Pesticide,99.55205401027435,53.86796814343928,64.89591065423109,4.94683092677725,0.7991328382540378
Pesticide #40,406.66533703076175,3.6731644443739437,20.995786433480287,3,5,8,0.5928238384611333,0.4071761615388667,0.2070496579380975,Pesticide,182.80396872158636,82.45002971817406,79.76524699178572,6.1530560949257875,0.4048197781342688
Pesticide #41,182.44650437200704,5.368427449934046,9.311634392995138,2,5,2,0.6842399528562555,0.3157600471437445,0.6108434487348843,Pesticide,91.21418690921772,70.11124821619457,52.23680527676537,4.571469391772779,0.6092984855861943
Pesticide #42,175.27930984675532,3.4243723406656867,22.660438407289757,2,9,4,0.7041153241287567,0.29588467587124334,0.5734137067288805,Pesticide,77.99688095155074,39.56488927804485,42.34329892765578,4.343797628370545,0.4568957422365716
Pesticide #43,185.73196076301488,2.5621885119821717,90.01187308426529,0,5,5,0.5859421213233751,0.4140578786766249,0.5001564684752084,Pesticide,59.96110370705961,53.705464322743275,46.35586132812208,4.166198442145935,0.7335883212366412
Pesticide #44,280.61889701992544,5.812480457576552,43.645218905222286,3,5,5,0.7157735601727496,0.2842264398272504,0.25534256487588375,Pesticide,113.27567474454847,101.88456244927386,39.11454130838142,4.529218848040346,0.4928106601138328
Pesticide #45,165.8480059094166,4.904339405935402,49.333299734295856,3,6,3,0.5363908994016603,0.4636091005983397,0.1997531982098204,Pesticide,69.23649376341628,62.66794977227271,42.36738484196607,4.133358917879987,0.7347655161529905
Pesticide #46,263.92122144649466,4.468776908467866,16.68947876288459,4,2,7,0.7909456593901354,0.2090543406098646,0.5573272349885062,Pesticide,88.37194526472037,80.2002585925979,70.31361396590032,4.830798099894536,0.4709227241012859
Pesticide #47,327.51509066772013,2.768093476545378,80.87688558137356,0,1,6,0.7000056955677539,0.29999430443224606,0.30066551627086247,Pesticide,161.32683537451788,102.51435386308584,56.41554785756951,6.238334255154216,0.751483854561456
Pesticide #48,305.7938077926909,2.790223622713913,89.21843690464863,3,9,5,0.741552319208113,0.25844768079188696,0.49498446370363713,Pesticide,102.47638409266393,102.11580394999412,43.62840178249574,4.538210083016366,0.3183632978021425
Pesticide #49,281.3150474800624,3.1070165278052344,56.523632053502915,0,0,6,0.6674513551671323,0.3325486448328677,0.6018493579479139,Pesticide,94.38445716693599,110.35328054300827,49.79561476848538,4.027701901413563,0.4699868012243091
Pesticide #50,408.7468865694903,3.2639885645009095,34.15970012926009,1,5,8,0.7556637173605023,0.2443362826394977,0.5443981486399756,Pesticide,197.43840963840918,131.01727134690262,101.33717957910706,4.832192686296687,0.5991801038641673
Pesticide #51,295.5053962572124,2.3416121206508866,111.72298494303172,0,1,3,0.7917384170083708,0.20826158299162922,0.16369621212848035,Pesticide,116.14576204828923,92.16667089979335,54.233455610061085,5.2403585424597425,0.3270357491518353
Pesticide #52,401.24175588563236,2.959279808826361,51.312762812274286,0,3,7,0.5584874814495892,0.44151251855041085,0.6887089352763053,Pesticide,125.44328199118942,81.41469156800756,99.23927396689076,6.79845876425946,0.41162043682276717
Pesticide #53,289.8759844583506,5.167742491855057,17.14216638304218,0,4,4,0.6206921124147116,0.37930788758528844,0.1603376392500666,Pesticide,121.64283342457729,62.66827180473825,35.57152506891995,3.935725400251764,0.8607221889847221
Pesticide #54,267.9784455297646,4.466850830587104,3.3842747584586306,4,5,6,0.7582396810746486,0.24176031892535144,0.31011920861393144,Pesticide,112.64883153603705,84.52960016726976,69.99659760407461,5.15238935448263,0.8861005591081137
Pesticide #55,335.1658748983374,5.539231788122604,45.58040134597282,0,7,6,0.5694072926778228,0.43059270732217725,0.6089088989679683,Pesticide,104.87345311285881,129.79234071857948,50.48988891292682,5.6169618475154115,0.7438499684342914
Pesticide #56,355.55235398333417,3.1601761127119463,71.817770079471,2,5,4,0.5604391763160599,0.4395608236839401,0.15738441761422955,Pesticide,175.8222387198593,132.74130061674583,53.25669290965587,5.949085298453389,0.45132003037014773
Pesticide #57,275.7408523326165,2.453198417593071,2.9248677594332477,4,2,4,0.5515737673181313,0.44842623268186865,0.6112290494828158,Pesticide,112.72451296474696,109.33560040851027,60.13251534251472,4.516329222747804,0.4563104672615814
Pesticide #58,317.76543953053744,4.05896877502712,45.23126157025052,2,1,5,0.5298739140620087,0.4701260859379913,0.46192783725970255,Pesticide,130.9063786003147,97.09857089507479,36.23276227821665,5.805615311981929,0.6874742146770438
Pesticide #59,173.9145219561855,4.732457142892186,9.409140408734299,3,8,3,0.7797700126117884,0.22022998738821165,0.6279026487648807,Pesticide,70.26548132190109,62.189430889815675,18.30616350859826,3.1136397370131346,0.3705597699592211
Pesticide #60,344.6048860072093,5.59699567315681,46.19085313976352,4,1,9,0.6870515933742012,0.3129484066257988,0.3857934113241426,Pesticide,145.47369686324566,126.84218928810289,52.45083929033354,5.906356266654459,0.86898562825822
Aromatic Compound #1,226.685488170451,3.6094922028898706,8.675769329264472,0,3,3,0.6745017142984389,0.32549828570156114,0.469973186899165,Aromatic Compound,79.98823014730493,74.71697215248076,47.062969898445544,3.9413638548613372,0.4348877397061107
Aromatic Compound #2,86.95411517473634,3.304681016513014,51.388063053587636,4,0,2,0.7171392486477837,0.28286075135221633,0.22545841875376854,Aromatic Compound,31.08159800337107,23.281962672247104,24.479607473934912,2.666932359538546,0.8997813752552664
Aromatic Compound #3,106.93839486960495,2.8141394955475856,90.36024020117699,4,9,1,0.7922652832899311,0.20773471671006893,0.3674953298962097,Aromatic Compound,43.01787476025813,31.439426859047803,28.797123310055387,3.370475052084344,0.5974402771814763
Aromatic Compound #4,259.29746399076043,5.5409555148302605,17.349216519552712,3,4,7,0.62167664189891,0.37832335810108997,0.3327836526387318,Aromatic Compound,119.62355847271115,96.35063702757911,51.36405105522706,4.2233229438329,0.7628579933957619
Aromatic Compound #5,262.16361457709786,2.534782617597745,7.041387244665636,1,5,4,0.8338486224169497,0.16615137758305032,0.2993035132370395,Aromatic Compound,81.26361989574337,68.08640359541558,28.15909837650457,4.0855286575013965,0.30131045670333434
Aromatic Compound #6,233.57946879638635,5.061265198101545,82.61512861813189,1,8,3,0.8323508709622884,0.16764912903771156,0.28618426947501846,Aromatic Compound,98.2624077108973,89.86937974039215,48.36275676494407,4.731885697534027,0.8332478428509853
Aromatic Compound #7,166.6059942987825,2.9690286303390696,36.02302967965309,3,1,4,0.650871998638828,0.34912800136117195,0.36071857798269724,Aromatic Compound,76.8646132117926,40.97862166153422,40.1452337704704,3.7758746660358327,0.46200122686834827
Aromatic Compound #8,271.0364751429255,2.7226301652452127,28.82293472870652,0,6,4,0.8369215442660699,0.1630784557339301,0.4558337139804146,Aromatic Compound,89.81700340328037,94.83655247375619,45.488839392109206,4.779894100691098,0.7007620467288392
Aromatic Compound #9,186.6084505544821,2.5333778692654816,52.76607324571799,3,4,2,0.6606360691457427,0.3393639308542573,0.3216124780536594,Aromatic Compound,56.54320182282125,60.85522645171218,22.80591524321863,3.5597723750063723,0.7838131684761538
Aromatic Compound #10,225.35088797483593,2.472953569888562,33.732744033740815,2,9,5,0.838486303123444,0.16151369687655603,0.1099962827465296,Aromatic Compound,81.6993101407837,78.85475753136808,35.09019592072917,3.5272632514928115,0.3984886443354012
Aromatic Compound #11,153.2457401273556,5.182640922645768,59.08466455118307,1,0,3,0.6193707434480964,0.3806292565519036,0.49680560736683466,Aromatic Compound,63.99982556601141,44.05347851153817,38.97311533461476,3.445316418702949,0.5655056887975374
Aromatic Compound #12,86.52499476644849,3.4730004295805323,8.706001531952175,2,1,2,0.8447579601979168,0.15524203980208318,0.3801268594738626,Aromatic Compound,28.35048860096128,33.444351564581396,14.730773626657308,2.2626317940766962,0.596301564391154
Aromatic Compound #13,157.85780934407984,4.144621545010944,60.80199117615658,3,3,3,0.7793406882590916,0.22065931174090836,0.5134726542974549,Aromatic Compound,60.81069160206833,51.539697137556225,41.4213048039253,4.215959135316181,0.48727167920352277
Aromatic Compound #14,269.7283136366087,5.987236722724436,37.32500255095095,3,6,2,0.7067145821987724,0.29328541780122763,0.536126143683863,Aromatic Compound,110.71384330538471,69.49797096550752,44.20962783701115,3.8710510925349384,0.5890534978373889
Aromatic Compound #15,272.0310350305349,2.8828503437776747,14.362714588950247,0,1,7,0.6396120092974764,0.3603879907025236,0.490499932936891,Aromatic Compound,114.19226813498506,89.14212574410618,36.10151277988746,4.631053654458439,0.4905273945932028
Aromatic Compound #16,214.5443478284341,2.702688399823643,9.19127356610867,3,3,6,0.7282974729274574,0.2717025270725426,0.22084378552801134,Aromatic Compound,76.13800109223097,55.215809051978326,40.156195191631404,3.471020965098766,0.5164486470331255
Aromatic Compound #17,80.11862438092432,2.301205734393879,19.404513771649626,4,9,1,0.6939631162954948,0.3060368837045052,0.5258028061027147,Aromatic Compound,30.445552143642008,20.728809536481222,15.258984791524284,2.1658724066819555,0.7015987072216434
Aromatic Compound #18,296.38397147243165,2.200701401279896,24.948132852133654,3,0,4,0.6241736399468918,0.3758263600531082,0.21058083817005946,Aromatic Compound,135.05264581449623,82.96371306821943,30.593240704642845,5.285587714887697,0.6795559609829983
Aromatic Compound #19,86.73833731997995,2.0873868479448072,37.0650756370017,4,7,1,0.7936214007799477,0.2063785992200523,0.11626399140173987,Aromatic Compound,42.349380721826336,32.135346884180315,10.704292731606575,2.846735454793715,0.4393594354785152
Aromatic Compound #20,251.93733357451578,2.042052898166614,6.761749872550126,0,0,7,0.790472473594371,0.209527526405629,0.25052408302966633,Aromatic Compound,119.00916656880564,75.59620920846723,34.511686973086476,3.7261828368396577,0.8384897308772548
Aromatic Compound #21,191.14373207843488,5.635461625276014,60.36531611578596,3,3,4,0.7962974711057103,0.20370252889428975,0.6342645688006514,Aromatic Compound,78.91497051785369,64.18227455470189,23.456673959951004,3.1946627793498434,0.8176731274028344
Aromatic Compound #22,136.32404947060922,3.888993995780634,39.42413348797508,0,2,2,0.6810822197842417,0.31891778021575834,0.6992757614893926,Aromatic Compound,52.08377011437586,37.95173581733361,22.944048467309926,2.8026708218203207,0.605449984013971
Aromatic Compound #23,90.2025201184405,4.314167272814126,33.843148523325695,4,6,1,0.6206430395088193,0.37935696049118073,0.1692176807834223,Aromatic Compound,33.06746117681329,22.79607902119022,26.422534519944367,3.0301171228510677,0.5599504456174502
Aromatic Compound #24,271.0692537822931,3.8889057030248173,4.8053032290168005,2,4,5,0.7782205923361841,0.22177940766381588,0.6457572346665665,Aromatic Compound,88.09515275940645,105.96856995565007,54.71384007291855,4.91358965864524,0.5261135897904653
Aromatic Compound #25,79.37280862627907,5.2427342813503675,41.36474428992256,0,1,1,0.8370923881972298,0.16290761180277025,0.5157453466148606,Aromatic Compound,25.503296938718893,25.456149488917752,17.899457699618594,2.096691908593238,0.7243607511998635
Aromatic Compound #26,240.76160394636952,5.981686051701825,56.75009269635116,2,6,4,0.6718777998459398,0.32812220015406024,0.3433871556683425,Aromatic Compound,105.37449835649598,93.12424524628072,41.23699643343748,4.457899697190867,0.7029996343256824
Aromatic Compound #27,115.55394043301729,5.90982625273537,115.34618790610428,0,3,2,0.8133292966666466,0.18667070333335345,0.5169820798728855,Aromatic Compound,40.67023582811974,27.811822874468522,19.031451151246166,3.366325713940867,0.4177083641627872
Aromatic Compound #28,192.3670803018227,5.9611406823397655,38.78348153253296,0,7,5,0.7528354140619316,0.24716458593806845,0.10819701128236565,Aromatic Compound,67.50782910729643,44.12493634542619,20.12724341652275,4.594708200770308,0.7028748187802168
Aromatic Compound #29,276.85125092435544,2.1157772669734682,38.12891981690038,2,5,7,0.6599114462393891,0.34008855376061087,0.3027889302819017,Aromatic Compound,138.32568517704266,102.75737866626534,55.38872478312805,5.637130959096628,0.451458716461224
Aromatic Compound #30,234.6187854774319,2.7500178284759214,34.67010231924814,1,6,4,0.7876496141860316,0.21235038581396837,0.36731068869589667,Aromatic Compound,79.20382764243615,78.87495098247396,46.154630109747806,4.116511741151127,0.3111350019141153
Aromatic Compound #31,292.667010245266,4.284796735851655,46.28602690788383,3,7,6,0.8158578944473461,0.18414210555265387,0.530808506876201,Aromatic Compound,96.46654450302559,69.45447635957557,38.505070375780306,4.219135079587282,0.7195252065224262
Aromatic Compound #32,160.59367205431005,2.3697980681482664,7.25124483522692,0,8,2,0.7144750737817678,0.2855249262182322,0.6800405365210648,Aromatic Compound,51.34774623698933,40.770227097463476,40.608486771917754,3.2732952825492267,0.6868761614764498
Aromatic Compound #33,290.7066625965981,2.990526572285755,16.62595709024378,2,5,4,0.6870129888693302,0.31298701113066985,0.1717185217282467,Aromatic Compound,120.92265414880102,104.69300097977182,57.71540832200494,5.4656667828984355,0.5464855574246049
Aromatic Compound #34,129.13086787959884,2.4256470516113784,22.107474442200456,0,0,3,0.8054381042463475,0.19456189575365246,0.12874832074800024,Aromatic Compound,54.95458051625101,37.547863336597985,21.668003902542843,3.8990412587736047,0.6154116335517037
Aromatic Compound #35,288.57151270808913,4.844640350111065,42.55366171893444,1,9,5,0.6016991371465279,0.3983008628534721,0.48461491458121275,Aromatic Compound,107.65032884506411,96.41408020052,37.33589649221713,4.837917789751668,0.8683015150234559
Aromatic Compound #36,252.56562749769898,3.620432218351427,87.84860354215961,2,6,5,0.600677037455113,0.399322962544887,0.10465998529238124,Aromatic Compound,102.81508926012768,66.59408114672839,53.14793189848633,4.230522080954344,0.6571201085432626
Aromatic Compound #37,187.24442629772176,5.945949606286918,88.19642158865005,1,4,3,0.6695669152046924,0.33043308479530764,0.2305527639589867,Aromatic Compound,85.69801146235115,51.72552201851222,46.916601061203416,3.838268982583497,0.6947303612019189
Aromatic Compound #38,107.6987481886609,5.81322867032949,13.072999449988995,3,0,2,0.6181663968952892,0.3818336031047108,0.426880651165659,Aromatic Compound,49.931383419833836,42.87945011343093,16.84407027370292,2.761915695818254,0.33834679256948463
Aromatic Compound #39,105.89285531553371,3.1589119349528585,27.292042548154686,1,8,1,0.659687942771506,0.340312057228494,0.32000732782178887,Aromatic Compound,52.055065562412054,26.422747140276016,15.22303725462735,2.681239657204257,0.3995966764050751
Aromatic Compound #40,164.78366875873803,5.905826117741641,0.9685221257044816,2,3,2,0.8386665892197672,0.16133341078023278,0.1408223884550018,Aromatic Compound,76.60028117977083,49.647881726614706,33.67963852227802,3.8446312551499995,0.4805713658469529
Aromatic Compound #41,148.35271857397868,3.0671781977353234,54.841169613250976,4,5,3,0.7264814500365985,0.2735185499634015,0.28770051851453204,Aromatic Compound,61.26496811224604,54.72442035130638,19.444392105322063,2.8349850356511057,0.6236275908168859
Aromatic Compound #42,91.52103059821056,4.806261062411769,51.503050942109326,3,1,1,0.6024568881424469,0.3975431118575531,0.5160265231113115,Aromatic Compound,30.7447873129703,22.682997131185164,21.35393189015552,2.4960438315383673,0.7659545375899928
Aromatic Compound #43,248.10649495280413,3.2163785438851353,26.029142796434904,4,3,6,0.8029067536112133,0.19709324638878667,0.13154463868660188,Aromatic Compound,79.38234581097605,70.22474495598799,54.84858664953189,4.8405606160886165,0.4927445266731522
Aromatic Compound #44,101.1802120285822,4.275932777216491,13.641964851140983,1,0,1,0.7328698115704552,0.26713018842954483,0.3587262909185973,Aromatic Compound,31.457168524426557,32.68305578032225,11.880217251167073,2.360229663071879,0.5138294582872645
Aromatic Compound #45,204.38414137792455,2.008306070400325,93.7379519251212,4,7,4,0.665177193533213,0.33482280646678697,0.528675810331469,Aromatic Compound,88.56070438050989,60.54627371167882,21.931251414324088,3.438937724904466,0.4536905311042493
Aromatic Compound #46,176.70734005688684,2.108324534680204,44.42053819429734,4,1,5,0.7123170396164091,0.28768296038359087,0.17476803140699643,Aromatic Compound,81.55171875524168,51.58095266652764,39.59264557896853,3.5202681085360643,0.45276559757718354
Aromatic Compound #47,222.84966212260554,2.2108790653380046,14.118999220840323,4,5,5,0.711542609453174,0.28845739054682595,0.16372829655307375,Aromatic Compound,89.52690794420948,60.72696665277947,35.40161983189602,4.960628347357525,0.869318307536878
Aromatic Compound #48,250.24475049227186,5.231829312436076,54.45873361743055,0,0,6,0.7919411544285844,0.20805884557141563,0.44641204073180063,Aromatic Compound,77.81181215360851,79.4099828827031,29.35099423602591,5.050438777208734,0.6812743077713341
Aromatic Compound #49,221.50243730063576,3.8334539177052247,42.90028363420697,4,4,4,0.7321768299710132,0.2678231700289868,0.2755930586004447,Aromatic Compound,90.17233866514138,71.96050233493781,55.793305550849006,3.475148875497976,0.3935407461239681
Aromatic Compound #50,199.0850049470003,2.5336653420928283,30.28202497143345,1,6,2,0.7729108504933295,0.22708914950667047,0.1625878524111293,Aromatic Compound,96.98423075605349,65.82903128583432,32.41279087356872,4.075924182443541,0.733349146850556
Elastomer Component #1,143.65464483620775,6.508510247594007,10.914894824620315,3,4,1,0.8056378523512713,0.19436214764872872,0.5453792540403666,Elastomer Component,60.26637558942941,30.75267007704887,27.570186497652784,3.14811758003962,0.7332126860160175
Elastomer Component #2,292.9313057853551,4.262973609936148,37.578830433486175,1,6,3,0.8243037448068097,0.17569625519319032,0.25602882415146033,Elastomer Component,135.3007219624011,95.55619417437416,43.16711459171255,5.234511080930509,0.6998821176322231
Elastomer Component #3,215.5174167156885,6.771931136284543,55.446507882291165,2,8,6,0.8220752119563384,0.17792478804366163,0.6149240745862178,Elastomer Component,99.14459136662789,84.19132620079415,48.591292909437186,4.613467778977466,0.38083226705439815
Elastomer Component #4,151.1803373864933,4.7470312713883,64.59775757905703,4,3,3,0.7928000856392853,0.20719991436071472,0.6989199445993706,Elastomer Component,73.53801957446946,46.593363799015584,24.23385780892759,4.064597305945886,0.5447948900817522
Elastomer Component #5,122.48801304100391,3.892039294134932,48.1770735161082,2,0,2,0.7815791874743093,0.21842081252569068,0.4235146477081798,Elastomer Component,55.61516213059677,42.019931354239404,35.96299412866337,3.163474939960986,0.36405379829664786
Elastomer Component #6,176.52802984971382,6.0715054545348455,21.552894136851947,3,2,2,0.8503589174734513,0.14964108252654873,0.15821093094225366,Elastomer Component,79.35642868618395,54.96137745842662,42.470792153977065,4.594024258199244,0.7899723024552819
Elastomer Component #7,119.27157275713776,5.370784266571511,36.5291738167439,4,9,1,0.8650070638285601,0.13499293617143993,0.3387762078284543,Elastomer Component,41.36583043467845,44.24356612720238,15.18857346251364,3.7579593735278496,0.6931032859067516
Elastomer Component #8,379.4436977790042,4.352923869269139,74.18838821720331,2,9,8,0.8827752580643593,0.1172247419356407,0.590134173702501,Elastomer Component,118.38075383870371,146.43362891719113,69.56681594012632,6.482792784920024,0.604322362060691
Elastomer Component #9,324.8636692663256,5.798137030462096,35.00567839155936,2,0,3,0.7613862145962464,0.23861378540375355,0.1838154235617632,Elastomer Component,131.08895306543113,76.94200434072278,57.528229460814714,5.358893955174766,0.505809285900358
Elastomer Component #10,314.7207779232386,6.891174806625775,25.90609916121552,2,4,8,0.8966129399229641,0.10338706007703591,0.5420958734509025,Elastomer Component,102.24863952202455,90.44194169441438,65.09981105015616,4.912272165423629,0.41054968469666003
Elastomer Component #11,250.31207109538101,5.2910421318203475,34.59621606706537,0,4,5,0.7274454293233742,0.2725545706766258,0.3003414829159324,Elastomer Component,123.2634698467301,69.70600948812147,67.18028927906468,4.319452486907386,0.3638685532998647
Elastomer Component #12,176.27774829667916,5.524197573080882,55.97233948129093,3,7,4,0.7049968164563698,0.2950031835436302,0.3628264455432303,Elastomer Component,63.104781355483645,49.541631561527446,38.19663865830202,3.084771633423926,0.8815443645221399
Elastomer Component #13,202.71853698875788,5.185905444101506,54.42233739303952,3,3,2,0.7182706485447111,0.2817293514552889,0.34068878169507855,Elastomer Component,95.39708130524845,45.63292307279692,22.767589623867888,3.6977645146731977,0.41978918517361385
Elastomer Component #14,384.3388198043371,4.586362297545319,84.90131222337945,3,5,5,0.7249740153811844,0.27502598461881556,0.698991253942574,Elastomer Component,145.09748413678346,139.40858554040315,88.81422105852302,6.1546742390485205,0.3359247760328314
Elastomer Component #15,262.4087915188396,4.1362335561617165,38.1293607409366,0,7,6,0.8989549909147813,0.10104500908521874,0.5051385025372225,Elastomer Component,95.68443996183436,54.358833625111586,26.674656520987135,4.870103333756821,0.8770000633094979
Elastomer Component #16,161.76459645349635,4.409924187773404,54.72746046779977,1,8,4,0.7252220283357249,0.2747779716642751,0.47184871269493955,Elastomer Component,78.78448875215528,49.442592097695844,41.410457475149606,4.283132419547086,0.6293710448146963
Elastomer Component #17,123.22346559542518,5.051341449740568,69.45342840867407,1,5,3,0.7686601938391482,0.2313398061608518,0.14247486160670467,Elastomer Component,45.9210129709292,40.956482874601136,28.751387986229727,2.6276931932350567,0.7779940409946857
Elastomer Component #18,298.11647571874767,6.236779214626965,9.377715393380498,3,6,8,0.834566337984086,0.16543366201591403,0.27996309387883817,Elastomer Component,112.70519388488324,71.99330668244184,48.22246601598801,4.297000180598868,0.32625950831899114
Elastomer Component #19,105.75036625749334,4.727957485853763,59.67914394878925,3,9,2,0.7066023871800654,0.2933976128199346,0.10878827636349205,Elastomer Component,33.96895878744288,40.30887116927234,16.76020221461805,3.3120492273981528,0.6401675144877929
Elastomer Component #20,376.34316405425255,6.904344096798287,60.70799197518757,2,0,5,0.744456553327717,0.255543446672283,0.637045935497107,Elastomer Component,163.36655308468417,138.38508516822955,97.71923346528646,5.283219688395507,0.5389259784707972
Elastomer Component #21,272.1787408368947,4.4031104920412485,66.4475495316569,4,2,3,0.8665387492698841,0.13346125073011594,0.10139404367915816,Elastomer Component,97.37681187837953,80.07954343131557,69.8593929755658,4.035461692683933,0.7631786606099302
Elastomer Component #22,395.1792820427207,6.624550144509918,39.576378341997014,2,6,11,0.7110890471407683,0.28891095285923174,0.2594113389197581,Elastomer Component,164.83751153442446,111.53136438750558,67.3624464971857,6.878180375784791,0.32305538738343514
Elastomer Component #23,368.7447194680584,3.4139002545863386,38.523852514798946,3,0,7,0.8313125404799304,0.16868745952006958,0.14262245284200475,Elastomer Component,154.23497948402934,91.19557853703323,58.92155117208424,6.18028132464355,0.5410143411369686
Elastomer Component #24,345.4923453025909,4.342729602571367,54.67251634452228,1,2,8,0.8149164395103758,0.18508356048962415,0.18483013252980413,Elastomer Component,153.34330150523547,119.5398833080361,73.23227038418767,5.169858954526424,0.7794440516917176
Elastomer Component #25,139.09612995170076,5.573715798069323,80.39930294303444,1,4,1,0.7394365963936133,0.26056340360638675,0.1328159047457606,Elastomer Component,62.46088030671832,31.484236525127855,14.14233918082733,3.8449546601953335,0.613618358783022
Elastomer Component #26,105.30101343863016,3.411072970599127,2.163644444430723,0,2,2,0.7344394958847266,0.26556050411527343,0.6949746057767369,Elastomer Component,42.42477657327955,35.38614765951959,12.271085919453544,3.176276372792612,0.6300232445991625
Elastomer Component #27,149.08486124148288,5.767110556567929,7.273102300816944,3,1,1,0.834858714740005,0.16514128525999505,0.5684195825029772,Elastomer Component,54.59463608854517,54.93648882377289,18.670481292192125,3.933565763416807,0.3582988091795793
Elastomer Component #28,373.0588372434089,4.531333579073741,63.829033959310195,3,2,8,0.8261270589966161,0.1738729410033839,0.15900695295412787,Elastomer Component,174.4013425881223,91.6584355396366,51.13978715829936,6.278678884002885,0.37939833367205483
Elastomer Component #29,234.78236408699493,6.7619887940520425,59.1150721210451,3,3,6,0.8905668778341169,0.10943312216588308,0.2628585185656319,Elastomer Component,84.98490716959368,87.64084760986404,47.52080165595171,3.688515779953872,0.7061997632194715
Elastomer Component #30,101.11072204972506,3.6502448237256604,0.14619966513137683,1,3,2,0.7699045602338795,0.23009543976612046,0.18765793932479213,Elastomer Component,40.59613881263676,20.896010961212152,30.17633149689448,3.045522243034703,0.705027973373952
Elastomer Component #31,346.9010723340804,3.9401251952476746,88.86814676930726,4,9,9,0.8304562225636892,0.16954377743631077,0.2617780052603097,Elastomer Component,131.90931197826274,132.70959902753754,79.96856501055782,4.315917707543431,0.8874620365513641
Elastomer Component #32,345.9031008341377,6.997401201888801,8.236844192872077,3,6,8,0.7422862515997822,0.25771374840021777,0.6792691807603727,Elastomer Component,162.92578328287425,77.3689924939077,38.83099869888995,4.388457927823935,0.7271717928393303
Elastomer Component #33,374.74430445722317,5.011502080262339,22.107657760933613,3,2,5,0.8590220565053449,0.1409779434946551,0.2563969928997619,Elastomer Component,144.79509324445277,123.34777568809588,76.86600583972582,6.491282517160025,0.5959460975600683
Elastomer Component #34,127.75856631001574,4.597729116123418,31.024546827176966,3,8,3,0.7837858447874838,0.2162141552125162,0.6436605572082554,Elastomer Component,48.19306565687212,31.94174879954601,25.465992690924846,3.2988798356167286,0.8143966941201317
Elastomer Component #35,141.32022966634258,3.2173923933946282,52.13006432891825,3,1,2,0.7037062467188666,0.2962937532811334,0.28353688795691195,Elastomer Component,61.89327744181851,51.908401142872094,18.2067887350146,3.755537217746692,0.36268379148956176
Elastomer Component #36,244.94039366964984,3.252732387440906,12.631151104517404,2,8,6,0.8222283046422493,0.17777169535775073,0.4000203493417648,Elastomer Component,102.99455062334346,74.08468914987759,69.57641462651758,5.12966051557871,0.5695774925377528
Elastomer Component #37,138.34355330811482,5.328949795210345,42.9388979342838,4,5,3,0.759974853688813,0.240025146311187,0.45724888097206506,Elastomer Component,44.47044759780626,31.410660051755627,26.02976143843985,4.005991354344406,0.4722654665565419
Elastomer Component #38,365.9786324507195,4.64377020940044,29.858858772701616,1,9,4,0.8208608839642958,0.1791391160357042,0.4760623116503331,Elastomer Component,146.9893746951915,114.98986937309772,109.39534207941502,6.338422587479702,0.36278268415657533
Elastomer Component #39,108.6403541639556,5.574879225299783,20.45550993073212,4,7,3,0.755428870374672,0.244571129625328,0.675450545369442,Elastomer Component,48.572632766878534,30.590573078614902,19.99139600252773,2.9887951197423686,0.7581012508322198
Elastomer Component #40,157.70390894617452,5.869491096251894,20.33867451796945,2,7,3,0.8328678733211364,0.16713212667886357,0.6672969163357001,Elastomer Component,78.6019863524349,52.4033630379946,34.94585213204572,3.3873331747312396,0.6064752182993304
