id,name,category,persistence,biodegradability,toxicity,molecular_weight,has_aromatic,has_halogen,has_nitrogen,has_oxygen
DRUG_0001,Analgesic_1,Analgesic,0.37450712295168487,0.6792603548243222,0.2971532807151039,252,True,False,True,True
DRUG_0002,Analgesic_2,Analgesic,0.5284544784612037,0.7588869625603688,0.060622299960416154,458,True,True,True,True
DRUG_0003,Analgesic_3,Analgesic,0.21429297513687878,0.5613875743379342,0.0,198,True,False,False,True
DRUG_0004,Analgesic_4,Analgesic,0.4425554523595354,0.6623434047871335,0.17541993252578447,595,False,False,True,False
DRUG_0005,Analgesic_5,Analgesic,0.12735096338665458,0.7563547027518508,0.10990419651217927,489,False,False,True,True
DRUG_0006,Analgesic_6,Analgesic,0.2562459375310085,0.6420290574153167,0.026184463711237643,199,True,False,True,True
DRUG_0007,Analgesic_7,Analgesic,0.3327957474080794,0.8322641558422915,0.04863719857023388,487,True,False,True,True
DRUG_0008,Analgesic_8,Analgesic,0.06250586796946689,0.5570458316175246,0.04281940961272793,450,False,True,True,True
DRUG_0009,Analgesic_9,Analgesic,0.45464992837439266,0.8396920178674298,0.07411737151660425,284,True,False,False,True
DRUG_0010,Analgesic_10,Analgesic,0.2536181436223178,0.8818258513199688,0.3850245206814586,321,True,True,True,True
DRUG_0011,Analgesic_11,Analgesic,0.4459445300633681,0.8193393195843912,0.42431513793252107,508,False,True,False,True
DRUG_0012,Analgesic_12,Analgesic,0.3507271877989979,0.7225733617165891,0.1829868122980409,390,True,False,True,True
DRUG_0013,Analgesic_13,Analgesic,0.5216841067112274,0.6222594672589529,0.07872595956602188,215,True,False,False,True
DRUG_0014,Analgesic_14,Analgesic,0.22473644346231952,0.63778530483918,0.0,595,True,True,True,True
DRUG_0015,Analgesic_15,Analgesic,0.26150547259611684,0.6448261413800858,0.3910600430209334,382,True,False,True,True
DRUG_0016,Analgesic_16,Analgesic,0.256207099376157,0.5355601307077966,0.3372326482889018,301,True,False,True,True
DRUG_0017,Analgesic_17,Analgesic,0.3386325586084146,0.6888331126350749,0.0,262,True,False,True,True
DRUG_0018,Analgesic_18,Analgesic,0.29602291868261743,0.6879868996971266,0.16379298025336814,534,False,False,True,True
DRUG_0019,Analgesic_19,Analgesic,0.41509452580596057,0.5275311133758462,0.08369958410645839,404,True,False,True,True
DRUG_0020,Analgesic_20,Analgesic,0.41597112838338735,0.7768635598557404,0.2815233036863654,350,True,False,False,True
DRUG_0021,Analgesic_21,Analgesic,0.06740048534008009,0.710284446220904,0.04065444294108428,566,True,False,True,True
DRUG_0022,Analgesic_22,Analgesic,0.37103886459527724,0.5743627912355328,0.3015779098373149,564,True,False,True,True
DRUG_0023,Analgesic_23,Analgesic,0.5045829786625657,1.0,0.15132635632566602,289,True,True,False,True
DRUG_0024,Analgesic_24,Analgesic,0.26911999243567425,0.8224229084322056,0.27075609372904685,553,True,True,True,False
DRUG_0025,Analgesic_25,Analgesic,0.34396087099480216,0.5928472872960447,0.4798661766717135,357,True,False,False,True
DRUG_0026,Analgesic_26,Analgesic,0.3710749381367681,0.6306209709697371,0.0331253968505828,541,True,False,True,False
DRUG_0027,Analgesic_27,Analgesic,0.0945193414925555,0.5842328875760112,0.33180103222863433,432,True,False,True,True
DRUG_0028,Analgesic_28,Analgesic,0.26406082377092854,0.6440321215524455,0.2755395596217226,453,False,False,True,True
DRUG_0029,Analgesic_29,Analgesic,0.26648058220112236,0.8071000741138138,0.27098564368603173,248,True,False,True,True
DRUG_0030,Analgesic_30,Analgesic,0.2890756631014691,0.6833194000284596,0.0,167,True,True,True,True
DRUG_0031,Analgesic_31,Analgesic,0.3346430584417699,0.5786594662914458,0.35861352632935645,422,True,False,True,True
DRUG_0032,Analgesic_32,Analgesic,0.3077041289219453,0.5999584937565231,0.0,455,True,True,True,True
DRUG_0033,Analgesic_33,Analgesic,0.385633576603975,0.8703348460270898,0.34310026452398035,520,True,False,False,True
DRUG_0034,Analgesic_34,Analgesic,0.3977086876958697,0.6940545786940571,0.11980058872249043,212,True,True,True,True
DRUG_0035,Analgesic_35,Analgesic,0.0012693320202878944,0.7639038800251002,0.11880718375400491,257,True,False,False,True
DRUG_0036,Analgesic_36,Analgesic,0.41652345066384044,1.0,0.2950878533477017,457,False,True,True,False
DRUG_0037,Analgesic_37,Analgesic,0.10381285504959373,0.40141006756339537,0.07136766715083492,266,False,False,True,False
DRUG_0038,Analgesic_38,Analgesic,0.42600080649336436,0.68267898851144,0.3247562865463771,245,True,True,True,True
DRUG_0039,Analgesic_39,Analgesic,0.6183234295518949,0.854869789082672,0.0,293,False,False,True,False
DRUG_0040,Analgesic_40,Analgesic,0.2273648890700623,0.6579017686988768,0.1094036120753378,595,True,False,False,True
DRUG_0041,Analgesic_41,Analgesic,0.105758628828021,0.6842322242880379,0.0,159,True,True,True,False
DRUG_0042,Analgesic_42,Analgesic,0.10497107376098402,0.7002720416792014,0.31339029226874787,474,True,False,True,True
DRUG_0043,Analgesic_43,Analgesic,0.3516102197103033,0.8389348814327551,0.2911757810502207,312,True,False,True,True
DRUG_0044,Analgesic_44,Analgesic,0.4548769189241822,0.7658990710155151,0.18372531671547304,479,False,False,True,True
DRUG_0045,Analgesic_45,Analgesic,0.3165449367950132,0.6354961921225125,0.38453170304665674,242,True,False,True,True
DRUG_0046,Analgesic_46,Analgesic,0.10631634567037951,0.753552322894757,0.09606356071090189,224,True,True,True,True
DRUG_0047,Analgesic_47,Analgesic,0.38276055156976113,0.5934808063108774,0.0,245,True,True,True,True
DRUG_0048,Analgesic_48,Analgesic,0.11691448435772184,0.8238124523482044,0.3220264454000958,510,True,False,True,True
DRUG_0049,Analgesic_49,Analgesic,0.21155207149692515,0.6552548165254438,0.1383064114010279,433,True,True,True,True
DRUG_0050,Analgesic_50,Analgesic,0.4476035316844635,0.43119323497971773,0.13298397323151384,174,True,False,True,True
DRUG_0051,Antibiotic_1,Antibiotic,0.6720499863818361,0.6606874342676287,0.3135108880472492,379,False,True,False,True
DRUG_0052,Antibiotic_2,Antibiotic,0.4124095653700719,0.5293442541572515,0.33480749060364545,314,False,False,True,True
DRUG_0053,Antibiotic_3,Antibiotic,0.4434824217305689,0.5719162565476779,0.03850721291823617,401,False,True,True,True
DRUG_0054,Antibiotic_4,Antibiotic,0.5604216928061304,0.5546513636885538,0.29931557565145556,369,True,True,True,True
DRUG_0055,Antibiotic_5,Antibiotic,0.5260256738917638,0.770001303760361,0.2190381961013109,518,False,False,True,True
DRUG_0056,Antibiotic_6,Antibiotic,0.18700575505124648,0.6068411759888392,0.3583769364216809,452,True,False,True,False
DRUG_0057,Antibiotic_7,Antibiotic,0.4710441081591347,0.6081525866907856,0.6413641946350805,163,False,True,True,True
DRUG_0058,Antibiotic_8,Antibiotic,0.46093400275748925,0.655036412564546,0.3314245293948538,479,True,True,True,True
DRUG_0059,Antibiotic_9,Antibiotic,0.2740417236728836,0.5100911031833967,0.0,327,False,False,True,True
DRUG_0060,Antibiotic_10,Antibiotic,0.32113674674788584,0.8591621441151389,0.07610979533764603,389,False,True,True,True
DRUG_0061,Antibiotic_11,Antibiotic,0.5112944524794198,0.8214987938144444,0.4050364430043628,391,True,False,True,True
DRUG_0062,Antibiotic_12,Antibiotic,0.38015508340863063,0.6510922876932539,0.2979333067099212,416,True,False,True,True
DRUG_0063,Antibiotic_13,Antibiotic,0.38281902321210737,0.7856724467960192,0.060835851180844946,460,True,True,True,True
DRUG_0064,Antibiotic_14,Antibiotic,0.3100937465569341,0.8274349984400844,0.3468687721646921,314,True,False,True,True
DRUG_0065,Antibiotic_15,Antibiotic,0.272721895091813,0.45956324575830654,0.3499759942259737,437,False,False,False,True
DRUG_0066,Antibiotic_16,Antibiotic,0.36131467531846856,0.791319487298043,0.2862650909025244,455,True,False,True,True
DRUG_0067,Antibiotic_17,Antibiotic,0.24694251291067681,0.5596358343106574,0.5233567760826718,584,True,False,True,True
DRUG_0068,Antibiotic_18,Antibiotic,0.5316737752720171,0.7235028774418448,0.6078679112618235,584,True,False,True,True
DRUG_0069,Antibiotic_19,Antibiotic,0.6442923318356938,0.39298478126776626,0.044492634096726824,218,True,False,True,True
DRUG_0070,Antibiotic_20,Antibiotic,0.39166784516550723,0.5815633040172817,0.2887044517867315,398,True,False,True,True
DRUG_0071,Antibiotic_21,Antibiotic,0.484033856645608,0.4631807615085752,0.449567283284673,304,True,False,False,False
DRUG_0072,Antibiotic_22,Antibiotic,0.36470218871391225,0.5204613572441339,0.18106907516064835,466,False,False,True,True
DRUG_0073,Antibiotic_23,Antibiotic,0.2172265538070122,0.4259512462096041,0.29375609485696136,363,False,True,True,False
DRUG_0074,Antibiotic_24,Antibiotic,0.264982651288913,0.7277031396900765,0.20694544161966721,262,True,True,True,True
DRUG_0075,Antibiotic_25,Antibiotic,0.5153091238220994,0.4829484968913427,0.5671094157217834,303,False,False,True,True
DRUG_0076,Antibiotic_26,Antibiotic,0.4378719682515378,1.0,0.46793623671518647,423,True,False,True,True
DRUG_0077,Antibiotic_27,Antibiotic,0.37196423161593867,0.5928313683939693,0.14081060505801143,275,False,True,True,True
DRUG_0078,Antibiotic_28,Antibiotic,0.3018439980830477,0.5988041038025074,0.5219916208335038,260,True,True,True,True
DRUG_0079,Antibiotic_29,Antibiotic,0.09886479679558396,0.7601184258352127,0.406718139779224,469,True,False,True,True
DRUG_0080,Antibiotic_30,Antibiotic,0.3565933079300963,0.5457865740859534,0.26422599489239124,347,True,False,True,False
DRUG_0081,Antibiotic_31,Antibiotic,0.5196226306717472,0.6217806090428187,0.5692746834958444,211,True,False,True,True
DRUG_0082,Antibiotic_32,Antibiotic,0.38882385302032413,0.500606436158123,0.3855898002889739,267,True,False,True,True
DRUG_0083,Antibiotic_33,Antibiotic,0.5481239508551083,0.7146306582002862,0.3019427306931142,505,True,False,True,True
DRUG_0084,Antibiotic_34,Antibiotic,0.26864518874991367,0.8995512235264418,0.5975988191527402,535,True,True,True,True
DRUG_0085,Antibiotic_35,Antibiotic,0.47947062668729246,0.816235293098685,0.0,243,False,True,True,True
DRUG_0086,Antibiotic_36,Antibiotic,0.2804657116794285,0.523739106765937,0.11372392249416996,150,True,False,True,True
DRUG_0087,Antibiotic_37,Antibiotic,0.31082259209136265,0.6882492777690963,0.2522282234024491,154,False,False,True,True
DRUG_0088,Antibiotic_38,Antibiotic,0.35214144684004856,0.8563938742094432,0.42373502791931006,477,True,False,True,True
DRUG_0089,Antibiotic_39,Antibiotic,0.40276275687843277,0.8514655968412923,0.3490391060646244,599,True,True,True,True
DRUG_0090,Antibiotic_40,Antibiotic,0.3671349206786704,0.6247791570180865,0.3853405011704462,191,False,True,True,True
DRUG_0091,Antibiotic_41,Antibiotic,0.4272799382587743,0.6372330879450504,0.23109586506896337,560,True,False,True,True
DRUG_0092,Antibiotic_42,Antibiotic,0.27252334458028127,0.5478709899340567,0.42437080268779026,443,True,False,True,True
DRUG_0093,Antibiotic_43,Antibiotic,0.8761663205690138,0.6273360906984979,0.0,322,True,False,True,True
DRUG_0094,Antibiotic_44,Antibiotic,0.34216926400481334,0.483931620134464,0.11330179450328745,160,True,False,True,True
DRUG_0095,Antibiotic_45,Antibiotic,0.5220532863934977,0.37482533274853697,0.25967487348072366,253,True,True,True,True
DRUG_0096,Antibiotic_46,Antibiotic,0.3340203568576874,0.6325291555474407,0.36631749979702094,255,True,False,False,False
DRUG_0097,Antibiotic_47,Antibiotic,0.30588716734337845,0.5256916135603129,0.36282591208027304,150,True,False,True,True
DRUG_0098,Antibiotic_48,Antibiotic,0.3416067712408761,0.5762988152131515,0.23596783950788697,585,True,False,False,True
DRUG_0099,Antibiotic_49,Antibiotic,0.16663750361925578,0.18230465328268491,0.3242029838818354,592,True,False,False,True
DRUG_0100,Antibiotic_50,Antibiotic,0.5163208858733371,0.7206658665166298,0.27641791599533233,326,True,False,True,True
DRUG_0101,Antidepressant_1,Antidepressant,0.566809823661761,0.5021317833224296,0.7414977439598256,491,False,True,True,True
DRUG_0102,Antidepressant_2,Antidepressant,0.25560460841686217,0.502089393786942,0.3963812369334995,528,True,False,True,True
DRUG_0103,Antidepressant_3,Antidepressant,0.6629158290154483,0.4408126522645108,0.15238964208271585,520,True,False,True,True
DRUG_0104,Antidepressant_4,Antidepressant,0.6051413392169116,0.3233707452087595,0.43055526972082747,534,True,False,True,True
DRUG_0105,Antidepressant_5,Antidepressant,0.5095449860552833,0.6427271094414431,0.5833305019311905,472,False,False,False,True
DRUG_0106,Antidepressant_6,Antidepressant,0.17385146538700297,0.42132196005803396,0.47340618418418773,246,True,True,True,True
DRUG_0107,Antidepressant_7,Antidepressant,0.6874707979116823,0.563048688077678,0.35862856515970126,460,True,False,False,True
DRUG_0108,Antidepressant_8,Antidepressant,0.34137031228499864,0.24953312418974,0.6647030401394078,151,True,False,True,True
DRUG_0109,Antidepressant_9,Antidepressant,0.4506003502520297,0.4854760943909884,0.3286704183753476,405,True,False,True,True
DRUG_0110,Antidepressant_10,Antidepressant,0.6523530417595227,0.41826213697865755,0.45987041715281063,351,True,True,True,True
DRUG_0111,Antidepressant_11,Antidepressant,0.8417718092282609,0.08239936567969669,0.5304610660342619,430,False,False,True,True
DRUG_0112,Antidepressant_12,Antidepressant,0.6585687400034463,0.3067328930364013,0.41512261333810785,364,True,True,True,True
DRUG_0113,Antidepressant_13,Antidepressant,0.38605409292826665,0.499497369551154,0.3896529009481312,225,False,False,False,True
DRUG_0114,Antidepressant_14,Antidepressant,0.11326768555062622,0.5384044601470813,0.5474036475918271,417,True,False,True,True
DRUG_0115,Antidepressant_15,Antidepressant,0.7105846311797425,0.42567389952957746,0.12178212937610416,459,True,False,True,True
DRUG_0116,Antidepressant_16,Antidepressant,0.351562541363789,0.27139771374094546,0.280234142887442,313,True,False,True,True
DRUG_0117,Antidepressant_17,Antidepressant,0.5739976851321333,0.527725418554231,0.27124633297281797,185,True,False,True,True
DRUG_0118,Antidepressant_18,Antidepressant,0.6050464819113487,0.427981611530556,0.744770329260225,222,False,True,True,True
DRUG_0119,Antidepressant_19,Antidepressant,0.26630715234849983,0.4399427959725023,0.47496064301681656,321,True,False,False,True
DRUG_0120,Antidepressant_20,Antidepressant,0.5798892664055827,0.5995605820832032,0.5515212190642927,452,False,True,True,True
DRUG_0121,Antidepressant_21,Antidepressant,0.6207204768100708,0.6395380018930312,0.4059612543865641,238,True,False,False,True
DRUG_0122,Antidepressant_22,Antidepressant,0.5017022718464329,0.5155216647969778,0.31983899709649477,550,False,False,True,False
DRUG_0123,Antidepressant_23,Antidepressant,0.3378415189387607,0.6579729279999356,0.39406672692150174,521,True,False,True,False
DRUG_0124,Antidepressant_24,Antidepressant,0.6022251046058936,0.289226011645331,0.47515500152760176,337,True,True,True,True
DRUG_0125,Antidepressant_25,Antidepressant,0.7166259617823452,0.2143231892202243,0.42631316129501695,558,True,False,True,True
DRUG_0126,Antidepressant_26,Antidepressant,0.7082886682166274,0.335884384925233,0.04425765028517592,183,False,True,True,True
DRUG_0127,Antidepressant_27,Antidepressant,0.6834756425887185,0.39748523148048154,0.3235213633750038,334,True,False,True,False
DRUG_0128,Antidepressant_28,Antidepressant,0.12730826313712784,0.54304609376809,0.08721735346518422,214,False,False,True,True
DRUG_0129,Antidepressant_29,Antidepressant,0.34937888498718983,0.38483036523438074,0.39479726689198286,454,True,False,True,True
DRUG_0130,Antidepressant_30,Antidepressant,0.5351322098804782,0.5844618310958857,0.17012089871240182,444,True,True,True,True
DRUG_0131,Antidepressant_31,Antidepressant,0.6750654371575454,0.7431662836681573,0.1645059493513986,375,True,False,True,True
DRUG_0132,Antidepressant_32,Antidepressant,0.5110944446110353,0.5772909279480148,0.5791272943826603,364,True,True,True,True
DRUG_0133,Antidepressant_33,Antidepressant,0.7130756371984782,0.41438805593757855,0.2751466640343657,309,True,False,True,False
DRUG_0134,Antidepressant_34,Antidepressant,0.5707123334579606,0.1631499201509246,0.2682443219360824,272,False,True,True,True
DRUG_0135,Antidepressant_35,Antidepressant,0.5815248654184013,0.6625414480858206,0.27241653120067066,273,True,False,True,True
DRUG_0136,Antidepressant_36,Antidepressant,0.5157102947957196,0.4223583051445743,0.4335681927458348,230,False,True,True,True
DRUG_0137,Antidepressant_37,Antidepressant,0.7797504850996211,0.6230723657406838,0.5655570804085897,438,True,True,True,True
DRUG_0138,Antidepressant_38,Antidepressant,0.5198849101947178,0.5608426389710568,0.5072510520701712,512,False,True,False,True
DRUG_0139,Antidepressant_39,Antidepressant,0.529227923180277,0.4761988334434046,0.3937567760061228,180,True,False,True,True
DRUG_0140,Antidepressant_40,Antidepressant,0.5834084971743284,0.5553009963309352,0.3409991781508959,355,True,False,False,False
DRUG_0141,Antidepressant_41,Antidepressant,0.5978802040639218,0.21611810220440547,0.357533649814712,597,True,True,False,True
DRUG_0142,Antidepressant_42,Antidepressant,0.36769589881888576,0.5807033532195266,0.40719310754246585,468,True,False,True,True
DRUG_0143,Antidepressant_43,Antidepressant,0.5777959471420351,0.40629399152568446,0.5127853927049048,523,True,False,False,True
DRUG_0144,Antidepressant_44,Antidepressant,0.6465348617055598,0.41616172290926173,0.45658178125967813,530,True,False,True,True
DRUG_0145,Antidepressant_45,Antidepressant,0.41484743409918656,0.6096823240014311,0.5017449116788062,248,True,False,True,True
DRUG_0146,Antidepressant_46,Antidepressant,0.49279557039287347,0.6682779784140273,0.596581573703832,176,True,True,False,True
DRUG_0147,Antidepressant_47,Antidepressant,0.22298413482928975,0.41499958812348414,0.5745228187046889,311,False,False,True,True
DRUG_0148,Antidepressant_48,Antidepressant,0.36060017088465895,0.4876773232411147,0.5675943747382192,221,False,False,False,True
DRUG_0149,Antidepressant_49,Antidepressant,0.7439779207549523,0.12780575201521976,0.4770752789598319,527,True,True,True,True
DRUG_0150,Antidepressant_50,Antidepressant,0.46147845373714497,0.5562466907509563,0.28639007246525366,377,True,False,False,True
DRUG_0151,Antihypertensive_1,Antihypertensive,0.5336107125662336,0.3423309564357552,0.3444688400997838,358,False,False,True,True
DRUG_0152,Antihypertensive_2,Antihypertensive,0.3938713099605987,0.3624145764771415,0.4140621984216446,450,True,True,True,True
DRUG_0153,Antihypertensive_3,Antihypertensive,0.3069093604090726,0.6655070950335508,0.32441431183859715,229,True,False,True,True
DRUG_0154,Antihypertensive_4,Antihypertensive,0.26323082668729647,0.7534711807030839,0.31373786080406446,563,False,False,True,True
DRUG_0155,Antihypertensive_5,Antihypertensive,0.6696529790274284,0.6961264291900514,0.21432315153258047,524,True,True,False,True
DRUG_0156,Antihypertensive_6,Antihypertensive,0.4858874172034238,0.8552544312800191,0.5074717501308412,372,True,True,True,True
DRUG_0157,Antihypertensive_7,Antihypertensive,0.31308050888948946,0.763351497267716,0.31718000493231957,463,True,False,False,True
DRUG_0158,Antihypertensive_8,Antihypertensive,0.5425218206498248,0.8528472452128747,0.23095568337092298,161,False,False,True,True
DRUG_0159,Antihypertensive_9,Antihypertensive,0.47842532320532494,0.5139449994092131,0.29634681116085254,231,False,False,True,True
DRUG_0160,Antihypertensive_10,Antihypertensive,0.7213405537917796,0.47349402681909286,0.297967567792881,392,True,False,False,True
DRUG_0161,Antihypertensive_11,Antihypertensive,0.5636569153247001,0.5833899856378956,0.4399318626492932,553,True,True,True,True
DRUG_0162,Antihypertensive_12,Antihypertensive,0.5309737822928724,0.7428440191555814,0.7419319239994838,254,True,True,True,True
DRUG_0163,Antihypertensive_13,Antihypertensive,0.3741059050088771,0.7325489906230008,0.3978484317620129,395,True,False,True,True
DRUG_0164,Antihypertensive_14,Antihypertensive,0.16354117645236263,0.7123953626096254,0.19240680750658828,249,True,False,True,True
DRUG_0165,Antihypertensive_15,Antihypertensive,0.4485700191408918,0.5562765031509764,0.05242631849433574,465,True,False,True,True
DRUG_0166,Antihypertensive_16,Antihypertensive,0.39243657224177686,0.6402325212416543,0.19295751663888544,494,True,False,True,True
DRUG_0167,Antihypertensive_17,Antihypertensive,0.32984481980321634,0.6519755822596074,0.29296191316812237,544,True,False,True,True
DRUG_0168,Antihypertensive_18,Antihypertensive,0.47155612408346825,0.4669502908905699,0.36362106286184853,282,False,False,True,True
DRUG_0169,Antihypertensive_19,Antihypertensive,0.5270618514977552,0.783375137233032,0.48217639279580216,193,True,True,True,True
DRUG_0170,Antihypertensive_20,Antihypertensive,0.3865716084628142,0.5517565295931055,0.23234924548051084,431,False,False,True,True
DRUG_0171,Antihypertensive_21,Antihypertensive,0.4117952785474136,0.30026989732018383,0.4374491512053722,372,False,False,True,True
DRUG_0172,Antihypertensive_22,Antihypertensive,0.45197327138469895,0.4900973713113571,0.37581407199372263,490,False,False,True,True
DRUG_0173,Antihypertensive_23,Antihypertensive,0.48208239070855063,0.4624260292205946,0.295366854664263,294,True,True,True,True
DRUG_0174,Antihypertensive_24,Antihypertensive,0.7005110900773157,0.692704306647543,0.32115549837338464,291,True,False,False,True
DRUG_0175,Antihypertensive_25,Antihypertensive,0.3903792480110511,0.649314361545522,0.34820358231754095,226,False,False,True,True
DRUG_0176,Antihypertensive_26,Antihypertensive,0.4632881131352927,0.5832716913511581,0.41517208792145954,231,True,False,True,True
DRUG_0177,Antihypertensive_27,Antihypertensive,0.5469389426261299,0.3997794242671534,0.4663890303334386,348,True,False,True,True
DRUG_0178,Antihypertensive_28,Antihypertensive,0.1806946042747172,0.27731555731939955,0.5652447462595158,251,False,False,True,True
DRUG_0179,Antihypertensive_29,Antihypertensive,0.06263564079160916,0.49755115044733156,0.30887131834086334,561,False,False,True,True
DRUG_0180,Antihypertensive_30,Antihypertensive,0.5689175539023071,0.753385564801446,0.665962860950891,420,True,False,True,True
DRUG_0181,Antihypertensive_31,Antihypertensive,0.5978146923590791,0.6130288744742703,0.4374942699236294,266,True,False,True,False
DRUG_0182,Antihypertensive_32,Antihypertensive,0.3760380039452176,0.5716654968323287,0.38296099146607193,439,False,False,True,True
DRUG_0183,Antihypertensive_33,Antihypertensive,0.4086693378377829,0.7154486627018437,0.1756607878701117,307,True,False,True,True
DRUG_0184,Antihypertensive_34,Antihypertensive,0.424521621875118,0.6825078148536827,0.1547483317704547,223,True,False,True,True
DRUG_0185,Antihypertensive_35,Antihypertensive,0.2766067876766349,0.5774487116128645,0.23075556146153087,322,True,True,True,True
DRUG_0186,Antihypertensive_36,Antihypertensive,0.5728498913112257,0.5574087283676198,0.3601788324490335,158,True,False,True,True
DRUG_0187,Antihypertensive_37,Antihypertensive,0.44751130882066564,0.8264493687594061,0.17140883703874113,301,True,False,True,False
DRUG_0188,Antihypertensive_38,Antihypertensive,0.241255059256131,0.4746979420110364,0.6217723691660082,391,False,False,True,True
DRUG_0189,Antihypertensive_39,Antihypertensive,0.2032239807753747,0.6216375034226086,0.14048975317232207,309,True,False,True,False
DRUG_0190,Antihypertensive_40,Antihypertensive,0.28899296232658434,0.5347761357134633,0.19636793815706854,412,True,False,True,True
DRUG_0191,Antihypertensive_41,Antihypertensive,0.4853474618777913,0.8442594934692806,0.24313083885187692,381,True,False,True,True
DRUG_0192,Antihypertensive_42,Antihypertensive,0.36946294598464574,0.7742885403220621,0.06727041798747349,418,True,False,True,True
DRUG_0193,Antihypertensive_43,Antihypertensive,0.5546594370982081,0.6162814014042657,0.3693939503071654,530,True,False,False,True
DRUG_0194,Antihypertensive_44,Antihypertensive,0.7176783924438834,0.3073322287726714,0.2056606663216961,299,True,True,False,True
DRUG_0195,Antihypertensive_45,Antihypertensive,0.42540412360541174,0.38794282546425296,0.28331609079769493,549,False,False,True,True
DRUG_0196,Antihypertensive_46,Antihypertensive,0.2644138537802816,0.46302016413275826,0.25767291314621266,264,False,True,True,True
DRUG_0197,Antihypertensive_47,Antihypertensive,0.41127806314092796,0.7840575089955227,0.18762311390563047,380,True,False,True,True
DRUG_0198,Antihypertensive_48,Antihypertensive,0.4338014130533601,0.4976948425201028,0.12382651762602923,510,False,True,True,True
DRUG_0199,Antihypertensive_49,Antihypertensive,0.234495009073919,0.27706641105712754,0.3582867906796446,568,True,False,True,True
DRUG_0200,Antihypertensive_50,Antihypertensive,0.7739499276149187,0.22274423211974897,0.30423040672828916,315,True,False,True,True
DRUG_0201,Antihistamine_1,Antihistamine,0.38526615093842315,0.7899391169922241,0.12393154099151148,554,False,False,True,True
DRUG_0202,Antihistamine_2,Antihistamine,0.2645467894366506,0.8068407234258816,0.21803384501513196,599,False,True,True,True
DRUG_0203,Antihistamine_3,Antihistamine,0.508531132352597,0.7836715459527793,0.2015528929765071,574,True,False,False,True
DRUG_0204,Antihistamine_4,Antihistamine,0.10322456514747605,0.4628113643620778,0.20541652629951923,322,True,True,True,True
DRUG_0205,Antihistamine_5,Antihistamine,0.0,0.7439903971200255,0.24249491276602356,498,False,False,True,True
DRUG_0206,Antihistamine_6,Antihistamine,0.18100771592494896,0.5003155310928894,0.24174935918303225,494,False,True,False,True
DRUG_0207,Antihistamine_7,Antihistamine,0.20798960046885903,0.6546295470267807,0.1417734772188157,409,True,False,True,True
DRUG_0208,Antihistamine_8,Antihistamine,0.3255624333563231,0.7735954332134072,0.04581458514294576,571,True,False,True,True
DRUG_0209,Antihistamine_9,Antihistamine,0.22393381588010874,0.5243437218736218,0.3811713962691503,378,True,True,True,True
DRUG_0210,Antihistamine_10,Antihistamine,0.2525024956108158,0.9054161464636156,0.14239517331797893,298,True,False,True,True
DRUG_0211,Antihistamine_11,Antihistamine,0.29770352262405064,0.7868937249401632,0.217937055262123,340,True,False,False,True
DRUG_0212,Antihistamine_12,Antihistamine,0.15403965886776666,0.6415605089711811,0.28307499976723194,231,True,False,True,True
DRUG_0213,Antihistamine_13,Antihistamine,0.3427334838858298,0.7310640793349427,0.3713489681807528,209,False,False,True,True
DRUG_0214,Antihistamine_14,Antihistamine,0.1318766451719419,0.7882299902457786,0.27630023743807036,396,True,True,True,True
DRUG_0215,Antihistamine_15,Antihistamine,0.304800622359865,0.5869873194480725,0.2689958214408675,598,True,False,False,True
DRUG_0216,Antihistamine_16,Antihistamine,0.19834269453718406,0.8639602879919815,0.2863054440788563,301,False,False,True,True
DRUG_0217,Antihistamine_17,Antihistamine,0.13850085982135055,0.43320537501852946,0.38827977266798785,157,False,False,False,True
DRUG_0218,Antihistamine_18,Antihistamine,0.32826240124461425,0.8494071528708724,0.0864807367145809,558,True,False,False,True
DRUG_0219,Antihistamine_19,Antihistamine,0.26829958716735114,0.682389871126756,0.19592623498938858,404,True,True,True,True
DRUG_0220,Antihistamine_20,Antihistamine,0.38614626612577263,0.9183428035121675,0.4698907362528499,500,True,False,False,False
DRUG_0221,Antihistamine_21,Antihistamine,0.3344931671763318,0.5637546803551291,0.1642199829736,483,True,False,True,True
DRUG_0222,Antihistamine_22,Antihistamine,0.18314792354494616,0.6668119564621342,0.15847800501666193,323,False,True,True,True
DRUG_0223,Antihistamine_23,Antihistamine,0.2475032809268375,0.7824212188748101,0.51934198336184,298,True,True,True,True
DRUG_0224,Antihistamine_24,Antihistamine,0.40330170355281386,0.677950182670439,0.14532991062196568,299,True,True,False,True
DRUG_0225,Antihistamine_25,Antihistamine,0.3599531927628962,0.6022964659312255,0.12070749773753649,556,True,True,True,True
DRUG_0226,Antihistamine_26,Antihistamine,0.387954602813264,0.41512354181267985,0.2117644098527964,168,False,False,True,True
DRUG_0227,Antihistamine_27,Antihistamine,0.12102680308518998,0.6650659880144352,0.3990214130062987,513,True,True,False,True
DRUG_0228,Antihistamine_28,Antihistamine,0.3370539965407669,0.6129214825292916,0.28828676066309145,159,True,True,True,True
DRUG_0229,Antihistamine_29,Antihistamine,0.40298490092273437,0.36801589779597527,0.37953424277036235,463,False,True,True,True
DRUG_0230,Antihistamine_30,Antihistamine,0.3124620771423076,0.48252151517786407,0.03405377281574873,392,True,False,True,True
DRUG_0231,Antihistamine_31,Antihistamine,0.5345603424074699,0.5124630252819521,0.09837865145042556,303,True,False,True,False
DRUG_0232,Antihistamine_32,Antihistamine,0.4007620936615937,0.47115155281448573,0.3893876155140773,206,True,False,True,True
DRUG_0233,Antihistamine_33,Antihistamine,0.21934654538582057,0.7455167126386067,0.3101391375765088,525,True,False,True,True
DRUG_0234,Antihistamine_34,Antihistamine,0.1509932691624215,0.6989435801612897,0.39686129326139485,515,False,False,True,True
DRUG_0235,Antihistamine_35,Antihistamine,0.38299090334264235,0.6259360086459316,0.0,499,True,False,False,True
DRUG_0236,Antihistamine_36,Antihistamine,0.3554366404031228,0.9270174614863196,0.29462175268321666,462,True,False,True,True
DRUG_0237,Antihistamine_37,Antihistamine,0.24755817198332944,0.7392494459044718,0.37211139952874095,224,True,True,True,True
DRUG_0238,Antihistamine_38,Antihistamine,0.2543664178242279,0.8076985464874256,0.4513321090316728,267,False,False,True,True
DRUG_0239,Antihistamine_39,Antihistamine,0.23009452471976366,0.46079453990998065,0.27704001598545747,223,True,True,True,False
DRUG_0240,Antihistamine_40,Antihistamine,0.22009487405071326,0.6588657464418203,0.0501030863524794,233,True,True,False,False
DRUG_0241,Antihistamine_41,Antihistamine,0.15354370930749425,0.5661316240964644,0.25325336816322747,269,True,False,True,True
DRUG_0242,Antihistamine_42,Antihistamine,0.26683303570672473,0.5923264920922416,0.1273458583591467,377,False,False,True,True
DRUG_0243,Antihistamine_43,Antihistamine,0.0,0.8326068094541574,0.310526584563865,309,True,True,True,True
DRUG_0244,Antihistamine_44,Antihistamine,0.25780086643226796,0.6835676062796194,0.10939815876123095,533,True,False,True,True
DRUG_0245,Antihistamine_45,Antihistamine,0.174337802760936,0.7916214750632162,0.009546501939033919,490,True,False,False,True
DRUG_0246,Antihistamine_46,Antihistamine,0.13897984833908214,0.5898112634802926,0.07846213444784286,476,True,False,True,True
DRUG_0247,Antihistamine_47,Antihistamine,0.4518101797055787,0.35737782137764895,0.23589627002305186,247,False,False,True,True
DRUG_0248,Antihistamine_48,Antihistamine,0.5143986394069282,0.6327429671419176,0.5015013933950002,517,True,True,True,True
DRUG_0249,Antihistamine_49,Antihistamine,0.25462997426889733,0.5777554023151835,0.0,426,False,False,True,True
DRUG_0250,Antihistamine_50,Antihistamine,0.2945199975122084,0.7484618909674043,0.16214697468105688,363,False,False,True,True
DRUG_0251,Antidiabetic_1,Antidiabetic,0.555084844913332,0.8382066234104373,0.16683629921831472,536,True,False,True,True
DRUG_0252,Antidiabetic_2,Antidiabetic,0.5172303565308323,0.7557583133601917,0.3758136139825049,327,False,False,False,True
DRUG_0253,Antidiabetic_3,Antidiabetic,0.46136896699073765,0.4905817955835392,0.1783180179216678,221,True,False,True,True
DRUG_0254,Antidiabetic_4,Antidiabetic,0.6401464618881847,0.6727099225941712,0.17304650175136896,417,False,False,True,True
DRUG_0255,Antidiabetic_5,Antidiabetic,0.504098414129626,0.40752338581052877,0.23603594623302487,157,True,False,False,True
DRUG_0256,Antidiabetic_6,Antidiabetic,0.5134493376662389,0.4896294127435755,0.33055081273396475,181,False,True,True,True
DRUG_0257,Antidiabetic_7,Antidiabetic,0.34134265278949183,0.5938476868494804,0.16162309044343767,561,True,False,False,False
DRUG_0258,Antidiabetic_8,Antidiabetic,0.6760590496613883,0.7781079077347126,0.6884345463027921,430,True,False,True,True
DRUG_0259,Antidiabetic_9,Antidiabetic,0.3111902526105484,0.4486262565975555,0.3415063565857477,362,False,True,True,True
DRUG_0260,Antidiabetic_10,Antidiabetic,0.6098210845227674,0.5314442496206404,0.25471732422141724,367,False,False,False,True
DRUG_0261,Antidiabetic_11,Antidiabetic,0.7423063534204163,0.551651929618299,0.48257377812382446,299,True,True,True,True
DRUG_0262,Antidiabetic_12,Antidiabetic,0.7281974077883677,0.5523640201764393,0.19868078327163324,397,False,False,True,True
DRUG_0263,Antidiabetic_13,Antidiabetic,0.4236207139271804,0.7166296861222415,0.5063799259775934,558,False,False,False,True
DRUG_0264,Antidiabetic_14,Antidiabetic,0.6518819001580756,0.8186932850348536,0.22265039492366828,550,True,True,True,True
DRUG_0265,Antidiabetic_15,Antidiabetic,0.5409046690294902,0.6975572683081903,0.1550531421352301,525,True,False,True,True
DRUG_0266,Antidiabetic_16,Antidiabetic,0.5225204174557077,0.7961368216139973,0.24340826911744665,233,False,False,False,True
DRUG_0267,Antidiabetic_17,Antidiabetic,0.5582363971678016,0.49553703106160946,0.42651214640939994,322,True,True,True,True
DRUG_0268,Antidiabetic_18,Antidiabetic,0.5742819429686168,0.6989070879280427,0.24202849241220387,547,False,False,False,True
DRUG_0269,Antidiabetic_19,Antidiabetic,0.5128760595089755,0.512995799626734,0.4244943259607058,458,False,False,True,False
DRUG_0270,Antidiabetic_20,Antidiabetic,0.41707474480682305,0.7425461387960364,0.5565920058872887,574,True,False,True,True
DRUG_0271,Antidiabetic_21,Antidiabetic,0.4162835963441066,0.3461821667164171,0.4278527035341708,404,True,False,True,True
DRUG_0272,Antidiabetic_22,Antidiabetic,0.39732226816745464,0.6272380268923184,0.5563741849467317,542,True,True,True,True
DRUG_0273,Antidiabetic_23,Antidiabetic,0.09451515605011446,0.7016812979296361,0.20188864753088642,196,False,False,False,True
DRUG_0274,Antidiabetic_24,Antidiabetic,0.2254050654715315,0.5883699277209009,0.3951810432085837,306,True,False,False,True
DRUG_0275,Antidiabetic_25,Antidiabetic,0.3656001789778247,0.4603678208709894,0.3529811091761765,221,True,False,True,True
DRUG_0276,Antidiabetic_26,Antidiabetic,0.49703220271775517,0.5082346363642072,0.2944444804427382,285,False,False,True,True
DRUG_0277,Antidiabetic_27,Antidiabetic,0.41560797757570156,0.9417373054771871,0.10680789157230006,326,True,False,False,True
DRUG_0278,Antidiabetic_28,Antidiabetic,0.10528521748701408,0.7626719374609605,0.21337048597386693,582,False,False,False,True
DRUG_0279,Antidiabetic_29,Antidiabetic,0.4128833317244043,0.7280569568524242,0.31982050820039715,208,True,True,True,True
DRUG_0280,Antidiabetic_30,Antidiabetic,0.6995925553264384,0.49373898496343055,0.07294284110807592,257,True,True,True,True
DRUG_0281,Antidiabetic_31,Antidiabetic,0.32027239510964967,0.754383268685084,0.40317949907805267,323,False,False,False,True
DRUG_0282,Antidiabetic_32,Antidiabetic,0.5629498283897104,0.4937567306097505,0.3514222743603935,310,True,False,False,True
DRUG_0283,Antidiabetic_33,Antidiabetic,0.4803114549361543,0.6115277824438152,0.2662716027287882,572,True,False,True,True
DRUG_0284,Antidiabetic_34,Antidiabetic,0.40249961287648106,0.608336333999724,0.6820249922172965,200,True,False,True,True
DRUG_0285,Antidiabetic_35,Antidiabetic,0.5087526506428216,0.48828236899102095,0.04543539225206222,470,False,False,True,True
DRUG_0286,Antidiabetic_36,Antidiabetic,0.4031645857027287,0.5738043222285104,0.07724667625786533,557,True,True,True,True
DRUG_0287,Antidiabetic_37,Antidiabetic,0.320954475236528,0.7378731260415002,0.45008734770644676,337,False,False,True,True
DRUG_0288,Antidiabetic_38,Antidiabetic,0.3994069686385033,0.5461466154216321,0.3348192767788004,224,True,False,True,True
DRUG_0289,Antidiabetic_39,Antidiabetic,0.35198209313906825,0.8223033740423685,0.26201176349621846,345,False,True,True,True
DRUG_0290,Antidiabetic_40,Antidiabetic,0.3178311078871008,0.24757075395122013,0.3501748802667176,568,True,False,True,True
DRUG_0291,Antidiabetic_41,Antidiabetic,0.6447277449646186,0.8423374235322347,0.11484766921801168,353,True,False,False,True
DRUG_0292,Antidiabetic_42,Antidiabetic,0.41113036112706586,0.43278784390126657,0.3146513783340419,303,False,False,True,True
DRUG_0293,Antidiabetic_43,Antidiabetic,0.22943278673327328,0.5467519073830068,0.28598488936245003,236,True,True,True,False
DRUG_0294,Antidiabetic_44,Antidiabetic,0.5343473637591617,0.43871031176604974,0.3494759930435014,550,True,False,True,True
DRUG_0295,Antidiabetic_45,Antidiabetic,0.7598772499227637,0.9346950219288948,0.39570766521611356,584,True,True,True,True
DRUG_0296,Antidiabetic_46,Antidiabetic,0.5751266712416685,0.9049940654199684,0.31280304283317134,170,True,False,True,True
DRUG_0297,Antidiabetic_47,Antidiabetic,0.4742205520305062,0.4337753203213797,0.2692069362767848,584,True,True,True,True
DRUG_0298,Antidiabetic_48,Antidiabetic,0.850124537019056,0.5715296220378868,0.5160110274800181,490,False,True,True,True
DRUG_0299,Antidiabetic_49,Antidiabetic,0.5386943242372487,0.4470657552420171,0.046715652481547354,196,True,False,True,True
DRUG_0300,Antidiabetic_50,Antidiabetic,0.6713240042379293,0.5001771877964677,0.4309754146040199,195,False,True,True,True
DRUG_0301,Anticancer_1,Anticancer,0.7325821464471015,0.24800502247637668,0.5112782483056001,377,False,False,True,True
DRUG_0302,Anticancer_2,Anticancer,0.6882073542187772,0.0,1.0,391,True,True,True,True
DRUG_0303,Anticancer_3,Anticancer,0.9276280163595807,0.5542994299304533,0.7840023062845407,478,False,False,True,True
DRUG_0304,Anticancer_4,Anticancer,0.9085641211609572,0.1826596469510508,0.638046394624648,472,True,False,True,True
DRUG_0305,Anticancer_5,Anticancer,0.6971936865331153,0.24172223203666712,0.9686169079979021,203,True,False,True,True
DRUG_0306,Anticancer_6,Anticancer,0.8421289693184286,0.48214044756889185,0.6698000000692179,435,True,False,True,True
DRUG_0307,Anticancer_7,Anticancer,0.6196579992361883,0.42849256569385163,0.8772564009914282,186,False,True,True,True
DRUG_0308,Anticancer_8,Anticancer,0.8073487367136836,0.3523758810467785,0.900655551901971,340,False,False,False,True
DRUG_0309,Anticancer_9,Anticancer,0.5987232587538427,0.27832219939267233,0.6811370118500059,337,True,False,False,True
DRUG_0310,Anticancer_10,Anticancer,0.6538057705541439,0.35859197665940423,0.9189399410728878,294,True,True,True,False
DRUG_0311,Anticancer_11,Anticancer,0.6757953440485703,0.1935641560570163,0.650295524423042,444,True,False,False,True
DRUG_0312,Anticancer_12,Anticancer,0.5854852989774992,0.3089329452470423,0.7487168395743073,444,False,False,True,True
DRUG_0313,Anticancer_13,Anticancer,0.9040987893757976,0.10367694013213319,0.34707317662687626,159,True,False,True,True
DRUG_0314,Anticancer_14,Anticancer,0.7275774317130542,0.0652629946171096,0.7674209974908553,202,True,False,True,True
DRUG_0315,Anticancer_15,Anticancer,0.5891795696904667,0.4334874498847753,0.5249988253240352,487,True,True,True,True
DRUG_0316,Anticancer_16,Anticancer,0.695787420161053,0.4060226143970601,0.9395384234362926,363,True,False,True,False
DRUG_0317,Anticancer_17,Anticancer,0.8237647397001452,0.16993046764336495,0.7012825266387115,214,False,False,True,True
DRUG_0318,Anticancer_18,Anticancer,0.6544410956835003,0.018065905798496706,0.621639070129423,205,True,False,True,True
DRUG_0319,Anticancer_19,Anticancer,0.9353167906154273,0.10078556063493779,0.8783365521872015,162,False,False,False,True
DRUG_0320,Anticancer_20,Anticancer,0.5775394020848437,0.6361701853531097,0.7384577846043505,442,False,False,True,True
DRUG_0321,Anticancer_21,Anticancer,0.4834217775799687,0.0,0.7174194725762625,385,False,True,False,True
DRUG_0322,Anticancer_22,Anticancer,0.5168931361128761,0.5432400149649482,0.7067559238946146,286,True,False,True,True
DRUG_0323,Anticancer_23,Anticancer,0.8456411997065291,0.5403379838410365,0.688699079651354,412,False,True,True,False
DRUG_0324,Anticancer_24,Anticancer,0.6373054744242033,0.24848833506180487,1.0,214,True,False,True,False
DRUG_0325,Anticancer_25,Anticancer,0.7061378763093581,0.14967188163277909,0.9111236518130189,195,False,True,True,True
DRUG_0326,Anticancer_26,Anticancer,0.6230179650292622,0.17113680864538958,0.9793004177004224,417,True,False,True,True
DRUG_0327,Anticancer_27,Anticancer,1.0,0.3324475322352751,0.958041859886549,324,False,False,True,True
DRUG_0328,Anticancer_28,Anticancer,0.5914805786694568,0.2712441129154295,0.6962573645271649,382,False,False,False,True
DRUG_0329,Anticancer_29,Anticancer,0.715278444289298,0.5323530227242781,0.6141339386519149,165,True,False,True,True
DRUG_0330,Anticancer_30,Anticancer,0.47987121013713396,0.37797972780184036,1.0,413,True,True,True,True
DRUG_0331,Anticancer_31,Anticancer,0.6406256828902506,0.2730563999647144,0.6885298602848025,561,True,False,True,True
DRUG_0332,Anticancer_32,Anticancer,0.5804495794626727,0.6189653383459812,0.8649465024091598,480,True,False,True,True
DRUG_0333,Anticancer_33,Anticancer,0.6437205429514095,0.2523427354865649,0.9922465692505653,450,False,True,True,True
DRUG_0334,Anticancer_34,Anticancer,0.7836536591087686,0.3657573870192604,0.6452424482099659,470,True,True,True,True
DRUG_0335,Anticancer_35,Anticancer,0.7495097501218931,0.3929889498593707,0.6366379825778293,583,True,True,True,True
DRUG_0336,Anticancer_36,Anticancer,0.6766267788506345,0.31615425084701737,0.8617679436568801,211,True,False,True,True
DRUG_0337,Anticancer_37,Anticancer,0.48640642713247817,0.2600021506148378,0.7356133369552008,219,False,False,True,True
DRUG_0338,Anticancer_38,Anticancer,0.7882829904656079,0.30465344054997107,0.8935283154426139,481,False,False,True,False
DRUG_0339,Anticancer_39,Anticancer,0.7244116622269593,0.30620685788787716,0.8823062401977548,208,True,False,True,True
DRUG_0340,Anticancer_40,Anticancer,0.6128280931824975,0.2861648693050079,0.8602738781051003,511,True,True,True,True
DRUG_0341,Anticancer_41,Anticancer,0.5565345434772986,0.3708609416820566,1.0,235,True,True,True,True
DRUG_0342,Anticancer_42,Anticancer,0.753342002317849,0.5050485649018265,0.8349808945977811,365,True,False,True,True
DRUG_0343,Anticancer_43,Anticancer,0.5732925307365857,0.17728709255842467,0.9325791805179612,322,False,False,True,True
DRUG_0344,Anticancer_44,Anticancer,0.6673339626412169,0.2025940442517861,0.9981956048409518,553,True,True,True,True
DRUG_0345,Anticancer_45,Anticancer,0.8787938284175675,0.21116002037623272,0.8609716215857628,240,True,True,True,True
DRUG_0346,Anticancer_46,Anticancer,0.46305767388911845,0.37307466603302875,0.8986286620227666,538,False,False,True,True
DRUG_0347,Anticancer_47,Anticancer,0.715884167967285,0.38766194707087265,1.0,248,True,True,False,True
DRUG_0348,Anticancer_48,Anticancer,0.46536375824334225,0.513038539866294,0.7197926588284033,428,True,False,True,True
DRUG_0349,Anticancer_49,Anticancer,0.6173918206456732,0.14606705418824587,0.7450652691022608,473,False,True,True,False
DRUG_0350,Anticancer_50,Anticancer,0.7665820345326153,0.43491525611335824,0.9116876040799519,173,True,False,True,True
AGRO_0351,Herbicide_1,Herbicide,0.6427127910462251,0.2333389708850084,0.6690236800380273,337,False,False,False,True
AGRO_0352,Herbicide_2,Herbicide,0.4441631616742897,0.34062046777436755,0.503424258439374,438,True,True,True,True
AGRO_0353,Herbicide_3,Herbicide,0.6429328651386674,0.4734218218708196,0.5383394945954503,246,True,True,True,True
AGRO_0354,Herbicide_4,Herbicide,0.6623823397218311,0.5738899663797579,0.6978858050781795,258,True,True,False,True
AGRO_0355,Herbicide_5,Herbicide,0.5251618343859135,0.4133093735136784,0.5675226526720825,472,True,False,True,True
AGRO_0356,Herbicide_6,Herbicide,0.9300395642685171,0.4033327925665802,0.5043823116850352,416,False,True,True,False
AGRO_0357,Herbicide_7,Herbicide,0.672555997289098,0.4220381582788034,0.5795076208225891,368,False,False,True,True
AGRO_0358,Herbicide_8,Herbicide,0.6932122227927022,0.44395012306202264,0.6778936503512114,275,True,True,True,True
AGRO_0359,Herbicide_9,Herbicide,0.8291403548216008,0.061318623851169984,0.6794140060076179,242,True,False,True,True
AGRO_0360,Herbicide_10,Herbicide,0.6779745398503911,0.24821262533191907,0.5642970799193391,367,False,True,True,True
AGRO_0361,Herbicide_11,Herbicide,0.7492018847992798,0.347396515733242,0.38466570801287553,242,True,False,True,True
AGRO_0362,Herbicide_12,Herbicide,0.8097152711753696,0.43765740151391247,0.6809857841637026,206,False,True,True,True
AGRO_0363,Herbicide_13,Herbicide,0.5654515163747778,0.4682059508576801,0.5607685231266096,211,False,False,True,True
AGRO_0364,Herbicide_14,Herbicide,0.6577487265577956,0.52177484856512,0.5131558970747852,268,False,True,False,True
AGRO_0365,Herbicide_15,Herbicide,0.588347556005134,0.5235811620006939,0.5844101822063332,488,True,True,True,False
AGRO_0366,Herbicide_16,Herbicide,0.6451712703509399,0.5520339237309503,0.5505219054233116,447,True,False,True,True
AGRO_0367,Herbicide_17,Herbicide,0.6972710060360299,0.37327438855769735,0.638817025766799,368,True,True,True,True
AGRO_0368,Herbicide_18,Herbicide,0.7038727020369612,0.25034707449099214,0.5349976065593102,465,True,True,True,True
AGRO_0369,Herbicide_19,Herbicide,0.6182598188911279,0.4435674910905911,0.48140889907671536,429,False,True,True,True
AGRO_0370,Herbicide_20,Herbicide,0.7344897008249919,0.411462150919999,0.512410042228389,489,True,False,True,True
AGRO_0371,Herbicide_21,Herbicide,0.7856450680015159,0.5763557440006718,0.43522018916159644,457,True,True,False,False
AGRO_0372,Herbicide_22,Herbicide,0.7169441830859686,0.3785089644849922,0.6276793449325289,477,True,False,False,True
AGRO_0373,Herbicide_23,Herbicide,0.7621218546939047,0.3837120422540559,0.6701324137048743,337,False,True,False,True
AGRO_0374,Herbicide_24,Herbicide,0.7066981807818732,0.3976447849125762,0.5825645742097164,443,True,True,True,True
AGRO_0375,Herbicide_25,Herbicide,0.8677462930312606,0.3507553925669482,0.601580754411184,472,True,True,True,True
AGRO_0376,Herbicide_26,Herbicide,0.6913244249451055,0.5059480530173339,0.6512466516190387,310,True,False,False,True
AGRO_0377,Herbicide_27,Herbicide,0.6083808084518757,0.3168177791769555,0.5932821709950644,360,True,False,True,True
AGRO_0378,Herbicide_28,Herbicide,0.6284240010889248,0.4499685110302934,0.6472002270919274,276,True,False,True,True
AGRO_0379,Herbicide_29,Herbicide,0.6606390562651405,0.5469798926277288,0.6597652646353249,494,False,False,True,True
AGRO_0380,Herbicide_30,Herbicide,0.6414184340742265,0.3769133626155231,0.7453260663321034,257,False,True,True,True
AGRO_0381,Herbicide_31,Herbicide,0.7538324022396926,0.4184247913944103,0.5520948942638246,384,False,True,True,True
AGRO_0382,Herbicide_32,Herbicide,0.5226495666050386,0.49789240068654245,0.49934867072904193,441,True,True,False,True
AGRO_0383,Herbicide_33,Herbicide,0.785605922349704,0.4957789735136867,0.5791071513120423,268,False,True,True,True
AGRO_0384,Herbicide_34,Herbicide,0.8267922133331886,0.48574734980012363,0.5133380391335868,251,True,True,False,True
AGRO_0385,Herbicide_35,Herbicide,0.7569079259535643,0.5232524883117907,0.45898589950196766,296,False,True,False,True
AGRO_0386,Herbicide_36,Herbicide,0.6219459901770674,0.4308260840562492,0.3843399303367212,460,True,True,True,True
AGRO_0387,Herbicide_37,Herbicide,0.9056543564829541,0.28691115646740845,0.6473632076811454,340,True,False,True,True
AGRO_0388,Herbicide_38,Herbicide,0.6073618870018461,0.46195664721781077,0.6410730663269093,333,True,False,True,True
AGRO_0389,Herbicide_39,Herbicide,0.8572242166519652,0.34195831527819703,0.7118881620298398,361,True,True,False,False
AGRO_0390,Herbicide_40,Herbicide,0.8833922652193783,0.2622382499245763,0.5435225995829057,351,True,True,True,True
AGRO_0391,Herbicide_41,Herbicide,0.8870965175371782,0.4389614177370904,0.5131707268123633,340,True,True,True,False
AGRO_0392,Herbicide_42,Herbicide,0.7534629086122435,0.3074575373940413,0.6255383755674316,494,False,True,False,True
AGRO_0393,Herbicide_43,Herbicide,0.6867912994480856,0.417675479330205,0.33152119528825075,440,True,True,True,True
AGRO_0394,Herbicide_44,Herbicide,0.725957356148022,0.37374437664325744,0.6364067028568414,481,False,False,True,True
AGRO_0395,Herbicide_45,Herbicide,0.7372105472606862,0.4389159195667929,0.5946879346982454,317,True,True,False,True
AGRO_0396,Herbicide_46,Herbicide,0.8223568882418627,0.3909875259008989,0.7023385581627402,380,True,True,False,True
AGRO_0397,Herbicide_47,Herbicide,0.5661840931376877,0.3912801351236851,0.6663656027937674,315,True,False,True,True
AGRO_0398,Herbicide_48,Herbicide,0.7463666571680881,0.21234472939581261,0.6619711445966137,202,False,False,False,True
AGRO_0399,Herbicide_49,Herbicide,0.8761688930792192,0.3717153453822207,0.7289396863430024,434,True,True,True,True
AGRO_0400,Herbicide_50,Herbicide,0.7968006474940633,0.4103938834148899,0.5420947452052746,400,True,True,True,True
AGRO_0401,Insecticide_1,Insecticide,0.48557385686082916,0.5057290354453017,0.807424723394466,228,False,True,True,True
AGRO_0402,Insecticide_2,Insecticide,0.7526186317361662,0.45116201787369986,0.6310522175216429,476,True,True,True,True
AGRO_0403,Insecticide_3,Insecticide,0.5907601561396651,0.37828795976470947,0.6012169319079534,207,True,False,True,True
AGRO_0404,Insecticide_4,Insecticide,0.6933232448315634,0.5398983328790583,0.7655603912873425,406,True,True,False,True
AGRO_0405,Insecticide_5,Insecticide,0.656568707966939,0.49392685896145067,0.8551155044595704,438,True,True,False,True
AGRO_0406,Insecticide_6,Insecticide,0.38336191565842215,0.48539633942582017,0.8290376751258226,309,False,True,False,True
AGRO_0407,Insecticide_7,Insecticide,0.6552299937679523,0.5625630933646001,0.6303228181570425,403,False,False,True,True
AGRO_0408,Insecticide_8,Insecticide,0.6582026567084727,0.5935392053798128,0.6795906702984412,278,True,False,True,True
AGRO_0409,Insecticide_9,Insecticide,0.6670740945950203,0.47077402380982303,0.6530850969974189,381,True,True,True,True
AGRO_0410,Insecticide_10,Insecticide,0.6644628246317696,0.74494597989581,0.5823696743076731,452,False,True,True,True
AGRO_0411,Insecticide_11,Insecticide,0.5809182594545654,0.496312043865621,0.6763763868502083,285,False,True,True,True
AGRO_0412,Insecticide_12,Insecticide,0.5471966161436695,0.6071411301887492,0.9020049106929646,407,True,True,True,False
AGRO_0413,Insecticide_13,Insecticide,0.7346062976730451,0.5799088212188239,0.6161058747919698,352,False,True,True,True
AGRO_0414,Insecticide_14,Insecticide,0.6408665283372168,0.5367649292991421,0.4899973492348375,250,True,True,True,True
AGRO_0415,Insecticide_15,Insecticide,0.6006510436800896,0.5715363946800633,0.7938221997655731,274,False,True,True,True
AGRO_0416,Insecticide_16,Insecticide,0.5645062548567717,0.3688317249533216,0.7867632083906135,263,True,True,False,False
AGRO_0417,Insecticide_17,Insecticide,0.46791762261210423,0.7236283650795986,0.6820850242336571,495,True,True,True,True
AGRO_0418,Insecticide_18,Insecticide,0.4731985792616623,0.3896817242691767,0.6687457262899835,492,True,True,False,True
AGRO_0419,Insecticide_19,Insecticide,0.6194202862156246,0.41638221185127033,0.6620153071088091,408,True,True,True,True
AGRO_0420,Insecticide_20,Insecticide,0.6177571308640036,0.5428790639938724,0.6658892097451282,438,True,False,True,True
AGRO_0421,Insecticide_21,Insecticide,0.5745943801821147,0.4682030433565138,0.7688266734050846,422,True,True,True,False
AGRO_0422,Insecticide_22,Insecticide,0.4978559377341408,0.44835703561124285,0.6803533416571902,318,False,True,True,True
AGRO_0423,Insecticide_23,Insecticide,0.7434466869346054,0.5257130652418621,0.5806289012339171,450,True,False,False,False
AGRO_0424,Insecticide_24,Insecticide,0.5698653550308449,0.32977867339199884,0.6537184313660489,309,True,False,False,True
AGRO_0425,Insecticide_25,Insecticide,0.4585024128123951,0.37001057207036747,0.7851069214020613,389,False,True,True,False
AGRO_0426,Insecticide_26,Insecticide,0.7500571368962669,0.35736210777185917,0.778136222236251,344,True,True,True,True
AGRO_0427,Insecticide_27,Insecticide,0.5136040883164786,0.3616546481931344,0.6460012364274309,217,True,True,True,True
AGRO_0428,Insecticide_28,Insecticide,0.4908024525333845,0.6223853198573728,0.7136821829671293,231,True,False,False,True
AGRO_0429,Insecticide_29,Insecticide,0.5947595549422531,0.6704105516255492,0.8246891715534719,448,True,True,True,True
AGRO_0430,Insecticide_30,Insecticide,0.5937995990633969,0.45084388414019155,0.7344945001546285,428,True,True,True,True
AGRO_0431,Insecticide_31,Insecticide,0.6393887594810579,0.49185612190572203,0.7095301353873936,386,False,True,False,True
AGRO_0432,Insecticide_32,Insecticide,0.6170531860387999,0.4392124739324182,0.6460877296851021,425,True,True,True,True
AGRO_0433,Insecticide_33,Insecticide,0.7246267343122984,0.4437909674695806,0.669519591048226,486,True,False,True,False
AGRO_0434,Insecticide_34,Insecticide,0.6738915471043683,0.5135402482483611,0.5331561246097372,283,False,False,False,True
AGRO_0435,Insecticide_35,Insecticide,0.653481733634591,0.6228980502489062,0.6362692252971205,472,False,False,True,True
AGRO_0436,Insecticide_36,Insecticide,0.6458386703551484,0.5701255559176727,0.7181609066253509,310,True,True,True,True
AGRO_0437,Insecticide_37,Insecticide,0.5955256819237401,0.3786058293842617,0.8939192569099466,212,True,False,True,False
AGRO_0438,Insecticide_38,Insecticide,0.45989971618439157,0.5141257140087463,0.48694335201927985,315,True,True,True,False
AGRO_0439,Insecticide_39,Insecticide,0.45744066845218967,0.5812914244897471,0.6222609924141095,487,False,True,False,True
AGRO_0440,Insecticide_40,Insecticide,0.66933246903326,0.4185405206829561,0.6453740961873959,306,True,False,True,False
AGRO_0441,Insecticide_41,Insecticide,0.5269043724284527,0.575792184992362,0.7685507738790204,255,False,False,False,True
AGRO_0442,Insecticide_42,Insecticide,0.7848608833296411,0.6533854941032176,0.7137844504880783,426,True,False,True,True
AGRO_0443,Insecticide_43,Insecticide,0.6119950680158742,0.45988357943888225,0.8699494452671346,383,False,True,True,True
AGRO_0444,Insecticide_44,Insecticide,0.7078003372707476,0.41107591717716757,0.7955300558237752,498,False,True,True,True
AGRO_0445,Insecticide_45,Insecticide,0.5186456245602079,0.30644153204829383,0.6335775818646775,437,False,True,False,True
AGRO_0446,Insecticide_46,Insecticide,0.6881599745978209,0.4531566151719633,0.5845305257367134,336,False,True,False,True
AGRO_0447,Insecticide_47,Insecticide,0.6849010913276553,0.48947630319187324,0.5686384853920933,410,True,True,True,False
AGRO_0448,Insecticide_48,Insecticide,0.6853808562309068,0.40510834791751626,0.8747363197915557,361,True,False,True,True
AGRO_0449,Insecticide_49,Insecticide,0.5371615909004862,0.46783374849415804,0.8670162587348924,348,True,True,False,True
AGRO_0450,Insecticide_50,Insecticide,0.5564181022833768,0.3179396699451483,0.7270057358391422,342,True,False,True,True
AGRO_0451,Fungicide_1,Fungicide,0.4194442738582984,0.6373807827427105,0.4588942208132957,290,True,True,True,True
AGRO_0452,Fungicide_2,Fungicide,0.5869050777815527,0.47832634855957595,0.5859313791122973,379,False,True,True,False
AGRO_0453,Fungicide_3,Fungicide,0.4869796275326076,0.7411676675578421,0.6516394055253573,387,True,True,False,True
AGRO_0454,Fungicide_4,Fungicide,0.6602118320392483,0.5677639688483348,0.5790501360661724,419,True,False,True,True
AGRO_0455,Fungicide_5,Fungicide,0.5569285299539708,0.4853940114952833,0.5129500451008099,477,False,True,False,True
AGRO_0456,Fungicide_6,Fungicide,0.5698366116464739,0.6082691053887074,0.45288753481821215,408,False,True,True,False
AGRO_0457,Fungicide_7,Fungicide,0.6080706626386742,0.43688102305566195,0.5282788696483677,277,True,True,False,False
AGRO_0458,Fungicide_8,Fungicide,0.570928925664678,0.6494251246256332,0.5436335188415509,468,True,False,True,False
AGRO_0459,Fungicide_9,Fungicide,0.6190423889925057,0.5449218721285034,0.4490193306809117,204,False,False,True,True
AGRO_0460,Fungicide_10,Fungicide,0.6034441011705841,0.5538728976052508,0.4788724744849686,212,False,False,True,True
AGRO_0461,Fungicide_11,Fungicide,0.6076238227681574,0.4820200554848468,0.377601793325683,362,True,True,True,True
AGRO_0462,Fungicide_12,Fungicide,0.6675696949394387,0.3628326302769534,0.42905589975724534,264,True,True,True,True
AGRO_0463,Fungicide_13,Fungicide,0.5096573583631057,0.42917322605969865,0.5466190342347119,407,True,False,True,False
AGRO_0464,Fungicide_14,Fungicide,0.42454578961337297,0.5153101992934326,0.6018157247648752,445,False,True,False,True
AGRO_0465,Fungicide_15,Fungicide,0.3743867692507055,0.4336806551624641,0.3850370801049186,485,True,True,True,True
AGRO_0466,Fungicide_16,Fungicide,0.5016067116889942,0.5775155494034783,0.5553040085852359,372,True,False,True,True
AGRO_0467,Fungicide_17,Fungicide,0.6254258279740996,0.4627911758547045,0.21565147079482244,470,True,True,True,True
AGRO_0468,Fungicide_18,Fungicide,0.6020493012926025,0.47743432967819316,0.49143919105287537,305,False,True,True,True
AGRO_0469,Fungicide_19,Fungicide,0.5136117039410234,0.6279464931657751,0.6041724664058852,221,False,False,True,True
AGRO_0470,Fungicide_20,Fungicide,0.6583544303011888,0.4821780519614763,0.36357522447820895,217,False,True,False,True
AGRO_0471,Fungicide_21,Fungicide,0.5284978131969758,0.3971423474493875,0.2751857113207836,436,True,True,True,True
AGRO_0472,Fungicide_22,Fungicide,0.7261318101850046,0.3925846618123389,0.6282648641296597,326,False,True,True,False
AGRO_0473,Fungicide_23,Fungicide,0.5626337921735829,0.44927285894061875,0.44060968279796975,471,True,False,False,True
AGRO_0474,Fungicide_24,Fungicide,0.5893778506157988,0.4910765845778551,0.4962429355020519,275,False,True,False,False
AGRO_0475,Fungicide_25,Fungicide,0.8429144322012153,0.6300313192135593,0.4440268087859893,262,False,True,True,True
AGRO_0476,Fungicide_26,Fungicide,0.638242656173511,0.4292374105177974,0.42878261358239567,207,True,False,True,True
AGRO_0477,Fungicide_27,Fungicide,0.6677359521686421,0.4224965810576276,0.49890621629838044,492,True,True,True,True
AGRO_0478,Fungicide_28,Fungicide,0.5342515062033656,0.4348935998085128,0.43660545901065817,364,True,False,False,True
AGRO_0479,Fungicide_29,Fungicide,0.48456373317670154,0.32481711932482804,0.4610076293440555,229,False,True,False,True
AGRO_0480,Fungicide_30,Fungicide,0.6158053489920131,0.5523395016902015,0.4674412642846878,430,False,True,True,True
AGRO_0481,Fungicide_31,Fungicide,0.6143343882595889,0.3871377002987305,0.5467826725235958,477,True,False,False,True
AGRO_0482,Fungicide_32,Fungicide,0.8081269628766723,0.5892953870108769,0.6829620201716087,388,True,True,True,True
AGRO_0483,Fungicide_33,Fungicide,0.8114331714730095,0.4046581097622325,0.5009044208198964,215,False,True,True,True
AGRO_0484,Fungicide_34,Fungicide,0.8103731917816309,0.6469582537360886,0.5295427286564884,294,True,True,False,True
AGRO_0485,Fungicide_35,Fungicide,0.6661789454690734,0.5637848106515981,0.5283590011522833,218,False,True,True,True
AGRO_0486,Fungicide_36,Fungicide,0.8496817840356496,0.6183493666889928,0.3821959132623619,381,True,True,True,True
AGRO_0487,Fungicide_37,Fungicide,0.6917967670666362,0.4234139909913697,0.5728909155562782,495,False,True,True,True
AGRO_0488,Fungicide_38,Fungicide,0.49627342590372714,0.38351890606613964,0.5609098606442714,384,True,False,True,True
AGRO_0489,Fungicide_39,Fungicide,0.6779349003905333,0.4960980480622456,0.45820904542341095,400,True,True,True,True
AGRO_0490,Fungicide_40,Fungicide,0.39741921268886227,0.5689404936780267,0.6106637784218093,363,False,False,True,True
AGRO_0491,Fungicide_41,Fungicide,0.7622193101549428,0.6951142048297795,0.42269165444295187,345,False,True,True,False
AGRO_0492,Fungicide_42,Fungicide,0.6000500065033629,0.5881123139279526,0.5701875781307919,416,False,True,True,True
AGRO_0493,Fungicide_43,Fungicide,0.6842038397324706,0.4190711712755709,0.41977977157637986,430,False,True,True,True
AGRO_0494,Fungicide_44,Fungicide,0.5624623044406912,0.30299995445811256,0.5708718673517932,487,True,True,True,True
AGRO_0495,Fungicide_45,Fungicide,0.6682636083568705,0.4685336382653219,0.3651846425981734,405,False,False,True,True
AGRO_0496,Fungicide_46,Fungicide,0.6922563516848141,0.6170198709196604,0.5134296497247793,450,True,True,True,True
AGRO_0497,Fungicide_47,Fungicide,0.7558721212843437,0.3912927623430487,0.45636405312817596,295,False,True,True,True
AGRO_0498,Fungicide_48,Fungicide,0.3592131673073114,0.6276965386088188,0.5338023481101708,257,True,False,True,True
AGRO_0499,Fungicide_49,Fungicide,0.7658207372611803,0.5786292563394609,0.6348147848606971,396,True,True,True,True
AGRO_0500,Fungicide_50,Fungicide,0.5235054759121716,0.49998808514409065,0.6083340437911315,301,False,True,True,True
AGRO_0501,Rodenticide_1,Rodenticide,0.791943420168763,0.10483928064598469,0.8364772533470799,399,True,False,True,True
AGRO_0502,Rodenticide_2,Rodenticide,0.8704222289484418,0.21466966931736667,0.9085284233493351,410,True,True,True,False
AGRO_0503,Rodenticide_3,Rodenticide,0.7925753334015639,0.28357958953034834,0.9040598476156299,474,True,False,True,True
AGRO_0504,Rodenticide_4,Rodenticide,0.8756498927840157,0.45898389781806836,0.9574071220894002,462,True,True,False,True
AGRO_0505,Rodenticide_5,Rodenticide,0.5974581916679521,0.3808924722279011,0.8625819724009817,288,True,False,True,True
AGRO_0506,Rodenticide_6,Rodenticide,0.7844434305478165,0.3203149201591207,0.949677557376691,321,True,True,False,False
AGRO_0507,Rodenticide_7,Rodenticide,0.8428316692375238,0.30771564962177167,0.8406188591931295,363,False,False,True,False
AGRO_0508,Rodenticide_8,Rodenticide,0.7834368589682368,0.28636616529855136,1.0,416,True,False,True,True
AGRO_0509,Rodenticide_9,Rodenticide,0.7474120324104796,0.31777501062680313,0.9400481386506329,368,False,False,True,False
AGRO_0510,Rodenticide_10,Rodenticide,0.8131065186215849,0.25980124423243645,0.9730362190333947,435,False,False,True,True
AGRO_0511,Rodenticide_11,Rodenticide,0.808079162972198,0.2318944839385321,0.9995871976658928,490,False,False,False,True
AGRO_0512,Rodenticide_12,Rodenticide,0.8254996750674599,0.38807143880064837,1.0,345,False,True,True,True
AGRO_0513,Rodenticide_13,Rodenticide,0.9374021342133125,0.14571868579300326,0.700867795261979,238,True,False,True,True
AGRO_0514,Rodenticide_14,Rodenticide,0.8260517421853754,0.276906755012467,0.9684842737331576,289,False,True,False,True
AGRO_0515,Rodenticide_15,Rodenticide,0.8435975389500047,0.04677539147803145,0.9682069490062631,448,True,False,True,True
AGRO_0516,Rodenticide_16,Rodenticide,0.8126177903661967,0.38408387593666565,0.8644317089742115,446,False,True,True,True
AGRO_0517,Rodenticide_17,Rodenticide,0.7779513845832589,0.2735385296627871,1.0,385,True,False,True,True
AGRO_0518,Rodenticide_18,Rodenticide,0.7738953808119848,0.12239882459515977,1.0,292,False,False,True,True
AGRO_0519,Rodenticide_19,Rodenticide,0.7696769075957133,0.29658850974856554,0.9562344039234167,366,True,False,True,True
AGRO_0520,Rodenticide_20,Rodenticide,0.7612199891133727,0.4400399794795282,0.9554224703946039,450,True,False,True,False
AGRO_0521,Rodenticide_21,Rodenticide,0.7482816916193932,0.24518336440307537,0.8461763814008846,310,True,True,True,True
AGRO_0522,Rodenticide_22,Rodenticide,0.7864145283611756,0.28836093371392235,0.7607610472216313,378,False,False,True,True
AGRO_0523,Rodenticide_23,Rodenticide,0.8156693728246525,0.40235306441853447,0.9175286778933924,200,False,True,True,True
AGRO_0524,Rodenticide_24,Rodenticide,0.666327456112407,0.3645169125372818,0.9744991419614082,478,True,True,True,False
AGRO_0525,Rodenticide_25,Rodenticide,0.8977815549686201,0.08943530581596754,1.0,354,True,True,True,True
AGRO_0526,Rodenticide_26,Rodenticide,0.9386349397262844,0.3529016299892109,0.9056954440254898,293,True,False,False,True
AGRO_0527,Rodenticide_27,Rodenticide,0.8404058617459418,0.1653630086512219,0.8673546110949316,275,False,False,True,True
AGRO_0528,Rodenticide_28,Rodenticide,0.7246815875596334,0.3045222708999982,0.9051197901881085,415,False,True,True,False
AGRO_0529,Rodenticide_29,Rodenticide,0.7402576634856772,0.4077901739453325,0.8445944706587216,386,False,True,False,False
AGRO_0530,Rodenticide_30,Rodenticide,0.9599156684528615,0.244938147339787,1.0,493,True,True,True,False
AGRO_0531,Rodenticide_31,Rodenticide,0.7034335196476792,0.4629166364900945,0.8418217966607946,263,True,True,True,True
AGRO_0532,Rodenticide_32,Rodenticide,0.6826120035591028,0.1754479410498664,0.8270059054097952,302,True,True,False,True
AGRO_0533,Rodenticide_33,Rodenticide,0.7950970659161963,0.2839639918955169,0.9330851304615578,333,False,True,True,False
AGRO_0534,Rodenticide_34,Rodenticide,0.9451001438131337,0.1901908706563984,0.9039154591813124,376,False,False,True,True
AGRO_0535,Rodenticide_35,Rodenticide,0.6152591615472085,0.31195569245984844,0.8998263476724305,448,False,False,True,False
AGRO_0536,Rodenticide_36,Rodenticide,0.7772112018449339,0.32056298146934875,0.7965863000943235,424,False,True,True,True
AGRO_0537,Rodenticide_37,Rodenticide,0.8958385819842043,0.305166097685108,0.9229074688205703,425,True,True,True,True
AGRO_0538,Rodenticide_38,Rodenticide,0.9074318012715562,0.21726510003596472,0.7829028121278387,435,True,False,True,True
AGRO_0539,Rodenticide_39,Rodenticide,0.731116760567541,0.31427483360449565,0.8611283509062773,486,False,True,False,True
AGRO_0540,Rodenticide_40,Rodenticide,0.8399398749278517,0.42395840064415613,0.8603770321898241,214,False,True,True,True
AGRO_0541,Rodenticide_41,Rodenticide,0.7135277865480912,0.17899292798987967,1.0,460,True,True,True,True
AGRO_0542,Rodenticide_42,Rodenticide,0.8491202938501001,0.36494973648592394,0.8636080606510363,390,False,True,False,True
AGRO_0543,Rodenticide_43,Rodenticide,1.0,0.30006828189574825,0.9782130001531459,398,False,True,False,True
AGRO_0544,Rodenticide_44,Rodenticide,0.7209100618332447,0.35597004724114223,0.9187538784413962,405,False,True,False,False
AGRO_0545,Rodenticide_45,Rodenticide,0.7598392289342871,0.2845461005770131,1.0,269,False,False,False,True
AGRO_0546,Rodenticide_46,Rodenticide,0.6952177945872309,0.17558248873221674,1.0,343,True,True,True,True
AGRO_0547,Rodenticide_47,Rodenticide,0.7449862288521931,0.34088490189987414,1.0,229,False,False,True,False
AGRO_0548,Rodenticide_48,Rodenticide,0.937890169984647,0.2188999136371155,0.7885953549838007,282,True,False,True,True
AGRO_0549,Rodenticide_49,Rodenticide,0.7435018088967924,0.34232123744570175,0.9331485262021759,484,False,False,True,True
AGRO_0550,Rodenticide_50,Rodenticide,0.814176585896108,0.21982949573510271,0.7940049921015283,483,True,True,False,True
IND_0551,Solvent_1,Solvent,0.5431282198499697,0.44905582129093347,0.4877656303089991,211,False,True,False,True
IND_0552,Solvent_2,Solvent,0.4708506473501756,0.7014631319862253,0.5381463568942737,134,True,False,False,True
IND_0553,Solvent_3,Solvent,0.5430048996528478,0.5899538448180945,0.26565446459401976,397,True,False,True,True
IND_0554,Solvent_4,Solvent,0.35277641728363257,0.4967768765493002,0.6753722309857342,488,True,True,True,True
IND_0555,Solvent_5,Solvent,0.6222258270320646,0.566271883447036,0.30628537697608665,149,False,False,False,True
IND_0556,Solvent_6,Solvent,0.34914694532704094,0.5538914377843596,0.46261704880224785,690,False,True,False,True
IND_0557,Solvent_7,Solvent,0.27728975796734906,0.5636446347750839,0.402867411638356,100,False,False,True,False
IND_0558,Solvent_8,Solvent,0.3682994788101599,0.5829996257572075,0.24886808674749242,649,False,False,False,True
IND_0559,Solvent_9,Solvent,0.41066971909756944,0.7310269576984931,0.10873560907860824,121,False,True,True,True
IND_0560,Solvent_10,Solvent,0.29555300394956113,0.4013557342313038,0.3657395563634662,229,True,True,True,True
IND_0561,Solvent_11,Solvent,0.3431845452189341,0.681691889838668,0.3043672887451571,525,False,False,True,True
IND_0562,Solvent_12,Solvent,0.7177772782904184,0.5142383187611481,0.46255358860165774,521,True,True,True,False
IND_0563,Solvent_13,Solvent,0.2757253183029606,0.7328477083278161,0.38992217574325927,158,True,True,False,False
IND_0564,Solvent_14,Solvent,0.39391489361614196,0.5872214540183344,0.34554490178030994,117,False,True,True,True
IND_0565,Solvent_15,Solvent,0.43737610759132645,0.6516418130285703,0.3886112116874884,170,False,True,True,False
IND_0566,Solvent_16,Solvent,0.40417311625521285,0.6270913827734105,0.4021135902320389,151,True,False,True,True
IND_0567,Solvent_17,Solvent,0.43737377869896543,0.5856676951267537,0.41387175964764644,182,False,False,False,True
IND_0568,Solvent_18,Solvent,0.2660314264059962,0.646320397795176,0.3940483885570305,225,False,False,False,True
IND_0569,Solvent_19,Solvent,0.38196154476737537,0.5607964544176363,0.2748906766395309,306,True,False,True,False
IND_0570,Solvent_20,Solvent,0.2593319495876032,0.6582001549827874,0.3438613380601281,576,False,False,False,True
IND_0571,Solvent_21,Solvent,0.37804078938319596,0.46772286309104494,0.2221866033403796,164,True,False,False,True
IND_0572,Solvent_22,Solvent,0.3894017345425262,0.6064227357478854,0.4291524825310849,207,False,False,False,True
IND_0573,Solvent_23,Solvent,0.4585725781263167,0.4958323311989723,0.3385113742451059,584,True,True,False,True
IND_0574,Solvent_24,Solvent,0.2922414830146734,0.5707768332977678,0.2867362491492584,310,False,False,False,False
IND_0575,Solvent_25,Solvent,0.3540619372464438,0.5851525264470196,0.35227843676624754,284,True,False,True,True
IND_0576,Solvent_26,Solvent,0.25791633301329286,0.5481598074898872,0.6800507840446677,253,True,True,True,True
IND_0577,Solvent_27,Solvent,0.5995598724392924,0.6252656116129377,0.4647344730827358,142,False,False,False,True
IND_0578,Solvent_28,Solvent,0.507343626086622,0.4835850887544427,0.3522930681409935,325,True,False,False,True
IND_0579,Solvent_29,Solvent,0.4086836213188957,0.6257452013948357,0.4865834835348629,652,True,True,True,False
IND_0580,Solvent_30,Solvent,0.41287790975943534,0.33580006358423087,0.12419595544447842,738,False,True,False,True
IND_0581,Solvent_31,Solvent,0.3561392875617681,0.5818440935720973,0.23250529573690182,265,False,False,False,True
IND_0582,Solvent_32,Solvent,0.47096190901100804,0.6678860375463442,0.34778036048461614,451,False,False,False,True
IND_0583,Solvent_33,Solvent,0.479527099182312,0.5031432020424796,0.5204059317063928,251,False,True,True,True
IND_0584,Solvent_34,Solvent,0.414617764692983,0.44511389762539055,0.45152202825069665,113,True,False,True,True
IND_0585,Solvent_35,Solvent,0.5140018994403575,0.629160566646528,0.21607593281320833,630,False,False,True,False
IND_0586,Solvent_36,Solvent,0.3764463218334476,0.7330147987731388,0.45017183265246824,230,False,True,True,True
IND_0587,Solvent_37,Solvent,0.33506495529581887,0.7280244106051248,0.5381355287149828,454,True,True,True,True
IND_0588,Solvent_38,Solvent,0.3737161822777027,0.5320119366565237,0.4066065546384354,228,False,False,True,True
IND_0589,Solvent_39,Solvent,0.3109619886289666,0.7549962272112536,0.2637439965027797,332,False,False,True,True
IND_0590,Solvent_40,Solvent,0.4585486534089024,0.5908364160815238,0.36372442809535727,535,True,False,True,True
IND_0591,Solvent_41,Solvent,0.6717109753525337,0.6818515473119872,0.5371371566533072,760,False,False,False,True
IND_0592,Solvent_42,Solvent,0.5486035399012134,0.6903218778343269,0.2575041517913874,353,False,True,True,True
IND_0593,Solvent_43,Solvent,0.6289370546777536,0.5912949212117713,0.3698212891010212,438,False,True,False,True
IND_0594,Solvent_44,Solvent,0.5313207743683186,0.5580672807339653,0.30729175014925114,222,True,False,False,True
IND_0595,Solvent_45,Solvent,0.23767257546348483,0.6464918245901112,0.5649758697475799,242,False,False,True,True
IND_0596,Solvent_46,Solvent,0.2683856995060784,0.45989589416247645,0.4624663669278913,628,True,True,True,True
IND_0597,Solvent_47,Solvent,0.4160849063479629,0.6288759292830185,0.26960497876555517,751,False,False,True,True
IND_0598,Solvent_48,Solvent,0.2924661965876098,0.6154964343774206,0.37883735962975806,615,False,True,True,True
IND_0599,Solvent_49,Solvent,0.28009603533987687,0.6263756081997722,0.44387783039870854,491,False,False,False,False
IND_0600,Solvent_50,Solvent,0.32487986486334414,0.40966780094136435,0.3204425463892936,735,True,False,True,False
IND_0601,Plasticizer_1,Plasticizer,0.6847743143077366,0.20088189863681805,0.40876508629232244,760,False,False,True,True
IND_0602,Plasticizer_2,Plasticizer,0.9318951396939463,0.4210682466468632,0.38570777230515196,393,False,False,False,True
IND_0603,Plasticizer_3,Plasticizer,0.703510177564225,0.26756678867878025,0.48726565813168016,365,True,False,False,False
IND_0604,Plasticizer_4,Plasticizer,0.9045581207113762,0.11647820153839694,0.1836838558893048,117,False,False,True,False
IND_0605,Plasticizer_5,Plasticizer,0.7027157023212243,0.1313324335372456,0.3818008249019582,156,False,True,False,False
IND_0606,Plasticizer_6,Plasticizer,0.7238416011456887,0.44130536697235034,0.47449056464137185,629,False,False,True,True
IND_0607,Plasticizer_7,Plasticizer,0.8548256574393093,0.145157869830679,0.6454002183213111,641,False,False,True,True
IND_0608,Plasticizer_8,Plasticizer,0.5141851051878074,0.49182457345156094,0.5962554150341743,141,True,False,False,True
IND_0609,Plasticizer_9,Plasticizer,0.584369986656395,0.16141608243905,0.6048354202489437,104,False,False,False,False
IND_0610,Plasticizer_10,Plasticizer,0.6963516680163402,0.18540136225360315,0.5044109871859316,354,False,False,True,True
IND_0611,Plasticizer_11,Plasticizer,0.6114331499606329,0.321750139512246,0.5552325949978765,187,False,False,True,True
IND_0612,Plasticizer_12,Plasticizer,0.7233810808324165,0.3162086255834153,0.3526717590074574,558,True,True,False,True
IND_0613,Plasticizer_13,Plasticizer,0.7916437259017656,0.4352848812534667,0.390286242704403,676,False,True,True,True
IND_0614,Plasticizer_14,Plasticizer,0.6308866226291526,0.10546566275325844,0.4609129067915494,318,True,False,True,True
IND_0615,Plasticizer_15,Plasticizer,0.6295860364588617,0.4193203295853514,0.19324185590343995,793,True,False,True,False
IND_0616,Plasticizer_16,Plasticizer,0.7169728615508025,0.22465279946600525,0.1529800881259752,669,False,True,False,True
IND_0617,Plasticizer_17,Plasticizer,0.822122369528363,0.39243005375652795,0.5779237621205031,320,False,False,False,True
IND_0618,Plasticizer_18,Plasticizer,0.7973444233435207,0.4621287470895767,0.6063429426301755,380,False,False,True,True
IND_0619,Plasticizer_19,Plasticizer,0.7546824434697628,0.37957190960882076,0.7472987361362415,325,True,False,True,True
IND_0620,Plasticizer_20,Plasticizer,0.7685497191506196,0.19912710870364275,0.5899939964781494,687,False,False,False,True
IND_0621,Plasticizer_21,Plasticizer,0.72677050724566,0.4267420967551314,0.632539398253116,231,True,False,True,False
IND_0622,Plasticizer_22,Plasticizer,0.6278017117382272,0.42844381922759156,0.6526270906326388,338,False,True,False,True
IND_0623,Plasticizer_23,Plasticizer,0.7307466203298373,0.35801278703160466,0.6605630483154621,638,False,False,False,True
IND_0624,Plasticizer_24,Plasticizer,0.7442485671132316,0.23822607901023096,0.5292236245023614,602,False,False,False,True
IND_0625,Plasticizer_25,Plasticizer,0.6623510467174851,0.35041839527835433,0.4346763702189086,244,False,True,False,False
IND_0626,Plasticizer_26,Plasticizer,0.8117609107819602,0.25284695978323146,0.4134739964572413,118,False,False,False,True
IND_0627,Plasticizer_27,Plasticizer,0.678954585292157,0.358980677669614,0.4988853726118621,330,True,False,True,True
IND_0628,Plasticizer_28,Plasticizer,0.7368377287223484,0.18334171221568063,0.6178783379306532,184,True,False,False,False
IND_0629,Plasticizer_29,Plasticizer,0.65789382716452,0.14690446136400429,0.4914329758027219,246,True,False,True,True
IND_0630,Plasticizer_30,Plasticizer,0.7869516395730957,0.454091495273774,0.20883295153577502,477,False,False,True,True
IND_0631,Plasticizer_31,Plasticizer,0.7814612644631438,0.2976965339519003,0.5079821928752816,124,True,False,True,False
IND_0632,Plasticizer_32,Plasticizer,0.6241527090535529,0.2189023234760017,0.3114106305584987,292,True,True,False,True
IND_0633,Plasticizer_33,Plasticizer,0.601036016757185,0.4600186199406081,0.718818976315933,297,False,False,True,False
IND_0634,Plasticizer_34,Plasticizer,0.6714519097876989,0.3054589771596902,0.5670003707854047,116,False,False,True,True
IND_0635,Plasticizer_35,Plasticizer,0.7502292019192099,0.26075835768078137,0.49083324364798,763,True,False,True,True
IND_0636,Plasticizer_36,Plasticizer,0.6822976522458333,0.4543950972124234,0.4268018454177748,710,False,True,False,False
IND_0637,Plasticizer_37,Plasticizer,0.6925156792676015,0.27868040927699256,0.6730406957184218,464,True,False,False,True
IND_0638,Plasticizer_38,Plasticizer,0.7080887064205363,0.3197153718444683,0.763546777058336,245,True,False,True,True
IND_0639,Plasticizer_39,Plasticizer,0.656796220360605,0.36290450050818557,0.5934692816254469,261,False,False,False,True
IND_0640,Plasticizer_40,Plasticizer,0.6890490937202045,0.2542804312879931,0.56555283314692,354,True,False,True,True
IND_0641,Plasticizer_41,Plasticizer,0.6418927742221656,0.4107746721325063,0.4347688491531611,503,False,False,True,False
IND_0642,Plasticizer_42,Plasticizer,0.6085485658065217,0.3094551621849415,0.5200834944214043,457,True,False,True,True
IND_0643,Plasticizer_43,Plasticizer,0.8442467921279139,0.37104482840407593,0.45750166520737756,218,False,False,True,False
IND_0644,Plasticizer_44,Plasticizer,0.8248609572818925,0.4927856863546002,0.392291997799956,425,True,False,False,False
IND_0645,Plasticizer_45,Plasticizer,0.6320186805722233,0.16557798735753537,0.5977309878339909,103,False,True,False,True
IND_0646,Plasticizer_46,Plasticizer,0.9622853997536984,0.1629506113086744,0.5034712236873861,585,True,True,True,False
IND_0647,Plasticizer_47,Plasticizer,0.6763693830403732,0.24425027062612578,0.5053230557018729,395,False,True,False,True
IND_0648,Plasticizer_48,Plasticizer,0.49051510805684173,0.23316854307780455,0.4207961651929007,688,False,False,True,True
IND_0649,Plasticizer_49,Plasticizer,0.8124480250122437,0.22930917329623185,0.4441165711857396,680,True,True,False,True
IND_0650,Plasticizer_50,Plasticizer,0.48543214059543605,0.39056799576813706,0.523930878318412,452,False,False,True,False
IND_0651,Polymer_1,Polymer,0.9156618735604916,0.0,0.20342415017101376,215,True,False,False,True
IND_0652,Polymer_2,Polymer,0.9658620510970595,0.08715213002187762,0.23270869116241677,515,True,False,False,True
IND_0653,Polymer_3,Polymer,0.8510786866110616,0.0,0.23959630880993904,169,False,True,True,True
IND_0654,Polymer_4,Polymer,0.7962477430658408,0.1999332445094198,0.23182885325079106,148,True,False,True,False
IND_0655,Polymer_5,Polymer,0.8193017284792397,0.2267925003104313,0.09093339688376698,749,False,False,True,False
IND_0656,Polymer_6,Polymer,0.8344749841419935,0.22297914220078088,0.1927768218056014,709,True,False,False,False
IND_0657,Polymer_7,Polymer,1.0,0.24334396925016782,0.3510713104155355,413,True,False,False,True
IND_0658,Polymer_8,Polymer,1.0,0.16350229571746364,0.18195286744067757,664,True,True,False,True
IND_0659,Polymer_9,Polymer,1.0,0.03709789521896781,0.19191943409850237,471,True,True,False,False
IND_0660,Polymer_10,Polymer,0.7842959914292107,0.0,0.17370239076043045,165,False,True,True,True
IND_0661,Polymer_11,Polymer,0.9422748532999544,0.09538751743501075,0.23501891994645105,150,False,False,True,True
IND_0662,Polymer_12,Polymer,0.8914023737026022,0.1861166952669756,0.43675355286881323,329,True,True,False,True
IND_0663,Polymer_13,Polymer,0.857898068390823,0.0,0.46436413291850215,445,True,False,False,False
IND_0664,Polymer_14,Polymer,0.7696734501458297,0.16136187602488983,0.313056445164649,520,False,True,True,True
IND_0665,Polymer_15,Polymer,1.0,0.19784774233098323,0.30091127224537484,457,True,True,False,True
IND_0666,Polymer_16,Polymer,1.0,0.1744998362370602,0.4414738079084001,348,True,False,True,True
IND_0667,Polymer_17,Polymer,0.9769086376552545,0.247327582901941,0.2523771546101615,506,False,False,True,False
IND_0668,Polymer_18,Polymer,0.7503866102594563,0.0,0.34092462126090567,702,False,False,True,True
IND_0669,Polymer_19,Polymer,1.0,0.26244556710621425,0.1731122570707323,775,False,True,False,True
IND_0670,Polymer_20,Polymer,0.9755977008417042,0.11687580360459458,0.3235547001377713,525,False,False,True,True
IND_0671,Polymer_21,Polymer,1.0,0.26530644228084166,0.40149634470755136,303,True,False,True,False
IND_0672,Polymer_22,Polymer,0.9616875062909731,0.19425781840050568,0.25940303202438625,216,False,False,False,True
IND_0673,Polymer_23,Polymer,0.835937408472956,0.12153441036174797,0.40367359647238427,548,False,True,True,False
IND_0674,Polymer_24,Polymer,0.8985931796148968,0.27979148238869933,0.20820338959456838,342,False,False,True,True
IND_0675,Polymer_25,Polymer,0.8033793897908549,0.32922177735892166,0.039638709872915734,493,False,True,True,False
IND_0676,Polymer_26,Polymer,0.7566972718689253,0.18095917934248978,0.450284051599293,106,True,False,True,False
IND_0677,Polymer_27,Polymer,0.7409775235011601,0.26528454281285346,0.529399488753724,127,True,False,False,True
IND_0678,Polymer_28,Polymer,0.9569444815758639,0.30013912648455215,0.07937602530123142,691,False,True,False,False
IND_0679,Polymer_29,Polymer,0.76277286482814,0.2649974825420711,0.46159721177213775,633,False,False,False,False
IND_0680,Polymer_30,Polymer,0.7486545777777229,0.2507454616103997,0.0,342,True,True,False,True
IND_0681,Polymer_31,Polymer,0.9890950696311145,0.12348949495088435,0.3260019742757143,328,True,False,False,False
IND_0682,Polymer_32,Polymer,0.8635979919027439,0.21622958484214783,0.20679805678810614,605,True,True,False,True
IND_0683,Polymer_33,Polymer,0.7936349831232025,0.30217726850668386,0.28470444381391385,796,False,False,False,True
IND_0684,Polymer_34,Polymer,0.8714717907553938,0.277679073375467,0.4253473530942445,359,True,False,True,False
IND_0685,Polymer_35,Polymer,0.7715770124526802,0.4062848735410185,0.1924400809689526,528,True,True,False,False
IND_0686,Polymer_36,Polymer,0.9263162804640523,0.40770218550439685,0.19980595580547866,151,True,False,True,False
IND_0687,Polymer_37,Polymer,0.8392076630069022,0.09808046170047105,0.26582896458119776,742,False,False,False,True
IND_0688,Polymer_38,Polymer,0.8401481775367642,0.2569788493987551,0.0,790,False,True,True,False
IND_0689,Polymer_39,Polymer,0.9251364100377327,0.08185591394216385,0.29928543489447246,721,False,False,True,True
IND_0690,Polymer_40,Polymer,0.9940803335172897,0.35584761303682444,0.214205177988473,385,False,False,True,True
IND_0691,Polymer_41,Polymer,1.0,0.186991424855026,0.46497409187642746,797,True,True,True,False
IND_0692,Polymer_42,Polymer,0.8621879596777577,0.16380774396283448,0.3097371022746493,655,True,False,False,True
IND_0693,Polymer_43,Polymer,0.9081406216700325,0.0,0.4730334006962268,427,True,True,True,True
IND_0694,Polymer_44,Polymer,0.8385150911187969,0.029858711394777138,0.3142480905850194,512,False,True,False,True
IND_0695,Polymer_45,Polymer,0.9806037820585511,0.13127820318088418,0.13727562658263187,744,False,False,True,True
IND_0696,Polymer_46,Polymer,0.9497513220648739,0.12160448265687265,0.30723092127989704,117,False,True,False,True
IND_0697,Polymer_47,Polymer,0.6579193442253106,0.0,0.3976777032237289,657,True,False,True,True
IND_0698,Polymer_48,Polymer,0.915434094048596,0.11373315017964519,0.3244882442729979,545,False,True,False,True
IND_0699,Polymer_49,Polymer,1.0,0.2668083006603123,0.17100424467290182,554,False,True,False,False
IND_0700,Polymer_50,Polymer,0.9149456162428625,0.1699638848494532,0.28678695788927205,151,False,True,True,True
IND_0701,Surfactant_1,Surfactant,0.39725961912059,0.5042679288839592,0.4782767381932277,422,False,False,True,True
IND_0702,Surfactant_2,Surfactant,0.3042397867499512,0.4785617457161366,0.1784472088779909,228,True,True,True,False
IND_0703,Surfactant_3,Surfactant,0.35911110420692305,0.4053593682618365,0.5077052284364554,273,True,True,False,False
IND_0704,Surfactant_4,Surfactant,0.6356263726204977,0.4755412249855312,0.47765180719669686,291,True,False,False,True
IND_0705,Surfactant_5,Surfactant,0.4671806839363122,0.6276732135473676,0.4373795282426135,492,True,False,False,True
IND_0706,Surfactant_6,Surfactant,0.39372052860125223,0.5076623798033867,0.26339423337331025,655,False,True,True,False
IND_0707,Surfactant_7,Surfactant,0.4269979082384795,0.5711036368781314,0.44915633424207924,492,True,False,True,True
IND_0708,Surfactant_8,Surfactant,0.5428367311120311,0.527546136831385,0.39427570366184606,130,True,False,True,False
IND_0709,Surfactant_9,Surfactant,0.5146687702218194,0.4334924548222807,0.4455805842874209,440,False,False,False,True
IND_0710,Surfactant_10,Surfactant,0.48408051004672165,0.6911203997939461,0.40232128849741056,553,False,True,True,True
IND_0711,Surfactant_11,Surfactant,0.5590247854930382,0.3428439963571035,0.427865740714588,705,False,True,False,True
IND_0712,Surfactant_12,Surfactant,0.41892987351023986,0.12803953726600747,0.41543835375450605,260,False,False,True,False
IND_0713,Surfactant_13,Surfactant,0.6324720256042289,0.4692463010898113,0.3716900164825451,271,False,True,False,True
IND_0714,Surfactant_14,Surfactant,0.45117377065947506,0.642110409923776,0.32920267710968654,424,False,True,True,False
IND_0715,Surfactant_15,Surfactant,0.5313412168369411,0.6227841168017584,0.3760020521731865,573,True,True,False,True
IND_0716,Surfactant_16,Surfactant,0.376499970710488,0.5774705254609032,0.40232574852376307,497,True,False,True,True
IND_0717,Surfactant_17,Surfactant,0.4318332454806242,0.6290216476368475,0.40963677484833455,172,False,False,True,False
IND_0718,Surfactant_18,Surfactant,0.4209378500243244,0.49197308700863285,0.5745587774595067,695,True,True,True,False
IND_0719,Surfactant_19,Surfactant,0.4295573817978549,0.5595310805692247,0.2280884044250151,106,False,False,True,True
IND_0720,Surfactant_20,Surfactant,0.4687399292712401,0.5608424326562428,0.3931125561911157,327,False,False,False,False
IND_0721,Surfactant_21,Surfactant,0.4600046136366129,0.5218229500362096,0.2590441987650912,202,False,False,False,True
IND_0722,Surfactant_22,Surfactant,0.5881016952242163,0.5368814740049564,0.3702697098112349,733,False,False,False,False
IND_0723,Surfactant_23,Surfactant,0.3100175205236364,0.5137371151754595,0.5888094577031016,286,True,False,False,True
IND_0724,Surfactant_24,Surfactant,0.5669764067631738,0.6042527000708925,0.2576396287468175,566,False,False,False,True
IND_0725,Surfactant_25,Surfactant,0.5341555030007304,0.6213151047702838,0.33089897539612717,626,False,False,True,True
IND_0726,Surfactant_26,Surfactant,0.5408554935780387,0.4761818649781927,0.2941724054148239,265,True,True,False,True
IND_0727,Surfactant_27,Surfactant,0.4325789480777961,0.5575233144115307,0.08502195323510664,582,False,True,False,True
IND_0728,Surfactant_28,Surfactant,0.8058811650461266,0.7424431442564721,0.40721202326876815,120,True,True,True,True
IND_0729,Surfactant_29,Surfactant,0.5658766300473761,0.5389626297962101,0.39038770780314164,732,True,False,False,False
IND_0730,Surfactant_30,Surfactant,0.4156254734401257,0.43589116736444883,0.41810931563500836,654,False,True,False,True
IND_0731,Surfactant_31,Surfactant,0.27859903922798024,0.5942709356198363,0.4074864875656199,579,False,True,False,True
IND_0732,Surfactant_32,Surfactant,0.7154130138012729,0.4182343717916511,0.5161391228830245,361,False,False,False,False
IND_0733,Surfactant_33,Surfactant,0.3853416203274567,0.5443197225387357,0.4145256339856821,773,True,False,True,True
IND_0734,Surfactant_34,Surfactant,0.5595898004659912,0.26172844209175805,0.3789314926628104,379,True,True,True,False
IND_0735,Surfactant_35,Surfactant,0.5181851850118963,0.29103312724081687,0.3647375727146357,392,True,True,False,True
IND_0736,Surfactant_36,Surfactant,0.5047829049901967,0.53214123654396,0.3011758035248981,585,True,True,False,True
IND_0737,Surfactant_37,Surfactant,0.5135189226500775,0.602790613026362,0.34942267032330726,694,True,True,True,True
IND_0738,Surfactant_38,Surfactant,0.3642749150844938,0.6996479398572168,0.4366291751837624,403,False,False,False,False
IND_0739,Surfactant_39,Surfactant,0.5145034254831677,0.39574499034085936,0.36125363145056727,638,False,False,True,True
IND_0740,Surfactant_40,Surfactant,0.5713399768099469,0.6163457680266916,0.4565622988993275,493,False,False,False,True
IND_0741,Surfactant_41,Surfactant,0.45375559992189146,0.6057040796832893,0.5437351026570854,448,True,False,True,False
IND_0742,Surfactant_42,Surfactant,0.649365749218209,0.622853156194498,0.35158747616543706,335,True,True,True,False
IND_0743,Surfactant_43,Surfactant,0.37925997051018423,0.24779548062682372,0.297694930832917,236,False,False,True,True
IND_0744,Surfactant_44,Surfactant,0.5087457839565049,0.4213174736646268,0.3717146506171998,251,False,False,True,False
IND_0745,Surfactant_45,Surfactant,0.372419197311278,0.5497559474289606,0.4203558047422745,447,False,False,True,True
IND_0746,Surfactant_46,Surfactant,0.8412736875830816,0.7451630962218787,0.4348295878800439,108,False,False,True,True
IND_0747,Surfactant_47,Surfactant,0.5299914831515827,0.43262203702807717,0.2885033450829018,375,False,False,False,True
IND_0748,Surfactant_48,Surfactant,0.665446667204008,0.394705431199628,0.11145405689795329,788,False,True,True,True
IND_0749,Surfactant_49,Surfactant,0.5969643427282486,0.39823212823633897,0.34914883815727565,352,False,False,True,True
IND_0750,Surfactant_50,Surfactant,0.44559030699393753,0.4626382535464763,0.5473364120141616,179,True,False,True,False
NAT_0751,Terpene_1,Terpene,0.2712395265819197,0.949093682720173,0.15882064070400745,553,True,False,False,True
NAT_0752,Terpene_2,Terpene,0.29321337689268995,0.781407551905123,0.0,292,False,False,True,True
NAT_0753,Terpene_3,Terpene,0.17855823262224352,0.8456238797367315,0.2611295766910263,352,False,False,True,True
NAT_0754,Terpene_4,Terpene,0.396594308547224,0.8232486618419368,0.19014965331427325,355,True,False,True,True
NAT_0755,Terpene_5,Terpene,0.32555177566413745,0.8004340865049523,0.17421949800691044,285,False,False,True,True
NAT_0756,Terpene_6,Terpene,0.2478998060992799,0.5925513648983689,0.09779651359957296,561,True,False,True,True
NAT_0757,Terpene_7,Terpene,0.3105339044829396,0.8302358693016912,0.05659881874329917,237,True,False,False,True
NAT_0758,Terpene_8,Terpene,0.30206885078666174,0.7694811154519249,0.20469117944881396,272,False,False,True,True
NAT_0759,Terpene_9,Terpene,0.23464888006669593,0.8842706018698452,0.19334184829582884,448,False,False,True,True
NAT_0760,Terpene_10,Terpene,0.1239063563369141,0.9588294152054945,0.16512750441186885,593,True,False,True,True
NAT_0761,Terpene_11,Terpene,0.20064104844059638,0.8135924567218349,0.10844667863899475,245,True,False,True,False
NAT_0762,Terpene_12,Terpene,0.19307455062449197,0.689310959545036,0.29627962433706145,322,True,False,True,True
NAT_0763,Terpene_13,Terpene,0.36269547482561326,0.7722946899720909,0.1452064010151615,330,False,False,True,True
NAT_0764,Terpene_14,Terpene,0.17907854695168202,0.989603749515394,0.08758407925331808,244,True,False,True,True
NAT_0765,Terpene_15,Terpene,0.40287689914234803,0.8501685045168789,0.12483251425158823,389,True,False,True,True
NAT_0766,Terpene_16,Terpene,0.3078117735236016,0.8843863832178362,0.1925635686788347,522,True,False,False,False
NAT_0767,Terpene_17,Terpene,0.3645037855448997,0.7987586780474406,0.0,376,False,False,True,True
NAT_0768,Terpene_18,Terpene,0.11014769699354282,0.6936536632877661,0.0,315,False,False,False,True
NAT_0769,Terpene_19,Terpene,0.27262707478332393,0.7985729647050612,0.11495979575187881,222,False,False,False,True
NAT_0770,Terpene_20,Terpene,0.3097827174707923,0.8365495203091116,0.19929225435189046,230,True,True,False,True
NAT_0771,Terpene_21,Terpene,0.3632120947227811,0.7377252439998094,0.05751009107971934,276,True,False,False,True
NAT_0772,Terpene_22,Terpene,0.4058022388115813,0.7999046628746794,0.21074569306689517,562,True,False,False,True
NAT_0773,Terpene_23,Terpene,0.2130713013011356,0.7989132862965028,0.11373524794070361,217,True,False,False,True
NAT_0774,Terpene_24,Terpene,0.5918173555060092,0.6971475014320828,0.012449215435283809,405,False,False,False,True
NAT_0775,Terpene_25,Terpene,0.3234343238850299,0.8954429076585952,0.0,541,False,False,True,True
NAT_0776,Terpene_26,Terpene,0.4658170206694158,0.6698412017196669,0.0,366,False,False,True,False
NAT_0777,Terpene_27,Terpene,0.3460054341446444,0.8226505352115289,0.02125246951122453,543,True,False,True,True
NAT_0778,Terpene_28,Terpene,0.16056443333307668,0.5115845564237667,0.1084201008339372,312,True,False,False,True
NAT_0779,Terpene_29,Terpene,0.11534269521955826,0.7571345473083467,0.20294405559270406,293,False,False,False,True
NAT_0780,Terpene_30,Terpene,0.26631048732148616,0.7878871874055817,0.19074875862214719,540,True,False,True,True
NAT_0781,Terpene_31,Terpene,0.37243545112656795,0.8061156459935712,0.1760022942441034,385,True,False,True,True
NAT_0782,Terpene_32,Terpene,0.26058442288152023,0.8963451222285541,0.2739323140242075,278,True,False,False,True
NAT_0783,Terpene_33,Terpene,0.5935657902327778,0.6926671967777105,0.05711520743939266,403,False,False,True,True
NAT_0784,Terpene_34,Terpene,0.341583683628606,0.8203787553206809,0.23129150397161366,340,True,False,False,True
NAT_0785,Terpene_35,Terpene,0.22036733546704823,0.816781324467579,0.2581463723483328,458,True,False,False,True
NAT_0786,Terpene_36,Terpene,0.2690340187814311,0.8898418671627151,0.005139809481416235,502,True,False,False,True
NAT_0787,Terpene_37,Terpene,0.15130399189637345,0.6090990496442031,0.16329578326099892,526,False,False,False,True
NAT_0788,Terpene_38,Terpene,0.5557730919268994,0.6025329105412892,0.025092078334871745,347,True,False,False,True
NAT_0789,Terpene_39,Terpene,0.42960834490794353,0.753305772424618,0.1880450194105647,491,False,False,False,True
NAT_0790,Terpene_40,Terpene,0.16714553218836026,0.6664137595831388,0.17241365593144975,225,False,False,True,True
NAT_0791,Terpene_41,Terpene,0.30132413735276053,0.7624430539691529,0.0,241,False,False,False,True
NAT_0792,Terpene_42,Terpene,0.3717765409124823,0.8677208521350184,0.0,549,False,False,True,True
NAT_0793,Terpene_43,Terpene,0.14459240020304115,0.9455260493718481,0.20911490925355025,328,True,False,True,True
NAT_0794,Terpene_44,Terpene,0.2709262780195519,0.7791331628779534,0.06873315542676428,349,False,False,False,False
NAT_0795,Terpene_45,Terpene,0.1988196478991228,0.8810497499150267,0.34253915894170817,570,False,False,False,True
NAT_0796,Terpene_46,Terpene,0.21659151439788443,0.7739824650204407,0.03435700363858746,580,True,False,False,True
NAT_0797,Terpene_47,Terpene,0.2806294620195038,0.8540287944035696,0.12232809132553707,288,False,False,False,False
NAT_0798,Terpene_48,Terpene,0.18016078750479547,0.8728007847834027,0.1663428119321097,234,True,False,True,True
NAT_0799,Terpene_49,Terpene,0.13904790169190204,0.7302690849300973,0.0,270,False,True,False,False
NAT_0800,Terpene_50,Terpene,0.3536975696943741,0.7928658302709656,0.1851245781729411,580,False,False,False,True
NAT_0801,Alkaloid_1,Alkaloid,0.36528135048877375,0.7770802219987971,0.3946164504635654,506,False,False,False,True
NAT_0802,Alkaloid_2,Alkaloid,0.44278143951529036,0.6841429907653781,0.4513023699811993,494,True,False,False,True
NAT_0803,Alkaloid_3,Alkaloid,0.4194055066383755,0.8092422002294359,0.32649463945640705,539,False,False,False,True
NAT_0804,Alkaloid_4,Alkaloid,0.30682253290068306,0.6953738782733657,0.511410149222652,306,False,False,True,True
NAT_0805,Alkaloid_5,Alkaloid,0.4574517340617182,0.4813566774265433,0.5578191895055586,209,True,False,False,False
NAT_0806,Alkaloid_6,Alkaloid,0.45242002084094696,0.7156653556603739,0.45809220940563544,247,True,False,False,True
NAT_0807,Alkaloid_7,Alkaloid,0.44316316296375974,0.7739675468117834,0.7571995317494968,242,True,False,False,False
NAT_0808,Alkaloid_8,Alkaloid,0.17505675457992365,0.5933317296694136,0.504998603535668,200,True,False,False,True
NAT_0809,Alkaloid_9,Alkaloid,0.360001797217109,0.5969857734777171,0.3921781829883699,475,True,False,True,True
NAT_0810,Alkaloid_10,Alkaloid,0.437709022042678,0.49281204755967967,0.5177173232220105,358,True,False,True,False
NAT_0811,Alkaloid_11,Alkaloid,0.41028585779323345,0.714934191105988,0.3588943168933918,303,True,False,False,True
NAT_0812,Alkaloid_12,Alkaloid,0.4803154742614022,0.6431728213924459,0.5671829637733629,222,True,False,False,False
NAT_0813,Alkaloid_13,Alkaloid,0.3506747083476048,0.5394042752484608,0.41365846951821844,514,True,False,False,True
NAT_0814,Alkaloid_14,Alkaloid,0.5228137599286539,0.7878182414970304,0.4229673934782349,529,False,False,True,True
NAT_0815,Alkaloid_15,Alkaloid,0.3429685932213534,0.5820891785637151,0.5033902723682337,452,True,False,True,True
NAT_0816,Alkaloid_16,Alkaloid,0.280959226432551,0.599741641025595,0.4957151944404611,303,False,False,False,True
NAT_0817,Alkaloid_17,Alkaloid,0.26858292408951634,0.7793349323686058,0.5418572885991154,389,True,False,False,True
NAT_0818,Alkaloid_18,Alkaloid,0.43595359435178693,0.5764625092873114,0.652322670717884,335,True,False,False,True
NAT_0819,Alkaloid_19,Alkaloid,0.3823952503973049,0.7196556777699582,0.7014230474477988,203,True,False,True,True
NAT_0820,Alkaloid_20,Alkaloid,0.46374774719491046,0.684562646527607,0.41390884694066415,474,False,False,False,True
NAT_0821,Alkaloid_21,Alkaloid,0.5374307068970737,0.637335567867259,0.5791978940013158,341,True,False,True,True
NAT_0822,Alkaloid_22,Alkaloid,0.23446136123798356,0.6626631574996915,0.4499802182904004,450,True,False,False,True
NAT_0823,Alkaloid_23,Alkaloid,0.3929661550328129,0.6101633512072435,0.5300446059762777,258,True,False,True,True
NAT_0824,Alkaloid_24,Alkaloid,0.48242300256860693,0.7528774678358885,0.4883126871633787,214,True,False,True,True
NAT_0825,Alkaloid_25,Alkaloid,0.3728632804537251,0.8109977272197666,0.6867389901752533,448,True,False,True,True
NAT_0826,Alkaloid_26,Alkaloid,0.5008979199129904,0.7165403660299704,0.36179824313075626,527,False,False,False,True
NAT_0827,Alkaloid_27,Alkaloid,0.49919948265576364,0.6633512019921934,0.44397679074964896,330,False,False,True,True
NAT_0828,Alkaloid_28,Alkaloid,0.5119447371034386,0.6747924034090026,0.5672034945655442,310,False,False,False,True
NAT_0829,Alkaloid_29,Alkaloid,0.3077427727641296,0.8553958908912854,0.6000126723782502,574,False,False,False,True
NAT_0830,Alkaloid_30,Alkaloid,0.354177935937968,0.6143651481718796,0.4388366263305441,478,False,False,True,False
NAT_0831,Alkaloid_31,Alkaloid,0.37638077833835426,0.7342498466910413,0.41302219671949647,250,True,False,False,False
NAT_0832,Alkaloid_32,Alkaloid,0.5097208045564232,0.6971448015464318,0.5118679084067691,442,True,False,True,True
NAT_0833,Alkaloid_33,Alkaloid,0.5223948753146005,0.6802379532204034,0.46347590225101537,428,True,False,True,True
NAT_0834,Alkaloid_34,Alkaloid,0.2328830227505935,0.7229901608024564,0.4484943977009872,551,False,False,False,True
NAT_0835,Alkaloid_35,Alkaloid,0.4770768806435139,0.7048869183305153,0.31605984158132705,343,True,False,True,True
NAT_0836,Alkaloid_36,Alkaloid,0.08794559770562033,0.7031491562261996,0.5690073676336612,371,True,False,False,True
NAT_0837,Alkaloid_37,Alkaloid,0.26071908918115305,0.6395215109694596,0.5041229250944904,527,True,False,False,True
NAT_0838,Alkaloid_38,Alkaloid,0.48049211040471007,0.7297039470879875,0.3725614865531083,423,True,False,False,True
NAT_0839,Alkaloid_39,Alkaloid,0.3004711333245205,0.467781865606137,0.5670808492095916,413,False,False,False,True
NAT_0840,Alkaloid_40,Alkaloid,0.6502962575602973,0.6246137886309038,0.5382653551477492,337,True,False,False,True
NAT_0841,Alkaloid_41,Alkaloid,0.25564429658162746,0.7686875223202894,0.5486168597966501,494,True,False,False,True
NAT_0842,Alkaloid_42,Alkaloid,0.3674701075676436,0.7433190337856338,0.4485689905869998,531,True,False,True,True
NAT_0843,Alkaloid_43,Alkaloid,0.5038606069208817,0.7093158337699742,0.4489010829804273,215,False,False,False,True
NAT_0844,Alkaloid_44,Alkaloid,0.14464504039441017,0.7112463041517849,0.5855201966463912,229,False,False,True,True
NAT_0845,Alkaloid_45,Alkaloid,0.5488394677691428,0.8111622151508708,0.5351406668842283,379,False,False,True,True
NAT_0846,Alkaloid_46,Alkaloid,0.35299285004113,0.6181567680096065,0.5010947816347044,487,True,False,True,True
NAT_0847,Alkaloid_47,Alkaloid,0.4786406211995817,0.644045371471053,0.216696970985726,443,False,False,False,True
NAT_0848,Alkaloid_48,Alkaloid,0.5359189494164025,0.4104781688145314,0.49795878567338714,322,True,False,True,True
NAT_0849,Alkaloid_49,Alkaloid,0.5094117459084337,0.6453423687753541,0.4236462733358525,372,True,False,False,True
NAT_0850,Alkaloid_50,Alkaloid,0.3725220978347281,0.6512366579045037,0.35637461350718824,260,False,False,False,True
NAT_0851,Flavonoid_1,Flavonoid,0.2707910789688992,0.7733289990115887,0.23329994812328658,226,True,False,False,True
NAT_0852,Flavonoid_2,Flavonoid,0.2802998518223657,0.6915756246388292,0.2122732161638273,506,True,False,True,True
NAT_0853,Flavonoid_3,Flavonoid,0.27552201420945366,0.8491668832009691,0.0,410,False,False,False,False
NAT_0854,Flavonoid_4,Flavonoid,0.2567071679601576,0.8068371565967659,0.025353327442096646,237,True,False,False,False
NAT_0855,Flavonoid_5,Flavonoid,0.3026572283441847,0.7733007209824213,0.19446854413878475,579,False,False,True,True
NAT_0856,Flavonoid_6,Flavonoid,0.342706465627171,0.7837717552832586,0.19746527252495757,548,True,False,True,True
NAT_0857,Flavonoid_7,Flavonoid,0.34353298362643414,0.7206207515941162,0.25018591903955256,201,True,False,False,True
NAT_0858,Flavonoid_8,Flavonoid,0.23364309419872675,0.8856737421470459,0.23980482165092626,481,False,False,False,True
NAT_0859,Flavonoid_9,Flavonoid,0.3189516196477254,0.863368553197306,0.054521114946325805,255,False,False,False,True
NAT_0860,Flavonoid_10,Flavonoid,0.2378651036795003,0.8567488721129979,0.09662651332919314,404,False,False,False,False
NAT_0861,Flavonoid_11,Flavonoid,0.10120243331923948,0.609667952296968,0.11913384960442931,596,True,False,True,False
NAT_0862,Flavonoid_12,Flavonoid,0.48896344255575414,0.833835744193596,0.10074219932711771,582,True,False,True,True
NAT_0863,Flavonoid_13,Flavonoid,0.10263444906033864,0.8680635001693885,0.20555869402134902,480,True,False,True,True
NAT_0864,Flavonoid_14,Flavonoid,0.35415651031725504,0.8269730707162812,0.19126706355963974,528,False,False,False,True
NAT_0865,Flavonoid_15,Flavonoid,0.24813332803787896,0.8853201545051554,0.20294305916775524,535,False,False,True,True
NAT_0866,Flavonoid_16,Flavonoid,0.3516644445935967,0.7064220284133504,0.22630146817697483,287,True,False,True,True
NAT_0867,Flavonoid_17,Flavonoid,0.2609363469248648,0.8183446576218135,0.14252035823955164,385,False,False,True,True
NAT_0868,Flavonoid_18,Flavonoid,0.2383366440144546,0.8029435657568108,0.08417856529110257,509,False,False,False,False
NAT_0869,Flavonoid_19,Flavonoid,0.45294908468886086,0.9041850610319763,0.23020768487716015,501,False,False,True,False
NAT_0870,Flavonoid_20,Flavonoid,0.44779939672654606,0.8378833632689479,0.2695377236401729,555,False,False,True,False
NAT_0871,Flavonoid_21,Flavonoid,0.30480498377655896,0.9164906257636606,0.23172577252339835,305,True,False,True,False
NAT_0872,Flavonoid_22,Flavonoid,0.2355423170328322,0.805321219710354,0.11791399798370958,340,True,False,False,False
NAT_0873,Flavonoid_23,Flavonoid,0.3033719054901053,0.8268593581044298,0.08851778126475858,488,True,False,False,True
NAT_0874,Flavonoid_24,Flavonoid,0.4196910948761352,0.938263914560366,0.4057716080301583,306,True,False,False,True
NAT_0875,Flavonoid_25,Flavonoid,0.39303688911586004,0.6533313587414108,0.18949392735197543,453,False,False,True,True
NAT_0876,Flavonoid_26,Flavonoid,0.18141442251376672,0.8358344511076004,0.08034420713833135,289,True,False,True,True
NAT_0877,Flavonoid_27,Flavonoid,0.3793604803259594,0.8409738632769093,0.10698175305424279,359,True,False,True,True
NAT_0878,Flavonoid_28,Flavonoid,0.23906052434040723,0.7099029981573746,0.0,459,True,False,False,True
NAT_0879,Flavonoid_29,Flavonoid,0.2024453472092933,0.8697590735623917,0.17219243279516866,258,False,False,False,True
NAT_0880,Flavonoid_30,Flavonoid,0.1711771344477519,0.7346537104275194,0.16134583841022404,577,True,False,True,True
NAT_0881,Flavonoid_31,Flavonoid,0.3573029336051405,0.8455398170978216,0.1351810852932656,428,False,False,False,True
NAT_0882,Flavonoid_32,Flavonoid,0.3509125995050105,0.8981532875299122,0.22749127107875072,446,True,False,False,True
NAT_0883,Flavonoid_33,Flavonoid,0.0733947905850717,0.7649221794398446,0.1772280385164247,343,True,False,True,True
NAT_0884,Flavonoid_34,Flavonoid,0.37154930967694855,0.6922127186371875,0.3024073441766097,524,False,False,True,True
NAT_0885,Flavonoid_35,Flavonoid,0.5091576369778548,0.7964609921826176,0.0010184481200852802,286,True,False,True,True
NAT_0886,Flavonoid_36,Flavonoid,0.23251215035698825,0.7106057617321478,0.25242670967726355,295,False,False,True,True
NAT_0887,Flavonoid_37,Flavonoid,0.3505861909840593,0.9990894632944207,0.21630663438855777,481,True,False,True,True
NAT_0888,Flavonoid_38,Flavonoid,0.1937492424489699,0.7441145890749004,0.13632160850672842,372,False,False,True,True
NAT_0889,Flavonoid_39,Flavonoid,0.203329810929734,0.7203935862279367,0.21029173905232373,378,True,False,True,True
NAT_0890,Flavonoid_40,Flavonoid,0.06859559339998944,0.8731108531012565,0.15224950525835723,585,False,False,False,True
NAT_0891,Flavonoid_41,Flavonoid,0.42399368072885907,0.8000720906935976,0.2971421864816206,271,True,False,False,False
NAT_0892,Flavonoid_42,Flavonoid,0.36765165547809897,0.8136597395588753,0.2025385277972272,420,False,False,False,True
NAT_0893,Flavonoid_43,Flavonoid,0.32569574381839445,0.8117581680661887,0.3734433091787387,463,True,False,True,True
NAT_0894,Flavonoid_44,Flavonoid,0.20247590748997268,0.8408751348870293,0.0517974427984878,309,True,False,True,True
NAT_0895,Flavonoid_45,Flavonoid,0.28913122834133476,0.7621723455422592,0.08352006026308777,209,False,False,False,True
NAT_0896,Flavonoid_46,Flavonoid,0.3140014486875615,1.0,0.17897922980068537,296,True,False,False,False
NAT_0897,Flavonoid_47,Flavonoid,0.49913704184169044,0.8392913510548217,0.3590403568573639,322,True,False,True,False
NAT_0898,Flavonoid_48,Flavonoid,0.2430851801327466,0.8111040150970907,0.2138405434154061,335,False,True,False,True
NAT_0899,Flavonoid_49,Flavonoid,0.3306950750112526,0.6763001098637937,0.17150876521225353,430,False,False,False,True
NAT_0900,Flavonoid_50,Flavonoid,0.364016963612305,0.7057939816425756,0.14520041812588624,544,True,False,False,True
NAT_0901,Steroid_1,Steroid,0.4368861657869964,0.6273038108166247,0.21451431974544238,413,True,False,False,True
NAT_0902,Steroid_2,Steroid,0.6284795423834306,0.59245868190938,0.4658940303431565,216,True,False,True,True
NAT_0903,Steroid_3,Steroid,0.5162354560816478,0.49426773971879,0.28659404461848703,428,False,False,True,True
NAT_0904,Steroid_4,Steroid,0.45782455283906026,0.686254348461517,0.13050265614833872,575,False,False,True,True
NAT_0905,Steroid_5,Steroid,0.4479403084203107,0.6516888485395579,0.33263292234415814,240,True,False,True,True
NAT_0906,Steroid_6,Steroid,0.44251263081539655,0.3759153255977261,0.3005635830296853,288,False,False,True,True
NAT_0907,Steroid_7,Steroid,0.43504443001471144,0.652876252718334,0.3008576002002431,209,True,True,False,False
NAT_0908,Steroid_8,Steroid,0.5330879321423508,0.6049328165794844,0.37224469852209796,362,True,False,False,True
NAT_0909,Steroid_9,Steroid,0.5406720199652114,0.4887067925076951,0.3533630279013438,419,True,False,True,True
NAT_0910,Steroid_10,Steroid,0.6680925623008666,0.5165571266482352,0.4736942943019303,289,True,False,True,False
NAT_0911,Steroid_11,Steroid,0.5063501464671457,0.5509585539251579,0.3980737231867414,538,True,False,True,True
NAT_0912,Steroid_12,Steroid,0.5645987938950774,0.5904888352299233,0.26669623809462384,515,False,False,False,False
NAT_0913,Steroid_13,Steroid,0.42067056681486215,0.6432844553850277,0.24993235985044854,323,True,False,True,True
NAT_0914,Steroid_14,Steroid,0.5157151870790948,0.6703313061457592,0.28776766178672547,306,True,False,True,True
NAT_0915,Steroid_15,Steroid,0.5836975872693239,0.5646021506678923,0.3709773426445123,227,True,False,True,False
NAT_0916,Steroid_16,Steroid,0.775663947700584,0.505852544759445,0.09104297628301875,571,True,False,True,False
NAT_0917,Steroid_17,Steroid,0.4238124371028241,0.6385469775033525,0.14652126709048602,516,True,True,True,True
NAT_0918,Steroid_18,Steroid,0.4546817024370442,0.6685085372012575,0.3121192704784321,256,True,False,True,True
NAT_0919,Steroid_19,Steroid,0.36609747819256255,0.7229258942599657,0.4146281227453816,484,False,False,False,True
NAT_0920,Steroid_20,Steroid,0.4903851591781211,0.6028463448419155,0.30217294909897224,340,True,False,False,True
NAT_0921,Steroid_21,Steroid,0.39951028073730754,0.49619094829327537,0.4072217184848819,596,False,False,True,True
NAT_0922,Steroid_22,Steroid,0.4694543388260772,0.7892191760833067,0.21162808593089372,507,False,False,True,True
NAT_0923,Steroid_23,Steroid,0.44065037823479114,0.5193486672715232,0.27861731815781327,433,False,False,False,True
NAT_0924,Steroid_24,Steroid,0.6393628675857345,0.556041972443776,0.36412790194105754,554,False,False,True,True
NAT_0925,Steroid_25,Steroid,0.2855512496238882,0.536834159896745,0.47927839700422104,434,True,False,False,True
NAT_0926,Steroid_26,Steroid,0.6248973047069523,0.5636386704098382,0.471110729167705,549,True,False,False,True
NAT_0927,Steroid_27,Steroid,0.4015122150693975,0.5750714142723994,0.507841423901439,586,True,False,False,True
NAT_0928,Steroid_28,Steroid,0.5362411462875452,0.427081711049658,0.49529173824895106,362,False,False,True,True
NAT_0929,Steroid_29,Steroid,0.3722151682936867,0.6745278330076345,0.3045920492447766,364,True,False,False,False
NAT_0930,Steroid_30,Steroid,0.625643886737903,0.45245885989059764,0.4022512793696016,487,False,False,True,True
NAT_0931,Steroid_31,Steroid,0.6371387323883262,0.6494538359405833,0.2196535890760969,393,True,False,False,True
NAT_0932,Steroid_32,Steroid,0.6169154828015714,0.46391742186972984,0.11960321005854962,225,True,False,True,False
NAT_0933,Steroid_33,Steroid,0.44961607461123193,0.6560652519578775,0.13947829843040563,567,True,False,False,False
NAT_0934,Steroid_34,Steroid,0.4072949908074666,0.5847571518353661,0.4864370556915413,558,True,False,False,True
NAT_0935,Steroid_35,Steroid,0.3573981882879548,0.6393873218164743,0.3829323772582862,392,True,False,True,True
NAT_0936,Steroid_36,Steroid,0.4368348475486356,0.7043845442172669,0.29786546978275863,237,True,False,True,True
NAT_0937,Steroid_37,Steroid,0.4699061930905082,0.7520686245632645,0.5179542639975776,557,True,False,False,False
NAT_0938,Steroid_38,Steroid,0.45874824666439806,0.5395093236071825,0.34977883094177775,341,True,False,True,False
NAT_0939,Steroid_39,Steroid,0.40167369230800576,0.5860481766100138,0.49584984018789946,435,True,True,True,True
NAT_0940,Steroid_40,Steroid,0.5838076968081675,0.49756026253958213,0.2519072693289013,353,True,False,True,True
NAT_0941,Steroid_41,Steroid,0.596717812243895,0.6493977382205645,0.2637652442453898,443,True,False,False,False
NAT_0942,Steroid_42,Steroid,0.5741822294390126,0.6888557873621395,0.4607046683126963,410,True,True,True,False
NAT_0943,Steroid_43,Steroid,0.5036472176654209,0.6911027308999927,0.3810577920330005,326,True,False,False,True
NAT_0944,Steroid_44,Steroid,0.5900707719041995,0.39756565017938905,0.28033206017131995,548,True,False,True,True
NAT_0945,Steroid_45,Steroid,0.42461084714453085,0.50940348586823,0.2277114798923835,586,False,False,True,False
NAT_0946,Steroid_46,Steroid,0.46507045317947787,0.6958816306467672,0.4127686294516429,420,True,False,False,False
NAT_0947,Steroid_47,Steroid,0.4590873591516756,0.6160514868332252,0.39170625123726055,427,False,False,True,True
NAT_0948,Steroid_48,Steroid,0.5462104378754938,0.5182295848013927,0.5204186167886222,220,False,False,False,True
NAT_0949,Steroid_49,Steroid,0.6640147226025575,0.569506143388611,0.36149121541573553,594,False,False,False,False
NAT_0950,Steroid_50,Steroid,0.5528707921363731,0.588544057252748,0.30840943882501964,281,False,False,True,False
POLL_0951,PFAS_1,PFAS,0.9705328328125492,0.04800033571332533,0.7386950897899551,344,True,True,False,True
POLL_0952,PFAS_2,PFAS,0.9685351034810574,0.07920097857456843,0.7311947971538287,250,True,True,False,False
POLL_0953,PFAS_3,PFAS,0.9085749764007401,0.08434038036890563,0.6004056367364299,270,True,True,True,False
POLL_0954,PFAS_4,PFAS,0.9115000300813306,0.0,0.688236304501378,394,True,True,False,False
POLL_0955,PFAS_5,PFAS,0.9618809653862878,0.02958950526491791,0.6898443675636793,290,True,True,False,True
POLL_0956,PFAS_6,PFAS,0.93444719038081,0.0,0.7591297179534944,342,True,True,True,False
POLL_0957,PFAS_7,PFAS,0.9718284105102839,0.07538227024075157,0.693672022009033,556,True,True,True,True
POLL_0958,PFAS_8,PFAS,0.9786612966883496,0.044849790382256505,0.7549242438025909,503,True,True,False,False
POLL_0959,PFAS_9,PFAS,0.9676981289698514,0.04230279771084915,0.7749861603128082,696,True,True,False,True
POLL_0960,PFAS_10,PFAS,0.9335473614362918,0.011993098612202185,0.7219333981279129,477,True,True,True,True
POLL_0961,PFAS_11,PFAS,0.8917442402186178,0.049885875989876025,0.620492908465985,416,True,True,False,True
POLL_0962,PFAS_12,PFAS,0.9300604670749381,0.08962780491085975,0.7213387961904003,656,True,True,False,False
POLL_0963,PFAS_13,PFAS,0.9112717024902435,0.07769039710683498,0.7368812965065251,507,True,True,False,False
POLL_0964,PFAS_14,PFAS,0.9288236295781935,0.03785060194993181,0.7160576000088428,692,True,True,False,True
POLL_0965,PFAS_15,PFAS,0.8958874854772251,0.05994412688992686,0.7182280738677728,556,True,True,False,True
POLL_0966,PFAS_16,PFAS,0.9295947957095614,0.030868961168221055,0.7172574186864311,628,True,True,True,False
POLL_0967,PFAS_17,PFAS,0.9568330100421462,0.0005307248632609105,0.7286192616153951,669,True,True,False,True
POLL_0968,PFAS_18,PFAS,0.9241829063173231,0.02797060586988314,0.832875555463345,344,True,True,True,True
POLL_0969,PFAS_19,PFAS,0.9463164375635619,0.052873901768889356,0.6437986907634695,652,True,True,False,True
POLL_0970,PFAS_20,PFAS,0.9668953609365335,0.02077128317520112,0.660907656298833,300,True,True,False,False
POLL_0971,PFAS_21,PFAS,0.9379398615098383,0.07163679631246213,0.6278758537203526,694,True,True,False,False
POLL_0972,PFAS_22,PFAS,0.9534500458355737,0.041814663609796084,0.7485087541283929,542,True,True,False,False
POLL_0973,PFAS_23,PFAS,0.9873712599250898,0.02835708607839146,0.7862763289504492,329,True,True,False,False
POLL_0974,PFAS_24,PFAS,0.9725690581442452,0.06971603303888162,0.6930365646666207,262,True,True,False,True
POLL_0975,PFAS_25,PFAS,0.9689647945809232,0.047251076193345294,0.7531049890599029,377,True,True,False,True
POLL_0976,PFAS_26,PFAS,0.9472456532820929,0.05112724578007597,0.6842654585605953,650,True,True,False,False
POLL_0977,PFAS_27,PFAS,0.9592793999904902,0.0549046166750059,0.6769397698193883,614,True,True,True,False
POLL_0978,PFAS_28,PFAS,0.9624980274428331,0.0,0.7377031063615561,500,True,True,True,False
POLL_0979,PFAS_29,PFAS,0.8896809957836108,0.05918407745467132,0.6928620372591203,558,True,True,True,True
POLL_0980,PFAS_30,PFAS,0.9208945631061055,0.019217574674131273,0.719071280876717,330,True,True,False,True
POLL_0981,PFAS_31,PFAS,0.9396388026343594,0.10107934008116598,0.6469069568494615,542,True,True,False,True
POLL_0982,PFAS_32,PFAS,0.9919167005520161,0.011939240694704811,0.7893298511963347,403,True,True,False,False
POLL_0983,PFAS_33,PFAS,0.9385853275146832,0.025496079201449185,0.6994109318928836,308,True,True,True,False
POLL_0984,PFAS_34,PFAS,0.9056946751591244,0.01330339309814211,0.7712313866038621,553,True,True,True,False
POLL_0985,PFAS_35,PFAS,0.9493231987599939,0.09070383103423912,0.6494042339154401,433,True,True,False,False
POLL_0986,PFAS_36,PFAS,0.9634645521731667,0.07686576612250923,0.6129816087192757,388,True,True,False,True
POLL_0987,PFAS_37,PFAS,0.970838956642426,0.0590310756401706,0.5970400245115677,413,True,True,False,False
POLL_0988,PFAS_38,PFAS,0.8982242096517556,0.06736785945713705,0.7230021161930232,604,True,True,True,True
POLL_0989,PFAS_39,PFAS,1.0,0.0,0.6751671561020265,506,True,True,False,False
POLL_0990,PFAS_40,PFAS,0.9396882896572376,0.022882635045119698,0.6100793039321092,444,True,True,False,True
POLL_0991,PFAS_41,PFAS,0.9783811323999274,0.06102591106343096,0.6648872275525819,307,True,True,True,False
POLL_0992,PFAS_42,PFAS,0.9440705514919955,0.06192191070377703,0.6626272173020893,321,True,True,False,True
POLL_0993,PFAS_43,PFAS,0.969339877846238,0.017594759457039984,0.7255176322930943,289,True,True,False,True
POLL_0994,PFAS_44,PFAS,1.0,0.08653781425923546,0.7239998497167518,614,True,True,False,False
POLL_0995,PFAS_45,PFAS,0.9254866159257706,0.03399962719930391,0.7529309526320288,467,True,True,True,True
POLL_0996,PFAS_46,PFAS,0.9015611912867136,0.046009905082098096,0.6339553858746919,622,True,True,True,False
POLL_0997,PFAS_47,PFAS,0.968542640486223,0.06152586476309181,0.6928975943644444,521,True,True,False,True
POLL_0998,PFAS_48,PFAS,0.9231100155766081,0.008557020424091066,0.7110448828040693,575,True,True,False,True
POLL_0999,PFAS_49,PFAS,1.0,0.0,0.7728960512059391,597,True,True,False,True
POLL_1000,PFAS_50,PFAS,0.9770632255622932,0.023599640549277087,0.713459046012758,314,True,True,False,True
POLL_1001,PCB_1,PCB,0.9243307739409743,0.16871695052865765,0.7075479402066269,388,True,True,False,True
POLL_1002,PCB_2,PCB,0.8916133308608528,0.1156507377874295,0.6662157675481882,294,True,True,False,False
POLL_1003,PCB_3,PCB,0.9070456079690253,0.13723591838230254,0.8609074386597457,326,True,True,False,False
POLL_1004,PCB_4,PCB,0.9307383394229282,0.07638477790039011,0.8101679729999385,268,True,True,True,False
POLL_1005,PCB_5,PCB,0.9036876109724379,0.07932278463204447,0.7328372452951913,553,True,True,True,False
POLL_1006,PCB_6,PCB,0.874482329374886,0.10408524024243489,0.8352586660954859,263,True,True,False,False
POLL_1007,PCB_7,PCB,0.8286470502038001,0.10577954597944074,0.8182697120962571,552,True,True,True,True
POLL_1008,PCB_8,PCB,0.8988251365367173,0.0724312649590139,0.7749892742124562,674,True,True,False,True
POLL_1009,PCB_9,PCB,0.8752654408303947,0.07759216919883416,0.7646935693906948,254,True,True,False,True
POLL_1010,PCB_10,PCB,0.8894538937125419,0.018856306064231054,0.7952743029816116,636,True,True,False,True
POLL_1011,PCB_11,PCB,0.883976981960761,0.10633372680347794,0.7165617521969496,293,True,True,False,True
POLL_1012,PCB_12,PCB,0.9089565984317295,0.11976806064561052,0.8542413870078055,593,True,True,False,True
POLL_1013,PCB_13,PCB,0.8759672047331296,0.11900397371195862,0.7795896485923991,464,True,True,False,True
POLL_1014,PCB_14,PCB,0.9141954148507189,0.16542703013754123,0.8256924225652785,494,True,True,False,False
POLL_1015,PCB_15,PCB,0.8437808977295267,0.10553249708280933,0.7776391092635573,550,True,True,True,True
POLL_1016,PCB_16,PCB,0.8481270246770385,0.10769804434429146,0.9006647703463926,552,True,True,False,False
POLL_1017,PCB_17,PCB,0.8941958153139467,0.07190508832244379,0.7966588770579793,606,True,True,False,True
POLL_1018,PCB_18,PCB,0.8992079243600489,0.08041149532503758,0.7725105320180984,621,True,True,True,True
POLL_1019,PCB_19,PCB,0.8709181873988752,0.0629841006862409,0.7457743771806992,698,True,True,False,False
POLL_1020,PCB_20,PCB,0.8933744352358539,0.06664665102596674,0.7516810453103966,495,True,True,False,True
POLL_1021,PCB_21,PCB,0.8928657888772218,0.11399293862236952,0.8260344748211335,689,True,True,True,False
POLL_1022,PCB_22,PCB,0.8676140144350188,0.09188826473667278,0.7447662185431175,526,True,True,True,False
POLL_1023,PCB_23,PCB,0.8951007613499549,0.13557487596226525,0.7420189694230102,383,True,True,False,False
POLL_1024,PCB_24,PCB,0.8923364870585545,0.10859201128544602,0.8946737529044014,270,True,True,False,True
POLL_1025,PCB_25,PCB,0.9430292900805624,0.10854263780156706,0.7018355426080514,566,True,True,False,True
POLL_1026,PCB_26,PCB,0.9138247459621159,0.1256032540719158,0.8617830322691873,653,True,True,False,True
POLL_1027,PCB_27,PCB,0.8680801915030334,0.14983281735690146,0.8706190335546351,679,True,True,True,False
POLL_1028,PCB_28,PCB,0.9019062015150702,0.08288577928208295,0.7906347910102556,520,True,True,False,True
POLL_1029,PCB_29,PCB,0.9044189400116726,0.07958517856707858,0.830747231951569,558,True,True,False,True
POLL_1030,PCB_30,PCB,0.9152904923172699,0.13091964187989494,0.8324400271048343,292,True,True,False,True
POLL_1031,PCB_31,PCB,0.8964232693120229,0.1275924543697128,0.7643262840946481,637,True,True,False,False
POLL_1032,PCB_32,PCB,0.8548016151256982,0.13563173536360643,0.7361894551496474,642,True,True,False,False
POLL_1033,PCB_33,PCB,0.9123799506954546,0.10863092821035153,0.7901426309520794,312,True,True,False,True
POLL_1034,PCB_34,PCB,0.8548173346481948,0.10542219662291713,0.8709104244748821,508,True,True,True,False
POLL_1035,PCB_35,PCB,0.9245921915177429,0.0941358206924208,0.8148613610792543,414,True,True,False,False
POLL_1036,PCB_36,PCB,0.9500177052524861,0.14954333382828877,0.7990493131070273,279,True,True,False,False
POLL_1037,PCB_37,PCB,0.9503336926423651,0.07530369245577734,0.836465590826914,397,True,True,False,False
POLL_1038,PCB_38,PCB,0.8609789469073758,0.1512835551246976,0.7087731216072215,396,True,True,False,True
POLL_1039,PCB_39,PCB,0.9360579500861863,0.10026365327896217,0.8028932023713379,338,True,True,True,False
POLL_1040,PCB_40,PCB,0.8920322210021276,0.13354549051452125,0.8599321304497732,527,True,True,True,True
POLL_1041,PCB_41,PCB,0.9192244923534331,0.10239552835619033,0.8505755245716177,339,True,True,True,False
POLL_1042,PCB_42,PCB,0.9003821371989286,0.07153141516693966,0.754654856263897,690,True,True,False,False
POLL_1043,PCB_43,PCB,0.9044974902923593,0.12168914745905167,0.8869604448275616,293,True,True,False,False
POLL_1044,PCB_44,PCB,0.8681576924394265,0.04538805855784494,0.8593820569679453,502,True,True,False,True
POLL_1045,PCB_45,PCB,0.9156583189397637,0.09636630278320701,0.8230909691023423,524,True,True,False,False
POLL_1046,PCB_46,PCB,0.8995652180802676,0.15976109907877928,0.8916948273012189,415,True,True,False,True
POLL_1047,PCB_47,PCB,0.9020406463313717,0.054245180528829706,0.7744044669257398,304,True,True,False,False
POLL_1048,PCB_48,PCB,0.901513595533558,0.10880030625781688,0.8912998605870524,336,True,True,False,True
POLL_1049,PCB_49,PCB,0.9115791027770663,0.0647006516829984,0.8464045305495541,509,True,True,False,False
POLL_1050,PCB_50,PCB,0.8468855658667177,0.11617503532459172,0.9205060261197596,419,True,True,False,False
POLL_1051,Dioxin_1,Dioxin,0.9503581034054416,0.04077329794456214,0.9721698975318028,485,True,True,True,False
POLL_1052,Dioxin_2,Dioxin,0.9530393084966375,0.0,0.9218540135985968,335,True,True,False,False
POLL_1053,Dioxin_3,Dioxin,0.9509642944089368,0.0,0.9511169619659303,471,True,True,False,True
POLL_1054,Dioxin_4,Dioxin,1.0,0.10474999165547551,0.952555401743845,297,True,True,False,True
POLL_1055,Dioxin_5,Dioxin,0.9526730230011162,0.08628483480934337,0.9851362836635644,594,True,True,True,True
POLL_1056,Dioxin_6,Dioxin,0.9605315744286403,0.08180984207096256,0.9969558409801756,535,True,True,True,True
POLL_1057,Dioxin_7,Dioxin,0.9095022308641618,0.036344032855515226,0.8826373041209326,262,True,True,False,True
POLL_1058,Dioxin_8,Dioxin,0.9230360056926848,0.06286149805006688,0.9504600828843226,578,True,True,True,False
POLL_1059,Dioxin_9,Dioxin,1.0,0.09635713138291058,0.8699631422027728,379,True,True,True,False
POLL_1060,Dioxin_10,Dioxin,0.8927585617829126,0.09089697691083357,0.9807159170080989,574,True,True,False,False
POLL_1061,Dioxin_11,Dioxin,0.9126654065033339,0.0634948164117953,0.9146223857352946,303,True,True,True,False
POLL_1062,Dioxin_12,Dioxin,0.9338362908626986,0.017662824165452402,0.91796575032512,553,True,True,True,False
POLL_1063,Dioxin_13,Dioxin,0.9315293622388565,0.07290276663456098,0.9768399595351511,654,True,True,True,False
POLL_1064,Dioxin_14,Dioxin,0.905264457765039,0.01507848102782524,0.9321004782793332,462,True,True,True,False
POLL_1065,Dioxin_15,Dioxin,0.9512401453089894,0.03371409184665959,0.90011294606816,510,True,True,False,True
POLL_1066,Dioxin_16,Dioxin,0.9881134185097584,0.02295890855473263,0.9296665640480778,301,True,True,False,False
POLL_1067,Dioxin_17,Dioxin,0.9015114678773579,0.0,0.945873230533957,435,True,True,True,False
POLL_1068,Dioxin_18,Dioxin,0.9479810636496931,0.0629705814260102,0.9141409049638763,429,True,True,False,False
POLL_1069,Dioxin_19,Dioxin,0.8391013428293198,0.052257457242990475,0.9733043467736712,677,True,True,False,False
POLL_1070,Dioxin_20,Dioxin,0.9318994157031493,0.04139023442627004,1.0,382,True,True,False,False
POLL_1071,Dioxin_21,Dioxin,0.9809347995450701,0.09892703826896976,0.8756859134532611,525,True,True,False,False
POLL_1072,Dioxin_22,Dioxin,0.9760735171094999,0.0,0.9949058662061173,273,True,True,True,False
POLL_1073,Dioxin_23,Dioxin,0.9802986649012124,0.01005145651365693,0.8990531664803676,558,True,True,False,False
POLL_1074,Dioxin_24,Dioxin,0.9018454570946002,0.052835827027654055,1.0,632,True,True,False,False
POLL_1075,Dioxin_25,Dioxin,0.977822655729269,0.030639145073269366,0.9190681243195236,390,True,True,True,False
POLL_1076,Dioxin_26,Dioxin,0.9856030130067994,0.05690166834636503,0.9561736157254269,523,True,True,True,True
POLL_1077,Dioxin_27,Dioxin,0.9512548331151046,0.028478879153886725,0.8916841186704835,337,True,True,False,False
POLL_1078,Dioxin_28,Dioxin,0.9496701185476589,0.10736016407158093,1.0,500,True,True,True,True
POLL_1079,Dioxin_29,Dioxin,0.9284628532127236,0.10127621463058889,1.0,592,True,True,False,True
POLL_1080,Dioxin_30,Dioxin,0.9755804112748103,0.04201029702971457,0.9408562249411194,580,True,True,False,False
POLL_1081,Dioxin_31,Dioxin,0.9622826145862499,0.03721340678585978,0.9547535718446538,293,True,True,False,True
POLL_1082,Dioxin_32,Dioxin,0.9754460951449164,0.017860750169870772,1.0,561,True,True,False,False
POLL_1083,Dioxin_33,Dioxin,0.9595258528341047,0.04111435401148212,0.9892615490211227,440,True,True,False,True
POLL_1084,Dioxin_34,Dioxin,0.9017684740033798,0.07144236949666835,0.9383137971074137,500,True,True,False,False
POLL_1085,Dioxin_35,Dioxin,0.9823343845203809,0.05273775340409008,0.9153599206140616,531,True,True,False,False
POLL_1086,Dioxin_36,Dioxin,0.9600263169110096,0.09477979449521443,0.9829914148865574,677,True,True,False,False
POLL_1087,Dioxin_37,Dioxin,0.9841214329288673,0.06198408117806556,0.9655236377090375,336,True,True,False,True
POLL_1088,Dioxin_38,Dioxin,0.9161820862233756,0.02599378169455349,0.9353833750121767,390,True,True,False,False
POLL_1089,Dioxin_39,Dioxin,0.9813877164031151,0.09806634166195027,0.9151358159765093,438,True,True,False,False
POLL_1090,Dioxin_40,Dioxin,0.9572886905639405,0.039721198409375866,0.914424451469238,592,True,True,False,True
POLL_1091,Dioxin_41,Dioxin,0.9638239173084789,0.004329970451547677,0.9898987627290953,529,True,True,True,True
POLL_1092,Dioxin_42,Dioxin,0.9333467231621495,0.0070502325200820365,0.9655271789965468,592,True,True,True,False
POLL_1093,Dioxin_43,Dioxin,0.9919347722637197,0.08753298026726956,0.9572711508087439,415,True,True,False,True
POLL_1094,Dioxin_44,Dioxin,0.9919188218204491,0.07900778341586197,1.0,559,True,True,False,False
POLL_1095,Dioxin_45,Dioxin,0.8921395569541147,0.0683536114700799,0.9937645026708264,661,True,True,False,True
POLL_1096,Dioxin_46,Dioxin,0.9902606825297974,0.04262281207149487,1.0,536,True,True,False,True
POLL_1097,Dioxin_47,Dioxin,0.9667617151083345,0.045305678716305246,0.9671463188660671,634,True,True,False,True
POLL_1098,Dioxin_48,Dioxin,0.9873040738503789,0.11160016430233032,0.9982588641752945,568,True,True,False,False
POLL_1099,Dioxin_49,Dioxin,1.0,0.05598521979316665,1.0,266,True,True,False,False
POLL_1100,Dioxin_50,Dioxin,0.9205318023956554,0.11114986953892493,0.9233349500167067,634,True,True,False,False
BIO_1101,Biodegradable_1,Biodegradable,0.21026455285396645,0.885110192188802,0.15065802480920748,186,False,False,False,True
BIO_1102,Biodegradable_2,Biodegradable,0.16123701673367538,0.9011110896267122,0.18673105396697848,347,False,False,True,True
BIO_1103,Biodegradable_3,Biodegradable,0.013009731708358785,0.8541398659934182,0.027691556643813092,364,False,False,False,True
BIO_1104,Biodegradable_4,Biodegradable,0.3396021365381482,0.9668013240682994,0.0,249,True,False,False,True
BIO_1105,Biodegradable_5,Biodegradable,0.1564210270376364,0.8579275242935496,0.061772811943696715,125,False,False,False,True
BIO_1106,Biodegradable_6,Biodegradable,0.19553934678169987,0.8661142293807029,0.07316040327773256,153,False,False,False,True
BIO_1107,Biodegradable_7,Biodegradable,0.12847514811824093,0.8652911632057324,0.13287921623020005,179,False,False,False,True
BIO_1108,Biodegradable_8,Biodegradable,0.25272865396919497,0.9017135907100111,0.0,364,True,False,False,True
BIO_1109,Biodegradable_9,Biodegradable,0.10212307708839916,0.9018084439931732,0.1784506012087947,389,True,False,True,True
BIO_1110,Biodegradable_10,Biodegradable,0.24672046572459252,0.8561651457190353,0.15283679618812404,195,True,False,True,True
BIO_1111,Biodegradable_11,Biodegradable,0.36571020105521646,0.8791165656139502,0.18075231722201934,342,False,False,False,True
BIO_1112,Biodegradable_12,Biodegradable,0.2356487888774776,0.8988956842504211,0.037479642938084534,251,True,False,False,True
BIO_1113,Biodegradable_13,Biodegradable,0.2864012775500447,0.8948574287955481,0.1067943329794139,261,False,False,True,True
BIO_1114,Biodegradable_14,Biodegradable,0.3357202549927807,0.9593538839370878,0.02281682098962516,101,True,False,True,True
BIO_1115,Biodegradable_15,Biodegradable,0.17100068530551168,0.7592642650254093,0.1724609401976755,367,False,False,False,True
BIO_1116,Biodegradable_16,Biodegradable,0.09611014587125051,0.8858424057560063,0.0,161,False,False,True,True
BIO_1117,Biodegradable_17,Biodegradable,0.03892965838925039,0.9163426203349258,0.0,266,True,False,False,True
BIO_1118,Biodegradable_18,Biodegradable,0.007353067980492345,0.8954896412496083,0.1395699711659429,347,True,False,False,True
BIO_1119,Biodegradable_19,Biodegradable,0.3919560085969644,0.9177777092667989,0.009098380905651404,196,True,False,False,True
BIO_1120,Biodegradable_20,Biodegradable,0.2822187056171624,0.8717123168513267,0.19474024415309282,159,False,False,False,True
BIO_1121,Biodegradable_21,Biodegradable,0.0883294869148793,0.992629873423731,0.04134561933140894,357,False,False,False,True
BIO_1122,Biodegradable_22,Biodegradable,0.20136959595665394,0.8439576423217215,0.09930120192819206,167,False,False,False,True
BIO_1123,Biodegradable_23,Biodegradable,0.21606499403531165,0.933113149107981,0.016871106530580868,300,False,False,True,True
BIO_1124,Biodegradable_24,Biodegradable,0.3687548055236794,0.8438628613859266,0.046789200827901535,192,False,False,False,True
BIO_1125,Biodegradable_25,Biodegradable,0.11161460069509971,0.8818043333960499,0.06534372742482844,123,False,False,False,True
BIO_1126,Biodegradable_26,Biodegradable,0.035258733949397436,0.8573088456247812,0.04854533263783757,317,False,False,True,True
BIO_1127,Biodegradable_27,Biodegradable,0.1542968180668371,0.8788100521528734,0.14312304212527371,236,True,False,True,True
BIO_1128,Biodegradable_28,Biodegradable,0.1000555858221796,0.9218366277782418,0.13209657307863965,254,True,False,False,True
BIO_1129,Biodegradable_29,Biodegradable,0.20194579121002917,0.8395697218187598,0.1790327998185364,391,False,False,False,True
BIO_1130,Biodegradable_30,Biodegradable,0.17724586775025125,0.999181682621801,0.10095043476142336,374,False,False,False,True
BIO_1131,Biodegradable_31,Biodegradable,0.3399911560231394,0.9129663192645558,0.0,390,True,False,True,True
BIO_1132,Biodegradable_32,Biodegradable,0.2883232146677337,0.9436466433787729,0.2940954251746454,281,False,False,False,True
BIO_1133,Biodegradable_33,Biodegradable,0.0,0.9554266360004128,0.056888381681122493,358,False,False,True,True
BIO_1134,Biodegradable_34,Biodegradable,0.1653787768497861,0.9843298068011095,0.07358642656472472,206,False,False,True,True
BIO_1135,Biodegradable_35,Biodegradable,0.11665145757528689,0.8819971388712831,0.08085133519498003,134,False,False,False,True
BIO_1136,Biodegradable_36,Biodegradable,0.19578110838304225,0.8846821145110811,0.0,224,False,False,False,True
BIO_1137,Biodegradable_37,Biodegradable,0.18441789444261833,0.8967256230989192,0.0,223,False,False,True,True
BIO_1138,Biodegradable_38,Biodegradable,0.27038809278242576,0.8646540107047019,0.20175270245905258,126,True,False,False,True
BIO_1139,Biodegradable_39,Biodegradable,0.2456249488528533,0.7477671730378419,0.18173081710620864,227,True,False,False,True
BIO_1140,Biodegradable_40,Biodegradable,0.3436368034243754,0.8953486461103463,0.11871681223879031,149,False,False,False,True
BIO_1141,Biodegradable_41,Biodegradable,0.08820723919632603,0.9769598600087455,0.025742402612158585,147,False,False,False,True
BIO_1142,Biodegradable_42,Biodegradable,0.3243428278102925,0.8924531691578004,0.03814472252106973,137,True,False,True,True
BIO_1143,Biodegradable_43,Biodegradable,0.3222198157555773,0.9803286929037345,0.27948733790144376,213,False,False,False,True
BIO_1144,Biodegradable_44,Biodegradable,0.14209863051847269,1.0,0.21163472657593485,168,True,False,True,True
BIO_1145,Biodegradable_45,Biodegradable,0.19634199601231545,0.8131097692076751,0.10144378019745795,200,False,False,True,True
BIO_1146,Biodegradable_46,Biodegradable,0.32106745525421976,0.9521973381991595,0.09858071376881165,362,False,False,False,True
BIO_1147,Biodegradable_47,Biodegradable,0.3324482625841071,0.8522725344587762,0.16901639375920136,280,False,False,True,True
BIO_1148,Biodegradable_48,Biodegradable,0.0,0.8923968359169375,0.1377670680504506,245,False,False,False,True
BIO_1149,Biodegradable_49,Biodegradable,0.19788988232076923,0.9137126469277727,0.07313316003306916,306,False,False,True,True
BIO_1150,Biodegradable_50,Biodegradable,0.23586285785619038,0.9863981917690883,0.06245228268586311,284,False,False,True,True
BIO_1151,Biodegradable_51,Biodegradable,0.2333916890393301,0.8397129784993691,0.016815413241877977,155,False,False,True,True
BIO_1152,Biodegradable_52,Biodegradable,0.3300365835302988,0.9187220612225916,0.17209654243938463,243,False,False,False,True
BIO_1153,Biodegradable_53,Biodegradable,0.2632395178970305,0.8733477782306651,0.18376546530906807,286,False,False,True,True
BIO_1154,Biodegradable_54,Biodegradable,0.09578517001910969,0.9105782416597125,0.2574032596956688,310,False,False,True,True
BIO_1155,Biodegradable_55,Biodegradable,0.2543829706403239,0.9266324438240933,0.15028887192676776,275,False,False,True,True
BIO_1156,Biodegradable_56,Biodegradable,0.061054649025721025,1.0,0.07525609392853881,209,True,False,False,True
BIO_1157,Biodegradable_57,Biodegradable,0.14953053102544536,0.9063867276472151,0.11335738232862835,237,False,False,False,True
BIO_1158,Biodegradable_58,Biodegradable,0.2202390457309134,0.9819143780131502,0.1477484930823488,284,True,False,False,True
BIO_1159,Biodegradable_59,Biodegradable,0.11033335056666184,0.7484403083754956,0.14109080270921218,180,False,False,False,True
BIO_1160,Biodegradable_60,Biodegradable,0.02334012805860508,0.8857547616689235,0.05461906282739347,329,False,False,True,True
BIO_1161,Biodegradable_61,Biodegradable,0.2631703707734572,0.8844950603311589,0.1996965337813946,193,False,False,False,True
BIO_1162,Biodegradable_62,Biodegradable,0.26522946997896535,0.9045584073333219,0.16305633126377495,131,False,False,True,True
BIO_1163,Biodegradable_63,Biodegradable,0.12703956362983343,0.9471204647517067,0.08164241669442306,309,True,False,False,True
BIO_1164,Biodegradable_64,Biodegradable,0.31683646329483,0.9255389263324906,0.0,351,False,False,True,True
BIO_1165,Biodegradable_65,Biodegradable,0.13832246384802924,0.8326002107816416,0.051545600005136166,204,False,False,False,True
BIO_1166,Biodegradable_66,Biodegradable,0.19679576293195133,0.919605344174971,0.06258591745362978,363,False,False,False,True
BIO_1167,Biodegradable_67,Biodegradable,0.2340034609205738,0.8852859693719325,0.04486367623319732,120,False,False,True,True
BIO_1168,Biodegradable_68,Biodegradable,0.05978040142439564,0.9110772611950531,0.05353599252085978,135,True,False,False,True
BIO_1169,Biodegradable_69,Biodegradable,0.0,0.9097701610641661,0.2534885067100966,329,False,False,True,True
BIO_1170,Biodegradable_70,Biodegradable,0.16467358645618418,0.863667965853366,0.08572831705484492,274,False,False,False,True
BIO_1171,Biodegradable_71,Biodegradable,0.4270494560261221,0.9026915775933725,0.18398489915893607,105,True,False,False,True
BIO_1172,Biodegradable_72,Biodegradable,0.09825602437113322,0.8318104255796072,0.1315364672769002,206,True,False,False,True
BIO_1173,Biodegradable_73,Biodegradable,0.3725693792814771,0.9060922232066227,0.16027339787368744,264,True,False,False,True
BIO_1174,Biodegradable_74,Biodegradable,0.2099826315099768,0.8671766181837058,0.11048441597819224,270,False,False,False,True
BIO_1175,Biodegradable_75,Biodegradable,0.2923865015964175,0.9739763601759259,0.08926996967638746,215,False,False,True,True
BIO_1176,Biodegradable_76,Biodegradable,0.06353513261306196,0.9088242091831477,0.1360980812908879,152,False,False,False,True
BIO_1177,Biodegradable_77,Biodegradable,0.33332429887058135,0.8585902262155336,0.04248366569157881,388,False,False,True,True
BIO_1178,Biodegradable_78,Biodegradable,0.12854629390219507,0.8374987233607976,0.12973753909520347,319,False,False,False,True
BIO_1179,Biodegradable_79,Biodegradable,0.19670096971727502,0.8741318505428883,0.2112266546825737,192,False,False,False,True
BIO_1180,Biodegradable_80,Biodegradable,0.3315887267046117,0.9746280579166026,0.10297951699800181,178,True,False,False,True
BIO_1181,Biodegradable_81,Biodegradable,0.2775994796529111,0.8395543192336368,0.19461754623045424,292,True,False,False,True
BIO_1182,Biodegradable_82,Biodegradable,0.17905480516813363,0.8929858483321316,0.05798731754413916,249,True,False,False,True
BIO_1183,Biodegradable_83,Biodegradable,0.13385723616821676,0.8761388058983319,0.0908895386621623,396,False,False,False,True
BIO_1184,Biodegradable_84,Biodegradable,0.25452424248342076,0.8644070347747115,0.08959155729228933,126,False,False,False,True
BIO_1185,Biodegradable_85,Biodegradable,0.20515790895263702,0.9734840298601859,0.13028017191340166,336,False,False,True,True
BIO_1186,Biodegradable_86,Biodegradable,0.1410609405149557,0.9739465469126278,0.10821719796577683,217,False,False,True,True
BIO_1187,Biodegradable_87,Biodegradable,0.2643775380937932,0.9280970308255067,0.0,107,False,False,False,True
BIO_1188,Biodegradable_88,Biodegradable,0.19679724308413554,0.9198183478233676,0.11357982143765294,220,True,False,False,True
BIO_1189,Biodegradable_89,Biodegradable,0.176590196179304,0.8109451422985562,0.08414537029239462,262,True,False,False,True
BIO_1190,Biodegradable_90,Biodegradable,0.27332704509687045,0.8436559176933918,0.1827847874710469,144,False,False,False,True
BIO_1191,Biodegradable_91,Biodegradable,0.16245925535160383,0.8975585082033148,0.11883646360888915,301,False,False,False,True
BIO_1192,Biodegradable_92,Biodegradable,0.0,0.8855262971823501,0.0064928055996646,134,False,False,False,True
BIO_1193,Biodegradable_93,Biodegradable,0.13565649329697232,0.8547105310699107,0.06045555189709161,109,False,False,True,True
BIO_1194,Biodegradable_94,Biodegradable,0.1333371384321355,0.9393948012079448,0.08015239745018696,394,False,False,True,True
BIO_1195,Biodegradable_95,Biodegradable,0.03937432115980419,0.9197478985161653,0.18583436916058774,143,False,False,True,True
BIO_1196,Biodegradable_96,Biodegradable,0.11466005259608886,0.8883358008421366,0.2180586143193876,182,False,False,False,True
BIO_1197,Biodegradable_97,Biodegradable,0.34355709931636236,0.8085797059579019,0.0,378,True,False,False,True
BIO_1198,Biodegradable_98,Biodegradable,0.20893952789316134,0.8977778514069356,0.1436680398266875,323,False,False,False,True
BIO_1199,Biodegradable_99,Biodegradable,0.0,0.8409582041503932,0.08060987076908742,102,True,False,False,True
BIO_1200,Biodegradable_100,Biodegradable,0.31491370484685344,0.8881039835778477,0.026001084907362387,215,True,False,True,True
