name,type,category,fraction,predicted_octane_class,predicted_stability_class,coherence_factor,resonance_strength,glr_efficiency
Methane,Linear alkanes,Alkanes,Gasoline,Low (RON ~0-50),Poor (<3 months),0.0024786948567809,0.2093330435344939,0.0
n-C2H6,Linear alkanes,Alkanes,Gasoline,Low (RON ~0-50),Excellent (>1 year),0.0,0.3227601902038685,1.0
n-C3H8,Linear alkanes,Alkanes,Gasoline,Low (RON ~0-50),Excellent (>1 year),0.0,0.4178275081223668,1.0
n-C4H10,Linear alkanes,Alkanes,Gasoline,Low (RON ~0-50),Excellent (>1 year),0.0,0.502173843105821,1.0
n-C5H12,Linear alkanes,Alkanes,Gasoline,Low (RON ~0-50),Poor (<3 months),0.0,0.5773514250774086,0.0
n-C6H14,Linear alkanes,Alkanes,Gasoline,Low (RON ~0-50),Poor (<3 months),0.0,0.6432682093724612,0.0
n-C7H16,Linear alkanes,Alkanes,Gasoline,Low (RON ~0-50),Excellent (>1 year),0.0,0.6993073420184516,1.0
n-C8H18,Linear alkanes,Alkanes,Gasoline,Low (RON ~0-50),Excellent (>1 year),0.0,0.7447570440936945,1.0
n-C9H20,Linear alkanes,Alkanes,Gasoline,Low (RON ~0-50),Poor (<3 months),0.0,0.7790206483870205,0.0
n-C10H22,Linear alkanes,Alkanes,Gasoline,Low (RON ~0-50),Excellent (>1 year),0.0,0.8017320509825592,1.0
n-C11H24,Linear alkanes,Alkanes,Gasoline,Low (RON ~0-50),Excellent (>1 year),0.0012115615859026,0.8128183517932119,1.0
n-C12H26,Linear alkanes,Alkanes,Gasoline,Low (RON ~0-50),Excellent (>1 year),0.0,0.8125262685665692,1.0
n-C13H28,Linear alkanes,Alkanes,Diesel,Low (RON ~0-50),Excellent (>1 year),0.0,0.8014205114468184,1.0
n-C14H30,Linear alkanes,Alkanes,Diesel,Low (RON ~0-50),Excellent (>1 year),0.0,0.7803595749141533,1.0
n-C15H32,Linear alkanes,Alkanes,Diesel,Low (RON ~0-50),Excellent (>1 year),0.0,0.7504537250958354,1.0
n-C16H34,Linear alkanes,Alkanes,Diesel,Low (RON ~0-50),Excellent (>1 year),0.0,0.7130099647144913,1.0
n-C17H36,Linear alkanes,Alkanes,Diesel,Low (RON ~0-50),Excellent (>1 year),0.0008916945728187,0.6694688654569966,1.0
n-C18H38,Linear alkanes,Alkanes,Diesel,Low (RON ~0-50),Excellent (>1 year),0.0,0.6213381120750965,1.0
n-C19H40,Linear alkanes,Alkanes,Diesel,Low (RON ~0-50),Poor (<3 months),0.0,0.5701273044585125,0.0
n-C20H42,Linear alkanes,Alkanes,Diesel,Low (RON ~0-50),Excellent (>1 year),0.0,0.5172880014063855,1.0
n-C21H44,Linear alkanes,Alkanes,Heavy oil,Low (RON ~0-50),Excellent (>1 year),0.0,0.4641622042192316,1.0
n-C22H46,Linear alkanes,Alkanes,Heavy oil,Low (RON ~0-50),Poor (<3 months),0.0,0.411941542112675,0.0
n-C23H48,Linear alkanes,Alkanes,Heavy oil,Low (RON ~0-50),Excellent (>1 year),0.0,0.361638421829567,1.0
n-C24H50,Linear alkanes,Alkanes,Heavy oil,Low (RON ~0-50),Excellent (>1 year),0.0,0.3140694284635896,1.0
n-C25H52,Linear alkanes,Alkanes,Heavy oil,Low (RON ~0-50),Poor (<3 months),0.0,0.2698503910645006,0.0
n-C26H54,Linear alkanes,Alkanes,Heavy oil,Low (RON ~0-50),Excellent (>1 year),0.0,0.2294018148795772,1.0
n-C27H56,Linear alkanes,Alkanes,Heavy oil,Low (RON ~0-50),Excellent (>1 year),0.0,0.1929628696356923,1.0
n-C28H58,Linear alkanes,Alkanes,Heavy oil,Low (RON ~0-50),Excellent (>1 year),0.0,0.1606118242057447,1.0
n-C29H60,Linear alkanes,Alkanes,Heavy oil,Low (RON ~0-50),Poor (<3 months),0.0,0.1322907247732943,0.0
n-C30H62,Linear alkanes,Alkanes,Heavy oil,Low (RON ~0-50),Excellent (>1 year),0.0,0.1078322009129451,1.0
n-C31H64,Linear alkanes,Alkanes,Heavy oil,Low (RON ~0-50),Poor (<3 months),0.0,0.0869865141297069,0.0
n-C32H66,Linear alkanes,Alkanes,Heavy oil,Low (RON ~0-50),Poor (<3 months),0.0,0.0694472920615943,0.0
n-C33H68,Linear alkanes,Alkanes,Heavy oil,Low (RON ~0-50),Poor (<3 months),0.0,0.0548747734539561,0.0
n-C34H70,Linear alkanes,Alkanes,Heavy oil,Low (RON ~0-50),Excellent (>1 year),0.0,0.0429157825515955,1.0
n-C35H72,Linear alkanes,Alkanes,Heavy oil,Low (RON ~0-50),Poor (<3 months),0.0,0.0332200222144928,0.0
n-C36H74,Linear alkanes,Alkanes,Heavy oil,Low (RON ~0-50),Excellent (>1 year),0.0,0.0254525974212211,1.0
n-C37H76,Linear alkanes,Alkanes,Heavy oil,Low (RON ~0-50),Poor (<3 months),0.0,0.0193029391588443,0.0
n-C38H78,Linear alkanes,Alkanes,Heavy oil,Low (RON ~0-50),Poor (<3 months),0.0,0.0144904864407128,0.0
n-C39H80,Linear alkanes,Alkanes,Heavy oil,Low (RON ~0-50),Excellent (>1 year),0.0,0.0107676025313474,1.0
n-C40H82,Linear alkanes,Alkanes,Heavy oil,Low (RON ~0-50),Excellent (>1 year),0.0,0.0079202574335114,1.0
2-Methyl-C5,Branched alkanes,Alkanes,Gasoline,Medium (RON ~50-70),Poor (<3 months),0.0,0.5773514250774086,0.0
"2,2-Dimethyl-C5",Branched alkanes,Alkanes,Gasoline,Medium (RON ~50-70),Poor (<3 months),0.0,0.5773514250774086,0.0
"2,3-Dimethyl-C5",Branched alkanes,Alkanes,Gasoline,Medium (RON ~50-70),Poor (<3 months),0.0,0.5773514250774086,0.0
"2,4-Dimethyl-C5",Branched alkanes,Alkanes,Gasoline,Medium (RON ~50-70),Poor (<3 months),0.0,0.5773514250774086,0.0
"2,2,3-Trimethyl-C5",Branched alkanes,Alkanes,Gasoline,Medium (RON ~50-70),Poor (<3 months),0.0,0.5773514250774086,0.0
2-Ethyl-C5,Branched alkanes,Alkanes,Gasoline,Medium (RON ~50-70),Poor (<3 months),0.0,0.5773514250774086,0.0
2-Methyl-C6,Branched alkanes,Alkanes,Gasoline,Medium (RON ~50-70),Poor (<3 months),0.0,0.6432682093724612,0.0
3-Methyl-C6,Branched alkanes,Alkanes,Gasoline,Medium (RON ~50-70),Poor (<3 months),0.0,0.6432682093724612,0.0
"2,2-Dimethyl-C6",Branched alkanes,Alkanes,Gasoline,Medium (RON ~50-70),Poor (<3 months),0.0,0.6432682093724612,0.0
"2,3-Dimethyl-C6",Branched alkanes,Alkanes,Gasoline,Medium (RON ~50-70),Poor (<3 months),0.0,0.6432682093724612,0.0
"2,4-Dimethyl-C6",Branched alkanes,Alkanes,Gasoline,Medium (RON ~50-70),Poor (<3 months),0.0,0.6432682093724612,0.0
"2,2,3-Trimethyl-C6",Branched alkanes,Alkanes,Gasoline,Medium (RON ~50-70),Poor (<3 months),0.0,0.6432682093724612,0.0
2-Ethyl-C6,Branched alkanes,Alkanes,Gasoline,Medium (RON ~50-70),Poor (<3 months),0.0,0.6432682093724612,0.0
3-Ethyl-C6,Branched alkanes,Alkanes,Gasoline,Medium (RON ~50-70),Poor (<3 months),0.0,0.6432682093724612,0.0
2-Methyl-C7,Branched alkanes,Alkanes,Gasoline,Medium (RON ~50-70),Excellent (>1 year),0.0,0.6993073420184516,1.0
3-Methyl-C7,Branched alkanes,Alkanes,Gasoline,Medium (RON ~50-70),Excellent (>1 year),0.0,0.6993073420184516,1.0
"2,2-Dimethyl-C7",Branched alkanes,Alkanes,Gasoline,Medium (RON ~50-70),Excellent (>1 year),0.0,0.6993073420184516,1.0
"2,3-Dimethyl-C7",Branched alkanes,Alkanes,Gasoline,Medium (RON ~50-70),Excellent (>1 year),0.0,0.6993073420184516,1.0
"2,4-Dimethyl-C7",Branched alkanes,Alkanes,Gasoline,Medium (RON ~50-70),Excellent (>1 year),0.0,0.6993073420184516,1.0
"2,2,3-Trimethyl-C7",Branched alkanes,Alkanes,Gasoline,Medium (RON ~50-70),Poor (<3 months),0.0,0.6993073420184516,0.0
2-Ethyl-C7,Branched alkanes,Alkanes,Gasoline,Medium (RON ~50-70),Excellent (>1 year),0.0,0.6993073420184516,1.0
3-Ethyl-C7,Branched alkanes,Alkanes,Gasoline,Medium (RON ~50-70),Excellent (>1 year),0.0,0.6993073420184516,1.0
2-Methyl-C8,Branched alkanes,Alkanes,Gasoline,Medium (RON ~50-70),Excellent (>1 year),0.0,0.7447570440936945,1.0
3-Methyl-C8,Branched alkanes,Alkanes,Gasoline,Medium (RON ~50-70),Excellent (>1 year),0.0,0.7447570440936945,1.0
"2,2-Dimethyl-C8",Branched alkanes,Alkanes,Gasoline,Medium (RON ~50-70),Poor (<3 months),0.0,0.7447570440936945,0.0
"2,3-Dimethyl-C8",Branched alkanes,Alkanes,Gasoline,Medium (RON ~50-70),Poor (<3 months),0.0,0.7447570440936945,0.0
"2,4-Dimethyl-C8",Branched alkanes,Alkanes,Gasoline,Medium (RON ~50-70),Poor (<3 months),0.0,0.7447570440936945,0.0
"2,2,3-Trimethyl-C8",Branched alkanes,Alkanes,Gasoline,Medium (RON ~50-70),Poor (<3 months),0.0,0.7447570440936945,0.0
2-Ethyl-C8,Branched alkanes,Alkanes,Gasoline,Medium (RON ~50-70),Poor (<3 months),0.0,0.7447570440936945,0.0
3-Ethyl-C8,Branched alkanes,Alkanes,Gasoline,Medium (RON ~50-70),Poor (<3 months),0.0,0.7447570440936945,0.0
2-Methyl-C9,Branched alkanes,Alkanes,Gasoline,Medium (RON ~50-70),Poor (<3 months),0.0,0.7790206483870205,0.0
3-Methyl-C9,Branched alkanes,Alkanes,Gasoline,Medium (RON ~50-70),Poor (<3 months),0.0,0.7790206483870205,0.0
"2,2-Dimethyl-C9",Branched alkanes,Alkanes,Gasoline,Medium (RON ~50-70),Poor (<3 months),0.0,0.7790206483870205,0.0
"2,3-Dimethyl-C9",Branched alkanes,Alkanes,Gasoline,Medium (RON ~50-70),Poor (<3 months),0.0,0.7790206483870205,0.0
"2,4-Dimethyl-C9",Branched alkanes,Alkanes,Gasoline,Medium (RON ~50-70),Poor (<3 months),0.0,0.7790206483870205,0.0
"2,2,3-Trimethyl-C9",Branched alkanes,Alkanes,Gasoline,Medium (RON ~50-70),Poor (<3 months),0.0,0.7790206483870205,0.0
2-Ethyl-C9,Branched alkanes,Alkanes,Gasoline,Medium (RON ~50-70),Poor (<3 months),0.0,0.7790206483870205,0.0
3-Ethyl-C9,Branched alkanes,Alkanes,Gasoline,Medium (RON ~50-70),Poor (<3 months),0.0,0.7790206483870205,0.0
2-Methyl-C10,Branched alkanes,Alkanes,Gasoline,Medium (RON ~50-70),Excellent (>1 year),0.0,0.8017320509825592,1.0
3-Methyl-C10,Branched alkanes,Alkanes,Gasoline,Medium (RON ~50-70),Excellent (>1 year),0.0,0.8017320509825592,1.0
"2,2-Dimethyl-C10",Branched alkanes,Alkanes,Gasoline,Medium (RON ~50-70),Excellent (>1 year),0.0,0.8017320509825592,1.0
"2,3-Dimethyl-C10",Branched alkanes,Alkanes,Gasoline,Medium (RON ~50-70),Poor (<3 months),0.0,0.8017320509825592,0.0
"2,4-Dimethyl-C10",Branched alkanes,Alkanes,Gasoline,Medium (RON ~50-70),Poor (<3 months),0.0,0.8017320509825592,0.0
"2,2,3-Trimethyl-C10",Branched alkanes,Alkanes,Gasoline,Medium (RON ~50-70),Poor (<3 months),0.0,0.8017320509825592,0.0
2-Ethyl-C10,Branched alkanes,Alkanes,Gasoline,Medium (RON ~50-70),Poor (<3 months),0.0,0.8017320509825592,0.0
3-Ethyl-C10,Branched alkanes,Alkanes,Gasoline,Medium (RON ~50-70),Poor (<3 months),0.0,0.8017320509825592,0.0
2-Methyl-C11,Branched alkanes,Alkanes,Gasoline,Medium (RON ~50-70),Excellent (>1 year),0.0012115615859026,0.8128183517932119,1.0
3-Methyl-C11,Branched alkanes,Alkanes,Gasoline,Medium (RON ~50-70),Excellent (>1 year),0.0012115615859026,0.8128183517932119,1.0
"2,2-Dimethyl-C11",Branched alkanes,Alkanes,Gasoline,Medium (RON ~50-70),Poor (<3 months),0.0012115615859026,0.8128183517932119,0.0
"2,3-Dimethyl-C11",Branched alkanes,Alkanes,Gasoline,Medium (RON ~50-70),Poor (<3 months),0.0012115615859026,0.8128183517932119,0.0
"2,4-Dimethyl-C11",Branched alkanes,Alkanes,Gasoline,Medium (RON ~50-70),Poor (<3 months),0.0012115615859026,0.8128183517932119,0.0
"2,2,3-Trimethyl-C11",Branched alkanes,Alkanes,Gasoline,Medium (RON ~50-70),Poor (<3 months),0.0012115615859026,0.8128183517932119,0.0
2-Ethyl-C11,Branched alkanes,Alkanes,Gasoline,Medium (RON ~50-70),Poor (<3 months),0.0012115615859026,0.8128183517932119,0.0
3-Ethyl-C11,Branched alkanes,Alkanes,Gasoline,Medium (RON ~50-70),Poor (<3 months),0.0012115615859026,0.8128183517932119,0.0
2-Methyl-C12,Branched alkanes,Alkanes,Gasoline,Medium (RON ~50-70),Excellent (>1 year),0.0,0.8125262685665692,1.0
3-Methyl-C12,Branched alkanes,Alkanes,Gasoline,Medium (RON ~50-70),Excellent (>1 year),0.0,0.8125262685665692,1.0
"2,2-Dimethyl-C12",Branched alkanes,Alkanes,Gasoline,Medium (RON ~50-70),Excellent (>1 year),0.0,0.8125262685665692,1.0
"2,3-Dimethyl-C12",Branched alkanes,Alkanes,Gasoline,Medium (RON ~50-70),Excellent (>1 year),0.0,0.8125262685665692,1.0
"2,4-Dimethyl-C12",Branched alkanes,Alkanes,Gasoline,Medium (RON ~50-70),Excellent (>1 year),0.0,0.8125262685665692,1.0
"2,2,3-Trimethyl-C12",Branched alkanes,Alkanes,Gasoline,Medium (RON ~50-70),Excellent (>1 year),0.0,0.8125262685665692,1.0
2-Ethyl-C12,Branched alkanes,Alkanes,Gasoline,Medium (RON ~50-70),Excellent (>1 year),0.0,0.8125262685665692,1.0
3-Ethyl-C12,Branched alkanes,Alkanes,Gasoline,Medium (RON ~50-70),Excellent (>1 year),0.0,0.8125262685665692,1.0
2-Methyl-C13,Branched alkanes,Alkanes,Diesel,Medium (RON ~50-70),Excellent (>1 year),0.0,0.8014205114468184,1.0
3-Methyl-C13,Branched alkanes,Alkanes,Diesel,Medium (RON ~50-70),Excellent (>1 year),0.0,0.8014205114468184,1.0
"2,2-Dimethyl-C13",Branched alkanes,Alkanes,Diesel,Medium (RON ~50-70),Excellent (>1 year),0.0,0.8014205114468184,1.0
"2,3-Dimethyl-C13",Branched alkanes,Alkanes,Diesel,Medium (RON ~50-70),Excellent (>1 year),0.0,0.8014205114468184,1.0
"2,4-Dimethyl-C13",Branched alkanes,Alkanes,Diesel,Medium (RON ~50-70),Excellent (>1 year),0.0,0.8014205114468184,1.0
"2,2,3-Trimethyl-C13",Branched alkanes,Alkanes,Diesel,Medium (RON ~50-70),Excellent (>1 year),0.0,0.8014205114468184,1.0
2-Ethyl-C13,Branched alkanes,Alkanes,Diesel,Medium (RON ~50-70),Excellent (>1 year),0.0,0.8014205114468184,1.0
3-Ethyl-C13,Branched alkanes,Alkanes,Diesel,Medium (RON ~50-70),Excellent (>1 year),0.0,0.8014205114468184,1.0
2-Methyl-C14,Branched alkanes,Alkanes,Diesel,Medium (RON ~50-70),Excellent (>1 year),0.0,0.7803595749141533,1.0
3-Methyl-C14,Branched alkanes,Alkanes,Diesel,Medium (RON ~50-70),Excellent (>1 year),0.0,0.7803595749141533,1.0
"2,2-Dimethyl-C14",Branched alkanes,Alkanes,Diesel,Medium (RON ~50-70),Excellent (>1 year),0.0,0.7803595749141533,1.0
"2,3-Dimethyl-C14",Branched alkanes,Alkanes,Diesel,Medium (RON ~50-70),Excellent (>1 year),0.0,0.7803595749141533,1.0
"2,4-Dimethyl-C14",Branched alkanes,Alkanes,Diesel,Medium (RON ~50-70),Excellent (>1 year),0.0,0.7803595749141533,1.0
"2,2,3-Trimethyl-C14",Branched alkanes,Alkanes,Diesel,Medium (RON ~50-70),Excellent (>1 year),0.0,0.7803595749141533,1.0
2-Ethyl-C14,Branched alkanes,Alkanes,Diesel,Medium (RON ~50-70),Excellent (>1 year),0.0,0.7803595749141533,1.0
3-Ethyl-C14,Branched alkanes,Alkanes,Diesel,Medium (RON ~50-70),Excellent (>1 year),0.0,0.7803595749141533,1.0
2-Methyl-C15,Branched alkanes,Alkanes,Diesel,Medium (RON ~50-70),Poor (<3 months),0.0,0.7504537250958354,0.0
3-Methyl-C15,Branched alkanes,Alkanes,Diesel,Medium (RON ~50-70),Poor (<3 months),0.0,0.7504537250958354,0.0
"2,2-Dimethyl-C15",Branched alkanes,Alkanes,Diesel,Medium (RON ~50-70),Excellent (>1 year),0.0,0.7504537250958354,1.0
"2,3-Dimethyl-C15",Branched alkanes,Alkanes,Diesel,Medium (RON ~50-70),Excellent (>1 year),0.0,0.7504537250958354,1.0
"2,4-Dimethyl-C15",Branched alkanes,Alkanes,Diesel,Medium (RON ~50-70),Excellent (>1 year),0.0,0.7504537250958354,1.0
"2,2,3-Trimethyl-C15",Branched alkanes,Alkanes,Diesel,Medium (RON ~50-70),Excellent (>1 year),0.0,0.7504537250958354,1.0
2-Ethyl-C15,Branched alkanes,Alkanes,Diesel,Medium (RON ~50-70),Excellent (>1 year),0.0,0.7504537250958354,1.0
3-Ethyl-C15,Branched alkanes,Alkanes,Diesel,Medium (RON ~50-70),Excellent (>1 year),0.0,0.7504537250958354,1.0
2-Methyl-C16,Branched alkanes,Alkanes,Diesel,Medium (RON ~50-70),Excellent (>1 year),0.0,0.7130099647144913,1.0
3-Methyl-C16,Branched alkanes,Alkanes,Diesel,Medium (RON ~50-70),Excellent (>1 year),0.0,0.7130099647144913,1.0
"2,2-Dimethyl-C16",Branched alkanes,Alkanes,Diesel,Medium (RON ~50-70),Poor (<3 months),0.0,0.7130099647144913,0.0
"2,3-Dimethyl-C16",Branched alkanes,Alkanes,Diesel,Medium (RON ~50-70),Poor (<3 months),0.0,0.7130099647144913,0.0
"2,4-Dimethyl-C16",Branched alkanes,Alkanes,Diesel,Medium (RON ~50-70),Poor (<3 months),0.0,0.7130099647144913,0.0
"2,2,3-Trimethyl-C16",Branched alkanes,Alkanes,Diesel,Medium (RON ~50-70),Poor (<3 months),0.0,0.7130099647144913,0.0
2-Ethyl-C16,Branched alkanes,Alkanes,Diesel,Medium (RON ~50-70),Poor (<3 months),0.0,0.7130099647144913,0.0
3-Ethyl-C16,Branched alkanes,Alkanes,Diesel,Medium (RON ~50-70),Poor (<3 months),0.0,0.7130099647144913,0.0
2-Methyl-C17,Branched alkanes,Alkanes,Diesel,Medium (RON ~50-70),Excellent (>1 year),0.0008916945728187,0.6694688654569966,1.0
3-Methyl-C17,Branched alkanes,Alkanes,Diesel,Medium (RON ~50-70),Excellent (>1 year),0.0008916945728187,0.6694688654569966,1.0
"2,2-Dimethyl-C17",Branched alkanes,Alkanes,Diesel,Medium (RON ~50-70),Excellent (>1 year),0.0008916945728187,0.6694688654569966,1.0
"2,3-Dimethyl-C17",Branched alkanes,Alkanes,Diesel,Medium (RON ~50-70),Excellent (>1 year),0.0008916945728187,0.6694688654569966,1.0
"2,4-Dimethyl-C17",Branched alkanes,Alkanes,Diesel,Medium (RON ~50-70),Excellent (>1 year),0.0008916945728187,0.6694688654569966,1.0
"2,2,3-Trimethyl-C17",Branched alkanes,Alkanes,Diesel,Medium (RON ~50-70),Excellent (>1 year),0.0008916945728187,0.6694688654569966,1.0
2-Ethyl-C17,Branched alkanes,Alkanes,Diesel,Medium (RON ~50-70),Excellent (>1 year),0.0008916945728187,0.6694688654569966,1.0
3-Ethyl-C17,Branched alkanes,Alkanes,Diesel,Medium (RON ~50-70),Excellent (>1 year),0.0008916945728187,0.6694688654569966,1.0
2-Methyl-C18,Branched alkanes,Alkanes,Diesel,Medium (RON ~50-70),Poor (<3 months),0.0,0.6213381120750965,0.0
3-Methyl-C18,Branched alkanes,Alkanes,Diesel,Medium (RON ~50-70),Poor (<3 months),0.0,0.6213381120750965,0.0
"2,2-Dimethyl-C18",Branched alkanes,Alkanes,Diesel,Medium (RON ~50-70),Poor (<3 months),0.0,0.6213381120750965,0.0
"2,3-Dimethyl-C18",Branched alkanes,Alkanes,Diesel,Medium (RON ~50-70),Poor (<3 months),0.0,0.6213381120750965,0.0
"2,4-Dimethyl-C18",Branched alkanes,Alkanes,Diesel,Medium (RON ~50-70),Poor (<3 months),0.0,0.6213381120750965,0.0
"2,2,3-Trimethyl-C18",Branched alkanes,Alkanes,Diesel,Medium (RON ~50-70),Poor (<3 months),0.0,0.6213381120750965,0.0
2-Ethyl-C18,Branched alkanes,Alkanes,Diesel,Medium (RON ~50-70),Poor (<3 months),0.0,0.6213381120750965,0.0
3-Ethyl-C18,Branched alkanes,Alkanes,Diesel,Medium (RON ~50-70),Poor (<3 months),0.0,0.6213381120750965,0.0
2-Methyl-C19,Branched alkanes,Alkanes,Diesel,Medium (RON ~50-70),Excellent (>1 year),0.0,0.5701273044585125,1.0
3-Methyl-C19,Branched alkanes,Alkanes,Diesel,Medium (RON ~50-70),Excellent (>1 year),0.0,0.5701273044585125,1.0
"2,2-Dimethyl-C19",Branched alkanes,Alkanes,Diesel,Medium (RON ~50-70),Poor (<3 months),0.0,0.5701273044585125,0.0
"2,3-Dimethyl-C19",Branched alkanes,Alkanes,Diesel,Medium (RON ~50-70),Poor (<3 months),0.0,0.5701273044585125,0.0
"2,4-Dimethyl-C19",Branched alkanes,Alkanes,Diesel,Medium (RON ~50-70),Poor (<3 months),0.0,0.5701273044585125,0.0
"2,2,3-Trimethyl-C19",Branched alkanes,Alkanes,Diesel,Medium (RON ~50-70),Poor (<3 months),0.0,0.5701273044585125,0.0
2-Ethyl-C19,Branched alkanes,Alkanes,Diesel,Medium (RON ~50-70),Poor (<3 months),0.0,0.5701273044585125,0.0
3-Ethyl-C19,Branched alkanes,Alkanes,Diesel,Medium (RON ~50-70),Poor (<3 months),0.0,0.5701273044585125,0.0
2-Methyl-C20,Branched alkanes,Alkanes,Diesel,Medium (RON ~50-70),Excellent (>1 year),0.0,0.5172880014063855,1.0
3-Methyl-C20,Branched alkanes,Alkanes,Diesel,Medium (RON ~50-70),Excellent (>1 year),0.0,0.5172880014063855,1.0
"2,2-Dimethyl-C20",Branched alkanes,Alkanes,Diesel,Medium (RON ~50-70),Excellent (>1 year),0.0,0.5172880014063855,1.0
"2,3-Dimethyl-C20",Branched alkanes,Alkanes,Diesel,Medium (RON ~50-70),Excellent (>1 year),0.0,0.5172880014063855,1.0
"2,4-Dimethyl-C20",Branched alkanes,Alkanes,Diesel,Medium (RON ~50-70),Excellent (>1 year),0.0,0.5172880014063855,1.0
"2,2,3-Trimethyl-C20",Branched alkanes,Alkanes,Diesel,Medium (RON ~50-70),Poor (<3 months),0.0,0.5172880014063855,0.0
2-Ethyl-C20,Branched alkanes,Alkanes,Diesel,Medium (RON ~50-70),Excellent (>1 year),0.0,0.5172880014063855,1.0
3-Ethyl-C20,Branched alkanes,Alkanes,Diesel,Medium (RON ~50-70),Excellent (>1 year),0.0,0.5172880014063855,1.0
2-Methyl-C21,Branched alkanes,Alkanes,Diesel,Medium (RON ~50-70),Excellent (>1 year),0.0,0.4641622042192316,1.0
3-Methyl-C21,Branched alkanes,Alkanes,Diesel,Medium (RON ~50-70),Excellent (>1 year),0.0,0.4641622042192316,1.0
"2,2-Dimethyl-C21",Branched alkanes,Alkanes,Diesel,Medium (RON ~50-70),Excellent (>1 year),0.0,0.4641622042192316,1.0
"2,3-Dimethyl-C21",Branched alkanes,Alkanes,Diesel,Medium (RON ~50-70),Excellent (>1 year),0.0,0.4641622042192316,1.0
"2,4-Dimethyl-C21",Branched alkanes,Alkanes,Diesel,Medium (RON ~50-70),Excellent (>1 year),0.0,0.4641622042192316,1.0
"2,2,3-Trimethyl-C21",Branched alkanes,Alkanes,Diesel,Medium (RON ~50-70),Excellent (>1 year),0.0,0.4641622042192316,1.0
2-Ethyl-C21,Branched alkanes,Alkanes,Diesel,Medium (RON ~50-70),Excellent (>1 year),0.0,0.4641622042192316,1.0
3-Ethyl-C21,Branched alkanes,Alkanes,Diesel,Medium (RON ~50-70),Excellent (>1 year),0.0,0.4641622042192316,1.0
2-Methyl-C22,Branched alkanes,Alkanes,Diesel,Medium (RON ~50-70),Poor (<3 months),0.0,0.411941542112675,0.0
3-Methyl-C22,Branched alkanes,Alkanes,Diesel,Medium (RON ~50-70),Poor (<3 months),0.0,0.411941542112675,0.0
"2,2-Dimethyl-C22",Branched alkanes,Alkanes,Diesel,Medium (RON ~50-70),Poor (<3 months),0.0,0.411941542112675,0.0
"2,3-Dimethyl-C22",Branched alkanes,Alkanes,Diesel,Medium (RON ~50-70),Poor (<3 months),0.0,0.411941542112675,0.0
"2,4-Dimethyl-C22",Branched alkanes,Alkanes,Diesel,Medium (RON ~50-70),Poor (<3 months),0.0,0.411941542112675,0.0
"2,2,3-Trimethyl-C22",Branched alkanes,Alkanes,Diesel,Medium (RON ~50-70),Poor (<3 months),0.0,0.411941542112675,0.0
2-Ethyl-C22,Branched alkanes,Alkanes,Diesel,Medium (RON ~50-70),Poor (<3 months),0.0,0.411941542112675,0.0
3-Ethyl-C22,Branched alkanes,Alkanes,Diesel,Medium (RON ~50-70),Poor (<3 months),0.0,0.411941542112675,0.0
2-Methyl-C23,Branched alkanes,Alkanes,Diesel,Medium (RON ~50-70),Excellent (>1 year),0.0,0.361638421829567,1.0
3-Methyl-C23,Branched alkanes,Alkanes,Diesel,Medium (RON ~50-70),Excellent (>1 year),0.0,0.361638421829567,1.0
"2,2-Dimethyl-C23",Branched alkanes,Alkanes,Diesel,Medium (RON ~50-70),Poor (<3 months),0.0,0.361638421829567,0.0
"2,3-Dimethyl-C23",Branched alkanes,Alkanes,Diesel,Medium (RON ~50-70),Poor (<3 months),0.0,0.361638421829567,0.0
"2,4-Dimethyl-C23",Branched alkanes,Alkanes,Diesel,Medium (RON ~50-70),Poor (<3 months),0.0,0.361638421829567,0.0
"2,2,3-Trimethyl-C23",Branched alkanes,Alkanes,Diesel,Medium (RON ~50-70),Poor (<3 months),0.0,0.361638421829567,0.0
2-Ethyl-C23,Branched alkanes,Alkanes,Diesel,Medium (RON ~50-70),Poor (<3 months),0.0,0.361638421829567,0.0
3-Ethyl-C23,Branched alkanes,Alkanes,Diesel,Medium (RON ~50-70),Poor (<3 months),0.0,0.361638421829567,0.0
2-Methyl-C24,Branched alkanes,Alkanes,Diesel,Medium (RON ~50-70),Excellent (>1 year),0.0,0.3140694284635896,1.0
3-Methyl-C24,Branched alkanes,Alkanes,Diesel,Medium (RON ~50-70),Excellent (>1 year),0.0,0.3140694284635896,1.0
"2,2-Dimethyl-C24",Branched alkanes,Alkanes,Diesel,Medium (RON ~50-70),Poor (<3 months),0.0,0.3140694284635896,0.0
"2,3-Dimethyl-C24",Branched alkanes,Alkanes,Diesel,Medium (RON ~50-70),Poor (<3 months),0.0,0.3140694284635896,0.0
"2,4-Dimethyl-C24",Branched alkanes,Alkanes,Diesel,Medium (RON ~50-70),Poor (<3 months),0.0,0.3140694284635896,0.0
"2,2,3-Trimethyl-C24",Branched alkanes,Alkanes,Diesel,Medium (RON ~50-70),Poor (<3 months),0.0,0.3140694284635896,0.0
2-Ethyl-C24,Branched alkanes,Alkanes,Diesel,Medium (RON ~50-70),Poor (<3 months),0.0,0.3140694284635896,0.0
3-Ethyl-C24,Branched alkanes,Alkanes,Diesel,Medium (RON ~50-70),Poor (<3 months),0.0,0.3140694284635896,0.0
2-Methyl-C25,Branched alkanes,Alkanes,Diesel,Medium (RON ~50-70),Poor (<3 months),0.0,0.2698503910645006,0.0
3-Methyl-C25,Branched alkanes,Alkanes,Diesel,Medium (RON ~50-70),Poor (<3 months),0.0,0.2698503910645006,0.0
"2,2-Dimethyl-C25",Branched alkanes,Alkanes,Diesel,Medium (RON ~50-70),Excellent (>1 year),0.0,0.2698503910645006,1.0
"2,3-Dimethyl-C25",Branched alkanes,Alkanes,Diesel,Medium (RON ~50-70),Excellent (>1 year),0.0,0.2698503910645006,1.0
"2,4-Dimethyl-C25",Branched alkanes,Alkanes,Diesel,Medium (RON ~50-70),Excellent (>1 year),0.0,0.2698503910645006,1.0
"2,2,3-Trimethyl-C25",Branched alkanes,Alkanes,Diesel,Medium (RON ~50-70),Excellent (>1 year),0.0,0.2698503910645006,1.0
2-Ethyl-C25,Branched alkanes,Alkanes,Diesel,Medium (RON ~50-70),Excellent (>1 year),0.0,0.2698503910645006,1.0
3-Ethyl-C25,Branched alkanes,Alkanes,Diesel,Medium (RON ~50-70),Excellent (>1 year),0.0,0.2698503910645006,1.0
2-Methyl-C26,Branched alkanes,Alkanes,Diesel,Medium (RON ~50-70),Excellent (>1 year),0.0,0.2294018148795772,1.0
3-Methyl-C26,Branched alkanes,Alkanes,Diesel,Medium (RON ~50-70),Excellent (>1 year),0.0,0.2294018148795772,1.0
"2,2-Dimethyl-C26",Branched alkanes,Alkanes,Diesel,Medium (RON ~50-70),Excellent (>1 year),0.0,0.2294018148795772,1.0
"2,3-Dimethyl-C26",Branched alkanes,Alkanes,Diesel,Medium (RON ~50-70),Excellent (>1 year),0.0,0.2294018148795772,1.0
"2,4-Dimethyl-C26",Branched alkanes,Alkanes,Diesel,Medium (RON ~50-70),Excellent (>1 year),0.0,0.2294018148795772,1.0
"2,2,3-Trimethyl-C26",Branched alkanes,Alkanes,Diesel,Medium (RON ~50-70),Excellent (>1 year),0.0,0.2294018148795772,1.0
2-Ethyl-C26,Branched alkanes,Alkanes,Diesel,Medium (RON ~50-70),Excellent (>1 year),0.0,0.2294018148795772,1.0
3-Ethyl-C26,Branched alkanes,Alkanes,Diesel,Medium (RON ~50-70),Excellent (>1 year),0.0,0.2294018148795772,1.0
2-Methyl-C27,Branched alkanes,Alkanes,Diesel,Medium (RON ~50-70),Excellent (>1 year),0.0,0.1929628696356923,1.0
3-Methyl-C27,Branched alkanes,Alkanes,Diesel,Medium (RON ~50-70),Excellent (>1 year),0.0,0.1929628696356923,1.0
"2,2-Dimethyl-C27",Branched alkanes,Alkanes,Diesel,Medium (RON ~50-70),Excellent (>1 year),0.0,0.1929628696356923,1.0
"2,3-Dimethyl-C27",Branched alkanes,Alkanes,Diesel,Medium (RON ~50-70),Excellent (>1 year),0.0,0.1929628696356923,1.0
"2,4-Dimethyl-C27",Branched alkanes,Alkanes,Diesel,Medium (RON ~50-70),Excellent (>1 year),0.0,0.1929628696356923,1.0
"2,2,3-Trimethyl-C27",Branched alkanes,Alkanes,Diesel,Medium (RON ~50-70),Excellent (>1 year),0.0,0.1929628696356923,1.0
2-Ethyl-C27,Branched alkanes,Alkanes,Diesel,Medium (RON ~50-70),Excellent (>1 year),0.0,0.1929628696356923,1.0
3-Ethyl-C27,Branched alkanes,Alkanes,Diesel,Medium (RON ~50-70),Excellent (>1 year),0.0,0.1929628696356923,1.0
2-Methyl-C28,Branched alkanes,Alkanes,Diesel,Medium (RON ~50-70),Excellent (>1 year),0.0,0.1606118242057447,1.0
3-Methyl-C28,Branched alkanes,Alkanes,Diesel,Medium (RON ~50-70),Excellent (>1 year),0.0,0.1606118242057447,1.0
"2,2-Dimethyl-C28",Branched alkanes,Alkanes,Diesel,Medium (RON ~50-70),Excellent (>1 year),0.0,0.1606118242057447,1.0
"2,3-Dimethyl-C28",Branched alkanes,Alkanes,Diesel,Medium (RON ~50-70),Excellent (>1 year),0.0,0.1606118242057447,1.0
"2,4-Dimethyl-C28",Branched alkanes,Alkanes,Diesel,Medium (RON ~50-70),Excellent (>1 year),0.0,0.1606118242057447,1.0
"2,2,3-Trimethyl-C28",Branched alkanes,Alkanes,Diesel,Medium (RON ~50-70),Excellent (>1 year),0.0,0.1606118242057447,1.0
2-Ethyl-C28,Branched alkanes,Alkanes,Diesel,Medium (RON ~50-70),Excellent (>1 year),0.0,0.1606118242057447,1.0
3-Ethyl-C28,Branched alkanes,Alkanes,Diesel,Medium (RON ~50-70),Excellent (>1 year),0.0,0.1606118242057447,1.0
2-Methyl-C29,Branched alkanes,Alkanes,Diesel,Medium (RON ~50-70),Poor (<3 months),0.0,0.1322907247732943,0.0
3-Methyl-C29,Branched alkanes,Alkanes,Diesel,Medium (RON ~50-70),Poor (<3 months),0.0,0.1322907247732943,0.0
"2,2-Dimethyl-C29",Branched alkanes,Alkanes,Diesel,Medium (RON ~50-70),Poor (<3 months),0.0,0.1322907247732943,0.0
"2,3-Dimethyl-C29",Branched alkanes,Alkanes,Diesel,Medium (RON ~50-70),Poor (<3 months),0.0,0.1322907247732943,0.0
"2,4-Dimethyl-C29",Branched alkanes,Alkanes,Diesel,Medium (RON ~50-70),Poor (<3 months),0.0,0.1322907247732943,0.0
"2,2,3-Trimethyl-C29",Branched alkanes,Alkanes,Diesel,Medium (RON ~50-70),Poor (<3 months),0.0,0.1322907247732943,0.0
2-Ethyl-C29,Branched alkanes,Alkanes,Diesel,Medium (RON ~50-70),Poor (<3 months),0.0,0.1322907247732943,0.0
3-Ethyl-C29,Branched alkanes,Alkanes,Diesel,Medium (RON ~50-70),Poor (<3 months),0.0,0.1322907247732943,0.0
Cyclo-C3H6,Cycloalkanes,Cycloalkanes,Gasoline,Medium (RON ~50-70),Poor (<3 months),0.0,0.4252729066583634,0.0
1-Methyl-cyclo-C3,Cycloalkanes,Cycloalkanes,Gasoline,Medium (RON ~50-70),Excellent (>1 year),0.0,0.5089117457968774,1.0
2-Methyl-cyclo-C3,Cycloalkanes,Cycloalkanes,Gasoline,Medium (RON ~50-70),Poor (<3 months),0.0,0.5838898999908825,0.0
3-Methyl-cyclo-C3,Cycloalkanes,Cycloalkanes,Gasoline,Medium (RON ~50-70),Poor (<3 months),0.0,0.6499548052832042,0.0
4-Methyl-cyclo-C3,Cycloalkanes,Cycloalkanes,Gasoline,High (RON ~90-120),Poor (<3 months),0.0,0.7063927248681432,0.0
Cyclo-C4H8,Cycloalkanes,Cycloalkanes,Gasoline,Medium (RON ~50-70),Excellent (>1 year),0.0,0.5089117457968774,1.0
1-Methyl-cyclo-C4,Cycloalkanes,Cycloalkanes,Gasoline,Medium (RON ~50-70),Poor (<3 months),0.0,0.5838898999908825,0.0
2-Methyl-cyclo-C4,Cycloalkanes,Cycloalkanes,Gasoline,Medium (RON ~50-70),Poor (<3 months),0.0,0.6499548052832042,0.0
3-Methyl-cyclo-C4,Cycloalkanes,Cycloalkanes,Gasoline,High (RON ~90-120),Poor (<3 months),0.0,0.7063927248681432,0.0
4-Methyl-cyclo-C4,Cycloalkanes,Cycloalkanes,Gasoline,High (RON ~90-120),Excellent (>1 year),0.0,0.7524193337215321,1.0
Cyclo-C5H10,Cycloalkanes,Cycloalkanes,Gasoline,Medium (RON ~50-70),Poor (<3 months),0.0,0.5838898999908825,0.0
1-Methyl-cyclo-C5,Cycloalkanes,Cycloalkanes,Gasoline,Medium (RON ~50-70),Poor (<3 months),0.0,0.6499548052832042,0.0
2-Methyl-cyclo-C5,Cycloalkanes,Cycloalkanes,Gasoline,High (RON ~90-120),Poor (<3 months),0.0,0.7063927248681432,0.0
3-Methyl-cyclo-C5,Cycloalkanes,Cycloalkanes,Gasoline,High (RON ~90-120),Excellent (>1 year),0.0,0.7524193337215321,1.0
4-Methyl-cyclo-C5,Cycloalkanes,Cycloalkanes,Gasoline,High (RON ~90-120),Poor (<3 months),0.0,0.787375784029672,0.0
Cyclo-C6H12,Cycloalkanes,Cycloalkanes,Gasoline,Medium (RON ~50-70),Poor (<3 months),0.0,0.6499548052832042,0.0
1-Methyl-cyclo-C6,Cycloalkanes,Cycloalkanes,Gasoline,High (RON ~90-120),Poor (<3 months),0.0,0.7063927248681432,0.0
2-Methyl-cyclo-C6,Cycloalkanes,Cycloalkanes,Gasoline,High (RON ~90-120),Excellent (>1 year),0.0,0.7524193337215321,1.0
3-Methyl-cyclo-C6,Cycloalkanes,Cycloalkanes,Gasoline,High (RON ~90-120),Poor (<3 months),0.0,0.787375784029672,0.0
4-Methyl-cyclo-C6,Cycloalkanes,Cycloalkanes,Gasoline,High (RON ~90-120),Excellent (>1 year),0.0024374381697527,0.8108391997578444,1.0
Cyclo-C7H14,Cycloalkanes,Cycloalkanes,Gasoline,High (RON ~90-120),Poor (<3 months),0.0,0.7063927248681432,0.0
1-Methyl-cyclo-C7,Cycloalkanes,Cycloalkanes,Gasoline,High (RON ~90-120),Excellent (>1 year),0.0,0.7524193337215321,1.0
2-Methyl-cyclo-C7,Cycloalkanes,Cycloalkanes,Gasoline,High (RON ~90-120),Poor (<3 months),0.0,0.787375784029672,0.0
3-Methyl-cyclo-C7,Cycloalkanes,Cycloalkanes,Gasoline,High (RON ~90-120),Excellent (>1 year),0.0024374381697527,0.8108391997578444,1.0
4-Methyl-cyclo-C7,Cycloalkanes,Cycloalkanes,Gasoline,High (RON ~90-120),Excellent (>1 year),0.0,0.8226841066171374,1.0
Cyclo-C8H16,Cycloalkanes,Cycloalkanes,Gasoline,High (RON ~90-120),Excellent (>1 year),0.0,0.7524193337215321,1.0
1-Methyl-cyclo-C8,Cycloalkanes,Cycloalkanes,Gasoline,High (RON ~90-120),Poor (<3 months),0.0,0.787375784029672,0.0
2-Methyl-cyclo-C8,Cycloalkanes,Cycloalkanes,Gasoline,High (RON ~90-120),Excellent (>1 year),0.0024374381697527,0.8108391997578444,1.0
3-Methyl-cyclo-C8,Cycloalkanes,Cycloalkanes,Gasoline,High (RON ~90-120),Excellent (>1 year),0.0,0.8226841066171374,1.0
4-Methyl-cyclo-C8,Cycloalkanes,Cycloalkanes,Gasoline,High (RON ~90-120),Excellent (>1 year),0.0,0.8231092971646984,1.0
Cyclo-C9H18,Cycloalkanes,Cycloalkanes,Diesel,High (RON ~90-120),Poor (<3 months),0.0,0.787375784029672,0.0
1-Methyl-cyclo-C9,Cycloalkanes,Cycloalkanes,Gasoline,High (RON ~90-120),Excellent (>1 year),0.0024374381697527,0.8108391997578444,1.0
2-Methyl-cyclo-C9,Cycloalkanes,Cycloalkanes,Gasoline,High (RON ~90-120),Excellent (>1 year),0.0,0.8226841066171374,1.0
3-Methyl-cyclo-C9,Cycloalkanes,Cycloalkanes,Gasoline,High (RON ~90-120),Excellent (>1 year),0.0,0.8231092971646984,1.0
4-Methyl-cyclo-C9,Cycloalkanes,Cycloalkanes,Gasoline,High (RON ~90-120),Excellent (>1 year),0.0,0.8126373341409747,1.0
Cyclo-C10H20,Cycloalkanes,Cycloalkanes,Diesel,High (RON ~90-120),Excellent (>1 year),0.0024374381697527,0.8108391997578444,1.0
1-Methyl-cyclo-C10,Cycloalkanes,Cycloalkanes,Gasoline,High (RON ~90-120),Excellent (>1 year),0.0,0.8226841066171374,1.0
2-Methyl-cyclo-C10,Cycloalkanes,Cycloalkanes,Gasoline,High (RON ~90-120),Excellent (>1 year),0.0,0.8231092971646984,1.0
3-Methyl-cyclo-C10,Cycloalkanes,Cycloalkanes,Gasoline,High (RON ~90-120),Excellent (>1 year),0.0,0.8126373341409747,1.0
4-Methyl-cyclo-C10,Cycloalkanes,Cycloalkanes,Gasoline,High (RON ~90-120),Excellent (>1 year),0.0,0.7920916115962445,1.0
Cyclo-C11H22,Cycloalkanes,Cycloalkanes,Diesel,High (RON ~90-120),Excellent (>1 year),0.0,0.8226841066171374,1.0
1-Methyl-cyclo-C11,Cycloalkanes,Cycloalkanes,Gasoline,High (RON ~90-120),Excellent (>1 year),0.0,0.8231092971646984,1.0
2-Methyl-cyclo-C11,Cycloalkanes,Cycloalkanes,Gasoline,High (RON ~90-120),Excellent (>1 year),0.0,0.8126373341409747,1.0
3-Methyl-cyclo-C11,Cycloalkanes,Cycloalkanes,Gasoline,High (RON ~90-120),Excellent (>1 year),0.0,0.7920916115962445,1.0
4-Methyl-cyclo-C11,Cycloalkanes,Cycloalkanes,Gasoline,High (RON ~90-120),Poor (<3 months),0.0003295826433884,0.762555430804121,0.0
Cyclo-C12H24,Cycloalkanes,Cycloalkanes,Diesel,High (RON ~90-120),Excellent (>1 year),0.0,0.8231092971646984,1.0
1-Methyl-cyclo-C12,Cycloalkanes,Cycloalkanes,Gasoline,High (RON ~90-120),Excellent (>1 year),0.0,0.8126373341409747,1.0
2-Methyl-cyclo-C12,Cycloalkanes,Cycloalkanes,Gasoline,High (RON ~90-120),Excellent (>1 year),0.0,0.7920916115962445,1.0
3-Methyl-cyclo-C12,Cycloalkanes,Cycloalkanes,Gasoline,High (RON ~90-120),Poor (<3 months),0.0003295826433884,0.762555430804121,0.0
Cyclo-C13H26,Cycloalkanes,Cycloalkanes,Diesel,High (RON ~90-120),Excellent (>1 year),0.0,0.8126373341409747,1.0
1-Methyl-cyclo-C13,Cycloalkanes,Cycloalkanes,Gasoline,High (RON ~90-120),Excellent (>1 year),0.0,0.7920916115962445,1.0
2-Methyl-cyclo-C13,Cycloalkanes,Cycloalkanes,Gasoline,High (RON ~90-120),Poor (<3 months),0.0003295826433884,0.762555430804121,0.0
Cyclo-C14H28,Cycloalkanes,Cycloalkanes,Diesel,High (RON ~90-120),Excellent (>1 year),0.0,0.7920916115962445,1.0
1-Methyl-cyclo-C14,Cycloalkanes,Cycloalkanes,Gasoline,High (RON ~90-120),Poor (<3 months),0.0003295826433884,0.762555430804121,0.0
1-C2ene,Linear alkenes,Alkenes,Gasoline,Medium (RON ~50-70),Excellent (>1 year),0.0,0.3317758620459438,1.0
1-C3ene,Linear alkenes,Alkenes,Gasoline,Medium (RON ~50-70),Poor (<3 months),0.0,0.4252729066583634,0.0
1-C4ene,Linear alkenes,Alkenes,Gasoline,Medium (RON ~50-70),Excellent (>1 year),0.0,0.5089117457968774,1.0
2-C4ene,Linear alkenes,Alkenes,Gasoline,Medium (RON ~50-70),Excellent (>1 year),0.0,0.5089117457968774,1.0
1-C5ene,Linear alkenes,Alkenes,Gasoline,Medium (RON ~50-70),Poor (<3 months),0.0,0.5838898999908825,0.0
2-C5ene,Linear alkenes,Alkenes,Gasoline,Medium (RON ~50-70),Poor (<3 months),0.0,0.5838898999908825,0.0
2-Methyl-1-C5ene,Branched alkenes,Alkenes,Gasoline,Medium (RON ~50-70),Poor (<3 months),0.0,0.5838898999908825,0.0
1-C6ene,Linear alkenes,Alkenes,Gasoline,Medium (RON ~50-70),Poor (<3 months),0.0,0.6499548052832042,0.0
2-C6ene,Linear alkenes,Alkenes,Gasoline,Medium (RON ~50-70),Poor (<3 months),0.0,0.6499548052832042,0.0
2-Methyl-1-C6ene,Branched alkenes,Alkenes,Gasoline,Medium (RON ~50-70),Poor (<3 months),0.0,0.6499548052832042,0.0
1-C7ene,Linear alkenes,Alkenes,Gasoline,Medium (RON ~50-70),Poor (<3 months),0.0,0.7063927248681432,0.0
2-C7ene,Linear alkenes,Alkenes,Gasoline,Medium (RON ~50-70),Poor (<3 months),0.0,0.7063927248681432,0.0
2-Methyl-1-C7ene,Branched alkenes,Alkenes,Gasoline,Medium (RON ~50-70),Poor (<3 months),0.0,0.7063927248681432,0.0
1-C8ene,Linear alkenes,Alkenes,Gasoline,Medium (RON ~50-70),Excellent (>1 year),0.0,0.7524193337215321,1.0
2-C8ene,Linear alkenes,Alkenes,Gasoline,Medium (RON ~50-70),Excellent (>1 year),0.0,0.7524193337215321,1.0
2-Methyl-1-C8ene,Branched alkenes,Alkenes,Gasoline,Medium (RON ~50-70),Excellent (>1 year),0.0,0.7524193337215321,1.0
1-C9ene,Linear alkenes,Alkenes,Gasoline,Medium (RON ~50-70),Poor (<3 months),0.0,0.787375784029672,0.0
2-C9ene,Linear alkenes,Alkenes,Gasoline,Medium (RON ~50-70),Poor (<3 months),0.0,0.787375784029672,0.0
2-Methyl-1-C9ene,Branched alkenes,Alkenes,Gasoline,Medium (RON ~50-70),Poor (<3 months),0.0,0.787375784029672,0.0
1-C10ene,Linear alkenes,Alkenes,Gasoline,Medium-High (RON ~70-90),Excellent (>1 year),0.0024374381697527,0.8108391997578444,1.0
2-C10ene,Linear alkenes,Alkenes,Gasoline,Medium-High (RON ~70-90),Excellent (>1 year),0.0024374381697527,0.8108391997578444,1.0
2-Methyl-1-C10ene,Branched alkenes,Alkenes,Gasoline,Medium-High (RON ~70-90),Excellent (>1 year),0.0024374381697527,0.8108391997578444,1.0
1-C11ene,Linear alkenes,Alkenes,Gasoline,Medium (RON ~50-70),Excellent (>1 year),0.0,0.8226841066171374,1.0
2-C11ene,Linear alkenes,Alkenes,Gasoline,Medium (RON ~50-70),Excellent (>1 year),0.0,0.8226841066171374,1.0
2-Methyl-1-C11ene,Branched alkenes,Alkenes,Gasoline,Medium (RON ~50-70),Excellent (>1 year),0.0,0.8226841066171374,1.0
1-C12ene,Linear alkenes,Alkenes,Gasoline,Medium (RON ~50-70),Excellent (>1 year),0.0,0.8231092971646984,1.0
2-C12ene,Linear alkenes,Alkenes,Gasoline,Medium (RON ~50-70),Excellent (>1 year),0.0,0.8231092971646984,1.0
2-Methyl-1-C12ene,Branched alkenes,Alkenes,Gasoline,Medium (RON ~50-70),Excellent (>1 year),0.0,0.8231092971646984,1.0
1-C13ene,Linear alkenes,Alkenes,Diesel,Medium (RON ~50-70),Excellent (>1 year),0.0,0.8126373341409747,1.0
2-C13ene,Linear alkenes,Alkenes,Gasoline,Medium (RON ~50-70),Excellent (>1 year),0.0,0.8126373341409747,1.0
2-Methyl-1-C13ene,Branched alkenes,Alkenes,Gasoline,Medium (RON ~50-70),Excellent (>1 year),0.0,0.8126373341409747,1.0
1-C14ene,Linear alkenes,Alkenes,Diesel,Medium (RON ~50-70),Excellent (>1 year),0.0,0.7920916115962445,1.0
2-C14ene,Linear alkenes,Alkenes,Gasoline,Medium (RON ~50-70),Excellent (>1 year),0.0,0.7920916115962445,1.0
2-Methyl-1-C14ene,Branched alkenes,Alkenes,Gasoline,Medium (RON ~50-70),Excellent (>1 year),0.0,0.7920916115962445,1.0
1-C15ene,Linear alkenes,Alkenes,Diesel,Medium-High (RON ~70-90),Poor (<3 months),0.0003295826433884,0.762555430804121,0.0
2-C15ene,Linear alkenes,Alkenes,Gasoline,Medium-High (RON ~70-90),Poor (<3 months),0.0003295826433884,0.762555430804121,0.0
2-Methyl-1-C15ene,Branched alkenes,Alkenes,Gasoline,Medium-High (RON ~70-90),Poor (<3 months),0.0003295826433884,0.762555430804121,0.0
1-C16ene,Linear alkenes,Alkenes,Diesel,Medium (RON ~50-70),Excellent (>1 year),0.0,0.7253176803279657,1.0
2-C16ene,Linear alkenes,Alkenes,Gasoline,Medium (RON ~50-70),Excellent (>1 year),0.0,0.7253176803279657,1.0
1-C17ene,Linear alkenes,Alkenes,Diesel,Medium (RON ~50-70),Excellent (>1 year),0.0,0.6818099080912375,1.0
2-C17ene,Linear alkenes,Alkenes,Gasoline,Medium (RON ~50-70),Excellent (>1 year),0.0,0.6818099080912375,1.0
1-C18ene,Linear alkenes,Alkenes,Diesel,Medium (RON ~50-70),Excellent (>1 year),0.0,0.6335395997462686,1.0
2-C18ene,Linear alkenes,Alkenes,Gasoline,Medium (RON ~50-70),Excellent (>1 year),0.0,0.6335395997462686,1.0
1-C19ene,Linear alkenes,Alkenes,Diesel,Medium (RON ~50-70),Excellent (>1 year),0.0,0.5820242378228448,1.0
2-C19ene,Linear alkenes,Alkenes,Gasoline,Medium (RON ~50-70),Excellent (>1 year),0.0,0.5820242378228448,1.0
1-C20ene,Linear alkenes,Alkenes,Diesel,Medium (RON ~50-70),Excellent (>1 year),0.0,0.52873019886373,1.0
2-C20ene,Linear alkenes,Alkenes,Gasoline,Medium (RON ~50-70),Excellent (>1 year),0.0,0.52873019886373,1.0
1-C21ene,Linear alkenes,Alkenes,Diesel,Medium-High (RON ~70-90),Excellent (>1 year),0.0002018374608602,0.4750197916919438,1.0
2-C21ene,Linear alkenes,Alkenes,Gasoline,Medium-High (RON ~70-90),Excellent (>1 year),0.0002018374608602,0.4750197916919438,1.0
1-C22ene,Linear alkenes,Alkenes,Diesel,Medium (RON ~50-70),Poor (<3 months),0.0,0.4221088212289287,0.0
2-C22ene,Linear alkenes,Alkenes,Gasoline,Medium (RON ~50-70),Poor (<3 months),0.0,0.4221088212289287,0.0
1-C23ene,Linear alkenes,Alkenes,Diesel,Medium (RON ~50-70),Excellent (>1 year),0.0,0.3710360663594535,1.0
2-C23ene,Linear alkenes,Alkenes,Gasoline,Medium (RON ~50-70),Excellent (>1 year),0.0,0.3710360663594535,1.0
1-C24ene,Linear alkenes,Alkenes,Diesel,Medium (RON ~50-70),Excellent (>1 year),0.0,0.3226450765008138,1.0
2-C24ene,Linear alkenes,Alkenes,Gasoline,Medium (RON ~50-70),Excellent (>1 year),0.0,0.3226450765008138,1.0
1-C25ene,Linear alkenes,Alkenes,Diesel,Medium (RON ~50-70),Poor (<3 months),0.0,0.2775777998905372,0.0
2-C25ene,Linear alkenes,Alkenes,Gasoline,Medium (RON ~50-70),Poor (<3 months),0.0,0.2775777998905372,0.0
1-C26ene,Linear alkenes,Alkenes,Diesel,Medium (RON ~50-70),Excellent (>1 year),0.0,0.2362788200434235,1.0
2-C26ene,Linear alkenes,Alkenes,Gasoline,Medium (RON ~50-70),Excellent (>1 year),0.0,0.2362788200434235,1.0
1-C27ene,Linear alkenes,Alkenes,Diesel,Medium (RON ~50-70),Excellent (>1 year),0.0,0.1990084362072005,1.0
2-C27ene,Linear alkenes,Alkenes,Gasoline,Medium (RON ~50-70),Excellent (>1 year),0.0,0.1990084362072005,1.0
1-C28ene,Linear alkenes,Alkenes,Diesel,Medium (RON ~50-70),Excellent (>1 year),0.0,0.1658624962763578,1.0
2-C28ene,Linear alkenes,Alkenes,Gasoline,Medium (RON ~50-70),Excellent (>1 year),0.0,0.1658624962763578,1.0
1-C29ene,Linear alkenes,Alkenes,Diesel,Medium (RON ~50-70),Poor (<3 months),0.0,0.1367967716715775,0.0
2-C29ene,Linear alkenes,Alkenes,Gasoline,Medium (RON ~50-70),Poor (<3 months),0.0,0.1367967716715775,0.0
Benzene,Aromatics,Aromatics,Gasoline,Medium (RON ~50-70),Poor (<3 months),0.0,0.6708107224695223,0.0
C1-Benzene,Aromatics,Aromatics,Gasoline,High (RON ~90-120),Poor (<3 months),0.0,0.7281423462110928,0.0
C2-Benzene,Aromatics,Aromatics,Gasoline,High (RON ~90-120),Excellent (>1 year),0.0,0.7757067006443555,1.0
C3-Benzene,Aromatics,Aromatics,Gasoline,High (RON ~90-120),Poor (<3 months),0.0,0.8126274147250935,0.0
C4-Benzene,Aromatics,Aromatics,Gasoline,High (RON ~90-120),Excellent (>1 year),0.0,0.8382937103202426,1.0
C5-Benzene,Aromatics,Aromatics,Gasoline,High (RON ~90-120),Excellent (>1 year),0.0,0.8524106468242886,1.0
C6-Benzene,Aromatics,Aromatics,Gasoline,High (RON ~90-120),Excellent (>1 year),0.0,0.8550239388005095,1.0
C7-Benzene,Aromatics,Aromatics,Gasoline,High (RON ~90-120),Excellent (>1 year),0.0,0.8465212890838342,1.0
C8-Benzene,Aromatics,Aromatics,Gasoline,High (RON ~90-120),Excellent (>1 year),0.0,0.8276126144218086,1.0
C9-Benzene,Aromatics,Aromatics,Gasoline,High (RON ~90-120),Poor (<3 months),0.0,0.7992922316332497,0.0
o-Xylene,Aromatics,Aromatics,Gasoline,High (RON ~90-120),Excellent (>1 year),0.0,0.7757067006443555,1.0
m-Xylene,Aromatics,Aromatics,Gasoline,High (RON ~90-120),Poor (<3 months),0.0,0.7757067006443555,0.0
p-Xylene,Aromatics,Aromatics,Gasoline,High (RON ~90-120),Poor (<3 months),0.0,0.7757067006443555,0.0
"1,2,3-Trimethylbenzene",Aromatics,Aromatics,Gasoline,High (RON ~90-120),Poor (<3 months),0.0,0.8126274147250935,0.0
"1,2,4-Trimethylbenzene",Aromatics,Aromatics,Gasoline,High (RON ~90-120),Poor (<3 months),0.0,0.8126274147250935,0.0
"1,3,5-Trimethylbenzene",Aromatics,Aromatics,Gasoline,High (RON ~90-120),Poor (<3 months),0.0,0.8126274147250935,0.0
Naphthalene,Naphthalenes,Aromatics,Diesel,High (RON ~90-120),Excellent (>1 year),0.0,0.8659738853879211,1.0
C1-Naphthalene,Naphthalenes,Aromatics,Diesel,High (RON ~90-120),Excellent (>1 year),0.0,0.8823321333761461,1.0
C2-Naphthalene,Naphthalenes,Aromatics,Diesel,High (RON ~90-120),Excellent (>1 year),0.0,0.8871695641189951,1.0
C3-Naphthalene,Naphthalenes,Aromatics,Diesel,High (RON ~90-120),Excellent (>1 year),0.0,0.8807252319144165,1.0
C4-Naphthalene,Naphthalenes,Aromatics,Diesel,High (RON ~90-120),Excellent (>1 year),0.0,0.8635826457283369,1.0
C5-Naphthalene,Naphthalenes,Aromatics,Diesel,High (RON ~90-120),Poor (<3 months),0.0,0.8366345282279528,0.0
C6-Naphthalene,Naphthalenes,Aromatics,Diesel,High (RON ~90-120),Poor (<3 months),0.0,0.8010330089782766,0.0
C7-Naphthalene,Naphthalenes,Aromatics,Diesel,High (RON ~90-120),Excellent (>1 year),0.0,0.7581289039374206,1.0
Anthracene,Polycyclic aromatics,Aromatics,Heavy oil,High (RON ~90-120),Excellent (>1 year),0.0,0.9121597697289986,1.0
1-Methyl-Anthracene,Polycyclic aromatics,Aromatics,Heavy oil,High (RON ~90-120),Excellent (>1 year),0.0,0.8872725655988339,1.0
2-Methyl-Anthracene,Polycyclic aromatics,Aromatics,Heavy oil,High (RON ~90-120),Poor (<3 months),0.0,0.8531403819071459,0.0
3-Methyl-Anthracene,Polycyclic aromatics,Aromatics,Heavy oil,High (RON ~90-120),Excellent (>1 year),0.0004380200330671,0.8110331530706835,1.0
Phenanthrene,Polycyclic aromatics,Aromatics,Heavy oil,High (RON ~90-120),Excellent (>1 year),0.0,0.9121597697289986,1.0
1-Methyl-Phenanthrene,Polycyclic aromatics,Aromatics,Heavy oil,High (RON ~90-120),Excellent (>1 year),0.0,0.8872725655988339,1.0
2-Methyl-Phenanthrene,Polycyclic aromatics,Aromatics,Heavy oil,High (RON ~90-120),Poor (<3 months),0.0,0.8531403819071459,0.0
3-Methyl-Phenanthrene,Polycyclic aromatics,Aromatics,Heavy oil,High (RON ~90-120),Excellent (>1 year),0.0004380200330671,0.8110331530706835,1.0
Pyrene,Polycyclic aromatics,Aromatics,Heavy oil,High (RON ~90-120),Poor (<3 months),0.0,0.8663517515759125,0.0
1-Methyl-Pyrene,Polycyclic aromatics,Aromatics,Heavy oil,High (RON ~90-120),Excellent (>1 year),0.0,0.8244936896157422,1.0
2-Methyl-Pyrene,Polycyclic aromatics,Aromatics,Heavy oil,High (RON ~90-120),Excellent (>1 year),0.0001531910194915,0.7759226759439402,1.0
3-Methyl-Pyrene,Polycyclic aromatics,Aromatics,Heavy oil,High (RON ~90-120),Excellent (>1 year),0.0,0.7221745020810968,1.0
Chrysene,Polycyclic aromatics,Aromatics,Heavy oil,High (RON ~90-120),Excellent (>1 year),0.0011824558083363,0.7895640998929385,1.0
1-Methyl-Chrysene,Polycyclic aromatics,Aromatics,Heavy oil,High (RON ~90-120),Excellent (>1 year),0.0,0.7357242123597229,1.0
2-Methyl-Chrysene,Polycyclic aromatics,Aromatics,Heavy oil,Medium (RON ~50-70),Excellent (>1 year),0.0008301292446896,0.6781018688846423,1.0
3-Methyl-Chrysene,Polycyclic aromatics,Aromatics,Heavy oil,Medium (RON ~50-70),Excellent (>1 year),0.0,0.6182540629836369,1.0
Benzo[a]pyrene,Polycyclic aromatics,Aromatics,Heavy oil,Medium (RON ~50-70),Excellent (>1 year),0.0,0.6915267186889178,1.0
1-Methyl-Benzo[a]pyrene,Polycyclic aromatics,Aromatics,Heavy oil,Medium (RON ~50-70),Excellent (>1 year),0.0,0.6312563062595281,1.0
2-Methyl-Benzo[a]pyrene,Polycyclic aromatics,Aromatics,Heavy oil,Medium (RON ~50-70),Poor (<3 months),0.0,0.5700838815244396,0.0
3-Methyl-Benzo[a]pyrene,Polycyclic aromatics,Aromatics,Heavy oil,Medium (RON ~50-70),Poor (<3 months),0.0,0.5093755761470443,0.0
Aromatic-C18-402,Aromatics,Aromatics,Diesel,Medium (RON ~50-70),Poor (<3 months),0.0,0.6709119647435305,0.0
Aromatic-C19-403,Aromatics,Aromatics,Diesel,Medium (RON ~50-70),Poor (<3 months),0.0,0.6185781341000893,0.0
Aromatic-C20-404,Aromatics,Aromatics,Diesel,Medium (RON ~50-70),Poor (<3 months),0.0,0.56399814184084,0.0
Aromatic-C6-405,Aromatics,Aromatics,Gasoline,Medium (RON ~50-70),Poor (<3 months),0.0,0.6708107224695223,0.0
Aromatic-C7-406,Aromatics,Aromatics,Gasoline,High (RON ~90-120),Poor (<3 months),0.0,0.7281423462110928,0.0
Aromatic-C8-407,Aromatics,Aromatics,Gasoline,High (RON ~90-120),Excellent (>1 year),0.0,0.7757067006443555,1.0
Aromatic-C9-408,Aromatics,Aromatics,Gasoline,High (RON ~90-120),Poor (<3 months),0.0,0.8126274147250935,0.0
Aromatic-C10-409,Aromatics,Aromatics,Gasoline,High (RON ~90-120),Excellent (>1 year),0.0,0.8382937103202426,1.0
Aromatic-C11-410,Aromatics,Aromatics,Gasoline,High (RON ~90-120),Excellent (>1 year),0.0,0.8524106468242886,1.0
Aromatic-C12-411,Aromatics,Aromatics,Gasoline,High (RON ~90-120),Excellent (>1 year),0.0,0.8550239388005095,1.0
Aromatic-C13-412,Aromatics,Aromatics,Diesel,High (RON ~90-120),Excellent (>1 year),0.0,0.8465212890838342,1.0
Aromatic-C14-413,Aromatics,Aromatics,Diesel,High (RON ~90-120),Excellent (>1 year),0.0,0.8276126144218086,1.0
Aromatic-C15-414,Aromatics,Aromatics,Diesel,High (RON ~90-120),Poor (<3 months),0.0,0.7992922316332497,0.0
Aromatic-C16-415,Aromatics,Aromatics,Diesel,High (RON ~90-120),Poor (<3 months),0.0,0.7627867925383021,0.0
Aromatic-C17-416,Aromatics,Aromatics,Diesel,High (RON ~90-120),Poor (<3 months),0.0,0.7194933175068952,0.0
Aromatic-C18-417,Aromatics,Aromatics,Diesel,Medium (RON ~50-70),Poor (<3 months),0.0,0.6709119647435305,0.0
Aromatic-C19-418,Aromatics,Aromatics,Diesel,Medium (RON ~50-70),Poor (<3 months),0.0,0.6185781341000893,0.0
Aromatic-C20-419,Aromatics,Aromatics,Diesel,Medium (RON ~50-70),Poor (<3 months),0.0,0.56399814184084,0.0
Aromatic-C6-420,Aromatics,Aromatics,Gasoline,Medium (RON ~50-70),Poor (<3 months),0.0,0.6708107224695223,0.0
Aromatic-C7-421,Aromatics,Aromatics,Gasoline,High (RON ~90-120),Poor (<3 months),0.0,0.7281423462110928,0.0
Aromatic-C8-422,Aromatics,Aromatics,Gasoline,High (RON ~90-120),Excellent (>1 year),0.0,0.7757067006443555,1.0
Aromatic-C9-423,Aromatics,Aromatics,Gasoline,High (RON ~90-120),Poor (<3 months),0.0,0.8126274147250935,0.0
Aromatic-C10-424,Aromatics,Aromatics,Gasoline,High (RON ~90-120),Excellent (>1 year),0.0,0.8382937103202426,1.0
Aromatic-C11-425,Aromatics,Aromatics,Gasoline,High (RON ~90-120),Excellent (>1 year),0.0,0.8524106468242886,1.0
Aromatic-C12-426,Aromatics,Aromatics,Gasoline,High (RON ~90-120),Excellent (>1 year),0.0,0.8550239388005095,1.0
Aromatic-C13-427,Aromatics,Aromatics,Diesel,High (RON ~90-120),Excellent (>1 year),0.0,0.8465212890838342,1.0
Aromatic-C14-428,Aromatics,Aromatics,Diesel,High (RON ~90-120),Excellent (>1 year),0.0,0.8276126144218086,1.0
Aromatic-C15-429,Aromatics,Aromatics,Diesel,High (RON ~90-120),Poor (<3 months),0.0,0.7992922316332497,0.0
Aromatic-C16-430,Aromatics,Aromatics,Diesel,High (RON ~90-120),Poor (<3 months),0.0,0.7627867925383021,0.0
Aromatic-C17-431,Aromatics,Aromatics,Diesel,High (RON ~90-120),Poor (<3 months),0.0,0.7194933175068952,0.0
Aromatic-C18-432,Aromatics,Aromatics,Diesel,Medium (RON ~50-70),Poor (<3 months),0.0,0.6709119647435305,0.0
Aromatic-C19-433,Aromatics,Aromatics,Diesel,Medium (RON ~50-70),Poor (<3 months),0.0,0.6185781341000893,0.0
Aromatic-C20-434,Aromatics,Aromatics,Diesel,Medium (RON ~50-70),Poor (<3 months),0.0,0.56399814184084,0.0
Aromatic-C6-435,Aromatics,Aromatics,Gasoline,Medium (RON ~50-70),Poor (<3 months),0.0,0.6708107224695223,0.0
Aromatic-C7-436,Aromatics,Aromatics,Gasoline,High (RON ~90-120),Poor (<3 months),0.0,0.7281423462110928,0.0
Aromatic-C8-437,Aromatics,Aromatics,Gasoline,High (RON ~90-120),Excellent (>1 year),0.0,0.7757067006443555,1.0
Aromatic-C9-438,Aromatics,Aromatics,Gasoline,High (RON ~90-120),Poor (<3 months),0.0,0.8126274147250935,0.0
Aromatic-C10-439,Aromatics,Aromatics,Gasoline,High (RON ~90-120),Excellent (>1 year),0.0,0.8382937103202426,1.0
Aromatic-C11-440,Aromatics,Aromatics,Gasoline,High (RON ~90-120),Excellent (>1 year),0.0,0.8524106468242886,1.0
Aromatic-C12-441,Aromatics,Aromatics,Gasoline,High (RON ~90-120),Excellent (>1 year),0.0,0.8550239388005095,1.0
Aromatic-C13-442,Aromatics,Aromatics,Diesel,High (RON ~90-120),Excellent (>1 year),0.0,0.8465212890838342,1.0
Aromatic-C14-443,Aromatics,Aromatics,Diesel,High (RON ~90-120),Excellent (>1 year),0.0,0.8276126144218086,1.0
Aromatic-C15-444,Aromatics,Aromatics,Diesel,High (RON ~90-120),Poor (<3 months),0.0,0.7992922316332497,0.0
Aromatic-C16-445,Aromatics,Aromatics,Diesel,High (RON ~90-120),Poor (<3 months),0.0,0.7627867925383021,0.0
Aromatic-C17-446,Aromatics,Aromatics,Diesel,High (RON ~90-120),Poor (<3 months),0.0,0.7194933175068952,0.0
Aromatic-C18-447,Aromatics,Aromatics,Diesel,Medium (RON ~50-70),Poor (<3 months),0.0,0.6709119647435305,0.0
Aromatic-C19-448,Aromatics,Aromatics,Diesel,Medium (RON ~50-70),Poor (<3 months),0.0,0.6185781341000893,0.0
Aromatic-C20-449,Aromatics,Aromatics,Diesel,Medium (RON ~50-70),Poor (<3 months),0.0,0.56399814184084,0.0
Aromatic-C6-450,Aromatics,Aromatics,Gasoline,Medium (RON ~50-70),Poor (<3 months),0.0,0.6708107224695223,0.0
Aromatic-C7-451,Aromatics,Aromatics,Gasoline,High (RON ~90-120),Poor (<3 months),0.0,0.7281423462110928,0.0
Aromatic-C8-452,Aromatics,Aromatics,Gasoline,High (RON ~90-120),Excellent (>1 year),0.0,0.7757067006443555,1.0
Aromatic-C9-453,Aromatics,Aromatics,Gasoline,High (RON ~90-120),Poor (<3 months),0.0,0.8126274147250935,0.0
Aromatic-C10-454,Aromatics,Aromatics,Gasoline,High (RON ~90-120),Excellent (>1 year),0.0,0.8382937103202426,1.0
Aromatic-C11-455,Aromatics,Aromatics,Gasoline,High (RON ~90-120),Excellent (>1 year),0.0,0.8524106468242886,1.0
Aromatic-C12-456,Aromatics,Aromatics,Gasoline,High (RON ~90-120),Excellent (>1 year),0.0,0.8550239388005095,1.0
Aromatic-C13-457,Aromatics,Aromatics,Diesel,High (RON ~90-120),Excellent (>1 year),0.0,0.8465212890838342,1.0
Aromatic-C14-458,Aromatics,Aromatics,Diesel,High (RON ~90-120),Excellent (>1 year),0.0,0.8276126144218086,1.0
Aromatic-C15-459,Aromatics,Aromatics,Diesel,High (RON ~90-120),Poor (<3 months),0.0,0.7992922316332497,0.0
Aromatic-C16-460,Aromatics,Aromatics,Diesel,High (RON ~90-120),Poor (<3 months),0.0,0.7627867925383021,0.0
Aromatic-C17-461,Aromatics,Aromatics,Diesel,High (RON ~90-120),Poor (<3 months),0.0,0.7194933175068952,0.0
Aromatic-C18-462,Aromatics,Aromatics,Diesel,Medium (RON ~50-70),Poor (<3 months),0.0,0.6709119647435305,0.0
Aromatic-C19-463,Aromatics,Aromatics,Diesel,Medium (RON ~50-70),Poor (<3 months),0.0,0.6185781341000893,0.0
Aromatic-C20-464,Aromatics,Aromatics,Diesel,Medium (RON ~50-70),Poor (<3 months),0.0,0.56399814184084,0.0
Aromatic-C6-465,Aromatics,Aromatics,Gasoline,Medium (RON ~50-70),Poor (<3 months),0.0,0.6708107224695223,0.0
Aromatic-C7-466,Aromatics,Aromatics,Gasoline,High (RON ~90-120),Poor (<3 months),0.0,0.7281423462110928,0.0
Aromatic-C8-467,Aromatics,Aromatics,Gasoline,High (RON ~90-120),Excellent (>1 year),0.0,0.7757067006443555,1.0
Aromatic-C9-468,Aromatics,Aromatics,Gasoline,High (RON ~90-120),Poor (<3 months),0.0,0.8126274147250935,0.0
Aromatic-C10-469,Aromatics,Aromatics,Gasoline,High (RON ~90-120),Excellent (>1 year),0.0,0.8382937103202426,1.0
Aromatic-C11-470,Aromatics,Aromatics,Gasoline,High (RON ~90-120),Excellent (>1 year),0.0,0.8524106468242886,1.0
Aromatic-C12-471,Aromatics,Aromatics,Gasoline,High (RON ~90-120),Excellent (>1 year),0.0,0.8550239388005095,1.0
Aromatic-C13-472,Aromatics,Aromatics,Diesel,High (RON ~90-120),Excellent (>1 year),0.0,0.8465212890838342,1.0
Aromatic-C14-473,Aromatics,Aromatics,Diesel,High (RON ~90-120),Excellent (>1 year),0.0,0.8276126144218086,1.0
Aromatic-C15-474,Aromatics,Aromatics,Diesel,High (RON ~90-120),Poor (<3 months),0.0,0.7992922316332497,0.0
Aromatic-C16-475,Aromatics,Aromatics,Diesel,High (RON ~90-120),Poor (<3 months),0.0,0.7627867925383021,0.0
Aromatic-C17-476,Aromatics,Aromatics,Diesel,High (RON ~90-120),Poor (<3 months),0.0,0.7194933175068952,0.0
Aromatic-C18-477,Aromatics,Aromatics,Diesel,Medium (RON ~50-70),Poor (<3 months),0.0,0.6709119647435305,0.0
Aromatic-C19-478,Aromatics,Aromatics,Diesel,Medium (RON ~50-70),Poor (<3 months),0.0,0.6185781341000893,0.0
Aromatic-C20-479,Aromatics,Aromatics,Diesel,Medium (RON ~50-70),Poor (<3 months),0.0,0.56399814184084,0.0
Aromatic-C6-480,Aromatics,Aromatics,Gasoline,Medium (RON ~50-70),Poor (<3 months),0.0,0.6708107224695223,0.0
Aromatic-C7-481,Aromatics,Aromatics,Gasoline,High (RON ~90-120),Poor (<3 months),0.0,0.7281423462110928,0.0
Aromatic-C8-482,Aromatics,Aromatics,Gasoline,High (RON ~90-120),Excellent (>1 year),0.0,0.7757067006443555,1.0
Aromatic-C9-483,Aromatics,Aromatics,Gasoline,High (RON ~90-120),Poor (<3 months),0.0,0.8126274147250935,0.0
Aromatic-C10-484,Aromatics,Aromatics,Gasoline,High (RON ~90-120),Excellent (>1 year),0.0,0.8382937103202426,1.0
Aromatic-C11-485,Aromatics,Aromatics,Gasoline,High (RON ~90-120),Excellent (>1 year),0.0,0.8524106468242886,1.0
Aromatic-C12-486,Aromatics,Aromatics,Gasoline,High (RON ~90-120),Excellent (>1 year),0.0,0.8550239388005095,1.0
Aromatic-C13-487,Aromatics,Aromatics,Diesel,High (RON ~90-120),Excellent (>1 year),0.0,0.8465212890838342,1.0
Aromatic-C14-488,Aromatics,Aromatics,Diesel,High (RON ~90-120),Excellent (>1 year),0.0,0.8276126144218086,1.0
Aromatic-C15-489,Aromatics,Aromatics,Diesel,High (RON ~90-120),Poor (<3 months),0.0,0.7992922316332497,0.0
Aromatic-C16-490,Aromatics,Aromatics,Diesel,High (RON ~90-120),Poor (<3 months),0.0,0.7627867925383021,0.0
Aromatic-C17-491,Aromatics,Aromatics,Diesel,High (RON ~90-120),Poor (<3 months),0.0,0.7194933175068952,0.0
Aromatic-C18-492,Aromatics,Aromatics,Diesel,Medium (RON ~50-70),Poor (<3 months),0.0,0.6709119647435305,0.0
Aromatic-C19-493,Aromatics,Aromatics,Diesel,Medium (RON ~50-70),Poor (<3 months),0.0,0.6185781341000893,0.0
Aromatic-C20-494,Aromatics,Aromatics,Diesel,Medium (RON ~50-70),Poor (<3 months),0.0,0.56399814184084,0.0
Aromatic-C6-495,Aromatics,Aromatics,Gasoline,Medium (RON ~50-70),Poor (<3 months),0.0,0.6708107224695223,0.0
Aromatic-C7-496,Aromatics,Aromatics,Gasoline,High (RON ~90-120),Poor (<3 months),0.0,0.7281423462110928,0.0
Aromatic-C8-497,Aromatics,Aromatics,Gasoline,High (RON ~90-120),Excellent (>1 year),0.0,0.7757067006443555,1.0
Aromatic-C9-498,Aromatics,Aromatics,Gasoline,High (RON ~90-120),Poor (<3 months),0.0,0.8126274147250935,0.0
Aromatic-C10-499,Aromatics,Aromatics,Gasoline,High (RON ~90-120),Excellent (>1 year),0.0,0.8382937103202426,1.0
Aromatic-C11-500,Aromatics,Aromatics,Gasoline,High (RON ~90-120),Excellent (>1 year),0.0,0.8524106468242886,1.0
Aromatic-C12-501,Aromatics,Aromatics,Gasoline,High (RON ~90-120),Excellent (>1 year),0.0,0.8550239388005095,1.0
Aromatic-C13-502,Aromatics,Aromatics,Diesel,High (RON ~90-120),Excellent (>1 year),0.0,0.8465212890838342,1.0
Aromatic-C14-503,Aromatics,Aromatics,Diesel,High (RON ~90-120),Excellent (>1 year),0.0,0.8276126144218086,1.0
Aromatic-C15-504,Aromatics,Aromatics,Diesel,High (RON ~90-120),Poor (<3 months),0.0,0.7992922316332497,0.0
Aromatic-C16-505,Aromatics,Aromatics,Diesel,High (RON ~90-120),Poor (<3 months),0.0,0.7627867925383021,0.0
Aromatic-C17-506,Aromatics,Aromatics,Diesel,High (RON ~90-120),Poor (<3 months),0.0,0.7194933175068952,0.0
Aromatic-C18-507,Aromatics,Aromatics,Diesel,Medium (RON ~50-70),Poor (<3 months),0.0,0.6709119647435305,0.0
Aromatic-C19-508,Aromatics,Aromatics,Diesel,Medium (RON ~50-70),Poor (<3 months),0.0,0.6185781341000893,0.0
Aromatic-C20-509,Aromatics,Aromatics,Diesel,Medium (RON ~50-70),Poor (<3 months),0.0,0.56399814184084,0.0
Aromatic-C6-510,Aromatics,Aromatics,Gasoline,Medium (RON ~50-70),Poor (<3 months),0.0,0.6708107224695223,0.0
Aromatic-C7-511,Aromatics,Aromatics,Gasoline,High (RON ~90-120),Poor (<3 months),0.0,0.7281423462110928,0.0
Aromatic-C8-512,Aromatics,Aromatics,Gasoline,High (RON ~90-120),Excellent (>1 year),0.0,0.7757067006443555,1.0
Aromatic-C9-513,Aromatics,Aromatics,Gasoline,High (RON ~90-120),Poor (<3 months),0.0,0.8126274147250935,0.0
Aromatic-C10-514,Aromatics,Aromatics,Gasoline,High (RON ~90-120),Excellent (>1 year),0.0,0.8382937103202426,1.0
Aromatic-C11-515,Aromatics,Aromatics,Gasoline,High (RON ~90-120),Excellent (>1 year),0.0,0.8524106468242886,1.0
Aromatic-C12-516,Aromatics,Aromatics,Gasoline,High (RON ~90-120),Excellent (>1 year),0.0,0.8550239388005095,1.0
Aromatic-C13-517,Aromatics,Aromatics,Diesel,High (RON ~90-120),Excellent (>1 year),0.0,0.8465212890838342,1.0
Aromatic-C14-518,Aromatics,Aromatics,Diesel,High (RON ~90-120),Excellent (>1 year),0.0,0.8276126144218086,1.0
Aromatic-C15-519,Aromatics,Aromatics,Diesel,High (RON ~90-120),Poor (<3 months),0.0,0.7992922316332497,0.0
Aromatic-C16-520,Aromatics,Aromatics,Diesel,High (RON ~90-120),Poor (<3 months),0.0,0.7627867925383021,0.0
Aromatic-C17-521,Aromatics,Aromatics,Diesel,High (RON ~90-120),Poor (<3 months),0.0,0.7194933175068952,0.0
Aromatic-C18-522,Aromatics,Aromatics,Diesel,Medium (RON ~50-70),Poor (<3 months),0.0,0.6709119647435305,0.0
Aromatic-C19-523,Aromatics,Aromatics,Diesel,Medium (RON ~50-70),Poor (<3 months),0.0,0.6185781341000893,0.0
Aromatic-C20-524,Aromatics,Aromatics,Diesel,Medium (RON ~50-70),Poor (<3 months),0.0,0.56399814184084,0.0
Aromatic-C6-525,Aromatics,Aromatics,Gasoline,Medium (RON ~50-70),Poor (<3 months),0.0,0.6708107224695223,0.0
Aromatic-C7-526,Aromatics,Aromatics,Gasoline,High (RON ~90-120),Poor (<3 months),0.0,0.7281423462110928,0.0
Aromatic-C8-527,Aromatics,Aromatics,Gasoline,High (RON ~90-120),Excellent (>1 year),0.0,0.7757067006443555,1.0
Aromatic-C9-528,Aromatics,Aromatics,Gasoline,High (RON ~90-120),Poor (<3 months),0.0,0.8126274147250935,0.0
Aromatic-C10-529,Aromatics,Aromatics,Gasoline,High (RON ~90-120),Excellent (>1 year),0.0,0.8382937103202426,1.0
Aromatic-C11-530,Aromatics,Aromatics,Gasoline,High (RON ~90-120),Excellent (>1 year),0.0,0.8524106468242886,1.0
Aromatic-C12-531,Aromatics,Aromatics,Gasoline,High (RON ~90-120),Excellent (>1 year),0.0,0.8550239388005095,1.0
Aromatic-C13-532,Aromatics,Aromatics,Diesel,High (RON ~90-120),Excellent (>1 year),0.0,0.8465212890838342,1.0
Aromatic-C14-533,Aromatics,Aromatics,Diesel,High (RON ~90-120),Excellent (>1 year),0.0,0.8276126144218086,1.0
Aromatic-C15-534,Aromatics,Aromatics,Diesel,High (RON ~90-120),Poor (<3 months),0.0,0.7992922316332497,0.0
Aromatic-C16-535,Aromatics,Aromatics,Diesel,High (RON ~90-120),Poor (<3 months),0.0,0.7627867925383021,0.0
Aromatic-C17-536,Aromatics,Aromatics,Diesel,High (RON ~90-120),Poor (<3 months),0.0,0.7194933175068952,0.0
Aromatic-C18-537,Aromatics,Aromatics,Diesel,Medium (RON ~50-70),Poor (<3 months),0.0,0.6709119647435305,0.0
Aromatic-C19-538,Aromatics,Aromatics,Diesel,Medium (RON ~50-70),Poor (<3 months),0.0,0.6185781341000893,0.0
Aromatic-C20-539,Aromatics,Aromatics,Diesel,Medium (RON ~50-70),Poor (<3 months),0.0,0.56399814184084,0.0
Aromatic-C6-540,Aromatics,Aromatics,Gasoline,Medium (RON ~50-70),Poor (<3 months),0.0,0.6708107224695223,0.0
Aromatic-C7-541,Aromatics,Aromatics,Gasoline,High (RON ~90-120),Poor (<3 months),0.0,0.7281423462110928,0.0
Aromatic-C8-542,Aromatics,Aromatics,Gasoline,High (RON ~90-120),Excellent (>1 year),0.0,0.7757067006443555,1.0
Aromatic-C9-543,Aromatics,Aromatics,Gasoline,High (RON ~90-120),Poor (<3 months),0.0,0.8126274147250935,0.0
Aromatic-C10-544,Aromatics,Aromatics,Gasoline,High (RON ~90-120),Excellent (>1 year),0.0,0.8382937103202426,1.0
Aromatic-C11-545,Aromatics,Aromatics,Gasoline,High (RON ~90-120),Excellent (>1 year),0.0,0.8524106468242886,1.0
Aromatic-C12-546,Aromatics,Aromatics,Gasoline,High (RON ~90-120),Excellent (>1 year),0.0,0.8550239388005095,1.0
Aromatic-C13-547,Aromatics,Aromatics,Diesel,High (RON ~90-120),Excellent (>1 year),0.0,0.8465212890838342,1.0
Aromatic-C14-548,Aromatics,Aromatics,Diesel,High (RON ~90-120),Excellent (>1 year),0.0,0.8276126144218086,1.0
Aromatic-C15-549,Aromatics,Aromatics,Diesel,High (RON ~90-120),Poor (<3 months),0.0,0.7992922316332497,0.0
Aromatic-C16-550,Aromatics,Aromatics,Diesel,High (RON ~90-120),Poor (<3 months),0.0,0.7627867925383021,0.0
Aromatic-C17-551,Aromatics,Aromatics,Diesel,High (RON ~90-120),Poor (<3 months),0.0,0.7194933175068952,0.0
Aromatic-C18-552,Aromatics,Aromatics,Diesel,Medium (RON ~50-70),Poor (<3 months),0.0,0.6709119647435305,0.0
Aromatic-C19-553,Aromatics,Aromatics,Diesel,Medium (RON ~50-70),Poor (<3 months),0.0,0.6185781341000893,0.0
Aromatic-C20-554,Aromatics,Aromatics,Diesel,Medium (RON ~50-70),Poor (<3 months),0.0,0.56399814184084,0.0
Aromatic-C6-555,Aromatics,Aromatics,Gasoline,Medium (RON ~50-70),Poor (<3 months),0.0,0.6708107224695223,0.0
Aromatic-C7-556,Aromatics,Aromatics,Gasoline,High (RON ~90-120),Poor (<3 months),0.0,0.7281423462110928,0.0
Aromatic-C8-557,Aromatics,Aromatics,Gasoline,High (RON ~90-120),Excellent (>1 year),0.0,0.7757067006443555,1.0
Aromatic-C9-558,Aromatics,Aromatics,Gasoline,High (RON ~90-120),Poor (<3 months),0.0,0.8126274147250935,0.0
Aromatic-C10-559,Aromatics,Aromatics,Gasoline,High (RON ~90-120),Excellent (>1 year),0.0,0.8382937103202426,1.0
Aromatic-C11-560,Aromatics,Aromatics,Gasoline,High (RON ~90-120),Excellent (>1 year),0.0,0.8524106468242886,1.0
Aromatic-C12-561,Aromatics,Aromatics,Gasoline,High (RON ~90-120),Excellent (>1 year),0.0,0.8550239388005095,1.0
Aromatic-C13-562,Aromatics,Aromatics,Diesel,High (RON ~90-120),Excellent (>1 year),0.0,0.8465212890838342,1.0
Aromatic-C14-563,Aromatics,Aromatics,Diesel,High (RON ~90-120),Excellent (>1 year),0.0,0.8276126144218086,1.0
Aromatic-C15-564,Aromatics,Aromatics,Diesel,High (RON ~90-120),Poor (<3 months),0.0,0.7992922316332497,0.0
Aromatic-C16-565,Aromatics,Aromatics,Diesel,High (RON ~90-120),Poor (<3 months),0.0,0.7627867925383021,0.0
Aromatic-C17-566,Aromatics,Aromatics,Diesel,High (RON ~90-120),Poor (<3 months),0.0,0.7194933175068952,0.0
Aromatic-C18-567,Aromatics,Aromatics,Diesel,Medium (RON ~50-70),Poor (<3 months),0.0,0.6709119647435305,0.0
Aromatic-C19-568,Aromatics,Aromatics,Diesel,Medium (RON ~50-70),Poor (<3 months),0.0,0.6185781341000893,0.0
Aromatic-C20-569,Aromatics,Aromatics,Diesel,Medium (RON ~50-70),Poor (<3 months),0.0,0.56399814184084,0.0
Aromatic-C6-570,Aromatics,Aromatics,Gasoline,Medium (RON ~50-70),Poor (<3 months),0.0,0.6708107224695223,0.0
Aromatic-C7-571,Aromatics,Aromatics,Gasoline,High (RON ~90-120),Poor (<3 months),0.0,0.7281423462110928,0.0
Aromatic-C8-572,Aromatics,Aromatics,Gasoline,High (RON ~90-120),Excellent (>1 year),0.0,0.7757067006443555,1.0
Aromatic-C9-573,Aromatics,Aromatics,Gasoline,High (RON ~90-120),Poor (<3 months),0.0,0.8126274147250935,0.0
Aromatic-C10-574,Aromatics,Aromatics,Gasoline,High (RON ~90-120),Excellent (>1 year),0.0,0.8382937103202426,1.0
Aromatic-C11-575,Aromatics,Aromatics,Gasoline,High (RON ~90-120),Excellent (>1 year),0.0,0.8524106468242886,1.0
Aromatic-C12-576,Aromatics,Aromatics,Gasoline,High (RON ~90-120),Excellent (>1 year),0.0,0.8550239388005095,1.0
Aromatic-C13-577,Aromatics,Aromatics,Diesel,High (RON ~90-120),Excellent (>1 year),0.0,0.8465212890838342,1.0
Aromatic-C14-578,Aromatics,Aromatics,Diesel,High (RON ~90-120),Excellent (>1 year),0.0,0.8276126144218086,1.0
Aromatic-C15-579,Aromatics,Aromatics,Diesel,High (RON ~90-120),Poor (<3 months),0.0,0.7992922316332497,0.0
Aromatic-C16-580,Aromatics,Aromatics,Diesel,High (RON ~90-120),Poor (<3 months),0.0,0.7627867925383021,0.0
Aromatic-C17-581,Aromatics,Aromatics,Diesel,High (RON ~90-120),Poor (<3 months),0.0,0.7194933175068952,0.0
Aromatic-C18-582,Aromatics,Aromatics,Diesel,Medium (RON ~50-70),Poor (<3 months),0.0,0.6709119647435305,0.0
Aromatic-C19-583,Aromatics,Aromatics,Diesel,Medium (RON ~50-70),Poor (<3 months),0.0,0.6185781341000893,0.0
Aromatic-C20-584,Aromatics,Aromatics,Diesel,Medium (RON ~50-70),Poor (<3 months),0.0,0.56399814184084,0.0
Aromatic-C6-585,Aromatics,Aromatics,Gasoline,Medium (RON ~50-70),Poor (<3 months),0.0,0.6708107224695223,0.0
Aromatic-C7-586,Aromatics,Aromatics,Gasoline,High (RON ~90-120),Poor (<3 months),0.0,0.7281423462110928,0.0
Aromatic-C8-587,Aromatics,Aromatics,Gasoline,High (RON ~90-120),Excellent (>1 year),0.0,0.7757067006443555,1.0
Aromatic-C9-588,Aromatics,Aromatics,Gasoline,High (RON ~90-120),Poor (<3 months),0.0,0.8126274147250935,0.0
Aromatic-C10-589,Aromatics,Aromatics,Gasoline,High (RON ~90-120),Excellent (>1 year),0.0,0.8382937103202426,1.0
Aromatic-C11-590,Aromatics,Aromatics,Gasoline,High (RON ~90-120),Excellent (>1 year),0.0,0.8524106468242886,1.0
Aromatic-C12-591,Aromatics,Aromatics,Gasoline,High (RON ~90-120),Excellent (>1 year),0.0,0.8550239388005095,1.0
Aromatic-C13-592,Aromatics,Aromatics,Diesel,High (RON ~90-120),Excellent (>1 year),0.0,0.8465212890838342,1.0
Aromatic-C14-593,Aromatics,Aromatics,Diesel,High (RON ~90-120),Excellent (>1 year),0.0,0.8276126144218086,1.0
Aromatic-C15-594,Aromatics,Aromatics,Diesel,High (RON ~90-120),Poor (<3 months),0.0,0.7992922316332497,0.0
Aromatic-C16-595,Aromatics,Aromatics,Diesel,High (RON ~90-120),Poor (<3 months),0.0,0.7627867925383021,0.0
Aromatic-C17-596,Aromatics,Aromatics,Diesel,High (RON ~90-120),Poor (<3 months),0.0,0.7194933175068952,0.0
Aromatic-C18-597,Aromatics,Aromatics,Diesel,Medium (RON ~50-70),Poor (<3 months),0.0,0.6709119647435305,0.0
Aromatic-C19-598,Aromatics,Aromatics,Diesel,Medium (RON ~50-70),Poor (<3 months),0.0,0.6185781341000893,0.0
Aromatic-C20-599,Aromatics,Aromatics,Diesel,Medium (RON ~50-70),Poor (<3 months),0.0,0.56399814184084,0.0
"1,3-C4diene",Dienes,Dienes,Gasoline,Medium (RON ~50-70),Excellent (>1 year),0.0,0.5159684765241142,1.0
"1,3-C5diene",Dienes,Dienes,Gasoline,Medium (RON ~50-70),Poor (<3 months),0.0,0.5906265251375589,0.0
"1,3-C6diene",Dienes,Dienes,Gasoline,Medium (RON ~50-70),Poor (<3 months),0.0,0.6567659430495473,0.0
"1,4-C6diene",Dienes,Dienes,Gasoline,Medium (RON ~50-70),Poor (<3 months),0.0,0.6567659430495473,0.0
"1,3,5-C6triene",Trienes,Trienes,Gasoline,Medium (RON ~50-70),Poor (<3 months),0.0,0.663713543817052,0.0
"1,3-C7diene",Dienes,Dienes,Gasoline,Medium (RON ~50-70),Poor (<3 months),0.0,0.7135553481968472,0.0
"1,4-C7diene",Dienes,Dienes,Gasoline,Medium (RON ~50-70),Poor (<3 months),0.0,0.7135553481968472,0.0
"1,3,5-C7triene",Trienes,Trienes,Gasoline,Medium (RON ~50-70),Poor (<3 months),0.0,0.7208025456479025,0.0
"1,3-C8diene",Dienes,Dienes,Gasoline,Medium (RON ~50-70),Excellent (>1 year),0.0,0.7601286913435917,1.0
"1,4-C8diene",Dienes,Dienes,Gasoline,Medium (RON ~50-70),Excellent (>1 year),0.0,0.7601286913435917,1.0
"1,3,5-C8triene",Trienes,Trienes,Gasoline,Medium (RON ~50-70),Excellent (>1 year),0.0,0.7678895295639179,1.0
"1,3-C9diene",Dienes,Dienes,Gasoline,Medium-High (RON ~70-90),Poor (<3 months),0.0019190169384261,0.7957603120230345,0.0
"1,4-C9diene",Dienes,Dienes,Gasoline,Medium-High (RON ~70-90),Poor (<3 months),0.0019190169384261,0.7957603120230345,0.0
"1,3,5-C9triene",Trienes,Trienes,Gasoline,Medium (RON ~50-70),Poor (<3 months),0.0,0.8041766263851722,0.0
"1,3-C10diene",Dienes,Dienes,Gasoline,Medium (RON ~50-70),Excellent (>1 year),0.0,0.8199678758227772,1.0
"1,4-C10diene",Dienes,Dienes,Gasoline,Medium (RON ~50-70),Excellent (>1 year),0.0,0.8199678758227772,1.0
"1,3,5-C10triene",Trienes,Trienes,Gasoline,Medium (RON ~50-70),Excellent (>1 year),0.0,0.829119003974088,1.0
"1,3-C11diene",Dienes,Dienes,Gasoline,Medium-High (RON ~70-90),Excellent (>1 year),0.0007938567320796,0.8325714956720301,1.0
"1,4-C11diene",Dienes,Dienes,Gasoline,Medium-High (RON ~70-90),Excellent (>1 year),0.0007938567320796,0.8325714956720301,1.0
"1,3,5-C11triene",Trienes,Trienes,Gasoline,Medium-High (RON ~70-90),Excellent (>1 year),0.0025914499463397,0.8424803522659028,1.0
"1,3-C12diene",Dienes,Dienes,Gasoline,Medium (RON ~50-70),Excellent (>1 year),0.0,0.8337205480043967,1.0
"1,4-C12diene",Dienes,Dienes,Gasoline,Medium (RON ~50-70),Excellent (>1 year),0.0,0.8337205480043967,1.0
"1,3,5-C12triene",Trienes,Trienes,Gasoline,Medium (RON ~50-70),Excellent (>1 year),0.0,0.8443590545605798,1.0
"1,3-C13diene",Dienes,Dienes,Gasoline,Medium (RON ~50-70),Excellent (>1 year),0.0,0.8238940763538177,1.0
"1,4-C13diene",Dienes,Dienes,Gasoline,Medium (RON ~50-70),Excellent (>1 year),0.0,0.8238940763538177,1.0
"1,3,5-C13triene",Trienes,Trienes,Gasoline,Medium-High (RON ~70-90),Excellent (>1 year),0.0009279436357754,0.8351892182130224,1.0
"1,3-C14diene",Dienes,Dienes,Gasoline,Medium (RON ~50-70),Excellent (>1 year),0.0,0.803879030057381,1.0
"1,4-C14diene",Dienes,Dienes,Gasoline,Medium (RON ~50-70),Excellent (>1 year),0.0,0.803879030057381,1.0
"1,3,5-C14triene",Trienes,Trienes,Gasoline,Medium (RON ~50-70),Excellent (>1 year),0.0,0.8157199767273252,1.0
"1,3-C15diene",Dienes,Dienes,Gasoline,Medium (RON ~50-70),Poor (<3 months),0.0,0.7747304110865919,0.0
"1,4-C15diene",Dienes,Dienes,Gasoline,Medium (RON ~50-70),Poor (<3 months),0.0,0.7747304110865919,0.0
"1,3,5-C15triene",Trienes,Trienes,Gasoline,Medium (RON ~50-70),Poor (<3 months),0.0,0.7869766778386972,0.0
"1,3-C16diene",Dienes,Dienes,Gasoline,Medium (RON ~50-70),Excellent (>1 year),0.0,0.737717691839365,1.0
"1,4-C16diene",Dienes,Dienes,Gasoline,Medium (RON ~50-70),Excellent (>1 year),0.0,0.737717691839365,1.0
"1,3-C17diene",Dienes,Dienes,Gasoline,Medium (RON ~50-70),Excellent (>1 year),0.0,0.6942621693854965,1.0
"1,4-C17diene",Dienes,Dienes,Gasoline,Medium (RON ~50-70),Excellent (>1 year),0.0,0.6942621693854965,1.0
"1,3-C18diene",Dienes,Dienes,Gasoline,Medium (RON ~50-70),Excellent (>1 year),0.0,0.6458700267636568,1.0
"1,4-C18diene",Dienes,Dienes,Gasoline,Medium (RON ~50-70),Excellent (>1 year),0.0,0.6458700267636568,1.0
"1,3-C19diene",Dienes,Dienes,Gasoline,Medium (RON ~50-70),Excellent (>1 year),0.0,0.5940656944893868,1.0
"1,4-C19diene",Dienes,Dienes,Gasoline,Medium (RON ~50-70),Excellent (>1 year),0.0,0.5940656944893868,1.0
Cyclo-C3ene,Cycloalkenes,Cycloalkenes,Gasoline,Medium (RON ~50-70),Poor (<3 months),0.0,0.4332605783189569,0.0
1-Methyl-cyclo-C3ene,Cycloalkenes,Cycloalkenes,Gasoline,Medium (RON ~50-70),Excellent (>1 year),0.0,0.5159684765241142,1.0
2-Methyl-cyclo-C3ene,Cycloalkenes,Cycloalkenes,Gasoline,Medium (RON ~50-70),Poor (<3 months),0.0,0.5906265251375589,0.0
3-Methyl-cyclo-C3ene,Cycloalkenes,Cycloalkenes,Gasoline,Medium (RON ~50-70),Poor (<3 months),0.0,0.6567659430495473,0.0
4-Methyl-cyclo-C3ene,Cycloalkenes,Cycloalkenes,Gasoline,High (RON ~90-120),Poor (<3 months),0.0,0.7135553481968472,0.0
Cyclo-C4ene,Cycloalkenes,Cycloalkenes,Gasoline,Medium (RON ~50-70),Excellent (>1 year),0.0,0.5159684765241142,1.0
1-Methyl-cyclo-C4ene,Cycloalkenes,Cycloalkenes,Gasoline,Medium (RON ~50-70),Poor (<3 months),0.0,0.5906265251375589,0.0
2-Methyl-cyclo-C4ene,Cycloalkenes,Cycloalkenes,Gasoline,Medium (RON ~50-70),Poor (<3 months),0.0,0.6567659430495473,0.0
3-Methyl-cyclo-C4ene,Cycloalkenes,Cycloalkenes,Gasoline,High (RON ~90-120),Poor (<3 months),0.0,0.7135553481968472,0.0
4-Methyl-cyclo-C4ene,Cycloalkenes,Cycloalkenes,Gasoline,High (RON ~90-120),Excellent (>1 year),0.0,0.7601286913435917,1.0
Cyclo-C5ene,Cycloalkenes,Cycloalkenes,Gasoline,Medium (RON ~50-70),Poor (<3 months),0.0,0.5906265251375589,0.0
1-Methyl-cyclo-C5ene,Cycloalkenes,Cycloalkenes,Gasoline,Medium (RON ~50-70),Poor (<3 months),0.0,0.6567659430495473,0.0
2-Methyl-cyclo-C5ene,Cycloalkenes,Cycloalkenes,Gasoline,High (RON ~90-120),Poor (<3 months),0.0,0.7135553481968472,0.0
3-Methyl-cyclo-C5ene,Cycloalkenes,Cycloalkenes,Gasoline,High (RON ~90-120),Excellent (>1 year),0.0,0.7601286913435917,1.0
4-Methyl-cyclo-C5ene,Cycloalkenes,Cycloalkenes,Gasoline,High (RON ~90-120),Poor (<3 months),0.0019190169384261,0.7957603120230345,0.0
Cyclo-C6ene,Cycloalkenes,Cycloalkenes,Gasoline,Medium (RON ~50-70),Poor (<3 months),0.0,0.6567659430495473,0.0
1-Methyl-cyclo-C6ene,Cycloalkenes,Cycloalkenes,Gasoline,High (RON ~90-120),Poor (<3 months),0.0,0.7135553481968472,0.0
2-Methyl-cyclo-C6ene,Cycloalkenes,Cycloalkenes,Gasoline,High (RON ~90-120),Excellent (>1 year),0.0,0.7601286913435917,1.0
3-Methyl-cyclo-C6ene,Cycloalkenes,Cycloalkenes,Gasoline,High (RON ~90-120),Poor (<3 months),0.0019190169384261,0.7957603120230345,0.0
4-Methyl-cyclo-C6ene,Cycloalkenes,Cycloalkenes,Gasoline,High (RON ~90-120),Excellent (>1 year),0.0,0.8199678758227772,1.0
Cyclo-C7ene,Cycloalkenes,Cycloalkenes,Gasoline,High (RON ~90-120),Poor (<3 months),0.0,0.7135553481968472,0.0
1-Methyl-cyclo-C7ene,Cycloalkenes,Cycloalkenes,Gasoline,High (RON ~90-120),Excellent (>1 year),0.0,0.7601286913435917,1.0
2-Methyl-cyclo-C7ene,Cycloalkenes,Cycloalkenes,Gasoline,High (RON ~90-120),Poor (<3 months),0.0019190169384261,0.7957603120230345,0.0
3-Methyl-cyclo-C7ene,Cycloalkenes,Cycloalkenes,Gasoline,High (RON ~90-120),Excellent (>1 year),0.0,0.8199678758227772,1.0
4-Methyl-cyclo-C7ene,Cycloalkenes,Cycloalkenes,Gasoline,High (RON ~90-120),Excellent (>1 year),0.0007938567320796,0.8325714956720301,1.0
Cyclo-C8ene,Cycloalkenes,Cycloalkenes,Gasoline,High (RON ~90-120),Excellent (>1 year),0.0,0.7601286913435917,1.0
1-Methyl-cyclo-C8ene,Cycloalkenes,Cycloalkenes,Gasoline,High (RON ~90-120),Poor (<3 months),0.0019190169384261,0.7957603120230345,0.0
2-Methyl-cyclo-C8ene,Cycloalkenes,Cycloalkenes,Gasoline,High (RON ~90-120),Excellent (>1 year),0.0,0.8199678758227772,1.0
3-Methyl-cyclo-C8ene,Cycloalkenes,Cycloalkenes,Gasoline,High (RON ~90-120),Excellent (>1 year),0.0007938567320796,0.8325714956720301,1.0
4-Methyl-cyclo-C8ene,Cycloalkenes,Cycloalkenes,Gasoline,High (RON ~90-120),Excellent (>1 year),0.0,0.8337205480043967,1.0
Cyclo-C9ene,Cycloalkenes,Cycloalkenes,Gasoline,High (RON ~90-120),Poor (<3 months),0.0019190169384261,0.7957603120230345,0.0
1-Methyl-cyclo-C9ene,Cycloalkenes,Cycloalkenes,Gasoline,High (RON ~90-120),Excellent (>1 year),0.0,0.8199678758227772,1.0
2-Methyl-cyclo-C9ene,Cycloalkenes,Cycloalkenes,Gasoline,High (RON ~90-120),Excellent (>1 year),0.0007938567320796,0.8325714956720301,1.0
3-Methyl-cyclo-C9ene,Cycloalkenes,Cycloalkenes,Gasoline,High (RON ~90-120),Excellent (>1 year),0.0,0.8337205480043967,1.0
Cyclo-C10ene,Cycloalkenes,Cycloalkenes,Gasoline,High (RON ~90-120),Excellent (>1 year),0.0,0.8199678758227772,1.0
1-Methyl-cyclo-C10ene,Cycloalkenes,Cycloalkenes,Gasoline,High (RON ~90-120),Excellent (>1 year),0.0007938567320796,0.8325714956720301,1.0
2-Methyl-cyclo-C10ene,Cycloalkenes,Cycloalkenes,Gasoline,High (RON ~90-120),Excellent (>1 year),0.0,0.8337205480043967,1.0
Cyclo-C11ene,Cycloalkenes,Cycloalkenes,Gasoline,High (RON ~90-120),Excellent (>1 year),0.0007938567320796,0.8325714956720301,1.0
1-Methyl-cyclo-C11ene,Cycloalkenes,Cycloalkenes,Gasoline,High (RON ~90-120),Excellent (>1 year),0.0,0.8337205480043967,1.0
Thiophene,Thiophenes,Sulfur compounds,Diesel,Medium (RON ~50-70),Poor (<3 months),0.0,0.4378985501222853,0.0
C1-Thiophene,Thiophenes,Sulfur compounds,Diesel,Medium (RON ~50-70),Poor (<3 months),0.0,0.5097436512251877,0.0
C2-Thiophene,Thiophenes,Sulfur compounds,Diesel,Medium (RON ~50-70),Poor (<3 months),0.0,0.570165577733889,0.0
C3-Thiophene,Thiophenes,Sulfur compounds,Diesel,Medium (RON ~50-70),Excellent (>1 year),0.0,0.6190024666431586,1.0
C4-Thiophene,Thiophenes,Sulfur compounds,Diesel,Medium (RON ~50-70),Poor (<3 months),0.0,0.6560613469936937,0.0
C5-Thiophene,Thiophenes,Sulfur compounds,Diesel,Medium (RON ~50-70),Poor (<3 months),0.0,0.6812912717889563,0.0
Benzothiophene,Thiophenes,Sulfur compounds,Diesel,Medium (RON ~50-70),Poor (<3 months),0.0,0.6707224641819405,0.0
C1-Benzothiophene,Thiophenes,Sulfur compounds,Diesel,Medium (RON ~50-70),Poor (<3 months),0.0,0.6975237224163535,0.0
C2-Benzothiophene,Thiophenes,Sulfur compounds,Diesel,Medium (RON ~50-70),Poor (<3 months),0.0009439086240143,0.7126258811065046,0.0
C3-Benzothiophene,Thiophenes,Sulfur compounds,Diesel,Medium (RON ~50-70),Excellent (>1 year),0.0,0.7164015788305478,1.0
C4-Benzothiophene,Thiophenes,Sulfur compounds,Diesel,Medium (RON ~50-70),Excellent (>1 year),0.0,0.7095038549395202,1.0
C5-Benzothiophene,Thiophenes,Sulfur compounds,Diesel,Medium (RON ~50-70),Excellent (>1 year),0.0001984358848769,0.6928473539861444,1.0
Dibenzothiophene,Thiophenes,Sulfur compounds,Diesel,Medium (RON ~50-70),Excellent (>1 year),0.0,0.7300189299345253,1.0
C1-Dibenzothiophene,Thiophenes,Sulfur compounds,Diesel,Medium (RON ~50-70),Excellent (>1 year),0.0010612275457887,0.7143688452992216,1.0
C2-Dibenzothiophene,Thiophenes,Sulfur compounds,Diesel,Medium (RON ~50-70),Excellent (>1 year),0.0,0.6898093992135107,1.0
C3-Dibenzothiophene,Thiophenes,Sulfur compounds,Diesel,Medium (RON ~50-70),Excellent (>1 year),0.0,0.6576191276076894,1.0
C4-Dibenzothiophene,Thiophenes,Sulfur compounds,Diesel,Medium (RON ~50-70),Poor (<3 months),0.0002212083335753,0.619204707417333,0.0
C5-Dibenzothiophene,Thiophenes,Sulfur compounds,Diesel,Medium (RON ~50-70),Excellent (>1 year),0.0,0.5760376131522343,1.0
Petroleum-C11-697,Linear alkanes,Alkanes,Mixed,Low (RON ~0-50),Excellent (>1 year),0.0012115615859026,0.8128183517932119,1.0
Petroleum-C12-698,Linear alkanes,Alkanes,Mixed,Low (RON ~0-50),Excellent (>1 year),0.0,0.8125262685665692,1.0
Petroleum-C13-699,Linear alkanes,Alkanes,Mixed,Low (RON ~0-50),Excellent (>1 year),0.0,0.8014205114468184,1.0
Petroleum-C14-700,Linear alkanes,Alkanes,Mixed,Low (RON ~0-50),Excellent (>1 year),0.0,0.7803595749141533,1.0
Petroleum-C15-701,Linear alkanes,Alkanes,Mixed,Low (RON ~0-50),Excellent (>1 year),0.0,0.7504537250958354,1.0
Petroleum-C16-702,Linear alkanes,Alkanes,Mixed,Low (RON ~0-50),Excellent (>1 year),0.0,0.7130099647144913,1.0
Petroleum-C17-703,Linear alkanes,Alkanes,Mixed,Low (RON ~0-50),Excellent (>1 year),0.0008916945728187,0.6694688654569966,1.0
Petroleum-C18-704,Linear alkanes,Alkanes,Mixed,Low (RON ~0-50),Excellent (>1 year),0.0,0.6213381120750965,1.0
Petroleum-C19-705,Linear alkanes,Alkanes,Mixed,Low (RON ~0-50),Poor (<3 months),0.0,0.5701273044585125,0.0
Petroleum-C20-706,Linear alkanes,Alkanes,Mixed,Low (RON ~0-50),Excellent (>1 year),0.0,0.5172880014063855,1.0
Petroleum-C21-707,Linear alkanes,Alkanes,Mixed,Low (RON ~0-50),Excellent (>1 year),0.0,0.4641622042192316,1.0
Petroleum-C22-708,Linear alkanes,Alkanes,Mixed,Low (RON ~0-50),Poor (<3 months),0.0,0.411941542112675,0.0
Petroleum-C23-709,Linear alkanes,Alkanes,Mixed,Low (RON ~0-50),Excellent (>1 year),0.0,0.361638421829567,1.0
Petroleum-C24-710,Linear alkanes,Alkanes,Mixed,Low (RON ~0-50),Excellent (>1 year),0.0,0.3140694284635896,1.0
Petroleum-C25-711,Linear alkanes,Alkanes,Mixed,Low (RON ~0-50),Poor (<3 months),0.0,0.2698503910645006,0.0
Petroleum-C26-712,Linear alkanes,Alkanes,Mixed,Low (RON ~0-50),Excellent (>1 year),0.0,0.2294018148795772,1.0
Petroleum-C27-713,Linear alkanes,Alkanes,Mixed,Low (RON ~0-50),Excellent (>1 year),0.0,0.1929628696356923,1.0
Petroleum-C28-714,Linear alkanes,Alkanes,Mixed,Low (RON ~0-50),Excellent (>1 year),0.0,0.1606118242057447,1.0
Petroleum-C29-715,Linear alkanes,Alkanes,Mixed,Low (RON ~0-50),Poor (<3 months),0.0,0.1322907247732943,0.0
Petroleum-C30-716,Linear alkanes,Alkanes,Mixed,Low (RON ~0-50),Excellent (>1 year),0.0,0.1078322009129451,1.0
Petroleum-C31-717,Linear alkanes,Alkanes,Mixed,Low (RON ~0-50),Poor (<3 months),0.0,0.0869865141297069,0.0
Petroleum-C32-718,Linear alkanes,Alkanes,Mixed,Low (RON ~0-50),Poor (<3 months),0.0,0.0694472920615943,0.0
Petroleum-C33-719,Linear alkanes,Alkanes,Mixed,Low (RON ~0-50),Poor (<3 months),0.0,0.0548747734539561,0.0
Petroleum-C34-720,Linear alkanes,Alkanes,Mixed,Low (RON ~0-50),Excellent (>1 year),0.0,0.0429157825515955,1.0
Petroleum-C5-721,Linear alkanes,Alkanes,Mixed,Low (RON ~0-50),Poor (<3 months),0.0,0.5773514250774086,0.0
Petroleum-C6-722,Linear alkanes,Alkanes,Mixed,Low (RON ~0-50),Poor (<3 months),0.0,0.6432682093724612,0.0
Petroleum-C7-723,Linear alkanes,Alkanes,Mixed,Low (RON ~0-50),Excellent (>1 year),0.0,0.6993073420184516,1.0
Petroleum-C8-724,Linear alkanes,Alkanes,Mixed,Low (RON ~0-50),Excellent (>1 year),0.0,0.7447570440936945,1.0
Petroleum-C9-725,Linear alkanes,Alkanes,Mixed,Low (RON ~0-50),Poor (<3 months),0.0,0.7790206483870205,0.0
Petroleum-C10-726,Linear alkanes,Alkanes,Mixed,Low (RON ~0-50),Excellent (>1 year),0.0,0.8017320509825592,1.0
Petroleum-C11-727,Linear alkanes,Alkanes,Mixed,Low (RON ~0-50),Excellent (>1 year),0.0012115615859026,0.8128183517932119,1.0
Petroleum-C12-728,Linear alkanes,Alkanes,Mixed,Low (RON ~0-50),Excellent (>1 year),0.0,0.8125262685665692,1.0
Petroleum-C13-729,Linear alkanes,Alkanes,Mixed,Low (RON ~0-50),Excellent (>1 year),0.0,0.8014205114468184,1.0
Petroleum-C14-730,Linear alkanes,Alkanes,Mixed,Low (RON ~0-50),Excellent (>1 year),0.0,0.7803595749141533,1.0
Petroleum-C15-731,Linear alkanes,Alkanes,Mixed,Low (RON ~0-50),Excellent (>1 year),0.0,0.7504537250958354,1.0
Petroleum-C16-732,Linear alkanes,Alkanes,Mixed,Low (RON ~0-50),Excellent (>1 year),0.0,0.7130099647144913,1.0
Petroleum-C17-733,Linear alkanes,Alkanes,Mixed,Low (RON ~0-50),Excellent (>1 year),0.0008916945728187,0.6694688654569966,1.0
Petroleum-C18-734,Linear alkanes,Alkanes,Mixed,Low (RON ~0-50),Excellent (>1 year),0.0,0.6213381120750965,1.0
Petroleum-C19-735,Linear alkanes,Alkanes,Mixed,Low (RON ~0-50),Poor (<3 months),0.0,0.5701273044585125,0.0
Petroleum-C20-736,Linear alkanes,Alkanes,Mixed,Low (RON ~0-50),Excellent (>1 year),0.0,0.5172880014063855,1.0
Petroleum-C21-737,Linear alkanes,Alkanes,Mixed,Low (RON ~0-50),Excellent (>1 year),0.0,0.4641622042192316,1.0
Petroleum-C22-738,Linear alkanes,Alkanes,Mixed,Low (RON ~0-50),Poor (<3 months),0.0,0.411941542112675,0.0
Petroleum-C23-739,Linear alkanes,Alkanes,Mixed,Low (RON ~0-50),Excellent (>1 year),0.0,0.361638421829567,1.0
Petroleum-C24-740,Linear alkanes,Alkanes,Mixed,Low (RON ~0-50),Excellent (>1 year),0.0,0.3140694284635896,1.0
Petroleum-C25-741,Linear alkanes,Alkanes,Mixed,Low (RON ~0-50),Poor (<3 months),0.0,0.2698503910645006,0.0
Petroleum-C26-742,Linear alkanes,Alkanes,Mixed,Low (RON ~0-50),Excellent (>1 year),0.0,0.2294018148795772,1.0
Petroleum-C27-743,Linear alkanes,Alkanes,Mixed,Low (RON ~0-50),Excellent (>1 year),0.0,0.1929628696356923,1.0
Petroleum-C28-744,Linear alkanes,Alkanes,Mixed,Low (RON ~0-50),Excellent (>1 year),0.0,0.1606118242057447,1.0
Petroleum-C29-745,Linear alkanes,Alkanes,Mixed,Low (RON ~0-50),Poor (<3 months),0.0,0.1322907247732943,0.0
Petroleum-C30-746,Linear alkanes,Alkanes,Mixed,Low (RON ~0-50),Excellent (>1 year),0.0,0.1078322009129451,1.0
Petroleum-C31-747,Linear alkanes,Alkanes,Mixed,Low (RON ~0-50),Poor (<3 months),0.0,0.0869865141297069,0.0
Petroleum-C32-748,Linear alkanes,Alkanes,Mixed,Low (RON ~0-50),Poor (<3 months),0.0,0.0694472920615943,0.0
Petroleum-C33-749,Linear alkanes,Alkanes,Mixed,Low (RON ~0-50),Poor (<3 months),0.0,0.0548747734539561,0.0
Petroleum-C34-750,Linear alkanes,Alkanes,Mixed,Low (RON ~0-50),Excellent (>1 year),0.0,0.0429157825515955,1.0
Petroleum-C5-751,Linear alkanes,Alkanes,Mixed,Low (RON ~0-50),Poor (<3 months),0.0,0.5773514250774086,0.0
Petroleum-C6-752,Linear alkanes,Alkanes,Mixed,Low (RON ~0-50),Poor (<3 months),0.0,0.6432682093724612,0.0
Petroleum-C7-753,Linear alkanes,Alkanes,Mixed,Low (RON ~0-50),Excellent (>1 year),0.0,0.6993073420184516,1.0
Petroleum-C8-754,Linear alkanes,Alkanes,Mixed,Low (RON ~0-50),Excellent (>1 year),0.0,0.7447570440936945,1.0
Petroleum-C9-755,Linear alkanes,Alkanes,Mixed,Low (RON ~0-50),Poor (<3 months),0.0,0.7790206483870205,0.0
Petroleum-C10-756,Linear alkanes,Alkanes,Mixed,Low (RON ~0-50),Excellent (>1 year),0.0,0.8017320509825592,1.0
Petroleum-C11-757,Linear alkanes,Alkanes,Mixed,Low (RON ~0-50),Excellent (>1 year),0.0012115615859026,0.8128183517932119,1.0
Petroleum-C12-758,Linear alkanes,Alkanes,Mixed,Low (RON ~0-50),Excellent (>1 year),0.0,0.8125262685665692,1.0
Petroleum-C13-759,Linear alkanes,Alkanes,Mixed,Low (RON ~0-50),Excellent (>1 year),0.0,0.8014205114468184,1.0
Petroleum-C14-760,Linear alkanes,Alkanes,Mixed,Low (RON ~0-50),Excellent (>1 year),0.0,0.7803595749141533,1.0
Petroleum-C15-761,Linear alkanes,Alkanes,Mixed,Low (RON ~0-50),Excellent (>1 year),0.0,0.7504537250958354,1.0
Petroleum-C16-762,Linear alkanes,Alkanes,Mixed,Low (RON ~0-50),Excellent (>1 year),0.0,0.7130099647144913,1.0
Petroleum-C17-763,Linear alkanes,Alkanes,Mixed,Low (RON ~0-50),Excellent (>1 year),0.0008916945728187,0.6694688654569966,1.0
Petroleum-C18-764,Linear alkanes,Alkanes,Mixed,Low (RON ~0-50),Excellent (>1 year),0.0,0.6213381120750965,1.0
Petroleum-C19-765,Linear alkanes,Alkanes,Mixed,Low (RON ~0-50),Poor (<3 months),0.0,0.5701273044585125,0.0
Petroleum-C20-766,Linear alkanes,Alkanes,Mixed,Low (RON ~0-50),Excellent (>1 year),0.0,0.5172880014063855,1.0
Petroleum-C21-767,Linear alkanes,Alkanes,Mixed,Low (RON ~0-50),Excellent (>1 year),0.0,0.4641622042192316,1.0
Petroleum-C22-768,Linear alkanes,Alkanes,Mixed,Low (RON ~0-50),Poor (<3 months),0.0,0.411941542112675,0.0
Petroleum-C23-769,Linear alkanes,Alkanes,Mixed,Low (RON ~0-50),Excellent (>1 year),0.0,0.361638421829567,1.0
Petroleum-C24-770,Linear alkanes,Alkanes,Mixed,Low (RON ~0-50),Excellent (>1 year),0.0,0.3140694284635896,1.0
Petroleum-C25-771,Linear alkanes,Alkanes,Mixed,Low (RON ~0-50),Poor (<3 months),0.0,0.2698503910645006,0.0
Petroleum-C26-772,Linear alkanes,Alkanes,Mixed,Low (RON ~0-50),Excellent (>1 year),0.0,0.2294018148795772,1.0
Petroleum-C27-773,Linear alkanes,Alkanes,Mixed,Low (RON ~0-50),Excellent (>1 year),0.0,0.1929628696356923,1.0
Petroleum-C28-774,Linear alkanes,Alkanes,Mixed,Low (RON ~0-50),Excellent (>1 year),0.0,0.1606118242057447,1.0
Petroleum-C29-775,Linear alkanes,Alkanes,Mixed,Low (RON ~0-50),Poor (<3 months),0.0,0.1322907247732943,0.0
Petroleum-C30-776,Linear alkanes,Alkanes,Mixed,Low (RON ~0-50),Excellent (>1 year),0.0,0.1078322009129451,1.0
Petroleum-C31-777,Linear alkanes,Alkanes,Mixed,Low (RON ~0-50),Poor (<3 months),0.0,0.0869865141297069,0.0
Petroleum-C32-778,Linear alkanes,Alkanes,Mixed,Low (RON ~0-50),Poor (<3 months),0.0,0.0694472920615943,0.0
Petroleum-C33-779,Linear alkanes,Alkanes,Mixed,Low (RON ~0-50),Poor (<3 months),0.0,0.0548747734539561,0.0
Petroleum-C34-780,Linear alkanes,Alkanes,Mixed,Low (RON ~0-50),Excellent (>1 year),0.0,0.0429157825515955,1.0
Petroleum-C5-781,Linear alkanes,Alkanes,Mixed,Low (RON ~0-50),Poor (<3 months),0.0,0.5773514250774086,0.0
Petroleum-C6-782,Linear alkanes,Alkanes,Mixed,Low (RON ~0-50),Poor (<3 months),0.0,0.6432682093724612,0.0
Petroleum-C7-783,Linear alkanes,Alkanes,Mixed,Low (RON ~0-50),Excellent (>1 year),0.0,0.6993073420184516,1.0
Petroleum-C8-784,Linear alkanes,Alkanes,Mixed,Low (RON ~0-50),Excellent (>1 year),0.0,0.7447570440936945,1.0
Petroleum-C9-785,Linear alkanes,Alkanes,Mixed,Low (RON ~0-50),Poor (<3 months),0.0,0.7790206483870205,0.0
Petroleum-C10-786,Linear alkanes,Alkanes,Mixed,Low (RON ~0-50),Excellent (>1 year),0.0,0.8017320509825592,1.0
Petroleum-C11-787,Linear alkanes,Alkanes,Mixed,Low (RON ~0-50),Excellent (>1 year),0.0012115615859026,0.8128183517932119,1.0
Petroleum-C12-788,Linear alkanes,Alkanes,Mixed,Low (RON ~0-50),Excellent (>1 year),0.0,0.8125262685665692,1.0
Petroleum-C13-789,Linear alkanes,Alkanes,Mixed,Low (RON ~0-50),Excellent (>1 year),0.0,0.8014205114468184,1.0
Petroleum-C14-790,Linear alkanes,Alkanes,Mixed,Low (RON ~0-50),Excellent (>1 year),0.0,0.7803595749141533,1.0
Petroleum-C15-791,Linear alkanes,Alkanes,Mixed,Low (RON ~0-50),Excellent (>1 year),0.0,0.7504537250958354,1.0
Petroleum-C16-792,Linear alkanes,Alkanes,Mixed,Low (RON ~0-50),Excellent (>1 year),0.0,0.7130099647144913,1.0
Petroleum-C17-793,Linear alkanes,Alkanes,Mixed,Low (RON ~0-50),Excellent (>1 year),0.0008916945728187,0.6694688654569966,1.0
Petroleum-C18-794,Linear alkanes,Alkanes,Mixed,Low (RON ~0-50),Excellent (>1 year),0.0,0.6213381120750965,1.0
Petroleum-C19-795,Linear alkanes,Alkanes,Mixed,Low (RON ~0-50),Poor (<3 months),0.0,0.5701273044585125,0.0
Petroleum-C20-796,Linear alkanes,Alkanes,Mixed,Low (RON ~0-50),Excellent (>1 year),0.0,0.5172880014063855,1.0
Petroleum-C21-797,Linear alkanes,Alkanes,Mixed,Low (RON ~0-50),Excellent (>1 year),0.0,0.4641622042192316,1.0
Petroleum-C22-798,Linear alkanes,Alkanes,Mixed,Low (RON ~0-50),Poor (<3 months),0.0,0.411941542112675,0.0
Petroleum-C23-799,Linear alkanes,Alkanes,Mixed,Low (RON ~0-50),Excellent (>1 year),0.0,0.361638421829567,1.0
Petroleum-C24-800,Linear alkanes,Alkanes,Mixed,Low (RON ~0-50),Excellent (>1 year),0.0,0.3140694284635896,1.0
Petroleum-C25-801,Linear alkanes,Alkanes,Mixed,Low (RON ~0-50),Poor (<3 months),0.0,0.2698503910645006,0.0
Petroleum-C26-802,Linear alkanes,Alkanes,Mixed,Low (RON ~0-50),Excellent (>1 year),0.0,0.2294018148795772,1.0
Petroleum-C27-803,Linear alkanes,Alkanes,Mixed,Low (RON ~0-50),Excellent (>1 year),0.0,0.1929628696356923,1.0
Petroleum-C28-804,Linear alkanes,Alkanes,Mixed,Low (RON ~0-50),Excellent (>1 year),0.0,0.1606118242057447,1.0
Petroleum-C29-805,Linear alkanes,Alkanes,Mixed,Low (RON ~0-50),Poor (<3 months),0.0,0.1322907247732943,0.0
Petroleum-C30-806,Linear alkanes,Alkanes,Mixed,Low (RON ~0-50),Excellent (>1 year),0.0,0.1078322009129451,1.0
Petroleum-C31-807,Linear alkanes,Alkanes,Mixed,Low (RON ~0-50),Poor (<3 months),0.0,0.0869865141297069,0.0
Petroleum-C32-808,Linear alkanes,Alkanes,Mixed,Low (RON ~0-50),Poor (<3 months),0.0,0.0694472920615943,0.0
Petroleum-C33-809,Linear alkanes,Alkanes,Mixed,Low (RON ~0-50),Poor (<3 months),0.0,0.0548747734539561,0.0
Petroleum-C34-810,Linear alkanes,Alkanes,Mixed,Low (RON ~0-50),Excellent (>1 year),0.0,0.0429157825515955,1.0
Petroleum-C5-811,Linear alkanes,Alkanes,Mixed,Low (RON ~0-50),Poor (<3 months),0.0,0.5773514250774086,0.0
Petroleum-C6-812,Linear alkanes,Alkanes,Mixed,Low (RON ~0-50),Poor (<3 months),0.0,0.6432682093724612,0.0
Petroleum-C7-813,Linear alkanes,Alkanes,Mixed,Low (RON ~0-50),Excellent (>1 year),0.0,0.6993073420184516,1.0
Petroleum-C8-814,Linear alkanes,Alkanes,Mixed,Low (RON ~0-50),Excellent (>1 year),0.0,0.7447570440936945,1.0
Petroleum-C9-815,Linear alkanes,Alkanes,Mixed,Low (RON ~0-50),Poor (<3 months),0.0,0.7790206483870205,0.0
Petroleum-C10-816,Linear alkanes,Alkanes,Mixed,Low (RON ~0-50),Excellent (>1 year),0.0,0.8017320509825592,1.0
Petroleum-C11-817,Linear alkanes,Alkanes,Mixed,Low (RON ~0-50),Excellent (>1 year),0.0012115615859026,0.8128183517932119,1.0
Petroleum-C12-818,Linear alkanes,Alkanes,Mixed,Low (RON ~0-50),Excellent (>1 year),0.0,0.8125262685665692,1.0
Petroleum-C13-819,Linear alkanes,Alkanes,Mixed,Low (RON ~0-50),Excellent (>1 year),0.0,0.8014205114468184,1.0
Petroleum-C14-820,Linear alkanes,Alkanes,Mixed,Low (RON ~0-50),Excellent (>1 year),0.0,0.7803595749141533,1.0
Petroleum-C15-821,Linear alkanes,Alkanes,Mixed,Low (RON ~0-50),Excellent (>1 year),0.0,0.7504537250958354,1.0
Petroleum-C16-822,Linear alkanes,Alkanes,Mixed,Low (RON ~0-50),Excellent (>1 year),0.0,0.7130099647144913,1.0
Petroleum-C17-823,Linear alkanes,Alkanes,Mixed,Low (RON ~0-50),Excellent (>1 year),0.0008916945728187,0.6694688654569966,1.0
Petroleum-C18-824,Linear alkanes,Alkanes,Mixed,Low (RON ~0-50),Excellent (>1 year),0.0,0.6213381120750965,1.0
Petroleum-C19-825,Linear alkanes,Alkanes,Mixed,Low (RON ~0-50),Poor (<3 months),0.0,0.5701273044585125,0.0
Petroleum-C20-826,Linear alkanes,Alkanes,Mixed,Low (RON ~0-50),Excellent (>1 year),0.0,0.5172880014063855,1.0
Petroleum-C21-827,Linear alkanes,Alkanes,Mixed,Low (RON ~0-50),Excellent (>1 year),0.0,0.4641622042192316,1.0
Petroleum-C22-828,Linear alkanes,Alkanes,Mixed,Low (RON ~0-50),Poor (<3 months),0.0,0.411941542112675,0.0
Petroleum-C23-829,Linear alkanes,Alkanes,Mixed,Low (RON ~0-50),Excellent (>1 year),0.0,0.361638421829567,1.0
Petroleum-C24-830,Linear alkanes,Alkanes,Mixed,Low (RON ~0-50),Excellent (>1 year),0.0,0.3140694284635896,1.0
Petroleum-C25-831,Linear alkanes,Alkanes,Mixed,Low (RON ~0-50),Poor (<3 months),0.0,0.2698503910645006,0.0
Petroleum-C26-832,Linear alkanes,Alkanes,Mixed,Low (RON ~0-50),Excellent (>1 year),0.0,0.2294018148795772,1.0
Petroleum-C27-833,Linear alkanes,Alkanes,Mixed,Low (RON ~0-50),Excellent (>1 year),0.0,0.1929628696356923,1.0
Petroleum-C28-834,Linear alkanes,Alkanes,Mixed,Low (RON ~0-50),Excellent (>1 year),0.0,0.1606118242057447,1.0
Petroleum-C29-835,Linear alkanes,Alkanes,Mixed,Low (RON ~0-50),Poor (<3 months),0.0,0.1322907247732943,0.0
Petroleum-C30-836,Linear alkanes,Alkanes,Mixed,Low (RON ~0-50),Excellent (>1 year),0.0,0.1078322009129451,1.0
Petroleum-C31-837,Linear alkanes,Alkanes,Mixed,Low (RON ~0-50),Poor (<3 months),0.0,0.0869865141297069,0.0
Petroleum-C32-838,Linear alkanes,Alkanes,Mixed,Low (RON ~0-50),Poor (<3 months),0.0,0.0694472920615943,0.0
Petroleum-C33-839,Linear alkanes,Alkanes,Mixed,Low (RON ~0-50),Poor (<3 months),0.0,0.0548747734539561,0.0
Petroleum-C34-840,Linear alkanes,Alkanes,Mixed,Low (RON ~0-50),Excellent (>1 year),0.0,0.0429157825515955,1.0
Petroleum-C5-841,Linear alkanes,Alkanes,Mixed,Low (RON ~0-50),Poor (<3 months),0.0,0.5773514250774086,0.0
Petroleum-C6-842,Linear alkanes,Alkanes,Mixed,Low (RON ~0-50),Poor (<3 months),0.0,0.6432682093724612,0.0
Petroleum-C7-843,Linear alkanes,Alkanes,Mixed,Low (RON ~0-50),Excellent (>1 year),0.0,0.6993073420184516,1.0
Petroleum-C8-844,Linear alkanes,Alkanes,Mixed,Low (RON ~0-50),Excellent (>1 year),0.0,0.7447570440936945,1.0
Petroleum-C9-845,Linear alkanes,Alkanes,Mixed,Low (RON ~0-50),Poor (<3 months),0.0,0.7790206483870205,0.0
Petroleum-C10-846,Linear alkanes,Alkanes,Mixed,Low (RON ~0-50),Excellent (>1 year),0.0,0.8017320509825592,1.0
Petroleum-C11-847,Linear alkanes,Alkanes,Mixed,Low (RON ~0-50),Excellent (>1 year),0.0012115615859026,0.8128183517932119,1.0
Petroleum-C12-848,Linear alkanes,Alkanes,Mixed,Low (RON ~0-50),Excellent (>1 year),0.0,0.8125262685665692,1.0
Petroleum-C13-849,Linear alkanes,Alkanes,Mixed,Low (RON ~0-50),Excellent (>1 year),0.0,0.8014205114468184,1.0
Petroleum-C14-850,Linear alkanes,Alkanes,Mixed,Low (RON ~0-50),Excellent (>1 year),0.0,0.7803595749141533,1.0
Petroleum-C15-851,Linear alkanes,Alkanes,Mixed,Low (RON ~0-50),Excellent (>1 year),0.0,0.7504537250958354,1.0
Petroleum-C16-852,Linear alkanes,Alkanes,Mixed,Low (RON ~0-50),Excellent (>1 year),0.0,0.7130099647144913,1.0
Petroleum-C17-853,Linear alkanes,Alkanes,Mixed,Low (RON ~0-50),Excellent (>1 year),0.0008916945728187,0.6694688654569966,1.0
Petroleum-C18-854,Linear alkanes,Alkanes,Mixed,Low (RON ~0-50),Excellent (>1 year),0.0,0.6213381120750965,1.0
Petroleum-C19-855,Linear alkanes,Alkanes,Mixed,Low (RON ~0-50),Poor (<3 months),0.0,0.5701273044585125,0.0
Petroleum-C20-856,Linear alkanes,Alkanes,Mixed,Low (RON ~0-50),Excellent (>1 year),0.0,0.5172880014063855,1.0
Petroleum-C21-857,Linear alkanes,Alkanes,Mixed,Low (RON ~0-50),Excellent (>1 year),0.0,0.4641622042192316,1.0
Petroleum-C22-858,Linear alkanes,Alkanes,Mixed,Low (RON ~0-50),Poor (<3 months),0.0,0.411941542112675,0.0
Petroleum-C23-859,Linear alkanes,Alkanes,Mixed,Low (RON ~0-50),Excellent (>1 year),0.0,0.361638421829567,1.0
Petroleum-C24-860,Linear alkanes,Alkanes,Mixed,Low (RON ~0-50),Excellent (>1 year),0.0,0.3140694284635896,1.0
Petroleum-C25-861,Linear alkanes,Alkanes,Mixed,Low (RON ~0-50),Poor (<3 months),0.0,0.2698503910645006,0.0
Petroleum-C26-862,Linear alkanes,Alkanes,Mixed,Low (RON ~0-50),Excellent (>1 year),0.0,0.2294018148795772,1.0
Petroleum-C27-863,Linear alkanes,Alkanes,Mixed,Low (RON ~0-50),Excellent (>1 year),0.0,0.1929628696356923,1.0
Petroleum-C28-864,Linear alkanes,Alkanes,Mixed,Low (RON ~0-50),Excellent (>1 year),0.0,0.1606118242057447,1.0
Petroleum-C29-865,Linear alkanes,Alkanes,Mixed,Low (RON ~0-50),Poor (<3 months),0.0,0.1322907247732943,0.0
Petroleum-C30-866,Linear alkanes,Alkanes,Mixed,Low (RON ~0-50),Excellent (>1 year),0.0,0.1078322009129451,1.0
Petroleum-C31-867,Linear alkanes,Alkanes,Mixed,Low (RON ~0-50),Poor (<3 months),0.0,0.0869865141297069,0.0
Petroleum-C32-868,Linear alkanes,Alkanes,Mixed,Low (RON ~0-50),Poor (<3 months),0.0,0.0694472920615943,0.0
Petroleum-C33-869,Linear alkanes,Alkanes,Mixed,Low (RON ~0-50),Poor (<3 months),0.0,0.0548747734539561,0.0
Petroleum-C34-870,Linear alkanes,Alkanes,Mixed,Low (RON ~0-50),Excellent (>1 year),0.0,0.0429157825515955,1.0
Petroleum-C5-871,Linear alkanes,Alkanes,Mixed,Low (RON ~0-50),Poor (<3 months),0.0,0.5773514250774086,0.0
Petroleum-C6-872,Linear alkanes,Alkanes,Mixed,Low (RON ~0-50),Poor (<3 months),0.0,0.6432682093724612,0.0
Petroleum-C7-873,Linear alkanes,Alkanes,Mixed,Low (RON ~0-50),Excellent (>1 year),0.0,0.6993073420184516,1.0
Petroleum-C8-874,Linear alkanes,Alkanes,Mixed,Low (RON ~0-50),Excellent (>1 year),0.0,0.7447570440936945,1.0
Petroleum-C9-875,Linear alkanes,Alkanes,Mixed,Low (RON ~0-50),Poor (<3 months),0.0,0.7790206483870205,0.0
Petroleum-C10-876,Linear alkanes,Alkanes,Mixed,Low (RON ~0-50),Excellent (>1 year),0.0,0.8017320509825592,1.0
Petroleum-C11-877,Linear alkanes,Alkanes,Mixed,Low (RON ~0-50),Excellent (>1 year),0.0012115615859026,0.8128183517932119,1.0
Petroleum-C12-878,Linear alkanes,Alkanes,Mixed,Low (RON ~0-50),Excellent (>1 year),0.0,0.8125262685665692,1.0
Petroleum-C13-879,Linear alkanes,Alkanes,Mixed,Low (RON ~0-50),Excellent (>1 year),0.0,0.8014205114468184,1.0
Petroleum-C14-880,Linear alkanes,Alkanes,Mixed,Low (RON ~0-50),Excellent (>1 year),0.0,0.7803595749141533,1.0
Petroleum-C15-881,Linear alkanes,Alkanes,Mixed,Low (RON ~0-50),Excellent (>1 year),0.0,0.7504537250958354,1.0
Petroleum-C16-882,Linear alkanes,Alkanes,Mixed,Low (RON ~0-50),Excellent (>1 year),0.0,0.7130099647144913,1.0
Petroleum-C17-883,Linear alkanes,Alkanes,Mixed,Low (RON ~0-50),Excellent (>1 year),0.0008916945728187,0.6694688654569966,1.0
Petroleum-C18-884,Linear alkanes,Alkanes,Mixed,Low (RON ~0-50),Excellent (>1 year),0.0,0.6213381120750965,1.0
Petroleum-C19-885,Linear alkanes,Alkanes,Mixed,Low (RON ~0-50),Poor (<3 months),0.0,0.5701273044585125,0.0
Petroleum-C20-886,Linear alkanes,Alkanes,Mixed,Low (RON ~0-50),Excellent (>1 year),0.0,0.5172880014063855,1.0
Petroleum-C21-887,Linear alkanes,Alkanes,Mixed,Low (RON ~0-50),Excellent (>1 year),0.0,0.4641622042192316,1.0
Petroleum-C22-888,Linear alkanes,Alkanes,Mixed,Low (RON ~0-50),Poor (<3 months),0.0,0.411941542112675,0.0
Petroleum-C23-889,Linear alkanes,Alkanes,Mixed,Low (RON ~0-50),Excellent (>1 year),0.0,0.361638421829567,1.0
Petroleum-C24-890,Linear alkanes,Alkanes,Mixed,Low (RON ~0-50),Excellent (>1 year),0.0,0.3140694284635896,1.0
Petroleum-C25-891,Linear alkanes,Alkanes,Mixed,Low (RON ~0-50),Poor (<3 months),0.0,0.2698503910645006,0.0
Petroleum-C26-892,Linear alkanes,Alkanes,Mixed,Low (RON ~0-50),Excellent (>1 year),0.0,0.2294018148795772,1.0
Petroleum-C27-893,Linear alkanes,Alkanes,Mixed,Low (RON ~0-50),Excellent (>1 year),0.0,0.1929628696356923,1.0
Petroleum-C28-894,Linear alkanes,Alkanes,Mixed,Low (RON ~0-50),Excellent (>1 year),0.0,0.1606118242057447,1.0
Petroleum-C29-895,Linear alkanes,Alkanes,Mixed,Low (RON ~0-50),Poor (<3 months),0.0,0.1322907247732943,0.0
Petroleum-C30-896,Linear alkanes,Alkanes,Mixed,Low (RON ~0-50),Excellent (>1 year),0.0,0.1078322009129451,1.0
Petroleum-C31-897,Linear alkanes,Alkanes,Mixed,Low (RON ~0-50),Poor (<3 months),0.0,0.0869865141297069,0.0
Petroleum-C32-898,Linear alkanes,Alkanes,Mixed,Low (RON ~0-50),Poor (<3 months),0.0,0.0694472920615943,0.0
Petroleum-C33-899,Linear alkanes,Alkanes,Mixed,Low (RON ~0-50),Poor (<3 months),0.0,0.0548747734539561,0.0
Petroleum-C34-900,Linear alkanes,Alkanes,Mixed,Low (RON ~0-50),Excellent (>1 year),0.0,0.0429157825515955,1.0
Petroleum-C5-901,Linear alkanes,Alkanes,Mixed,Low (RON ~0-50),Poor (<3 months),0.0,0.5773514250774086,0.0
Petroleum-C6-902,Linear alkanes,Alkanes,Mixed,Low (RON ~0-50),Poor (<3 months),0.0,0.6432682093724612,0.0
Petroleum-C7-903,Linear alkanes,Alkanes,Mixed,Low (RON ~0-50),Excellent (>1 year),0.0,0.6993073420184516,1.0
Petroleum-C8-904,Linear alkanes,Alkanes,Mixed,Low (RON ~0-50),Excellent (>1 year),0.0,0.7447570440936945,1.0
Petroleum-C9-905,Linear alkanes,Alkanes,Mixed,Low (RON ~0-50),Poor (<3 months),0.0,0.7790206483870205,0.0
Petroleum-C10-906,Linear alkanes,Alkanes,Mixed,Low (RON ~0-50),Excellent (>1 year),0.0,0.8017320509825592,1.0
Petroleum-C11-907,Linear alkanes,Alkanes,Mixed,Low (RON ~0-50),Excellent (>1 year),0.0012115615859026,0.8128183517932119,1.0
Petroleum-C12-908,Linear alkanes,Alkanes,Mixed,Low (RON ~0-50),Excellent (>1 year),0.0,0.8125262685665692,1.0
Petroleum-C13-909,Linear alkanes,Alkanes,Mixed,Low (RON ~0-50),Excellent (>1 year),0.0,0.8014205114468184,1.0
Petroleum-C14-910,Linear alkanes,Alkanes,Mixed,Low (RON ~0-50),Excellent (>1 year),0.0,0.7803595749141533,1.0
Petroleum-C15-911,Linear alkanes,Alkanes,Mixed,Low (RON ~0-50),Excellent (>1 year),0.0,0.7504537250958354,1.0
Petroleum-C16-912,Linear alkanes,Alkanes,Mixed,Low (RON ~0-50),Excellent (>1 year),0.0,0.7130099647144913,1.0
Petroleum-C17-913,Linear alkanes,Alkanes,Mixed,Low (RON ~0-50),Excellent (>1 year),0.0008916945728187,0.6694688654569966,1.0
Petroleum-C18-914,Linear alkanes,Alkanes,Mixed,Low (RON ~0-50),Excellent (>1 year),0.0,0.6213381120750965,1.0
Petroleum-C19-915,Linear alkanes,Alkanes,Mixed,Low (RON ~0-50),Poor (<3 months),0.0,0.5701273044585125,0.0
Petroleum-C20-916,Linear alkanes,Alkanes,Mixed,Low (RON ~0-50),Excellent (>1 year),0.0,0.5172880014063855,1.0
Petroleum-C21-917,Linear alkanes,Alkanes,Mixed,Low (RON ~0-50),Excellent (>1 year),0.0,0.4641622042192316,1.0
Petroleum-C22-918,Linear alkanes,Alkanes,Mixed,Low (RON ~0-50),Poor (<3 months),0.0,0.411941542112675,0.0
Petroleum-C23-919,Linear alkanes,Alkanes,Mixed,Low (RON ~0-50),Excellent (>1 year),0.0,0.361638421829567,1.0
Petroleum-C24-920,Linear alkanes,Alkanes,Mixed,Low (RON ~0-50),Excellent (>1 year),0.0,0.3140694284635896,1.0
Petroleum-C25-921,Linear alkanes,Alkanes,Mixed,Low (RON ~0-50),Poor (<3 months),0.0,0.2698503910645006,0.0
Petroleum-C26-922,Linear alkanes,Alkanes,Mixed,Low (RON ~0-50),Excellent (>1 year),0.0,0.2294018148795772,1.0
Petroleum-C27-923,Linear alkanes,Alkanes,Mixed,Low (RON ~0-50),Excellent (>1 year),0.0,0.1929628696356923,1.0
Petroleum-C28-924,Linear alkanes,Alkanes,Mixed,Low (RON ~0-50),Excellent (>1 year),0.0,0.1606118242057447,1.0
Petroleum-C29-925,Linear alkanes,Alkanes,Mixed,Low (RON ~0-50),Poor (<3 months),0.0,0.1322907247732943,0.0
Petroleum-C30-926,Linear alkanes,Alkanes,Mixed,Low (RON ~0-50),Excellent (>1 year),0.0,0.1078322009129451,1.0
Petroleum-C31-927,Linear alkanes,Alkanes,Mixed,Low (RON ~0-50),Poor (<3 months),0.0,0.0869865141297069,0.0
Petroleum-C32-928,Linear alkanes,Alkanes,Mixed,Low (RON ~0-50),Poor (<3 months),0.0,0.0694472920615943,0.0
Petroleum-C33-929,Linear alkanes,Alkanes,Mixed,Low (RON ~0-50),Poor (<3 months),0.0,0.0548747734539561,0.0
Petroleum-C34-930,Linear alkanes,Alkanes,Mixed,Low (RON ~0-50),Excellent (>1 year),0.0,0.0429157825515955,1.0
Petroleum-C5-931,Linear alkanes,Alkanes,Mixed,Low (RON ~0-50),Poor (<3 months),0.0,0.5773514250774086,0.0
Petroleum-C6-932,Linear alkanes,Alkanes,Mixed,Low (RON ~0-50),Poor (<3 months),0.0,0.6432682093724612,0.0
Petroleum-C7-933,Linear alkanes,Alkanes,Mixed,Low (RON ~0-50),Excellent (>1 year),0.0,0.6993073420184516,1.0
Petroleum-C8-934,Linear alkanes,Alkanes,Mixed,Low (RON ~0-50),Excellent (>1 year),0.0,0.7447570440936945,1.0
Petroleum-C9-935,Linear alkanes,Alkanes,Mixed,Low (RON ~0-50),Poor (<3 months),0.0,0.7790206483870205,0.0
Petroleum-C10-936,Linear alkanes,Alkanes,Mixed,Low (RON ~0-50),Excellent (>1 year),0.0,0.8017320509825592,1.0
Petroleum-C11-937,Linear alkanes,Alkanes,Mixed,Low (RON ~0-50),Excellent (>1 year),0.0012115615859026,0.8128183517932119,1.0
Petroleum-C12-938,Linear alkanes,Alkanes,Mixed,Low (RON ~0-50),Excellent (>1 year),0.0,0.8125262685665692,1.0
Petroleum-C13-939,Linear alkanes,Alkanes,Mixed,Low (RON ~0-50),Excellent (>1 year),0.0,0.8014205114468184,1.0
Petroleum-C14-940,Linear alkanes,Alkanes,Mixed,Low (RON ~0-50),Excellent (>1 year),0.0,0.7803595749141533,1.0
Petroleum-C15-941,Linear alkanes,Alkanes,Mixed,Low (RON ~0-50),Excellent (>1 year),0.0,0.7504537250958354,1.0
Petroleum-C16-942,Linear alkanes,Alkanes,Mixed,Low (RON ~0-50),Excellent (>1 year),0.0,0.7130099647144913,1.0
Petroleum-C17-943,Linear alkanes,Alkanes,Mixed,Low (RON ~0-50),Excellent (>1 year),0.0008916945728187,0.6694688654569966,1.0
Petroleum-C18-944,Linear alkanes,Alkanes,Mixed,Low (RON ~0-50),Excellent (>1 year),0.0,0.6213381120750965,1.0
Petroleum-C19-945,Linear alkanes,Alkanes,Mixed,Low (RON ~0-50),Poor (<3 months),0.0,0.5701273044585125,0.0
Petroleum-C20-946,Linear alkanes,Alkanes,Mixed,Low (RON ~0-50),Excellent (>1 year),0.0,0.5172880014063855,1.0
Petroleum-C21-947,Linear alkanes,Alkanes,Mixed,Low (RON ~0-50),Excellent (>1 year),0.0,0.4641622042192316,1.0
Petroleum-C22-948,Linear alkanes,Alkanes,Mixed,Low (RON ~0-50),Poor (<3 months),0.0,0.411941542112675,0.0
Petroleum-C23-949,Linear alkanes,Alkanes,Mixed,Low (RON ~0-50),Excellent (>1 year),0.0,0.361638421829567,1.0
Petroleum-C24-950,Linear alkanes,Alkanes,Mixed,Low (RON ~0-50),Excellent (>1 year),0.0,0.3140694284635896,1.0
Petroleum-C25-951,Linear alkanes,Alkanes,Mixed,Low (RON ~0-50),Poor (<3 months),0.0,0.2698503910645006,0.0
Petroleum-C26-952,Linear alkanes,Alkanes,Mixed,Low (RON ~0-50),Excellent (>1 year),0.0,0.2294018148795772,1.0
Petroleum-C27-953,Linear alkanes,Alkanes,Mixed,Low (RON ~0-50),Excellent (>1 year),0.0,0.1929628696356923,1.0
Petroleum-C28-954,Linear alkanes,Alkanes,Mixed,Low (RON ~0-50),Excellent (>1 year),0.0,0.1606118242057447,1.0
Petroleum-C29-955,Linear alkanes,Alkanes,Mixed,Low (RON ~0-50),Poor (<3 months),0.0,0.1322907247732943,0.0
Petroleum-C30-956,Linear alkanes,Alkanes,Mixed,Low (RON ~0-50),Excellent (>1 year),0.0,0.1078322009129451,1.0
Petroleum-C31-957,Linear alkanes,Alkanes,Mixed,Low (RON ~0-50),Poor (<3 months),0.0,0.0869865141297069,0.0
Petroleum-C32-958,Linear alkanes,Alkanes,Mixed,Low (RON ~0-50),Poor (<3 months),0.0,0.0694472920615943,0.0
Petroleum-C33-959,Linear alkanes,Alkanes,Mixed,Low (RON ~0-50),Poor (<3 months),0.0,0.0548747734539561,0.0
Petroleum-C34-960,Linear alkanes,Alkanes,Mixed,Low (RON ~0-50),Excellent (>1 year),0.0,0.0429157825515955,1.0
Petroleum-C5-961,Linear alkanes,Alkanes,Mixed,Low (RON ~0-50),Poor (<3 months),0.0,0.5773514250774086,0.0
Petroleum-C6-962,Linear alkanes,Alkanes,Mixed,Low (RON ~0-50),Poor (<3 months),0.0,0.6432682093724612,0.0
Petroleum-C7-963,Linear alkanes,Alkanes,Mixed,Low (RON ~0-50),Excellent (>1 year),0.0,0.6993073420184516,1.0
Petroleum-C8-964,Linear alkanes,Alkanes,Mixed,Low (RON ~0-50),Excellent (>1 year),0.0,0.7447570440936945,1.0
Petroleum-C9-965,Linear alkanes,Alkanes,Mixed,Low (RON ~0-50),Poor (<3 months),0.0,0.7790206483870205,0.0
Petroleum-C10-966,Linear alkanes,Alkanes,Mixed,Low (RON ~0-50),Excellent (>1 year),0.0,0.8017320509825592,1.0
Petroleum-C11-967,Linear alkanes,Alkanes,Mixed,Low (RON ~0-50),Excellent (>1 year),0.0012115615859026,0.8128183517932119,1.0
Petroleum-C12-968,Linear alkanes,Alkanes,Mixed,Low (RON ~0-50),Excellent (>1 year),0.0,0.8125262685665692,1.0
Petroleum-C13-969,Linear alkanes,Alkanes,Mixed,Low (RON ~0-50),Excellent (>1 year),0.0,0.8014205114468184,1.0
Petroleum-C14-970,Linear alkanes,Alkanes,Mixed,Low (RON ~0-50),Excellent (>1 year),0.0,0.7803595749141533,1.0
Petroleum-C15-971,Linear alkanes,Alkanes,Mixed,Low (RON ~0-50),Excellent (>1 year),0.0,0.7504537250958354,1.0
Petroleum-C16-972,Linear alkanes,Alkanes,Mixed,Low (RON ~0-50),Excellent (>1 year),0.0,0.7130099647144913,1.0
Petroleum-C17-973,Linear alkanes,Alkanes,Mixed,Low (RON ~0-50),Excellent (>1 year),0.0008916945728187,0.6694688654569966,1.0
Petroleum-C18-974,Linear alkanes,Alkanes,Mixed,Low (RON ~0-50),Excellent (>1 year),0.0,0.6213381120750965,1.0
Petroleum-C19-975,Linear alkanes,Alkanes,Mixed,Low (RON ~0-50),Poor (<3 months),0.0,0.5701273044585125,0.0
Petroleum-C20-976,Linear alkanes,Alkanes,Mixed,Low (RON ~0-50),Excellent (>1 year),0.0,0.5172880014063855,1.0
Petroleum-C21-977,Linear alkanes,Alkanes,Mixed,Low (RON ~0-50),Excellent (>1 year),0.0,0.4641622042192316,1.0
Petroleum-C22-978,Linear alkanes,Alkanes,Mixed,Low (RON ~0-50),Poor (<3 months),0.0,0.411941542112675,0.0
Petroleum-C23-979,Linear alkanes,Alkanes,Mixed,Low (RON ~0-50),Excellent (>1 year),0.0,0.361638421829567,1.0
Petroleum-C24-980,Linear alkanes,Alkanes,Mixed,Low (RON ~0-50),Excellent (>1 year),0.0,0.3140694284635896,1.0
Petroleum-C25-981,Linear alkanes,Alkanes,Mixed,Low (RON ~0-50),Poor (<3 months),0.0,0.2698503910645006,0.0
Petroleum-C26-982,Linear alkanes,Alkanes,Mixed,Low (RON ~0-50),Excellent (>1 year),0.0,0.2294018148795772,1.0
Petroleum-C27-983,Linear alkanes,Alkanes,Mixed,Low (RON ~0-50),Excellent (>1 year),0.0,0.1929628696356923,1.0
Petroleum-C28-984,Linear alkanes,Alkanes,Mixed,Low (RON ~0-50),Excellent (>1 year),0.0,0.1606118242057447,1.0
Petroleum-C29-985,Linear alkanes,Alkanes,Mixed,Low (RON ~0-50),Poor (<3 months),0.0,0.1322907247732943,0.0
Petroleum-C30-986,Linear alkanes,Alkanes,Mixed,Low (RON ~0-50),Excellent (>1 year),0.0,0.1078322009129451,1.0
Petroleum-C31-987,Linear alkanes,Alkanes,Mixed,Low (RON ~0-50),Poor (<3 months),0.0,0.0869865141297069,0.0
Petroleum-C32-988,Linear alkanes,Alkanes,Mixed,Low (RON ~0-50),Poor (<3 months),0.0,0.0694472920615943,0.0
Petroleum-C33-989,Linear alkanes,Alkanes,Mixed,Low (RON ~0-50),Poor (<3 months),0.0,0.0548747734539561,0.0
Petroleum-C34-990,Linear alkanes,Alkanes,Mixed,Low (RON ~0-50),Excellent (>1 year),0.0,0.0429157825515955,1.0
Petroleum-C5-991,Linear alkanes,Alkanes,Mixed,Low (RON ~0-50),Poor (<3 months),0.0,0.5773514250774086,0.0
Petroleum-C6-992,Linear alkanes,Alkanes,Mixed,Low (RON ~0-50),Poor (<3 months),0.0,0.6432682093724612,0.0
Petroleum-C7-993,Linear alkanes,Alkanes,Mixed,Low (RON ~0-50),Excellent (>1 year),0.0,0.6993073420184516,1.0
Petroleum-C8-994,Linear alkanes,Alkanes,Mixed,Low (RON ~0-50),Excellent (>1 year),0.0,0.7447570440936945,1.0
Petroleum-C9-995,Linear alkanes,Alkanes,Mixed,Low (RON ~0-50),Poor (<3 months),0.0,0.7790206483870205,0.0
Petroleum-C10-996,Linear alkanes,Alkanes,Mixed,Low (RON ~0-50),Excellent (>1 year),0.0,0.8017320509825592,1.0
Petroleum-C11-997,Linear alkanes,Alkanes,Mixed,Low (RON ~0-50),Excellent (>1 year),0.0012115615859026,0.8128183517932119,1.0
Petroleum-C12-998,Linear alkanes,Alkanes,Mixed,Low (RON ~0-50),Excellent (>1 year),0.0,0.8125262685665692,1.0
Petroleum-C13-999,Linear alkanes,Alkanes,Mixed,Low (RON ~0-50),Excellent (>1 year),0.0,0.8014205114468184,1.0
Petroleum-C14-1000,Linear alkanes,Alkanes,Mixed,Low (RON ~0-50),Excellent (>1 year),0.0,0.7803595749141533,1.0
