id,name,type,category,fraction,carbon_count,molecular_weight,frequency_hz,complexity,bit_state_decimal,glr_errors,glr_nrci_before,glr_nrci_after,glr_efficiency,glr_improvement,nrci,nrci_regime,soc_energy_cu,modal_sum,wall_proximity,wall_safe,nrci_risk,coherence_factor,resonance_strength,emergence_intensity,success,error,predicted_octane_class,predicted_stability_class
2,n-C2H6,Linear alkanes,Alkanes,Gasoline,2,30.068,1823676195209.2068,2,573952,3,0.875,0.975,1.0,0.0999999999999999,0.0,CoherenceRegime.SUBCOHERENT,1.8309411552697172,0.230068,WallProximity.BEYOND_WALL,False,1.0,0.0,0.3227601902038685,0.026267438670895,True,,Low (RON ~0-50),Excellent (>1 year)
3,n-C3H8,Linear alkanes,Alkanes,Gasoline,3,44.094,1505948953833.927,3,832000,3,0.875,0.975,1.0,0.0999999999999999,0.0,CoherenceRegime.SUBCOHERENT,4.015782895594097,0.344094,WallProximity.BEYOND_WALL,False,1.0,0.0,0.4178275081223668,0.0603770225602563,True,,Low (RON ~0-50),Excellent (>1 year)
4,n-C4H10,Linear alkanes,Alkanes,Gasoline,4,58.12,1311708090333.5112,4,1094208,3,0.875,0.975,1.0,0.0999999999999999,0.0,CoherenceRegime.SUBCOHERENT,7.047230647280185,0.45812,WallProximity.BEYOND_WALL,False,1.0,0.0,0.502173843105821,0.0848018485659582,True,,Low (RON ~0-50),Excellent (>1 year)
7,n-C7H16,Linear alkanes,Alkanes,Gasoline,7,100.198,999011467728.4476,7,1872456,3,0.875,0.975,1.0,0.0999999999999999,0.0,CoherenceRegime.SUBCOHERENT,21.221209970508696,0.8001980000000001,WallProximity.CRITICAL,True,0.6284659179406685,0.0,0.6993073420184516,0.1326770142455715,True,,Low (RON ~0-50),Excellent (>1 year)
8,n-C8H18,Linear alkanes,Alkanes,Gasoline,8,114.224,935667010900.7026,8,2134665,3,0.875,0.975,1.0,0.0999999999999999,0.0,CoherenceRegime.SUBCOHERENT,27.639081767641613,0.914224,WallProximity.WARNING,True,0.2999966155396235,0.0,0.7447570440936945,0.1441523610703951,True,,Low (RON ~0-50),Excellent (>1 year)
10,n-C10H22,Linear alkanes,Alkanes,Gasoline,10,142.276,838367002781.6842,10,2658953,2,0.9166666666666666,1.0,1.0,0.0833333333333333,0.0,CoherenceRegime.SUBCOHERENT,43.01464339599258,1.142276,WallProximity.CAUTION,True,0.0,0.0,0.8017320509825592,0.1633616326823045,True,,Low (RON ~0-50),Excellent (>1 year)
11,n-C11H24,Linear alkanes,Alkanes,Gasoline,11,156.302,799866913217.5398,11,2921097,3,0.875,0.975,1.0,0.0999999999999999,0.0010341286632576,CoherenceRegime.SUBCOHERENT,51.97233322721061,1.256302,WallProximity.SAFE,True,0.0,0.0012115615859026,0.8128183517932119,0.1715772214320583,True,,Low (RON ~0-50),Excellent (>1 year)
12,n-C12H26,Linear alkanes,Alkanes,Gasoline,12,170.328,766226162165.0073,12,3179209,2,0.9166666666666666,1.0,1.0,0.0833333333333333,0.0,CoherenceRegime.SUBCOHERENT,61.77662906979037,1.3703280000000002,WallProximity.SAFE,True,0.0,0.0,0.8125262685665692,0.1790824206711787,True,,Low (RON ~0-50),Excellent (>1 year)
13,n-C13H28,Linear alkanes,Alkanes,Diesel,13,184.354,736501638657.2075,13,3441361,2,0.9166666666666666,1.0,1.0,0.0833333333333333,0.0,CoherenceRegime.SUBCOHERENT,72.42753092373184,1.4843540000000002,WallProximity.SAFE,True,0.0,0.0,0.8014205114468184,0.1859903680223826,True,,Low (RON ~0-50),Excellent (>1 year)
14,n-C14H30,Linear alkanes,Alkanes,Diesel,14,198.38,709988079400.2195,14,3703505,2,0.9166666666666666,1.0,1.0,0.0833333333333333,0.0,CoherenceRegime.SUBCOHERENT,83.92503878903499,1.59838,WallProximity.SAFE,True,0.0,0.0,0.7803595749141533,0.1923891550645221,True,,Low (RON ~0-50),Excellent (>1 year)
15,n-C15H32,Linear alkanes,Alkanes,Diesel,15,212.406,686146116732.9568,15,3965649,3,0.875,0.975,1.0,0.0999999999999999,0.0,CoherenceRegime.SUBCOHERENT,96.26915266569986,1.712406,WallProximity.SAFE,True,0.0,0.0,0.7504537250958354,0.1983487149292778,True,,Low (RON ~0-50),Excellent (>1 year)
16,n-C16H34,Linear alkanes,Alkanes,Diesel,16,226.432,664555258312.6898,16,4227858,3,0.875,0.975,1.0,0.0999999999999999,0.0,CoherenceRegime.SUBCOHERENT,109.45987255372644,1.826432,WallProximity.SAFE,True,0.0,0.0,0.7130099647144913,0.2039254938149209,True,,Low (RON ~0-50),Excellent (>1 year)
17,n-C17H36,Linear alkanes,Alkanes,Diesel,17,240.458,644882192557.4109,17,4490002,3,0.875,0.975,1.0,0.0999999999999999,0.0007374461291984,CoherenceRegime.SUBCOHERENT,123.49719845311472,1.940458,WallProximity.SAFE,True,0.0,0.0008916945728187,0.6694688654569966,0.2091657105691608,True,,Low (RON ~0-50),Excellent (>1 year)
18,n-C18H38,Linear alkanes,Alkanes,Diesel,18,254.484,626858845913.6626,18,4748050,3,0.875,0.975,1.0,0.0999999999999999,0.0,CoherenceRegime.SUBCOHERENT,138.3811303638647,2.054484,WallProximity.SAFE,True,0.0,0.0,0.6213381120750965,0.2141076873808912,True,,Low (RON ~0-50),Excellent (>1 year)
20,n-C20H42,Linear alkanes,Alkanes,Diesel,20,282.536,594926211713.4329,20,5272410,3,0.875,0.975,1.0,0.0999999999999999,0.0,CoherenceRegime.SUBCOHERENT,170.6888122194498,2.282536,WallProximity.SAFE,True,0.0,0.0,0.5172880014063855,0.223220505626067,True,,Low (RON ~0-50),Excellent (>1 year)
21,n-C21H44,Linear alkanes,Alkanes,Heavy oil,21,296.562,580687194654.7695,21,5534554,2,0.9166666666666666,1.0,1.0,0.0833333333333333,0.0,CoherenceRegime.SUBCOHERENT,188.11256216428492,2.3965620000000003,WallProximity.SAFE,True,0.0,0.0,0.4641622042192316,0.2274417798721354,True,,Low (RON ~0-50),Excellent (>1 year)
23,n-C23H48,Linear alkanes,Alkanes,Heavy oil,23,324.61400000000003,555029896519.2572,23,6058842,3,0.875,0.975,1.0,0.0999999999999999,0.0,CoherenceRegime.SUBCOHERENT,225.49988008804036,2.624614,WallProximity.SAFE,True,0.0,0.0,0.361638421829567,0.235314631527333,True,,Low (RON ~0-50),Excellent (>1 year)
24,n-C24H50,Linear alkanes,Alkanes,Heavy oil,24,338.64,543414061677.224,24,6321051,3,0.875,0.975,1.0,0.0999999999999999,0.0,CoherenceRegime.SUBCOHERENT,245.46344806696047,2.73864,WallProximity.SAFE,True,0.0,0.0,0.3140694284635896,0.2389986830533596,True,,Low (RON ~0-50),Excellent (>1 year)
26,n-C26H54,Linear alkanes,Alkanes,Heavy oil,26,366.692,522214928026.6263,26,6845347,2,0.9166666666666666,1.0,1.0,0.0833333333333333,0.0,CoherenceRegime.SUBCOHERENT,287.93040205888616,2.966692,WallProximity.SAFE,True,0.0,0.0,0.2294018148795772,0.2459287523680874,True,,Low (RON ~0-50),Excellent (>1 year)
27,n-C27H56,Linear alkanes,Alkanes,Heavy oil,27,380.718,512505221974.3419,27,7107491,3,0.875,0.975,1.0,0.0999999999999999,0.0,CoherenceRegime.SUBCOHERENT,310.4337880718915,3.080718,WallProximity.SAFE,True,0.0,0.0,0.1929628696356923,0.249196898441147,True,,Low (RON ~0-50),Excellent (>1 year)
28,n-C28H58,Linear alkanes,Alkanes,Heavy oil,28,394.744,503317732291.2979,28,7369699,3,0.875,0.975,1.0,0.0999999999999999,0.0,CoherenceRegime.SUBCOHERENT,333.7837800962586,3.1947440000000005,WallProximity.SAFE,True,0.0,0.0,0.1606118242057447,0.2523465228730758,True,,Low (RON ~0-50),Excellent (>1 year)
30,n-C30H62,Linear alkanes,Alkanes,Heavy oil,30,422.796,486333924479.0623,30,7889891,3,0.875,0.975,1.0,0.0999999999999999,0.0,CoherenceRegime.SUBCOHERENT,383.0235821790778,3.422796,WallProximity.SAFE,True,0.0,0.0,0.1078322009129451,0.2583225513642143,True,,Low (RON ~0-50),Excellent (>1 year)
34,n-C34H70,Linear alkanes,Alkanes,Heavy oil,34,478.9,456959364182.06506,34,8937964,3,0.875,0.975,1.0,0.0999999999999999,0.0,CoherenceRegime.SUBCOHERENT,491.6624584810569,3.8789,WallProximity.SAFE,True,0.0,0.0,0.0429157825515955,0.2691667048442769,True,,Low (RON ~0-50),Excellent (>1 year)
36,n-C36H74,Linear alkanes,Alkanes,Heavy oil,36,506.952,444136616400.4935,36,9462252,3,0.875,0.975,1.0,0.0999999999999999,0.0,CoherenceRegime.SUBCOHERENT,551.0615327002166,4.106952,WallProximity.SAFE,True,0.0,0.0,0.0254525974212211,0.274120009580299,True,,Low (RON ~0-50),Excellent (>1 year)
39,n-C39H80,Linear alkanes,Alkanes,Heavy oil,39,549.03,426777939336.178,39,10248692,3,0.875,0.975,1.0,0.0999999999999999,0.0,CoherenceRegime.SUBCOHERENT,646.5096891141691,4.4490300000000005,WallProximity.SAFE,True,0.0,0.0,0.0107676025313474,0.2810575037951581,True,,Low (RON ~0-50),Excellent (>1 year)
40,n-C40H82,Linear alkanes,Alkanes,Heavy oil,40,563.056,421428793323.7904,40,10510837,3,0.875,0.975,1.0,0.0999999999999999,0.0,CoherenceRegime.SUBCOHERENT,680.0189532748766,4.563056,WallProximity.SAFE,True,0.0,0.0,0.0079202574335114,0.2832521017394445,True,,Low (RON ~0-50),Excellent (>1 year)
55,2-Methyl-C7,Branched alkanes,Alkanes,Gasoline,7,100.198,999011467728.4476,9,1872520,3,0.875,0.975,1.0,0.0999999999999999,0.0,CoherenceRegime.SUBCOHERENT,21.221209970508696,0.8001980000000001,WallProximity.CRITICAL,True,0.6284659179406685,0.0,0.6993073420184516,0.1326770142455715,True,,Medium (RON ~50-70),Excellent (>1 year)
56,3-Methyl-C7,Branched alkanes,Alkanes,Gasoline,7,100.198,999011467728.4476,9,1872520,3,0.875,0.975,1.0,0.0999999999999999,0.0,CoherenceRegime.SUBCOHERENT,21.221209970508696,0.8001980000000001,WallProximity.CRITICAL,True,0.6284659179406685,0.0,0.6993073420184516,0.1326770142455715,True,,Medium (RON ~50-70),Excellent (>1 year)
57,"2,2-Dimethyl-C7",Branched alkanes,Alkanes,Gasoline,7,100.198,999011467728.4476,12,1872584,2,0.9166666666666666,1.0,1.0,0.0833333333333333,0.0,CoherenceRegime.SUBCOHERENT,21.221209970508696,0.8001980000000001,WallProximity.CRITICAL,True,0.6284659179406685,0.0,0.6993073420184516,0.1326770142455715,True,,Medium (RON ~50-70),Excellent (>1 year)
58,"2,3-Dimethyl-C7",Branched alkanes,Alkanes,Gasoline,7,100.198,999011467728.4476,13,1872584,2,0.9166666666666666,1.0,1.0,0.0833333333333333,0.0,CoherenceRegime.SUBCOHERENT,21.221209970508696,0.8001980000000001,WallProximity.CRITICAL,True,0.6284659179406685,0.0,0.6993073420184516,0.1326770142455715,True,,Medium (RON ~50-70),Excellent (>1 year)
59,"2,4-Dimethyl-C7",Branched alkanes,Alkanes,Gasoline,7,100.198,999011467728.4476,14,1872584,2,0.9166666666666666,1.0,1.0,0.0833333333333333,0.0,CoherenceRegime.SUBCOHERENT,21.221209970508696,0.8001980000000001,WallProximity.CRITICAL,True,0.6284659179406685,0.0,0.6993073420184516,0.1326770142455715,True,,Medium (RON ~50-70),Excellent (>1 year)
61,2-Ethyl-C7,Branched alkanes,Alkanes,Gasoline,7,100.198,999011467728.4476,13,1872584,2,0.9166666666666666,1.0,1.0,0.0833333333333333,0.0,CoherenceRegime.SUBCOHERENT,21.221209970508696,0.8001980000000001,WallProximity.CRITICAL,True,0.6284659179406685,0.0,0.6993073420184516,0.1326770142455715,True,,Medium (RON ~50-70),Excellent (>1 year)
62,3-Ethyl-C7,Branched alkanes,Alkanes,Gasoline,7,100.198,999011467728.4476,13,1872584,2,0.9166666666666666,1.0,1.0,0.0833333333333333,0.0,CoherenceRegime.SUBCOHERENT,21.221209970508696,0.8001980000000001,WallProximity.CRITICAL,True,0.6284659179406685,0.0,0.6993073420184516,0.1326770142455715,True,,Medium (RON ~50-70),Excellent (>1 year)
63,2-Methyl-C8,Branched alkanes,Alkanes,Gasoline,8,114.224,935667010900.7026,10,2134665,3,0.875,0.975,1.0,0.0999999999999999,0.0,CoherenceRegime.SUBCOHERENT,27.639081767641613,0.914224,WallProximity.WARNING,True,0.2999966155396235,0.0,0.7447570440936945,0.1441523610703951,True,,Medium (RON ~50-70),Excellent (>1 year)
64,3-Methyl-C8,Branched alkanes,Alkanes,Gasoline,8,114.224,935667010900.7026,10,2134665,3,0.875,0.975,1.0,0.0999999999999999,0.0,CoherenceRegime.SUBCOHERENT,27.639081767641613,0.914224,WallProximity.WARNING,True,0.2999966155396235,0.0,0.7447570440936945,0.1441523610703951,True,,Medium (RON ~50-70),Excellent (>1 year)
79,2-Methyl-C10,Branched alkanes,Alkanes,Gasoline,10,142.276,838367002781.6842,12,2659017,3,0.875,0.975,1.0,0.0999999999999999,0.0,CoherenceRegime.SUBCOHERENT,43.01464339599258,1.142276,WallProximity.CAUTION,True,0.0,0.0,0.8017320509825592,0.1633616326823045,True,,Medium (RON ~50-70),Excellent (>1 year)
80,3-Methyl-C10,Branched alkanes,Alkanes,Gasoline,10,142.276,838367002781.6842,12,2659017,3,0.875,0.975,1.0,0.0999999999999999,0.0,CoherenceRegime.SUBCOHERENT,43.01464339599258,1.142276,WallProximity.CAUTION,True,0.0,0.0,0.8017320509825592,0.1633616326823045,True,,Medium (RON ~50-70),Excellent (>1 year)
81,"2,2-Dimethyl-C10",Branched alkanes,Alkanes,Gasoline,10,142.276,838367002781.6842,15,2659017,3,0.875,0.975,1.0,0.0999999999999999,0.0,CoherenceRegime.SUBCOHERENT,43.01464339599258,1.142276,WallProximity.CAUTION,True,0.0,0.0,0.8017320509825592,0.1633616326823045,True,,Medium (RON ~50-70),Excellent (>1 year)
87,2-Methyl-C11,Branched alkanes,Alkanes,Gasoline,11,156.302,799866913217.5398,13,2921161,3,0.875,0.975,1.0,0.0999999999999999,0.0010341286632576,CoherenceRegime.SUBCOHERENT,51.97233322721061,1.256302,WallProximity.SAFE,True,0.0,0.0012115615859026,0.8128183517932119,0.1715772214320583,True,,Medium (RON ~50-70),Excellent (>1 year)
88,3-Methyl-C11,Branched alkanes,Alkanes,Gasoline,11,156.302,799866913217.5398,13,2921161,3,0.875,0.975,1.0,0.0999999999999999,0.0010341286632576,CoherenceRegime.SUBCOHERENT,51.97233322721061,1.256302,WallProximity.SAFE,True,0.0,0.0012115615859026,0.8128183517932119,0.1715772214320583,True,,Medium (RON ~50-70),Excellent (>1 year)
95,2-Methyl-C12,Branched alkanes,Alkanes,Gasoline,12,170.328,766226162165.0073,14,3179209,2,0.9166666666666666,1.0,1.0,0.0833333333333333,0.0,CoherenceRegime.SUBCOHERENT,61.77662906979037,1.3703280000000002,WallProximity.SAFE,True,0.0,0.0,0.8125262685665692,0.1790824206711787,True,,Medium (RON ~50-70),Excellent (>1 year)
96,3-Methyl-C12,Branched alkanes,Alkanes,Gasoline,12,170.328,766226162165.0073,14,3179209,2,0.9166666666666666,1.0,1.0,0.0833333333333333,0.0,CoherenceRegime.SUBCOHERENT,61.77662906979037,1.3703280000000002,WallProximity.SAFE,True,0.0,0.0,0.8125262685665692,0.1790824206711787,True,,Medium (RON ~50-70),Excellent (>1 year)
97,"2,2-Dimethyl-C12",Branched alkanes,Alkanes,Gasoline,12,170.328,766226162165.0073,17,3179273,2,0.9166666666666666,1.0,1.0,0.0833333333333333,0.0,CoherenceRegime.SUBCOHERENT,61.77662906979037,1.3703280000000002,WallProximity.SAFE,True,0.0,0.0,0.8125262685665692,0.1790824206711787,True,,Medium (RON ~50-70),Excellent (>1 year)
98,"2,3-Dimethyl-C12",Branched alkanes,Alkanes,Gasoline,12,170.328,766226162165.0073,18,3179273,2,0.9166666666666666,1.0,1.0,0.0833333333333333,0.0,CoherenceRegime.SUBCOHERENT,61.77662906979037,1.3703280000000002,WallProximity.SAFE,True,0.0,0.0,0.8125262685665692,0.1790824206711787,True,,Medium (RON ~50-70),Excellent (>1 year)
99,"2,4-Dimethyl-C12",Branched alkanes,Alkanes,Gasoline,12,170.328,766226162165.0073,19,3179273,2,0.9166666666666666,1.0,1.0,0.0833333333333333,0.0,CoherenceRegime.SUBCOHERENT,61.77662906979037,1.3703280000000002,WallProximity.SAFE,True,0.0,0.0,0.8125262685665692,0.1790824206711787,True,,Medium (RON ~50-70),Excellent (>1 year)
100,"2,2,3-Trimethyl-C12",Branched alkanes,Alkanes,Gasoline,12,170.328,766226162165.0073,21,3179337,3,0.875,0.975,1.0,0.0999999999999999,0.0,CoherenceRegime.SUBCOHERENT,61.77662906979037,1.3703280000000002,WallProximity.SAFE,True,0.0,0.0,0.8125262685665692,0.1790824206711787,True,,Medium (RON ~50-70),Excellent (>1 year)
101,2-Ethyl-C12,Branched alkanes,Alkanes,Gasoline,12,170.328,766226162165.0073,18,3179273,2,0.9166666666666666,1.0,1.0,0.0833333333333333,0.0,CoherenceRegime.SUBCOHERENT,61.77662906979037,1.3703280000000002,WallProximity.SAFE,True,0.0,0.0,0.8125262685665692,0.1790824206711787,True,,Medium (RON ~50-70),Excellent (>1 year)
102,3-Ethyl-C12,Branched alkanes,Alkanes,Gasoline,12,170.328,766226162165.0073,18,3179273,2,0.9166666666666666,1.0,1.0,0.0833333333333333,0.0,CoherenceRegime.SUBCOHERENT,61.77662906979037,1.3703280000000002,WallProximity.SAFE,True,0.0,0.0,0.8125262685665692,0.1790824206711787,True,,Medium (RON ~50-70),Excellent (>1 year)
103,2-Methyl-C13,Branched alkanes,Alkanes,Diesel,13,184.354,736501638657.2075,15,3441361,2,0.9166666666666666,1.0,1.0,0.0833333333333333,0.0,CoherenceRegime.SUBCOHERENT,72.42753092373184,1.4843540000000002,WallProximity.SAFE,True,0.0,0.0,0.8014205114468184,0.1859903680223826,True,,Medium (RON ~50-70),Excellent (>1 year)
104,3-Methyl-C13,Branched alkanes,Alkanes,Diesel,13,184.354,736501638657.2075,15,3441361,2,0.9166666666666666,1.0,1.0,0.0833333333333333,0.0,CoherenceRegime.SUBCOHERENT,72.42753092373184,1.4843540000000002,WallProximity.SAFE,True,0.0,0.0,0.8014205114468184,0.1859903680223826,True,,Medium (RON ~50-70),Excellent (>1 year)
105,"2,2-Dimethyl-C13",Branched alkanes,Alkanes,Diesel,13,184.354,736501638657.2075,18,3441425,3,0.875,0.975,1.0,0.0999999999999999,0.0,CoherenceRegime.SUBCOHERENT,72.42753092373184,1.4843540000000002,WallProximity.SAFE,True,0.0,0.0,0.8014205114468184,0.1859903680223826,True,,Medium (RON ~50-70),Excellent (>1 year)
106,"2,3-Dimethyl-C13",Branched alkanes,Alkanes,Diesel,13,184.354,736501638657.2075,19,3441425,3,0.875,0.975,1.0,0.0999999999999999,0.0,CoherenceRegime.SUBCOHERENT,72.42753092373184,1.4843540000000002,WallProximity.SAFE,True,0.0,0.0,0.8014205114468184,0.1859903680223826,True,,Medium (RON ~50-70),Excellent (>1 year)
107,"2,4-Dimethyl-C13",Branched alkanes,Alkanes,Diesel,13,184.354,736501638657.2075,20,3441489,2,0.9166666666666666,1.0,1.0,0.0833333333333333,0.0,CoherenceRegime.SUBCOHERENT,72.42753092373184,1.4843540000000002,WallProximity.SAFE,True,0.0,0.0,0.8014205114468184,0.1859903680223826,True,,Medium (RON ~50-70),Excellent (>1 year)
108,"2,2,3-Trimethyl-C13",Branched alkanes,Alkanes,Diesel,13,184.354,736501638657.2075,22,3441489,2,0.9166666666666666,1.0,1.0,0.0833333333333333,0.0,CoherenceRegime.SUBCOHERENT,72.42753092373184,1.4843540000000002,WallProximity.SAFE,True,0.0,0.0,0.8014205114468184,0.1859903680223826,True,,Medium (RON ~50-70),Excellent (>1 year)
109,2-Ethyl-C13,Branched alkanes,Alkanes,Diesel,13,184.354,736501638657.2075,19,3441425,3,0.875,0.975,1.0,0.0999999999999999,0.0,CoherenceRegime.SUBCOHERENT,72.42753092373184,1.4843540000000002,WallProximity.SAFE,True,0.0,0.0,0.8014205114468184,0.1859903680223826,True,,Medium (RON ~50-70),Excellent (>1 year)
110,3-Ethyl-C13,Branched alkanes,Alkanes,Diesel,13,184.354,736501638657.2075,19,3441425,3,0.875,0.975,1.0,0.0999999999999999,0.0,CoherenceRegime.SUBCOHERENT,72.42753092373184,1.4843540000000002,WallProximity.SAFE,True,0.0,0.0,0.8014205114468184,0.1859903680223826,True,,Medium (RON ~50-70),Excellent (>1 year)
111,2-Methyl-C14,Branched alkanes,Alkanes,Diesel,14,198.38,709988079400.2195,16,3703569,3,0.875,0.975,1.0,0.0999999999999999,0.0,CoherenceRegime.SUBCOHERENT,83.92503878903499,1.59838,WallProximity.SAFE,True,0.0,0.0,0.7803595749141533,0.1923891550645221,True,,Medium (RON ~50-70),Excellent (>1 year)
112,3-Methyl-C14,Branched alkanes,Alkanes,Diesel,14,198.38,709988079400.2195,16,3703569,3,0.875,0.975,1.0,0.0999999999999999,0.0,CoherenceRegime.SUBCOHERENT,83.92503878903499,1.59838,WallProximity.SAFE,True,0.0,0.0,0.7803595749141533,0.1923891550645221,True,,Medium (RON ~50-70),Excellent (>1 year)
113,"2,2-Dimethyl-C14",Branched alkanes,Alkanes,Diesel,14,198.38,709988079400.2195,19,3703569,3,0.875,0.975,1.0,0.0999999999999999,0.0,CoherenceRegime.SUBCOHERENT,83.92503878903499,1.59838,WallProximity.SAFE,True,0.0,0.0,0.7803595749141533,0.1923891550645221,True,,Medium (RON ~50-70),Excellent (>1 year)
114,"2,3-Dimethyl-C14",Branched alkanes,Alkanes,Diesel,14,198.38,709988079400.2195,20,3703633,2,0.9166666666666666,1.0,1.0,0.0833333333333333,0.0,CoherenceRegime.SUBCOHERENT,83.92503878903499,1.59838,WallProximity.SAFE,True,0.0,0.0,0.7803595749141533,0.1923891550645221,True,,Medium (RON ~50-70),Excellent (>1 year)
115,"2,4-Dimethyl-C14",Branched alkanes,Alkanes,Diesel,14,198.38,709988079400.2195,21,3703633,2,0.9166666666666666,1.0,1.0,0.0833333333333333,0.0,CoherenceRegime.SUBCOHERENT,83.92503878903499,1.59838,WallProximity.SAFE,True,0.0,0.0,0.7803595749141533,0.1923891550645221,True,,Medium (RON ~50-70),Excellent (>1 year)
116,"2,2,3-Trimethyl-C14",Branched alkanes,Alkanes,Diesel,14,198.38,709988079400.2195,23,3703633,2,0.9166666666666666,1.0,1.0,0.0833333333333333,0.0,CoherenceRegime.SUBCOHERENT,83.92503878903499,1.59838,WallProximity.SAFE,True,0.0,0.0,0.7803595749141533,0.1923891550645221,True,,Medium (RON ~50-70),Excellent (>1 year)
117,2-Ethyl-C14,Branched alkanes,Alkanes,Diesel,14,198.38,709988079400.2195,20,3703633,2,0.9166666666666666,1.0,1.0,0.0833333333333333,0.0,CoherenceRegime.SUBCOHERENT,83.92503878903499,1.59838,WallProximity.SAFE,True,0.0,0.0,0.7803595749141533,0.1923891550645221,True,,Medium (RON ~50-70),Excellent (>1 year)
118,3-Ethyl-C14,Branched alkanes,Alkanes,Diesel,14,198.38,709988079400.2195,20,3703633,2,0.9166666666666666,1.0,1.0,0.0833333333333333,0.0,CoherenceRegime.SUBCOHERENT,83.92503878903499,1.59838,WallProximity.SAFE,True,0.0,0.0,0.7803595749141533,0.1923891550645221,True,,Medium (RON ~50-70),Excellent (>1 year)
121,"2,2-Dimethyl-C15",Branched alkanes,Alkanes,Diesel,15,212.406,686146116732.9568,20,3965777,3,0.875,0.975,1.0,0.0999999999999999,0.0,CoherenceRegime.SUBCOHERENT,96.26915266569986,1.712406,WallProximity.SAFE,True,0.0,0.0,0.7504537250958354,0.1983487149292778,True,,Medium (RON ~50-70),Excellent (>1 year)
122,"2,3-Dimethyl-C15",Branched alkanes,Alkanes,Diesel,15,212.406,686146116732.9568,21,3965777,3,0.875,0.975,1.0,0.0999999999999999,0.0,CoherenceRegime.SUBCOHERENT,96.26915266569986,1.712406,WallProximity.SAFE,True,0.0,0.0,0.7504537250958354,0.1983487149292778,True,,Medium (RON ~50-70),Excellent (>1 year)
123,"2,4-Dimethyl-C15",Branched alkanes,Alkanes,Diesel,15,212.406,686146116732.9568,22,3965777,3,0.875,0.975,1.0,0.0999999999999999,0.0,CoherenceRegime.SUBCOHERENT,96.26915266569986,1.712406,WallProximity.SAFE,True,0.0,0.0,0.7504537250958354,0.1983487149292778,True,,Medium (RON ~50-70),Excellent (>1 year)
124,"2,2,3-Trimethyl-C15",Branched alkanes,Alkanes,Diesel,15,212.406,686146116732.9568,24,3965841,3,0.875,0.975,1.0,0.0999999999999999,0.0,CoherenceRegime.SUBCOHERENT,96.26915266569986,1.712406,WallProximity.SAFE,True,0.0,0.0,0.7504537250958354,0.1983487149292778,True,,Medium (RON ~50-70),Excellent (>1 year)
125,2-Ethyl-C15,Branched alkanes,Alkanes,Diesel,15,212.406,686146116732.9568,21,3965777,3,0.875,0.975,1.0,0.0999999999999999,0.0,CoherenceRegime.SUBCOHERENT,96.26915266569986,1.712406,WallProximity.SAFE,True,0.0,0.0,0.7504537250958354,0.1983487149292778,True,,Medium (RON ~50-70),Excellent (>1 year)
126,3-Ethyl-C15,Branched alkanes,Alkanes,Diesel,15,212.406,686146116732.9568,21,3965777,3,0.875,0.975,1.0,0.0999999999999999,0.0,CoherenceRegime.SUBCOHERENT,96.26915266569986,1.712406,WallProximity.SAFE,True,0.0,0.0,0.7504537250958354,0.1983487149292778,True,,Medium (RON ~50-70),Excellent (>1 year)
127,2-Methyl-C16,Branched alkanes,Alkanes,Diesel,16,226.432,664555258312.6898,18,4227858,3,0.875,0.975,1.0,0.0999999999999999,0.0,CoherenceRegime.SUBCOHERENT,109.45987255372644,1.826432,WallProximity.SAFE,True,0.0,0.0,0.7130099647144913,0.2039254938149209,True,,Medium (RON ~50-70),Excellent (>1 year)
128,3-Methyl-C16,Branched alkanes,Alkanes,Diesel,16,226.432,664555258312.6898,18,4227858,3,0.875,0.975,1.0,0.0999999999999999,0.0,CoherenceRegime.SUBCOHERENT,109.45987255372644,1.826432,WallProximity.SAFE,True,0.0,0.0,0.7130099647144913,0.2039254938149209,True,,Medium (RON ~50-70),Excellent (>1 year)
135,2-Methyl-C17,Branched alkanes,Alkanes,Diesel,17,240.458,644882192557.4109,19,4490002,3,0.875,0.975,1.0,0.0999999999999999,0.0007374461291984,CoherenceRegime.SUBCOHERENT,123.49719845311472,1.940458,WallProximity.SAFE,True,0.0,0.0008916945728187,0.6694688654569966,0.2091657105691608,True,,Medium (RON ~50-70),Excellent (>1 year)
136,3-Methyl-C17,Branched alkanes,Alkanes,Diesel,17,240.458,644882192557.4109,19,4490002,3,0.875,0.975,1.0,0.0999999999999999,0.0007374461291984,CoherenceRegime.SUBCOHERENT,123.49719845311472,1.940458,WallProximity.SAFE,True,0.0,0.0008916945728187,0.6694688654569966,0.2091657105691608,True,,Medium (RON ~50-70),Excellent (>1 year)
137,"2,2-Dimethyl-C17",Branched alkanes,Alkanes,Diesel,17,240.458,644882192557.4109,22,4490066,3,0.875,0.975,1.0,0.0999999999999999,0.0007374461291984,CoherenceRegime.SUBCOHERENT,123.49719845311472,1.940458,WallProximity.SAFE,True,0.0,0.0008916945728187,0.6694688654569966,0.2091657105691608,True,,Medium (RON ~50-70),Excellent (>1 year)
138,"2,3-Dimethyl-C17",Branched alkanes,Alkanes,Diesel,17,240.458,644882192557.4109,23,4490066,3,0.875,0.975,1.0,0.0999999999999999,0.0007374461291984,CoherenceRegime.SUBCOHERENT,123.49719845311472,1.940458,WallProximity.SAFE,True,0.0,0.0008916945728187,0.6694688654569966,0.2091657105691608,True,,Medium (RON ~50-70),Excellent (>1 year)
139,"2,4-Dimethyl-C17",Branched alkanes,Alkanes,Diesel,17,240.458,644882192557.4109,24,4490130,3,0.875,0.975,1.0,0.0999999999999999,0.0007374461291984,CoherenceRegime.SUBCOHERENT,123.49719845311472,1.940458,WallProximity.SAFE,True,0.0,0.0008916945728187,0.6694688654569966,0.2091657105691608,True,,Medium (RON ~50-70),Excellent (>1 year)
140,"2,2,3-Trimethyl-C17",Branched alkanes,Alkanes,Diesel,17,240.458,644882192557.4109,26,4490130,3,0.875,0.975,1.0,0.0999999999999999,0.0007374461291984,CoherenceRegime.SUBCOHERENT,123.49719845311472,1.940458,WallProximity.SAFE,True,0.0,0.0008916945728187,0.6694688654569966,0.2091657105691608,True,,Medium (RON ~50-70),Excellent (>1 year)
141,2-Ethyl-C17,Branched alkanes,Alkanes,Diesel,17,240.458,644882192557.4109,23,4490066,3,0.875,0.975,1.0,0.0999999999999999,0.0007374461291984,CoherenceRegime.SUBCOHERENT,123.49719845311472,1.940458,WallProximity.SAFE,True,0.0,0.0008916945728187,0.6694688654569966,0.2091657105691608,True,,Medium (RON ~50-70),Excellent (>1 year)
142,3-Ethyl-C17,Branched alkanes,Alkanes,Diesel,17,240.458,644882192557.4109,23,4490066,3,0.875,0.975,1.0,0.0999999999999999,0.0007374461291984,CoherenceRegime.SUBCOHERENT,123.49719845311472,1.940458,WallProximity.SAFE,True,0.0,0.0008916945728187,0.6694688654569966,0.2091657105691608,True,,Medium (RON ~50-70),Excellent (>1 year)
151,2-Methyl-C19,Branched alkanes,Alkanes,Diesel,19,268.51,610266833430.1029,21,5010266,3,0.875,0.975,1.0,0.0999999999999999,0.0,CoherenceRegime.SUBCOHERENT,154.1116682859764,2.16851,WallProximity.SAFE,True,0.0,0.0,0.5701273044585125,0.2187835521783771,True,,Medium (RON ~50-70),Excellent (>1 year)
152,3-Methyl-C19,Branched alkanes,Alkanes,Diesel,19,268.51,610266833430.1029,21,5010266,3,0.875,0.975,1.0,0.0999999999999999,0.0,CoherenceRegime.SUBCOHERENT,154.1116682859764,2.16851,WallProximity.SAFE,True,0.0,0.0,0.5701273044585125,0.2187835521783771,True,,Medium (RON ~50-70),Excellent (>1 year)
159,2-Methyl-C20,Branched alkanes,Alkanes,Diesel,20,282.536,594926211713.4329,22,5272410,3,0.875,0.975,1.0,0.0999999999999999,0.0,CoherenceRegime.SUBCOHERENT,170.6888122194498,2.282536,WallProximity.SAFE,True,0.0,0.0,0.5172880014063855,0.223220505626067,True,,Medium (RON ~50-70),Excellent (>1 year)
160,3-Methyl-C20,Branched alkanes,Alkanes,Diesel,20,282.536,594926211713.4329,22,5272410,3,0.875,0.975,1.0,0.0999999999999999,0.0,CoherenceRegime.SUBCOHERENT,170.6888122194498,2.282536,WallProximity.SAFE,True,0.0,0.0,0.5172880014063855,0.223220505626067,True,,Medium (RON ~50-70),Excellent (>1 year)
161,"2,2-Dimethyl-C20",Branched alkanes,Alkanes,Diesel,20,282.536,594926211713.4329,25,5272474,3,0.875,0.975,1.0,0.0999999999999999,0.0,CoherenceRegime.SUBCOHERENT,170.6888122194498,2.282536,WallProximity.SAFE,True,0.0,0.0,0.5172880014063855,0.223220505626067,True,,Medium (RON ~50-70),Excellent (>1 year)
162,"2,3-Dimethyl-C20",Branched alkanes,Alkanes,Diesel,20,282.536,594926211713.4329,26,5272474,3,0.875,0.975,1.0,0.0999999999999999,0.0,CoherenceRegime.SUBCOHERENT,170.6888122194498,2.282536,WallProximity.SAFE,True,0.0,0.0,0.5172880014063855,0.223220505626067,True,,Medium (RON ~50-70),Excellent (>1 year)
163,"2,4-Dimethyl-C20",Branched alkanes,Alkanes,Diesel,20,282.536,594926211713.4329,27,5272474,3,0.875,0.975,1.0,0.0999999999999999,0.0,CoherenceRegime.SUBCOHERENT,170.6888122194498,2.282536,WallProximity.SAFE,True,0.0,0.0,0.5172880014063855,0.223220505626067,True,,Medium (RON ~50-70),Excellent (>1 year)
165,2-Ethyl-C20,Branched alkanes,Alkanes,Diesel,20,282.536,594926211713.4329,26,5272474,3,0.875,0.975,1.0,0.0999999999999999,0.0,CoherenceRegime.SUBCOHERENT,170.6888122194498,2.282536,WallProximity.SAFE,True,0.0,0.0,0.5172880014063855,0.223220505626067,True,,Medium (RON ~50-70),Excellent (>1 year)
166,3-Ethyl-C20,Branched alkanes,Alkanes,Diesel,20,282.536,594926211713.4329,26,5272474,3,0.875,0.975,1.0,0.0999999999999999,0.0,CoherenceRegime.SUBCOHERENT,170.6888122194498,2.282536,WallProximity.SAFE,True,0.0,0.0,0.5172880014063855,0.223220505626067,True,,Medium (RON ~50-70),Excellent (>1 year)
167,2-Methyl-C21,Branched alkanes,Alkanes,Diesel,21,296.562,580687194654.7695,23,5534554,2,0.9166666666666666,1.0,1.0,0.0833333333333333,0.0,CoherenceRegime.SUBCOHERENT,188.11256216428492,2.3965620000000003,WallProximity.SAFE,True,0.0,0.0,0.4641622042192316,0.2274417798721354,True,,Medium (RON ~50-70),Excellent (>1 year)
168,3-Methyl-C21,Branched alkanes,Alkanes,Diesel,21,296.562,580687194654.7695,23,5534554,2,0.9166666666666666,1.0,1.0,0.0833333333333333,0.0,CoherenceRegime.SUBCOHERENT,188.11256216428492,2.3965620000000003,WallProximity.SAFE,True,0.0,0.0,0.4641622042192316,0.2274417798721354,True,,Medium (RON ~50-70),Excellent (>1 year)
169,"2,2-Dimethyl-C21",Branched alkanes,Alkanes,Diesel,21,296.562,580687194654.7695,26,5534618,2,0.9166666666666666,1.0,1.0,0.0833333333333333,0.0,CoherenceRegime.SUBCOHERENT,188.11256216428492,2.3965620000000003,WallProximity.SAFE,True,0.0,0.0,0.4641622042192316,0.2274417798721354,True,,Medium (RON ~50-70),Excellent (>1 year)
170,"2,3-Dimethyl-C21",Branched alkanes,Alkanes,Diesel,21,296.562,580687194654.7695,27,5534618,2,0.9166666666666666,1.0,1.0,0.0833333333333333,0.0,CoherenceRegime.SUBCOHERENT,188.11256216428492,2.3965620000000003,WallProximity.SAFE,True,0.0,0.0,0.4641622042192316,0.2274417798721354,True,,Medium (RON ~50-70),Excellent (>1 year)
171,"2,4-Dimethyl-C21",Branched alkanes,Alkanes,Diesel,21,296.562,580687194654.7695,28,5534682,3,0.875,0.975,1.0,0.0999999999999999,0.0,CoherenceRegime.SUBCOHERENT,188.11256216428492,2.3965620000000003,WallProximity.SAFE,True,0.0,0.0,0.4641622042192316,0.2274417798721354,True,,Medium (RON ~50-70),Excellent (>1 year)
172,"2,2,3-Trimethyl-C21",Branched alkanes,Alkanes,Diesel,21,296.562,580687194654.7695,30,5534682,3,0.875,0.975,1.0,0.0999999999999999,0.0,CoherenceRegime.SUBCOHERENT,188.11256216428492,2.3965620000000003,WallProximity.SAFE,True,0.0,0.0,0.4641622042192316,0.2274417798721354,True,,Medium (RON ~50-70),Excellent (>1 year)
173,2-Ethyl-C21,Branched alkanes,Alkanes,Diesel,21,296.562,580687194654.7695,27,5534618,2,0.9166666666666666,1.0,1.0,0.0833333333333333,0.0,CoherenceRegime.SUBCOHERENT,188.11256216428492,2.3965620000000003,WallProximity.SAFE,True,0.0,0.0,0.4641622042192316,0.2274417798721354,True,,Medium (RON ~50-70),Excellent (>1 year)
174,3-Ethyl-C21,Branched alkanes,Alkanes,Diesel,21,296.562,580687194654.7695,27,5534618,2,0.9166666666666666,1.0,1.0,0.0833333333333333,0.0,CoherenceRegime.SUBCOHERENT,188.11256216428492,2.3965620000000003,WallProximity.SAFE,True,0.0,0.0,0.4641622042192316,0.2274417798721354,True,,Medium (RON ~50-70),Excellent (>1 year)
183,2-Methyl-C23,Branched alkanes,Alkanes,Diesel,23,324.61400000000003,555029896519.2572,25,6058906,3,0.875,0.975,1.0,0.0999999999999999,0.0,CoherenceRegime.SUBCOHERENT,225.49988008804036,2.624614,WallProximity.SAFE,True,0.0,0.0,0.361638421829567,0.235314631527333,True,,Medium (RON ~50-70),Excellent (>1 year)
184,3-Methyl-C23,Branched alkanes,Alkanes,Diesel,23,324.61400000000003,555029896519.2572,25,6058906,3,0.875,0.975,1.0,0.0999999999999999,0.0,CoherenceRegime.SUBCOHERENT,225.49988008804036,2.624614,WallProximity.SAFE,True,0.0,0.0,0.361638421829567,0.235314631527333,True,,Medium (RON ~50-70),Excellent (>1 year)
191,2-Methyl-C24,Branched alkanes,Alkanes,Diesel,24,338.64,543414061677.224,26,6321051,3,0.875,0.975,1.0,0.0999999999999999,0.0,CoherenceRegime.SUBCOHERENT,245.46344806696047,2.73864,WallProximity.SAFE,True,0.0,0.0,0.3140694284635896,0.2389986830533596,True,,Medium (RON ~50-70),Excellent (>1 year)
192,3-Methyl-C24,Branched alkanes,Alkanes,Diesel,24,338.64,543414061677.224,26,6321051,3,0.875,0.975,1.0,0.0999999999999999,0.0,CoherenceRegime.SUBCOHERENT,245.46344806696047,2.73864,WallProximity.SAFE,True,0.0,0.0,0.3140694284635896,0.2389986830533596,True,,Medium (RON ~50-70),Excellent (>1 year)
201,"2,2-Dimethyl-C25",Branched alkanes,Alkanes,Diesel,25,352.666,532498273476.99066,30,6583267,3,0.875,0.975,1.0,0.0999999999999999,0.0,CoherenceRegime.SUBCOHERENT,266.2736220572425,2.852666,WallProximity.SAFE,True,0.0,0.0,0.2698503910645006,0.2425328145926777,True,,Medium (RON ~50-70),Excellent (>1 year)
202,"2,3-Dimethyl-C25",Branched alkanes,Alkanes,Diesel,25,352.666,532498273476.99066,31,6583267,3,0.875,0.975,1.0,0.0999999999999999,0.0,CoherenceRegime.SUBCOHERENT,266.2736220572425,2.852666,WallProximity.SAFE,True,0.0,0.0,0.2698503910645006,0.2425328145926777,True,,Medium (RON ~50-70),Excellent (>1 year)
203,"2,4-Dimethyl-C25",Branched alkanes,Alkanes,Diesel,25,352.666,532498273476.99066,32,6583267,3,0.875,0.975,1.0,0.0999999999999999,0.0,CoherenceRegime.SUBCOHERENT,266.2736220572425,2.852666,WallProximity.SAFE,True,0.0,0.0,0.2698503910645006,0.2425328145926777,True,,Medium (RON ~50-70),Excellent (>1 year)
204,"2,2,3-Trimethyl-C25",Branched alkanes,Alkanes,Diesel,25,352.666,532498273476.99066,34,6583267,3,0.875,0.975,1.0,0.0999999999999999,0.0,CoherenceRegime.SUBCOHERENT,266.2736220572425,2.852666,WallProximity.SAFE,True,0.0,0.0,0.2698503910645006,0.2425328145926777,True,,Medium (RON ~50-70),Excellent (>1 year)
205,2-Ethyl-C25,Branched alkanes,Alkanes,Diesel,25,352.666,532498273476.99066,31,6583267,3,0.875,0.975,1.0,0.0999999999999999,0.0,CoherenceRegime.SUBCOHERENT,266.2736220572425,2.852666,WallProximity.SAFE,True,0.0,0.0,0.2698503910645006,0.2425328145926777,True,,Medium (RON ~50-70),Excellent (>1 year)
206,3-Ethyl-C25,Branched alkanes,Alkanes,Diesel,25,352.666,532498273476.99066,31,6583267,3,0.875,0.975,1.0,0.0999999999999999,0.0,CoherenceRegime.SUBCOHERENT,266.2736220572425,2.852666,WallProximity.SAFE,True,0.0,0.0,0.2698503910645006,0.2425328145926777,True,,Medium (RON ~50-70),Excellent (>1 year)
207,2-Methyl-C26,Branched alkanes,Alkanes,Diesel,26,366.692,522214928026.6263,28,6845411,1,0.9583333333333334,1.0,1.0,0.0416666666666666,0.0,CoherenceRegime.SUBCOHERENT,287.93040205888616,2.966692,WallProximity.SAFE,True,0.0,0.0,0.2294018148795772,0.2459287523680874,True,,Medium (RON ~50-70),Excellent (>1 year)
208,3-Methyl-C26,Branched alkanes,Alkanes,Diesel,26,366.692,522214928026.6263,28,6845411,1,0.9583333333333334,1.0,1.0,0.0416666666666666,0.0,CoherenceRegime.SUBCOHERENT,287.93040205888616,2.966692,WallProximity.SAFE,True,0.0,0.0,0.2294018148795772,0.2459287523680874,True,,Medium (RON ~50-70),Excellent (>1 year)
209,"2,2-Dimethyl-C26",Branched alkanes,Alkanes,Diesel,26,366.692,522214928026.6263,31,6845411,1,0.9583333333333334,1.0,1.0,0.0416666666666666,0.0,CoherenceRegime.SUBCOHERENT,287.93040205888616,2.966692,WallProximity.SAFE,True,0.0,0.0,0.2294018148795772,0.2459287523680874,True,,Medium (RON ~50-70),Excellent (>1 year)
210,"2,3-Dimethyl-C26",Branched alkanes,Alkanes,Diesel,26,366.692,522214928026.6263,32,6845411,1,0.9583333333333334,1.0,1.0,0.0416666666666666,0.0,CoherenceRegime.SUBCOHERENT,287.93040205888616,2.966692,WallProximity.SAFE,True,0.0,0.0,0.2294018148795772,0.2459287523680874,True,,Medium (RON ~50-70),Excellent (>1 year)
211,"2,4-Dimethyl-C26",Branched alkanes,Alkanes,Diesel,26,366.692,522214928026.6263,33,6845411,1,0.9583333333333334,1.0,1.0,0.0416666666666666,0.0,CoherenceRegime.SUBCOHERENT,287.93040205888616,2.966692,WallProximity.SAFE,True,0.0,0.0,0.2294018148795772,0.2459287523680874,True,,Medium (RON ~50-70),Excellent (>1 year)
212,"2,2,3-Trimethyl-C26",Branched alkanes,Alkanes,Diesel,26,366.692,522214928026.6263,35,6845411,1,0.9583333333333334,1.0,1.0,0.0416666666666666,0.0,CoherenceRegime.SUBCOHERENT,287.93040205888616,2.966692,WallProximity.SAFE,True,0.0,0.0,0.2294018148795772,0.2459287523680874,True,,Medium (RON ~50-70),Excellent (>1 year)
213,2-Ethyl-C26,Branched alkanes,Alkanes,Diesel,26,366.692,522214928026.6263,32,6845411,1,0.9583333333333334,1.0,1.0,0.0416666666666666,0.0,CoherenceRegime.SUBCOHERENT,287.93040205888616,2.966692,WallProximity.SAFE,True,0.0,0.0,0.2294018148795772,0.2459287523680874,True,,Medium (RON ~50-70),Excellent (>1 year)
214,3-Ethyl-C26,Branched alkanes,Alkanes,Diesel,26,366.692,522214928026.6263,32,6845411,1,0.9583333333333334,1.0,1.0,0.0416666666666666,0.0,CoherenceRegime.SUBCOHERENT,287.93040205888616,2.966692,WallProximity.SAFE,True,0.0,0.0,0.2294018148795772,0.2459287523680874,True,,Medium (RON ~50-70),Excellent (>1 year)
215,2-Methyl-C27,Branched alkanes,Alkanes,Diesel,27,380.718,512505221974.3419,29,7107555,2,0.9166666666666666,1.0,1.0,0.0833333333333333,0.0,CoherenceRegime.SUBCOHERENT,310.4337880718915,3.080718,WallProximity.SAFE,True,0.0,0.0,0.1929628696356923,0.249196898441147,True,,Medium (RON ~50-70),Excellent (>1 year)
216,3-Methyl-C27,Branched alkanes,Alkanes,Diesel,27,380.718,512505221974.3419,29,7107555,2,0.9166666666666666,1.0,1.0,0.0833333333333333,0.0,CoherenceRegime.SUBCOHERENT,310.4337880718915,3.080718,WallProximity.SAFE,True,0.0,0.0,0.1929628696356923,0.249196898441147,True,,Medium (RON ~50-70),Excellent (>1 year)
217,"2,2-Dimethyl-C27",Branched alkanes,Alkanes,Diesel,27,380.718,512505221974.3419,32,7107555,2,0.9166666666666666,1.0,1.0,0.0833333333333333,0.0,CoherenceRegime.SUBCOHERENT,310.4337880718915,3.080718,WallProximity.SAFE,True,0.0,0.0,0.1929628696356923,0.249196898441147,True,,Medium (RON ~50-70),Excellent (>1 year)
218,"2,3-Dimethyl-C27",Branched alkanes,Alkanes,Diesel,27,380.718,512505221974.3419,33,7107555,2,0.9166666666666666,1.0,1.0,0.0833333333333333,0.0,CoherenceRegime.SUBCOHERENT,310.4337880718915,3.080718,WallProximity.SAFE,True,0.0,0.0,0.1929628696356923,0.249196898441147,True,,Medium (RON ~50-70),Excellent (>1 year)
219,"2,4-Dimethyl-C27",Branched alkanes,Alkanes,Diesel,27,380.718,512505221974.3419,34,7107555,2,0.9166666666666666,1.0,1.0,0.0833333333333333,0.0,CoherenceRegime.SUBCOHERENT,310.4337880718915,3.080718,WallProximity.SAFE,True,0.0,0.0,0.1929628696356923,0.249196898441147,True,,Medium (RON ~50-70),Excellent (>1 year)
220,"2,2,3-Trimethyl-C27",Branched alkanes,Alkanes,Diesel,27,380.718,512505221974.3419,36,7107555,2,0.9166666666666666,1.0,1.0,0.0833333333333333,0.0,CoherenceRegime.SUBCOHERENT,310.4337880718915,3.080718,WallProximity.SAFE,True,0.0,0.0,0.1929628696356923,0.249196898441147,True,,Medium (RON ~50-70),Excellent (>1 year)
221,2-Ethyl-C27,Branched alkanes,Alkanes,Diesel,27,380.718,512505221974.3419,33,7107555,2,0.9166666666666666,1.0,1.0,0.0833333333333333,0.0,CoherenceRegime.SUBCOHERENT,310.4337880718915,3.080718,WallProximity.SAFE,True,0.0,0.0,0.1929628696356923,0.249196898441147,True,,Medium (RON ~50-70),Excellent (>1 year)
222,3-Ethyl-C27,Branched alkanes,Alkanes,Diesel,27,380.718,512505221974.3419,33,7107555,2,0.9166666666666666,1.0,1.0,0.0833333333333333,0.0,CoherenceRegime.SUBCOHERENT,310.4337880718915,3.080718,WallProximity.SAFE,True,0.0,0.0,0.1929628696356923,0.249196898441147,True,,Medium (RON ~50-70),Excellent (>1 year)
223,2-Methyl-C28,Branched alkanes,Alkanes,Diesel,28,394.744,503317732291.2979,30,7369699,3,0.875,0.975,1.0,0.0999999999999999,0.0,CoherenceRegime.SUBCOHERENT,333.7837800962586,3.1947440000000005,WallProximity.SAFE,True,0.0,0.0,0.1606118242057447,0.2523465228730758,True,,Medium (RON ~50-70),Excellent (>1 year)
224,3-Methyl-C28,Branched alkanes,Alkanes,Diesel,28,394.744,503317732291.2979,30,7369699,3,0.875,0.975,1.0,0.0999999999999999,0.0,CoherenceRegime.SUBCOHERENT,333.7837800962586,3.1947440000000005,WallProximity.SAFE,True,0.0,0.0,0.1606118242057447,0.2523465228730758,True,,Medium (RON ~50-70),Excellent (>1 year)
225,"2,2-Dimethyl-C28",Branched alkanes,Alkanes,Diesel,28,394.744,503317732291.2979,33,7369699,3,0.875,0.975,1.0,0.0999999999999999,0.0,CoherenceRegime.SUBCOHERENT,333.7837800962586,3.1947440000000005,WallProximity.SAFE,True,0.0,0.0,0.1606118242057447,0.2523465228730758,True,,Medium (RON ~50-70),Excellent (>1 year)
226,"2,3-Dimethyl-C28",Branched alkanes,Alkanes,Diesel,28,394.744,503317732291.2979,34,7369699,3,0.875,0.975,1.0,0.0999999999999999,0.0,CoherenceRegime.SUBCOHERENT,333.7837800962586,3.1947440000000005,WallProximity.SAFE,True,0.0,0.0,0.1606118242057447,0.2523465228730758,True,,Medium (RON ~50-70),Excellent (>1 year)
227,"2,4-Dimethyl-C28",Branched alkanes,Alkanes,Diesel,28,394.744,503317732291.2979,35,7369699,3,0.875,0.975,1.0,0.0999999999999999,0.0,CoherenceRegime.SUBCOHERENT,333.7837800962586,3.1947440000000005,WallProximity.SAFE,True,0.0,0.0,0.1606118242057447,0.2523465228730758,True,,Medium (RON ~50-70),Excellent (>1 year)
228,"2,2,3-Trimethyl-C28",Branched alkanes,Alkanes,Diesel,28,394.744,503317732291.2979,37,7369699,3,0.875,0.975,1.0,0.0999999999999999,0.0,CoherenceRegime.SUBCOHERENT,333.7837800962586,3.1947440000000005,WallProximity.SAFE,True,0.0,0.0,0.1606118242057447,0.2523465228730758,True,,Medium (RON ~50-70),Excellent (>1 year)
229,2-Ethyl-C28,Branched alkanes,Alkanes,Diesel,28,394.744,503317732291.2979,34,7369699,3,0.875,0.975,1.0,0.0999999999999999,0.0,CoherenceRegime.SUBCOHERENT,333.7837800962586,3.1947440000000005,WallProximity.SAFE,True,0.0,0.0,0.1606118242057447,0.2523465228730758,True,,Medium (RON ~50-70),Excellent (>1 year)
230,3-Ethyl-C28,Branched alkanes,Alkanes,Diesel,28,394.744,503317732291.2979,34,7369699,3,0.875,0.975,1.0,0.0999999999999999,0.0,CoherenceRegime.SUBCOHERENT,333.7837800962586,3.1947440000000005,WallProximity.SAFE,True,0.0,0.0,0.1606118242057447,0.2523465228730758,True,,Medium (RON ~50-70),Excellent (>1 year)
240,1-Methyl-cyclo-C3,Cycloalkanes,Cycloalkanes,Gasoline,4,56.104,1335067079460.4524,6,1094208,3,0.875,0.975,1.0,0.0999999999999999,0.0,CoherenceRegime.SUBCOHERENT,6.77284809089366,0.456104,WallProximity.BEYOND_WALL,False,1.0,0.0,0.5089117457968774,0.0830771334867177,True,,Medium (RON ~50-70),Excellent (>1 year)
244,Cyclo-C4H8,Cycloalkanes,Cycloalkanes,Gasoline,4,56.104,1335067079460.4524,6,1094208,3,0.875,0.975,1.0,0.0999999999999999,0.0,CoherenceRegime.SUBCOHERENT,6.77284809089366,0.456104,WallProximity.BEYOND_WALL,False,1.0,0.0,0.5089117457968774,0.0830771334867177,True,,Medium (RON ~50-70),Excellent (>1 year)
248,4-Methyl-cyclo-C4,Cycloalkanes,Cycloalkanes,Gasoline,8,112.208,944034985225.4052,10,2134665,3,0.875,0.975,1.0,0.0999999999999999,0.0,CoherenceRegime.SUBCOHERENT,27.09139236357464,0.912208,WallProximity.WARNING,True,0.3561888571011279,0.0,0.7524193337215321,0.143283132619514,True,,High (RON ~90-120),Excellent (>1 year)
252,3-Methyl-cyclo-C5,Cycloalkanes,Cycloalkanes,Gasoline,8,112.208,944034985225.4052,10,2134665,3,0.875,0.975,1.0,0.0999999999999999,0.0,CoherenceRegime.SUBCOHERENT,27.09139236357464,0.912208,WallProximity.WARNING,True,0.3561888571011279,0.0,0.7524193337215321,0.143283132619514,True,,High (RON ~90-120),Excellent (>1 year)
256,2-Methyl-cyclo-C6,Cycloalkanes,Cycloalkanes,Gasoline,8,112.208,944034985225.4052,10,2134665,3,0.875,0.975,1.0,0.0999999999999999,0.0,CoherenceRegime.SUBCOHERENT,27.09139236357464,0.912208,WallProximity.WARNING,True,0.3561888571011279,0.0,0.7524193337215321,0.143283132619514,True,,High (RON ~90-120),Excellent (>1 year)
258,4-Methyl-cyclo-C6,Cycloalkanes,Cycloalkanes,Gasoline,10,140.26,844370560040.8063,12,2659017,3,0.875,0.975,1.0,0.0999999999999999,0.0020964232055424,CoherenceRegime.SUBCOHERENT,42.33030056808538,1.14026,WallProximity.CAUTION,True,0.0,0.0024374381697527,0.8108391997578444,0.1626651352211253,True,,High (RON ~90-120),Excellent (>1 year)
260,1-Methyl-cyclo-C7,Cycloalkanes,Cycloalkanes,Gasoline,8,112.208,944034985225.4052,10,2134665,3,0.875,0.975,1.0,0.0999999999999999,0.0,CoherenceRegime.SUBCOHERENT,27.09139236357464,0.912208,WallProximity.WARNING,True,0.3561888571011279,0.0,0.7524193337215321,0.143283132619514,True,,High (RON ~90-120),Excellent (>1 year)
262,3-Methyl-cyclo-C7,Cycloalkanes,Cycloalkanes,Gasoline,10,140.26,844370560040.8063,12,2659017,3,0.875,0.975,1.0,0.0999999999999999,0.0020964232055424,CoherenceRegime.SUBCOHERENT,42.33030056808538,1.14026,WallProximity.CAUTION,True,0.0,0.0024374381697527,0.8108391997578444,0.1626651352211253,True,,High (RON ~90-120),Excellent (>1 year)
263,4-Methyl-cyclo-C7,Cycloalkanes,Cycloalkanes,Gasoline,11,154.286,805075740459.2579,13,2921161,3,0.875,0.975,1.0,0.0999999999999999,0.0,CoherenceRegime.SUBCOHERENT,51.21966368738332,1.254286,WallProximity.CAUTION,True,0.0,0.0,0.8226841066171374,0.1709436722527703,True,,High (RON ~90-120),Excellent (>1 year)
264,Cyclo-C8H16,Cycloalkanes,Cycloalkanes,Gasoline,8,112.208,944034985225.4052,10,2134665,3,0.875,0.975,1.0,0.0999999999999999,0.0,CoherenceRegime.SUBCOHERENT,27.09139236357464,0.912208,WallProximity.WARNING,True,0.3561888571011279,0.0,0.7524193337215321,0.143283132619514,True,,High (RON ~90-120),Excellent (>1 year)
266,2-Methyl-cyclo-C8,Cycloalkanes,Cycloalkanes,Gasoline,10,140.26,844370560040.8063,12,2659017,3,0.875,0.975,1.0,0.0999999999999999,0.0020964232055424,CoherenceRegime.SUBCOHERENT,42.33030056808538,1.14026,WallProximity.CAUTION,True,0.0,0.0024374381697527,0.8108391997578444,0.1626651352211253,True,,High (RON ~90-120),Excellent (>1 year)
267,3-Methyl-cyclo-C8,Cycloalkanes,Cycloalkanes,Gasoline,11,154.286,805075740459.2579,13,2921161,3,0.875,0.975,1.0,0.0999999999999999,0.0,CoherenceRegime.SUBCOHERENT,51.21966368738332,1.254286,WallProximity.CAUTION,True,0.0,0.0,0.8226841066171374,0.1709436722527703,True,,High (RON ~90-120),Excellent (>1 year)
268,4-Methyl-cyclo-C8,Cycloalkanes,Cycloalkanes,Gasoline,12,168.312,770801337712.6996,14,3179209,2,0.9166666666666666,1.0,1.0,0.0833333333333333,0.0,CoherenceRegime.SUBCOHERENT,60.955632818042965,1.3683120000000002,WallProximity.SAFE,True,0.0,0.0,0.8231092971646984,0.1785013844306502,True,,High (RON ~90-120),Excellent (>1 year)
270,1-Methyl-cyclo-C9,Cycloalkanes,Cycloalkanes,Gasoline,10,140.26,844370560040.8063,12,2659017,3,0.875,0.975,1.0,0.0999999999999999,0.0020964232055424,CoherenceRegime.SUBCOHERENT,42.33030056808538,1.14026,WallProximity.CAUTION,True,0.0,0.0024374381697527,0.8108391997578444,0.1626651352211253,True,,High (RON ~90-120),Excellent (>1 year)
271,2-Methyl-cyclo-C9,Cycloalkanes,Cycloalkanes,Gasoline,11,154.286,805075740459.2579,13,2921161,3,0.875,0.975,1.0,0.0999999999999999,0.0,CoherenceRegime.SUBCOHERENT,51.21966368738332,1.254286,WallProximity.CAUTION,True,0.0,0.0,0.8226841066171374,0.1709436722527703,True,,High (RON ~90-120),Excellent (>1 year)
272,3-Methyl-cyclo-C9,Cycloalkanes,Cycloalkanes,Gasoline,12,168.312,770801337712.6996,14,3179209,2,0.9166666666666666,1.0,1.0,0.0833333333333333,0.0,CoherenceRegime.SUBCOHERENT,60.955632818042965,1.3683120000000002,WallProximity.SAFE,True,0.0,0.0,0.8231092971646984,0.1785013844306502,True,,High (RON ~90-120),Excellent (>1 year)
273,4-Methyl-cyclo-C9,Cycloalkanes,Cycloalkanes,Gasoline,13,182.338,740561970950.5564,15,3441361,2,0.9166666666666666,1.0,1.0,0.0833333333333333,0.0,CoherenceRegime.SUBCOHERENT,71.5382079600643,1.482338,WallProximity.SAFE,True,0.0,0.0,0.8126373341409747,0.1854538056824926,True,,High (RON ~90-120),Excellent (>1 year)
274,Cyclo-C10H20,Cycloalkanes,Cycloalkanes,Diesel,10,140.26,844370560040.8063,12,2659017,3,0.875,0.975,1.0,0.0999999999999999,0.0020964232055424,CoherenceRegime.SUBCOHERENT,42.33030056808538,1.14026,WallProximity.CAUTION,True,0.0,0.0024374381697527,0.8108391997578444,0.1626651352211253,True,,High (RON ~90-120),Excellent (>1 year)
275,1-Methyl-cyclo-C10,Cycloalkanes,Cycloalkanes,Gasoline,11,154.286,805075740459.2579,13,2921161,3,0.875,0.975,1.0,0.0999999999999999,0.0,CoherenceRegime.SUBCOHERENT,51.21966368738332,1.254286,WallProximity.CAUTION,True,0.0,0.0,0.8226841066171374,0.1709436722527703,True,,High (RON ~90-120),Excellent (>1 year)
276,2-Methyl-cyclo-C10,Cycloalkanes,Cycloalkanes,Gasoline,12,168.312,770801337712.6996,14,3179209,2,0.9166666666666666,1.0,1.0,0.0833333333333333,0.0,CoherenceRegime.SUBCOHERENT,60.955632818042965,1.3683120000000002,WallProximity.SAFE,True,0.0,0.0,0.8231092971646984,0.1785013844306502,True,,High (RON ~90-120),Excellent (>1 year)
277,3-Methyl-cyclo-C10,Cycloalkanes,Cycloalkanes,Gasoline,13,182.338,740561970950.5564,15,3441361,2,0.9166666666666666,1.0,1.0,0.0833333333333333,0.0,CoherenceRegime.SUBCOHERENT,71.5382079600643,1.482338,WallProximity.SAFE,True,0.0,0.0,0.8126373341409747,0.1854538056824926,True,,High (RON ~90-120),Excellent (>1 year)
278,4-Methyl-cyclo-C10,Cycloalkanes,Cycloalkanes,Gasoline,14,196.364,713623371385.9878,16,3703569,3,0.875,0.975,1.0,0.0999999999999999,0.0,CoherenceRegime.SUBCOHERENT,82.96738911344735,1.596364,WallProximity.SAFE,True,0.0,0.0,0.7920916115962445,0.1918907423567729,True,,High (RON ~90-120),Excellent (>1 year)
279,Cyclo-C11H22,Cycloalkanes,Cycloalkanes,Diesel,11,154.286,805075740459.2579,13,2921161,3,0.875,0.975,1.0,0.0999999999999999,0.0,CoherenceRegime.SUBCOHERENT,51.21966368738332,1.254286,WallProximity.CAUTION,True,0.0,0.0,0.8226841066171374,0.1709436722527703,True,,High (RON ~90-120),Excellent (>1 year)
280,1-Methyl-cyclo-C11,Cycloalkanes,Cycloalkanes,Gasoline,12,168.312,770801337712.6996,14,3179209,2,0.9166666666666666,1.0,1.0,0.0833333333333333,0.0,CoherenceRegime.SUBCOHERENT,60.955632818042965,1.3683120000000002,WallProximity.SAFE,True,0.0,0.0,0.8231092971646984,0.1785013844306502,True,,High (RON ~90-120),Excellent (>1 year)
281,2-Methyl-cyclo-C11,Cycloalkanes,Cycloalkanes,Gasoline,13,182.338,740561970950.5564,15,3441361,2,0.9166666666666666,1.0,1.0,0.0833333333333333,0.0,CoherenceRegime.SUBCOHERENT,71.5382079600643,1.482338,WallProximity.SAFE,True,0.0,0.0,0.8126373341409747,0.1854538056824926,True,,High (RON ~90-120),Excellent (>1 year)
282,3-Methyl-cyclo-C11,Cycloalkanes,Cycloalkanes,Gasoline,14,196.364,713623371385.9878,16,3703569,3,0.875,0.975,1.0,0.0999999999999999,0.0,CoherenceRegime.SUBCOHERENT,82.96738911344735,1.596364,WallProximity.SAFE,True,0.0,0.0,0.7920916115962445,0.1918907423567729,True,,High (RON ~90-120),Excellent (>1 year)
284,Cyclo-C12H24,Cycloalkanes,Cycloalkanes,Diesel,12,168.312,770801337712.6996,14,3179209,2,0.9166666666666666,1.0,1.0,0.0833333333333333,0.0,CoherenceRegime.SUBCOHERENT,60.955632818042965,1.3683120000000002,WallProximity.SAFE,True,0.0,0.0,0.8231092971646984,0.1785013844306502,True,,High (RON ~90-120),Excellent (>1 year)
285,1-Methyl-cyclo-C12,Cycloalkanes,Cycloalkanes,Gasoline,13,182.338,740561970950.5564,15,3441361,2,0.9166666666666666,1.0,1.0,0.0833333333333333,0.0,CoherenceRegime.SUBCOHERENT,71.5382079600643,1.482338,WallProximity.SAFE,True,0.0,0.0,0.8126373341409747,0.1854538056824926,True,,High (RON ~90-120),Excellent (>1 year)
286,2-Methyl-cyclo-C12,Cycloalkanes,Cycloalkanes,Gasoline,14,196.364,713623371385.9878,16,3703569,3,0.875,0.975,1.0,0.0999999999999999,0.0,CoherenceRegime.SUBCOHERENT,82.96738911344735,1.596364,WallProximity.SAFE,True,0.0,0.0,0.7920916115962445,0.1918907423567729,True,,High (RON ~90-120),Excellent (>1 year)
288,Cyclo-C13H26,Cycloalkanes,Cycloalkanes,Diesel,13,182.338,740561970950.5564,15,3441361,2,0.9166666666666666,1.0,1.0,0.0833333333333333,0.0,CoherenceRegime.SUBCOHERENT,71.5382079600643,1.482338,WallProximity.SAFE,True,0.0,0.0,0.8126373341409747,0.1854538056824926,True,,High (RON ~90-120),Excellent (>1 year)
289,1-Methyl-cyclo-C13,Cycloalkanes,Cycloalkanes,Gasoline,14,196.364,713623371385.9878,16,3703569,3,0.875,0.975,1.0,0.0999999999999999,0.0,CoherenceRegime.SUBCOHERENT,82.96738911344735,1.596364,WallProximity.SAFE,True,0.0,0.0,0.7920916115962445,0.1918907423567729,True,,High (RON ~90-120),Excellent (>1 year)
291,Cyclo-C14H28,Cycloalkanes,Cycloalkanes,Diesel,14,196.364,713623371385.9878,16,3703569,3,0.875,0.975,1.0,0.0999999999999999,0.0,CoherenceRegime.SUBCOHERENT,82.96738911344735,1.596364,WallProximity.SAFE,True,0.0,0.0,0.7920916115962445,0.1918907423567729,True,,High (RON ~90-120),Excellent (>1 year)
293,1-C2ene,Linear alkenes,Alkenes,Gasoline,2,28.052,1888069970450.8103,3,573952,3,0.875,0.975,1.0,0.0999999999999999,0.0,CoherenceRegime.SUBCOHERENT,1.693212022723415,0.228052,WallProximity.BEYOND_WALL,False,1.0,0.0,0.3317758620459438,0.0228711343539215,True,,Medium (RON ~50-70),Excellent (>1 year)
295,1-C4ene,Linear alkenes,Alkenes,Gasoline,4,56.104,1335067079460.4524,5,1094208,3,0.875,0.975,1.0,0.0999999999999999,0.0,CoherenceRegime.SUBCOHERENT,6.77284809089366,0.456104,WallProximity.BEYOND_WALL,False,1.0,0.0,0.5089117457968774,0.0830771334867177,True,,Medium (RON ~50-70),Excellent (>1 year)
296,2-C4ene,Linear alkenes,Alkenes,Gasoline,4,56.104,1335067079460.4524,5,1094208,3,0.875,0.975,1.0,0.0999999999999999,0.0,CoherenceRegime.SUBCOHERENT,6.77284809089366,0.456104,WallProximity.BEYOND_WALL,False,1.0,0.0,0.5089117457968774,0.0830771334867177,True,,Medium (RON ~50-70),Excellent (>1 year)
306,1-C8ene,Linear alkenes,Alkenes,Gasoline,8,112.208,944034985225.4052,9,2134665,3,0.875,0.975,1.0,0.0999999999999999,0.0,CoherenceRegime.SUBCOHERENT,27.09139236357464,0.912208,WallProximity.WARNING,True,0.3561888571011279,0.0,0.7524193337215321,0.143283132619514,True,,Medium (RON ~50-70),Excellent (>1 year)
307,2-C8ene,Linear alkenes,Alkenes,Gasoline,8,112.208,944034985225.4052,9,2134665,3,0.875,0.975,1.0,0.0999999999999999,0.0,CoherenceRegime.SUBCOHERENT,27.09139236357464,0.912208,WallProximity.WARNING,True,0.3561888571011279,0.0,0.7524193337215321,0.143283132619514,True,,Medium (RON ~50-70),Excellent (>1 year)
308,2-Methyl-1-C8ene,Branched alkenes,Alkenes,Gasoline,8,112.208,944034985225.4052,11,2134665,3,0.875,0.975,1.0,0.0999999999999999,0.0,CoherenceRegime.SUBCOHERENT,27.09139236357464,0.912208,WallProximity.WARNING,True,0.3561888571011279,0.0,0.7524193337215321,0.143283132619514,True,,Medium (RON ~50-70),Excellent (>1 year)
312,1-C10ene,Linear alkenes,Alkenes,Gasoline,10,140.26,844370560040.8063,11,2658953,2,0.9166666666666666,1.0,1.0,0.0833333333333333,0.0020964232055424,CoherenceRegime.SUBCOHERENT,42.33030056808538,1.14026,WallProximity.CAUTION,True,0.0,0.0024374381697527,0.8108391997578444,0.1626651352211253,True,,Medium-High (RON ~70-90),Excellent (>1 year)
313,2-C10ene,Linear alkenes,Alkenes,Gasoline,10,140.26,844370560040.8063,11,2658953,2,0.9166666666666666,1.0,1.0,0.0833333333333333,0.0020964232055424,CoherenceRegime.SUBCOHERENT,42.33030056808538,1.14026,WallProximity.CAUTION,True,0.0,0.0024374381697527,0.8108391997578444,0.1626651352211253,True,,Medium-High (RON ~70-90),Excellent (>1 year)
314,2-Methyl-1-C10ene,Branched alkenes,Alkenes,Gasoline,10,140.26,844370560040.8063,13,2659017,3,0.875,0.975,1.0,0.0999999999999999,0.0020964232055424,CoherenceRegime.SUBCOHERENT,42.33030056808538,1.14026,WallProximity.CAUTION,True,0.0,0.0024374381697527,0.8108391997578444,0.1626651352211253,True,,Medium-High (RON ~70-90),Excellent (>1 year)
315,1-C11ene,Linear alkenes,Alkenes,Gasoline,11,154.286,805075740459.2579,12,2921161,3,0.875,0.975,1.0,0.0999999999999999,0.0,CoherenceRegime.SUBCOHERENT,51.21966368738332,1.254286,WallProximity.CAUTION,True,0.0,0.0,0.8226841066171374,0.1709436722527703,True,,Medium (RON ~50-70),Excellent (>1 year)
316,2-C11ene,Linear alkenes,Alkenes,Gasoline,11,154.286,805075740459.2579,12,2921161,3,0.875,0.975,1.0,0.0999999999999999,0.0,CoherenceRegime.SUBCOHERENT,51.21966368738332,1.254286,WallProximity.CAUTION,True,0.0,0.0,0.8226841066171374,0.1709436722527703,True,,Medium (RON ~50-70),Excellent (>1 year)
317,2-Methyl-1-C11ene,Branched alkenes,Alkenes,Gasoline,11,154.286,805075740459.2579,14,2921161,3,0.875,0.975,1.0,0.0999999999999999,0.0,CoherenceRegime.SUBCOHERENT,51.21966368738332,1.254286,WallProximity.CAUTION,True,0.0,0.0,0.8226841066171374,0.1709436722527703,True,,Medium (RON ~50-70),Excellent (>1 year)
318,1-C12ene,Linear alkenes,Alkenes,Gasoline,12,168.312,770801337712.6996,13,3179209,2,0.9166666666666666,1.0,1.0,0.0833333333333333,0.0,CoherenceRegime.SUBCOHERENT,60.955632818042965,1.3683120000000002,WallProximity.SAFE,True,0.0,0.0,0.8231092971646984,0.1785013844306502,True,,Medium (RON ~50-70),Excellent (>1 year)
319,2-C12ene,Linear alkenes,Alkenes,Gasoline,12,168.312,770801337712.6996,13,3179209,2,0.9166666666666666,1.0,1.0,0.0833333333333333,0.0,CoherenceRegime.SUBCOHERENT,60.955632818042965,1.3683120000000002,WallProximity.SAFE,True,0.0,0.0,0.8231092971646984,0.1785013844306502,True,,Medium (RON ~50-70),Excellent (>1 year)
320,2-Methyl-1-C12ene,Branched alkenes,Alkenes,Gasoline,12,168.312,770801337712.6996,15,3179209,2,0.9166666666666666,1.0,1.0,0.0833333333333333,0.0,CoherenceRegime.SUBCOHERENT,60.955632818042965,1.3683120000000002,WallProximity.SAFE,True,0.0,0.0,0.8231092971646984,0.1785013844306502,True,,Medium (RON ~50-70),Excellent (>1 year)
321,1-C13ene,Linear alkenes,Alkenes,Diesel,13,182.338,740561970950.5564,14,3441361,2,0.9166666666666666,1.0,1.0,0.0833333333333333,0.0,CoherenceRegime.SUBCOHERENT,71.5382079600643,1.482338,WallProximity.SAFE,True,0.0,0.0,0.8126373341409747,0.1854538056824926,True,,Medium (RON ~50-70),Excellent (>1 year)
322,2-C13ene,Linear alkenes,Alkenes,Gasoline,13,182.338,740561970950.5564,14,3441361,2,0.9166666666666666,1.0,1.0,0.0833333333333333,0.0,CoherenceRegime.SUBCOHERENT,71.5382079600643,1.482338,WallProximity.SAFE,True,0.0,0.0,0.8126373341409747,0.1854538056824926,True,,Medium (RON ~50-70),Excellent (>1 year)
323,2-Methyl-1-C13ene,Branched alkenes,Alkenes,Gasoline,13,182.338,740561970950.5564,16,3441425,3,0.875,0.975,1.0,0.0999999999999999,0.0,CoherenceRegime.SUBCOHERENT,71.5382079600643,1.482338,WallProximity.SAFE,True,0.0,0.0,0.8126373341409747,0.1854538056824926,True,,Medium (RON ~50-70),Excellent (>1 year)
324,1-C14ene,Linear alkenes,Alkenes,Diesel,14,196.364,713623371385.9878,15,3703505,2,0.9166666666666666,1.0,1.0,0.0833333333333333,0.0,CoherenceRegime.SUBCOHERENT,82.96738911344735,1.596364,WallProximity.SAFE,True,0.0,0.0,0.7920916115962445,0.1918907423567729,True,,Medium (RON ~50-70),Excellent (>1 year)
325,2-C14ene,Linear alkenes,Alkenes,Gasoline,14,196.364,713623371385.9878,15,3703505,2,0.9166666666666666,1.0,1.0,0.0833333333333333,0.0,CoherenceRegime.SUBCOHERENT,82.96738911344735,1.596364,WallProximity.SAFE,True,0.0,0.0,0.7920916115962445,0.1918907423567729,True,,Medium (RON ~50-70),Excellent (>1 year)
326,2-Methyl-1-C14ene,Branched alkenes,Alkenes,Gasoline,14,196.364,713623371385.9878,17,3703569,3,0.875,0.975,1.0,0.0999999999999999,0.0,CoherenceRegime.SUBCOHERENT,82.96738911344735,1.596364,WallProximity.SAFE,True,0.0,0.0,0.7920916115962445,0.1918907423567729,True,,Medium (RON ~50-70),Excellent (>1 year)
330,1-C16ene,Linear alkenes,Alkenes,Diesel,16,224.416,667533539730.2262,17,4227858,3,0.875,0.975,1.0,0.0999999999999999,0.0,CoherenceRegime.SUBCOHERENT,108.36556945429857,1.824416,WallProximity.SAFE,True,0.0,0.0,0.7253176803279657,0.2034891317523102,True,,Medium (RON ~50-70),Excellent (>1 year)
331,2-C16ene,Linear alkenes,Alkenes,Gasoline,16,224.416,667533539730.2262,17,4227858,3,0.875,0.975,1.0,0.0999999999999999,0.0,CoherenceRegime.SUBCOHERENT,108.36556945429857,1.824416,WallProximity.SAFE,True,0.0,0.0,0.7253176803279657,0.2034891317523102,True,,Medium (RON ~50-70),Excellent (>1 year)
332,1-C17ene,Linear alkenes,Alkenes,Diesel,17,238.442,647602657164.7449,18,4490002,3,0.875,0.975,1.0,0.0999999999999999,0.0,CoherenceRegime.SUBCOHERENT,122.33456864176677,1.938442,WallProximity.SAFE,True,0.0,0.0,0.6818099080912375,0.20875491949678,True,,Medium (RON ~50-70),Excellent (>1 year)
333,2-C17ene,Linear alkenes,Alkenes,Gasoline,17,238.442,647602657164.7449,18,4490002,3,0.875,0.975,1.0,0.0999999999999999,0.0,CoherenceRegime.SUBCOHERENT,122.33456864176677,1.938442,WallProximity.SAFE,True,0.0,0.0,0.6818099080912375,0.20875491949678,True,,Medium (RON ~50-70),Excellent (>1 year)
334,1-C18ene,Linear alkenes,Alkenes,Diesel,18,252.468,629356656816.9368,19,4748050,3,0.875,0.975,1.0,0.0999999999999999,0.0,CoherenceRegime.SUBCOHERENT,137.15017384059664,2.052468,WallProximity.SAFE,True,0.0,0.0,0.6335395997462686,0.2137196362417865,True,,Medium (RON ~50-70),Excellent (>1 year)
335,2-C18ene,Linear alkenes,Alkenes,Gasoline,18,252.468,629356656816.9368,19,4748050,3,0.875,0.975,1.0,0.0999999999999999,0.0,CoherenceRegime.SUBCOHERENT,137.15017384059664,2.052468,WallProximity.SAFE,True,0.0,0.0,0.6335395997462686,0.2137196362417865,True,,Medium (RON ~50-70),Excellent (>1 year)
336,1-C19ene,Linear alkenes,Alkenes,Diesel,19,266.494,612570787601.6946,20,5010266,3,0.875,0.975,1.0,0.0999999999999999,0.0,CoherenceRegime.SUBCOHERENT,152.8123850507883,2.166494,WallProximity.SAFE,True,0.0,0.0,0.5820242378228448,0.2184158554116911,True,,Medium (RON ~50-70),Excellent (>1 year)
337,2-C19ene,Linear alkenes,Alkenes,Gasoline,19,266.494,612570787601.6946,20,5010266,3,0.875,0.975,1.0,0.0999999999999999,0.0,CoherenceRegime.SUBCOHERENT,152.8123850507883,2.166494,WallProximity.SAFE,True,0.0,0.0,0.5820242378228448,0.2184158554116911,True,,Medium (RON ~50-70),Excellent (>1 year)
338,1-C20ene,Linear alkenes,Alkenes,Diesel,20,280.52,597060148839.137,21,5272410,3,0.875,0.975,1.0,0.0999999999999999,0.0,CoherenceRegime.SUBCOHERENT,169.32120227234154,2.28052,WallProximity.SAFE,True,0.0,0.0,0.52873019886373,0.2228711343539215,True,,Medium (RON ~50-70),Excellent (>1 year)
339,2-C20ene,Linear alkenes,Alkenes,Gasoline,20,280.52,597060148839.137,21,5272410,3,0.875,0.975,1.0,0.0999999999999999,0.0,CoherenceRegime.SUBCOHERENT,169.32120227234154,2.28052,WallProximity.SAFE,True,0.0,0.0,0.52873019886373,0.2228711343539215,True,,Medium (RON ~50-70),Excellent (>1 year)
340,1-C21ene,Linear alkenes,Alkenes,Diesel,21,294.546,582671042806.7759,22,5534554,2,0.9166666666666666,1.0,1.0,0.0833333333333333,0.0001644820972053,CoherenceRegime.SUBCOHERENT,186.6766255052565,2.394546,WallProximity.SAFE,True,0.0,0.0002018374608602,0.4750197916919438,0.2271089941679091,True,,Medium-High (RON ~70-90),Excellent (>1 year)
341,2-C21ene,Linear alkenes,Alkenes,Gasoline,21,294.546,582671042806.7759,22,5534554,2,0.9166666666666666,1.0,1.0,0.0833333333333333,0.0001644820972053,CoherenceRegime.SUBCOHERENT,186.6766255052565,2.394546,WallProximity.SAFE,True,0.0,0.0002018374608602,0.4750197916919438,0.2271089941679091,True,,Medium-High (RON ~70-90),Excellent (>1 year)
344,1-C23ene,Linear alkenes,Alkenes,Diesel,23,322.598,556761459601.1726,24,6058906,3,0.875,0.975,1.0,0.0999999999999999,0.0,CoherenceRegime.SUBCOHERENT,223.92729000517173,2.6225980000000004,WallProximity.SAFE,True,0.0,0.0,0.3710360663594535,0.2350107024246438,True,,Medium (RON ~50-70),Excellent (>1 year)
345,2-C23ene,Linear alkenes,Alkenes,Gasoline,23,322.598,556761459601.1726,24,6058906,3,0.875,0.975,1.0,0.0999999999999999,0.0,CoherenceRegime.SUBCOHERENT,223.92729000517173,2.6225980000000004,WallProximity.SAFE,True,0.0,0.0,0.3710360663594535,0.2350107024246438,True,,Medium (RON ~50-70),Excellent (>1 year)
346,1-C24ene,Linear alkenes,Alkenes,Diesel,24,336.624,545038852844.3121,25,6321051,3,0.875,0.975,1.0,0.0999999999999999,0.0,CoherenceRegime.SUBCOHERENT,243.82253127217183,2.7366240000000004,WallProximity.SAFE,True,0.0,0.0,0.3226450765008138,0.2387073835634465,True,,Medium (RON ~50-70),Excellent (>1 year)
347,2-C24ene,Linear alkenes,Alkenes,Gasoline,24,336.624,545038852844.3121,25,6321051,3,0.875,0.975,1.0,0.0999999999999999,0.0,CoherenceRegime.SUBCOHERENT,243.82253127217183,2.7366240000000004,WallProximity.SAFE,True,0.0,0.0,0.3226450765008138,0.2387073835634465,True,,Medium (RON ~50-70),Excellent (>1 year)
350,1-C26ene,Linear alkenes,Alkenes,Diesel,26,364.676,523656391548.0135,27,6845347,2,0.9166666666666666,1.0,1.0,0.0833333333333333,0.0,CoherenceRegime.SUBCOHERENT,286.1528318402572,2.964676,WallProximity.SAFE,True,0.0,0.0,0.2362788200434235,0.2456598048152888,True,,Medium (RON ~50-70),Excellent (>1 year)
351,2-C26ene,Linear alkenes,Alkenes,Gasoline,26,364.676,523656391548.0135,27,6845347,2,0.9166666666666666,1.0,1.0,0.0833333333333333,0.0,CoherenceRegime.SUBCOHERENT,286.1528318402572,2.964676,WallProximity.SAFE,True,0.0,0.0,0.2362788200434235,0.2456598048152888,True,,Medium (RON ~50-70),Excellent (>1 year)
352,1-C27ene,Linear alkenes,Alkenes,Diesel,27,378.702,513867558475.13306,28,7107555,2,0.9166666666666666,1.0,1.0,0.0833333333333333,0.0,CoherenceRegime.SUBCOHERENT,308.5878911413424,3.0787020000000003,WallProximity.SAFE,True,0.0,0.0,0.1990084362072005,0.2489378880529227,True,,Medium (RON ~50-70),Excellent (>1 year)
353,2-C27ene,Linear alkenes,Alkenes,Gasoline,27,378.702,513867558475.13306,28,7107555,2,0.9166666666666666,1.0,1.0,0.0833333333333333,0.0,CoherenceRegime.SUBCOHERENT,308.5878911413424,3.0787020000000003,WallProximity.SAFE,True,0.0,0.0,0.1990084362072005,0.2489378880529227,True,,Medium (RON ~50-70),Excellent (>1 year)
354,1-C28ene,Linear alkenes,Alkenes,Diesel,28,392.728,504607925120.238,29,7369699,3,0.875,0.975,1.0,0.0999999999999999,0.0,CoherenceRegime.SUBCOHERENT,331.8695564537894,3.192728,WallProximity.SAFE,True,0.0,0.0,0.1658624962763578,0.2520967414895691,True,,Medium (RON ~50-70),Excellent (>1 year)
355,2-C28ene,Linear alkenes,Alkenes,Gasoline,28,392.728,504607925120.238,29,7369699,3,0.875,0.975,1.0,0.0999999999999999,0.0,CoherenceRegime.SUBCOHERENT,331.8695564537894,3.192728,WallProximity.SAFE,True,0.0,0.0,0.1658624962763578,0.2520967414895691,True,,Medium (RON ~50-70),Excellent (>1 year)
360,C2-Benzene,Aromatics,Aromatics,Gasoline,8,106.16,970553645244.2546,10,2134665,3,0.875,0.975,1.0,0.0999999999999999,0.0,CoherenceRegime.SUBCOHERENT,25.4612326558467,0.90616,WallProximity.WARNING,True,0.5061564204105282,0.0,0.7757067006443555,0.140587942534566,True,,High (RON ~90-120),Excellent (>1 year)
362,C4-Benzene,Aromatics,Aromatics,Gasoline,10,134.212,863185876759.3774,12,2659017,3,0.875,0.975,1.0,0.0999999999999999,0.0,CoherenceRegime.SUBCOHERENT,40.29018058883676,1.134212,WallProximity.CAUTION,True,0.0,0.0,0.8382937103202426,0.1605199213989508,True,,High (RON ~90-120),Excellent (>1 year)
363,C5-Benzene,Aromatics,Aromatics,Gasoline,11,148.238,821334804232.1232,13,2921161,3,0.875,0.975,1.0,0.0999999999999999,0.0,CoherenceRegime.SUBCOHERENT,48.97456357237437,1.2482380000000002,WallProximity.CAUTION,True,0.0,0.0,0.8524106468242886,0.1689970574550305,True,,High (RON ~90-120),Excellent (>1 year)
364,C6-Benzene,Aromatics,Aromatics,Gasoline,12,162.264,785034803719.447,14,3179209,2,0.9166666666666666,1.0,1.0,0.0833333333333333,0.0,CoherenceRegime.SUBCOHERENT,58.50555256727368,1.362264,WallProximity.SAFE,True,0.0,0.0,0.8550239388005095,0.1767197085482051,True,,High (RON ~90-120),Excellent (>1 year)
365,C7-Benzene,Aromatics,Aromatics,Gasoline,13,176.29,753158117252.3292,15,3441361,2,0.9166666666666666,1.0,1.0,0.0833333333333333,0.0,CoherenceRegime.SUBCOHERENT,68.88314757353469,1.47629,WallProximity.SAFE,True,0.0,0.0,0.8465212890838342,0.183811298372123,True,,High (RON ~90-120),Excellent (>1 year)
366,C8-Benzene,Aromatics,Aromatics,Gasoline,14,190.316,724873710818.0087,16,3703569,3,0.875,0.975,1.0,0.0999999999999999,0.0,CoherenceRegime.SUBCOHERENT,80.1073485911574,1.590316,WallProximity.SAFE,True,0.0,0.0,0.8276126144218086,0.1903672357609857,True,,High (RON ~90-120),Excellent (>1 year)
368,o-Xylene,Aromatics,Aromatics,Gasoline,8,106.16,970553645244.2546,10,2134665,3,0.875,0.975,1.0,0.0999999999999999,0.0,CoherenceRegime.SUBCOHERENT,25.4612326558467,0.90616,WallProximity.WARNING,True,0.5061564204105282,0.0,0.7757067006443555,0.140587942534566,True,,High (RON ~90-120),Excellent (>1 year)
374,Naphthalene,Naphthalenes,Aromatics,Diesel,10,128.164,883317782169.9384,14,2659017,3,0.875,0.975,1.0,0.0999999999999999,0.0,CoherenceRegime.SUBCOHERENT,38.2694233662976,1.128164,WallProximity.CAUTION,True,0.0,0.0,0.8659738853879211,0.1582851918437676,True,,High (RON ~90-120),Excellent (>1 year)
375,C1-Naphthalene,Naphthalenes,Aromatics,Diesel,11,142.19,838620496922.0559,15,2921161,3,0.875,0.975,1.0,0.0999999999999999,0.0,CoherenceRegime.SUBCOHERENT,46.74882621407487,1.24219,WallProximity.CAUTION,True,0.0,0.0,0.8823321333761461,0.1669770710927255,True,,High (RON ~90-120),Excellent (>1 year)
376,C2-Naphthalene,Naphthalenes,Aromatics,Diesel,12,156.216,800087054207.5043,16,3183369,3,0.875,0.975,1.0,0.0999999999999999,0.0,CoherenceRegime.SUBCOHERENT,56.074835073213855,1.3562160000000003,WallProximity.CAUTION,True,0.0,0.0,0.8871695641189951,0.1748768004913971,True,,High (RON ~90-120),Excellent (>1 year)
377,C3-Naphthalene,Naphthalenes,Aromatics,Diesel,13,170.242,766419672374.1737,17,3441417,3,0.875,0.975,1.0,0.0999999999999999,0.0,CoherenceRegime.SUBCOHERENT,66.24744994371451,1.470242,WallProximity.SAFE,True,0.0,0.0,0.8807252319144165,0.1821169165677705,True,,High (RON ~90-120),Excellent (>1 year)
378,C4-Naphthalene,Naphthalenes,Aromatics,Diesel,14,184.268,736673485511.7124,18,3703569,3,0.875,0.975,1.0,0.0999999999999999,0.0,CoherenceRegime.SUBCOHERENT,77.26667082557691,1.5842680000000002,WallProximity.SAFE,True,0.0,0.0,0.8635826457283369,0.1887992200283993,True,,High (RON ~90-120),Excellent (>1 year)
381,C7-Naphthalene,Naphthalenes,Aromatics,Diesel,17,226.346,664681494969.2999,21,4490066,3,0.875,0.975,1.0,0.0999999999999999,0.0,CoherenceRegime.SUBCOHERENT,115.40396953933433,1.926346,WallProximity.SAFE,True,0.0,0.0,0.7581289039374206,0.2062220747462511,True,,High (RON ~90-120),Excellent (>1 year)
382,Anthracene,Polycyclic aromatics,Aromatics,Heavy oil,14,176.20399999999998,753341892015.4813,20,3703633,2,0.9166666666666666,1.0,1.0,0.0833333333333333,0.0,CoherenceRegime.SUBCOHERENT,73.5092203152398,1.5762040000000002,WallProximity.SAFE,True,0.0,0.0,0.9121597697289986,0.1866341816375166,True,,High (RON ~90-120),Excellent (>1 year)
383,1-Methyl-Anthracene,Polycyclic aromatics,Aromatics,Heavy oil,15,190.23,725037544322.4131,20,3965777,3,0.875,0.975,1.0,0.0999999999999999,0.0,CoherenceRegime.SUBCOHERENT,85.10174036078345,1.69023,WallProximity.SAFE,True,0.0,0.0,0.8872725655988339,0.1929938441651641,True,,High (RON ~90-120),Excellent (>1 year)
385,3-Methyl-Anthracene,Polycyclic aromatics,Aromatics,Heavy oil,17,218.282,676847825240.177,20,4490066,3,0.875,0.975,1.0,0.0999999999999999,0.000363663743754,CoherenceRegime.SUBCOHERENT,110.8265984859559,1.9182820000000005,WallProximity.SAFE,True,0.0,0.0004380200330671,0.8110331530706835,0.2044644003978803,True,,High (RON ~90-120),Excellent (>1 year)
386,Phenanthrene,Polycyclic aromatics,Aromatics,Heavy oil,14,176.20399999999998,753341892015.4813,22,3703633,2,0.9166666666666666,1.0,1.0,0.0833333333333333,0.0,CoherenceRegime.SUBCOHERENT,73.5092203152398,1.5762040000000002,WallProximity.SAFE,True,0.0,0.0,0.9121597697289986,0.1866341816375166,True,,High (RON ~90-120),Excellent (>1 year)
387,1-Methyl-Phenanthrene,Polycyclic aromatics,Aromatics,Heavy oil,15,190.23,725037544322.4131,22,3965777,3,0.875,0.975,1.0,0.0999999999999999,0.0,CoherenceRegime.SUBCOHERENT,85.10174036078345,1.69023,WallProximity.SAFE,True,0.0,0.0,0.8872725655988339,0.1929938441651641,True,,High (RON ~90-120),Excellent (>1 year)
389,3-Methyl-Phenanthrene,Polycyclic aromatics,Aromatics,Heavy oil,17,218.282,676847825240.177,22,4490066,3,0.875,0.975,1.0,0.0999999999999999,0.000363663743754,CoherenceRegime.SUBCOHERENT,110.8265984859559,1.9182820000000005,WallProximity.SAFE,True,0.0,0.0004380200330671,0.8110331530706835,0.2044644003978803,True,,High (RON ~90-120),Excellent (>1 year)
391,1-Methyl-Pyrene,Polycyclic aromatics,Aromatics,Heavy oil,17,216.266,679995245489.8652,26,4490130,3,0.875,0.975,1.0,0.0999999999999999,0.0,CoherenceRegime.SUBCOHERENT,109.68763426614169,1.916266,WallProximity.SAFE,True,0.0,0.0,0.8244936896157422,0.2040157669756254,True,,High (RON ~90-120),Excellent (>1 year)
392,2-Methyl-Pyrene,Polycyclic aromatics,Aromatics,Heavy oil,18,230.292,658962308262.595,26,4752274,3,0.875,0.975,1.0,0.0999999999999999,0.0001266821365557,CoherenceRegime.SUBCOHERENT,123.75164563385034,2.030292,WallProximity.SAFE,True,0.0,0.0001531910194915,0.7759226759439402,0.2092550982837513,True,,High (RON ~90-120),Excellent (>1 year)
393,3-Methyl-Pyrene,Polycyclic aromatics,Aromatics,Heavy oil,19,244.318,639767637645.6545,26,5014418,2,0.9166666666666666,1.0,1.0,0.0833333333333333,0.0,CoherenceRegime.SUBCOHERENT,138.6622630129207,2.144318,WallProximity.SAFE,True,0.0,0.0,0.7221745020810968,0.2141958283746814,True,,High (RON ~90-120),Excellent (>1 year)
394,Chrysene,Polycyclic aromatics,Aromatics,Heavy oil,18,228.276,661865696772.5623,28,4752338,2,0.9166666666666666,1.0,1.0,0.0833333333333333,0.0009781819751321,CoherenceRegime.SUBCOHERENT,122.54650611952816,2.028276,WallProximity.SAFE,True,0.0,0.0011824558083363,0.7895640998929385,0.208830093374689,True,,High (RON ~90-120),Excellent (>1 year)
395,1-Methyl-Chrysene,Polycyclic aromatics,Aromatics,Heavy oil,19,242.302,642423620412.1786,28,5014482,1,0.9583333333333334,1.0,1.0,0.0416666666666666,0.0,CoherenceRegime.SUBCOHERENT,137.3887967866784,2.142302,WallProximity.SAFE,True,0.0,0.0,0.7357242123597229,0.2137951320117306,True,,High (RON ~90-120),Excellent (>1 year)
396,2-Methyl-Chrysene,Polycyclic aromatics,Aromatics,Heavy oil,20,256.328,624599993715.0251,28,5272530,3,0.875,0.975,1.0,0.0999999999999999,0.0006812763611564,CoherenceRegime.SUBCOHERENT,153.07769346519038,2.256328,WallProximity.SAFE,True,0.0,0.0008301292446896,0.6781018688846423,0.2184911909765638,True,,Medium (RON ~50-70),Excellent (>1 year)
397,3-Methyl-Chrysene,Polycyclic aromatics,Aromatics,Heavy oil,21,270.354,608182052925.0571,28,5534682,3,0.875,0.975,1.0,0.0999999999999999,0.0,CoherenceRegime.SUBCOHERENT,169.61319615506406,2.370354,WallProximity.SAFE,True,0.0,0.0,0.6182540629836369,0.2229459637981898,True,,Medium (RON ~50-70),Excellent (>1 year)
398,Benzo[a]pyrene,Polycyclic aromatics,Aromatics,Heavy oil,20,254.312,627070793240.3872,32,5272530,3,0.875,0.975,1.0,0.0999999999999999,0.0,CoherenceRegime.SUBCOHERENT,151.73805194444017,2.254312,WallProximity.SAFE,True,0.0,0.0,0.6915267186889178,0.2181094504169785,True,,Medium (RON ~50-70),Excellent (>1 year)
399,1-Methyl-Benzo[a]pyrene,Polycyclic aromatics,Aromatics,Heavy oil,21,268.338,610462387321.854,32,5534682,3,0.875,0.975,1.0,0.0999999999999999,0.0,CoherenceRegime.SUBCOHERENT,168.20522792239376,2.368338,WallProximity.SAFE,True,0.0,0.0,0.6312563062595281,0.2225839489812449,True,,Medium (RON ~50-70),Excellent (>1 year)
407,Aromatic-C8-407,Aromatics,Aromatics,Gasoline,8,106.16,970553645244.2546,8,2134665,3,0.875,0.975,1.0,0.0999999999999999,0.0,CoherenceRegime.SUBCOHERENT,25.4612326558467,0.90616,WallProximity.WARNING,True,0.5061564204105282,0.0,0.7757067006443555,0.140587942534566,True,,High (RON ~90-120),Excellent (>1 year)
409,Aromatic-C10-409,Aromatics,Aromatics,Gasoline,10,134.212,863185876759.3774,8,2658953,2,0.9166666666666666,1.0,1.0,0.0833333333333333,0.0,CoherenceRegime.SUBCOHERENT,40.29018058883676,1.134212,WallProximity.CAUTION,True,0.0,0.0,0.8382937103202426,0.1605199213989508,True,,High (RON ~90-120),Excellent (>1 year)
410,Aromatic-C11-410,Aromatics,Aromatics,Gasoline,11,148.238,821334804232.1232,8,2921097,3,0.875,0.975,1.0,0.0999999999999999,0.0,CoherenceRegime.SUBCOHERENT,48.97456357237437,1.2482380000000002,WallProximity.CAUTION,True,0.0,0.0,0.8524106468242886,0.1689970574550305,True,,High (RON ~90-120),Excellent (>1 year)
411,Aromatic-C12-411,Aromatics,Aromatics,Gasoline,12,162.264,785034803719.447,8,3179145,3,0.875,0.975,1.0,0.0999999999999999,0.0,CoherenceRegime.SUBCOHERENT,58.50555256727368,1.362264,WallProximity.SAFE,True,0.0,0.0,0.8550239388005095,0.1767197085482051,True,,High (RON ~90-120),Excellent (>1 year)
412,Aromatic-C13-412,Aromatics,Aromatics,Diesel,13,176.29,753158117252.3292,8,3441297,3,0.875,0.975,1.0,0.0999999999999999,0.0,CoherenceRegime.SUBCOHERENT,68.88314757353469,1.47629,WallProximity.SAFE,True,0.0,0.0,0.8465212890838342,0.183811298372123,True,,High (RON ~90-120),Excellent (>1 year)
413,Aromatic-C14-413,Aromatics,Aromatics,Diesel,14,190.316,724873710818.0087,8,3703441,3,0.875,0.975,1.0,0.0999999999999999,0.0,CoherenceRegime.SUBCOHERENT,80.1073485911574,1.590316,WallProximity.SAFE,True,0.0,0.0,0.8276126144218086,0.1903672357609857,True,,High (RON ~90-120),Excellent (>1 year)
422,Aromatic-C8-422,Aromatics,Aromatics,Gasoline,8,106.16,970553645244.2546,8,2134665,3,0.875,0.975,1.0,0.0999999999999999,0.0,CoherenceRegime.SUBCOHERENT,25.4612326558467,0.90616,WallProximity.WARNING,True,0.5061564204105282,0.0,0.7757067006443555,0.140587942534566,True,,High (RON ~90-120),Excellent (>1 year)
424,Aromatic-C10-424,Aromatics,Aromatics,Gasoline,10,134.212,863185876759.3774,8,2658953,2,0.9166666666666666,1.0,1.0,0.0833333333333333,0.0,CoherenceRegime.SUBCOHERENT,40.29018058883676,1.134212,WallProximity.CAUTION,True,0.0,0.0,0.8382937103202426,0.1605199213989508,True,,High (RON ~90-120),Excellent (>1 year)
425,Aromatic-C11-425,Aromatics,Aromatics,Gasoline,11,148.238,821334804232.1232,8,2921097,3,0.875,0.975,1.0,0.0999999999999999,0.0,CoherenceRegime.SUBCOHERENT,48.97456357237437,1.2482380000000002,WallProximity.CAUTION,True,0.0,0.0,0.8524106468242886,0.1689970574550305,True,,High (RON ~90-120),Excellent (>1 year)
426,Aromatic-C12-426,Aromatics,Aromatics,Gasoline,12,162.264,785034803719.447,8,3179145,3,0.875,0.975,1.0,0.0999999999999999,0.0,CoherenceRegime.SUBCOHERENT,58.50555256727368,1.362264,WallProximity.SAFE,True,0.0,0.0,0.8550239388005095,0.1767197085482051,True,,High (RON ~90-120),Excellent (>1 year)
427,Aromatic-C13-427,Aromatics,Aromatics,Diesel,13,176.29,753158117252.3292,8,3441297,3,0.875,0.975,1.0,0.0999999999999999,0.0,CoherenceRegime.SUBCOHERENT,68.88314757353469,1.47629,WallProximity.SAFE,True,0.0,0.0,0.8465212890838342,0.183811298372123,True,,High (RON ~90-120),Excellent (>1 year)
428,Aromatic-C14-428,Aromatics,Aromatics,Diesel,14,190.316,724873710818.0087,8,3703441,3,0.875,0.975,1.0,0.0999999999999999,0.0,CoherenceRegime.SUBCOHERENT,80.1073485911574,1.590316,WallProximity.SAFE,True,0.0,0.0,0.8276126144218086,0.1903672357609857,True,,High (RON ~90-120),Excellent (>1 year)
437,Aromatic-C8-437,Aromatics,Aromatics,Gasoline,8,106.16,970553645244.2546,8,2134665,3,0.875,0.975,1.0,0.0999999999999999,0.0,CoherenceRegime.SUBCOHERENT,25.4612326558467,0.90616,WallProximity.WARNING,True,0.5061564204105282,0.0,0.7757067006443555,0.140587942534566,True,,High (RON ~90-120),Excellent (>1 year)
439,Aromatic-C10-439,Aromatics,Aromatics,Gasoline,10,134.212,863185876759.3774,8,2658953,2,0.9166666666666666,1.0,1.0,0.0833333333333333,0.0,CoherenceRegime.SUBCOHERENT,40.29018058883676,1.134212,WallProximity.CAUTION,True,0.0,0.0,0.8382937103202426,0.1605199213989508,True,,High (RON ~90-120),Excellent (>1 year)
440,Aromatic-C11-440,Aromatics,Aromatics,Gasoline,11,148.238,821334804232.1232,8,2921097,3,0.875,0.975,1.0,0.0999999999999999,0.0,CoherenceRegime.SUBCOHERENT,48.97456357237437,1.2482380000000002,WallProximity.CAUTION,True,0.0,0.0,0.8524106468242886,0.1689970574550305,True,,High (RON ~90-120),Excellent (>1 year)
441,Aromatic-C12-441,Aromatics,Aromatics,Gasoline,12,162.264,785034803719.447,8,3179145,3,0.875,0.975,1.0,0.0999999999999999,0.0,CoherenceRegime.SUBCOHERENT,58.50555256727368,1.362264,WallProximity.SAFE,True,0.0,0.0,0.8550239388005095,0.1767197085482051,True,,High (RON ~90-120),Excellent (>1 year)
442,Aromatic-C13-442,Aromatics,Aromatics,Diesel,13,176.29,753158117252.3292,8,3441297,3,0.875,0.975,1.0,0.0999999999999999,0.0,CoherenceRegime.SUBCOHERENT,68.88314757353469,1.47629,WallProximity.SAFE,True,0.0,0.0,0.8465212890838342,0.183811298372123,True,,High (RON ~90-120),Excellent (>1 year)
443,Aromatic-C14-443,Aromatics,Aromatics,Diesel,14,190.316,724873710818.0087,8,3703441,3,0.875,0.975,1.0,0.0999999999999999,0.0,CoherenceRegime.SUBCOHERENT,80.1073485911574,1.590316,WallProximity.SAFE,True,0.0,0.0,0.8276126144218086,0.1903672357609857,True,,High (RON ~90-120),Excellent (>1 year)
452,Aromatic-C8-452,Aromatics,Aromatics,Gasoline,8,106.16,970553645244.2546,8,2134665,3,0.875,0.975,1.0,0.0999999999999999,0.0,CoherenceRegime.SUBCOHERENT,25.4612326558467,0.90616,WallProximity.WARNING,True,0.5061564204105282,0.0,0.7757067006443555,0.140587942534566,True,,High (RON ~90-120),Excellent (>1 year)
454,Aromatic-C10-454,Aromatics,Aromatics,Gasoline,10,134.212,863185876759.3774,8,2658953,2,0.9166666666666666,1.0,1.0,0.0833333333333333,0.0,CoherenceRegime.SUBCOHERENT,40.29018058883676,1.134212,WallProximity.CAUTION,True,0.0,0.0,0.8382937103202426,0.1605199213989508,True,,High (RON ~90-120),Excellent (>1 year)
455,Aromatic-C11-455,Aromatics,Aromatics,Gasoline,11,148.238,821334804232.1232,8,2921097,3,0.875,0.975,1.0,0.0999999999999999,0.0,CoherenceRegime.SUBCOHERENT,48.97456357237437,1.2482380000000002,WallProximity.CAUTION,True,0.0,0.0,0.8524106468242886,0.1689970574550305,True,,High (RON ~90-120),Excellent (>1 year)
456,Aromatic-C12-456,Aromatics,Aromatics,Gasoline,12,162.264,785034803719.447,8,3179145,3,0.875,0.975,1.0,0.0999999999999999,0.0,CoherenceRegime.SUBCOHERENT,58.50555256727368,1.362264,WallProximity.SAFE,True,0.0,0.0,0.8550239388005095,0.1767197085482051,True,,High (RON ~90-120),Excellent (>1 year)
457,Aromatic-C13-457,Aromatics,Aromatics,Diesel,13,176.29,753158117252.3292,8,3441297,3,0.875,0.975,1.0,0.0999999999999999,0.0,CoherenceRegime.SUBCOHERENT,68.88314757353469,1.47629,WallProximity.SAFE,True,0.0,0.0,0.8465212890838342,0.183811298372123,True,,High (RON ~90-120),Excellent (>1 year)
458,Aromatic-C14-458,Aromatics,Aromatics,Diesel,14,190.316,724873710818.0087,8,3703441,3,0.875,0.975,1.0,0.0999999999999999,0.0,CoherenceRegime.SUBCOHERENT,80.1073485911574,1.590316,WallProximity.SAFE,True,0.0,0.0,0.8276126144218086,0.1903672357609857,True,,High (RON ~90-120),Excellent (>1 year)
467,Aromatic-C8-467,Aromatics,Aromatics,Gasoline,8,106.16,970553645244.2546,8,2134665,3,0.875,0.975,1.0,0.0999999999999999,0.0,CoherenceRegime.SUBCOHERENT,25.4612326558467,0.90616,WallProximity.WARNING,True,0.5061564204105282,0.0,0.7757067006443555,0.140587942534566,True,,High (RON ~90-120),Excellent (>1 year)
469,Aromatic-C10-469,Aromatics,Aromatics,Gasoline,10,134.212,863185876759.3774,8,2658953,2,0.9166666666666666,1.0,1.0,0.0833333333333333,0.0,CoherenceRegime.SUBCOHERENT,40.29018058883676,1.134212,WallProximity.CAUTION,True,0.0,0.0,0.8382937103202426,0.1605199213989508,True,,High (RON ~90-120),Excellent (>1 year)
470,Aromatic-C11-470,Aromatics,Aromatics,Gasoline,11,148.238,821334804232.1232,8,2921097,3,0.875,0.975,1.0,0.0999999999999999,0.0,CoherenceRegime.SUBCOHERENT,48.97456357237437,1.2482380000000002,WallProximity.CAUTION,True,0.0,0.0,0.8524106468242886,0.1689970574550305,True,,High (RON ~90-120),Excellent (>1 year)
471,Aromatic-C12-471,Aromatics,Aromatics,Gasoline,12,162.264,785034803719.447,8,3179145,3,0.875,0.975,1.0,0.0999999999999999,0.0,CoherenceRegime.SUBCOHERENT,58.50555256727368,1.362264,WallProximity.SAFE,True,0.0,0.0,0.8550239388005095,0.1767197085482051,True,,High (RON ~90-120),Excellent (>1 year)
472,Aromatic-C13-472,Aromatics,Aromatics,Diesel,13,176.29,753158117252.3292,8,3441297,3,0.875,0.975,1.0,0.0999999999999999,0.0,CoherenceRegime.SUBCOHERENT,68.88314757353469,1.47629,WallProximity.SAFE,True,0.0,0.0,0.8465212890838342,0.183811298372123,True,,High (RON ~90-120),Excellent (>1 year)
473,Aromatic-C14-473,Aromatics,Aromatics,Diesel,14,190.316,724873710818.0087,8,3703441,3,0.875,0.975,1.0,0.0999999999999999,0.0,CoherenceRegime.SUBCOHERENT,80.1073485911574,1.590316,WallProximity.SAFE,True,0.0,0.0,0.8276126144218086,0.1903672357609857,True,,High (RON ~90-120),Excellent (>1 year)
482,Aromatic-C8-482,Aromatics,Aromatics,Gasoline,8,106.16,970553645244.2546,8,2134665,3,0.875,0.975,1.0,0.0999999999999999,0.0,CoherenceRegime.SUBCOHERENT,25.4612326558467,0.90616,WallProximity.WARNING,True,0.5061564204105282,0.0,0.7757067006443555,0.140587942534566,True,,High (RON ~90-120),Excellent (>1 year)
484,Aromatic-C10-484,Aromatics,Aromatics,Gasoline,10,134.212,863185876759.3774,8,2658953,2,0.9166666666666666,1.0,1.0,0.0833333333333333,0.0,CoherenceRegime.SUBCOHERENT,40.29018058883676,1.134212,WallProximity.CAUTION,True,0.0,0.0,0.8382937103202426,0.1605199213989508,True,,High (RON ~90-120),Excellent (>1 year)
485,Aromatic-C11-485,Aromatics,Aromatics,Gasoline,11,148.238,821334804232.1232,8,2921097,3,0.875,0.975,1.0,0.0999999999999999,0.0,CoherenceRegime.SUBCOHERENT,48.97456357237437,1.2482380000000002,WallProximity.CAUTION,True,0.0,0.0,0.8524106468242886,0.1689970574550305,True,,High (RON ~90-120),Excellent (>1 year)
486,Aromatic-C12-486,Aromatics,Aromatics,Gasoline,12,162.264,785034803719.447,8,3179145,3,0.875,0.975,1.0,0.0999999999999999,0.0,CoherenceRegime.SUBCOHERENT,58.50555256727368,1.362264,WallProximity.SAFE,True,0.0,0.0,0.8550239388005095,0.1767197085482051,True,,High (RON ~90-120),Excellent (>1 year)
487,Aromatic-C13-487,Aromatics,Aromatics,Diesel,13,176.29,753158117252.3292,8,3441297,3,0.875,0.975,1.0,0.0999999999999999,0.0,CoherenceRegime.SUBCOHERENT,68.88314757353469,1.47629,WallProximity.SAFE,True,0.0,0.0,0.8465212890838342,0.183811298372123,True,,High (RON ~90-120),Excellent (>1 year)
488,Aromatic-C14-488,Aromatics,Aromatics,Diesel,14,190.316,724873710818.0087,8,3703441,3,0.875,0.975,1.0,0.0999999999999999,0.0,CoherenceRegime.SUBCOHERENT,80.1073485911574,1.590316,WallProximity.SAFE,True,0.0,0.0,0.8276126144218086,0.1903672357609857,True,,High (RON ~90-120),Excellent (>1 year)
497,Aromatic-C8-497,Aromatics,Aromatics,Gasoline,8,106.16,970553645244.2546,8,2134665,3,0.875,0.975,1.0,0.0999999999999999,0.0,CoherenceRegime.SUBCOHERENT,25.4612326558467,0.90616,WallProximity.WARNING,True,0.5061564204105282,0.0,0.7757067006443555,0.140587942534566,True,,High (RON ~90-120),Excellent (>1 year)
499,Aromatic-C10-499,Aromatics,Aromatics,Gasoline,10,134.212,863185876759.3774,8,2658953,2,0.9166666666666666,1.0,1.0,0.0833333333333333,0.0,CoherenceRegime.SUBCOHERENT,40.29018058883676,1.134212,WallProximity.CAUTION,True,0.0,0.0,0.8382937103202426,0.1605199213989508,True,,High (RON ~90-120),Excellent (>1 year)
500,Aromatic-C11-500,Aromatics,Aromatics,Gasoline,11,148.238,821334804232.1232,8,2921097,3,0.875,0.975,1.0,0.0999999999999999,0.0,CoherenceRegime.SUBCOHERENT,48.97456357237437,1.2482380000000002,WallProximity.CAUTION,True,0.0,0.0,0.8524106468242886,0.1689970574550305,True,,High (RON ~90-120),Excellent (>1 year)
501,Aromatic-C12-501,Aromatics,Aromatics,Gasoline,12,162.264,785034803719.447,8,3179145,3,0.875,0.975,1.0,0.0999999999999999,0.0,CoherenceRegime.SUBCOHERENT,58.50555256727368,1.362264,WallProximity.SAFE,True,0.0,0.0,0.8550239388005095,0.1767197085482051,True,,High (RON ~90-120),Excellent (>1 year)
502,Aromatic-C13-502,Aromatics,Aromatics,Diesel,13,176.29,753158117252.3292,8,3441297,3,0.875,0.975,1.0,0.0999999999999999,0.0,CoherenceRegime.SUBCOHERENT,68.88314757353469,1.47629,WallProximity.SAFE,True,0.0,0.0,0.8465212890838342,0.183811298372123,True,,High (RON ~90-120),Excellent (>1 year)
503,Aromatic-C14-503,Aromatics,Aromatics,Diesel,14,190.316,724873710818.0087,8,3703441,3,0.875,0.975,1.0,0.0999999999999999,0.0,CoherenceRegime.SUBCOHERENT,80.1073485911574,1.590316,WallProximity.SAFE,True,0.0,0.0,0.8276126144218086,0.1903672357609857,True,,High (RON ~90-120),Excellent (>1 year)
512,Aromatic-C8-512,Aromatics,Aromatics,Gasoline,8,106.16,970553645244.2546,8,2134665,3,0.875,0.975,1.0,0.0999999999999999,0.0,CoherenceRegime.SUBCOHERENT,25.4612326558467,0.90616,WallProximity.WARNING,True,0.5061564204105282,0.0,0.7757067006443555,0.140587942534566,True,,High (RON ~90-120),Excellent (>1 year)
514,Aromatic-C10-514,Aromatics,Aromatics,Gasoline,10,134.212,863185876759.3774,8,2658953,2,0.9166666666666666,1.0,1.0,0.0833333333333333,0.0,CoherenceRegime.SUBCOHERENT,40.29018058883676,1.134212,WallProximity.CAUTION,True,0.0,0.0,0.8382937103202426,0.1605199213989508,True,,High (RON ~90-120),Excellent (>1 year)
515,Aromatic-C11-515,Aromatics,Aromatics,Gasoline,11,148.238,821334804232.1232,8,2921097,3,0.875,0.975,1.0,0.0999999999999999,0.0,CoherenceRegime.SUBCOHERENT,48.97456357237437,1.2482380000000002,WallProximity.CAUTION,True,0.0,0.0,0.8524106468242886,0.1689970574550305,True,,High (RON ~90-120),Excellent (>1 year)
516,Aromatic-C12-516,Aromatics,Aromatics,Gasoline,12,162.264,785034803719.447,8,3179145,3,0.875,0.975,1.0,0.0999999999999999,0.0,CoherenceRegime.SUBCOHERENT,58.50555256727368,1.362264,WallProximity.SAFE,True,0.0,0.0,0.8550239388005095,0.1767197085482051,True,,High (RON ~90-120),Excellent (>1 year)
517,Aromatic-C13-517,Aromatics,Aromatics,Diesel,13,176.29,753158117252.3292,8,3441297,3,0.875,0.975,1.0,0.0999999999999999,0.0,CoherenceRegime.SUBCOHERENT,68.88314757353469,1.47629,WallProximity.SAFE,True,0.0,0.0,0.8465212890838342,0.183811298372123,True,,High (RON ~90-120),Excellent (>1 year)
518,Aromatic-C14-518,Aromatics,Aromatics,Diesel,14,190.316,724873710818.0087,8,3703441,3,0.875,0.975,1.0,0.0999999999999999,0.0,CoherenceRegime.SUBCOHERENT,80.1073485911574,1.590316,WallProximity.SAFE,True,0.0,0.0,0.8276126144218086,0.1903672357609857,True,,High (RON ~90-120),Excellent (>1 year)
527,Aromatic-C8-527,Aromatics,Aromatics,Gasoline,8,106.16,970553645244.2546,8,2134665,3,0.875,0.975,1.0,0.0999999999999999,0.0,CoherenceRegime.SUBCOHERENT,25.4612326558467,0.90616,WallProximity.WARNING,True,0.5061564204105282,0.0,0.7757067006443555,0.140587942534566,True,,High (RON ~90-120),Excellent (>1 year)
529,Aromatic-C10-529,Aromatics,Aromatics,Gasoline,10,134.212,863185876759.3774,8,2658953,2,0.9166666666666666,1.0,1.0,0.0833333333333333,0.0,CoherenceRegime.SUBCOHERENT,40.29018058883676,1.134212,WallProximity.CAUTION,True,0.0,0.0,0.8382937103202426,0.1605199213989508,True,,High (RON ~90-120),Excellent (>1 year)
530,Aromatic-C11-530,Aromatics,Aromatics,Gasoline,11,148.238,821334804232.1232,8,2921097,3,0.875,0.975,1.0,0.0999999999999999,0.0,CoherenceRegime.SUBCOHERENT,48.97456357237437,1.2482380000000002,WallProximity.CAUTION,True,0.0,0.0,0.8524106468242886,0.1689970574550305,True,,High (RON ~90-120),Excellent (>1 year)
531,Aromatic-C12-531,Aromatics,Aromatics,Gasoline,12,162.264,785034803719.447,8,3179145,3,0.875,0.975,1.0,0.0999999999999999,0.0,CoherenceRegime.SUBCOHERENT,58.50555256727368,1.362264,WallProximity.SAFE,True,0.0,0.0,0.8550239388005095,0.1767197085482051,True,,High (RON ~90-120),Excellent (>1 year)
532,Aromatic-C13-532,Aromatics,Aromatics,Diesel,13,176.29,753158117252.3292,8,3441297,3,0.875,0.975,1.0,0.0999999999999999,0.0,CoherenceRegime.SUBCOHERENT,68.88314757353469,1.47629,WallProximity.SAFE,True,0.0,0.0,0.8465212890838342,0.183811298372123,True,,High (RON ~90-120),Excellent (>1 year)
533,Aromatic-C14-533,Aromatics,Aromatics,Diesel,14,190.316,724873710818.0087,8,3703441,3,0.875,0.975,1.0,0.0999999999999999,0.0,CoherenceRegime.SUBCOHERENT,80.1073485911574,1.590316,WallProximity.SAFE,True,0.0,0.0,0.8276126144218086,0.1903672357609857,True,,High (RON ~90-120),Excellent (>1 year)
542,Aromatic-C8-542,Aromatics,Aromatics,Gasoline,8,106.16,970553645244.2546,8,2134665,3,0.875,0.975,1.0,0.0999999999999999,0.0,CoherenceRegime.SUBCOHERENT,25.4612326558467,0.90616,WallProximity.WARNING,True,0.5061564204105282,0.0,0.7757067006443555,0.140587942534566,True,,High (RON ~90-120),Excellent (>1 year)
544,Aromatic-C10-544,Aromatics,Aromatics,Gasoline,10,134.212,863185876759.3774,8,2658953,2,0.9166666666666666,1.0,1.0,0.0833333333333333,0.0,CoherenceRegime.SUBCOHERENT,40.29018058883676,1.134212,WallProximity.CAUTION,True,0.0,0.0,0.8382937103202426,0.1605199213989508,True,,High (RON ~90-120),Excellent (>1 year)
545,Aromatic-C11-545,Aromatics,Aromatics,Gasoline,11,148.238,821334804232.1232,8,2921097,3,0.875,0.975,1.0,0.0999999999999999,0.0,CoherenceRegime.SUBCOHERENT,48.97456357237437,1.2482380000000002,WallProximity.CAUTION,True,0.0,0.0,0.8524106468242886,0.1689970574550305,True,,High (RON ~90-120),Excellent (>1 year)
546,Aromatic-C12-546,Aromatics,Aromatics,Gasoline,12,162.264,785034803719.447,8,3179145,3,0.875,0.975,1.0,0.0999999999999999,0.0,CoherenceRegime.SUBCOHERENT,58.50555256727368,1.362264,WallProximity.SAFE,True,0.0,0.0,0.8550239388005095,0.1767197085482051,True,,High (RON ~90-120),Excellent (>1 year)
547,Aromatic-C13-547,Aromatics,Aromatics,Diesel,13,176.29,753158117252.3292,8,3441297,3,0.875,0.975,1.0,0.0999999999999999,0.0,CoherenceRegime.SUBCOHERENT,68.88314757353469,1.47629,WallProximity.SAFE,True,0.0,0.0,0.8465212890838342,0.183811298372123,True,,High (RON ~90-120),Excellent (>1 year)
548,Aromatic-C14-548,Aromatics,Aromatics,Diesel,14,190.316,724873710818.0087,8,3703441,3,0.875,0.975,1.0,0.0999999999999999,0.0,CoherenceRegime.SUBCOHERENT,80.1073485911574,1.590316,WallProximity.SAFE,True,0.0,0.0,0.8276126144218086,0.1903672357609857,True,,High (RON ~90-120),Excellent (>1 year)
557,Aromatic-C8-557,Aromatics,Aromatics,Gasoline,8,106.16,970553645244.2546,8,2134665,3,0.875,0.975,1.0,0.0999999999999999,0.0,CoherenceRegime.SUBCOHERENT,25.4612326558467,0.90616,WallProximity.WARNING,True,0.5061564204105282,0.0,0.7757067006443555,0.140587942534566,True,,High (RON ~90-120),Excellent (>1 year)
559,Aromatic-C10-559,Aromatics,Aromatics,Gasoline,10,134.212,863185876759.3774,8,2658953,2,0.9166666666666666,1.0,1.0,0.0833333333333333,0.0,CoherenceRegime.SUBCOHERENT,40.29018058883676,1.134212,WallProximity.CAUTION,True,0.0,0.0,0.8382937103202426,0.1605199213989508,True,,High (RON ~90-120),Excellent (>1 year)
560,Aromatic-C11-560,Aromatics,Aromatics,Gasoline,11,148.238,821334804232.1232,8,2921097,3,0.875,0.975,1.0,0.0999999999999999,0.0,CoherenceRegime.SUBCOHERENT,48.97456357237437,1.2482380000000002,WallProximity.CAUTION,True,0.0,0.0,0.8524106468242886,0.1689970574550305,True,,High (RON ~90-120),Excellent (>1 year)
561,Aromatic-C12-561,Aromatics,Aromatics,Gasoline,12,162.264,785034803719.447,8,3179145,3,0.875,0.975,1.0,0.0999999999999999,0.0,CoherenceRegime.SUBCOHERENT,58.50555256727368,1.362264,WallProximity.SAFE,True,0.0,0.0,0.8550239388005095,0.1767197085482051,True,,High (RON ~90-120),Excellent (>1 year)
562,Aromatic-C13-562,Aromatics,Aromatics,Diesel,13,176.29,753158117252.3292,8,3441297,3,0.875,0.975,1.0,0.0999999999999999,0.0,CoherenceRegime.SUBCOHERENT,68.88314757353469,1.47629,WallProximity.SAFE,True,0.0,0.0,0.8465212890838342,0.183811298372123,True,,High (RON ~90-120),Excellent (>1 year)
563,Aromatic-C14-563,Aromatics,Aromatics,Diesel,14,190.316,724873710818.0087,8,3703441,3,0.875,0.975,1.0,0.0999999999999999,0.0,CoherenceRegime.SUBCOHERENT,80.1073485911574,1.590316,WallProximity.SAFE,True,0.0,0.0,0.8276126144218086,0.1903672357609857,True,,High (RON ~90-120),Excellent (>1 year)
572,Aromatic-C8-572,Aromatics,Aromatics,Gasoline,8,106.16,970553645244.2546,8,2134665,3,0.875,0.975,1.0,0.0999999999999999,0.0,CoherenceRegime.SUBCOHERENT,25.4612326558467,0.90616,WallProximity.WARNING,True,0.5061564204105282,0.0,0.7757067006443555,0.140587942534566,True,,High (RON ~90-120),Excellent (>1 year)
574,Aromatic-C10-574,Aromatics,Aromatics,Gasoline,10,134.212,863185876759.3774,8,2658953,2,0.9166666666666666,1.0,1.0,0.0833333333333333,0.0,CoherenceRegime.SUBCOHERENT,40.29018058883676,1.134212,WallProximity.CAUTION,True,0.0,0.0,0.8382937103202426,0.1605199213989508,True,,High (RON ~90-120),Excellent (>1 year)
575,Aromatic-C11-575,Aromatics,Aromatics,Gasoline,11,148.238,821334804232.1232,8,2921097,3,0.875,0.975,1.0,0.0999999999999999,0.0,CoherenceRegime.SUBCOHERENT,48.97456357237437,1.2482380000000002,WallProximity.CAUTION,True,0.0,0.0,0.8524106468242886,0.1689970574550305,True,,High (RON ~90-120),Excellent (>1 year)
576,Aromatic-C12-576,Aromatics,Aromatics,Gasoline,12,162.264,785034803719.447,8,3179145,3,0.875,0.975,1.0,0.0999999999999999,0.0,CoherenceRegime.SUBCOHERENT,58.50555256727368,1.362264,WallProximity.SAFE,True,0.0,0.0,0.8550239388005095,0.1767197085482051,True,,High (RON ~90-120),Excellent (>1 year)
577,Aromatic-C13-577,Aromatics,Aromatics,Diesel,13,176.29,753158117252.3292,8,3441297,3,0.875,0.975,1.0,0.0999999999999999,0.0,CoherenceRegime.SUBCOHERENT,68.88314757353469,1.47629,WallProximity.SAFE,True,0.0,0.0,0.8465212890838342,0.183811298372123,True,,High (RON ~90-120),Excellent (>1 year)
578,Aromatic-C14-578,Aromatics,Aromatics,Diesel,14,190.316,724873710818.0087,8,3703441,3,0.875,0.975,1.0,0.0999999999999999,0.0,CoherenceRegime.SUBCOHERENT,80.1073485911574,1.590316,WallProximity.SAFE,True,0.0,0.0,0.8276126144218086,0.1903672357609857,True,,High (RON ~90-120),Excellent (>1 year)
587,Aromatic-C8-587,Aromatics,Aromatics,Gasoline,8,106.16,970553645244.2546,8,2134665,3,0.875,0.975,1.0,0.0999999999999999,0.0,CoherenceRegime.SUBCOHERENT,25.4612326558467,0.90616,WallProximity.WARNING,True,0.5061564204105282,0.0,0.7757067006443555,0.140587942534566,True,,High (RON ~90-120),Excellent (>1 year)
589,Aromatic-C10-589,Aromatics,Aromatics,Gasoline,10,134.212,863185876759.3774,8,2658953,2,0.9166666666666666,1.0,1.0,0.0833333333333333,0.0,CoherenceRegime.SUBCOHERENT,40.29018058883676,1.134212,WallProximity.CAUTION,True,0.0,0.0,0.8382937103202426,0.1605199213989508,True,,High (RON ~90-120),Excellent (>1 year)
590,Aromatic-C11-590,Aromatics,Aromatics,Gasoline,11,148.238,821334804232.1232,8,2921097,3,0.875,0.975,1.0,0.0999999999999999,0.0,CoherenceRegime.SUBCOHERENT,48.97456357237437,1.2482380000000002,WallProximity.CAUTION,True,0.0,0.0,0.8524106468242886,0.1689970574550305,True,,High (RON ~90-120),Excellent (>1 year)
591,Aromatic-C12-591,Aromatics,Aromatics,Gasoline,12,162.264,785034803719.447,8,3179145,3,0.875,0.975,1.0,0.0999999999999999,0.0,CoherenceRegime.SUBCOHERENT,58.50555256727368,1.362264,WallProximity.SAFE,True,0.0,0.0,0.8550239388005095,0.1767197085482051,True,,High (RON ~90-120),Excellent (>1 year)
592,Aromatic-C13-592,Aromatics,Aromatics,Diesel,13,176.29,753158117252.3292,8,3441297,3,0.875,0.975,1.0,0.0999999999999999,0.0,CoherenceRegime.SUBCOHERENT,68.88314757353469,1.47629,WallProximity.SAFE,True,0.0,0.0,0.8465212890838342,0.183811298372123,True,,High (RON ~90-120),Excellent (>1 year)
593,Aromatic-C14-593,Aromatics,Aromatics,Diesel,14,190.316,724873710818.0087,8,3703441,3,0.875,0.975,1.0,0.0999999999999999,0.0,CoherenceRegime.SUBCOHERENT,80.1073485911574,1.590316,WallProximity.SAFE,True,0.0,0.0,0.8276126144218086,0.1903672357609857,True,,High (RON ~90-120),Excellent (>1 year)
600,"1,3-C4diene",Dienes,Dienes,Gasoline,4,54.088,1359720165751.9434,6,1094208,3,0.875,0.975,1.0,0.0999999999999999,0.0,CoherenceRegime.SUBCOHERENT,6.500616951919297,0.454088,WallProximity.BEYOND_WALL,False,1.0,0.0,0.5159684765241142,0.0812954576042725,True,,Medium (RON ~50-70),Excellent (>1 year)
608,"1,3-C8diene",Dienes,Dienes,Gasoline,8,110.192,952631564169.7043,10,2134665,3,0.875,0.975,1.0,0.0999999999999999,0.0,CoherenceRegime.SUBCOHERENT,26.545854376919834,0.910192,WallProximity.WARNING,True,0.409222398795645,0.0,0.7601286913435917,0.1423996707647059,True,,Medium (RON ~50-70),Excellent (>1 year)
609,"1,4-C8diene",Dienes,Dienes,Gasoline,8,110.192,952631564169.7043,10,2134665,3,0.875,0.975,1.0,0.0999999999999999,0.0,CoherenceRegime.SUBCOHERENT,26.545854376919834,0.910192,WallProximity.WARNING,True,0.409222398795645,0.0,0.7601286913435917,0.1423996707647059,True,,Medium (RON ~50-70),Excellent (>1 year)
610,"1,3,5-C8triene",Trienes,Trienes,Gasoline,8,108.176,961467349719.2957,11,2134665,3,0.875,0.975,1.0,0.0999999999999999,0.0,CoherenceRegime.SUBCOHERENT,26.00246780767719,0.908176,WallProximity.WARNING,True,0.4591825551003626,0.0,0.7678895295639179,0.1415014567370688,True,,Medium (RON ~50-70),Excellent (>1 year)
614,"1,3-C10diene",Dienes,Dienes,Gasoline,10,138.244,850504967129.3611,12,2659017,3,0.875,0.975,1.0,0.0999999999999999,0.0,CoherenceRegime.SUBCOHERENT,41.64810915759036,1.138244,WallProximity.CAUTION,True,0.0,0.0,0.8199678758227772,0.1619595289030552,True,,Medium (RON ~50-70),Excellent (>1 year)
615,"1,4-C10diene",Dienes,Dienes,Gasoline,10,138.244,850504967129.3611,12,2659017,3,0.875,0.975,1.0,0.0999999999999999,0.0,CoherenceRegime.SUBCOHERENT,41.64810915759036,1.138244,WallProximity.CAUTION,True,0.0,0.0,0.8199678758227772,0.1619595289030552,True,,Medium (RON ~50-70),Excellent (>1 year)
616,"1,3,5-C10triene",Trienes,Trienes,Gasoline,10,136.228,856775047378.1942,13,2659017,3,0.875,0.975,1.0,0.0999999999999999,0.0,CoherenceRegime.SUBCOHERENT,40.96806916450749,1.136228,WallProximity.CAUTION,True,0.0,0.0,0.829119003974088,0.1612445496026364,True,,Medium (RON ~50-70),Excellent (>1 year)
617,"1,3-C11diene",Dienes,Dienes,Gasoline,11,152.26999999999998,810387672787.6681,13,2921161,3,0.875,0.975,1.0,0.0999999999999999,0.0006783345908299,CoherenceRegime.SUBCOHERENT,50.469145564968166,1.25227,WallProximity.CAUTION,True,0.0,0.0007938567320796,0.8325714956720301,0.1703025952255766,True,,Medium-High (RON ~70-90),Excellent (>1 year)
618,"1,4-C11diene",Dienes,Dienes,Gasoline,11,152.26999999999998,810387672787.6681,13,2921161,3,0.875,0.975,1.0,0.0999999999999999,0.0006783345908299,CoherenceRegime.SUBCOHERENT,50.469145564968166,1.25227,WallProximity.CAUTION,True,0.0,0.0007938567320796,0.8325714956720301,0.1703025952255766,True,,Medium-High (RON ~70-90),Excellent (>1 year)
619,"1,3,5-C11triene",Trienes,Trienes,Gasoline,11,150.254,815806157203.7097,14,2921161,3,0.875,0.975,1.0,0.0999999999999999,0.0022155700801178,CoherenceRegime.SUBCOHERENT,49.72077885996518,1.250254,WallProximity.CAUTION,True,0.0,0.0025914499463397,0.8424803522659028,0.1696537923105884,True,,Medium-High (RON ~70-90),Excellent (>1 year)
620,"1,3-C12diene",Dienes,Dienes,Gasoline,12,166.296,775459460139.9153,14,3179209,2,0.9166666666666666,1.0,1.0,0.0833333333333333,0.0,CoherenceRegime.SUBCOHERENT,60.1367879837077,1.3662960000000002,WallProximity.SAFE,True,0.0,0.0,0.8337205480043967,0.1779140227918064,True,,Medium (RON ~50-70),Excellent (>1 year)
621,"1,4-C12diene",Dienes,Dienes,Gasoline,12,166.296,775459460139.9153,14,3179209,2,0.9166666666666666,1.0,1.0,0.0833333333333333,0.0,CoherenceRegime.SUBCOHERENT,60.1367879837077,1.3662960000000002,WallProximity.SAFE,True,0.0,0.0,0.8337205480043967,0.1779140227918064,True,,Medium (RON ~50-70),Excellent (>1 year)
622,"1,3,5-C12triene",Trienes,Trienes,Gasoline,12,164.28,780203066472.4673,15,3179209,2,0.9166666666666666,1.0,1.0,0.0833333333333333,0.0,CoherenceRegime.SUBCOHERENT,59.32009456678461,1.3642800000000002,WallProximity.SAFE,True,0.0,0.0,0.8443590545605798,0.1773201834699567,True,,Medium (RON ~50-70),Excellent (>1 year)
623,"1,3-C13diene",Dienes,Dienes,Gasoline,13,180.322,744690206103.6765,15,3441361,2,0.9166666666666666,1.0,1.0,0.0833333333333333,0.0,CoherenceRegime.SUBCOHERENT,70.65103641380894,1.480322,WallProximity.SAFE,True,0.0,0.0,0.8238940763538177,0.1849118537104559,True,,Medium (RON ~50-70),Excellent (>1 year)
624,"1,4-C13diene",Dienes,Dienes,Gasoline,13,180.322,744690206103.6765,15,3441361,2,0.9166666666666666,1.0,1.0,0.0833333333333333,0.0,CoherenceRegime.SUBCOHERENT,70.65103641380894,1.480322,WallProximity.SAFE,True,0.0,0.0,0.8238940763538177,0.1849118537104559,True,,Medium (RON ~50-70),Excellent (>1 year)
625,"1,3,5-C13triene",Trienes,Trienes,Gasoline,13,178.30599999999998,748888258084.8574,16,3441425,3,0.875,0.975,1.0,0.0999999999999999,0.0007834950473447,CoherenceRegime.SUBCOHERENT,69.76601628496573,1.478306,WallProximity.SAFE,True,0.0,0.0009279436357754,0.8351892182130224,0.18436439250022,True,,Medium-High (RON ~70-90),Excellent (>1 year)
626,"1,3-C14diene",Dienes,Dienes,Gasoline,14,194.348,717315081805.2697,16,3703569,3,0.875,0.975,1.0,0.0999999999999999,0.0,CoherenceRegime.SUBCOHERENT,82.01189085527189,1.594348,WallProximity.SAFE,True,0.0,0.0,0.803879030057381,0.191387682504761,True,,Medium (RON ~50-70),Excellent (>1 year)
627,"1,4-C14diene",Dienes,Dienes,Gasoline,14,194.348,717315081805.2697,16,3703569,3,0.875,0.975,1.0,0.0999999999999999,0.0,CoherenceRegime.SUBCOHERENT,82.01189085527189,1.594348,WallProximity.SAFE,True,0.0,0.0,0.803879030057381,0.191387682504761,True,,Medium (RON ~50-70),Excellent (>1 year)
628,"1,3,5-C14triene",Trienes,Trienes,Gasoline,14,192.332,721064685244.6521,17,3703569,3,0.875,0.975,1.0,0.0999999999999999,0.0,CoherenceRegime.SUBCOHERENT,81.05854401450856,1.592332,WallProximity.SAFE,True,0.0,0.0,0.8157199767273252,0.1908798798614364,True,,Medium (RON ~50-70),Excellent (>1 year)
632,"1,3-C16diene",Dienes,Dienes,Gasoline,16,222.4,670552225982.2751,18,4227858,3,0.875,0.975,1.0,0.0999999999999999,0.0,CoherenceRegime.SUBCOHERENT,107.27341777228288,1.8224,WallProximity.SAFE,True,0.0,0.0,0.737717691839365,0.2030492117631797,True,,Medium (RON ~50-70),Excellent (>1 year)
633,"1,4-C16diene",Dienes,Dienes,Gasoline,16,222.4,670552225982.2751,18,4227858,3,0.875,0.975,1.0,0.0999999999999999,0.0,CoherenceRegime.SUBCOHERENT,107.27341777228288,1.8224,WallProximity.SAFE,True,0.0,0.0,0.737717691839365,0.2030492117631797,True,,Medium (RON ~50-70),Excellent (>1 year)
634,"1,3-C17diene",Dienes,Dienes,Gasoline,17,236.426,650357844038.6736,19,4490002,3,0.875,0.975,1.0,0.0999999999999999,0.0,CoherenceRegime.SUBCOHERENT,121.17409024783096,1.936426,WallProximity.SAFE,True,0.0,0.0,0.6942621693854965,0.2083409767806143,True,,Medium (RON ~50-70),Excellent (>1 year)
635,"1,4-C17diene",Dienes,Dienes,Gasoline,17,236.426,650357844038.6736,19,4490002,3,0.875,0.975,1.0,0.0999999999999999,0.0,CoherenceRegime.SUBCOHERENT,121.17409024783096,1.936426,WallProximity.SAFE,True,0.0,0.0,0.6942621693854965,0.2083409767806143,True,,Medium (RON ~50-70),Excellent (>1 year)
636,"1,3-C18diene",Dienes,Dienes,Gasoline,18,250.452,631884566345.6451,20,4752210,3,0.875,0.975,1.0,0.0999999999999999,0.0,CoherenceRegime.SUBCOHERENT,135.9213687347407,2.050452,WallProximity.SAFE,True,0.0,0.0,0.6458700267636568,0.2133287739249394,True,,Medium (RON ~50-70),Excellent (>1 year)
637,"1,4-C18diene",Dienes,Dienes,Gasoline,18,250.452,631884566345.6451,20,4752210,3,0.875,0.975,1.0,0.0999999999999999,0.0,CoherenceRegime.SUBCOHERENT,135.9213687347407,2.050452,WallProximity.SAFE,True,0.0,0.0,0.6458700267636568,0.2133287739249394,True,,Medium (RON ~50-70),Excellent (>1 year)
638,"1,3-C19diene",Dienes,Dienes,Gasoline,19,264.478,614901034876.9144,21,5010266,3,0.875,0.975,1.0,0.0999999999999999,0.0,CoherenceRegime.SUBCOHERENT,151.51525323301215,2.164478,WallProximity.SAFE,True,0.0,0.0,0.5940656944893868,0.218045635601637,True,,Medium (RON ~50-70),Excellent (>1 year)
639,"1,4-C19diene",Dienes,Dienes,Gasoline,19,264.478,614901034876.9144,21,5010266,3,0.875,0.975,1.0,0.0999999999999999,0.0,CoherenceRegime.SUBCOHERENT,151.51525323301215,2.164478,WallProximity.SAFE,True,0.0,0.0,0.5940656944893868,0.218045635601637,True,,Medium (RON ~50-70),Excellent (>1 year)
641,1-Methyl-cyclo-C3ene,Cycloalkenes,Cycloalkenes,Gasoline,4,54.088,1359720165751.9434,7,1094208,3,0.875,0.975,1.0,0.0999999999999999,0.0,CoherenceRegime.SUBCOHERENT,6.500616951919297,0.454088,WallProximity.BEYOND_WALL,False,1.0,0.0,0.5159684765241142,0.0812954576042725,True,,Medium (RON ~50-70),Excellent (>1 year)
645,Cyclo-C4ene,Cycloalkenes,Cycloalkenes,Gasoline,4,54.088,1359720165751.9434,7,1094208,3,0.875,0.975,1.0,0.0999999999999999,0.0,CoherenceRegime.SUBCOHERENT,6.500616951919297,0.454088,WallProximity.BEYOND_WALL,False,1.0,0.0,0.5159684765241142,0.0812954576042725,True,,Medium (RON ~50-70),Excellent (>1 year)
649,4-Methyl-cyclo-C4ene,Cycloalkenes,Cycloalkenes,Gasoline,8,110.192,952631564169.7043,11,2134665,3,0.875,0.975,1.0,0.0999999999999999,0.0,CoherenceRegime.SUBCOHERENT,26.545854376919834,0.910192,WallProximity.WARNING,True,0.409222398795645,0.0,0.7601286913435917,0.1423996707647059,True,,High (RON ~90-120),Excellent (>1 year)
653,3-Methyl-cyclo-C5ene,Cycloalkenes,Cycloalkenes,Gasoline,8,110.192,952631564169.7043,11,2134665,3,0.875,0.975,1.0,0.0999999999999999,0.0,CoherenceRegime.SUBCOHERENT,26.545854376919834,0.910192,WallProximity.WARNING,True,0.409222398795645,0.0,0.7601286913435917,0.1423996707647059,True,,High (RON ~90-120),Excellent (>1 year)
657,2-Methyl-cyclo-C6ene,Cycloalkenes,Cycloalkenes,Gasoline,8,110.192,952631564169.7043,11,2134665,3,0.875,0.975,1.0,0.0999999999999999,0.0,CoherenceRegime.SUBCOHERENT,26.545854376919834,0.910192,WallProximity.WARNING,True,0.409222398795645,0.0,0.7601286913435917,0.1423996707647059,True,,High (RON ~90-120),Excellent (>1 year)
659,4-Methyl-cyclo-C6ene,Cycloalkenes,Cycloalkenes,Gasoline,10,138.244,850504967129.3611,13,2659017,3,0.875,0.975,1.0,0.0999999999999999,0.0,CoherenceRegime.SUBCOHERENT,41.64810915759036,1.138244,WallProximity.CAUTION,True,0.0,0.0,0.8199678758227772,0.1619595289030552,True,,High (RON ~90-120),Excellent (>1 year)
661,1-Methyl-cyclo-C7ene,Cycloalkenes,Cycloalkenes,Gasoline,8,110.192,952631564169.7043,11,2134665,3,0.875,0.975,1.0,0.0999999999999999,0.0,CoherenceRegime.SUBCOHERENT,26.545854376919834,0.910192,WallProximity.WARNING,True,0.409222398795645,0.0,0.7601286913435917,0.1423996707647059,True,,High (RON ~90-120),Excellent (>1 year)
663,3-Methyl-cyclo-C7ene,Cycloalkenes,Cycloalkenes,Gasoline,10,138.244,850504967129.3611,13,2659017,3,0.875,0.975,1.0,0.0999999999999999,0.0,CoherenceRegime.SUBCOHERENT,41.64810915759036,1.138244,WallProximity.CAUTION,True,0.0,0.0,0.8199678758227772,0.1619595289030552,True,,High (RON ~90-120),Excellent (>1 year)
664,4-Methyl-cyclo-C7ene,Cycloalkenes,Cycloalkenes,Gasoline,11,152.26999999999998,810387672787.6681,14,2921161,3,0.875,0.975,1.0,0.0999999999999999,0.0006783345908299,CoherenceRegime.SUBCOHERENT,50.469145564968166,1.25227,WallProximity.CAUTION,True,0.0,0.0007938567320796,0.8325714956720301,0.1703025952255766,True,,High (RON ~90-120),Excellent (>1 year)
665,Cyclo-C8ene,Cycloalkenes,Cycloalkenes,Gasoline,8,110.192,952631564169.7043,11,2134665,3,0.875,0.975,1.0,0.0999999999999999,0.0,CoherenceRegime.SUBCOHERENT,26.545854376919834,0.910192,WallProximity.WARNING,True,0.409222398795645,0.0,0.7601286913435917,0.1423996707647059,True,,High (RON ~90-120),Excellent (>1 year)
667,2-Methyl-cyclo-C8ene,Cycloalkenes,Cycloalkenes,Gasoline,10,138.244,850504967129.3611,13,2659017,3,0.875,0.975,1.0,0.0999999999999999,0.0,CoherenceRegime.SUBCOHERENT,41.64810915759036,1.138244,WallProximity.CAUTION,True,0.0,0.0,0.8199678758227772,0.1619595289030552,True,,High (RON ~90-120),Excellent (>1 year)
668,3-Methyl-cyclo-C8ene,Cycloalkenes,Cycloalkenes,Gasoline,11,152.26999999999998,810387672787.6681,14,2921161,3,0.875,0.975,1.0,0.0999999999999999,0.0006783345908299,CoherenceRegime.SUBCOHERENT,50.469145564968166,1.25227,WallProximity.CAUTION,True,0.0,0.0007938567320796,0.8325714956720301,0.1703025952255766,True,,High (RON ~90-120),Excellent (>1 year)
669,4-Methyl-cyclo-C8ene,Cycloalkenes,Cycloalkenes,Gasoline,12,166.296,775459460139.9153,15,3179209,2,0.9166666666666666,1.0,1.0,0.0833333333333333,0.0,CoherenceRegime.SUBCOHERENT,60.1367879837077,1.3662960000000002,WallProximity.SAFE,True,0.0,0.0,0.8337205480043967,0.1779140227918064,True,,High (RON ~90-120),Excellent (>1 year)
671,1-Methyl-cyclo-C9ene,Cycloalkenes,Cycloalkenes,Gasoline,10,138.244,850504967129.3611,13,2659017,3,0.875,0.975,1.0,0.0999999999999999,0.0,CoherenceRegime.SUBCOHERENT,41.64810915759036,1.138244,WallProximity.CAUTION,True,0.0,0.0,0.8199678758227772,0.1619595289030552,True,,High (RON ~90-120),Excellent (>1 year)
672,2-Methyl-cyclo-C9ene,Cycloalkenes,Cycloalkenes,Gasoline,11,152.26999999999998,810387672787.6681,14,2921161,3,0.875,0.975,1.0,0.0999999999999999,0.0006783345908299,CoherenceRegime.SUBCOHERENT,50.469145564968166,1.25227,WallProximity.CAUTION,True,0.0,0.0007938567320796,0.8325714956720301,0.1703025952255766,True,,High (RON ~90-120),Excellent (>1 year)
673,3-Methyl-cyclo-C9ene,Cycloalkenes,Cycloalkenes,Gasoline,12,166.296,775459460139.9153,15,3179209,2,0.9166666666666666,1.0,1.0,0.0833333333333333,0.0,CoherenceRegime.SUBCOHERENT,60.1367879837077,1.3662960000000002,WallProximity.SAFE,True,0.0,0.0,0.8337205480043967,0.1779140227918064,True,,High (RON ~90-120),Excellent (>1 year)
674,Cyclo-C10ene,Cycloalkenes,Cycloalkenes,Gasoline,10,138.244,850504967129.3611,13,2659017,3,0.875,0.975,1.0,0.0999999999999999,0.0,CoherenceRegime.SUBCOHERENT,41.64810915759036,1.138244,WallProximity.CAUTION,True,0.0,0.0,0.8199678758227772,0.1619595289030552,True,,High (RON ~90-120),Excellent (>1 year)
675,1-Methyl-cyclo-C10ene,Cycloalkenes,Cycloalkenes,Gasoline,11,152.26999999999998,810387672787.6681,14,2921161,3,0.875,0.975,1.0,0.0999999999999999,0.0006783345908299,CoherenceRegime.SUBCOHERENT,50.469145564968166,1.25227,WallProximity.CAUTION,True,0.0,0.0007938567320796,0.8325714956720301,0.1703025952255766,True,,High (RON ~90-120),Excellent (>1 year)
676,2-Methyl-cyclo-C10ene,Cycloalkenes,Cycloalkenes,Gasoline,12,166.296,775459460139.9153,15,3179209,2,0.9166666666666666,1.0,1.0,0.0833333333333333,0.0,CoherenceRegime.SUBCOHERENT,60.1367879837077,1.3662960000000002,WallProximity.SAFE,True,0.0,0.0,0.8337205480043967,0.1779140227918064,True,,High (RON ~90-120),Excellent (>1 year)
677,Cyclo-C11ene,Cycloalkenes,Cycloalkenes,Gasoline,11,152.26999999999998,810387672787.6681,14,2921161,3,0.875,0.975,1.0,0.0999999999999999,0.0006783345908299,CoherenceRegime.SUBCOHERENT,50.469145564968166,1.25227,WallProximity.CAUTION,True,0.0,0.0007938567320796,0.8325714956720301,0.1703025952255766,True,,High (RON ~90-120),Excellent (>1 year)
678,1-Methyl-cyclo-C11ene,Cycloalkenes,Cycloalkenes,Gasoline,12,166.296,775459460139.9153,15,3179209,2,0.9166666666666666,1.0,1.0,0.0833333333333333,0.0,CoherenceRegime.SUBCOHERENT,60.1367879837077,1.3662960000000002,WallProximity.SAFE,True,0.0,0.0,0.8337205480043967,0.1779140227918064,True,,High (RON ~90-120),Excellent (>1 year)
682,C3-Thiophene,Thiophenes,Sulfur compounds,Diesel,7,124.194,897324844871.8795,7,1872456,3,0.875,0.975,1.0,0.0999999999999999,0.0,CoherenceRegime.SUBCOHERENT,27.092163726238116,0.8241940000000001,WallProximity.CAUTION,True,0.0,0.0,0.6190024666431586,0.1432843691516742,True,,Medium (RON ~50-70),Excellent (>1 year)
688,C3-Benzothiophene,Thiophenes,Sulfur compounds,Diesel,11,176.266,753209389702.9595,13,2917073,3,0.875,0.975,1.0,0.0999999999999999,0.0,CoherenceRegime.SUBCOHERENT,59.54199430705451,1.276266,WallProximity.SAFE,True,0.0,0.0,0.7164015788305478,0.177482337686838,True,,Medium (RON ~50-70),Excellent (>1 year)
689,C4-Benzothiophene,Thiophenes,Sulfur compounds,Diesel,12,190.292,724919420623.3585,13,3179217,1,0.9583333333333334,1.0,1.0,0.0416666666666666,0.0,CoherenceRegime.SUBCOHERENT,70.02291439406535,1.390292,WallProximity.SAFE,True,0.0,0.0,0.7095038549395202,0.184524018239189,True,,Medium (RON ~50-70),Excellent (>1 year)
690,C5-Benzothiophene,Thiophenes,Sulfur compounds,Diesel,13,204.318,699594981785.1356,13,3441361,2,0.9166666666666666,1.0,1.0,0.0833333333333333,0.0001666077989205,CoherenceRegime.SUBCOHERENT,81.35044049243791,1.504318,WallProximity.SAFE,True,0.0,0.0001984358848769,0.6928473539861444,0.1910359908876039,True,,Medium (RON ~50-70),Excellent (>1 year)
691,Dibenzothiophene,Thiophenes,Sulfur compounds,Diesel,12,186.26,732723635278.1754,21,3179345,1,0.9583333333333334,1.0,1.0,0.0416666666666666,0.0,CoherenceRegime.SUBCOHERENT,68.34046329090297,1.38626,WallProximity.SAFE,True,0.0,0.0,0.7300189299345253,0.1834677918624299,True,,Medium (RON ~50-70),Excellent (>1 year)
692,C1-Dibenzothiophene,Thiophenes,Sulfur compounds,Diesel,13,200.286,706601741428.6383,21,3441489,2,0.9166666666666666,1.0,1.0,0.0833333333333333,0.0008917475168077,CoherenceRegime.SUBCOHERENT,79.5313359654353,1.500286,WallProximity.SAFE,True,0.0,0.0010612275457887,0.7143688452992216,0.1900538277782108,True,,Medium (RON ~50-70),Excellent (>1 year)
693,C2-Dibenzothiophene,Thiophenes,Sulfur compounds,Diesel,14,214.312,683088156275.1224,21,3703633,2,0.9166666666666666,1.0,1.0,0.0833333333333333,0.0,CoherenceRegime.SUBCOHERENT,91.56881465132936,1.6143120000000002,WallProximity.SAFE,True,0.0,0.0,0.6898093992135107,0.1961747592326798,True,,Medium (RON ~50-70),Excellent (>1 year)
694,C3-Dibenzothiophene,Thiophenes,Sulfur compounds,Diesel,15,228.338,661775833370.162,21,3965777,3,0.875,0.975,1.0,0.0999999999999999,0.0,CoherenceRegime.SUBCOHERENT,104.45289934858508,1.728338,WallProximity.SAFE,True,0.0,0.0,0.6576191276076894,0.2018920499401207,True,,Medium (RON ~50-70),Excellent (>1 year)
696,C5-Dibenzothiophene,Thiophenes,Sulfur compounds,Diesel,17,256.39,624524469043.5934,21,4485970,3,0.875,0.975,1.0,0.0999999999999999,0.0,CoherenceRegime.SUBCOHERENT,132.76088677718172,1.9563900000000003,WallProximity.SAFE,True,0.0,0.0,0.5760376131522343,0.2123070144618989,True,,Medium (RON ~50-70),Excellent (>1 year)
697,Petroleum-C11-697,Linear alkanes,Alkanes,Mixed,11,156.302,799866913217.5398,11,2921097,3,0.875,0.975,1.0,0.0999999999999999,0.0010341286632576,CoherenceRegime.SUBCOHERENT,51.97233322721061,1.256302,WallProximity.SAFE,True,0.0,0.0012115615859026,0.8128183517932119,0.1715772214320583,True,,Low (RON ~0-50),Excellent (>1 year)
698,Petroleum-C12-698,Linear alkanes,Alkanes,Mixed,12,170.328,766226162165.0073,12,3179209,2,0.9166666666666666,1.0,1.0,0.0833333333333333,0.0,CoherenceRegime.SUBCOHERENT,61.77662906979037,1.3703280000000002,WallProximity.SAFE,True,0.0,0.0,0.8125262685665692,0.1790824206711787,True,,Low (RON ~0-50),Excellent (>1 year)
699,Petroleum-C13-699,Linear alkanes,Alkanes,Mixed,13,184.354,736501638657.2075,13,3441361,2,0.9166666666666666,1.0,1.0,0.0833333333333333,0.0,CoherenceRegime.SUBCOHERENT,72.42753092373184,1.4843540000000002,WallProximity.SAFE,True,0.0,0.0,0.8014205114468184,0.1859903680223826,True,,Low (RON ~0-50),Excellent (>1 year)
700,Petroleum-C14-700,Linear alkanes,Alkanes,Mixed,14,198.38,709988079400.2195,14,3703505,2,0.9166666666666666,1.0,1.0,0.0833333333333333,0.0,CoherenceRegime.SUBCOHERENT,83.92503878903499,1.59838,WallProximity.SAFE,True,0.0,0.0,0.7803595749141533,0.1923891550645221,True,,Low (RON ~0-50),Excellent (>1 year)
701,Petroleum-C15-701,Linear alkanes,Alkanes,Mixed,15,212.406,686146116732.9568,15,3965649,3,0.875,0.975,1.0,0.0999999999999999,0.0,CoherenceRegime.SUBCOHERENT,96.26915266569986,1.712406,WallProximity.SAFE,True,0.0,0.0,0.7504537250958354,0.1983487149292778,True,,Low (RON ~0-50),Excellent (>1 year)
702,Petroleum-C16-702,Linear alkanes,Alkanes,Mixed,16,226.432,664555258312.6898,16,4227858,3,0.875,0.975,1.0,0.0999999999999999,0.0,CoherenceRegime.SUBCOHERENT,109.45987255372644,1.826432,WallProximity.SAFE,True,0.0,0.0,0.7130099647144913,0.2039254938149209,True,,Low (RON ~0-50),Excellent (>1 year)
703,Petroleum-C17-703,Linear alkanes,Alkanes,Mixed,17,240.458,644882192557.4109,17,4490002,3,0.875,0.975,1.0,0.0999999999999999,0.0007374461291984,CoherenceRegime.SUBCOHERENT,123.49719845311472,1.940458,WallProximity.SAFE,True,0.0,0.0008916945728187,0.6694688654569966,0.2091657105691608,True,,Low (RON ~0-50),Excellent (>1 year)
704,Petroleum-C18-704,Linear alkanes,Alkanes,Mixed,18,254.484,626858845913.6626,18,4748050,3,0.875,0.975,1.0,0.0999999999999999,0.0,CoherenceRegime.SUBCOHERENT,138.3811303638647,2.054484,WallProximity.SAFE,True,0.0,0.0,0.6213381120750965,0.2141076873808912,True,,Low (RON ~0-50),Excellent (>1 year)
706,Petroleum-C20-706,Linear alkanes,Alkanes,Mixed,20,282.536,594926211713.4329,20,5272410,3,0.875,0.975,1.0,0.0999999999999999,0.0,CoherenceRegime.SUBCOHERENT,170.6888122194498,2.282536,WallProximity.SAFE,True,0.0,0.0,0.5172880014063855,0.223220505626067,True,,Low (RON ~0-50),Excellent (>1 year)
707,Petroleum-C21-707,Linear alkanes,Alkanes,Mixed,21,296.562,580687194654.7695,21,5534554,2,0.9166666666666666,1.0,1.0,0.0833333333333333,0.0,CoherenceRegime.SUBCOHERENT,188.11256216428492,2.3965620000000003,WallProximity.SAFE,True,0.0,0.0,0.4641622042192316,0.2274417798721354,True,,Low (RON ~0-50),Excellent (>1 year)
709,Petroleum-C23-709,Linear alkanes,Alkanes,Mixed,23,324.61400000000003,555029896519.2572,23,6058842,3,0.875,0.975,1.0,0.0999999999999999,0.0,CoherenceRegime.SUBCOHERENT,225.49988008804036,2.624614,WallProximity.SAFE,True,0.0,0.0,0.361638421829567,0.235314631527333,True,,Low (RON ~0-50),Excellent (>1 year)
710,Petroleum-C24-710,Linear alkanes,Alkanes,Mixed,24,338.64,543414061677.224,24,6321051,3,0.875,0.975,1.0,0.0999999999999999,0.0,CoherenceRegime.SUBCOHERENT,245.46344806696047,2.73864,WallProximity.SAFE,True,0.0,0.0,0.3140694284635896,0.2389986830533596,True,,Low (RON ~0-50),Excellent (>1 year)
712,Petroleum-C26-712,Linear alkanes,Alkanes,Mixed,26,366.692,522214928026.6263,26,6845347,2,0.9166666666666666,1.0,1.0,0.0833333333333333,0.0,CoherenceRegime.SUBCOHERENT,287.93040205888616,2.966692,WallProximity.SAFE,True,0.0,0.0,0.2294018148795772,0.2459287523680874,True,,Low (RON ~0-50),Excellent (>1 year)
713,Petroleum-C27-713,Linear alkanes,Alkanes,Mixed,27,380.718,512505221974.3419,27,7107491,3,0.875,0.975,1.0,0.0999999999999999,0.0,CoherenceRegime.SUBCOHERENT,310.4337880718915,3.080718,WallProximity.SAFE,True,0.0,0.0,0.1929628696356923,0.249196898441147,True,,Low (RON ~0-50),Excellent (>1 year)
714,Petroleum-C28-714,Linear alkanes,Alkanes,Mixed,28,394.744,503317732291.2979,28,7369699,3,0.875,0.975,1.0,0.0999999999999999,0.0,CoherenceRegime.SUBCOHERENT,333.7837800962586,3.1947440000000005,WallProximity.SAFE,True,0.0,0.0,0.1606118242057447,0.2523465228730758,True,,Low (RON ~0-50),Excellent (>1 year)
716,Petroleum-C30-716,Linear alkanes,Alkanes,Mixed,30,422.796,486333924479.0623,30,7889891,3,0.875,0.975,1.0,0.0999999999999999,0.0,CoherenceRegime.SUBCOHERENT,383.0235821790778,3.422796,WallProximity.SAFE,True,0.0,0.0,0.1078322009129451,0.2583225513642143,True,,Low (RON ~0-50),Excellent (>1 year)
720,Petroleum-C34-720,Linear alkanes,Alkanes,Mixed,34,478.9,456959364182.06506,34,8937964,3,0.875,0.975,1.0,0.0999999999999999,0.0,CoherenceRegime.SUBCOHERENT,491.6624584810569,3.8789,WallProximity.SAFE,True,0.0,0.0,0.0429157825515955,0.2691667048442769,True,,Low (RON ~0-50),Excellent (>1 year)
723,Petroleum-C7-723,Linear alkanes,Alkanes,Mixed,7,100.198,999011467728.4476,7,1872456,3,0.875,0.975,1.0,0.0999999999999999,0.0,CoherenceRegime.SUBCOHERENT,21.221209970508696,0.8001980000000001,WallProximity.CRITICAL,True,0.6284659179406685,0.0,0.6993073420184516,0.1326770142455715,True,,Low (RON ~0-50),Excellent (>1 year)
724,Petroleum-C8-724,Linear alkanes,Alkanes,Mixed,8,114.224,935667010900.7026,8,2134665,3,0.875,0.975,1.0,0.0999999999999999,0.0,CoherenceRegime.SUBCOHERENT,27.639081767641613,0.914224,WallProximity.WARNING,True,0.2999966155396235,0.0,0.7447570440936945,0.1441523610703951,True,,Low (RON ~0-50),Excellent (>1 year)
726,Petroleum-C10-726,Linear alkanes,Alkanes,Mixed,10,142.276,838367002781.6842,10,2658953,2,0.9166666666666666,1.0,1.0,0.0833333333333333,0.0,CoherenceRegime.SUBCOHERENT,43.01464339599258,1.142276,WallProximity.CAUTION,True,0.0,0.0,0.8017320509825592,0.1633616326823045,True,,Low (RON ~0-50),Excellent (>1 year)
727,Petroleum-C11-727,Linear alkanes,Alkanes,Mixed,11,156.302,799866913217.5398,11,2921097,3,0.875,0.975,1.0,0.0999999999999999,0.0010341286632576,CoherenceRegime.SUBCOHERENT,51.97233322721061,1.256302,WallProximity.SAFE,True,0.0,0.0012115615859026,0.8128183517932119,0.1715772214320583,True,,Low (RON ~0-50),Excellent (>1 year)
728,Petroleum-C12-728,Linear alkanes,Alkanes,Mixed,12,170.328,766226162165.0073,12,3179209,2,0.9166666666666666,1.0,1.0,0.0833333333333333,0.0,CoherenceRegime.SUBCOHERENT,61.77662906979037,1.3703280000000002,WallProximity.SAFE,True,0.0,0.0,0.8125262685665692,0.1790824206711787,True,,Low (RON ~0-50),Excellent (>1 year)
729,Petroleum-C13-729,Linear alkanes,Alkanes,Mixed,13,184.354,736501638657.2075,13,3441361,2,0.9166666666666666,1.0,1.0,0.0833333333333333,0.0,CoherenceRegime.SUBCOHERENT,72.42753092373184,1.4843540000000002,WallProximity.SAFE,True,0.0,0.0,0.8014205114468184,0.1859903680223826,True,,Low (RON ~0-50),Excellent (>1 year)
730,Petroleum-C14-730,Linear alkanes,Alkanes,Mixed,14,198.38,709988079400.2195,14,3703505,2,0.9166666666666666,1.0,1.0,0.0833333333333333,0.0,CoherenceRegime.SUBCOHERENT,83.92503878903499,1.59838,WallProximity.SAFE,True,0.0,0.0,0.7803595749141533,0.1923891550645221,True,,Low (RON ~0-50),Excellent (>1 year)
731,Petroleum-C15-731,Linear alkanes,Alkanes,Mixed,15,212.406,686146116732.9568,15,3965649,3,0.875,0.975,1.0,0.0999999999999999,0.0,CoherenceRegime.SUBCOHERENT,96.26915266569986,1.712406,WallProximity.SAFE,True,0.0,0.0,0.7504537250958354,0.1983487149292778,True,,Low (RON ~0-50),Excellent (>1 year)
732,Petroleum-C16-732,Linear alkanes,Alkanes,Mixed,16,226.432,664555258312.6898,16,4227858,3,0.875,0.975,1.0,0.0999999999999999,0.0,CoherenceRegime.SUBCOHERENT,109.45987255372644,1.826432,WallProximity.SAFE,True,0.0,0.0,0.7130099647144913,0.2039254938149209,True,,Low (RON ~0-50),Excellent (>1 year)
733,Petroleum-C17-733,Linear alkanes,Alkanes,Mixed,17,240.458,644882192557.4109,17,4490002,3,0.875,0.975,1.0,0.0999999999999999,0.0007374461291984,CoherenceRegime.SUBCOHERENT,123.49719845311472,1.940458,WallProximity.SAFE,True,0.0,0.0008916945728187,0.6694688654569966,0.2091657105691608,True,,Low (RON ~0-50),Excellent (>1 year)
734,Petroleum-C18-734,Linear alkanes,Alkanes,Mixed,18,254.484,626858845913.6626,18,4748050,3,0.875,0.975,1.0,0.0999999999999999,0.0,CoherenceRegime.SUBCOHERENT,138.3811303638647,2.054484,WallProximity.SAFE,True,0.0,0.0,0.6213381120750965,0.2141076873808912,True,,Low (RON ~0-50),Excellent (>1 year)
736,Petroleum-C20-736,Linear alkanes,Alkanes,Mixed,20,282.536,594926211713.4329,20,5272410,3,0.875,0.975,1.0,0.0999999999999999,0.0,CoherenceRegime.SUBCOHERENT,170.6888122194498,2.282536,WallProximity.SAFE,True,0.0,0.0,0.5172880014063855,0.223220505626067,True,,Low (RON ~0-50),Excellent (>1 year)
737,Petroleum-C21-737,Linear alkanes,Alkanes,Mixed,21,296.562,580687194654.7695,21,5534554,2,0.9166666666666666,1.0,1.0,0.0833333333333333,0.0,CoherenceRegime.SUBCOHERENT,188.11256216428492,2.3965620000000003,WallProximity.SAFE,True,0.0,0.0,0.4641622042192316,0.2274417798721354,True,,Low (RON ~0-50),Excellent (>1 year)
739,Petroleum-C23-739,Linear alkanes,Alkanes,Mixed,23,324.61400000000003,555029896519.2572,23,6058842,3,0.875,0.975,1.0,0.0999999999999999,0.0,CoherenceRegime.SUBCOHERENT,225.49988008804036,2.624614,WallProximity.SAFE,True,0.0,0.0,0.361638421829567,0.235314631527333,True,,Low (RON ~0-50),Excellent (>1 year)
740,Petroleum-C24-740,Linear alkanes,Alkanes,Mixed,24,338.64,543414061677.224,24,6321051,3,0.875,0.975,1.0,0.0999999999999999,0.0,CoherenceRegime.SUBCOHERENT,245.46344806696047,2.73864,WallProximity.SAFE,True,0.0,0.0,0.3140694284635896,0.2389986830533596,True,,Low (RON ~0-50),Excellent (>1 year)
742,Petroleum-C26-742,Linear alkanes,Alkanes,Mixed,26,366.692,522214928026.6263,26,6845347,2,0.9166666666666666,1.0,1.0,0.0833333333333333,0.0,CoherenceRegime.SUBCOHERENT,287.93040205888616,2.966692,WallProximity.SAFE,True,0.0,0.0,0.2294018148795772,0.2459287523680874,True,,Low (RON ~0-50),Excellent (>1 year)
743,Petroleum-C27-743,Linear alkanes,Alkanes,Mixed,27,380.718,512505221974.3419,27,7107491,3,0.875,0.975,1.0,0.0999999999999999,0.0,CoherenceRegime.SUBCOHERENT,310.4337880718915,3.080718,WallProximity.SAFE,True,0.0,0.0,0.1929628696356923,0.249196898441147,True,,Low (RON ~0-50),Excellent (>1 year)
744,Petroleum-C28-744,Linear alkanes,Alkanes,Mixed,28,394.744,503317732291.2979,28,7369699,3,0.875,0.975,1.0,0.0999999999999999,0.0,CoherenceRegime.SUBCOHERENT,333.7837800962586,3.1947440000000005,WallProximity.SAFE,True,0.0,0.0,0.1606118242057447,0.2523465228730758,True,,Low (RON ~0-50),Excellent (>1 year)
746,Petroleum-C30-746,Linear alkanes,Alkanes,Mixed,30,422.796,486333924479.0623,30,7889891,3,0.875,0.975,1.0,0.0999999999999999,0.0,CoherenceRegime.SUBCOHERENT,383.0235821790778,3.422796,WallProximity.SAFE,True,0.0,0.0,0.1078322009129451,0.2583225513642143,True,,Low (RON ~0-50),Excellent (>1 year)
750,Petroleum-C34-750,Linear alkanes,Alkanes,Mixed,34,478.9,456959364182.06506,34,8937964,3,0.875,0.975,1.0,0.0999999999999999,0.0,CoherenceRegime.SUBCOHERENT,491.6624584810569,3.8789,WallProximity.SAFE,True,0.0,0.0,0.0429157825515955,0.2691667048442769,True,,Low (RON ~0-50),Excellent (>1 year)
753,Petroleum-C7-753,Linear alkanes,Alkanes,Mixed,7,100.198,999011467728.4476,7,1872456,3,0.875,0.975,1.0,0.0999999999999999,0.0,CoherenceRegime.SUBCOHERENT,21.221209970508696,0.8001980000000001,WallProximity.CRITICAL,True,0.6284659179406685,0.0,0.6993073420184516,0.1326770142455715,True,,Low (RON ~0-50),Excellent (>1 year)
754,Petroleum-C8-754,Linear alkanes,Alkanes,Mixed,8,114.224,935667010900.7026,8,2134665,3,0.875,0.975,1.0,0.0999999999999999,0.0,CoherenceRegime.SUBCOHERENT,27.639081767641613,0.914224,WallProximity.WARNING,True,0.2999966155396235,0.0,0.7447570440936945,0.1441523610703951,True,,Low (RON ~0-50),Excellent (>1 year)
756,Petroleum-C10-756,Linear alkanes,Alkanes,Mixed,10,142.276,838367002781.6842,10,2658953,2,0.9166666666666666,1.0,1.0,0.0833333333333333,0.0,CoherenceRegime.SUBCOHERENT,43.01464339599258,1.142276,WallProximity.CAUTION,True,0.0,0.0,0.8017320509825592,0.1633616326823045,True,,Low (RON ~0-50),Excellent (>1 year)
757,Petroleum-C11-757,Linear alkanes,Alkanes,Mixed,11,156.302,799866913217.5398,11,2921097,3,0.875,0.975,1.0,0.0999999999999999,0.0010341286632576,CoherenceRegime.SUBCOHERENT,51.97233322721061,1.256302,WallProximity.SAFE,True,0.0,0.0012115615859026,0.8128183517932119,0.1715772214320583,True,,Low (RON ~0-50),Excellent (>1 year)
758,Petroleum-C12-758,Linear alkanes,Alkanes,Mixed,12,170.328,766226162165.0073,12,3179209,2,0.9166666666666666,1.0,1.0,0.0833333333333333,0.0,CoherenceRegime.SUBCOHERENT,61.77662906979037,1.3703280000000002,WallProximity.SAFE,True,0.0,0.0,0.8125262685665692,0.1790824206711787,True,,Low (RON ~0-50),Excellent (>1 year)
759,Petroleum-C13-759,Linear alkanes,Alkanes,Mixed,13,184.354,736501638657.2075,13,3441361,2,0.9166666666666666,1.0,1.0,0.0833333333333333,0.0,CoherenceRegime.SUBCOHERENT,72.42753092373184,1.4843540000000002,WallProximity.SAFE,True,0.0,0.0,0.8014205114468184,0.1859903680223826,True,,Low (RON ~0-50),Excellent (>1 year)
760,Petroleum-C14-760,Linear alkanes,Alkanes,Mixed,14,198.38,709988079400.2195,14,3703505,2,0.9166666666666666,1.0,1.0,0.0833333333333333,0.0,CoherenceRegime.SUBCOHERENT,83.92503878903499,1.59838,WallProximity.SAFE,True,0.0,0.0,0.7803595749141533,0.1923891550645221,True,,Low (RON ~0-50),Excellent (>1 year)
761,Petroleum-C15-761,Linear alkanes,Alkanes,Mixed,15,212.406,686146116732.9568,15,3965649,3,0.875,0.975,1.0,0.0999999999999999,0.0,CoherenceRegime.SUBCOHERENT,96.26915266569986,1.712406,WallProximity.SAFE,True,0.0,0.0,0.7504537250958354,0.1983487149292778,True,,Low (RON ~0-50),Excellent (>1 year)
762,Petroleum-C16-762,Linear alkanes,Alkanes,Mixed,16,226.432,664555258312.6898,16,4227858,3,0.875,0.975,1.0,0.0999999999999999,0.0,CoherenceRegime.SUBCOHERENT,109.45987255372644,1.826432,WallProximity.SAFE,True,0.0,0.0,0.7130099647144913,0.2039254938149209,True,,Low (RON ~0-50),Excellent (>1 year)
763,Petroleum-C17-763,Linear alkanes,Alkanes,Mixed,17,240.458,644882192557.4109,17,4490002,3,0.875,0.975,1.0,0.0999999999999999,0.0007374461291984,CoherenceRegime.SUBCOHERENT,123.49719845311472,1.940458,WallProximity.SAFE,True,0.0,0.0008916945728187,0.6694688654569966,0.2091657105691608,True,,Low (RON ~0-50),Excellent (>1 year)
764,Petroleum-C18-764,Linear alkanes,Alkanes,Mixed,18,254.484,626858845913.6626,18,4748050,3,0.875,0.975,1.0,0.0999999999999999,0.0,CoherenceRegime.SUBCOHERENT,138.3811303638647,2.054484,WallProximity.SAFE,True,0.0,0.0,0.6213381120750965,0.2141076873808912,True,,Low (RON ~0-50),Excellent (>1 year)
766,Petroleum-C20-766,Linear alkanes,Alkanes,Mixed,20,282.536,594926211713.4329,20,5272410,3,0.875,0.975,1.0,0.0999999999999999,0.0,CoherenceRegime.SUBCOHERENT,170.6888122194498,2.282536,WallProximity.SAFE,True,0.0,0.0,0.5172880014063855,0.223220505626067,True,,Low (RON ~0-50),Excellent (>1 year)
767,Petroleum-C21-767,Linear alkanes,Alkanes,Mixed,21,296.562,580687194654.7695,21,5534554,2,0.9166666666666666,1.0,1.0,0.0833333333333333,0.0,CoherenceRegime.SUBCOHERENT,188.11256216428492,2.3965620000000003,WallProximity.SAFE,True,0.0,0.0,0.4641622042192316,0.2274417798721354,True,,Low (RON ~0-50),Excellent (>1 year)
769,Petroleum-C23-769,Linear alkanes,Alkanes,Mixed,23,324.61400000000003,555029896519.2572,23,6058842,3,0.875,0.975,1.0,0.0999999999999999,0.0,CoherenceRegime.SUBCOHERENT,225.49988008804036,2.624614,WallProximity.SAFE,True,0.0,0.0,0.361638421829567,0.235314631527333,True,,Low (RON ~0-50),Excellent (>1 year)
770,Petroleum-C24-770,Linear alkanes,Alkanes,Mixed,24,338.64,543414061677.224,24,6321051,3,0.875,0.975,1.0,0.0999999999999999,0.0,CoherenceRegime.SUBCOHERENT,245.46344806696047,2.73864,WallProximity.SAFE,True,0.0,0.0,0.3140694284635896,0.2389986830533596,True,,Low (RON ~0-50),Excellent (>1 year)
772,Petroleum-C26-772,Linear alkanes,Alkanes,Mixed,26,366.692,522214928026.6263,26,6845347,2,0.9166666666666666,1.0,1.0,0.0833333333333333,0.0,CoherenceRegime.SUBCOHERENT,287.93040205888616,2.966692,WallProximity.SAFE,True,0.0,0.0,0.2294018148795772,0.2459287523680874,True,,Low (RON ~0-50),Excellent (>1 year)
773,Petroleum-C27-773,Linear alkanes,Alkanes,Mixed,27,380.718,512505221974.3419,27,7107491,3,0.875,0.975,1.0,0.0999999999999999,0.0,CoherenceRegime.SUBCOHERENT,310.4337880718915,3.080718,WallProximity.SAFE,True,0.0,0.0,0.1929628696356923,0.249196898441147,True,,Low (RON ~0-50),Excellent (>1 year)
774,Petroleum-C28-774,Linear alkanes,Alkanes,Mixed,28,394.744,503317732291.2979,28,7369699,3,0.875,0.975,1.0,0.0999999999999999,0.0,CoherenceRegime.SUBCOHERENT,333.7837800962586,3.1947440000000005,WallProximity.SAFE,True,0.0,0.0,0.1606118242057447,0.2523465228730758,True,,Low (RON ~0-50),Excellent (>1 year)
776,Petroleum-C30-776,Linear alkanes,Alkanes,Mixed,30,422.796,486333924479.0623,30,7889891,3,0.875,0.975,1.0,0.0999999999999999,0.0,CoherenceRegime.SUBCOHERENT,383.0235821790778,3.422796,WallProximity.SAFE,True,0.0,0.0,0.1078322009129451,0.2583225513642143,True,,Low (RON ~0-50),Excellent (>1 year)
780,Petroleum-C34-780,Linear alkanes,Alkanes,Mixed,34,478.9,456959364182.06506,34,8937964,3,0.875,0.975,1.0,0.0999999999999999,0.0,CoherenceRegime.SUBCOHERENT,491.6624584810569,3.8789,WallProximity.SAFE,True,0.0,0.0,0.0429157825515955,0.2691667048442769,True,,Low (RON ~0-50),Excellent (>1 year)
783,Petroleum-C7-783,Linear alkanes,Alkanes,Mixed,7,100.198,999011467728.4476,7,1872456,3,0.875,0.975,1.0,0.0999999999999999,0.0,CoherenceRegime.SUBCOHERENT,21.221209970508696,0.8001980000000001,WallProximity.CRITICAL,True,0.6284659179406685,0.0,0.6993073420184516,0.1326770142455715,True,,Low (RON ~0-50),Excellent (>1 year)
784,Petroleum-C8-784,Linear alkanes,Alkanes,Mixed,8,114.224,935667010900.7026,8,2134665,3,0.875,0.975,1.0,0.0999999999999999,0.0,CoherenceRegime.SUBCOHERENT,27.639081767641613,0.914224,WallProximity.WARNING,True,0.2999966155396235,0.0,0.7447570440936945,0.1441523610703951,True,,Low (RON ~0-50),Excellent (>1 year)
786,Petroleum-C10-786,Linear alkanes,Alkanes,Mixed,10,142.276,838367002781.6842,10,2658953,2,0.9166666666666666,1.0,1.0,0.0833333333333333,0.0,CoherenceRegime.SUBCOHERENT,43.01464339599258,1.142276,WallProximity.CAUTION,True,0.0,0.0,0.8017320509825592,0.1633616326823045,True,,Low (RON ~0-50),Excellent (>1 year)
787,Petroleum-C11-787,Linear alkanes,Alkanes,Mixed,11,156.302,799866913217.5398,11,2921097,3,0.875,0.975,1.0,0.0999999999999999,0.0010341286632576,CoherenceRegime.SUBCOHERENT,51.97233322721061,1.256302,WallProximity.SAFE,True,0.0,0.0012115615859026,0.8128183517932119,0.1715772214320583,True,,Low (RON ~0-50),Excellent (>1 year)
788,Petroleum-C12-788,Linear alkanes,Alkanes,Mixed,12,170.328,766226162165.0073,12,3179209,2,0.9166666666666666,1.0,1.0,0.0833333333333333,0.0,CoherenceRegime.SUBCOHERENT,61.77662906979037,1.3703280000000002,WallProximity.SAFE,True,0.0,0.0,0.8125262685665692,0.1790824206711787,True,,Low (RON ~0-50),Excellent (>1 year)
789,Petroleum-C13-789,Linear alkanes,Alkanes,Mixed,13,184.354,736501638657.2075,13,3441361,2,0.9166666666666666,1.0,1.0,0.0833333333333333,0.0,CoherenceRegime.SUBCOHERENT,72.42753092373184,1.4843540000000002,WallProximity.SAFE,True,0.0,0.0,0.8014205114468184,0.1859903680223826,True,,Low (RON ~0-50),Excellent (>1 year)
790,Petroleum-C14-790,Linear alkanes,Alkanes,Mixed,14,198.38,709988079400.2195,14,3703505,2,0.9166666666666666,1.0,1.0,0.0833333333333333,0.0,CoherenceRegime.SUBCOHERENT,83.92503878903499,1.59838,WallProximity.SAFE,True,0.0,0.0,0.7803595749141533,0.1923891550645221,True,,Low (RON ~0-50),Excellent (>1 year)
791,Petroleum-C15-791,Linear alkanes,Alkanes,Mixed,15,212.406,686146116732.9568,15,3965649,3,0.875,0.975,1.0,0.0999999999999999,0.0,CoherenceRegime.SUBCOHERENT,96.26915266569986,1.712406,WallProximity.SAFE,True,0.0,0.0,0.7504537250958354,0.1983487149292778,True,,Low (RON ~0-50),Excellent (>1 year)
792,Petroleum-C16-792,Linear alkanes,Alkanes,Mixed,16,226.432,664555258312.6898,16,4227858,3,0.875,0.975,1.0,0.0999999999999999,0.0,CoherenceRegime.SUBCOHERENT,109.45987255372644,1.826432,WallProximity.SAFE,True,0.0,0.0,0.7130099647144913,0.2039254938149209,True,,Low (RON ~0-50),Excellent (>1 year)
793,Petroleum-C17-793,Linear alkanes,Alkanes,Mixed,17,240.458,644882192557.4109,17,4490002,3,0.875,0.975,1.0,0.0999999999999999,0.0007374461291984,CoherenceRegime.SUBCOHERENT,123.49719845311472,1.940458,WallProximity.SAFE,True,0.0,0.0008916945728187,0.6694688654569966,0.2091657105691608,True,,Low (RON ~0-50),Excellent (>1 year)
794,Petroleum-C18-794,Linear alkanes,Alkanes,Mixed,18,254.484,626858845913.6626,18,4748050,3,0.875,0.975,1.0,0.0999999999999999,0.0,CoherenceRegime.SUBCOHERENT,138.3811303638647,2.054484,WallProximity.SAFE,True,0.0,0.0,0.6213381120750965,0.2141076873808912,True,,Low (RON ~0-50),Excellent (>1 year)
796,Petroleum-C20-796,Linear alkanes,Alkanes,Mixed,20,282.536,594926211713.4329,20,5272410,3,0.875,0.975,1.0,0.0999999999999999,0.0,CoherenceRegime.SUBCOHERENT,170.6888122194498,2.282536,WallProximity.SAFE,True,0.0,0.0,0.5172880014063855,0.223220505626067,True,,Low (RON ~0-50),Excellent (>1 year)
797,Petroleum-C21-797,Linear alkanes,Alkanes,Mixed,21,296.562,580687194654.7695,21,5534554,2,0.9166666666666666,1.0,1.0,0.0833333333333333,0.0,CoherenceRegime.SUBCOHERENT,188.11256216428492,2.3965620000000003,WallProximity.SAFE,True,0.0,0.0,0.4641622042192316,0.2274417798721354,True,,Low (RON ~0-50),Excellent (>1 year)
799,Petroleum-C23-799,Linear alkanes,Alkanes,Mixed,23,324.61400000000003,555029896519.2572,23,6058842,3,0.875,0.975,1.0,0.0999999999999999,0.0,CoherenceRegime.SUBCOHERENT,225.49988008804036,2.624614,WallProximity.SAFE,True,0.0,0.0,0.361638421829567,0.235314631527333,True,,Low (RON ~0-50),Excellent (>1 year)
800,Petroleum-C24-800,Linear alkanes,Alkanes,Mixed,24,338.64,543414061677.224,24,6321051,3,0.875,0.975,1.0,0.0999999999999999,0.0,CoherenceRegime.SUBCOHERENT,245.46344806696047,2.73864,WallProximity.SAFE,True,0.0,0.0,0.3140694284635896,0.2389986830533596,True,,Low (RON ~0-50),Excellent (>1 year)
802,Petroleum-C26-802,Linear alkanes,Alkanes,Mixed,26,366.692,522214928026.6263,26,6845347,2,0.9166666666666666,1.0,1.0,0.0833333333333333,0.0,CoherenceRegime.SUBCOHERENT,287.93040205888616,2.966692,WallProximity.SAFE,True,0.0,0.0,0.2294018148795772,0.2459287523680874,True,,Low (RON ~0-50),Excellent (>1 year)
803,Petroleum-C27-803,Linear alkanes,Alkanes,Mixed,27,380.718,512505221974.3419,27,7107491,3,0.875,0.975,1.0,0.0999999999999999,0.0,CoherenceRegime.SUBCOHERENT,310.4337880718915,3.080718,WallProximity.SAFE,True,0.0,0.0,0.1929628696356923,0.249196898441147,True,,Low (RON ~0-50),Excellent (>1 year)
804,Petroleum-C28-804,Linear alkanes,Alkanes,Mixed,28,394.744,503317732291.2979,28,7369699,3,0.875,0.975,1.0,0.0999999999999999,0.0,CoherenceRegime.SUBCOHERENT,333.7837800962586,3.1947440000000005,WallProximity.SAFE,True,0.0,0.0,0.1606118242057447,0.2523465228730758,True,,Low (RON ~0-50),Excellent (>1 year)
806,Petroleum-C30-806,Linear alkanes,Alkanes,Mixed,30,422.796,486333924479.0623,30,7889891,3,0.875,0.975,1.0,0.0999999999999999,0.0,CoherenceRegime.SUBCOHERENT,383.0235821790778,3.422796,WallProximity.SAFE,True,0.0,0.0,0.1078322009129451,0.2583225513642143,True,,Low (RON ~0-50),Excellent (>1 year)
810,Petroleum-C34-810,Linear alkanes,Alkanes,Mixed,34,478.9,456959364182.06506,34,8937964,3,0.875,0.975,1.0,0.0999999999999999,0.0,CoherenceRegime.SUBCOHERENT,491.6624584810569,3.8789,WallProximity.SAFE,True,0.0,0.0,0.0429157825515955,0.2691667048442769,True,,Low (RON ~0-50),Excellent (>1 year)
813,Petroleum-C7-813,Linear alkanes,Alkanes,Mixed,7,100.198,999011467728.4476,7,1872456,3,0.875,0.975,1.0,0.0999999999999999,0.0,CoherenceRegime.SUBCOHERENT,21.221209970508696,0.8001980000000001,WallProximity.CRITICAL,True,0.6284659179406685,0.0,0.6993073420184516,0.1326770142455715,True,,Low (RON ~0-50),Excellent (>1 year)
814,Petroleum-C8-814,Linear alkanes,Alkanes,Mixed,8,114.224,935667010900.7026,8,2134665,3,0.875,0.975,1.0,0.0999999999999999,0.0,CoherenceRegime.SUBCOHERENT,27.639081767641613,0.914224,WallProximity.WARNING,True,0.2999966155396235,0.0,0.7447570440936945,0.1441523610703951,True,,Low (RON ~0-50),Excellent (>1 year)
816,Petroleum-C10-816,Linear alkanes,Alkanes,Mixed,10,142.276,838367002781.6842,10,2658953,2,0.9166666666666666,1.0,1.0,0.0833333333333333,0.0,CoherenceRegime.SUBCOHERENT,43.01464339599258,1.142276,WallProximity.CAUTION,True,0.0,0.0,0.8017320509825592,0.1633616326823045,True,,Low (RON ~0-50),Excellent (>1 year)
817,Petroleum-C11-817,Linear alkanes,Alkanes,Mixed,11,156.302,799866913217.5398,11,2921097,3,0.875,0.975,1.0,0.0999999999999999,0.0010341286632576,CoherenceRegime.SUBCOHERENT,51.97233322721061,1.256302,WallProximity.SAFE,True,0.0,0.0012115615859026,0.8128183517932119,0.1715772214320583,True,,Low (RON ~0-50),Excellent (>1 year)
818,Petroleum-C12-818,Linear alkanes,Alkanes,Mixed,12,170.328,766226162165.0073,12,3179209,2,0.9166666666666666,1.0,1.0,0.0833333333333333,0.0,CoherenceRegime.SUBCOHERENT,61.77662906979037,1.3703280000000002,WallProximity.SAFE,True,0.0,0.0,0.8125262685665692,0.1790824206711787,True,,Low (RON ~0-50),Excellent (>1 year)
819,Petroleum-C13-819,Linear alkanes,Alkanes,Mixed,13,184.354,736501638657.2075,13,3441361,2,0.9166666666666666,1.0,1.0,0.0833333333333333,0.0,CoherenceRegime.SUBCOHERENT,72.42753092373184,1.4843540000000002,WallProximity.SAFE,True,0.0,0.0,0.8014205114468184,0.1859903680223826,True,,Low (RON ~0-50),Excellent (>1 year)
820,Petroleum-C14-820,Linear alkanes,Alkanes,Mixed,14,198.38,709988079400.2195,14,3703505,2,0.9166666666666666,1.0,1.0,0.0833333333333333,0.0,CoherenceRegime.SUBCOHERENT,83.92503878903499,1.59838,WallProximity.SAFE,True,0.0,0.0,0.7803595749141533,0.1923891550645221,True,,Low (RON ~0-50),Excellent (>1 year)
821,Petroleum-C15-821,Linear alkanes,Alkanes,Mixed,15,212.406,686146116732.9568,15,3965649,3,0.875,0.975,1.0,0.0999999999999999,0.0,CoherenceRegime.SUBCOHERENT,96.26915266569986,1.712406,WallProximity.SAFE,True,0.0,0.0,0.7504537250958354,0.1983487149292778,True,,Low (RON ~0-50),Excellent (>1 year)
822,Petroleum-C16-822,Linear alkanes,Alkanes,Mixed,16,226.432,664555258312.6898,16,4227858,3,0.875,0.975,1.0,0.0999999999999999,0.0,CoherenceRegime.SUBCOHERENT,109.45987255372644,1.826432,WallProximity.SAFE,True,0.0,0.0,0.7130099647144913,0.2039254938149209,True,,Low (RON ~0-50),Excellent (>1 year)
823,Petroleum-C17-823,Linear alkanes,Alkanes,Mixed,17,240.458,644882192557.4109,17,4490002,3,0.875,0.975,1.0,0.0999999999999999,0.0007374461291984,CoherenceRegime.SUBCOHERENT,123.49719845311472,1.940458,WallProximity.SAFE,True,0.0,0.0008916945728187,0.6694688654569966,0.2091657105691608,True,,Low (RON ~0-50),Excellent (>1 year)
824,Petroleum-C18-824,Linear alkanes,Alkanes,Mixed,18,254.484,626858845913.6626,18,4748050,3,0.875,0.975,1.0,0.0999999999999999,0.0,CoherenceRegime.SUBCOHERENT,138.3811303638647,2.054484,WallProximity.SAFE,True,0.0,0.0,0.6213381120750965,0.2141076873808912,True,,Low (RON ~0-50),Excellent (>1 year)
826,Petroleum-C20-826,Linear alkanes,Alkanes,Mixed,20,282.536,594926211713.4329,20,5272410,3,0.875,0.975,1.0,0.0999999999999999,0.0,CoherenceRegime.SUBCOHERENT,170.6888122194498,2.282536,WallProximity.SAFE,True,0.0,0.0,0.5172880014063855,0.223220505626067,True,,Low (RON ~0-50),Excellent (>1 year)
827,Petroleum-C21-827,Linear alkanes,Alkanes,Mixed,21,296.562,580687194654.7695,21,5534554,2,0.9166666666666666,1.0,1.0,0.0833333333333333,0.0,CoherenceRegime.SUBCOHERENT,188.11256216428492,2.3965620000000003,WallProximity.SAFE,True,0.0,0.0,0.4641622042192316,0.2274417798721354,True,,Low (RON ~0-50),Excellent (>1 year)
829,Petroleum-C23-829,Linear alkanes,Alkanes,Mixed,23,324.61400000000003,555029896519.2572,23,6058842,3,0.875,0.975,1.0,0.0999999999999999,0.0,CoherenceRegime.SUBCOHERENT,225.49988008804036,2.624614,WallProximity.SAFE,True,0.0,0.0,0.361638421829567,0.235314631527333,True,,Low (RON ~0-50),Excellent (>1 year)
830,Petroleum-C24-830,Linear alkanes,Alkanes,Mixed,24,338.64,543414061677.224,24,6321051,3,0.875,0.975,1.0,0.0999999999999999,0.0,CoherenceRegime.SUBCOHERENT,245.46344806696047,2.73864,WallProximity.SAFE,True,0.0,0.0,0.3140694284635896,0.2389986830533596,True,,Low (RON ~0-50),Excellent (>1 year)
832,Petroleum-C26-832,Linear alkanes,Alkanes,Mixed,26,366.692,522214928026.6263,26,6845347,2,0.9166666666666666,1.0,1.0,0.0833333333333333,0.0,CoherenceRegime.SUBCOHERENT,287.93040205888616,2.966692,WallProximity.SAFE,True,0.0,0.0,0.2294018148795772,0.2459287523680874,True,,Low (RON ~0-50),Excellent (>1 year)
833,Petroleum-C27-833,Linear alkanes,Alkanes,Mixed,27,380.718,512505221974.3419,27,7107491,3,0.875,0.975,1.0,0.0999999999999999,0.0,CoherenceRegime.SUBCOHERENT,310.4337880718915,3.080718,WallProximity.SAFE,True,0.0,0.0,0.1929628696356923,0.249196898441147,True,,Low (RON ~0-50),Excellent (>1 year)
834,Petroleum-C28-834,Linear alkanes,Alkanes,Mixed,28,394.744,503317732291.2979,28,7369699,3,0.875,0.975,1.0,0.0999999999999999,0.0,CoherenceRegime.SUBCOHERENT,333.7837800962586,3.1947440000000005,WallProximity.SAFE,True,0.0,0.0,0.1606118242057447,0.2523465228730758,True,,Low (RON ~0-50),Excellent (>1 year)
836,Petroleum-C30-836,Linear alkanes,Alkanes,Mixed,30,422.796,486333924479.0623,30,7889891,3,0.875,0.975,1.0,0.0999999999999999,0.0,CoherenceRegime.SUBCOHERENT,383.0235821790778,3.422796,WallProximity.SAFE,True,0.0,0.0,0.1078322009129451,0.2583225513642143,True,,Low (RON ~0-50),Excellent (>1 year)
840,Petroleum-C34-840,Linear alkanes,Alkanes,Mixed,34,478.9,456959364182.06506,34,8937964,3,0.875,0.975,1.0,0.0999999999999999,0.0,CoherenceRegime.SUBCOHERENT,491.6624584810569,3.8789,WallProximity.SAFE,True,0.0,0.0,0.0429157825515955,0.2691667048442769,True,,Low (RON ~0-50),Excellent (>1 year)
843,Petroleum-C7-843,Linear alkanes,Alkanes,Mixed,7,100.198,999011467728.4476,7,1872456,3,0.875,0.975,1.0,0.0999999999999999,0.0,CoherenceRegime.SUBCOHERENT,21.221209970508696,0.8001980000000001,WallProximity.CRITICAL,True,0.6284659179406685,0.0,0.6993073420184516,0.1326770142455715,True,,Low (RON ~0-50),Excellent (>1 year)
844,Petroleum-C8-844,Linear alkanes,Alkanes,Mixed,8,114.224,935667010900.7026,8,2134665,3,0.875,0.975,1.0,0.0999999999999999,0.0,CoherenceRegime.SUBCOHERENT,27.639081767641613,0.914224,WallProximity.WARNING,True,0.2999966155396235,0.0,0.7447570440936945,0.1441523610703951,True,,Low (RON ~0-50),Excellent (>1 year)
846,Petroleum-C10-846,Linear alkanes,Alkanes,Mixed,10,142.276,838367002781.6842,10,2658953,2,0.9166666666666666,1.0,1.0,0.0833333333333333,0.0,CoherenceRegime.SUBCOHERENT,43.01464339599258,1.142276,WallProximity.CAUTION,True,0.0,0.0,0.8017320509825592,0.1633616326823045,True,,Low (RON ~0-50),Excellent (>1 year)
847,Petroleum-C11-847,Linear alkanes,Alkanes,Mixed,11,156.302,799866913217.5398,11,2921097,3,0.875,0.975,1.0,0.0999999999999999,0.0010341286632576,CoherenceRegime.SUBCOHERENT,51.97233322721061,1.256302,WallProximity.SAFE,True,0.0,0.0012115615859026,0.8128183517932119,0.1715772214320583,True,,Low (RON ~0-50),Excellent (>1 year)
848,Petroleum-C12-848,Linear alkanes,Alkanes,Mixed,12,170.328,766226162165.0073,12,3179209,2,0.9166666666666666,1.0,1.0,0.0833333333333333,0.0,CoherenceRegime.SUBCOHERENT,61.77662906979037,1.3703280000000002,WallProximity.SAFE,True,0.0,0.0,0.8125262685665692,0.1790824206711787,True,,Low (RON ~0-50),Excellent (>1 year)
849,Petroleum-C13-849,Linear alkanes,Alkanes,Mixed,13,184.354,736501638657.2075,13,3441361,2,0.9166666666666666,1.0,1.0,0.0833333333333333,0.0,CoherenceRegime.SUBCOHERENT,72.42753092373184,1.4843540000000002,WallProximity.SAFE,True,0.0,0.0,0.8014205114468184,0.1859903680223826,True,,Low (RON ~0-50),Excellent (>1 year)
850,Petroleum-C14-850,Linear alkanes,Alkanes,Mixed,14,198.38,709988079400.2195,14,3703505,2,0.9166666666666666,1.0,1.0,0.0833333333333333,0.0,CoherenceRegime.SUBCOHERENT,83.92503878903499,1.59838,WallProximity.SAFE,True,0.0,0.0,0.7803595749141533,0.1923891550645221,True,,Low (RON ~0-50),Excellent (>1 year)
851,Petroleum-C15-851,Linear alkanes,Alkanes,Mixed,15,212.406,686146116732.9568,15,3965649,3,0.875,0.975,1.0,0.0999999999999999,0.0,CoherenceRegime.SUBCOHERENT,96.26915266569986,1.712406,WallProximity.SAFE,True,0.0,0.0,0.7504537250958354,0.1983487149292778,True,,Low (RON ~0-50),Excellent (>1 year)
852,Petroleum-C16-852,Linear alkanes,Alkanes,Mixed,16,226.432,664555258312.6898,16,4227858,3,0.875,0.975,1.0,0.0999999999999999,0.0,CoherenceRegime.SUBCOHERENT,109.45987255372644,1.826432,WallProximity.SAFE,True,0.0,0.0,0.7130099647144913,0.2039254938149209,True,,Low (RON ~0-50),Excellent (>1 year)
853,Petroleum-C17-853,Linear alkanes,Alkanes,Mixed,17,240.458,644882192557.4109,17,4490002,3,0.875,0.975,1.0,0.0999999999999999,0.0007374461291984,CoherenceRegime.SUBCOHERENT,123.49719845311472,1.940458,WallProximity.SAFE,True,0.0,0.0008916945728187,0.6694688654569966,0.2091657105691608,True,,Low (RON ~0-50),Excellent (>1 year)
854,Petroleum-C18-854,Linear alkanes,Alkanes,Mixed,18,254.484,626858845913.6626,18,4748050,3,0.875,0.975,1.0,0.0999999999999999,0.0,CoherenceRegime.SUBCOHERENT,138.3811303638647,2.054484,WallProximity.SAFE,True,0.0,0.0,0.6213381120750965,0.2141076873808912,True,,Low (RON ~0-50),Excellent (>1 year)
856,Petroleum-C20-856,Linear alkanes,Alkanes,Mixed,20,282.536,594926211713.4329,20,5272410,3,0.875,0.975,1.0,0.0999999999999999,0.0,CoherenceRegime.SUBCOHERENT,170.6888122194498,2.282536,WallProximity.SAFE,True,0.0,0.0,0.5172880014063855,0.223220505626067,True,,Low (RON ~0-50),Excellent (>1 year)
857,Petroleum-C21-857,Linear alkanes,Alkanes,Mixed,21,296.562,580687194654.7695,21,5534554,2,0.9166666666666666,1.0,1.0,0.0833333333333333,0.0,CoherenceRegime.SUBCOHERENT,188.11256216428492,2.3965620000000003,WallProximity.SAFE,True,0.0,0.0,0.4641622042192316,0.2274417798721354,True,,Low (RON ~0-50),Excellent (>1 year)
859,Petroleum-C23-859,Linear alkanes,Alkanes,Mixed,23,324.61400000000003,555029896519.2572,23,6058842,3,0.875,0.975,1.0,0.0999999999999999,0.0,CoherenceRegime.SUBCOHERENT,225.49988008804036,2.624614,WallProximity.SAFE,True,0.0,0.0,0.361638421829567,0.235314631527333,True,,Low (RON ~0-50),Excellent (>1 year)
860,Petroleum-C24-860,Linear alkanes,Alkanes,Mixed,24,338.64,543414061677.224,24,6321051,3,0.875,0.975,1.0,0.0999999999999999,0.0,CoherenceRegime.SUBCOHERENT,245.46344806696047,2.73864,WallProximity.SAFE,True,0.0,0.0,0.3140694284635896,0.2389986830533596,True,,Low (RON ~0-50),Excellent (>1 year)
862,Petroleum-C26-862,Linear alkanes,Alkanes,Mixed,26,366.692,522214928026.6263,26,6845347,2,0.9166666666666666,1.0,1.0,0.0833333333333333,0.0,CoherenceRegime.SUBCOHERENT,287.93040205888616,2.966692,WallProximity.SAFE,True,0.0,0.0,0.2294018148795772,0.2459287523680874,True,,Low (RON ~0-50),Excellent (>1 year)
863,Petroleum-C27-863,Linear alkanes,Alkanes,Mixed,27,380.718,512505221974.3419,27,7107491,3,0.875,0.975,1.0,0.0999999999999999,0.0,CoherenceRegime.SUBCOHERENT,310.4337880718915,3.080718,WallProximity.SAFE,True,0.0,0.0,0.1929628696356923,0.249196898441147,True,,Low (RON ~0-50),Excellent (>1 year)
864,Petroleum-C28-864,Linear alkanes,Alkanes,Mixed,28,394.744,503317732291.2979,28,7369699,3,0.875,0.975,1.0,0.0999999999999999,0.0,CoherenceRegime.SUBCOHERENT,333.7837800962586,3.1947440000000005,WallProximity.SAFE,True,0.0,0.0,0.1606118242057447,0.2523465228730758,True,,Low (RON ~0-50),Excellent (>1 year)
866,Petroleum-C30-866,Linear alkanes,Alkanes,Mixed,30,422.796,486333924479.0623,30,7889891,3,0.875,0.975,1.0,0.0999999999999999,0.0,CoherenceRegime.SUBCOHERENT,383.0235821790778,3.422796,WallProximity.SAFE,True,0.0,0.0,0.1078322009129451,0.2583225513642143,True,,Low (RON ~0-50),Excellent (>1 year)
870,Petroleum-C34-870,Linear alkanes,Alkanes,Mixed,34,478.9,456959364182.06506,34,8937964,3,0.875,0.975,1.0,0.0999999999999999,0.0,CoherenceRegime.SUBCOHERENT,491.6624584810569,3.8789,WallProximity.SAFE,True,0.0,0.0,0.0429157825515955,0.2691667048442769,True,,Low (RON ~0-50),Excellent (>1 year)
873,Petroleum-C7-873,Linear alkanes,Alkanes,Mixed,7,100.198,999011467728.4476,7,1872456,3,0.875,0.975,1.0,0.0999999999999999,0.0,CoherenceRegime.SUBCOHERENT,21.221209970508696,0.8001980000000001,WallProximity.CRITICAL,True,0.6284659179406685,0.0,0.6993073420184516,0.1326770142455715,True,,Low (RON ~0-50),Excellent (>1 year)
874,Petroleum-C8-874,Linear alkanes,Alkanes,Mixed,8,114.224,935667010900.7026,8,2134665,3,0.875,0.975,1.0,0.0999999999999999,0.0,CoherenceRegime.SUBCOHERENT,27.639081767641613,0.914224,WallProximity.WARNING,True,0.2999966155396235,0.0,0.7447570440936945,0.1441523610703951,True,,Low (RON ~0-50),Excellent (>1 year)
876,Petroleum-C10-876,Linear alkanes,Alkanes,Mixed,10,142.276,838367002781.6842,10,2658953,2,0.9166666666666666,1.0,1.0,0.0833333333333333,0.0,CoherenceRegime.SUBCOHERENT,43.01464339599258,1.142276,WallProximity.CAUTION,True,0.0,0.0,0.8017320509825592,0.1633616326823045,True,,Low (RON ~0-50),Excellent (>1 year)
877,Petroleum-C11-877,Linear alkanes,Alkanes,Mixed,11,156.302,799866913217.5398,11,2921097,3,0.875,0.975,1.0,0.0999999999999999,0.0010341286632576,CoherenceRegime.SUBCOHERENT,51.97233322721061,1.256302,WallProximity.SAFE,True,0.0,0.0012115615859026,0.8128183517932119,0.1715772214320583,True,,Low (RON ~0-50),Excellent (>1 year)
878,Petroleum-C12-878,Linear alkanes,Alkanes,Mixed,12,170.328,766226162165.0073,12,3179209,2,0.9166666666666666,1.0,1.0,0.0833333333333333,0.0,CoherenceRegime.SUBCOHERENT,61.77662906979037,1.3703280000000002,WallProximity.SAFE,True,0.0,0.0,0.8125262685665692,0.1790824206711787,True,,Low (RON ~0-50),Excellent (>1 year)
879,Petroleum-C13-879,Linear alkanes,Alkanes,Mixed,13,184.354,736501638657.2075,13,3441361,2,0.9166666666666666,1.0,1.0,0.0833333333333333,0.0,CoherenceRegime.SUBCOHERENT,72.42753092373184,1.4843540000000002,WallProximity.SAFE,True,0.0,0.0,0.8014205114468184,0.1859903680223826,True,,Low (RON ~0-50),Excellent (>1 year)
880,Petroleum-C14-880,Linear alkanes,Alkanes,Mixed,14,198.38,709988079400.2195,14,3703505,2,0.9166666666666666,1.0,1.0,0.0833333333333333,0.0,CoherenceRegime.SUBCOHERENT,83.92503878903499,1.59838,WallProximity.SAFE,True,0.0,0.0,0.7803595749141533,0.1923891550645221,True,,Low (RON ~0-50),Excellent (>1 year)
881,Petroleum-C15-881,Linear alkanes,Alkanes,Mixed,15,212.406,686146116732.9568,15,3965649,3,0.875,0.975,1.0,0.0999999999999999,0.0,CoherenceRegime.SUBCOHERENT,96.26915266569986,1.712406,WallProximity.SAFE,True,0.0,0.0,0.7504537250958354,0.1983487149292778,True,,Low (RON ~0-50),Excellent (>1 year)
882,Petroleum-C16-882,Linear alkanes,Alkanes,Mixed,16,226.432,664555258312.6898,16,4227858,3,0.875,0.975,1.0,0.0999999999999999,0.0,CoherenceRegime.SUBCOHERENT,109.45987255372644,1.826432,WallProximity.SAFE,True,0.0,0.0,0.7130099647144913,0.2039254938149209,True,,Low (RON ~0-50),Excellent (>1 year)
883,Petroleum-C17-883,Linear alkanes,Alkanes,Mixed,17,240.458,644882192557.4109,17,4490002,3,0.875,0.975,1.0,0.0999999999999999,0.0007374461291984,CoherenceRegime.SUBCOHERENT,123.49719845311472,1.940458,WallProximity.SAFE,True,0.0,0.0008916945728187,0.6694688654569966,0.2091657105691608,True,,Low (RON ~0-50),Excellent (>1 year)
884,Petroleum-C18-884,Linear alkanes,Alkanes,Mixed,18,254.484,626858845913.6626,18,4748050,3,0.875,0.975,1.0,0.0999999999999999,0.0,CoherenceRegime.SUBCOHERENT,138.3811303638647,2.054484,WallProximity.SAFE,True,0.0,0.0,0.6213381120750965,0.2141076873808912,True,,Low (RON ~0-50),Excellent (>1 year)
886,Petroleum-C20-886,Linear alkanes,Alkanes,Mixed,20,282.536,594926211713.4329,20,5272410,3,0.875,0.975,1.0,0.0999999999999999,0.0,CoherenceRegime.SUBCOHERENT,170.6888122194498,2.282536,WallProximity.SAFE,True,0.0,0.0,0.5172880014063855,0.223220505626067,True,,Low (RON ~0-50),Excellent (>1 year)
887,Petroleum-C21-887,Linear alkanes,Alkanes,Mixed,21,296.562,580687194654.7695,21,5534554,2,0.9166666666666666,1.0,1.0,0.0833333333333333,0.0,CoherenceRegime.SUBCOHERENT,188.11256216428492,2.3965620000000003,WallProximity.SAFE,True,0.0,0.0,0.4641622042192316,0.2274417798721354,True,,Low (RON ~0-50),Excellent (>1 year)
889,Petroleum-C23-889,Linear alkanes,Alkanes,Mixed,23,324.61400000000003,555029896519.2572,23,6058842,3,0.875,0.975,1.0,0.0999999999999999,0.0,CoherenceRegime.SUBCOHERENT,225.49988008804036,2.624614,WallProximity.SAFE,True,0.0,0.0,0.361638421829567,0.235314631527333,True,,Low (RON ~0-50),Excellent (>1 year)
890,Petroleum-C24-890,Linear alkanes,Alkanes,Mixed,24,338.64,543414061677.224,24,6321051,3,0.875,0.975,1.0,0.0999999999999999,0.0,CoherenceRegime.SUBCOHERENT,245.46344806696047,2.73864,WallProximity.SAFE,True,0.0,0.0,0.3140694284635896,0.2389986830533596,True,,Low (RON ~0-50),Excellent (>1 year)
892,Petroleum-C26-892,Linear alkanes,Alkanes,Mixed,26,366.692,522214928026.6263,26,6845347,2,0.9166666666666666,1.0,1.0,0.0833333333333333,0.0,CoherenceRegime.SUBCOHERENT,287.93040205888616,2.966692,WallProximity.SAFE,True,0.0,0.0,0.2294018148795772,0.2459287523680874,True,,Low (RON ~0-50),Excellent (>1 year)
893,Petroleum-C27-893,Linear alkanes,Alkanes,Mixed,27,380.718,512505221974.3419,27,7107491,3,0.875,0.975,1.0,0.0999999999999999,0.0,CoherenceRegime.SUBCOHERENT,310.4337880718915,3.080718,WallProximity.SAFE,True,0.0,0.0,0.1929628696356923,0.249196898441147,True,,Low (RON ~0-50),Excellent (>1 year)
894,Petroleum-C28-894,Linear alkanes,Alkanes,Mixed,28,394.744,503317732291.2979,28,7369699,3,0.875,0.975,1.0,0.0999999999999999,0.0,CoherenceRegime.SUBCOHERENT,333.7837800962586,3.1947440000000005,WallProximity.SAFE,True,0.0,0.0,0.1606118242057447,0.2523465228730758,True,,Low (RON ~0-50),Excellent (>1 year)
896,Petroleum-C30-896,Linear alkanes,Alkanes,Mixed,30,422.796,486333924479.0623,30,7889891,3,0.875,0.975,1.0,0.0999999999999999,0.0,CoherenceRegime.SUBCOHERENT,383.0235821790778,3.422796,WallProximity.SAFE,True,0.0,0.0,0.1078322009129451,0.2583225513642143,True,,Low (RON ~0-50),Excellent (>1 year)
900,Petroleum-C34-900,Linear alkanes,Alkanes,Mixed,34,478.9,456959364182.06506,34,8937964,3,0.875,0.975,1.0,0.0999999999999999,0.0,CoherenceRegime.SUBCOHERENT,491.6624584810569,3.8789,WallProximity.SAFE,True,0.0,0.0,0.0429157825515955,0.2691667048442769,True,,Low (RON ~0-50),Excellent (>1 year)
903,Petroleum-C7-903,Linear alkanes,Alkanes,Mixed,7,100.198,999011467728.4476,7,1872456,3,0.875,0.975,1.0,0.0999999999999999,0.0,CoherenceRegime.SUBCOHERENT,21.221209970508696,0.8001980000000001,WallProximity.CRITICAL,True,0.6284659179406685,0.0,0.6993073420184516,0.1326770142455715,True,,Low (RON ~0-50),Excellent (>1 year)
904,Petroleum-C8-904,Linear alkanes,Alkanes,Mixed,8,114.224,935667010900.7026,8,2134665,3,0.875,0.975,1.0,0.0999999999999999,0.0,CoherenceRegime.SUBCOHERENT,27.639081767641613,0.914224,WallProximity.WARNING,True,0.2999966155396235,0.0,0.7447570440936945,0.1441523610703951,True,,Low (RON ~0-50),Excellent (>1 year)
906,Petroleum-C10-906,Linear alkanes,Alkanes,Mixed,10,142.276,838367002781.6842,10,2658953,2,0.9166666666666666,1.0,1.0,0.0833333333333333,0.0,CoherenceRegime.SUBCOHERENT,43.01464339599258,1.142276,WallProximity.CAUTION,True,0.0,0.0,0.8017320509825592,0.1633616326823045,True,,Low (RON ~0-50),Excellent (>1 year)
907,Petroleum-C11-907,Linear alkanes,Alkanes,Mixed,11,156.302,799866913217.5398,11,2921097,3,0.875,0.975,1.0,0.0999999999999999,0.0010341286632576,CoherenceRegime.SUBCOHERENT,51.97233322721061,1.256302,WallProximity.SAFE,True,0.0,0.0012115615859026,0.8128183517932119,0.1715772214320583,True,,Low (RON ~0-50),Excellent (>1 year)
908,Petroleum-C12-908,Linear alkanes,Alkanes,Mixed,12,170.328,766226162165.0073,12,3179209,2,0.9166666666666666,1.0,1.0,0.0833333333333333,0.0,CoherenceRegime.SUBCOHERENT,61.77662906979037,1.3703280000000002,WallProximity.SAFE,True,0.0,0.0,0.8125262685665692,0.1790824206711787,True,,Low (RON ~0-50),Excellent (>1 year)
909,Petroleum-C13-909,Linear alkanes,Alkanes,Mixed,13,184.354,736501638657.2075,13,3441361,2,0.9166666666666666,1.0,1.0,0.0833333333333333,0.0,CoherenceRegime.SUBCOHERENT,72.42753092373184,1.4843540000000002,WallProximity.SAFE,True,0.0,0.0,0.8014205114468184,0.1859903680223826,True,,Low (RON ~0-50),Excellent (>1 year)
910,Petroleum-C14-910,Linear alkanes,Alkanes,Mixed,14,198.38,709988079400.2195,14,3703505,2,0.9166666666666666,1.0,1.0,0.0833333333333333,0.0,CoherenceRegime.SUBCOHERENT,83.92503878903499,1.59838,WallProximity.SAFE,True,0.0,0.0,0.7803595749141533,0.1923891550645221,True,,Low (RON ~0-50),Excellent (>1 year)
911,Petroleum-C15-911,Linear alkanes,Alkanes,Mixed,15,212.406,686146116732.9568,15,3965649,3,0.875,0.975,1.0,0.0999999999999999,0.0,CoherenceRegime.SUBCOHERENT,96.26915266569986,1.712406,WallProximity.SAFE,True,0.0,0.0,0.7504537250958354,0.1983487149292778,True,,Low (RON ~0-50),Excellent (>1 year)
912,Petroleum-C16-912,Linear alkanes,Alkanes,Mixed,16,226.432,664555258312.6898,16,4227858,3,0.875,0.975,1.0,0.0999999999999999,0.0,CoherenceRegime.SUBCOHERENT,109.45987255372644,1.826432,WallProximity.SAFE,True,0.0,0.0,0.7130099647144913,0.2039254938149209,True,,Low (RON ~0-50),Excellent (>1 year)
913,Petroleum-C17-913,Linear alkanes,Alkanes,Mixed,17,240.458,644882192557.4109,17,4490002,3,0.875,0.975,1.0,0.0999999999999999,0.0007374461291984,CoherenceRegime.SUBCOHERENT,123.49719845311472,1.940458,WallProximity.SAFE,True,0.0,0.0008916945728187,0.6694688654569966,0.2091657105691608,True,,Low (RON ~0-50),Excellent (>1 year)
914,Petroleum-C18-914,Linear alkanes,Alkanes,Mixed,18,254.484,626858845913.6626,18,4748050,3,0.875,0.975,1.0,0.0999999999999999,0.0,CoherenceRegime.SUBCOHERENT,138.3811303638647,2.054484,WallProximity.SAFE,True,0.0,0.0,0.6213381120750965,0.2141076873808912,True,,Low (RON ~0-50),Excellent (>1 year)
916,Petroleum-C20-916,Linear alkanes,Alkanes,Mixed,20,282.536,594926211713.4329,20,5272410,3,0.875,0.975,1.0,0.0999999999999999,0.0,CoherenceRegime.SUBCOHERENT,170.6888122194498,2.282536,WallProximity.SAFE,True,0.0,0.0,0.5172880014063855,0.223220505626067,True,,Low (RON ~0-50),Excellent (>1 year)
917,Petroleum-C21-917,Linear alkanes,Alkanes,Mixed,21,296.562,580687194654.7695,21,5534554,2,0.9166666666666666,1.0,1.0,0.0833333333333333,0.0,CoherenceRegime.SUBCOHERENT,188.11256216428492,2.3965620000000003,WallProximity.SAFE,True,0.0,0.0,0.4641622042192316,0.2274417798721354,True,,Low (RON ~0-50),Excellent (>1 year)
919,Petroleum-C23-919,Linear alkanes,Alkanes,Mixed,23,324.61400000000003,555029896519.2572,23,6058842,3,0.875,0.975,1.0,0.0999999999999999,0.0,CoherenceRegime.SUBCOHERENT,225.49988008804036,2.624614,WallProximity.SAFE,True,0.0,0.0,0.361638421829567,0.235314631527333,True,,Low (RON ~0-50),Excellent (>1 year)
920,Petroleum-C24-920,Linear alkanes,Alkanes,Mixed,24,338.64,543414061677.224,24,6321051,3,0.875,0.975,1.0,0.0999999999999999,0.0,CoherenceRegime.SUBCOHERENT,245.46344806696047,2.73864,WallProximity.SAFE,True,0.0,0.0,0.3140694284635896,0.2389986830533596,True,,Low (RON ~0-50),Excellent (>1 year)
922,Petroleum-C26-922,Linear alkanes,Alkanes,Mixed,26,366.692,522214928026.6263,26,6845347,2,0.9166666666666666,1.0,1.0,0.0833333333333333,0.0,CoherenceRegime.SUBCOHERENT,287.93040205888616,2.966692,WallProximity.SAFE,True,0.0,0.0,0.2294018148795772,0.2459287523680874,True,,Low (RON ~0-50),Excellent (>1 year)
923,Petroleum-C27-923,Linear alkanes,Alkanes,Mixed,27,380.718,512505221974.3419,27,7107491,3,0.875,0.975,1.0,0.0999999999999999,0.0,CoherenceRegime.SUBCOHERENT,310.4337880718915,3.080718,WallProximity.SAFE,True,0.0,0.0,0.1929628696356923,0.249196898441147,True,,Low (RON ~0-50),Excellent (>1 year)
924,Petroleum-C28-924,Linear alkanes,Alkanes,Mixed,28,394.744,503317732291.2979,28,7369699,3,0.875,0.975,1.0,0.0999999999999999,0.0,CoherenceRegime.SUBCOHERENT,333.7837800962586,3.1947440000000005,WallProximity.SAFE,True,0.0,0.0,0.1606118242057447,0.2523465228730758,True,,Low (RON ~0-50),Excellent (>1 year)
926,Petroleum-C30-926,Linear alkanes,Alkanes,Mixed,30,422.796,486333924479.0623,30,7889891,3,0.875,0.975,1.0,0.0999999999999999,0.0,CoherenceRegime.SUBCOHERENT,383.0235821790778,3.422796,WallProximity.SAFE,True,0.0,0.0,0.1078322009129451,0.2583225513642143,True,,Low (RON ~0-50),Excellent (>1 year)
930,Petroleum-C34-930,Linear alkanes,Alkanes,Mixed,34,478.9,456959364182.06506,34,8937964,3,0.875,0.975,1.0,0.0999999999999999,0.0,CoherenceRegime.SUBCOHERENT,491.6624584810569,3.8789,WallProximity.SAFE,True,0.0,0.0,0.0429157825515955,0.2691667048442769,True,,Low (RON ~0-50),Excellent (>1 year)
933,Petroleum-C7-933,Linear alkanes,Alkanes,Mixed,7,100.198,999011467728.4476,7,1872456,3,0.875,0.975,1.0,0.0999999999999999,0.0,CoherenceRegime.SUBCOHERENT,21.221209970508696,0.8001980000000001,WallProximity.CRITICAL,True,0.6284659179406685,0.0,0.6993073420184516,0.1326770142455715,True,,Low (RON ~0-50),Excellent (>1 year)
934,Petroleum-C8-934,Linear alkanes,Alkanes,Mixed,8,114.224,935667010900.7026,8,2134665,3,0.875,0.975,1.0,0.0999999999999999,0.0,CoherenceRegime.SUBCOHERENT,27.639081767641613,0.914224,WallProximity.WARNING,True,0.2999966155396235,0.0,0.7447570440936945,0.1441523610703951,True,,Low (RON ~0-50),Excellent (>1 year)
936,Petroleum-C10-936,Linear alkanes,Alkanes,Mixed,10,142.276,838367002781.6842,10,2658953,2,0.9166666666666666,1.0,1.0,0.0833333333333333,0.0,CoherenceRegime.SUBCOHERENT,43.01464339599258,1.142276,WallProximity.CAUTION,True,0.0,0.0,0.8017320509825592,0.1633616326823045,True,,Low (RON ~0-50),Excellent (>1 year)
937,Petroleum-C11-937,Linear alkanes,Alkanes,Mixed,11,156.302,799866913217.5398,11,2921097,3,0.875,0.975,1.0,0.0999999999999999,0.0010341286632576,CoherenceRegime.SUBCOHERENT,51.97233322721061,1.256302,WallProximity.SAFE,True,0.0,0.0012115615859026,0.8128183517932119,0.1715772214320583,True,,Low (RON ~0-50),Excellent (>1 year)
938,Petroleum-C12-938,Linear alkanes,Alkanes,Mixed,12,170.328,766226162165.0073,12,3179209,2,0.9166666666666666,1.0,1.0,0.0833333333333333,0.0,CoherenceRegime.SUBCOHERENT,61.77662906979037,1.3703280000000002,WallProximity.SAFE,True,0.0,0.0,0.8125262685665692,0.1790824206711787,True,,Low (RON ~0-50),Excellent (>1 year)
939,Petroleum-C13-939,Linear alkanes,Alkanes,Mixed,13,184.354,736501638657.2075,13,3441361,2,0.9166666666666666,1.0,1.0,0.0833333333333333,0.0,CoherenceRegime.SUBCOHERENT,72.42753092373184,1.4843540000000002,WallProximity.SAFE,True,0.0,0.0,0.8014205114468184,0.1859903680223826,True,,Low (RON ~0-50),Excellent (>1 year)
940,Petroleum-C14-940,Linear alkanes,Alkanes,Mixed,14,198.38,709988079400.2195,14,3703505,2,0.9166666666666666,1.0,1.0,0.0833333333333333,0.0,CoherenceRegime.SUBCOHERENT,83.92503878903499,1.59838,WallProximity.SAFE,True,0.0,0.0,0.7803595749141533,0.1923891550645221,True,,Low (RON ~0-50),Excellent (>1 year)
941,Petroleum-C15-941,Linear alkanes,Alkanes,Mixed,15,212.406,686146116732.9568,15,3965649,3,0.875,0.975,1.0,0.0999999999999999,0.0,CoherenceRegime.SUBCOHERENT,96.26915266569986,1.712406,WallProximity.SAFE,True,0.0,0.0,0.7504537250958354,0.1983487149292778,True,,Low (RON ~0-50),Excellent (>1 year)
942,Petroleum-C16-942,Linear alkanes,Alkanes,Mixed,16,226.432,664555258312.6898,16,4227858,3,0.875,0.975,1.0,0.0999999999999999,0.0,CoherenceRegime.SUBCOHERENT,109.45987255372644,1.826432,WallProximity.SAFE,True,0.0,0.0,0.7130099647144913,0.2039254938149209,True,,Low (RON ~0-50),Excellent (>1 year)
943,Petroleum-C17-943,Linear alkanes,Alkanes,Mixed,17,240.458,644882192557.4109,17,4490002,3,0.875,0.975,1.0,0.0999999999999999,0.0007374461291984,CoherenceRegime.SUBCOHERENT,123.49719845311472,1.940458,WallProximity.SAFE,True,0.0,0.0008916945728187,0.6694688654569966,0.2091657105691608,True,,Low (RON ~0-50),Excellent (>1 year)
944,Petroleum-C18-944,Linear alkanes,Alkanes,Mixed,18,254.484,626858845913.6626,18,4748050,3,0.875,0.975,1.0,0.0999999999999999,0.0,CoherenceRegime.SUBCOHERENT,138.3811303638647,2.054484,WallProximity.SAFE,True,0.0,0.0,0.6213381120750965,0.2141076873808912,True,,Low (RON ~0-50),Excellent (>1 year)
946,Petroleum-C20-946,Linear alkanes,Alkanes,Mixed,20,282.536,594926211713.4329,20,5272410,3,0.875,0.975,1.0,0.0999999999999999,0.0,CoherenceRegime.SUBCOHERENT,170.6888122194498,2.282536,WallProximity.SAFE,True,0.0,0.0,0.5172880014063855,0.223220505626067,True,,Low (RON ~0-50),Excellent (>1 year)
947,Petroleum-C21-947,Linear alkanes,Alkanes,Mixed,21,296.562,580687194654.7695,21,5534554,2,0.9166666666666666,1.0,1.0,0.0833333333333333,0.0,CoherenceRegime.SUBCOHERENT,188.11256216428492,2.3965620000000003,WallProximity.SAFE,True,0.0,0.0,0.4641622042192316,0.2274417798721354,True,,Low (RON ~0-50),Excellent (>1 year)
949,Petroleum-C23-949,Linear alkanes,Alkanes,Mixed,23,324.61400000000003,555029896519.2572,23,6058842,3,0.875,0.975,1.0,0.0999999999999999,0.0,CoherenceRegime.SUBCOHERENT,225.49988008804036,2.624614,WallProximity.SAFE,True,0.0,0.0,0.361638421829567,0.235314631527333,True,,Low (RON ~0-50),Excellent (>1 year)
950,Petroleum-C24-950,Linear alkanes,Alkanes,Mixed,24,338.64,543414061677.224,24,6321051,3,0.875,0.975,1.0,0.0999999999999999,0.0,CoherenceRegime.SUBCOHERENT,245.46344806696047,2.73864,WallProximity.SAFE,True,0.0,0.0,0.3140694284635896,0.2389986830533596,True,,Low (RON ~0-50),Excellent (>1 year)
952,Petroleum-C26-952,Linear alkanes,Alkanes,Mixed,26,366.692,522214928026.6263,26,6845347,2,0.9166666666666666,1.0,1.0,0.0833333333333333,0.0,CoherenceRegime.SUBCOHERENT,287.93040205888616,2.966692,WallProximity.SAFE,True,0.0,0.0,0.2294018148795772,0.2459287523680874,True,,Low (RON ~0-50),Excellent (>1 year)
953,Petroleum-C27-953,Linear alkanes,Alkanes,Mixed,27,380.718,512505221974.3419,27,7107491,3,0.875,0.975,1.0,0.0999999999999999,0.0,CoherenceRegime.SUBCOHERENT,310.4337880718915,3.080718,WallProximity.SAFE,True,0.0,0.0,0.1929628696356923,0.249196898441147,True,,Low (RON ~0-50),Excellent (>1 year)
954,Petroleum-C28-954,Linear alkanes,Alkanes,Mixed,28,394.744,503317732291.2979,28,7369699,3,0.875,0.975,1.0,0.0999999999999999,0.0,CoherenceRegime.SUBCOHERENT,333.7837800962586,3.1947440000000005,WallProximity.SAFE,True,0.0,0.0,0.1606118242057447,0.2523465228730758,True,,Low (RON ~0-50),Excellent (>1 year)
956,Petroleum-C30-956,Linear alkanes,Alkanes,Mixed,30,422.796,486333924479.0623,30,7889891,3,0.875,0.975,1.0,0.0999999999999999,0.0,CoherenceRegime.SUBCOHERENT,383.0235821790778,3.422796,WallProximity.SAFE,True,0.0,0.0,0.1078322009129451,0.2583225513642143,True,,Low (RON ~0-50),Excellent (>1 year)
960,Petroleum-C34-960,Linear alkanes,Alkanes,Mixed,34,478.9,456959364182.06506,34,8937964,3,0.875,0.975,1.0,0.0999999999999999,0.0,CoherenceRegime.SUBCOHERENT,491.6624584810569,3.8789,WallProximity.SAFE,True,0.0,0.0,0.0429157825515955,0.2691667048442769,True,,Low (RON ~0-50),Excellent (>1 year)
963,Petroleum-C7-963,Linear alkanes,Alkanes,Mixed,7,100.198,999011467728.4476,7,1872456,3,0.875,0.975,1.0,0.0999999999999999,0.0,CoherenceRegime.SUBCOHERENT,21.221209970508696,0.8001980000000001,WallProximity.CRITICAL,True,0.6284659179406685,0.0,0.6993073420184516,0.1326770142455715,True,,Low (RON ~0-50),Excellent (>1 year)
964,Petroleum-C8-964,Linear alkanes,Alkanes,Mixed,8,114.224,935667010900.7026,8,2134665,3,0.875,0.975,1.0,0.0999999999999999,0.0,CoherenceRegime.SUBCOHERENT,27.639081767641613,0.914224,WallProximity.WARNING,True,0.2999966155396235,0.0,0.7447570440936945,0.1441523610703951,True,,Low (RON ~0-50),Excellent (>1 year)
966,Petroleum-C10-966,Linear alkanes,Alkanes,Mixed,10,142.276,838367002781.6842,10,2658953,2,0.9166666666666666,1.0,1.0,0.0833333333333333,0.0,CoherenceRegime.SUBCOHERENT,43.01464339599258,1.142276,WallProximity.CAUTION,True,0.0,0.0,0.8017320509825592,0.1633616326823045,True,,Low (RON ~0-50),Excellent (>1 year)
967,Petroleum-C11-967,Linear alkanes,Alkanes,Mixed,11,156.302,799866913217.5398,11,2921097,3,0.875,0.975,1.0,0.0999999999999999,0.0010341286632576,CoherenceRegime.SUBCOHERENT,51.97233322721061,1.256302,WallProximity.SAFE,True,0.0,0.0012115615859026,0.8128183517932119,0.1715772214320583,True,,Low (RON ~0-50),Excellent (>1 year)
968,Petroleum-C12-968,Linear alkanes,Alkanes,Mixed,12,170.328,766226162165.0073,12,3179209,2,0.9166666666666666,1.0,1.0,0.0833333333333333,0.0,CoherenceRegime.SUBCOHERENT,61.77662906979037,1.3703280000000002,WallProximity.SAFE,True,0.0,0.0,0.8125262685665692,0.1790824206711787,True,,Low (RON ~0-50),Excellent (>1 year)
969,Petroleum-C13-969,Linear alkanes,Alkanes,Mixed,13,184.354,736501638657.2075,13,3441361,2,0.9166666666666666,1.0,1.0,0.0833333333333333,0.0,CoherenceRegime.SUBCOHERENT,72.42753092373184,1.4843540000000002,WallProximity.SAFE,True,0.0,0.0,0.8014205114468184,0.1859903680223826,True,,Low (RON ~0-50),Excellent (>1 year)
970,Petroleum-C14-970,Linear alkanes,Alkanes,Mixed,14,198.38,709988079400.2195,14,3703505,2,0.9166666666666666,1.0,1.0,0.0833333333333333,0.0,CoherenceRegime.SUBCOHERENT,83.92503878903499,1.59838,WallProximity.SAFE,True,0.0,0.0,0.7803595749141533,0.1923891550645221,True,,Low (RON ~0-50),Excellent (>1 year)
971,Petroleum-C15-971,Linear alkanes,Alkanes,Mixed,15,212.406,686146116732.9568,15,3965649,3,0.875,0.975,1.0,0.0999999999999999,0.0,CoherenceRegime.SUBCOHERENT,96.26915266569986,1.712406,WallProximity.SAFE,True,0.0,0.0,0.7504537250958354,0.1983487149292778,True,,Low (RON ~0-50),Excellent (>1 year)
972,Petroleum-C16-972,Linear alkanes,Alkanes,Mixed,16,226.432,664555258312.6898,16,4227858,3,0.875,0.975,1.0,0.0999999999999999,0.0,CoherenceRegime.SUBCOHERENT,109.45987255372644,1.826432,WallProximity.SAFE,True,0.0,0.0,0.7130099647144913,0.2039254938149209,True,,Low (RON ~0-50),Excellent (>1 year)
973,Petroleum-C17-973,Linear alkanes,Alkanes,Mixed,17,240.458,644882192557.4109,17,4490002,3,0.875,0.975,1.0,0.0999999999999999,0.0007374461291984,CoherenceRegime.SUBCOHERENT,123.49719845311472,1.940458,WallProximity.SAFE,True,0.0,0.0008916945728187,0.6694688654569966,0.2091657105691608,True,,Low (RON ~0-50),Excellent (>1 year)
974,Petroleum-C18-974,Linear alkanes,Alkanes,Mixed,18,254.484,626858845913.6626,18,4748050,3,0.875,0.975,1.0,0.0999999999999999,0.0,CoherenceRegime.SUBCOHERENT,138.3811303638647,2.054484,WallProximity.SAFE,True,0.0,0.0,0.6213381120750965,0.2141076873808912,True,,Low (RON ~0-50),Excellent (>1 year)
976,Petroleum-C20-976,Linear alkanes,Alkanes,Mixed,20,282.536,594926211713.4329,20,5272410,3,0.875,0.975,1.0,0.0999999999999999,0.0,CoherenceRegime.SUBCOHERENT,170.6888122194498,2.282536,WallProximity.SAFE,True,0.0,0.0,0.5172880014063855,0.223220505626067,True,,Low (RON ~0-50),Excellent (>1 year)
977,Petroleum-C21-977,Linear alkanes,Alkanes,Mixed,21,296.562,580687194654.7695,21,5534554,2,0.9166666666666666,1.0,1.0,0.0833333333333333,0.0,CoherenceRegime.SUBCOHERENT,188.11256216428492,2.3965620000000003,WallProximity.SAFE,True,0.0,0.0,0.4641622042192316,0.2274417798721354,True,,Low (RON ~0-50),Excellent (>1 year)
979,Petroleum-C23-979,Linear alkanes,Alkanes,Mixed,23,324.61400000000003,555029896519.2572,23,6058842,3,0.875,0.975,1.0,0.0999999999999999,0.0,CoherenceRegime.SUBCOHERENT,225.49988008804036,2.624614,WallProximity.SAFE,True,0.0,0.0,0.361638421829567,0.235314631527333,True,,Low (RON ~0-50),Excellent (>1 year)
980,Petroleum-C24-980,Linear alkanes,Alkanes,Mixed,24,338.64,543414061677.224,24,6321051,3,0.875,0.975,1.0,0.0999999999999999,0.0,CoherenceRegime.SUBCOHERENT,245.46344806696047,2.73864,WallProximity.SAFE,True,0.0,0.0,0.3140694284635896,0.2389986830533596,True,,Low (RON ~0-50),Excellent (>1 year)
982,Petroleum-C26-982,Linear alkanes,Alkanes,Mixed,26,366.692,522214928026.6263,26,6845347,2,0.9166666666666666,1.0,1.0,0.0833333333333333,0.0,CoherenceRegime.SUBCOHERENT,287.93040205888616,2.966692,WallProximity.SAFE,True,0.0,0.0,0.2294018148795772,0.2459287523680874,True,,Low (RON ~0-50),Excellent (>1 year)
983,Petroleum-C27-983,Linear alkanes,Alkanes,Mixed,27,380.718,512505221974.3419,27,7107491,3,0.875,0.975,1.0,0.0999999999999999,0.0,CoherenceRegime.SUBCOHERENT,310.4337880718915,3.080718,WallProximity.SAFE,True,0.0,0.0,0.1929628696356923,0.249196898441147,True,,Low (RON ~0-50),Excellent (>1 year)
984,Petroleum-C28-984,Linear alkanes,Alkanes,Mixed,28,394.744,503317732291.2979,28,7369699,3,0.875,0.975,1.0,0.0999999999999999,0.0,CoherenceRegime.SUBCOHERENT,333.7837800962586,3.1947440000000005,WallProximity.SAFE,True,0.0,0.0,0.1606118242057447,0.2523465228730758,True,,Low (RON ~0-50),Excellent (>1 year)
986,Petroleum-C30-986,Linear alkanes,Alkanes,Mixed,30,422.796,486333924479.0623,30,7889891,3,0.875,0.975,1.0,0.0999999999999999,0.0,CoherenceRegime.SUBCOHERENT,383.0235821790778,3.422796,WallProximity.SAFE,True,0.0,0.0,0.1078322009129451,0.2583225513642143,True,,Low (RON ~0-50),Excellent (>1 year)
990,Petroleum-C34-990,Linear alkanes,Alkanes,Mixed,34,478.9,456959364182.06506,34,8937964,3,0.875,0.975,1.0,0.0999999999999999,0.0,CoherenceRegime.SUBCOHERENT,491.6624584810569,3.8789,WallProximity.SAFE,True,0.0,0.0,0.0429157825515955,0.2691667048442769,True,,Low (RON ~0-50),Excellent (>1 year)
993,Petroleum-C7-993,Linear alkanes,Alkanes,Mixed,7,100.198,999011467728.4476,7,1872456,3,0.875,0.975,1.0,0.0999999999999999,0.0,CoherenceRegime.SUBCOHERENT,21.221209970508696,0.8001980000000001,WallProximity.CRITICAL,True,0.6284659179406685,0.0,0.6993073420184516,0.1326770142455715,True,,Low (RON ~0-50),Excellent (>1 year)
994,Petroleum-C8-994,Linear alkanes,Alkanes,Mixed,8,114.224,935667010900.7026,8,2134665,3,0.875,0.975,1.0,0.0999999999999999,0.0,CoherenceRegime.SUBCOHERENT,27.639081767641613,0.914224,WallProximity.WARNING,True,0.2999966155396235,0.0,0.7447570440936945,0.1441523610703951,True,,Low (RON ~0-50),Excellent (>1 year)
996,Petroleum-C10-996,Linear alkanes,Alkanes,Mixed,10,142.276,838367002781.6842,10,2658953,2,0.9166666666666666,1.0,1.0,0.0833333333333333,0.0,CoherenceRegime.SUBCOHERENT,43.01464339599258,1.142276,WallProximity.CAUTION,True,0.0,0.0,0.8017320509825592,0.1633616326823045,True,,Low (RON ~0-50),Excellent (>1 year)
997,Petroleum-C11-997,Linear alkanes,Alkanes,Mixed,11,156.302,799866913217.5398,11,2921097,3,0.875,0.975,1.0,0.0999999999999999,0.0010341286632576,CoherenceRegime.SUBCOHERENT,51.97233322721061,1.256302,WallProximity.SAFE,True,0.0,0.0012115615859026,0.8128183517932119,0.1715772214320583,True,,Low (RON ~0-50),Excellent (>1 year)
998,Petroleum-C12-998,Linear alkanes,Alkanes,Mixed,12,170.328,766226162165.0073,12,3179209,2,0.9166666666666666,1.0,1.0,0.0833333333333333,0.0,CoherenceRegime.SUBCOHERENT,61.77662906979037,1.3703280000000002,WallProximity.SAFE,True,0.0,0.0,0.8125262685665692,0.1790824206711787,True,,Low (RON ~0-50),Excellent (>1 year)
999,Petroleum-C13-999,Linear alkanes,Alkanes,Mixed,13,184.354,736501638657.2075,13,3441361,2,0.9166666666666666,1.0,1.0,0.0833333333333333,0.0,CoherenceRegime.SUBCOHERENT,72.42753092373184,1.4843540000000002,WallProximity.SAFE,True,0.0,0.0,0.8014205114468184,0.1859903680223826,True,,Low (RON ~0-50),Excellent (>1 year)
1000,Petroleum-C14-1000,Linear alkanes,Alkanes,Mixed,14,198.38,709988079400.2195,14,3703505,2,0.9166666666666666,1.0,1.0,0.0833333333333333,0.0,CoherenceRegime.SUBCOHERENT,83.92503878903499,1.59838,WallProximity.SAFE,True,0.0,0.0,0.7803595749141533,0.1923891550645221,True,,Low (RON ~0-50),Excellent (>1 year)
