id,name,type,category,fraction,carbon_count,molecular_weight,frequency_hz,complexity,bit_state_decimal,glr_errors,glr_nrci_before,glr_nrci_after,glr_efficiency,glr_improvement,nrci,nrci_regime,soc_energy_cu,modal_sum,wall_proximity,wall_safe,nrci_risk,coherence_factor,resonance_strength,emergence_intensity,success,error
1,Methane,Linear alkanes,Alkanes,Gasoline,1,16.042,2496725195862.154,1,316416,0,1.0,1.0,0.0,0.0,0.002478694856780983,CoherenceRegime.SUBCOHERENT,0.4927054263070448,0.116042,WallProximity.BEYOND_WALL,False,1.0,0.002478694856780983,0.20933304353449395,0.0,True,
2,n-C2H6,Linear alkanes,Alkanes,Gasoline,2,30.068,1823676195209.2068,2,573952,3,0.875,0.975,1.0,0.09999999999999998,0.0,CoherenceRegime.SUBCOHERENT,1.8309411552697175,0.23006800000000002,WallProximity.BEYOND_WALL,False,1.0,0.0,0.3227601902038685,0.02626743867089502,True,
3,n-C3H8,Linear alkanes,Alkanes,Gasoline,3,44.094,1505948953833.927,3,832000,3,0.875,0.975,1.0,0.09999999999999998,0.0,CoherenceRegime.SUBCOHERENT,4.015782895594097,0.34409400000000007,WallProximity.BEYOND_WALL,False,1.0,0.0,0.4178275081223668,0.0603770225602563,True,
4,n-C4H10,Linear alkanes,Alkanes,Gasoline,4,58.12,1311708090333.5112,4,1094208,3,0.875,0.975,1.0,0.09999999999999998,0.0,CoherenceRegime.SUBCOHERENT,7.047230647280185,0.45812,WallProximity.BEYOND_WALL,False,1.0,0.0,0.502173843105821,0.08480184856595828,True,
5,n-C5H12,Linear alkanes,Alkanes,Gasoline,5,72.146,1177318236610.3547,5,1352256,0,1.0,1.0,0.0,0.0,0.0,CoherenceRegime.SUBCOHERENT,10.925284410327981,0.572146,WallProximity.BEYOND_WALL,False,1.0,0.0,0.5773514250774086,0.10384327514757133,True,
6,n-C6H14,Linear alkanes,Alkanes,Gasoline,6,86.172,1077251019102.8378,6,1614408,0,1.0,1.0,0.0,0.0,0.0,CoherenceRegime.SUBCOHERENT,15.649944184737485,0.6861720000000001,WallProximity.BEYOND_WALL,False,1.0,0.0,0.6432682093724612,0.11945127929812697,True,
7,n-C7H16,Linear alkanes,Alkanes,Gasoline,7,100.198,999011467728.4476,7,1872456,3,0.875,0.975,1.0,0.09999999999999998,0.0,CoherenceRegime.SUBCOHERENT,21.221209970508696,0.8001980000000001,WallProximity.CRITICAL,True,0.6284659179406685,0.0,0.6993073420184516,0.13267701424557155,True,
8,n-C8H18,Linear alkanes,Alkanes,Gasoline,8,114.224,935667010900.7026,8,2134665,3,0.875,0.975,1.0,0.09999999999999998,0.0,CoherenceRegime.SUBCOHERENT,27.639081767641613,0.914224,WallProximity.WARNING,True,0.29999661553962353,0.0,0.7447570440936945,0.1441523610703951,True,
9,n-C9H20,Linear alkanes,Alkanes,Gasoline,9,128.25,883021571376.6958,9,2396809,0,1.0,1.0,0.0,0.0,0.0,CoherenceRegime.SUBCOHERENT,34.90355957613624,1.02825,WallProximity.CAUTION,True,0.0,0.0,0.7790206483870205,0.15428697199518185,True,
10,n-C10H22,Linear alkanes,Alkanes,Gasoline,10,142.276,838367002781.6842,10,2658953,2,0.9166666666666666,1.0,1.0,0.08333333333333337,0.0,CoherenceRegime.SUBCOHERENT,43.01464339599258,1.142276,WallProximity.CAUTION,True,0.0,0.0,0.8017320509825592,0.16336163268230458,True,
11,n-C11H24,Linear alkanes,Alkanes,Gasoline,11,156.302,799866913217.5398,11,2921097,3,0.875,0.975,1.0,0.09999999999999998,0.001034128663257694,CoherenceRegime.SUBCOHERENT,51.97233322721061,1.256302,WallProximity.SAFE,True,0.0,0.001211561585902698,0.8128183517932119,0.17157722143205836,True,
12,n-C12H26,Linear alkanes,Alkanes,Gasoline,12,170.328,766226162165.0073,12,3179209,2,0.9166666666666666,1.0,1.0,0.08333333333333337,0.0,CoherenceRegime.SUBCOHERENT,61.776629069790374,1.3703280000000002,WallProximity.SAFE,True,0.0,0.0,0.8125262685665692,0.1790824206711787,True,
13,n-C13H28,Linear alkanes,Alkanes,Diesel,13,184.354,736501638657.2075,13,3441361,2,0.9166666666666666,1.0,1.0,0.08333333333333337,0.0,CoherenceRegime.SUBCOHERENT,72.42753092373184,1.4843540000000002,WallProximity.SAFE,True,0.0,0.0,0.8014205114468184,0.18599036802238267,True,
14,n-C14H30,Linear alkanes,Alkanes,Diesel,14,198.38,709988079400.2195,14,3703505,2,0.9166666666666666,1.0,1.0,0.08333333333333337,0.0,CoherenceRegime.SUBCOHERENT,83.92503878903499,1.5983800000000001,WallProximity.SAFE,True,0.0,0.0,0.7803595749141533,0.1923891550645221,True,
15,n-C15H32,Linear alkanes,Alkanes,Diesel,15,212.406,686146116732.9568,15,3965649,3,0.875,0.975,1.0,0.09999999999999998,0.0,CoherenceRegime.SUBCOHERENT,96.26915266569986,1.712406,WallProximity.SAFE,True,0.0,0.0,0.7504537250958354,0.1983487149292778,True,
16,n-C16H34,Linear alkanes,Alkanes,Diesel,16,226.432,664555258312.6898,16,4227858,3,0.875,0.975,1.0,0.09999999999999998,0.0,CoherenceRegime.SUBCOHERENT,109.45987255372643,1.826432,WallProximity.SAFE,True,0.0,0.0,0.7130099647144913,0.20392549381492092,True,
17,n-C17H36,Linear alkanes,Alkanes,Diesel,17,240.458,644882192557.4109,17,4490002,3,0.875,0.975,1.0,0.09999999999999998,0.0007374461291984602,CoherenceRegime.SUBCOHERENT,123.49719845311473,1.9404580000000002,WallProximity.SAFE,True,0.0,0.0008916945728187334,0.6694688654569966,0.20916571056916083,True,
18,n-C18H38,Linear alkanes,Alkanes,Diesel,18,254.484,626858845913.6626,18,4748050,3,0.875,0.975,1.0,0.09999999999999998,0.0,CoherenceRegime.SUBCOHERENT,138.3811303638647,2.054484,WallProximity.SAFE,True,0.0,0.0,0.6213381120750965,0.2141076873808912,True,
19,n-C19H40,Linear alkanes,Alkanes,Diesel,19,268.51,610266833430.1029,19,5010202,0,1.0,1.0,0.0,0.0,0.0,CoherenceRegime.SUBCOHERENT,154.1116682859764,2.16851,WallProximity.SAFE,True,0.0,0.0,0.5701273044585125,0.21878355217837714,True,
20,n-C20H42,Linear alkanes,Alkanes,Diesel,20,282.536,594926211713.4329,20,5272410,3,0.875,0.975,1.0,0.09999999999999998,0.0,CoherenceRegime.SUBCOHERENT,170.6888122194498,2.282536,WallProximity.SAFE,True,0.0,0.0,0.5172880014063855,0.223220505626067,True,
21,n-C21H44,Linear alkanes,Alkanes,Heavy oil,21,296.562,580687194654.7695,21,5534554,2,0.9166666666666666,1.0,1.0,0.08333333333333337,0.0,CoherenceRegime.SUBCOHERENT,188.11256216428495,2.3965620000000003,WallProximity.SAFE,True,0.0,0.0,0.4641622042192316,0.2274417798721354,True,
22,n-C22H46,Linear alkanes,Alkanes,Heavy oil,22,310.588,567423951632.568,22,5796698,0,1.0,1.0,0.0,0.0,0.0,CoherenceRegime.SUBCOHERENT,206.38291812048178,2.5105880000000003,WallProximity.SAFE,True,0.0,0.0,0.411941542112675,0.23146737488029628,True,
23,n-C23H48,Linear alkanes,Alkanes,Heavy oil,23,324.61400000000003,555029896519.2572,23,6058842,3,0.875,0.975,1.0,0.09999999999999998,0.0,CoherenceRegime.SUBCOHERENT,225.49988008804033,2.6246140000000002,WallProximity.SAFE,True,0.0,0.0,0.36163842182956707,0.23531463152733306,True,
24,n-C24H50,Linear alkanes,Alkanes,Heavy oil,24,338.64,543414061677.224,24,6321051,3,0.875,0.975,1.0,0.09999999999999998,0.0,CoherenceRegime.SUBCOHERENT,245.46344806696052,2.73864,WallProximity.SAFE,True,0.0,0.0,0.3140694284635896,0.2389986830533596,True,
25,n-C25H52,Linear alkanes,Alkanes,Heavy oil,25,352.666,532498273476.99066,25,6583203,0,1.0,1.0,0.0,0.0,0.0,CoherenceRegime.SUBCOHERENT,266.2736220572425,2.852666,WallProximity.SAFE,True,0.0,0.0,0.2698503910645006,0.24253281459267773,True,
26,n-C26H54,Linear alkanes,Alkanes,Heavy oil,26,366.692,522214928026.6263,26,6845347,2,0.9166666666666666,1.0,1.0,0.08333333333333337,0.0,CoherenceRegime.SUBCOHERENT,287.93040205888616,2.966692,WallProximity.SAFE,True,0.0,0.0,0.22940181487957723,0.24592875236808748,True,
27,n-C27H56,Linear alkanes,Alkanes,Heavy oil,27,380.718,512505221974.3419,27,7107491,3,0.875,0.975,1.0,0.09999999999999998,0.0,CoherenceRegime.SUBCOHERENT,310.4337880718915,3.080718,WallProximity.SAFE,True,0.0,0.0,0.19296286963569234,0.24919689844114706,True,
28,n-C28H58,Linear alkanes,Alkanes,Heavy oil,28,394.744,503317732291.2979,28,7369699,3,0.875,0.975,1.0,0.09999999999999998,0.0,CoherenceRegime.SUBCOHERENT,333.7837800962586,3.1947440000000005,WallProximity.SAFE,True,0.0,0.0,0.16061182420574474,0.2523465228730758,True,
29,n-C29H60,Linear alkanes,Alkanes,Heavy oil,29,408.77,494607266493.9285,29,7627747,0,1.0,1.0,0.0,0.0,0.0,CoherenceRegime.SUBCOHERENT,357.9803781319874,3.3087700000000004,WallProximity.SAFE,True,0.0,0.0,0.13229072477329437,0.2553859222446818,True,
30,n-C30H62,Linear alkanes,Alkanes,Heavy oil,30,422.796,486333924479.0623,30,7889891,3,0.875,0.975,1.0,0.09999999999999998,0.0,CoherenceRegime.SUBCOHERENT,383.02358217907783,3.422796,WallProximity.SAFE,True,0.0,0.0,0.10783220091294515,0.2583225513642143,True,
31,n-C31H64,Linear alkanes,Alkanes,Heavy oil,31,436.822,478462327432.4112,31,8152043,0,1.0,1.0,0.0,0.0,0.0,CoherenceRegime.SUBCOHERENT,408.91339223753005,3.536822,WallProximity.SAFE,True,0.0,0.0,0.0869865141297069,0.2611631334275579,True,
32,n-C32H66,Linear alkanes,Alkanes,Heavy oil,32,450.848,470960979748.8765,32,8414188,0,1.0,1.0,0.0,0.0,0.0,CoherenceRegime.SUBCOHERENT,435.649808307344,3.6508480000000003,WallProximity.SAFE,True,0.0,0.0,0.06944729206159433,0.26391375272738443,True,
33,n-C33H68,Linear alkanes,Alkanes,Heavy oil,33,464.874,463801737672.2709,33,8675820,0,1.0,1.0,0.0,0.0,0.0,CoherenceRegime.SUBCOHERENT,463.23283038851963,3.7648740000000003,WallProximity.SAFE,True,0.0,0.0,0.054874773453956124,0.26657993312705675,True,
34,n-C34H70,Linear alkanes,Alkanes,Heavy oil,34,478.9,456959364182.06506,34,8937964,3,0.875,0.975,1.0,0.09999999999999998,0.0,CoherenceRegime.SUBCOHERENT,491.6624584810569,3.8789000000000002,WallProximity.SAFE,True,0.0,0.0,0.04291578255159558,0.26916670484427696,True,
35,n-C35H72,Linear alkanes,Alkanes,Heavy oil,35,492.92599999999993,450411154056.51166,35,9200108,0,1.0,1.0,0.0,0.0,0.0,CoherenceRegime.SUBCOHERENT,520.9386925849558,3.9929259999999998,WallProximity.SAFE,True,0.0,0.0,0.033220022214492856,0.27167866157396003,True,
36,n-C36H74,Linear alkanes,Alkanes,Heavy oil,36,506.952,444136616400.4935,36,9462252,3,0.875,0.975,1.0,0.09999999999999998,0.0,CoherenceRegime.SUBCOHERENT,551.0615327002166,4.106952,WallProximity.SAFE,True,0.0,0.0,0.02545259742122117,0.27412000958029903,True,
37,n-C37H76,Linear alkanes,Alkanes,Heavy oil,37,520.9780000000001,438117204511.31024,37,9724404,0,1.0,1.0,0.0,0.0,0.0,CoherenceRegime.SUBCOHERENT,582.0309788268391,4.220978000000001,WallProximity.SAFE,True,0.0,0.0,0.019302939158844377,0.27649461007589954,True,
38,n-C38H78,Linear alkanes,Alkanes,Heavy oil,38,535.004,432336084960.4745,38,9986548,0,1.0,1.0,0.0,0.0,0.0,CoherenceRegime.SUBCOHERENT,613.8470309648234,4.3350040000000005,WallProximity.SAFE,True,0.0,0.0,0.014490486440712805,0.2788060159602519,True,
39,n-C39H80,Linear alkanes,Alkanes,Heavy oil,39,549.03,426777939336.178,39,10248692,3,0.875,0.975,1.0,0.09999999999999998,0.0,CoherenceRegime.SUBCOHERENT,646.5096891141691,4.4490300000000005,WallProximity.SAFE,True,0.0,0.0,0.010767602531347405,0.2810575037951581,True,
40,n-C40H82,Linear alkanes,Alkanes,Heavy oil,40,563.056,421428793323.7904,40,10510837,3,0.875,0.975,1.0,0.09999999999999998,0.0,CoherenceRegime.SUBCOHERENT,680.0189532748766,4.563056,WallProximity.SAFE,True,0.0,0.0,0.007920257433511492,0.2832521017394445,True,
41,2-Methyl-C5,Branched alkanes,Alkanes,Gasoline,5,72.146,1177318236610.3547,7,1352256,0,1.0,1.0,0.0,0.0,0.0,CoherenceRegime.SUBCOHERENT,10.925284410327981,0.572146,WallProximity.BEYOND_WALL,False,1.0,0.0,0.5773514250774086,0.10384327514757133,True,
42,"2,2-Dimethyl-C5",Branched alkanes,Alkanes,Gasoline,5,72.146,1177318236610.3547,10,1352320,0,1.0,1.0,0.0,0.0,0.0,CoherenceRegime.SUBCOHERENT,10.925284410327981,0.572146,WallProximity.BEYOND_WALL,False,1.0,0.0,0.5773514250774086,0.10384327514757133,True,
43,"2,3-Dimethyl-C5",Branched alkanes,Alkanes,Gasoline,5,72.146,1177318236610.3547,11,1352320,0,1.0,1.0,0.0,0.0,0.0,CoherenceRegime.SUBCOHERENT,10.925284410327981,0.572146,WallProximity.BEYOND_WALL,False,1.0,0.0,0.5773514250774086,0.10384327514757133,True,
44,"2,4-Dimethyl-C5",Branched alkanes,Alkanes,Gasoline,5,72.146,1177318236610.3547,12,1352384,0,1.0,1.0,0.0,0.0,0.0,CoherenceRegime.SUBCOHERENT,10.925284410327981,0.572146,WallProximity.BEYOND_WALL,False,1.0,0.0,0.5773514250774086,0.10384327514757133,True,
45,"2,2,3-Trimethyl-C5",Branched alkanes,Alkanes,Gasoline,5,72.146,1177318236610.3547,14,1352384,0,1.0,1.0,0.0,0.0,0.0,CoherenceRegime.SUBCOHERENT,10.925284410327981,0.572146,WallProximity.BEYOND_WALL,False,1.0,0.0,0.5773514250774086,0.10384327514757133,True,
46,2-Ethyl-C5,Branched alkanes,Alkanes,Gasoline,5,72.146,1177318236610.3547,11,1352320,0,1.0,1.0,0.0,0.0,0.0,CoherenceRegime.SUBCOHERENT,10.925284410327981,0.572146,WallProximity.BEYOND_WALL,False,1.0,0.0,0.5773514250774086,0.10384327514757133,True,
47,2-Methyl-C6,Branched alkanes,Alkanes,Gasoline,6,86.172,1077251019102.8378,8,1614472,0,1.0,1.0,0.0,0.0,0.0,CoherenceRegime.SUBCOHERENT,15.649944184737485,0.6861720000000001,WallProximity.BEYOND_WALL,False,1.0,0.0,0.6432682093724612,0.11945127929812697,True,
48,3-Methyl-C6,Branched alkanes,Alkanes,Gasoline,6,86.172,1077251019102.8378,8,1614472,0,1.0,1.0,0.0,0.0,0.0,CoherenceRegime.SUBCOHERENT,15.649944184737485,0.6861720000000001,WallProximity.BEYOND_WALL,False,1.0,0.0,0.6432682093724612,0.11945127929812697,True,
49,"2,2-Dimethyl-C6",Branched alkanes,Alkanes,Gasoline,6,86.172,1077251019102.8378,11,1614472,0,1.0,1.0,0.0,0.0,0.0,CoherenceRegime.SUBCOHERENT,15.649944184737485,0.6861720000000001,WallProximity.BEYOND_WALL,False,1.0,0.0,0.6432682093724612,0.11945127929812697,True,
50,"2,3-Dimethyl-C6",Branched alkanes,Alkanes,Gasoline,6,86.172,1077251019102.8378,12,1614536,0,1.0,1.0,0.0,0.0,0.0,CoherenceRegime.SUBCOHERENT,15.649944184737485,0.6861720000000001,WallProximity.BEYOND_WALL,False,1.0,0.0,0.6432682093724612,0.11945127929812697,True,
51,"2,4-Dimethyl-C6",Branched alkanes,Alkanes,Gasoline,6,86.172,1077251019102.8378,13,1614536,0,1.0,1.0,0.0,0.0,0.0,CoherenceRegime.SUBCOHERENT,15.649944184737485,0.6861720000000001,WallProximity.BEYOND_WALL,False,1.0,0.0,0.6432682093724612,0.11945127929812697,True,
52,"2,2,3-Trimethyl-C6",Branched alkanes,Alkanes,Gasoline,6,86.172,1077251019102.8378,15,1614536,0,1.0,1.0,0.0,0.0,0.0,CoherenceRegime.SUBCOHERENT,15.649944184737485,0.6861720000000001,WallProximity.BEYOND_WALL,False,1.0,0.0,0.6432682093724612,0.11945127929812697,True,
53,2-Ethyl-C6,Branched alkanes,Alkanes,Gasoline,6,86.172,1077251019102.8378,12,1614536,0,1.0,1.0,0.0,0.0,0.0,CoherenceRegime.SUBCOHERENT,15.649944184737485,0.6861720000000001,WallProximity.BEYOND_WALL,False,1.0,0.0,0.6432682093724612,0.11945127929812697,True,
54,3-Ethyl-C6,Branched alkanes,Alkanes,Gasoline,6,86.172,1077251019102.8378,12,1614536,0,1.0,1.0,0.0,0.0,0.0,CoherenceRegime.SUBCOHERENT,15.649944184737485,0.6861720000000001,WallProximity.BEYOND_WALL,False,1.0,0.0,0.6432682093724612,0.11945127929812697,True,
55,2-Methyl-C7,Branched alkanes,Alkanes,Gasoline,7,100.198,999011467728.4476,9,1872520,3,0.875,0.975,1.0,0.09999999999999998,0.0,CoherenceRegime.SUBCOHERENT,21.221209970508696,0.8001980000000001,WallProximity.CRITICAL,True,0.6284659179406685,0.0,0.6993073420184516,0.13267701424557155,True,
56,3-Methyl-C7,Branched alkanes,Alkanes,Gasoline,7,100.198,999011467728.4476,9,1872520,3,0.875,0.975,1.0,0.09999999999999998,0.0,CoherenceRegime.SUBCOHERENT,21.221209970508696,0.8001980000000001,WallProximity.CRITICAL,True,0.6284659179406685,0.0,0.6993073420184516,0.13267701424557155,True,
57,"2,2-Dimethyl-C7",Branched alkanes,Alkanes,Gasoline,7,100.198,999011467728.4476,12,1872584,2,0.9166666666666666,1.0,1.0,0.08333333333333337,0.0,CoherenceRegime.SUBCOHERENT,21.221209970508696,0.8001980000000001,WallProximity.CRITICAL,True,0.6284659179406685,0.0,0.6993073420184516,0.13267701424557155,True,
58,"2,3-Dimethyl-C7",Branched alkanes,Alkanes,Gasoline,7,100.198,999011467728.4476,13,1872584,2,0.9166666666666666,1.0,1.0,0.08333333333333337,0.0,CoherenceRegime.SUBCOHERENT,21.221209970508696,0.8001980000000001,WallProximity.CRITICAL,True,0.6284659179406685,0.0,0.6993073420184516,0.13267701424557155,True,
59,"2,4-Dimethyl-C7",Branched alkanes,Alkanes,Gasoline,7,100.198,999011467728.4476,14,1872584,2,0.9166666666666666,1.0,1.0,0.08333333333333337,0.0,CoherenceRegime.SUBCOHERENT,21.221209970508696,0.8001980000000001,WallProximity.CRITICAL,True,0.6284659179406685,0.0,0.6993073420184516,0.13267701424557155,True,
60,"2,2,3-Trimethyl-C7",Branched alkanes,Alkanes,Gasoline,7,100.198,999011467728.4476,16,1872648,0,1.0,1.0,0.0,0.0,0.0,CoherenceRegime.SUBCOHERENT,21.221209970508696,0.8001980000000001,WallProximity.CRITICAL,True,0.6284659179406685,0.0,0.6993073420184516,0.13267701424557155,True,
61,2-Ethyl-C7,Branched alkanes,Alkanes,Gasoline,7,100.198,999011467728.4476,13,1872584,2,0.9166666666666666,1.0,1.0,0.08333333333333337,0.0,CoherenceRegime.SUBCOHERENT,21.221209970508696,0.8001980000000001,WallProximity.CRITICAL,True,0.6284659179406685,0.0,0.6993073420184516,0.13267701424557155,True,
62,3-Ethyl-C7,Branched alkanes,Alkanes,Gasoline,7,100.198,999011467728.4476,13,1872584,2,0.9166666666666666,1.0,1.0,0.08333333333333337,0.0,CoherenceRegime.SUBCOHERENT,21.221209970508696,0.8001980000000001,WallProximity.CRITICAL,True,0.6284659179406685,0.0,0.6993073420184516,0.13267701424557155,True,
63,2-Methyl-C8,Branched alkanes,Alkanes,Gasoline,8,114.224,935667010900.7026,10,2134665,3,0.875,0.975,1.0,0.09999999999999998,0.0,CoherenceRegime.SUBCOHERENT,27.639081767641613,0.914224,WallProximity.WARNING,True,0.29999661553962353,0.0,0.7447570440936945,0.1441523610703951,True,
64,3-Methyl-C8,Branched alkanes,Alkanes,Gasoline,8,114.224,935667010900.7026,10,2134665,3,0.875,0.975,1.0,0.09999999999999998,0.0,CoherenceRegime.SUBCOHERENT,27.639081767641613,0.914224,WallProximity.WARNING,True,0.29999661553962353,0.0,0.7447570440936945,0.1441523610703951,True,
65,"2,2-Dimethyl-C8",Branched alkanes,Alkanes,Gasoline,8,114.224,935667010900.7026,13,2134729,0,1.0,1.0,0.0,0.0,0.0,CoherenceRegime.SUBCOHERENT,27.639081767641613,0.914224,WallProximity.WARNING,True,0.29999661553962353,0.0,0.7447570440936945,0.1441523610703951,True,
66,"2,3-Dimethyl-C8",Branched alkanes,Alkanes,Gasoline,8,114.224,935667010900.7026,14,2134729,0,1.0,1.0,0.0,0.0,0.0,CoherenceRegime.SUBCOHERENT,27.639081767641613,0.914224,WallProximity.WARNING,True,0.29999661553962353,0.0,0.7447570440936945,0.1441523610703951,True,
67,"2,4-Dimethyl-C8",Branched alkanes,Alkanes,Gasoline,8,114.224,935667010900.7026,15,2134729,0,1.0,1.0,0.0,0.0,0.0,CoherenceRegime.SUBCOHERENT,27.639081767641613,0.914224,WallProximity.WARNING,True,0.29999661553962353,0.0,0.7447570440936945,0.1441523610703951,True,
68,"2,2,3-Trimethyl-C8",Branched alkanes,Alkanes,Gasoline,8,114.224,935667010900.7026,17,2134793,0,1.0,1.0,0.0,0.0,0.0,CoherenceRegime.SUBCOHERENT,27.639081767641613,0.914224,WallProximity.WARNING,True,0.29999661553962353,0.0,0.7447570440936945,0.1441523610703951,True,
69,2-Ethyl-C8,Branched alkanes,Alkanes,Gasoline,8,114.224,935667010900.7026,14,2134729,0,1.0,1.0,0.0,0.0,0.0,CoherenceRegime.SUBCOHERENT,27.639081767641613,0.914224,WallProximity.WARNING,True,0.29999661553962353,0.0,0.7447570440936945,0.1441523610703951,True,
70,3-Ethyl-C8,Branched alkanes,Alkanes,Gasoline,8,114.224,935667010900.7026,14,2134729,0,1.0,1.0,0.0,0.0,0.0,CoherenceRegime.SUBCOHERENT,27.639081767641613,0.914224,WallProximity.WARNING,True,0.29999661553962353,0.0,0.7447570440936945,0.1441523610703951,True,
71,2-Methyl-C9,Branched alkanes,Alkanes,Gasoline,9,128.25,883021571376.6958,11,2396809,0,1.0,1.0,0.0,0.0,0.0,CoherenceRegime.SUBCOHERENT,34.90355957613624,1.02825,WallProximity.CAUTION,True,0.0,0.0,0.7790206483870205,0.15428697199518185,True,
72,3-Methyl-C9,Branched alkanes,Alkanes,Gasoline,9,128.25,883021571376.6958,11,2396809,0,1.0,1.0,0.0,0.0,0.0,CoherenceRegime.SUBCOHERENT,34.90355957613624,1.02825,WallProximity.CAUTION,True,0.0,0.0,0.7790206483870205,0.15428697199518185,True,
73,"2,2-Dimethyl-C9",Branched alkanes,Alkanes,Gasoline,9,128.25,883021571376.6958,14,2396873,0,1.0,1.0,0.0,0.0,0.0,CoherenceRegime.SUBCOHERENT,34.90355957613624,1.02825,WallProximity.CAUTION,True,0.0,0.0,0.7790206483870205,0.15428697199518185,True,
74,"2,3-Dimethyl-C9",Branched alkanes,Alkanes,Gasoline,9,128.25,883021571376.6958,15,2396873,0,1.0,1.0,0.0,0.0,0.0,CoherenceRegime.SUBCOHERENT,34.90355957613624,1.02825,WallProximity.CAUTION,True,0.0,0.0,0.7790206483870205,0.15428697199518185,True,
75,"2,4-Dimethyl-C9",Branched alkanes,Alkanes,Gasoline,9,128.25,883021571376.6958,16,2396937,0,1.0,1.0,0.0,0.0,0.0,CoherenceRegime.SUBCOHERENT,34.90355957613624,1.02825,WallProximity.CAUTION,True,0.0,0.0,0.7790206483870205,0.15428697199518185,True,
76,"2,2,3-Trimethyl-C9",Branched alkanes,Alkanes,Gasoline,9,128.25,883021571376.6958,18,2396937,0,1.0,1.0,0.0,0.0,0.0,CoherenceRegime.SUBCOHERENT,34.90355957613624,1.02825,WallProximity.CAUTION,True,0.0,0.0,0.7790206483870205,0.15428697199518185,True,
77,2-Ethyl-C9,Branched alkanes,Alkanes,Gasoline,9,128.25,883021571376.6958,15,2396873,0,1.0,1.0,0.0,0.0,0.0,CoherenceRegime.SUBCOHERENT,34.90355957613624,1.02825,WallProximity.CAUTION,True,0.0,0.0,0.7790206483870205,0.15428697199518185,True,
78,3-Ethyl-C9,Branched alkanes,Alkanes,Gasoline,9,128.25,883021571376.6958,15,2396873,0,1.0,1.0,0.0,0.0,0.0,CoherenceRegime.SUBCOHERENT,34.90355957613624,1.02825,WallProximity.CAUTION,True,0.0,0.0,0.7790206483870205,0.15428697199518185,True,
79,2-Methyl-C10,Branched alkanes,Alkanes,Gasoline,10,142.276,838367002781.6842,12,2659017,3,0.875,0.975,1.0,0.09999999999999998,0.0,CoherenceRegime.SUBCOHERENT,43.01464339599258,1.142276,WallProximity.CAUTION,True,0.0,0.0,0.8017320509825592,0.16336163268230458,True,
80,3-Methyl-C10,Branched alkanes,Alkanes,Gasoline,10,142.276,838367002781.6842,12,2659017,3,0.875,0.975,1.0,0.09999999999999998,0.0,CoherenceRegime.SUBCOHERENT,43.01464339599258,1.142276,WallProximity.CAUTION,True,0.0,0.0,0.8017320509825592,0.16336163268230458,True,
81,"2,2-Dimethyl-C10",Branched alkanes,Alkanes,Gasoline,10,142.276,838367002781.6842,15,2659017,3,0.875,0.975,1.0,0.09999999999999998,0.0,CoherenceRegime.SUBCOHERENT,43.01464339599258,1.142276,WallProximity.CAUTION,True,0.0,0.0,0.8017320509825592,0.16336163268230458,True,
82,"2,3-Dimethyl-C10",Branched alkanes,Alkanes,Gasoline,10,142.276,838367002781.6842,16,2659081,0,1.0,1.0,0.0,0.0,0.0,CoherenceRegime.SUBCOHERENT,43.01464339599258,1.142276,WallProximity.CAUTION,True,0.0,0.0,0.8017320509825592,0.16336163268230458,True,
83,"2,4-Dimethyl-C10",Branched alkanes,Alkanes,Gasoline,10,142.276,838367002781.6842,17,2659081,0,1.0,1.0,0.0,0.0,0.0,CoherenceRegime.SUBCOHERENT,43.01464339599258,1.142276,WallProximity.CAUTION,True,0.0,0.0,0.8017320509825592,0.16336163268230458,True,
84,"2,2,3-Trimethyl-C10",Branched alkanes,Alkanes,Gasoline,10,142.276,838367002781.6842,19,2659081,0,1.0,1.0,0.0,0.0,0.0,CoherenceRegime.SUBCOHERENT,43.01464339599258,1.142276,WallProximity.CAUTION,True,0.0,0.0,0.8017320509825592,0.16336163268230458,True,
85,2-Ethyl-C10,Branched alkanes,Alkanes,Gasoline,10,142.276,838367002781.6842,16,2659081,0,1.0,1.0,0.0,0.0,0.0,CoherenceRegime.SUBCOHERENT,43.01464339599258,1.142276,WallProximity.CAUTION,True,0.0,0.0,0.8017320509825592,0.16336163268230458,True,
86,3-Ethyl-C10,Branched alkanes,Alkanes,Gasoline,10,142.276,838367002781.6842,16,2659081,0,1.0,1.0,0.0,0.0,0.0,CoherenceRegime.SUBCOHERENT,43.01464339599258,1.142276,WallProximity.CAUTION,True,0.0,0.0,0.8017320509825592,0.16336163268230458,True,
87,2-Methyl-C11,Branched alkanes,Alkanes,Gasoline,11,156.302,799866913217.5398,13,2921161,3,0.875,0.975,1.0,0.09999999999999998,0.001034128663257694,CoherenceRegime.SUBCOHERENT,51.97233322721061,1.256302,WallProximity.SAFE,True,0.0,0.001211561585902698,0.8128183517932119,0.17157722143205836,True,
88,3-Methyl-C11,Branched alkanes,Alkanes,Gasoline,11,156.302,799866913217.5398,13,2921161,3,0.875,0.975,1.0,0.09999999999999998,0.001034128663257694,CoherenceRegime.SUBCOHERENT,51.97233322721061,1.256302,WallProximity.SAFE,True,0.0,0.001211561585902698,0.8128183517932119,0.17157722143205836,True,
89,"2,2-Dimethyl-C11",Branched alkanes,Alkanes,Gasoline,11,156.302,799866913217.5398,16,2921225,0,1.0,1.0,0.0,0.0,0.001034128663257694,CoherenceRegime.SUBCOHERENT,51.97233322721061,1.256302,WallProximity.SAFE,True,0.0,0.001211561585902698,0.8128183517932119,0.17157722143205836,True,
90,"2,3-Dimethyl-C11",Branched alkanes,Alkanes,Gasoline,11,156.302,799866913217.5398,17,2921225,0,1.0,1.0,0.0,0.0,0.001034128663257694,CoherenceRegime.SUBCOHERENT,51.97233322721061,1.256302,WallProximity.SAFE,True,0.0,0.001211561585902698,0.8128183517932119,0.17157722143205836,True,
91,"2,4-Dimethyl-C11",Branched alkanes,Alkanes,Gasoline,11,156.302,799866913217.5398,18,2921225,0,1.0,1.0,0.0,0.0,0.001034128663257694,CoherenceRegime.SUBCOHERENT,51.97233322721061,1.256302,WallProximity.SAFE,True,0.0,0.001211561585902698,0.8128183517932119,0.17157722143205836,True,
92,"2,2,3-Trimethyl-C11",Branched alkanes,Alkanes,Gasoline,11,156.302,799866913217.5398,20,2921289,0,1.0,1.0,0.0,0.0,0.001034128663257694,CoherenceRegime.SUBCOHERENT,51.97233322721061,1.256302,WallProximity.SAFE,True,0.0,0.001211561585902698,0.8128183517932119,0.17157722143205836,True,
93,2-Ethyl-C11,Branched alkanes,Alkanes,Gasoline,11,156.302,799866913217.5398,17,2921225,0,1.0,1.0,0.0,0.0,0.001034128663257694,CoherenceRegime.SUBCOHERENT,51.97233322721061,1.256302,WallProximity.SAFE,True,0.0,0.001211561585902698,0.8128183517932119,0.17157722143205836,True,
94,3-Ethyl-C11,Branched alkanes,Alkanes,Gasoline,11,156.302,799866913217.5398,17,2921225,0,1.0,1.0,0.0,0.0,0.001034128663257694,CoherenceRegime.SUBCOHERENT,51.97233322721061,1.256302,WallProximity.SAFE,True,0.0,0.001211561585902698,0.8128183517932119,0.17157722143205836,True,
95,2-Methyl-C12,Branched alkanes,Alkanes,Gasoline,12,170.328,766226162165.0073,14,3179209,2,0.9166666666666666,1.0,1.0,0.08333333333333337,0.0,CoherenceRegime.SUBCOHERENT,61.776629069790374,1.3703280000000002,WallProximity.SAFE,True,0.0,0.0,0.8125262685665692,0.1790824206711787,True,
96,3-Methyl-C12,Branched alkanes,Alkanes,Gasoline,12,170.328,766226162165.0073,14,3179209,2,0.9166666666666666,1.0,1.0,0.08333333333333337,0.0,CoherenceRegime.SUBCOHERENT,61.776629069790374,1.3703280000000002,WallProximity.SAFE,True,0.0,0.0,0.8125262685665692,0.1790824206711787,True,
97,"2,2-Dimethyl-C12",Branched alkanes,Alkanes,Gasoline,12,170.328,766226162165.0073,17,3179273,2,0.9166666666666666,1.0,1.0,0.08333333333333337,0.0,CoherenceRegime.SUBCOHERENT,61.776629069790374,1.3703280000000002,WallProximity.SAFE,True,0.0,0.0,0.8125262685665692,0.1790824206711787,True,
98,"2,3-Dimethyl-C12",Branched alkanes,Alkanes,Gasoline,12,170.328,766226162165.0073,18,3179273,2,0.9166666666666666,1.0,1.0,0.08333333333333337,0.0,CoherenceRegime.SUBCOHERENT,61.776629069790374,1.3703280000000002,WallProximity.SAFE,True,0.0,0.0,0.8125262685665692,0.1790824206711787,True,
99,"2,4-Dimethyl-C12",Branched alkanes,Alkanes,Gasoline,12,170.328,766226162165.0073,19,3179273,2,0.9166666666666666,1.0,1.0,0.08333333333333337,0.0,CoherenceRegime.SUBCOHERENT,61.776629069790374,1.3703280000000002,WallProximity.SAFE,True,0.0,0.0,0.8125262685665692,0.1790824206711787,True,
100,"2,2,3-Trimethyl-C12",Branched alkanes,Alkanes,Gasoline,12,170.328,766226162165.0073,21,3179337,3,0.875,0.975,1.0,0.09999999999999998,0.0,CoherenceRegime.SUBCOHERENT,61.776629069790374,1.3703280000000002,WallProximity.SAFE,True,0.0,0.0,0.8125262685665692,0.1790824206711787,True,
101,2-Ethyl-C12,Branched alkanes,Alkanes,Gasoline,12,170.328,766226162165.0073,18,3179273,2,0.9166666666666666,1.0,1.0,0.08333333333333337,0.0,CoherenceRegime.SUBCOHERENT,61.776629069790374,1.3703280000000002,WallProximity.SAFE,True,0.0,0.0,0.8125262685665692,0.1790824206711787,True,
102,3-Ethyl-C12,Branched alkanes,Alkanes,Gasoline,12,170.328,766226162165.0073,18,3179273,2,0.9166666666666666,1.0,1.0,0.08333333333333337,0.0,CoherenceRegime.SUBCOHERENT,61.776629069790374,1.3703280000000002,WallProximity.SAFE,True,0.0,0.0,0.8125262685665692,0.1790824206711787,True,
103,2-Methyl-C13,Branched alkanes,Alkanes,Diesel,13,184.354,736501638657.2075,15,3441361,2,0.9166666666666666,1.0,1.0,0.08333333333333337,0.0,CoherenceRegime.SUBCOHERENT,72.42753092373184,1.4843540000000002,WallProximity.SAFE,True,0.0,0.0,0.8014205114468184,0.18599036802238267,True,
104,3-Methyl-C13,Branched alkanes,Alkanes,Diesel,13,184.354,736501638657.2075,15,3441361,2,0.9166666666666666,1.0,1.0,0.08333333333333337,0.0,CoherenceRegime.SUBCOHERENT,72.42753092373184,1.4843540000000002,WallProximity.SAFE,True,0.0,0.0,0.8014205114468184,0.18599036802238267,True,
105,"2,2-Dimethyl-C13",Branched alkanes,Alkanes,Diesel,13,184.354,736501638657.2075,18,3441425,3,0.875,0.975,1.0,0.09999999999999998,0.0,CoherenceRegime.SUBCOHERENT,72.42753092373184,1.4843540000000002,WallProximity.SAFE,True,0.0,0.0,0.8014205114468184,0.18599036802238267,True,
106,"2,3-Dimethyl-C13",Branched alkanes,Alkanes,Diesel,13,184.354,736501638657.2075,19,3441425,3,0.875,0.975,1.0,0.09999999999999998,0.0,CoherenceRegime.SUBCOHERENT,72.42753092373184,1.4843540000000002,WallProximity.SAFE,True,0.0,0.0,0.8014205114468184,0.18599036802238267,True,
107,"2,4-Dimethyl-C13",Branched alkanes,Alkanes,Diesel,13,184.354,736501638657.2075,20,3441489,2,0.9166666666666666,1.0,1.0,0.08333333333333337,0.0,CoherenceRegime.SUBCOHERENT,72.42753092373184,1.4843540000000002,WallProximity.SAFE,True,0.0,0.0,0.8014205114468184,0.18599036802238267,True,
108,"2,2,3-Trimethyl-C13",Branched alkanes,Alkanes,Diesel,13,184.354,736501638657.2075,22,3441489,2,0.9166666666666666,1.0,1.0,0.08333333333333337,0.0,CoherenceRegime.SUBCOHERENT,72.42753092373184,1.4843540000000002,WallProximity.SAFE,True,0.0,0.0,0.8014205114468184,0.18599036802238267,True,
109,2-Ethyl-C13,Branched alkanes,Alkanes,Diesel,13,184.354,736501638657.2075,19,3441425,3,0.875,0.975,1.0,0.09999999999999998,0.0,CoherenceRegime.SUBCOHERENT,72.42753092373184,1.4843540000000002,WallProximity.SAFE,True,0.0,0.0,0.8014205114468184,0.18599036802238267,True,
110,3-Ethyl-C13,Branched alkanes,Alkanes,Diesel,13,184.354,736501638657.2075,19,3441425,3,0.875,0.975,1.0,0.09999999999999998,0.0,CoherenceRegime.SUBCOHERENT,72.42753092373184,1.4843540000000002,WallProximity.SAFE,True,0.0,0.0,0.8014205114468184,0.18599036802238267,True,
111,2-Methyl-C14,Branched alkanes,Alkanes,Diesel,14,198.38,709988079400.2195,16,3703569,3,0.875,0.975,1.0,0.09999999999999998,0.0,CoherenceRegime.SUBCOHERENT,83.92503878903499,1.5983800000000001,WallProximity.SAFE,True,0.0,0.0,0.7803595749141533,0.1923891550645221,True,
112,3-Methyl-C14,Branched alkanes,Alkanes,Diesel,14,198.38,709988079400.2195,16,3703569,3,0.875,0.975,1.0,0.09999999999999998,0.0,CoherenceRegime.SUBCOHERENT,83.92503878903499,1.5983800000000001,WallProximity.SAFE,True,0.0,0.0,0.7803595749141533,0.1923891550645221,True,
113,"2,2-Dimethyl-C14",Branched alkanes,Alkanes,Diesel,14,198.38,709988079400.2195,19,3703569,3,0.875,0.975,1.0,0.09999999999999998,0.0,CoherenceRegime.SUBCOHERENT,83.92503878903499,1.5983800000000001,WallProximity.SAFE,True,0.0,0.0,0.7803595749141533,0.1923891550645221,True,
114,"2,3-Dimethyl-C14",Branched alkanes,Alkanes,Diesel,14,198.38,709988079400.2195,20,3703633,2,0.9166666666666666,1.0,1.0,0.08333333333333337,0.0,CoherenceRegime.SUBCOHERENT,83.92503878903499,1.5983800000000001,WallProximity.SAFE,True,0.0,0.0,0.7803595749141533,0.1923891550645221,True,
115,"2,4-Dimethyl-C14",Branched alkanes,Alkanes,Diesel,14,198.38,709988079400.2195,21,3703633,2,0.9166666666666666,1.0,1.0,0.08333333333333337,0.0,CoherenceRegime.SUBCOHERENT,83.92503878903499,1.5983800000000001,WallProximity.SAFE,True,0.0,0.0,0.7803595749141533,0.1923891550645221,True,
116,"2,2,3-Trimethyl-C14",Branched alkanes,Alkanes,Diesel,14,198.38,709988079400.2195,23,3703633,2,0.9166666666666666,1.0,1.0,0.08333333333333337,0.0,CoherenceRegime.SUBCOHERENT,83.92503878903499,1.5983800000000001,WallProximity.SAFE,True,0.0,0.0,0.7803595749141533,0.1923891550645221,True,
117,2-Ethyl-C14,Branched alkanes,Alkanes,Diesel,14,198.38,709988079400.2195,20,3703633,2,0.9166666666666666,1.0,1.0,0.08333333333333337,0.0,CoherenceRegime.SUBCOHERENT,83.92503878903499,1.5983800000000001,WallProximity.SAFE,True,0.0,0.0,0.7803595749141533,0.1923891550645221,True,
118,3-Ethyl-C14,Branched alkanes,Alkanes,Diesel,14,198.38,709988079400.2195,20,3703633,2,0.9166666666666666,1.0,1.0,0.08333333333333337,0.0,CoherenceRegime.SUBCOHERENT,83.92503878903499,1.5983800000000001,WallProximity.SAFE,True,0.0,0.0,0.7803595749141533,0.1923891550645221,True,
119,2-Methyl-C15,Branched alkanes,Alkanes,Diesel,15,212.406,686146116732.9568,17,3965713,0,1.0,1.0,0.0,0.0,0.0,CoherenceRegime.SUBCOHERENT,96.26915266569986,1.712406,WallProximity.SAFE,True,0.0,0.0,0.7504537250958354,0.1983487149292778,True,
120,3-Methyl-C15,Branched alkanes,Alkanes,Diesel,15,212.406,686146116732.9568,17,3965713,0,1.0,1.0,0.0,0.0,0.0,CoherenceRegime.SUBCOHERENT,96.26915266569986,1.712406,WallProximity.SAFE,True,0.0,0.0,0.7504537250958354,0.1983487149292778,True,
121,"2,2-Dimethyl-C15",Branched alkanes,Alkanes,Diesel,15,212.406,686146116732.9568,20,3965777,3,0.875,0.975,1.0,0.09999999999999998,0.0,CoherenceRegime.SUBCOHERENT,96.26915266569986,1.712406,WallProximity.SAFE,True,0.0,0.0,0.7504537250958354,0.1983487149292778,True,
122,"2,3-Dimethyl-C15",Branched alkanes,Alkanes,Diesel,15,212.406,686146116732.9568,21,3965777,3,0.875,0.975,1.0,0.09999999999999998,0.0,CoherenceRegime.SUBCOHERENT,96.26915266569986,1.712406,WallProximity.SAFE,True,0.0,0.0,0.7504537250958354,0.1983487149292778,True,
123,"2,4-Dimethyl-C15",Branched alkanes,Alkanes,Diesel,15,212.406,686146116732.9568,22,3965777,3,0.875,0.975,1.0,0.09999999999999998,0.0,CoherenceRegime.SUBCOHERENT,96.26915266569986,1.712406,WallProximity.SAFE,True,0.0,0.0,0.7504537250958354,0.1983487149292778,True,
124,"2,2,3-Trimethyl-C15",Branched alkanes,Alkanes,Diesel,15,212.406,686146116732.9568,24,3965841,3,0.875,0.975,1.0,0.09999999999999998,0.0,CoherenceRegime.SUBCOHERENT,96.26915266569986,1.712406,WallProximity.SAFE,True,0.0,0.0,0.7504537250958354,0.1983487149292778,True,
125,2-Ethyl-C15,Branched alkanes,Alkanes,Diesel,15,212.406,686146116732.9568,21,3965777,3,0.875,0.975,1.0,0.09999999999999998,0.0,CoherenceRegime.SUBCOHERENT,96.26915266569986,1.712406,WallProximity.SAFE,True,0.0,0.0,0.7504537250958354,0.1983487149292778,True,
126,3-Ethyl-C15,Branched alkanes,Alkanes,Diesel,15,212.406,686146116732.9568,21,3965777,3,0.875,0.975,1.0,0.09999999999999998,0.0,CoherenceRegime.SUBCOHERENT,96.26915266569986,1.712406,WallProximity.SAFE,True,0.0,0.0,0.7504537250958354,0.1983487149292778,True,
127,2-Methyl-C16,Branched alkanes,Alkanes,Diesel,16,226.432,664555258312.6898,18,4227858,3,0.875,0.975,1.0,0.09999999999999998,0.0,CoherenceRegime.SUBCOHERENT,109.45987255372643,1.826432,WallProximity.SAFE,True,0.0,0.0,0.7130099647144913,0.20392549381492092,True,
128,3-Methyl-C16,Branched alkanes,Alkanes,Diesel,16,226.432,664555258312.6898,18,4227858,3,0.875,0.975,1.0,0.09999999999999998,0.0,CoherenceRegime.SUBCOHERENT,109.45987255372643,1.826432,WallProximity.SAFE,True,0.0,0.0,0.7130099647144913,0.20392549381492092,True,
129,"2,2-Dimethyl-C16",Branched alkanes,Alkanes,Diesel,16,226.432,664555258312.6898,21,4227922,0,1.0,1.0,0.0,0.0,0.0,CoherenceRegime.SUBCOHERENT,109.45987255372643,1.826432,WallProximity.SAFE,True,0.0,0.0,0.7130099647144913,0.20392549381492092,True,
130,"2,3-Dimethyl-C16",Branched alkanes,Alkanes,Diesel,16,226.432,664555258312.6898,22,4227922,0,1.0,1.0,0.0,0.0,0.0,CoherenceRegime.SUBCOHERENT,109.45987255372643,1.826432,WallProximity.SAFE,True,0.0,0.0,0.7130099647144913,0.20392549381492092,True,
131,"2,4-Dimethyl-C16",Branched alkanes,Alkanes,Diesel,16,226.432,664555258312.6898,23,4227922,0,1.0,1.0,0.0,0.0,0.0,CoherenceRegime.SUBCOHERENT,109.45987255372643,1.826432,WallProximity.SAFE,True,0.0,0.0,0.7130099647144913,0.20392549381492092,True,
132,"2,2,3-Trimethyl-C16",Branched alkanes,Alkanes,Diesel,16,226.432,664555258312.6898,25,4227986,0,1.0,1.0,0.0,0.0,0.0,CoherenceRegime.SUBCOHERENT,109.45987255372643,1.826432,WallProximity.SAFE,True,0.0,0.0,0.7130099647144913,0.20392549381492092,True,
133,2-Ethyl-C16,Branched alkanes,Alkanes,Diesel,16,226.432,664555258312.6898,22,4227922,0,1.0,1.0,0.0,0.0,0.0,CoherenceRegime.SUBCOHERENT,109.45987255372643,1.826432,WallProximity.SAFE,True,0.0,0.0,0.7130099647144913,0.20392549381492092,True,
134,3-Ethyl-C16,Branched alkanes,Alkanes,Diesel,16,226.432,664555258312.6898,22,4227922,0,1.0,1.0,0.0,0.0,0.0,CoherenceRegime.SUBCOHERENT,109.45987255372643,1.826432,WallProximity.SAFE,True,0.0,0.0,0.7130099647144913,0.20392549381492092,True,
135,2-Methyl-C17,Branched alkanes,Alkanes,Diesel,17,240.458,644882192557.4109,19,4490002,3,0.875,0.975,1.0,0.09999999999999998,0.0007374461291984602,CoherenceRegime.SUBCOHERENT,123.49719845311473,1.9404580000000002,WallProximity.SAFE,True,0.0,0.0008916945728187334,0.6694688654569966,0.20916571056916083,True,
136,3-Methyl-C17,Branched alkanes,Alkanes,Diesel,17,240.458,644882192557.4109,19,4490002,3,0.875,0.975,1.0,0.09999999999999998,0.0007374461291984602,CoherenceRegime.SUBCOHERENT,123.49719845311473,1.9404580000000002,WallProximity.SAFE,True,0.0,0.0008916945728187334,0.6694688654569966,0.20916571056916083,True,
137,"2,2-Dimethyl-C17",Branched alkanes,Alkanes,Diesel,17,240.458,644882192557.4109,22,4490066,3,0.875,0.975,1.0,0.09999999999999998,0.0007374461291984602,CoherenceRegime.SUBCOHERENT,123.49719845311473,1.9404580000000002,WallProximity.SAFE,True,0.0,0.0008916945728187334,0.6694688654569966,0.20916571056916083,True,
138,"2,3-Dimethyl-C17",Branched alkanes,Alkanes,Diesel,17,240.458,644882192557.4109,23,4490066,3,0.875,0.975,1.0,0.09999999999999998,0.0007374461291984602,CoherenceRegime.SUBCOHERENT,123.49719845311473,1.9404580000000002,WallProximity.SAFE,True,0.0,0.0008916945728187334,0.6694688654569966,0.20916571056916083,True,
139,"2,4-Dimethyl-C17",Branched alkanes,Alkanes,Diesel,17,240.458,644882192557.4109,24,4490130,3,0.875,0.975,1.0,0.09999999999999998,0.0007374461291984602,CoherenceRegime.SUBCOHERENT,123.49719845311473,1.9404580000000002,WallProximity.SAFE,True,0.0,0.0008916945728187334,0.6694688654569966,0.20916571056916083,True,
140,"2,2,3-Trimethyl-C17",Branched alkanes,Alkanes,Diesel,17,240.458,644882192557.4109,26,4490130,3,0.875,0.975,1.0,0.09999999999999998,0.0007374461291984602,CoherenceRegime.SUBCOHERENT,123.49719845311473,1.9404580000000002,WallProximity.SAFE,True,0.0,0.0008916945728187334,0.6694688654569966,0.20916571056916083,True,
141,2-Ethyl-C17,Branched alkanes,Alkanes,Diesel,17,240.458,644882192557.4109,23,4490066,3,0.875,0.975,1.0,0.09999999999999998,0.0007374461291984602,CoherenceRegime.SUBCOHERENT,123.49719845311473,1.9404580000000002,WallProximity.SAFE,True,0.0,0.0008916945728187334,0.6694688654569966,0.20916571056916083,True,
142,3-Ethyl-C17,Branched alkanes,Alkanes,Diesel,17,240.458,644882192557.4109,23,4490066,3,0.875,0.975,1.0,0.09999999999999998,0.0007374461291984602,CoherenceRegime.SUBCOHERENT,123.49719845311473,1.9404580000000002,WallProximity.SAFE,True,0.0,0.0008916945728187334,0.6694688654569966,0.20916571056916083,True,
143,2-Methyl-C18,Branched alkanes,Alkanes,Diesel,18,254.484,626858845913.6626,20,4748114,0,1.0,1.0,0.0,0.0,0.0,CoherenceRegime.SUBCOHERENT,138.3811303638647,2.054484,WallProximity.SAFE,True,0.0,0.0,0.6213381120750965,0.2141076873808912,True,
144,3-Methyl-C18,Branched alkanes,Alkanes,Diesel,18,254.484,626858845913.6626,20,4748114,0,1.0,1.0,0.0,0.0,0.0,CoherenceRegime.SUBCOHERENT,138.3811303638647,2.054484,WallProximity.SAFE,True,0.0,0.0,0.6213381120750965,0.2141076873808912,True,
145,"2,2-Dimethyl-C18",Branched alkanes,Alkanes,Diesel,18,254.484,626858845913.6626,23,4748114,0,1.0,1.0,0.0,0.0,0.0,CoherenceRegime.SUBCOHERENT,138.3811303638647,2.054484,WallProximity.SAFE,True,0.0,0.0,0.6213381120750965,0.2141076873808912,True,
146,"2,3-Dimethyl-C18",Branched alkanes,Alkanes,Diesel,18,254.484,626858845913.6626,24,4748178,0,1.0,1.0,0.0,0.0,0.0,CoherenceRegime.SUBCOHERENT,138.3811303638647,2.054484,WallProximity.SAFE,True,0.0,0.0,0.6213381120750965,0.2141076873808912,True,
147,"2,4-Dimethyl-C18",Branched alkanes,Alkanes,Diesel,18,254.484,626858845913.6626,25,4748178,0,1.0,1.0,0.0,0.0,0.0,CoherenceRegime.SUBCOHERENT,138.3811303638647,2.054484,WallProximity.SAFE,True,0.0,0.0,0.6213381120750965,0.2141076873808912,True,
148,"2,2,3-Trimethyl-C18",Branched alkanes,Alkanes,Diesel,18,254.484,626858845913.6626,27,4748178,0,1.0,1.0,0.0,0.0,0.0,CoherenceRegime.SUBCOHERENT,138.3811303638647,2.054484,WallProximity.SAFE,True,0.0,0.0,0.6213381120750965,0.2141076873808912,True,
149,2-Ethyl-C18,Branched alkanes,Alkanes,Diesel,18,254.484,626858845913.6626,24,4748178,0,1.0,1.0,0.0,0.0,0.0,CoherenceRegime.SUBCOHERENT,138.3811303638647,2.054484,WallProximity.SAFE,True,0.0,0.0,0.6213381120750965,0.2141076873808912,True,
150,3-Ethyl-C18,Branched alkanes,Alkanes,Diesel,18,254.484,626858845913.6626,24,4748178,0,1.0,1.0,0.0,0.0,0.0,CoherenceRegime.SUBCOHERENT,138.3811303638647,2.054484,WallProximity.SAFE,True,0.0,0.0,0.6213381120750965,0.2141076873808912,True,
151,2-Methyl-C19,Branched alkanes,Alkanes,Diesel,19,268.51,610266833430.1029,21,5010266,3,0.875,0.975,1.0,0.09999999999999998,0.0,CoherenceRegime.SUBCOHERENT,154.1116682859764,2.16851,WallProximity.SAFE,True,0.0,0.0,0.5701273044585125,0.21878355217837714,True,
152,3-Methyl-C19,Branched alkanes,Alkanes,Diesel,19,268.51,610266833430.1029,21,5010266,3,0.875,0.975,1.0,0.09999999999999998,0.0,CoherenceRegime.SUBCOHERENT,154.1116682859764,2.16851,WallProximity.SAFE,True,0.0,0.0,0.5701273044585125,0.21878355217837714,True,
153,"2,2-Dimethyl-C19",Branched alkanes,Alkanes,Diesel,19,268.51,610266833430.1029,24,5010330,0,1.0,1.0,0.0,0.0,0.0,CoherenceRegime.SUBCOHERENT,154.1116682859764,2.16851,WallProximity.SAFE,True,0.0,0.0,0.5701273044585125,0.21878355217837714,True,
154,"2,3-Dimethyl-C19",Branched alkanes,Alkanes,Diesel,19,268.51,610266833430.1029,25,5010330,0,1.0,1.0,0.0,0.0,0.0,CoherenceRegime.SUBCOHERENT,154.1116682859764,2.16851,WallProximity.SAFE,True,0.0,0.0,0.5701273044585125,0.21878355217837714,True,
155,"2,4-Dimethyl-C19",Branched alkanes,Alkanes,Diesel,19,268.51,610266833430.1029,26,5010330,0,1.0,1.0,0.0,0.0,0.0,CoherenceRegime.SUBCOHERENT,154.1116682859764,2.16851,WallProximity.SAFE,True,0.0,0.0,0.5701273044585125,0.21878355217837714,True,
156,"2,2,3-Trimethyl-C19",Branched alkanes,Alkanes,Diesel,19,268.51,610266833430.1029,28,5010394,0,1.0,1.0,0.0,0.0,0.0,CoherenceRegime.SUBCOHERENT,154.1116682859764,2.16851,WallProximity.SAFE,True,0.0,0.0,0.5701273044585125,0.21878355217837714,True,
157,2-Ethyl-C19,Branched alkanes,Alkanes,Diesel,19,268.51,610266833430.1029,25,5010330,0,1.0,1.0,0.0,0.0,0.0,CoherenceRegime.SUBCOHERENT,154.1116682859764,2.16851,WallProximity.SAFE,True,0.0,0.0,0.5701273044585125,0.21878355217837714,True,
158,3-Ethyl-C19,Branched alkanes,Alkanes,Diesel,19,268.51,610266833430.1029,25,5010330,0,1.0,1.0,0.0,0.0,0.0,CoherenceRegime.SUBCOHERENT,154.1116682859764,2.16851,WallProximity.SAFE,True,0.0,0.0,0.5701273044585125,0.21878355217837714,True,
159,2-Methyl-C20,Branched alkanes,Alkanes,Diesel,20,282.536,594926211713.4329,22,5272410,3,0.875,0.975,1.0,0.09999999999999998,0.0,CoherenceRegime.SUBCOHERENT,170.6888122194498,2.282536,WallProximity.SAFE,True,0.0,0.0,0.5172880014063855,0.223220505626067,True,
160,3-Methyl-C20,Branched alkanes,Alkanes,Diesel,20,282.536,594926211713.4329,22,5272410,3,0.875,0.975,1.0,0.09999999999999998,0.0,CoherenceRegime.SUBCOHERENT,170.6888122194498,2.282536,WallProximity.SAFE,True,0.0,0.0,0.5172880014063855,0.223220505626067,True,
161,"2,2-Dimethyl-C20",Branched alkanes,Alkanes,Diesel,20,282.536,594926211713.4329,25,5272474,3,0.875,0.975,1.0,0.09999999999999998,0.0,CoherenceRegime.SUBCOHERENT,170.6888122194498,2.282536,WallProximity.SAFE,True,0.0,0.0,0.5172880014063855,0.223220505626067,True,
162,"2,3-Dimethyl-C20",Branched alkanes,Alkanes,Diesel,20,282.536,594926211713.4329,26,5272474,3,0.875,0.975,1.0,0.09999999999999998,0.0,CoherenceRegime.SUBCOHERENT,170.6888122194498,2.282536,WallProximity.SAFE,True,0.0,0.0,0.5172880014063855,0.223220505626067,True,
163,"2,4-Dimethyl-C20",Branched alkanes,Alkanes,Diesel,20,282.536,594926211713.4329,27,5272474,3,0.875,0.975,1.0,0.09999999999999998,0.0,CoherenceRegime.SUBCOHERENT,170.6888122194498,2.282536,WallProximity.SAFE,True,0.0,0.0,0.5172880014063855,0.223220505626067,True,
164,"2,2,3-Trimethyl-C20",Branched alkanes,Alkanes,Diesel,20,282.536,594926211713.4329,29,5272538,0,1.0,1.0,0.0,0.0,0.0,CoherenceRegime.SUBCOHERENT,170.6888122194498,2.282536,WallProximity.SAFE,True,0.0,0.0,0.5172880014063855,0.223220505626067,True,
165,2-Ethyl-C20,Branched alkanes,Alkanes,Diesel,20,282.536,594926211713.4329,26,5272474,3,0.875,0.975,1.0,0.09999999999999998,0.0,CoherenceRegime.SUBCOHERENT,170.6888122194498,2.282536,WallProximity.SAFE,True,0.0,0.0,0.5172880014063855,0.223220505626067,True,
166,3-Ethyl-C20,Branched alkanes,Alkanes,Diesel,20,282.536,594926211713.4329,26,5272474,3,0.875,0.975,1.0,0.09999999999999998,0.0,CoherenceRegime.SUBCOHERENT,170.6888122194498,2.282536,WallProximity.SAFE,True,0.0,0.0,0.5172880014063855,0.223220505626067,True,
167,2-Methyl-C21,Branched alkanes,Alkanes,Diesel,21,296.562,580687194654.7695,23,5534554,2,0.9166666666666666,1.0,1.0,0.08333333333333337,0.0,CoherenceRegime.SUBCOHERENT,188.11256216428495,2.3965620000000003,WallProximity.SAFE,True,0.0,0.0,0.4641622042192316,0.2274417798721354,True,
168,3-Methyl-C21,Branched alkanes,Alkanes,Diesel,21,296.562,580687194654.7695,23,5534554,2,0.9166666666666666,1.0,1.0,0.08333333333333337,0.0,CoherenceRegime.SUBCOHERENT,188.11256216428495,2.3965620000000003,WallProximity.SAFE,True,0.0,0.0,0.4641622042192316,0.2274417798721354,True,
169,"2,2-Dimethyl-C21",Branched alkanes,Alkanes,Diesel,21,296.562,580687194654.7695,26,5534618,2,0.9166666666666666,1.0,1.0,0.08333333333333337,0.0,CoherenceRegime.SUBCOHERENT,188.11256216428495,2.3965620000000003,WallProximity.SAFE,True,0.0,0.0,0.4641622042192316,0.2274417798721354,True,
170,"2,3-Dimethyl-C21",Branched alkanes,Alkanes,Diesel,21,296.562,580687194654.7695,27,5534618,2,0.9166666666666666,1.0,1.0,0.08333333333333337,0.0,CoherenceRegime.SUBCOHERENT,188.11256216428495,2.3965620000000003,WallProximity.SAFE,True,0.0,0.0,0.4641622042192316,0.2274417798721354,True,
171,"2,4-Dimethyl-C21",Branched alkanes,Alkanes,Diesel,21,296.562,580687194654.7695,28,5534682,3,0.875,0.975,1.0,0.09999999999999998,0.0,CoherenceRegime.SUBCOHERENT,188.11256216428495,2.3965620000000003,WallProximity.SAFE,True,0.0,0.0,0.4641622042192316,0.2274417798721354,True,
172,"2,2,3-Trimethyl-C21",Branched alkanes,Alkanes,Diesel,21,296.562,580687194654.7695,30,5534682,3,0.875,0.975,1.0,0.09999999999999998,0.0,CoherenceRegime.SUBCOHERENT,188.11256216428495,2.3965620000000003,WallProximity.SAFE,True,0.0,0.0,0.4641622042192316,0.2274417798721354,True,
173,2-Ethyl-C21,Branched alkanes,Alkanes,Diesel,21,296.562,580687194654.7695,27,5534618,2,0.9166666666666666,1.0,1.0,0.08333333333333337,0.0,CoherenceRegime.SUBCOHERENT,188.11256216428495,2.3965620000000003,WallProximity.SAFE,True,0.0,0.0,0.4641622042192316,0.2274417798721354,True,
174,3-Ethyl-C21,Branched alkanes,Alkanes,Diesel,21,296.562,580687194654.7695,27,5534618,2,0.9166666666666666,1.0,1.0,0.08333333333333337,0.0,CoherenceRegime.SUBCOHERENT,188.11256216428495,2.3965620000000003,WallProximity.SAFE,True,0.0,0.0,0.4641622042192316,0.2274417798721354,True,
175,2-Methyl-C22,Branched alkanes,Alkanes,Diesel,22,310.588,567423951632.568,24,5796762,0,1.0,1.0,0.0,0.0,0.0,CoherenceRegime.SUBCOHERENT,206.38291812048178,2.5105880000000003,WallProximity.SAFE,True,0.0,0.0,0.411941542112675,0.23146737488029628,True,
176,3-Methyl-C22,Branched alkanes,Alkanes,Diesel,22,310.588,567423951632.568,24,5796762,0,1.0,1.0,0.0,0.0,0.0,CoherenceRegime.SUBCOHERENT,206.38291812048178,2.5105880000000003,WallProximity.SAFE,True,0.0,0.0,0.411941542112675,0.23146737488029628,True,
177,"2,2-Dimethyl-C22",Branched alkanes,Alkanes,Diesel,22,310.588,567423951632.568,27,5796762,0,1.0,1.0,0.0,0.0,0.0,CoherenceRegime.SUBCOHERENT,206.38291812048178,2.5105880000000003,WallProximity.SAFE,True,0.0,0.0,0.411941542112675,0.23146737488029628,True,
178,"2,3-Dimethyl-C22",Branched alkanes,Alkanes,Diesel,22,310.588,567423951632.568,28,5796826,0,1.0,1.0,0.0,0.0,0.0,CoherenceRegime.SUBCOHERENT,206.38291812048178,2.5105880000000003,WallProximity.SAFE,True,0.0,0.0,0.411941542112675,0.23146737488029628,True,
179,"2,4-Dimethyl-C22",Branched alkanes,Alkanes,Diesel,22,310.588,567423951632.568,29,5796826,0,1.0,1.0,0.0,0.0,0.0,CoherenceRegime.SUBCOHERENT,206.38291812048178,2.5105880000000003,WallProximity.SAFE,True,0.0,0.0,0.411941542112675,0.23146737488029628,True,
180,"2,2,3-Trimethyl-C22",Branched alkanes,Alkanes,Diesel,22,310.588,567423951632.568,31,5796826,0,1.0,1.0,0.0,0.0,0.0,CoherenceRegime.SUBCOHERENT,206.38291812048178,2.5105880000000003,WallProximity.SAFE,True,0.0,0.0,0.411941542112675,0.23146737488029628,True,
181,2-Ethyl-C22,Branched alkanes,Alkanes,Diesel,22,310.588,567423951632.568,28,5796826,0,1.0,1.0,0.0,0.0,0.0,CoherenceRegime.SUBCOHERENT,206.38291812048178,2.5105880000000003,WallProximity.SAFE,True,0.0,0.0,0.411941542112675,0.23146737488029628,True,
182,3-Ethyl-C22,Branched alkanes,Alkanes,Diesel,22,310.588,567423951632.568,28,5796826,0,1.0,1.0,0.0,0.0,0.0,CoherenceRegime.SUBCOHERENT,206.38291812048178,2.5105880000000003,WallProximity.SAFE,True,0.0,0.0,0.411941542112675,0.23146737488029628,True,
183,2-Methyl-C23,Branched alkanes,Alkanes,Diesel,23,324.61400000000003,555029896519.2572,25,6058906,3,0.875,0.975,1.0,0.09999999999999998,0.0,CoherenceRegime.SUBCOHERENT,225.49988008804033,2.6246140000000002,WallProximity.SAFE,True,0.0,0.0,0.36163842182956707,0.23531463152733306,True,
184,3-Methyl-C23,Branched alkanes,Alkanes,Diesel,23,324.61400000000003,555029896519.2572,25,6058906,3,0.875,0.975,1.0,0.09999999999999998,0.0,CoherenceRegime.SUBCOHERENT,225.49988008804033,2.6246140000000002,WallProximity.SAFE,True,0.0,0.0,0.36163842182956707,0.23531463152733306,True,
185,"2,2-Dimethyl-C23",Branched alkanes,Alkanes,Diesel,23,324.61400000000003,555029896519.2572,28,6058970,0,1.0,1.0,0.0,0.0,0.0,CoherenceRegime.SUBCOHERENT,225.49988008804033,2.6246140000000002,WallProximity.SAFE,True,0.0,0.0,0.36163842182956707,0.23531463152733306,True,
186,"2,3-Dimethyl-C23",Branched alkanes,Alkanes,Diesel,23,324.61400000000003,555029896519.2572,29,6058970,0,1.0,1.0,0.0,0.0,0.0,CoherenceRegime.SUBCOHERENT,225.49988008804033,2.6246140000000002,WallProximity.SAFE,True,0.0,0.0,0.36163842182956707,0.23531463152733306,True,
187,"2,4-Dimethyl-C23",Branched alkanes,Alkanes,Diesel,23,324.61400000000003,555029896519.2572,30,6058970,0,1.0,1.0,0.0,0.0,0.0,CoherenceRegime.SUBCOHERENT,225.49988008804033,2.6246140000000002,WallProximity.SAFE,True,0.0,0.0,0.36163842182956707,0.23531463152733306,True,
188,"2,2,3-Trimethyl-C23",Branched alkanes,Alkanes,Diesel,23,324.61400000000003,555029896519.2572,32,6058970,0,1.0,1.0,0.0,0.0,0.0,CoherenceRegime.SUBCOHERENT,225.49988008804033,2.6246140000000002,WallProximity.SAFE,True,0.0,0.0,0.36163842182956707,0.23531463152733306,True,
189,2-Ethyl-C23,Branched alkanes,Alkanes,Diesel,23,324.61400000000003,555029896519.2572,29,6058970,0,1.0,1.0,0.0,0.0,0.0,CoherenceRegime.SUBCOHERENT,225.49988008804033,2.6246140000000002,WallProximity.SAFE,True,0.0,0.0,0.36163842182956707,0.23531463152733306,True,
190,3-Ethyl-C23,Branched alkanes,Alkanes,Diesel,23,324.61400000000003,555029896519.2572,29,6058970,0,1.0,1.0,0.0,0.0,0.0,CoherenceRegime.SUBCOHERENT,225.49988008804033,2.6246140000000002,WallProximity.SAFE,True,0.0,0.0,0.36163842182956707,0.23531463152733306,True,
191,2-Methyl-C24,Branched alkanes,Alkanes,Diesel,24,338.64,543414061677.224,26,6321051,3,0.875,0.975,1.0,0.09999999999999998,0.0,CoherenceRegime.SUBCOHERENT,245.46344806696052,2.73864,WallProximity.SAFE,True,0.0,0.0,0.3140694284635896,0.2389986830533596,True,
192,3-Methyl-C24,Branched alkanes,Alkanes,Diesel,24,338.64,543414061677.224,26,6321051,3,0.875,0.975,1.0,0.09999999999999998,0.0,CoherenceRegime.SUBCOHERENT,245.46344806696052,2.73864,WallProximity.SAFE,True,0.0,0.0,0.3140694284635896,0.2389986830533596,True,
193,"2,2-Dimethyl-C24",Branched alkanes,Alkanes,Diesel,24,338.64,543414061677.224,29,6321115,0,1.0,1.0,0.0,0.0,0.0,CoherenceRegime.SUBCOHERENT,245.46344806696052,2.73864,WallProximity.SAFE,True,0.0,0.0,0.3140694284635896,0.2389986830533596,True,
194,"2,3-Dimethyl-C24",Branched alkanes,Alkanes,Diesel,24,338.64,543414061677.224,30,6321115,0,1.0,1.0,0.0,0.0,0.0,CoherenceRegime.SUBCOHERENT,245.46344806696052,2.73864,WallProximity.SAFE,True,0.0,0.0,0.3140694284635896,0.2389986830533596,True,
195,"2,4-Dimethyl-C24",Branched alkanes,Alkanes,Diesel,24,338.64,543414061677.224,31,6321115,0,1.0,1.0,0.0,0.0,0.0,CoherenceRegime.SUBCOHERENT,245.46344806696052,2.73864,WallProximity.SAFE,True,0.0,0.0,0.3140694284635896,0.2389986830533596,True,
196,"2,2,3-Trimethyl-C24",Branched alkanes,Alkanes,Diesel,24,338.64,543414061677.224,33,6321115,0,1.0,1.0,0.0,0.0,0.0,CoherenceRegime.SUBCOHERENT,245.46344806696052,2.73864,WallProximity.SAFE,True,0.0,0.0,0.3140694284635896,0.2389986830533596,True,
197,2-Ethyl-C24,Branched alkanes,Alkanes,Diesel,24,338.64,543414061677.224,30,6321115,0,1.0,1.0,0.0,0.0,0.0,CoherenceRegime.SUBCOHERENT,245.46344806696052,2.73864,WallProximity.SAFE,True,0.0,0.0,0.3140694284635896,0.2389986830533596,True,
198,3-Ethyl-C24,Branched alkanes,Alkanes,Diesel,24,338.64,543414061677.224,30,6321115,0,1.0,1.0,0.0,0.0,0.0,CoherenceRegime.SUBCOHERENT,245.46344806696052,2.73864,WallProximity.SAFE,True,0.0,0.0,0.3140694284635896,0.2389986830533596,True,
199,2-Methyl-C25,Branched alkanes,Alkanes,Diesel,25,352.666,532498273476.99066,27,6583203,0,1.0,1.0,0.0,0.0,0.0,CoherenceRegime.SUBCOHERENT,266.2736220572425,2.852666,WallProximity.SAFE,True,0.0,0.0,0.2698503910645006,0.24253281459267773,True,
200,3-Methyl-C25,Branched alkanes,Alkanes,Diesel,25,352.666,532498273476.99066,27,6583203,0,1.0,1.0,0.0,0.0,0.0,CoherenceRegime.SUBCOHERENT,266.2736220572425,2.852666,WallProximity.SAFE,True,0.0,0.0,0.2698503910645006,0.24253281459267773,True,
201,"2,2-Dimethyl-C25",Branched alkanes,Alkanes,Diesel,25,352.666,532498273476.99066,30,6583267,3,0.875,0.975,1.0,0.09999999999999998,0.0,CoherenceRegime.SUBCOHERENT,266.2736220572425,2.852666,WallProximity.SAFE,True,0.0,0.0,0.2698503910645006,0.24253281459267773,True,
202,"2,3-Dimethyl-C25",Branched alkanes,Alkanes,Diesel,25,352.666,532498273476.99066,31,6583267,3,0.875,0.975,1.0,0.09999999999999998,0.0,CoherenceRegime.SUBCOHERENT,266.2736220572425,2.852666,WallProximity.SAFE,True,0.0,0.0,0.2698503910645006,0.24253281459267773,True,
203,"2,4-Dimethyl-C25",Branched alkanes,Alkanes,Diesel,25,352.666,532498273476.99066,32,6583267,3,0.875,0.975,1.0,0.09999999999999998,0.0,CoherenceRegime.SUBCOHERENT,266.2736220572425,2.852666,WallProximity.SAFE,True,0.0,0.0,0.2698503910645006,0.24253281459267773,True,
204,"2,2,3-Trimethyl-C25",Branched alkanes,Alkanes,Diesel,25,352.666,532498273476.99066,34,6583267,3,0.875,0.975,1.0,0.09999999999999998,0.0,CoherenceRegime.SUBCOHERENT,266.2736220572425,2.852666,WallProximity.SAFE,True,0.0,0.0,0.2698503910645006,0.24253281459267773,True,
205,2-Ethyl-C25,Branched alkanes,Alkanes,Diesel,25,352.666,532498273476.99066,31,6583267,3,0.875,0.975,1.0,0.09999999999999998,0.0,CoherenceRegime.SUBCOHERENT,266.2736220572425,2.852666,WallProximity.SAFE,True,0.0,0.0,0.2698503910645006,0.24253281459267773,True,
206,3-Ethyl-C25,Branched alkanes,Alkanes,Diesel,25,352.666,532498273476.99066,31,6583267,3,0.875,0.975,1.0,0.09999999999999998,0.0,CoherenceRegime.SUBCOHERENT,266.2736220572425,2.852666,WallProximity.SAFE,True,0.0,0.0,0.2698503910645006,0.24253281459267773,True,
207,2-Methyl-C26,Branched alkanes,Alkanes,Diesel,26,366.692,522214928026.6263,28,6845411,1,0.9583333333333334,1.0,1.0,0.04166666666666663,0.0,CoherenceRegime.SUBCOHERENT,287.93040205888616,2.966692,WallProximity.SAFE,True,0.0,0.0,0.22940181487957723,0.24592875236808748,True,
208,3-Methyl-C26,Branched alkanes,Alkanes,Diesel,26,366.692,522214928026.6263,28,6845411,1,0.9583333333333334,1.0,1.0,0.04166666666666663,0.0,CoherenceRegime.SUBCOHERENT,287.93040205888616,2.966692,WallProximity.SAFE,True,0.0,0.0,0.22940181487957723,0.24592875236808748,True,
209,"2,2-Dimethyl-C26",Branched alkanes,Alkanes,Diesel,26,366.692,522214928026.6263,31,6845411,1,0.9583333333333334,1.0,1.0,0.04166666666666663,0.0,CoherenceRegime.SUBCOHERENT,287.93040205888616,2.966692,WallProximity.SAFE,True,0.0,0.0,0.22940181487957723,0.24592875236808748,True,
210,"2,3-Dimethyl-C26",Branched alkanes,Alkanes,Diesel,26,366.692,522214928026.6263,32,6845411,1,0.9583333333333334,1.0,1.0,0.04166666666666663,0.0,CoherenceRegime.SUBCOHERENT,287.93040205888616,2.966692,WallProximity.SAFE,True,0.0,0.0,0.22940181487957723,0.24592875236808748,True,
211,"2,4-Dimethyl-C26",Branched alkanes,Alkanes,Diesel,26,366.692,522214928026.6263,33,6845411,1,0.9583333333333334,1.0,1.0,0.04166666666666663,0.0,CoherenceRegime.SUBCOHERENT,287.93040205888616,2.966692,WallProximity.SAFE,True,0.0,0.0,0.22940181487957723,0.24592875236808748,True,
212,"2,2,3-Trimethyl-C26",Branched alkanes,Alkanes,Diesel,26,366.692,522214928026.6263,35,6845411,1,0.9583333333333334,1.0,1.0,0.04166666666666663,0.0,CoherenceRegime.SUBCOHERENT,287.93040205888616,2.966692,WallProximity.SAFE,True,0.0,0.0,0.22940181487957723,0.24592875236808748,True,
213,2-Ethyl-C26,Branched alkanes,Alkanes,Diesel,26,366.692,522214928026.6263,32,6845411,1,0.9583333333333334,1.0,1.0,0.04166666666666663,0.0,CoherenceRegime.SUBCOHERENT,287.93040205888616,2.966692,WallProximity.SAFE,True,0.0,0.0,0.22940181487957723,0.24592875236808748,True,
214,3-Ethyl-C26,Branched alkanes,Alkanes,Diesel,26,366.692,522214928026.6263,32,6845411,1,0.9583333333333334,1.0,1.0,0.04166666666666663,0.0,CoherenceRegime.SUBCOHERENT,287.93040205888616,2.966692,WallProximity.SAFE,True,0.0,0.0,0.22940181487957723,0.24592875236808748,True,
215,2-Methyl-C27,Branched alkanes,Alkanes,Diesel,27,380.718,512505221974.3419,29,7107555,2,0.9166666666666666,1.0,1.0,0.08333333333333337,0.0,CoherenceRegime.SUBCOHERENT,310.4337880718915,3.080718,WallProximity.SAFE,True,0.0,0.0,0.19296286963569234,0.24919689844114706,True,
216,3-Methyl-C27,Branched alkanes,Alkanes,Diesel,27,380.718,512505221974.3419,29,7107555,2,0.9166666666666666,1.0,1.0,0.08333333333333337,0.0,CoherenceRegime.SUBCOHERENT,310.4337880718915,3.080718,WallProximity.SAFE,True,0.0,0.0,0.19296286963569234,0.24919689844114706,True,
217,"2,2-Dimethyl-C27",Branched alkanes,Alkanes,Diesel,27,380.718,512505221974.3419,32,7107555,2,0.9166666666666666,1.0,1.0,0.08333333333333337,0.0,CoherenceRegime.SUBCOHERENT,310.4337880718915,3.080718,WallProximity.SAFE,True,0.0,0.0,0.19296286963569234,0.24919689844114706,True,
218,"2,3-Dimethyl-C27",Branched alkanes,Alkanes,Diesel,27,380.718,512505221974.3419,33,7107555,2,0.9166666666666666,1.0,1.0,0.08333333333333337,0.0,CoherenceRegime.SUBCOHERENT,310.4337880718915,3.080718,WallProximity.SAFE,True,0.0,0.0,0.19296286963569234,0.24919689844114706,True,
219,"2,4-Dimethyl-C27",Branched alkanes,Alkanes,Diesel,27,380.718,512505221974.3419,34,7107555,2,0.9166666666666666,1.0,1.0,0.08333333333333337,0.0,CoherenceRegime.SUBCOHERENT,310.4337880718915,3.080718,WallProximity.SAFE,True,0.0,0.0,0.19296286963569234,0.24919689844114706,True,
220,"2,2,3-Trimethyl-C27",Branched alkanes,Alkanes,Diesel,27,380.718,512505221974.3419,36,7107555,2,0.9166666666666666,1.0,1.0,0.08333333333333337,0.0,CoherenceRegime.SUBCOHERENT,310.4337880718915,3.080718,WallProximity.SAFE,True,0.0,0.0,0.19296286963569234,0.24919689844114706,True,
221,2-Ethyl-C27,Branched alkanes,Alkanes,Diesel,27,380.718,512505221974.3419,33,7107555,2,0.9166666666666666,1.0,1.0,0.08333333333333337,0.0,CoherenceRegime.SUBCOHERENT,310.4337880718915,3.080718,WallProximity.SAFE,True,0.0,0.0,0.19296286963569234,0.24919689844114706,True,
222,3-Ethyl-C27,Branched alkanes,Alkanes,Diesel,27,380.718,512505221974.3419,33,7107555,2,0.9166666666666666,1.0,1.0,0.08333333333333337,0.0,CoherenceRegime.SUBCOHERENT,310.4337880718915,3.080718,WallProximity.SAFE,True,0.0,0.0,0.19296286963569234,0.24919689844114706,True,
223,2-Methyl-C28,Branched alkanes,Alkanes,Diesel,28,394.744,503317732291.2979,30,7369699,3,0.875,0.975,1.0,0.09999999999999998,0.0,CoherenceRegime.SUBCOHERENT,333.7837800962586,3.1947440000000005,WallProximity.SAFE,True,0.0,0.0,0.16061182420574474,0.2523465228730758,True,
224,3-Methyl-C28,Branched alkanes,Alkanes,Diesel,28,394.744,503317732291.2979,30,7369699,3,0.875,0.975,1.0,0.09999999999999998,0.0,CoherenceRegime.SUBCOHERENT,333.7837800962586,3.1947440000000005,WallProximity.SAFE,True,0.0,0.0,0.16061182420574474,0.2523465228730758,True,
225,"2,2-Dimethyl-C28",Branched alkanes,Alkanes,Diesel,28,394.744,503317732291.2979,33,7369699,3,0.875,0.975,1.0,0.09999999999999998,0.0,CoherenceRegime.SUBCOHERENT,333.7837800962586,3.1947440000000005,WallProximity.SAFE,True,0.0,0.0,0.16061182420574474,0.2523465228730758,True,
226,"2,3-Dimethyl-C28",Branched alkanes,Alkanes,Diesel,28,394.744,503317732291.2979,34,7369699,3,0.875,0.975,1.0,0.09999999999999998,0.0,CoherenceRegime.SUBCOHERENT,333.7837800962586,3.1947440000000005,WallProximity.SAFE,True,0.0,0.0,0.16061182420574474,0.2523465228730758,True,
227,"2,4-Dimethyl-C28",Branched alkanes,Alkanes,Diesel,28,394.744,503317732291.2979,35,7369699,3,0.875,0.975,1.0,0.09999999999999998,0.0,CoherenceRegime.SUBCOHERENT,333.7837800962586,3.1947440000000005,WallProximity.SAFE,True,0.0,0.0,0.16061182420574474,0.2523465228730758,True,
228,"2,2,3-Trimethyl-C28",Branched alkanes,Alkanes,Diesel,28,394.744,503317732291.2979,37,7369699,3,0.875,0.975,1.0,0.09999999999999998,0.0,CoherenceRegime.SUBCOHERENT,333.7837800962586,3.1947440000000005,WallProximity.SAFE,True,0.0,0.0,0.16061182420574474,0.2523465228730758,True,
229,2-Ethyl-C28,Branched alkanes,Alkanes,Diesel,28,394.744,503317732291.2979,34,7369699,3,0.875,0.975,1.0,0.09999999999999998,0.0,CoherenceRegime.SUBCOHERENT,333.7837800962586,3.1947440000000005,WallProximity.SAFE,True,0.0,0.0,0.16061182420574474,0.2523465228730758,True,
230,3-Ethyl-C28,Branched alkanes,Alkanes,Diesel,28,394.744,503317732291.2979,34,7369699,3,0.875,0.975,1.0,0.09999999999999998,0.0,CoherenceRegime.SUBCOHERENT,333.7837800962586,3.1947440000000005,WallProximity.SAFE,True,0.0,0.0,0.16061182420574474,0.2523465228730758,True,
231,2-Methyl-C29,Branched alkanes,Alkanes,Diesel,29,408.77,494607266493.9285,31,7627747,0,1.0,1.0,0.0,0.0,0.0,CoherenceRegime.SUBCOHERENT,357.9803781319874,3.3087700000000004,WallProximity.SAFE,True,0.0,0.0,0.13229072477329437,0.2553859222446818,True,
232,3-Methyl-C29,Branched alkanes,Alkanes,Diesel,29,408.77,494607266493.9285,31,7627747,0,1.0,1.0,0.0,0.0,0.0,CoherenceRegime.SUBCOHERENT,357.9803781319874,3.3087700000000004,WallProximity.SAFE,True,0.0,0.0,0.13229072477329437,0.2553859222446818,True,
233,"2,2-Dimethyl-C29",Branched alkanes,Alkanes,Diesel,29,408.77,494607266493.9285,34,7627747,0,1.0,1.0,0.0,0.0,0.0,CoherenceRegime.SUBCOHERENT,357.9803781319874,3.3087700000000004,WallProximity.SAFE,True,0.0,0.0,0.13229072477329437,0.2553859222446818,True,
234,"2,3-Dimethyl-C29",Branched alkanes,Alkanes,Diesel,29,408.77,494607266493.9285,35,7627747,0,1.0,1.0,0.0,0.0,0.0,CoherenceRegime.SUBCOHERENT,357.9803781319874,3.3087700000000004,WallProximity.SAFE,True,0.0,0.0,0.13229072477329437,0.2553859222446818,True,
235,"2,4-Dimethyl-C29",Branched alkanes,Alkanes,Diesel,29,408.77,494607266493.9285,36,7627747,0,1.0,1.0,0.0,0.0,0.0,CoherenceRegime.SUBCOHERENT,357.9803781319874,3.3087700000000004,WallProximity.SAFE,True,0.0,0.0,0.13229072477329437,0.2553859222446818,True,
236,"2,2,3-Trimethyl-C29",Branched alkanes,Alkanes,Diesel,29,408.77,494607266493.9285,38,7627747,0,1.0,1.0,0.0,0.0,0.0,CoherenceRegime.SUBCOHERENT,357.9803781319874,3.3087700000000004,WallProximity.SAFE,True,0.0,0.0,0.13229072477329437,0.2553859222446818,True,
237,2-Ethyl-C29,Branched alkanes,Alkanes,Diesel,29,408.77,494607266493.9285,35,7627747,0,1.0,1.0,0.0,0.0,0.0,CoherenceRegime.SUBCOHERENT,357.9803781319874,3.3087700000000004,WallProximity.SAFE,True,0.0,0.0,0.13229072477329437,0.2553859222446818,True,
238,3-Ethyl-C29,Branched alkanes,Alkanes,Diesel,29,408.77,494607266493.9285,35,7627747,0,1.0,1.0,0.0,0.0,0.0,CoherenceRegime.SUBCOHERENT,357.9803781319874,3.3087700000000004,WallProximity.SAFE,True,0.0,0.0,0.13229072477329437,0.2553859222446818,True,
239,Cyclo-C3H6,Cycloalkanes,Cycloalkanes,Gasoline,3,42.078,1541602675425.3992,5,832064,0,1.0,1.0,0.0,0.0,0.0,CoherenceRegime.SUBCOHERENT,3.8097270511276853,0.34207800000000005,WallProximity.BEYOND_WALL,False,1.0,0.0,0.4252729066583634,0.05808938616505779,True,
240,1-Methyl-cyclo-C3,Cycloalkanes,Cycloalkanes,Gasoline,4,56.104,1335067079460.4524,6,1094208,3,0.875,0.975,1.0,0.09999999999999998,0.0,CoherenceRegime.SUBCOHERENT,6.77284809089366,0.456104,WallProximity.BEYOND_WALL,False,1.0,0.0,0.5089117457968774,0.08307713348671777,True,
241,2-Methyl-cyclo-C3,Cycloalkanes,Cycloalkanes,Gasoline,5,70.13,1194120297678.274,7,1352256,0,1.0,1.0,0.0,0.0,0.0,CoherenceRegime.SUBCOHERENT,10.582575142021346,0.57013,WallProximity.BEYOND_WALL,False,1.0,0.0,0.5838898999908825,0.10245913608832906,True,
242,3-Methyl-cyclo-C3,Cycloalkanes,Cycloalkanes,Gasoline,6,84.156,1090077705688.624,8,1614464,0,1.0,1.0,0.0,0.0,0.0,CoherenceRegime.SUBCOHERENT,15.238908204510741,0.6841560000000001,WallProximity.BEYOND_WALL,False,1.0,0.0,0.6499548052832042,0.11829538529785404,True,
243,4-Methyl-cyclo-C3,Cycloalkanes,Cycloalkanes,Gasoline,7,98.182,1009215850240.476,9,1876616,0,1.0,1.0,0.0,0.0,0.0,CoherenceRegime.SUBCOHERENT,20.74184727836184,0.7981820000000001,WallProximity.BEYOND_WALL,False,1.0,0.0,0.7063927248681432,0.13168474322397666,True,
244,Cyclo-C4H8,Cycloalkanes,Cycloalkanes,Gasoline,4,56.104,1335067079460.4524,6,1094208,3,0.875,0.975,1.0,0.09999999999999998,0.0,CoherenceRegime.SUBCOHERENT,6.77284809089366,0.456104,WallProximity.BEYOND_WALL,False,1.0,0.0,0.5089117457968774,0.08307713348671777,True,
245,1-Methyl-cyclo-C4,Cycloalkanes,Cycloalkanes,Gasoline,5,70.13,1194120297678.274,7,1352256,0,1.0,1.0,0.0,0.0,0.0,CoherenceRegime.SUBCOHERENT,10.582575142021346,0.57013,WallProximity.BEYOND_WALL,False,1.0,0.0,0.5838898999908825,0.10245913608832906,True,
246,2-Methyl-cyclo-C4,Cycloalkanes,Cycloalkanes,Gasoline,6,84.156,1090077705688.624,8,1614464,0,1.0,1.0,0.0,0.0,0.0,CoherenceRegime.SUBCOHERENT,15.238908204510741,0.6841560000000001,WallProximity.BEYOND_WALL,False,1.0,0.0,0.6499548052832042,0.11829538529785404,True,
247,3-Methyl-cyclo-C4,Cycloalkanes,Cycloalkanes,Gasoline,7,98.182,1009215850240.476,9,1876616,0,1.0,1.0,0.0,0.0,0.0,CoherenceRegime.SUBCOHERENT,20.74184727836184,0.7981820000000001,WallProximity.BEYOND_WALL,False,1.0,0.0,0.7063927248681432,0.13168474322397666,True,
248,4-Methyl-cyclo-C4,Cycloalkanes,Cycloalkanes,Gasoline,8,112.208,944034985225.4052,10,2134665,3,0.875,0.975,1.0,0.09999999999999998,0.0,CoherenceRegime.SUBCOHERENT,27.09139236357464,0.912208,WallProximity.WARNING,True,0.3561888571011279,0.0,0.7524193337215321,0.143283132619514,True,
249,Cyclo-C5H10,Cycloalkanes,Cycloalkanes,Gasoline,5,70.13,1194120297678.274,7,1352256,0,1.0,1.0,0.0,0.0,0.0,CoherenceRegime.SUBCOHERENT,10.582575142021346,0.57013,WallProximity.BEYOND_WALL,False,1.0,0.0,0.5838898999908825,0.10245913608832906,True,
250,1-Methyl-cyclo-C5,Cycloalkanes,Cycloalkanes,Gasoline,6,84.156,1090077705688.624,8,1614464,0,1.0,1.0,0.0,0.0,0.0,CoherenceRegime.SUBCOHERENT,15.238908204510741,0.6841560000000001,WallProximity.BEYOND_WALL,False,1.0,0.0,0.6499548052832042,0.11829538529785404,True,
251,2-Methyl-cyclo-C5,Cycloalkanes,Cycloalkanes,Gasoline,7,98.182,1009215850240.476,9,1876616,0,1.0,1.0,0.0,0.0,0.0,CoherenceRegime.SUBCOHERENT,20.74184727836184,0.7981820000000001,WallProximity.BEYOND_WALL,False,1.0,0.0,0.7063927248681432,0.13168474322397666,True,
252,3-Methyl-cyclo-C5,Cycloalkanes,Cycloalkanes,Gasoline,8,112.208,944034985225.4052,10,2134665,3,0.875,0.975,1.0,0.09999999999999998,0.0,CoherenceRegime.SUBCOHERENT,27.09139236357464,0.912208,WallProximity.WARNING,True,0.3561888571011279,0.0,0.7524193337215321,0.143283132619514,True,
253,4-Methyl-cyclo-C5,Cycloalkanes,Cycloalkanes,Gasoline,9,126.234,890044719640.3015,11,2396809,0,1.0,1.0,0.0,0.0,0.0,CoherenceRegime.SUBCOHERENT,34.28754346014916,1.026234,WallProximity.CAUTION,True,0.0,0.0,0.787375784029672,0.15351363710899027,True,
254,Cyclo-C6H12,Cycloalkanes,Cycloalkanes,Gasoline,6,84.156,1090077705688.624,8,1614464,0,1.0,1.0,0.0,0.0,0.0,CoherenceRegime.SUBCOHERENT,15.238908204510741,0.6841560000000001,WallProximity.BEYOND_WALL,False,1.0,0.0,0.6499548052832042,0.11829538529785404,True,
255,1-Methyl-cyclo-C6,Cycloalkanes,Cycloalkanes,Gasoline,7,98.182,1009215850240.476,9,1876616,0,1.0,1.0,0.0,0.0,0.0,CoherenceRegime.SUBCOHERENT,20.74184727836184,0.7981820000000001,WallProximity.BEYOND_WALL,False,1.0,0.0,0.7063927248681432,0.13168474322397666,True,
256,2-Methyl-cyclo-C6,Cycloalkanes,Cycloalkanes,Gasoline,8,112.208,944034985225.4052,10,2134665,3,0.875,0.975,1.0,0.09999999999999998,0.0,CoherenceRegime.SUBCOHERENT,27.09139236357464,0.912208,WallProximity.WARNING,True,0.3561888571011279,0.0,0.7524193337215321,0.143283132619514,True,
257,3-Methyl-cyclo-C6,Cycloalkanes,Cycloalkanes,Gasoline,9,126.234,890044719640.3015,11,2396809,0,1.0,1.0,0.0,0.0,0.0,CoherenceRegime.SUBCOHERENT,34.28754346014916,1.026234,WallProximity.CAUTION,True,0.0,0.0,0.787375784029672,0.15351363710899027,True,
258,4-Methyl-cyclo-C6,Cycloalkanes,Cycloalkanes,Gasoline,10,140.26,844370560040.8063,12,2659017,3,0.875,0.975,1.0,0.09999999999999998,0.002096423205542486,CoherenceRegime.SUBCOHERENT,42.330300568085384,1.14026,WallProximity.CAUTION,True,0.0,0.0024374381697527593,0.8108391997578444,0.1626651352211253,True,
259,Cyclo-C7H14,Cycloalkanes,Cycloalkanes,Gasoline,7,98.182,1009215850240.476,9,1876616,0,1.0,1.0,0.0,0.0,0.0,CoherenceRegime.SUBCOHERENT,20.74184727836184,0.7981820000000001,WallProximity.BEYOND_WALL,False,1.0,0.0,0.7063927248681432,0.13168474322397666,True,
260,1-Methyl-cyclo-C7,Cycloalkanes,Cycloalkanes,Gasoline,8,112.208,944034985225.4052,10,2134665,3,0.875,0.975,1.0,0.09999999999999998,0.0,CoherenceRegime.SUBCOHERENT,27.09139236357464,0.912208,WallProximity.WARNING,True,0.3561888571011279,0.0,0.7524193337215321,0.143283132619514,True,
261,2-Methyl-cyclo-C7,Cycloalkanes,Cycloalkanes,Gasoline,9,126.234,890044719640.3015,11,2396809,0,1.0,1.0,0.0,0.0,0.0,CoherenceRegime.SUBCOHERENT,34.28754346014916,1.026234,WallProximity.CAUTION,True,0.0,0.0,0.787375784029672,0.15351363710899027,True,
262,3-Methyl-cyclo-C7,Cycloalkanes,Cycloalkanes,Gasoline,10,140.26,844370560040.8063,12,2659017,3,0.875,0.975,1.0,0.09999999999999998,0.002096423205542486,CoherenceRegime.SUBCOHERENT,42.330300568085384,1.14026,WallProximity.CAUTION,True,0.0,0.0024374381697527593,0.8108391997578444,0.1626651352211253,True,
263,4-Methyl-cyclo-C7,Cycloalkanes,Cycloalkanes,Gasoline,11,154.286,805075740459.2579,13,2921161,3,0.875,0.975,1.0,0.09999999999999998,0.0,CoherenceRegime.SUBCOHERENT,51.21966368738332,1.254286,WallProximity.CAUTION,True,0.0,0.0,0.8226841066171374,0.1709436722527703,True,
264,Cyclo-C8H16,Cycloalkanes,Cycloalkanes,Gasoline,8,112.208,944034985225.4052,10,2134665,3,0.875,0.975,1.0,0.09999999999999998,0.0,CoherenceRegime.SUBCOHERENT,27.09139236357464,0.912208,WallProximity.WARNING,True,0.3561888571011279,0.0,0.7524193337215321,0.143283132619514,True,
265,1-Methyl-cyclo-C8,Cycloalkanes,Cycloalkanes,Gasoline,9,126.234,890044719640.3015,11,2396809,0,1.0,1.0,0.0,0.0,0.0,CoherenceRegime.SUBCOHERENT,34.28754346014916,1.026234,WallProximity.CAUTION,True,0.0,0.0,0.787375784029672,0.15351363710899027,True,
266,2-Methyl-cyclo-C8,Cycloalkanes,Cycloalkanes,Gasoline,10,140.26,844370560040.8063,12,2659017,3,0.875,0.975,1.0,0.09999999999999998,0.002096423205542486,CoherenceRegime.SUBCOHERENT,42.330300568085384,1.14026,WallProximity.CAUTION,True,0.0,0.0024374381697527593,0.8108391997578444,0.1626651352211253,True,
267,3-Methyl-cyclo-C8,Cycloalkanes,Cycloalkanes,Gasoline,11,154.286,805075740459.2579,13,2921161,3,0.875,0.975,1.0,0.09999999999999998,0.0,CoherenceRegime.SUBCOHERENT,51.21966368738332,1.254286,WallProximity.CAUTION,True,0.0,0.0,0.8226841066171374,0.1709436722527703,True,
268,4-Methyl-cyclo-C8,Cycloalkanes,Cycloalkanes,Gasoline,12,168.312,770801337712.6996,14,3179209,2,0.9166666666666666,1.0,1.0,0.08333333333333337,0.0,CoherenceRegime.SUBCOHERENT,60.955632818042965,1.3683120000000002,WallProximity.SAFE,True,0.0,0.0,0.8231092971646984,0.17850138443065028,True,
269,Cyclo-C9H18,Cycloalkanes,Cycloalkanes,Diesel,9,126.234,890044719640.3015,11,2396809,0,1.0,1.0,0.0,0.0,0.0,CoherenceRegime.SUBCOHERENT,34.28754346014916,1.026234,WallProximity.CAUTION,True,0.0,0.0,0.787375784029672,0.15351363710899027,True,
270,1-Methyl-cyclo-C9,Cycloalkanes,Cycloalkanes,Gasoline,10,140.26,844370560040.8063,12,2659017,3,0.875,0.975,1.0,0.09999999999999998,0.002096423205542486,CoherenceRegime.SUBCOHERENT,42.330300568085384,1.14026,WallProximity.CAUTION,True,0.0,0.0024374381697527593,0.8108391997578444,0.1626651352211253,True,
271,2-Methyl-cyclo-C9,Cycloalkanes,Cycloalkanes,Gasoline,11,154.286,805075740459.2579,13,2921161,3,0.875,0.975,1.0,0.09999999999999998,0.0,CoherenceRegime.SUBCOHERENT,51.21966368738332,1.254286,WallProximity.CAUTION,True,0.0,0.0,0.8226841066171374,0.1709436722527703,True,
272,3-Methyl-cyclo-C9,Cycloalkanes,Cycloalkanes,Gasoline,12,168.312,770801337712.6996,14,3179209,2,0.9166666666666666,1.0,1.0,0.08333333333333337,0.0,CoherenceRegime.SUBCOHERENT,60.955632818042965,1.3683120000000002,WallProximity.SAFE,True,0.0,0.0,0.8231092971646984,0.17850138443065028,True,
273,4-Methyl-cyclo-C9,Cycloalkanes,Cycloalkanes,Gasoline,13,182.338,740561970950.5564,15,3441361,2,0.9166666666666666,1.0,1.0,0.08333333333333337,0.0,CoherenceRegime.SUBCOHERENT,71.5382079600643,1.482338,WallProximity.SAFE,True,0.0,0.0,0.8126373341409747,0.18545380568249265,True,
274,Cyclo-C10H20,Cycloalkanes,Cycloalkanes,Diesel,10,140.26,844370560040.8063,12,2659017,3,0.875,0.975,1.0,0.09999999999999998,0.002096423205542486,CoherenceRegime.SUBCOHERENT,42.330300568085384,1.14026,WallProximity.CAUTION,True,0.0,0.0024374381697527593,0.8108391997578444,0.1626651352211253,True,
275,1-Methyl-cyclo-C10,Cycloalkanes,Cycloalkanes,Gasoline,11,154.286,805075740459.2579,13,2921161,3,0.875,0.975,1.0,0.09999999999999998,0.0,CoherenceRegime.SUBCOHERENT,51.21966368738332,1.254286,WallProximity.CAUTION,True,0.0,0.0,0.8226841066171374,0.1709436722527703,True,
276,2-Methyl-cyclo-C10,Cycloalkanes,Cycloalkanes,Gasoline,12,168.312,770801337712.6996,14,3179209,2,0.9166666666666666,1.0,1.0,0.08333333333333337,0.0,CoherenceRegime.SUBCOHERENT,60.955632818042965,1.3683120000000002,WallProximity.SAFE,True,0.0,0.0,0.8231092971646984,0.17850138443065028,True,
277,3-Methyl-cyclo-C10,Cycloalkanes,Cycloalkanes,Gasoline,13,182.338,740561970950.5564,15,3441361,2,0.9166666666666666,1.0,1.0,0.08333333333333337,0.0,CoherenceRegime.SUBCOHERENT,71.5382079600643,1.482338,WallProximity.SAFE,True,0.0,0.0,0.8126373341409747,0.18545380568249265,True,
278,4-Methyl-cyclo-C10,Cycloalkanes,Cycloalkanes,Gasoline,14,196.364,713623371385.9878,16,3703569,3,0.875,0.975,1.0,0.09999999999999998,0.0,CoherenceRegime.SUBCOHERENT,82.96738911344735,1.5963640000000001,WallProximity.SAFE,True,0.0,0.0,0.7920916115962445,0.1918907423567729,True,
279,Cyclo-C11H22,Cycloalkanes,Cycloalkanes,Diesel,11,154.286,805075740459.2579,13,2921161,3,0.875,0.975,1.0,0.09999999999999998,0.0,CoherenceRegime.SUBCOHERENT,51.21966368738332,1.254286,WallProximity.CAUTION,True,0.0,0.0,0.8226841066171374,0.1709436722527703,True,
280,1-Methyl-cyclo-C11,Cycloalkanes,Cycloalkanes,Gasoline,12,168.312,770801337712.6996,14,3179209,2,0.9166666666666666,1.0,1.0,0.08333333333333337,0.0,CoherenceRegime.SUBCOHERENT,60.955632818042965,1.3683120000000002,WallProximity.SAFE,True,0.0,0.0,0.8231092971646984,0.17850138443065028,True,
281,2-Methyl-cyclo-C11,Cycloalkanes,Cycloalkanes,Gasoline,13,182.338,740561970950.5564,15,3441361,2,0.9166666666666666,1.0,1.0,0.08333333333333337,0.0,CoherenceRegime.SUBCOHERENT,71.5382079600643,1.482338,WallProximity.SAFE,True,0.0,0.0,0.8126373341409747,0.18545380568249265,True,
282,3-Methyl-cyclo-C11,Cycloalkanes,Cycloalkanes,Gasoline,14,196.364,713623371385.9878,16,3703569,3,0.875,0.975,1.0,0.09999999999999998,0.0,CoherenceRegime.SUBCOHERENT,82.96738911344735,1.5963640000000001,WallProximity.SAFE,True,0.0,0.0,0.7920916115962445,0.1918907423567729,True,
283,4-Methyl-cyclo-C11,Cycloalkanes,Cycloalkanes,Gasoline,15,210.39,689425675309.3474,17,3965713,0,1.0,1.0,0.0,0.0,0.00027513750249508195,CoherenceRegime.SUBCOHERENT,95.2431762781921,1.71039,WallProximity.SAFE,True,0.0,0.0003295826433884061,0.762555430804121,0.19788338703226155,True,
284,Cyclo-C12H24,Cycloalkanes,Cycloalkanes,Diesel,12,168.312,770801337712.6996,14,3179209,2,0.9166666666666666,1.0,1.0,0.08333333333333337,0.0,CoherenceRegime.SUBCOHERENT,60.955632818042965,1.3683120000000002,WallProximity.SAFE,True,0.0,0.0,0.8231092971646984,0.17850138443065028,True,
285,1-Methyl-cyclo-C12,Cycloalkanes,Cycloalkanes,Gasoline,13,182.338,740561970950.5564,15,3441361,2,0.9166666666666666,1.0,1.0,0.08333333333333337,0.0,CoherenceRegime.SUBCOHERENT,71.5382079600643,1.482338,WallProximity.SAFE,True,0.0,0.0,0.8126373341409747,0.18545380568249265,True,
286,2-Methyl-cyclo-C12,Cycloalkanes,Cycloalkanes,Gasoline,14,196.364,713623371385.9878,16,3703569,3,0.875,0.975,1.0,0.09999999999999998,0.0,CoherenceRegime.SUBCOHERENT,82.96738911344735,1.5963640000000001,WallProximity.SAFE,True,0.0,0.0,0.7920916115962445,0.1918907423567729,True,
287,3-Methyl-cyclo-C12,Cycloalkanes,Cycloalkanes,Gasoline,15,210.39,689425675309.3474,17,3965713,0,1.0,1.0,0.0,0.0,0.00027513750249508195,CoherenceRegime.SUBCOHERENT,95.2431762781921,1.71039,WallProximity.SAFE,True,0.0,0.0003295826433884061,0.762555430804121,0.19788338703226155,True,
288,Cyclo-C13H26,Cycloalkanes,Cycloalkanes,Diesel,13,182.338,740561970950.5564,15,3441361,2,0.9166666666666666,1.0,1.0,0.08333333333333337,0.0,CoherenceRegime.SUBCOHERENT,71.5382079600643,1.482338,WallProximity.SAFE,True,0.0,0.0,0.8126373341409747,0.18545380568249265,True,
289,1-Methyl-cyclo-C13,Cycloalkanes,Cycloalkanes,Gasoline,14,196.364,713623371385.9878,16,3703569,3,0.875,0.975,1.0,0.09999999999999998,0.0,CoherenceRegime.SUBCOHERENT,82.96738911344735,1.5963640000000001,WallProximity.SAFE,True,0.0,0.0,0.7920916115962445,0.1918907423567729,True,
290,2-Methyl-cyclo-C13,Cycloalkanes,Cycloalkanes,Gasoline,15,210.39,689425675309.3474,17,3965713,0,1.0,1.0,0.0,0.0,0.00027513750249508195,CoherenceRegime.SUBCOHERENT,95.2431762781921,1.71039,WallProximity.SAFE,True,0.0,0.0003295826433884061,0.762555430804121,0.19788338703226155,True,
291,Cyclo-C14H28,Cycloalkanes,Cycloalkanes,Diesel,14,196.364,713623371385.9878,16,3703569,3,0.875,0.975,1.0,0.09999999999999998,0.0,CoherenceRegime.SUBCOHERENT,82.96738911344735,1.5963640000000001,WallProximity.SAFE,True,0.0,0.0,0.7920916115962445,0.1918907423567729,True,
292,1-Methyl-cyclo-C14,Cycloalkanes,Cycloalkanes,Gasoline,15,210.39,689425675309.3474,17,3965713,0,1.0,1.0,0.0,0.0,0.00027513750249508195,CoherenceRegime.SUBCOHERENT,95.2431762781921,1.71039,WallProximity.SAFE,True,0.0,0.0003295826433884061,0.762555430804121,0.19788338703226155,True,
293,1-C2ene,Linear alkenes,Alkenes,Gasoline,2,28.052,1888069970450.8103,3,573952,3,0.875,0.975,1.0,0.09999999999999998,0.0,CoherenceRegime.SUBCOHERENT,1.693212022723415,0.228052,WallProximity.BEYOND_WALL,False,1.0,0.0,0.33177586204594384,0.022871134353921525,True,
294,1-C3ene,Linear alkenes,Alkenes,Gasoline,3,42.078,1541602675425.3992,4,832064,0,1.0,1.0,0.0,0.0,0.0,CoherenceRegime.SUBCOHERENT,3.8097270511276853,0.34207800000000005,WallProximity.BEYOND_WALL,False,1.0,0.0,0.4252729066583634,0.05808938616505779,True,
295,1-C4ene,Linear alkenes,Alkenes,Gasoline,4,56.104,1335067079460.4524,5,1094208,3,0.875,0.975,1.0,0.09999999999999998,0.0,CoherenceRegime.SUBCOHERENT,6.77284809089366,0.456104,WallProximity.BEYOND_WALL,False,1.0,0.0,0.5089117457968774,0.08307713348671777,True,
296,2-C4ene,Linear alkenes,Alkenes,Gasoline,4,56.104,1335067079460.4524,5,1094208,3,0.875,0.975,1.0,0.09999999999999998,0.0,CoherenceRegime.SUBCOHERENT,6.77284809089366,0.456104,WallProximity.BEYOND_WALL,False,1.0,0.0,0.5089117457968774,0.08307713348671777,True,
297,1-C5ene,Linear alkenes,Alkenes,Gasoline,5,70.13,1194120297678.274,6,1352256,0,1.0,1.0,0.0,0.0,0.0,CoherenceRegime.SUBCOHERENT,10.582575142021346,0.57013,WallProximity.BEYOND_WALL,False,1.0,0.0,0.5838898999908825,0.10245913608832906,True,
298,2-C5ene,Linear alkenes,Alkenes,Gasoline,5,70.13,1194120297678.274,6,1352256,0,1.0,1.0,0.0,0.0,0.0,CoherenceRegime.SUBCOHERENT,10.582575142021346,0.57013,WallProximity.BEYOND_WALL,False,1.0,0.0,0.5838898999908825,0.10245913608832906,True,
299,2-Methyl-1-C5ene,Branched alkenes,Alkenes,Gasoline,5,70.13,1194120297678.274,8,1352320,0,1.0,1.0,0.0,0.0,0.0,CoherenceRegime.SUBCOHERENT,10.582575142021346,0.57013,WallProximity.BEYOND_WALL,False,1.0,0.0,0.5838898999908825,0.10245913608832906,True,
300,1-C6ene,Linear alkenes,Alkenes,Gasoline,6,84.156,1090077705688.624,7,1614400,0,1.0,1.0,0.0,0.0,0.0,CoherenceRegime.SUBCOHERENT,15.238908204510741,0.6841560000000001,WallProximity.BEYOND_WALL,False,1.0,0.0,0.6499548052832042,0.11829538529785404,True,
301,2-C6ene,Linear alkenes,Alkenes,Gasoline,6,84.156,1090077705688.624,7,1614400,0,1.0,1.0,0.0,0.0,0.0,CoherenceRegime.SUBCOHERENT,15.238908204510741,0.6841560000000001,WallProximity.BEYOND_WALL,False,1.0,0.0,0.6499548052832042,0.11829538529785404,True,
302,2-Methyl-1-C6ene,Branched alkenes,Alkenes,Gasoline,6,84.156,1090077705688.624,9,1614464,0,1.0,1.0,0.0,0.0,0.0,CoherenceRegime.SUBCOHERENT,15.238908204510741,0.6841560000000001,WallProximity.BEYOND_WALL,False,1.0,0.0,0.6499548052832042,0.11829538529785404,True,
303,1-C7ene,Linear alkenes,Alkenes,Gasoline,7,98.182,1009215850240.476,8,1876616,0,1.0,1.0,0.0,0.0,0.0,CoherenceRegime.SUBCOHERENT,20.74184727836184,0.7981820000000001,WallProximity.BEYOND_WALL,False,1.0,0.0,0.7063927248681432,0.13168474322397666,True,
304,2-C7ene,Linear alkenes,Alkenes,Gasoline,7,98.182,1009215850240.476,8,1876616,0,1.0,1.0,0.0,0.0,0.0,CoherenceRegime.SUBCOHERENT,20.74184727836184,0.7981820000000001,WallProximity.BEYOND_WALL,False,1.0,0.0,0.7063927248681432,0.13168474322397666,True,
305,2-Methyl-1-C7ene,Branched alkenes,Alkenes,Gasoline,7,98.182,1009215850240.476,10,1876616,0,1.0,1.0,0.0,0.0,0.0,CoherenceRegime.SUBCOHERENT,20.74184727836184,0.7981820000000001,WallProximity.BEYOND_WALL,False,1.0,0.0,0.7063927248681432,0.13168474322397666,True,
306,1-C8ene,Linear alkenes,Alkenes,Gasoline,8,112.208,944034985225.4052,9,2134665,3,0.875,0.975,1.0,0.09999999999999998,0.0,CoherenceRegime.SUBCOHERENT,27.09139236357464,0.912208,WallProximity.WARNING,True,0.3561888571011279,0.0,0.7524193337215321,0.143283132619514,True,
307,2-C8ene,Linear alkenes,Alkenes,Gasoline,8,112.208,944034985225.4052,9,2134665,3,0.875,0.975,1.0,0.09999999999999998,0.0,CoherenceRegime.SUBCOHERENT,27.09139236357464,0.912208,WallProximity.WARNING,True,0.3561888571011279,0.0,0.7524193337215321,0.143283132619514,True,
308,2-Methyl-1-C8ene,Branched alkenes,Alkenes,Gasoline,8,112.208,944034985225.4052,11,2134665,3,0.875,0.975,1.0,0.09999999999999998,0.0,CoherenceRegime.SUBCOHERENT,27.09139236357464,0.912208,WallProximity.WARNING,True,0.3561888571011279,0.0,0.7524193337215321,0.143283132619514,True,
309,1-C9ene,Linear alkenes,Alkenes,Gasoline,9,126.234,890044719640.3015,10,2396809,0,1.0,1.0,0.0,0.0,0.0,CoherenceRegime.SUBCOHERENT,34.28754346014916,1.026234,WallProximity.CAUTION,True,0.0,0.0,0.787375784029672,0.15351363710899027,True,
310,2-C9ene,Linear alkenes,Alkenes,Gasoline,9,126.234,890044719640.3015,10,2396809,0,1.0,1.0,0.0,0.0,0.0,CoherenceRegime.SUBCOHERENT,34.28754346014916,1.026234,WallProximity.CAUTION,True,0.0,0.0,0.787375784029672,0.15351363710899027,True,
311,2-Methyl-1-C9ene,Branched alkenes,Alkenes,Gasoline,9,126.234,890044719640.3015,12,2396873,0,1.0,1.0,0.0,0.0,0.0,CoherenceRegime.SUBCOHERENT,34.28754346014916,1.026234,WallProximity.CAUTION,True,0.0,0.0,0.787375784029672,0.15351363710899027,True,
312,1-C10ene,Linear alkenes,Alkenes,Gasoline,10,140.26,844370560040.8063,11,2658953,2,0.9166666666666666,1.0,1.0,0.08333333333333337,0.002096423205542486,CoherenceRegime.SUBCOHERENT,42.330300568085384,1.14026,WallProximity.CAUTION,True,0.0,0.0024374381697527593,0.8108391997578444,0.1626651352211253,True,
313,2-C10ene,Linear alkenes,Alkenes,Gasoline,10,140.26,844370560040.8063,11,2658953,2,0.9166666666666666,1.0,1.0,0.08333333333333337,0.002096423205542486,CoherenceRegime.SUBCOHERENT,42.330300568085384,1.14026,WallProximity.CAUTION,True,0.0,0.0024374381697527593,0.8108391997578444,0.1626651352211253,True,
314,2-Methyl-1-C10ene,Branched alkenes,Alkenes,Gasoline,10,140.26,844370560040.8063,13,2659017,3,0.875,0.975,1.0,0.09999999999999998,0.002096423205542486,CoherenceRegime.SUBCOHERENT,42.330300568085384,1.14026,WallProximity.CAUTION,True,0.0,0.0024374381697527593,0.8108391997578444,0.1626651352211253,True,
315,1-C11ene,Linear alkenes,Alkenes,Gasoline,11,154.286,805075740459.2579,12,2921161,3,0.875,0.975,1.0,0.09999999999999998,0.0,CoherenceRegime.SUBCOHERENT,51.21966368738332,1.254286,WallProximity.CAUTION,True,0.0,0.0,0.8226841066171374,0.1709436722527703,True,
316,2-C11ene,Linear alkenes,Alkenes,Gasoline,11,154.286,805075740459.2579,12,2921161,3,0.875,0.975,1.0,0.09999999999999998,0.0,CoherenceRegime.SUBCOHERENT,51.21966368738332,1.254286,WallProximity.CAUTION,True,0.0,0.0,0.8226841066171374,0.1709436722527703,True,
317,2-Methyl-1-C11ene,Branched alkenes,Alkenes,Gasoline,11,154.286,805075740459.2579,14,2921161,3,0.875,0.975,1.0,0.09999999999999998,0.0,CoherenceRegime.SUBCOHERENT,51.21966368738332,1.254286,WallProximity.CAUTION,True,0.0,0.0,0.8226841066171374,0.1709436722527703,True,
318,1-C12ene,Linear alkenes,Alkenes,Gasoline,12,168.312,770801337712.6996,13,3179209,2,0.9166666666666666,1.0,1.0,0.08333333333333337,0.0,CoherenceRegime.SUBCOHERENT,60.955632818042965,1.3683120000000002,WallProximity.SAFE,True,0.0,0.0,0.8231092971646984,0.17850138443065028,True,
319,2-C12ene,Linear alkenes,Alkenes,Gasoline,12,168.312,770801337712.6996,13,3179209,2,0.9166666666666666,1.0,1.0,0.08333333333333337,0.0,CoherenceRegime.SUBCOHERENT,60.955632818042965,1.3683120000000002,WallProximity.SAFE,True,0.0,0.0,0.8231092971646984,0.17850138443065028,True,
320,2-Methyl-1-C12ene,Branched alkenes,Alkenes,Gasoline,12,168.312,770801337712.6996,15,3179209,2,0.9166666666666666,1.0,1.0,0.08333333333333337,0.0,CoherenceRegime.SUBCOHERENT,60.955632818042965,1.3683120000000002,WallProximity.SAFE,True,0.0,0.0,0.8231092971646984,0.17850138443065028,True,
321,1-C13ene,Linear alkenes,Alkenes,Diesel,13,182.338,740561970950.5564,14,3441361,2,0.9166666666666666,1.0,1.0,0.08333333333333337,0.0,CoherenceRegime.SUBCOHERENT,71.5382079600643,1.482338,WallProximity.SAFE,True,0.0,0.0,0.8126373341409747,0.18545380568249265,True,
322,2-C13ene,Linear alkenes,Alkenes,Gasoline,13,182.338,740561970950.5564,14,3441361,2,0.9166666666666666,1.0,1.0,0.08333333333333337,0.0,CoherenceRegime.SUBCOHERENT,71.5382079600643,1.482338,WallProximity.SAFE,True,0.0,0.0,0.8126373341409747,0.18545380568249265,True,
323,2-Methyl-1-C13ene,Branched alkenes,Alkenes,Gasoline,13,182.338,740561970950.5564,16,3441425,3,0.875,0.975,1.0,0.09999999999999998,0.0,CoherenceRegime.SUBCOHERENT,71.5382079600643,1.482338,WallProximity.SAFE,True,0.0,0.0,0.8126373341409747,0.18545380568249265,True,
324,1-C14ene,Linear alkenes,Alkenes,Diesel,14,196.364,713623371385.9878,15,3703505,2,0.9166666666666666,1.0,1.0,0.08333333333333337,0.0,CoherenceRegime.SUBCOHERENT,82.96738911344735,1.5963640000000001,WallProximity.SAFE,True,0.0,0.0,0.7920916115962445,0.1918907423567729,True,
325,2-C14ene,Linear alkenes,Alkenes,Gasoline,14,196.364,713623371385.9878,15,3703505,2,0.9166666666666666,1.0,1.0,0.08333333333333337,0.0,CoherenceRegime.SUBCOHERENT,82.96738911344735,1.5963640000000001,WallProximity.SAFE,True,0.0,0.0,0.7920916115962445,0.1918907423567729,True,
326,2-Methyl-1-C14ene,Branched alkenes,Alkenes,Gasoline,14,196.364,713623371385.9878,17,3703569,3,0.875,0.975,1.0,0.09999999999999998,0.0,CoherenceRegime.SUBCOHERENT,82.96738911344735,1.5963640000000001,WallProximity.SAFE,True,0.0,0.0,0.7920916115962445,0.1918907423567729,True,
327,1-C15ene,Linear alkenes,Alkenes,Diesel,15,210.39,689425675309.3474,16,3965713,0,1.0,1.0,0.0,0.0,0.00027513750249508195,CoherenceRegime.SUBCOHERENT,95.2431762781921,1.71039,WallProximity.SAFE,True,0.0,0.0003295826433884061,0.762555430804121,0.19788338703226155,True,
328,2-C15ene,Linear alkenes,Alkenes,Gasoline,15,210.39,689425675309.3474,16,3965713,0,1.0,1.0,0.0,0.0,0.00027513750249508195,CoherenceRegime.SUBCOHERENT,95.2431762781921,1.71039,WallProximity.SAFE,True,0.0,0.0003295826433884061,0.762555430804121,0.19788338703226155,True,
329,2-Methyl-1-C15ene,Branched alkenes,Alkenes,Gasoline,15,210.39,689425675309.3474,18,3965713,0,1.0,1.0,0.0,0.0,0.00027513750249508195,CoherenceRegime.SUBCOHERENT,95.2431762781921,1.71039,WallProximity.SAFE,True,0.0,0.0003295826433884061,0.762555430804121,0.19788338703226155,True,
330,1-C16ene,Linear alkenes,Alkenes,Diesel,16,224.416,667533539730.2262,17,4227858,3,0.875,0.975,1.0,0.09999999999999998,0.0,CoherenceRegime.SUBCOHERENT,108.36556945429857,1.824416,WallProximity.SAFE,True,0.0,0.0,0.7253176803279657,0.20348913175231026,True,
331,2-C16ene,Linear alkenes,Alkenes,Gasoline,16,224.416,667533539730.2262,17,4227858,3,0.875,0.975,1.0,0.09999999999999998,0.0,CoherenceRegime.SUBCOHERENT,108.36556945429857,1.824416,WallProximity.SAFE,True,0.0,0.0,0.7253176803279657,0.20348913175231026,True,
332,1-C17ene,Linear alkenes,Alkenes,Diesel,17,238.442,647602657164.7449,18,4490002,3,0.875,0.975,1.0,0.09999999999999998,0.0,CoherenceRegime.SUBCOHERENT,122.33456864176677,1.9384420000000002,WallProximity.SAFE,True,0.0,0.0,0.6818099080912375,0.20875491949678007,True,
333,2-C17ene,Linear alkenes,Alkenes,Gasoline,17,238.442,647602657164.7449,18,4490002,3,0.875,0.975,1.0,0.09999999999999998,0.0,CoherenceRegime.SUBCOHERENT,122.33456864176677,1.9384420000000002,WallProximity.SAFE,True,0.0,0.0,0.6818099080912375,0.20875491949678007,True,
334,1-C18ene,Linear alkenes,Alkenes,Diesel,18,252.468,629356656816.9368,19,4748050,3,0.875,0.975,1.0,0.09999999999999998,0.0,CoherenceRegime.SUBCOHERENT,137.15017384059664,2.052468,WallProximity.SAFE,True,0.0,0.0,0.6335395997462686,0.2137196362417865,True,
335,2-C18ene,Linear alkenes,Alkenes,Gasoline,18,252.468,629356656816.9368,19,4748050,3,0.875,0.975,1.0,0.09999999999999998,0.0,CoherenceRegime.SUBCOHERENT,137.15017384059664,2.052468,WallProximity.SAFE,True,0.0,0.0,0.6335395997462686,0.2137196362417865,True,
336,1-C19ene,Linear alkenes,Alkenes,Diesel,19,266.494,612570787601.6946,20,5010266,3,0.875,0.975,1.0,0.09999999999999998,0.0,CoherenceRegime.SUBCOHERENT,152.81238505078827,2.166494,WallProximity.SAFE,True,0.0,0.0,0.5820242378228448,0.21841585541169112,True,
337,2-C19ene,Linear alkenes,Alkenes,Gasoline,19,266.494,612570787601.6946,20,5010266,3,0.875,0.975,1.0,0.09999999999999998,0.0,CoherenceRegime.SUBCOHERENT,152.81238505078827,2.166494,WallProximity.SAFE,True,0.0,0.0,0.5820242378228448,0.21841585541169112,True,
338,1-C20ene,Linear alkenes,Alkenes,Diesel,20,280.52,597060148839.137,21,5272410,3,0.875,0.975,1.0,0.09999999999999998,0.0,CoherenceRegime.SUBCOHERENT,169.32120227234154,2.28052,WallProximity.SAFE,True,0.0,0.0,0.52873019886373,0.22287113435392153,True,
339,2-C20ene,Linear alkenes,Alkenes,Gasoline,20,280.52,597060148839.137,21,5272410,3,0.875,0.975,1.0,0.09999999999999998,0.0,CoherenceRegime.SUBCOHERENT,169.32120227234154,2.28052,WallProximity.SAFE,True,0.0,0.0,0.52873019886373,0.22287113435392153,True,
340,1-C21ene,Linear alkenes,Alkenes,Diesel,21,294.546,582671042806.7759,22,5534554,2,0.9166666666666666,1.0,1.0,0.08333333333333337,0.0001644820972053207,CoherenceRegime.SUBCOHERENT,186.67662550525654,2.394546,WallProximity.SAFE,True,0.0,0.00020183746086024936,0.47501979169194386,0.22710899416790914,True,
341,2-C21ene,Linear alkenes,Alkenes,Gasoline,21,294.546,582671042806.7759,22,5534554,2,0.9166666666666666,1.0,1.0,0.08333333333333337,0.0001644820972053207,CoherenceRegime.SUBCOHERENT,186.67662550525654,2.394546,WallProximity.SAFE,True,0.0,0.00020183746086024936,0.47501979169194386,0.22710899416790914,True,
342,1-C22ene,Linear alkenes,Alkenes,Diesel,22,308.572,569274515447.5222,23,5796698,0,1.0,1.0,0.0,0.0,0.0,CoherenceRegime.SUBCOHERENT,204.87865474953327,2.508572,WallProximity.SAFE,True,0.0,0.0,0.42210882122892873,0.23114967138556652,True,
343,2-C22ene,Linear alkenes,Alkenes,Gasoline,22,308.572,569274515447.5222,23,5796698,0,1.0,1.0,0.0,0.0,0.0,CoherenceRegime.SUBCOHERENT,204.87865474953327,2.508572,WallProximity.SAFE,True,0.0,0.0,0.42210882122892873,0.23114967138556652,True,
344,1-C23ene,Linear alkenes,Alkenes,Diesel,23,322.598,556761459601.1726,24,6058906,3,0.875,0.975,1.0,0.09999999999999998,0.0,CoherenceRegime.SUBCOHERENT,223.92729000517173,2.6225980000000004,WallProximity.SAFE,True,0.0,0.0,0.3710360663594535,0.23501070242464386,True,
345,2-C23ene,Linear alkenes,Alkenes,Gasoline,23,322.598,556761459601.1726,24,6058906,3,0.875,0.975,1.0,0.09999999999999998,0.0,CoherenceRegime.SUBCOHERENT,223.92729000517173,2.6225980000000004,WallProximity.SAFE,True,0.0,0.0,0.3710360663594535,0.23501070242464386,True,
346,1-C24ene,Linear alkenes,Alkenes,Diesel,24,336.624,545038852844.3121,25,6321051,3,0.875,0.975,1.0,0.09999999999999998,0.0,CoherenceRegime.SUBCOHERENT,243.82253127217186,2.7366240000000004,WallProximity.SAFE,True,0.0,0.0,0.3226450765008138,0.2387073835634465,True,
347,2-C24ene,Linear alkenes,Alkenes,Gasoline,24,336.624,545038852844.3121,25,6321051,3,0.875,0.975,1.0,0.09999999999999998,0.0,CoherenceRegime.SUBCOHERENT,243.82253127217186,2.7366240000000004,WallProximity.SAFE,True,0.0,0.0,0.3226450765008138,0.2387073835634465,True,
348,1-C25ene,Linear alkenes,Alkenes,Diesel,25,350.65,534026831784.18097,26,6583203,0,1.0,1.0,0.0,0.0,0.0,CoherenceRegime.SUBCOHERENT,264.5643785505336,2.85065,WallProximity.SAFE,True,0.0,0.0,0.27757779989053727,0.2422531369555328,True,
349,2-C25ene,Linear alkenes,Alkenes,Gasoline,25,350.65,534026831784.18097,26,6583203,0,1.0,1.0,0.0,0.0,0.0,CoherenceRegime.SUBCOHERENT,264.5643785505336,2.85065,WallProximity.SAFE,True,0.0,0.0,0.27757779989053727,0.2422531369555328,True,
350,1-C26ene,Linear alkenes,Alkenes,Diesel,26,364.676,523656391548.0135,27,6845347,2,0.9166666666666666,1.0,1.0,0.08333333333333337,0.0,CoherenceRegime.SUBCOHERENT,286.1528318402572,2.964676,WallProximity.SAFE,True,0.0,0.0,0.23627882004342357,0.24565980481528887,True,
351,2-C26ene,Linear alkenes,Alkenes,Gasoline,26,364.676,523656391548.0135,27,6845347,2,0.9166666666666666,1.0,1.0,0.08333333333333337,0.0,CoherenceRegime.SUBCOHERENT,286.1528318402572,2.964676,WallProximity.SAFE,True,0.0,0.0,0.23627882004342357,0.24565980481528887,True,
352,1-C27ene,Linear alkenes,Alkenes,Diesel,27,378.702,513867558475.13306,28,7107555,2,0.9166666666666666,1.0,1.0,0.08333333333333337,0.0,CoherenceRegime.SUBCOHERENT,308.5878911413424,3.0787020000000003,WallProximity.SAFE,True,0.0,0.0,0.19900843620720055,0.24893788805292277,True,
353,2-C27ene,Linear alkenes,Alkenes,Gasoline,27,378.702,513867558475.13306,28,7107555,2,0.9166666666666666,1.0,1.0,0.08333333333333337,0.0,CoherenceRegime.SUBCOHERENT,308.5878911413424,3.0787020000000003,WallProximity.SAFE,True,0.0,0.0,0.19900843620720055,0.24893788805292277,True,
354,1-C28ene,Linear alkenes,Alkenes,Diesel,28,392.728,504607925120.238,29,7369699,3,0.875,0.975,1.0,0.09999999999999998,0.0,CoherenceRegime.SUBCOHERENT,331.8695564537894,3.1927280000000002,WallProximity.SAFE,True,0.0,0.0,0.16586249627635785,0.2520967414895691,True,
355,2-C28ene,Linear alkenes,Alkenes,Gasoline,28,392.728,504607925120.238,29,7369699,3,0.875,0.975,1.0,0.09999999999999998,0.0,CoherenceRegime.SUBCOHERENT,331.8695564537894,3.1927280000000002,WallProximity.SAFE,True,0.0,0.0,0.16586249627635785,0.2520967414895691,True,
356,1-C29ene,Linear alkenes,Alkenes,Diesel,29,406.754,495831465618.91534,30,7627747,0,1.0,1.0,0.0,0.0,0.0,CoherenceRegime.SUBCOHERENT,355.99782777759805,3.306754,WallProximity.SAFE,True,0.0,0.0,0.1367967716715775,0.2551447348009165,True,
357,2-C29ene,Linear alkenes,Alkenes,Gasoline,29,406.754,495831465618.91534,30,7627747,0,1.0,1.0,0.0,0.0,0.0,CoherenceRegime.SUBCOHERENT,355.99782777759805,3.306754,WallProximity.SAFE,True,0.0,0.0,0.1367967716715775,0.2551447348009165,True,
358,Benzene,Aromatics,Aromatics,Gasoline,6,78.108,1131493963139.39,8,1614464,0,1.0,1.0,0.0,0.0,0.0,CoherenceRegime.SUBCOHERENT,14.018708768303464,0.6781080000000002,WallProximity.BEYOND_WALL,False,1.0,0.0,0.6708107224695223,0.1146708013586009,True,
359,C1-Benzene,Aromatics,Aromatics,Gasoline,7,92.134,1041813634251.3234,9,1876616,0,1.0,1.0,0.0,0.0,0.0,CoherenceRegime.SUBCOHERENT,19.316667706394227,0.7921340000000001,WallProximity.BEYOND_WALL,False,1.0,0.0,0.7281423462110928,0.12859322089560316,True,
360,C2-Benzene,Aromatics,Aromatics,Gasoline,8,106.16,970553645244.2546,10,2134665,3,0.875,0.975,1.0,0.09999999999999998,0.0,CoherenceRegime.SUBCOHERENT,25.4612326558467,0.9061600000000001,WallProximity.WARNING,True,0.5061564204105282,0.0,0.7757067006443555,0.14058794253456602,True,
361,C3-Benzene,Aromatics,Aromatics,Gasoline,9,120.186,912164275583.9396,11,2396809,0,1.0,1.0,0.0,0.0,0.0,CoherenceRegime.SUBCOHERENT,32.45240361666089,1.020186,WallProximity.WARNING,True,0.11453536092191186,0.0,0.8126274147250935,0.15112468687417382,True,
362,C4-Benzene,Aromatics,Aromatics,Gasoline,10,134.212,863185876759.3774,12,2659017,3,0.875,0.975,1.0,0.09999999999999998,0.0,CoherenceRegime.SUBCOHERENT,40.29018058883676,1.134212,WallProximity.CAUTION,True,0.0,0.0,0.8382937103202426,0.1605199213989508,True,
363,C5-Benzene,Aromatics,Aromatics,Gasoline,11,148.238,821334804232.1232,13,2921161,3,0.875,0.975,1.0,0.09999999999999998,0.0,CoherenceRegime.SUBCOHERENT,48.97456357237437,1.2482380000000002,WallProximity.CAUTION,True,0.0,0.0,0.8524106468242886,0.1689970574550305,True,
364,C6-Benzene,Aromatics,Aromatics,Gasoline,12,162.264,785034803719.447,14,3179209,2,0.9166666666666666,1.0,1.0,0.08333333333333337,0.0,CoherenceRegime.SUBCOHERENT,58.50555256727368,1.3622640000000001,WallProximity.SAFE,True,0.0,0.0,0.8550239388005095,0.1767197085482051,True,
365,C7-Benzene,Aromatics,Aromatics,Gasoline,13,176.29,753158117252.3292,15,3441361,2,0.9166666666666666,1.0,1.0,0.08333333333333337,0.0,CoherenceRegime.SUBCOHERENT,68.88314757353469,1.47629,WallProximity.SAFE,True,0.0,0.0,0.8465212890838342,0.183811298372123,True,
366,C8-Benzene,Aromatics,Aromatics,Gasoline,14,190.316,724873710818.0087,16,3703569,3,0.875,0.975,1.0,0.09999999999999998,0.0,CoherenceRegime.SUBCOHERENT,80.1073485911574,1.590316,WallProximity.SAFE,True,0.0,0.0,0.8276126144218086,0.19036723576098571,True,
367,C9-Benzene,Aromatics,Aromatics,Gasoline,15,204.342,699553896808.4861,17,3965713,0,1.0,1.0,0.0,0.0,0.0,CoherenceRegime.SUBCOHERENT,92.17815562014184,1.704342,WallProximity.SAFE,True,0.0,0.0,0.7992922316332497,0.19646280141377262,True,
368,o-Xylene,Aromatics,Aromatics,Gasoline,8,106.16,970553645244.2546,10,2134665,3,0.875,0.975,1.0,0.09999999999999998,0.0,CoherenceRegime.SUBCOHERENT,25.4612326558467,0.9061600000000001,WallProximity.WARNING,True,0.5061564204105282,0.0,0.7757067006443555,0.14058794253456602,True,
369,m-Xylene,Aromatics,Aromatics,Gasoline,8,106.16,970553645244.2546,12,2134729,0,1.0,1.0,0.0,0.0,0.0,CoherenceRegime.SUBCOHERENT,25.4612326558467,0.9061600000000001,WallProximity.WARNING,True,0.5061564204105282,0.0,0.7757067006443555,0.14058794253456602,True,
370,p-Xylene,Aromatics,Aromatics,Gasoline,8,106.16,970553645244.2546,12,2134729,0,1.0,1.0,0.0,0.0,0.0,CoherenceRegime.SUBCOHERENT,25.4612326558467,0.9061600000000001,WallProximity.WARNING,True,0.5061564204105282,0.0,0.7757067006443555,0.14058794253456602,True,
371,"1,2,3-Trimethylbenzene",Aromatics,Aromatics,Gasoline,9,120.186,912164275583.9396,15,2396873,0,1.0,1.0,0.0,0.0,0.0,CoherenceRegime.SUBCOHERENT,32.45240361666089,1.020186,WallProximity.WARNING,True,0.11453536092191186,0.0,0.8126274147250935,0.15112468687417382,True,
372,"1,2,4-Trimethylbenzene",Aromatics,Aromatics,Gasoline,9,120.186,912164275583.9396,15,2396873,0,1.0,1.0,0.0,0.0,0.0,CoherenceRegime.SUBCOHERENT,32.45240361666089,1.020186,WallProximity.WARNING,True,0.11453536092191186,0.0,0.8126274147250935,0.15112468687417382,True,
373,"1,3,5-Trimethylbenzene",Aromatics,Aromatics,Gasoline,9,120.186,912164275583.9396,15,2396873,0,1.0,1.0,0.0,0.0,0.0,CoherenceRegime.SUBCOHERENT,32.45240361666089,1.020186,WallProximity.WARNING,True,0.11453536092191186,0.0,0.8126274147250935,0.15112468687417382,True,
374,Naphthalene,Naphthalenes,Aromatics,Diesel,10,128.164,883317782169.9384,14,2659017,3,0.875,0.975,1.0,0.09999999999999998,0.0,CoherenceRegime.SUBCOHERENT,38.269423366297595,1.128164,WallProximity.CAUTION,True,0.0,0.0,0.8659738853879211,0.1582851918437676,True,
375,C1-Naphthalene,Naphthalenes,Aromatics,Diesel,11,142.19,838620496922.0559,15,2921161,3,0.875,0.975,1.0,0.09999999999999998,0.0,CoherenceRegime.SUBCOHERENT,46.74882621407487,1.2421900000000001,WallProximity.CAUTION,True,0.0,0.0,0.8823321333761461,0.16697707109272555,True,
376,C2-Naphthalene,Naphthalenes,Aromatics,Diesel,12,156.216,800087054207.5043,16,3183369,3,0.875,0.975,1.0,0.09999999999999998,0.0,CoherenceRegime.SUBCOHERENT,56.074835073213855,1.3562160000000003,WallProximity.CAUTION,True,0.0,0.0,0.8871695641189951,0.17487680049139714,True,
377,C3-Naphthalene,Naphthalenes,Aromatics,Diesel,13,170.242,766419672374.1737,17,3441417,3,0.875,0.975,1.0,0.09999999999999998,0.0,CoherenceRegime.SUBCOHERENT,66.24744994371451,1.470242,WallProximity.SAFE,True,0.0,0.0,0.8807252319144165,0.18211691656777054,True,
378,C4-Naphthalene,Naphthalenes,Aromatics,Diesel,14,184.268,736673485511.7124,18,3703569,3,0.875,0.975,1.0,0.09999999999999998,0.0,CoherenceRegime.SUBCOHERENT,77.26667082557691,1.5842680000000002,WallProximity.SAFE,True,0.0,0.0,0.8635826457283369,0.18879922002839938,True,
379,C5-Naphthalene,Naphthalenes,Aromatics,Diesel,15,198.294,710142023432.6979,19,3965713,0,1.0,1.0,0.0,0.0,0.0,CoherenceRegime.SUBCOHERENT,89.13249771880099,1.698294,WallProximity.SAFE,True,0.0,0.0,0.8366345282279528,0.19500360767274533,True,
380,C6-Naphthalene,Naphthalenes,Aromatics,Diesel,16,212.32,686285064057.5352,20,4227922,0,1.0,1.0,0.0,0.0,0.0,CoherenceRegime.SUBCOHERENT,101.8449306233868,1.8123200000000002,WallProximity.SAFE,True,0.0,0.0,0.8010330089782766,0.20079394166736225,True,
381,C7-Naphthalene,Naphthalenes,Aromatics,Diesel,17,226.346,664681494969.2999,21,4490066,3,0.875,0.975,1.0,0.09999999999999998,0.0,CoherenceRegime.SUBCOHERENT,115.40396953933431,1.9263460000000001,WallProximity.SAFE,True,0.0,0.0,0.7581289039374206,0.20622207474625115,True,
382,Anthracene,Polycyclic aromatics,Aromatics,Heavy oil,14,176.20399999999998,753341892015.4813,20,3703633,2,0.9166666666666666,1.0,1.0,0.08333333333333337,0.0,CoherenceRegime.SUBCOHERENT,73.5092203152398,1.5762040000000002,WallProximity.SAFE,True,0.0,0.0,0.9121597697289986,0.18663418163751663,True,
383,1-Methyl-Anthracene,Polycyclic aromatics,Aromatics,Heavy oil,15,190.23,725037544322.4131,20,3965777,3,0.875,0.975,1.0,0.09999999999999998,0.0,CoherenceRegime.SUBCOHERENT,85.10174036078345,1.69023,WallProximity.SAFE,True,0.0,0.0,0.8872725655988339,0.19299384416516413,True,
384,2-Methyl-Anthracene,Polycyclic aromatics,Aromatics,Heavy oil,16,204.256,699701151488.497,20,4227922,0,1.0,1.0,0.0,0.0,0.0,CoherenceRegime.SUBCOHERENT,97.5408664176888,1.804256,WallProximity.SAFE,True,0.0,0.0,0.8531403819071459,0.19891866089421387,True,
385,3-Methyl-Anthracene,Polycyclic aromatics,Aromatics,Heavy oil,17,218.282,676847825240.177,20,4490066,3,0.875,0.975,1.0,0.09999999999999998,0.0003636637437540724,CoherenceRegime.SUBCOHERENT,110.8265984859559,1.9182820000000003,WallProximity.SAFE,True,0.0,0.0004380200330671972,0.8110331530706835,0.20446440039788033,True,
386,Phenanthrene,Polycyclic aromatics,Aromatics,Heavy oil,14,176.20399999999998,753341892015.4813,22,3703633,2,0.9166666666666666,1.0,1.0,0.08333333333333337,0.0,CoherenceRegime.SUBCOHERENT,73.5092203152398,1.5762040000000002,WallProximity.SAFE,True,0.0,0.0,0.9121597697289986,0.18663418163751663,True,
387,1-Methyl-Phenanthrene,Polycyclic aromatics,Aromatics,Heavy oil,15,190.23,725037544322.4131,22,3965777,3,0.875,0.975,1.0,0.09999999999999998,0.0,CoherenceRegime.SUBCOHERENT,85.10174036078345,1.69023,WallProximity.SAFE,True,0.0,0.0,0.8872725655988339,0.19299384416516413,True,
388,2-Methyl-Phenanthrene,Polycyclic aromatics,Aromatics,Heavy oil,16,204.256,699701151488.497,22,4227922,0,1.0,1.0,0.0,0.0,0.0,CoherenceRegime.SUBCOHERENT,97.5408664176888,1.804256,WallProximity.SAFE,True,0.0,0.0,0.8531403819071459,0.19891866089421387,True,
389,3-Methyl-Phenanthrene,Polycyclic aromatics,Aromatics,Heavy oil,17,218.282,676847825240.177,22,4490066,3,0.875,0.975,1.0,0.09999999999999998,0.0003636637437540724,CoherenceRegime.SUBCOHERENT,110.8265984859559,1.9182820000000003,WallProximity.SAFE,True,0.0,0.0004380200330671972,0.8110331530706835,0.20446440039788033,True,
390,Pyrene,Polycyclic aromatics,Aromatics,Heavy oil,16,202.24,703179938078.7649,26,4227986,0,1.0,1.0,0.0,0.0,0.0,CoherenceRegime.SUBCOHERENT,96.47022890979471,1.80224,WallProximity.SAFE,True,0.0,0.0,0.8663517515759125,0.19843933090430046,True,
391,1-Methyl-Pyrene,Polycyclic aromatics,Aromatics,Heavy oil,17,216.266,679995245489.8652,26,4490130,3,0.875,0.975,1.0,0.09999999999999998,0.0,CoherenceRegime.SUBCOHERENT,109.68763426614167,1.9162660000000002,WallProximity.SAFE,True,0.0,0.0,0.8244936896157422,0.20401576697562543,True,
392,2-Methyl-Pyrene,Polycyclic aromatics,Aromatics,Heavy oil,18,230.292,658962308262.595,26,4752274,3,0.875,0.975,1.0,0.09999999999999998,0.00012668213655575578,CoherenceRegime.SUBCOHERENT,123.75164563385034,2.030292,WallProximity.SAFE,True,0.0,0.00015319101949152605,0.7759226759439402,0.20925509828375133,True,
393,3-Methyl-Pyrene,Polycyclic aromatics,Aromatics,Heavy oil,19,244.318,639767637645.6545,26,5014418,2,0.9166666666666666,1.0,1.0,0.08333333333333337,0.0,CoherenceRegime.SUBCOHERENT,138.6622630129207,2.144318,WallProximity.SAFE,True,0.0,0.0,0.7221745020810968,0.21419582837468143,True,
394,Chrysene,Polycyclic aromatics,Aromatics,Heavy oil,18,228.276,661865696772.5623,28,4752338,2,0.9166666666666666,1.0,1.0,0.08333333333333337,0.0009781819751321086,CoherenceRegime.SUBCOHERENT,122.54650611952817,2.028276,WallProximity.SAFE,True,0.0,0.0011824558083363846,0.7895640998929385,0.20883009337468908,True,
395,1-Methyl-Chrysene,Polycyclic aromatics,Aromatics,Heavy oil,19,242.302,642423620412.1786,28,5014482,1,0.9583333333333334,1.0,1.0,0.04166666666666663,0.0,CoherenceRegime.SUBCOHERENT,137.3887967866784,2.142302,WallProximity.SAFE,True,0.0,0.0,0.7357242123597229,0.21379513201173067,True,
396,2-Methyl-Chrysene,Polycyclic aromatics,Aromatics,Heavy oil,20,256.328,624599993715.0251,28,5272530,3,0.875,0.975,1.0,0.09999999999999998,0.0006812763611564465,CoherenceRegime.SUBCOHERENT,153.07769346519038,2.256328,WallProximity.SAFE,True,0.0,0.0008301292446896982,0.6781018688846423,0.21849119097656383,True,
397,3-Methyl-Chrysene,Polycyclic aromatics,Aromatics,Heavy oil,21,270.354,608182052925.0571,28,5534682,3,0.875,0.975,1.0,0.09999999999999998,0.0,CoherenceRegime.SUBCOHERENT,169.61319615506406,2.370354,WallProximity.SAFE,True,0.0,0.0,0.6182540629836369,0.22294596379818982,True,
398,Benzo[a]pyrene,Polycyclic aromatics,Aromatics,Heavy oil,20,254.312,627070793240.3872,32,5272530,3,0.875,0.975,1.0,0.09999999999999998,0.0,CoherenceRegime.SUBCOHERENT,151.73805194444017,2.254312,WallProximity.SAFE,True,0.0,0.0,0.6915267186889178,0.21810945041697855,True,
399,1-Methyl-Benzo[a]pyrene,Polycyclic aromatics,Aromatics,Heavy oil,21,268.338,610462387321.854,32,5534682,3,0.875,0.975,1.0,0.09999999999999998,0.0,CoherenceRegime.SUBCOHERENT,168.20522792239376,2.368338,WallProximity.SAFE,True,0.0,0.0,0.6312563062595281,0.2225839489812449,True,
400,2-Methyl-Benzo[a]pyrene,Polycyclic aromatics,Aromatics,Heavy oil,22,282.364,595107381639.792,32,5796826,0,1.0,1.0,0.0,0.0,0.0,CoherenceRegime.SUBCOHERENT,185.519009911709,2.482364,WallProximity.SAFE,True,0.0,0.0,0.5700838815244396,0.22683884178688873,True,
401,3-Methyl-Benzo[a]pyrene,Polycyclic aromatics,Aromatics,Heavy oil,23,296.39000000000004,580855661390.2239,32,6058970,0,1.0,1.0,0.0,0.0,0.0,CoherenceRegime.SUBCOHERENT,203.67939791238604,2.5963900000000004,WallProximity.SAFE,True,0.0,0.0,0.5093755761470443,0.23089471025128655,True,
402,Aromatic-C18-402,Aromatics,Aromatics,Diesel,18,246.42,637033136204.0968,8,4752018,0,1.0,1.0,0.0,0.0,0.0,CoherenceRegime.SUBCOHERENT,133.47021277526537,2.04642,WallProximity.SAFE,True,0.0,0.0,0.6709119647435305,0.21253843528109298,True,
403,Aromatic-C19-403,Aromatics,Aromatics,Diesel,19,260.446,619642438113.7518,8,5010074,0,1.0,1.0,0.0,0.0,0.0,CoherenceRegime.SUBCOHERENT,148.92744384969666,2.1604460000000003,WallProximity.SAFE,True,0.0,0.0,0.6185781341000893,0.2172974735456997,True,
404,Aromatic-C20-404,Aromatics,Aromatics,Diesel,20,274.472,603602425891.7164,8,5272218,0,1.0,1.0,0.0,0.0,0.0,CoherenceRegime.SUBCOHERENT,165.23128093548956,2.274472,WallProximity.SAFE,True,0.0,0.0,0.56399814184084,0.22180922696892566,True,
405,Aromatic-C6-405,Aromatics,Aromatics,Gasoline,6,78.108,1131493963139.39,8,1614464,0,1.0,1.0,0.0,0.0,0.0,CoherenceRegime.SUBCOHERENT,14.018708768303464,0.6781080000000002,WallProximity.BEYOND_WALL,False,1.0,0.0,0.6708107224695223,0.1146708013586009,True,
406,Aromatic-C7-406,Aromatics,Aromatics,Gasoline,7,92.134,1041813634251.3234,8,1876616,0,1.0,1.0,0.0,0.0,0.0,CoherenceRegime.SUBCOHERENT,19.316667706394227,0.7921340000000001,WallProximity.BEYOND_WALL,False,1.0,0.0,0.7281423462110928,0.12859322089560316,True,
407,Aromatic-C8-407,Aromatics,Aromatics,Gasoline,8,106.16,970553645244.2546,8,2134665,3,0.875,0.975,1.0,0.09999999999999998,0.0,CoherenceRegime.SUBCOHERENT,25.4612326558467,0.9061600000000001,WallProximity.WARNING,True,0.5061564204105282,0.0,0.7757067006443555,0.14058794253456602,True,
408,Aromatic-C9-408,Aromatics,Aromatics,Gasoline,9,120.186,912164275583.9396,8,2396809,0,1.0,1.0,0.0,0.0,0.0,CoherenceRegime.SUBCOHERENT,32.45240361666089,1.020186,WallProximity.WARNING,True,0.11453536092191186,0.0,0.8126274147250935,0.15112468687417382,True,
409,Aromatic-C10-409,Aromatics,Aromatics,Gasoline,10,134.212,863185876759.3774,8,2658953,2,0.9166666666666666,1.0,1.0,0.08333333333333337,0.0,CoherenceRegime.SUBCOHERENT,40.29018058883676,1.134212,WallProximity.CAUTION,True,0.0,0.0,0.8382937103202426,0.1605199213989508,True,
410,Aromatic-C11-410,Aromatics,Aromatics,Gasoline,11,148.238,821334804232.1232,8,2921097,3,0.875,0.975,1.0,0.09999999999999998,0.0,CoherenceRegime.SUBCOHERENT,48.97456357237437,1.2482380000000002,WallProximity.CAUTION,True,0.0,0.0,0.8524106468242886,0.1689970574550305,True,
411,Aromatic-C12-411,Aromatics,Aromatics,Gasoline,12,162.264,785034803719.447,8,3179145,3,0.875,0.975,1.0,0.09999999999999998,0.0,CoherenceRegime.SUBCOHERENT,58.50555256727368,1.3622640000000001,WallProximity.SAFE,True,0.0,0.0,0.8550239388005095,0.1767197085482051,True,
412,Aromatic-C13-412,Aromatics,Aromatics,Diesel,13,176.29,753158117252.3292,8,3441297,3,0.875,0.975,1.0,0.09999999999999998,0.0,CoherenceRegime.SUBCOHERENT,68.88314757353469,1.47629,WallProximity.SAFE,True,0.0,0.0,0.8465212890838342,0.183811298372123,True,
413,Aromatic-C14-413,Aromatics,Aromatics,Diesel,14,190.316,724873710818.0087,8,3703441,3,0.875,0.975,1.0,0.09999999999999998,0.0,CoherenceRegime.SUBCOHERENT,80.1073485911574,1.590316,WallProximity.SAFE,True,0.0,0.0,0.8276126144218086,0.19036723576098571,True,
414,Aromatic-C15-414,Aromatics,Aromatics,Diesel,15,204.342,699553896808.4861,8,3965585,0,1.0,1.0,0.0,0.0,0.0,CoherenceRegime.SUBCOHERENT,92.17815562014184,1.704342,WallProximity.SAFE,True,0.0,0.0,0.7992922316332497,0.19646280141377262,True,
415,Aromatic-C16-415,Aromatics,Aromatics,Diesel,16,218.368,676714530423.143,8,4227730,0,1.0,1.0,0.0,0.0,0.0,CoherenceRegime.SUBCOHERENT,105.09556866048797,1.818368,WallProximity.SAFE,True,0.0,0.0,0.7627867925383021,0.2021584404450029,True,
416,Aromatic-C17-416,Aromatics,Aromatics,Diesel,17,232.394,655975387005.7616,8,4489874,0,1.0,1.0,0.0,0.0,0.0,CoherenceRegime.SUBCOHERENT,118.85958771219583,1.9323940000000002,WallProximity.SAFE,True,0.0,0.0,0.7194933175068952,0.207503421948917,True,
417,Aromatic-C18-417,Aromatics,Aromatics,Diesel,18,246.42,637033136204.0968,8,4752018,0,1.0,1.0,0.0,0.0,0.0,CoherenceRegime.SUBCOHERENT,133.47021277526537,2.04642,WallProximity.SAFE,True,0.0,0.0,0.6709119647435305,0.21253843528109298,True,
418,Aromatic-C19-418,Aromatics,Aromatics,Diesel,19,260.446,619642438113.7518,8,5010074,0,1.0,1.0,0.0,0.0,0.0,CoherenceRegime.SUBCOHERENT,148.92744384969666,2.1604460000000003,WallProximity.SAFE,True,0.0,0.0,0.6185781341000893,0.2172974735456997,True,
419,Aromatic-C20-419,Aromatics,Aromatics,Diesel,20,274.472,603602425891.7164,8,5272218,0,1.0,1.0,0.0,0.0,0.0,CoherenceRegime.SUBCOHERENT,165.23128093548956,2.274472,WallProximity.SAFE,True,0.0,0.0,0.56399814184084,0.22180922696892566,True,
420,Aromatic-C6-420,Aromatics,Aromatics,Gasoline,6,78.108,1131493963139.39,8,1614464,0,1.0,1.0,0.0,0.0,0.0,CoherenceRegime.SUBCOHERENT,14.018708768303464,0.6781080000000002,WallProximity.BEYOND_WALL,False,1.0,0.0,0.6708107224695223,0.1146708013586009,True,
421,Aromatic-C7-421,Aromatics,Aromatics,Gasoline,7,92.134,1041813634251.3234,8,1876616,0,1.0,1.0,0.0,0.0,0.0,CoherenceRegime.SUBCOHERENT,19.316667706394227,0.7921340000000001,WallProximity.BEYOND_WALL,False,1.0,0.0,0.7281423462110928,0.12859322089560316,True,
422,Aromatic-C8-422,Aromatics,Aromatics,Gasoline,8,106.16,970553645244.2546,8,2134665,3,0.875,0.975,1.0,0.09999999999999998,0.0,CoherenceRegime.SUBCOHERENT,25.4612326558467,0.9061600000000001,WallProximity.WARNING,True,0.5061564204105282,0.0,0.7757067006443555,0.14058794253456602,True,
423,Aromatic-C9-423,Aromatics,Aromatics,Gasoline,9,120.186,912164275583.9396,8,2396809,0,1.0,1.0,0.0,0.0,0.0,CoherenceRegime.SUBCOHERENT,32.45240361666089,1.020186,WallProximity.WARNING,True,0.11453536092191186,0.0,0.8126274147250935,0.15112468687417382,True,
424,Aromatic-C10-424,Aromatics,Aromatics,Gasoline,10,134.212,863185876759.3774,8,2658953,2,0.9166666666666666,1.0,1.0,0.08333333333333337,0.0,CoherenceRegime.SUBCOHERENT,40.29018058883676,1.134212,WallProximity.CAUTION,True,0.0,0.0,0.8382937103202426,0.1605199213989508,True,
425,Aromatic-C11-425,Aromatics,Aromatics,Gasoline,11,148.238,821334804232.1232,8,2921097,3,0.875,0.975,1.0,0.09999999999999998,0.0,CoherenceRegime.SUBCOHERENT,48.97456357237437,1.2482380000000002,WallProximity.CAUTION,True,0.0,0.0,0.8524106468242886,0.1689970574550305,True,
426,Aromatic-C12-426,Aromatics,Aromatics,Gasoline,12,162.264,785034803719.447,8,3179145,3,0.875,0.975,1.0,0.09999999999999998,0.0,CoherenceRegime.SUBCOHERENT,58.50555256727368,1.3622640000000001,WallProximity.SAFE,True,0.0,0.0,0.8550239388005095,0.1767197085482051,True,
427,Aromatic-C13-427,Aromatics,Aromatics,Diesel,13,176.29,753158117252.3292,8,3441297,3,0.875,0.975,1.0,0.09999999999999998,0.0,CoherenceRegime.SUBCOHERENT,68.88314757353469,1.47629,WallProximity.SAFE,True,0.0,0.0,0.8465212890838342,0.183811298372123,True,
428,Aromatic-C14-428,Aromatics,Aromatics,Diesel,14,190.316,724873710818.0087,8,3703441,3,0.875,0.975,1.0,0.09999999999999998,0.0,CoherenceRegime.SUBCOHERENT,80.1073485911574,1.590316,WallProximity.SAFE,True,0.0,0.0,0.8276126144218086,0.19036723576098571,True,
429,Aromatic-C15-429,Aromatics,Aromatics,Diesel,15,204.342,699553896808.4861,8,3965585,0,1.0,1.0,0.0,0.0,0.0,CoherenceRegime.SUBCOHERENT,92.17815562014184,1.704342,WallProximity.SAFE,True,0.0,0.0,0.7992922316332497,0.19646280141377262,True,
430,Aromatic-C16-430,Aromatics,Aromatics,Diesel,16,218.368,676714530423.143,8,4227730,0,1.0,1.0,0.0,0.0,0.0,CoherenceRegime.SUBCOHERENT,105.09556866048797,1.818368,WallProximity.SAFE,True,0.0,0.0,0.7627867925383021,0.2021584404450029,True,
431,Aromatic-C17-431,Aromatics,Aromatics,Diesel,17,232.394,655975387005.7616,8,4489874,0,1.0,1.0,0.0,0.0,0.0,CoherenceRegime.SUBCOHERENT,118.85958771219583,1.9323940000000002,WallProximity.SAFE,True,0.0,0.0,0.7194933175068952,0.207503421948917,True,
432,Aromatic-C18-432,Aromatics,Aromatics,Diesel,18,246.42,637033136204.0968,8,4752018,0,1.0,1.0,0.0,0.0,0.0,CoherenceRegime.SUBCOHERENT,133.47021277526537,2.04642,WallProximity.SAFE,True,0.0,0.0,0.6709119647435305,0.21253843528109298,True,
433,Aromatic-C19-433,Aromatics,Aromatics,Diesel,19,260.446,619642438113.7518,8,5010074,0,1.0,1.0,0.0,0.0,0.0,CoherenceRegime.SUBCOHERENT,148.92744384969666,2.1604460000000003,WallProximity.SAFE,True,0.0,0.0,0.6185781341000893,0.2172974735456997,True,
434,Aromatic-C20-434,Aromatics,Aromatics,Diesel,20,274.472,603602425891.7164,8,5272218,0,1.0,1.0,0.0,0.0,0.0,CoherenceRegime.SUBCOHERENT,165.23128093548956,2.274472,WallProximity.SAFE,True,0.0,0.0,0.56399814184084,0.22180922696892566,True,
435,Aromatic-C6-435,Aromatics,Aromatics,Gasoline,6,78.108,1131493963139.39,8,1614464,0,1.0,1.0,0.0,0.0,0.0,CoherenceRegime.SUBCOHERENT,14.018708768303464,0.6781080000000002,WallProximity.BEYOND_WALL,False,1.0,0.0,0.6708107224695223,0.1146708013586009,True,
436,Aromatic-C7-436,Aromatics,Aromatics,Gasoline,7,92.134,1041813634251.3234,8,1876616,0,1.0,1.0,0.0,0.0,0.0,CoherenceRegime.SUBCOHERENT,19.316667706394227,0.7921340000000001,WallProximity.BEYOND_WALL,False,1.0,0.0,0.7281423462110928,0.12859322089560316,True,
437,Aromatic-C8-437,Aromatics,Aromatics,Gasoline,8,106.16,970553645244.2546,8,2134665,3,0.875,0.975,1.0,0.09999999999999998,0.0,CoherenceRegime.SUBCOHERENT,25.4612326558467,0.9061600000000001,WallProximity.WARNING,True,0.5061564204105282,0.0,0.7757067006443555,0.14058794253456602,True,
438,Aromatic-C9-438,Aromatics,Aromatics,Gasoline,9,120.186,912164275583.9396,8,2396809,0,1.0,1.0,0.0,0.0,0.0,CoherenceRegime.SUBCOHERENT,32.45240361666089,1.020186,WallProximity.WARNING,True,0.11453536092191186,0.0,0.8126274147250935,0.15112468687417382,True,
439,Aromatic-C10-439,Aromatics,Aromatics,Gasoline,10,134.212,863185876759.3774,8,2658953,2,0.9166666666666666,1.0,1.0,0.08333333333333337,0.0,CoherenceRegime.SUBCOHERENT,40.29018058883676,1.134212,WallProximity.CAUTION,True,0.0,0.0,0.8382937103202426,0.1605199213989508,True,
440,Aromatic-C11-440,Aromatics,Aromatics,Gasoline,11,148.238,821334804232.1232,8,2921097,3,0.875,0.975,1.0,0.09999999999999998,0.0,CoherenceRegime.SUBCOHERENT,48.97456357237437,1.2482380000000002,WallProximity.CAUTION,True,0.0,0.0,0.8524106468242886,0.1689970574550305,True,
441,Aromatic-C12-441,Aromatics,Aromatics,Gasoline,12,162.264,785034803719.447,8,3179145,3,0.875,0.975,1.0,0.09999999999999998,0.0,CoherenceRegime.SUBCOHERENT,58.50555256727368,1.3622640000000001,WallProximity.SAFE,True,0.0,0.0,0.8550239388005095,0.1767197085482051,True,
442,Aromatic-C13-442,Aromatics,Aromatics,Diesel,13,176.29,753158117252.3292,8,3441297,3,0.875,0.975,1.0,0.09999999999999998,0.0,CoherenceRegime.SUBCOHERENT,68.88314757353469,1.47629,WallProximity.SAFE,True,0.0,0.0,0.8465212890838342,0.183811298372123,True,
443,Aromatic-C14-443,Aromatics,Aromatics,Diesel,14,190.316,724873710818.0087,8,3703441,3,0.875,0.975,1.0,0.09999999999999998,0.0,CoherenceRegime.SUBCOHERENT,80.1073485911574,1.590316,WallProximity.SAFE,True,0.0,0.0,0.8276126144218086,0.19036723576098571,True,
444,Aromatic-C15-444,Aromatics,Aromatics,Diesel,15,204.342,699553896808.4861,8,3965585,0,1.0,1.0,0.0,0.0,0.0,CoherenceRegime.SUBCOHERENT,92.17815562014184,1.704342,WallProximity.SAFE,True,0.0,0.0,0.7992922316332497,0.19646280141377262,True,
445,Aromatic-C16-445,Aromatics,Aromatics,Diesel,16,218.368,676714530423.143,8,4227730,0,1.0,1.0,0.0,0.0,0.0,CoherenceRegime.SUBCOHERENT,105.09556866048797,1.818368,WallProximity.SAFE,True,0.0,0.0,0.7627867925383021,0.2021584404450029,True,
446,Aromatic-C17-446,Aromatics,Aromatics,Diesel,17,232.394,655975387005.7616,8,4489874,0,1.0,1.0,0.0,0.0,0.0,CoherenceRegime.SUBCOHERENT,118.85958771219583,1.9323940000000002,WallProximity.SAFE,True,0.0,0.0,0.7194933175068952,0.207503421948917,True,
447,Aromatic-C18-447,Aromatics,Aromatics,Diesel,18,246.42,637033136204.0968,8,4752018,0,1.0,1.0,0.0,0.0,0.0,CoherenceRegime.SUBCOHERENT,133.47021277526537,2.04642,WallProximity.SAFE,True,0.0,0.0,0.6709119647435305,0.21253843528109298,True,
448,Aromatic-C19-448,Aromatics,Aromatics,Diesel,19,260.446,619642438113.7518,8,5010074,0,1.0,1.0,0.0,0.0,0.0,CoherenceRegime.SUBCOHERENT,148.92744384969666,2.1604460000000003,WallProximity.SAFE,True,0.0,0.0,0.6185781341000893,0.2172974735456997,True,
449,Aromatic-C20-449,Aromatics,Aromatics,Diesel,20,274.472,603602425891.7164,8,5272218,0,1.0,1.0,0.0,0.0,0.0,CoherenceRegime.SUBCOHERENT,165.23128093548956,2.274472,WallProximity.SAFE,True,0.0,0.0,0.56399814184084,0.22180922696892566,True,
450,Aromatic-C6-450,Aromatics,Aromatics,Gasoline,6,78.108,1131493963139.39,8,1614464,0,1.0,1.0,0.0,0.0,0.0,CoherenceRegime.SUBCOHERENT,14.018708768303464,0.6781080000000002,WallProximity.BEYOND_WALL,False,1.0,0.0,0.6708107224695223,0.1146708013586009,True,
451,Aromatic-C7-451,Aromatics,Aromatics,Gasoline,7,92.134,1041813634251.3234,8,1876616,0,1.0,1.0,0.0,0.0,0.0,CoherenceRegime.SUBCOHERENT,19.316667706394227,0.7921340000000001,WallProximity.BEYOND_WALL,False,1.0,0.0,0.7281423462110928,0.12859322089560316,True,
452,Aromatic-C8-452,Aromatics,Aromatics,Gasoline,8,106.16,970553645244.2546,8,2134665,3,0.875,0.975,1.0,0.09999999999999998,0.0,CoherenceRegime.SUBCOHERENT,25.4612326558467,0.9061600000000001,WallProximity.WARNING,True,0.5061564204105282,0.0,0.7757067006443555,0.14058794253456602,True,
453,Aromatic-C9-453,Aromatics,Aromatics,Gasoline,9,120.186,912164275583.9396,8,2396809,0,1.0,1.0,0.0,0.0,0.0,CoherenceRegime.SUBCOHERENT,32.45240361666089,1.020186,WallProximity.WARNING,True,0.11453536092191186,0.0,0.8126274147250935,0.15112468687417382,True,
454,Aromatic-C10-454,Aromatics,Aromatics,Gasoline,10,134.212,863185876759.3774,8,2658953,2,0.9166666666666666,1.0,1.0,0.08333333333333337,0.0,CoherenceRegime.SUBCOHERENT,40.29018058883676,1.134212,WallProximity.CAUTION,True,0.0,0.0,0.8382937103202426,0.1605199213989508,True,
455,Aromatic-C11-455,Aromatics,Aromatics,Gasoline,11,148.238,821334804232.1232,8,2921097,3,0.875,0.975,1.0,0.09999999999999998,0.0,CoherenceRegime.SUBCOHERENT,48.97456357237437,1.2482380000000002,WallProximity.CAUTION,True,0.0,0.0,0.8524106468242886,0.1689970574550305,True,
456,Aromatic-C12-456,Aromatics,Aromatics,Gasoline,12,162.264,785034803719.447,8,3179145,3,0.875,0.975,1.0,0.09999999999999998,0.0,CoherenceRegime.SUBCOHERENT,58.50555256727368,1.3622640000000001,WallProximity.SAFE,True,0.0,0.0,0.8550239388005095,0.1767197085482051,True,
457,Aromatic-C13-457,Aromatics,Aromatics,Diesel,13,176.29,753158117252.3292,8,3441297,3,0.875,0.975,1.0,0.09999999999999998,0.0,CoherenceRegime.SUBCOHERENT,68.88314757353469,1.47629,WallProximity.SAFE,True,0.0,0.0,0.8465212890838342,0.183811298372123,True,
458,Aromatic-C14-458,Aromatics,Aromatics,Diesel,14,190.316,724873710818.0087,8,3703441,3,0.875,0.975,1.0,0.09999999999999998,0.0,CoherenceRegime.SUBCOHERENT,80.1073485911574,1.590316,WallProximity.SAFE,True,0.0,0.0,0.8276126144218086,0.19036723576098571,True,
459,Aromatic-C15-459,Aromatics,Aromatics,Diesel,15,204.342,699553896808.4861,8,3965585,0,1.0,1.0,0.0,0.0,0.0,CoherenceRegime.SUBCOHERENT,92.17815562014184,1.704342,WallProximity.SAFE,True,0.0,0.0,0.7992922316332497,0.19646280141377262,True,
460,Aromatic-C16-460,Aromatics,Aromatics,Diesel,16,218.368,676714530423.143,8,4227730,0,1.0,1.0,0.0,0.0,0.0,CoherenceRegime.SUBCOHERENT,105.09556866048797,1.818368,WallProximity.SAFE,True,0.0,0.0,0.7627867925383021,0.2021584404450029,True,
461,Aromatic-C17-461,Aromatics,Aromatics,Diesel,17,232.394,655975387005.7616,8,4489874,0,1.0,1.0,0.0,0.0,0.0,CoherenceRegime.SUBCOHERENT,118.85958771219583,1.9323940000000002,WallProximity.SAFE,True,0.0,0.0,0.7194933175068952,0.207503421948917,True,
462,Aromatic-C18-462,Aromatics,Aromatics,Diesel,18,246.42,637033136204.0968,8,4752018,0,1.0,1.0,0.0,0.0,0.0,CoherenceRegime.SUBCOHERENT,133.47021277526537,2.04642,WallProximity.SAFE,True,0.0,0.0,0.6709119647435305,0.21253843528109298,True,
463,Aromatic-C19-463,Aromatics,Aromatics,Diesel,19,260.446,619642438113.7518,8,5010074,0,1.0,1.0,0.0,0.0,0.0,CoherenceRegime.SUBCOHERENT,148.92744384969666,2.1604460000000003,WallProximity.SAFE,True,0.0,0.0,0.6185781341000893,0.2172974735456997,True,
464,Aromatic-C20-464,Aromatics,Aromatics,Diesel,20,274.472,603602425891.7164,8,5272218,0,1.0,1.0,0.0,0.0,0.0,CoherenceRegime.SUBCOHERENT,165.23128093548956,2.274472,WallProximity.SAFE,True,0.0,0.0,0.56399814184084,0.22180922696892566,True,
465,Aromatic-C6-465,Aromatics,Aromatics,Gasoline,6,78.108,1131493963139.39,8,1614464,0,1.0,1.0,0.0,0.0,0.0,CoherenceRegime.SUBCOHERENT,14.018708768303464,0.6781080000000002,WallProximity.BEYOND_WALL,False,1.0,0.0,0.6708107224695223,0.1146708013586009,True,
466,Aromatic-C7-466,Aromatics,Aromatics,Gasoline,7,92.134,1041813634251.3234,8,1876616,0,1.0,1.0,0.0,0.0,0.0,CoherenceRegime.SUBCOHERENT,19.316667706394227,0.7921340000000001,WallProximity.BEYOND_WALL,False,1.0,0.0,0.7281423462110928,0.12859322089560316,True,
467,Aromatic-C8-467,Aromatics,Aromatics,Gasoline,8,106.16,970553645244.2546,8,2134665,3,0.875,0.975,1.0,0.09999999999999998,0.0,CoherenceRegime.SUBCOHERENT,25.4612326558467,0.9061600000000001,WallProximity.WARNING,True,0.5061564204105282,0.0,0.7757067006443555,0.14058794253456602,True,
468,Aromatic-C9-468,Aromatics,Aromatics,Gasoline,9,120.186,912164275583.9396,8,2396809,0,1.0,1.0,0.0,0.0,0.0,CoherenceRegime.SUBCOHERENT,32.45240361666089,1.020186,WallProximity.WARNING,True,0.11453536092191186,0.0,0.8126274147250935,0.15112468687417382,True,
469,Aromatic-C10-469,Aromatics,Aromatics,Gasoline,10,134.212,863185876759.3774,8,2658953,2,0.9166666666666666,1.0,1.0,0.08333333333333337,0.0,CoherenceRegime.SUBCOHERENT,40.29018058883676,1.134212,WallProximity.CAUTION,True,0.0,0.0,0.8382937103202426,0.1605199213989508,True,
470,Aromatic-C11-470,Aromatics,Aromatics,Gasoline,11,148.238,821334804232.1232,8,2921097,3,0.875,0.975,1.0,0.09999999999999998,0.0,CoherenceRegime.SUBCOHERENT,48.97456357237437,1.2482380000000002,WallProximity.CAUTION,True,0.0,0.0,0.8524106468242886,0.1689970574550305,True,
471,Aromatic-C12-471,Aromatics,Aromatics,Gasoline,12,162.264,785034803719.447,8,3179145,3,0.875,0.975,1.0,0.09999999999999998,0.0,CoherenceRegime.SUBCOHERENT,58.50555256727368,1.3622640000000001,WallProximity.SAFE,True,0.0,0.0,0.8550239388005095,0.1767197085482051,True,
472,Aromatic-C13-472,Aromatics,Aromatics,Diesel,13,176.29,753158117252.3292,8,3441297,3,0.875,0.975,1.0,0.09999999999999998,0.0,CoherenceRegime.SUBCOHERENT,68.88314757353469,1.47629,WallProximity.SAFE,True,0.0,0.0,0.8465212890838342,0.183811298372123,True,
473,Aromatic-C14-473,Aromatics,Aromatics,Diesel,14,190.316,724873710818.0087,8,3703441,3,0.875,0.975,1.0,0.09999999999999998,0.0,CoherenceRegime.SUBCOHERENT,80.1073485911574,1.590316,WallProximity.SAFE,True,0.0,0.0,0.8276126144218086,0.19036723576098571,True,
474,Aromatic-C15-474,Aromatics,Aromatics,Diesel,15,204.342,699553896808.4861,8,3965585,0,1.0,1.0,0.0,0.0,0.0,CoherenceRegime.SUBCOHERENT,92.17815562014184,1.704342,WallProximity.SAFE,True,0.0,0.0,0.7992922316332497,0.19646280141377262,True,
475,Aromatic-C16-475,Aromatics,Aromatics,Diesel,16,218.368,676714530423.143,8,4227730,0,1.0,1.0,0.0,0.0,0.0,CoherenceRegime.SUBCOHERENT,105.09556866048797,1.818368,WallProximity.SAFE,True,0.0,0.0,0.7627867925383021,0.2021584404450029,True,
476,Aromatic-C17-476,Aromatics,Aromatics,Diesel,17,232.394,655975387005.7616,8,4489874,0,1.0,1.0,0.0,0.0,0.0,CoherenceRegime.SUBCOHERENT,118.85958771219583,1.9323940000000002,WallProximity.SAFE,True,0.0,0.0,0.7194933175068952,0.207503421948917,True,
477,Aromatic-C18-477,Aromatics,Aromatics,Diesel,18,246.42,637033136204.0968,8,4752018,0,1.0,1.0,0.0,0.0,0.0,CoherenceRegime.SUBCOHERENT,133.47021277526537,2.04642,WallProximity.SAFE,True,0.0,0.0,0.6709119647435305,0.21253843528109298,True,
478,Aromatic-C19-478,Aromatics,Aromatics,Diesel,19,260.446,619642438113.7518,8,5010074,0,1.0,1.0,0.0,0.0,0.0,CoherenceRegime.SUBCOHERENT,148.92744384969666,2.1604460000000003,WallProximity.SAFE,True,0.0,0.0,0.6185781341000893,0.2172974735456997,True,
479,Aromatic-C20-479,Aromatics,Aromatics,Diesel,20,274.472,603602425891.7164,8,5272218,0,1.0,1.0,0.0,0.0,0.0,CoherenceRegime.SUBCOHERENT,165.23128093548956,2.274472,WallProximity.SAFE,True,0.0,0.0,0.56399814184084,0.22180922696892566,True,
480,Aromatic-C6-480,Aromatics,Aromatics,Gasoline,6,78.108,1131493963139.39,8,1614464,0,1.0,1.0,0.0,0.0,0.0,CoherenceRegime.SUBCOHERENT,14.018708768303464,0.6781080000000002,WallProximity.BEYOND_WALL,False,1.0,0.0,0.6708107224695223,0.1146708013586009,True,
481,Aromatic-C7-481,Aromatics,Aromatics,Gasoline,7,92.134,1041813634251.3234,8,1876616,0,1.0,1.0,0.0,0.0,0.0,CoherenceRegime.SUBCOHERENT,19.316667706394227,0.7921340000000001,WallProximity.BEYOND_WALL,False,1.0,0.0,0.7281423462110928,0.12859322089560316,True,
482,Aromatic-C8-482,Aromatics,Aromatics,Gasoline,8,106.16,970553645244.2546,8,2134665,3,0.875,0.975,1.0,0.09999999999999998,0.0,CoherenceRegime.SUBCOHERENT,25.4612326558467,0.9061600000000001,WallProximity.WARNING,True,0.5061564204105282,0.0,0.7757067006443555,0.14058794253456602,True,
483,Aromatic-C9-483,Aromatics,Aromatics,Gasoline,9,120.186,912164275583.9396,8,2396809,0,1.0,1.0,0.0,0.0,0.0,CoherenceRegime.SUBCOHERENT,32.45240361666089,1.020186,WallProximity.WARNING,True,0.11453536092191186,0.0,0.8126274147250935,0.15112468687417382,True,
484,Aromatic-C10-484,Aromatics,Aromatics,Gasoline,10,134.212,863185876759.3774,8,2658953,2,0.9166666666666666,1.0,1.0,0.08333333333333337,0.0,CoherenceRegime.SUBCOHERENT,40.29018058883676,1.134212,WallProximity.CAUTION,True,0.0,0.0,0.8382937103202426,0.1605199213989508,True,
485,Aromatic-C11-485,Aromatics,Aromatics,Gasoline,11,148.238,821334804232.1232,8,2921097,3,0.875,0.975,1.0,0.09999999999999998,0.0,CoherenceRegime.SUBCOHERENT,48.97456357237437,1.2482380000000002,WallProximity.CAUTION,True,0.0,0.0,0.8524106468242886,0.1689970574550305,True,
486,Aromatic-C12-486,Aromatics,Aromatics,Gasoline,12,162.264,785034803719.447,8,3179145,3,0.875,0.975,1.0,0.09999999999999998,0.0,CoherenceRegime.SUBCOHERENT,58.50555256727368,1.3622640000000001,WallProximity.SAFE,True,0.0,0.0,0.8550239388005095,0.1767197085482051,True,
487,Aromatic-C13-487,Aromatics,Aromatics,Diesel,13,176.29,753158117252.3292,8,3441297,3,0.875,0.975,1.0,0.09999999999999998,0.0,CoherenceRegime.SUBCOHERENT,68.88314757353469,1.47629,WallProximity.SAFE,True,0.0,0.0,0.8465212890838342,0.183811298372123,True,
488,Aromatic-C14-488,Aromatics,Aromatics,Diesel,14,190.316,724873710818.0087,8,3703441,3,0.875,0.975,1.0,0.09999999999999998,0.0,CoherenceRegime.SUBCOHERENT,80.1073485911574,1.590316,WallProximity.SAFE,True,0.0,0.0,0.8276126144218086,0.19036723576098571,True,
489,Aromatic-C15-489,Aromatics,Aromatics,Diesel,15,204.342,699553896808.4861,8,3965585,0,1.0,1.0,0.0,0.0,0.0,CoherenceRegime.SUBCOHERENT,92.17815562014184,1.704342,WallProximity.SAFE,True,0.0,0.0,0.7992922316332497,0.19646280141377262,True,
490,Aromatic-C16-490,Aromatics,Aromatics,Diesel,16,218.368,676714530423.143,8,4227730,0,1.0,1.0,0.0,0.0,0.0,CoherenceRegime.SUBCOHERENT,105.09556866048797,1.818368,WallProximity.SAFE,True,0.0,0.0,0.7627867925383021,0.2021584404450029,True,
491,Aromatic-C17-491,Aromatics,Aromatics,Diesel,17,232.394,655975387005.7616,8,4489874,0,1.0,1.0,0.0,0.0,0.0,CoherenceRegime.SUBCOHERENT,118.85958771219583,1.9323940000000002,WallProximity.SAFE,True,0.0,0.0,0.7194933175068952,0.207503421948917,True,
492,Aromatic-C18-492,Aromatics,Aromatics,Diesel,18,246.42,637033136204.0968,8,4752018,0,1.0,1.0,0.0,0.0,0.0,CoherenceRegime.SUBCOHERENT,133.47021277526537,2.04642,WallProximity.SAFE,True,0.0,0.0,0.6709119647435305,0.21253843528109298,True,
493,Aromatic-C19-493,Aromatics,Aromatics,Diesel,19,260.446,619642438113.7518,8,5010074,0,1.0,1.0,0.0,0.0,0.0,CoherenceRegime.SUBCOHERENT,148.92744384969666,2.1604460000000003,WallProximity.SAFE,True,0.0,0.0,0.6185781341000893,0.2172974735456997,True,
494,Aromatic-C20-494,Aromatics,Aromatics,Diesel,20,274.472,603602425891.7164,8,5272218,0,1.0,1.0,0.0,0.0,0.0,CoherenceRegime.SUBCOHERENT,165.23128093548956,2.274472,WallProximity.SAFE,True,0.0,0.0,0.56399814184084,0.22180922696892566,True,
495,Aromatic-C6-495,Aromatics,Aromatics,Gasoline,6,78.108,1131493963139.39,8,1614464,0,1.0,1.0,0.0,0.0,0.0,CoherenceRegime.SUBCOHERENT,14.018708768303464,0.6781080000000002,WallProximity.BEYOND_WALL,False,1.0,0.0,0.6708107224695223,0.1146708013586009,True,
496,Aromatic-C7-496,Aromatics,Aromatics,Gasoline,7,92.134,1041813634251.3234,8,1876616,0,1.0,1.0,0.0,0.0,0.0,CoherenceRegime.SUBCOHERENT,19.316667706394227,0.7921340000000001,WallProximity.BEYOND_WALL,False,1.0,0.0,0.7281423462110928,0.12859322089560316,True,
497,Aromatic-C8-497,Aromatics,Aromatics,Gasoline,8,106.16,970553645244.2546,8,2134665,3,0.875,0.975,1.0,0.09999999999999998,0.0,CoherenceRegime.SUBCOHERENT,25.4612326558467,0.9061600000000001,WallProximity.WARNING,True,0.5061564204105282,0.0,0.7757067006443555,0.14058794253456602,True,
498,Aromatic-C9-498,Aromatics,Aromatics,Gasoline,9,120.186,912164275583.9396,8,2396809,0,1.0,1.0,0.0,0.0,0.0,CoherenceRegime.SUBCOHERENT,32.45240361666089,1.020186,WallProximity.WARNING,True,0.11453536092191186,0.0,0.8126274147250935,0.15112468687417382,True,
499,Aromatic-C10-499,Aromatics,Aromatics,Gasoline,10,134.212,863185876759.3774,8,2658953,2,0.9166666666666666,1.0,1.0,0.08333333333333337,0.0,CoherenceRegime.SUBCOHERENT,40.29018058883676,1.134212,WallProximity.CAUTION,True,0.0,0.0,0.8382937103202426,0.1605199213989508,True,
500,Aromatic-C11-500,Aromatics,Aromatics,Gasoline,11,148.238,821334804232.1232,8,2921097,3,0.875,0.975,1.0,0.09999999999999998,0.0,CoherenceRegime.SUBCOHERENT,48.97456357237437,1.2482380000000002,WallProximity.CAUTION,True,0.0,0.0,0.8524106468242886,0.1689970574550305,True,
501,Aromatic-C12-501,Aromatics,Aromatics,Gasoline,12,162.264,785034803719.447,8,3179145,3,0.875,0.975,1.0,0.09999999999999998,0.0,CoherenceRegime.SUBCOHERENT,58.50555256727368,1.3622640000000001,WallProximity.SAFE,True,0.0,0.0,0.8550239388005095,0.1767197085482051,True,
502,Aromatic-C13-502,Aromatics,Aromatics,Diesel,13,176.29,753158117252.3292,8,3441297,3,0.875,0.975,1.0,0.09999999999999998,0.0,CoherenceRegime.SUBCOHERENT,68.88314757353469,1.47629,WallProximity.SAFE,True,0.0,0.0,0.8465212890838342,0.183811298372123,True,
503,Aromatic-C14-503,Aromatics,Aromatics,Diesel,14,190.316,724873710818.0087,8,3703441,3,0.875,0.975,1.0,0.09999999999999998,0.0,CoherenceRegime.SUBCOHERENT,80.1073485911574,1.590316,WallProximity.SAFE,True,0.0,0.0,0.8276126144218086,0.19036723576098571,True,
504,Aromatic-C15-504,Aromatics,Aromatics,Diesel,15,204.342,699553896808.4861,8,3965585,0,1.0,1.0,0.0,0.0,0.0,CoherenceRegime.SUBCOHERENT,92.17815562014184,1.704342,WallProximity.SAFE,True,0.0,0.0,0.7992922316332497,0.19646280141377262,True,
505,Aromatic-C16-505,Aromatics,Aromatics,Diesel,16,218.368,676714530423.143,8,4227730,0,1.0,1.0,0.0,0.0,0.0,CoherenceRegime.SUBCOHERENT,105.09556866048797,1.818368,WallProximity.SAFE,True,0.0,0.0,0.7627867925383021,0.2021584404450029,True,
506,Aromatic-C17-506,Aromatics,Aromatics,Diesel,17,232.394,655975387005.7616,8,4489874,0,1.0,1.0,0.0,0.0,0.0,CoherenceRegime.SUBCOHERENT,118.85958771219583,1.9323940000000002,WallProximity.SAFE,True,0.0,0.0,0.7194933175068952,0.207503421948917,True,
507,Aromatic-C18-507,Aromatics,Aromatics,Diesel,18,246.42,637033136204.0968,8,4752018,0,1.0,1.0,0.0,0.0,0.0,CoherenceRegime.SUBCOHERENT,133.47021277526537,2.04642,WallProximity.SAFE,True,0.0,0.0,0.6709119647435305,0.21253843528109298,True,
508,Aromatic-C19-508,Aromatics,Aromatics,Diesel,19,260.446,619642438113.7518,8,5010074,0,1.0,1.0,0.0,0.0,0.0,CoherenceRegime.SUBCOHERENT,148.92744384969666,2.1604460000000003,WallProximity.SAFE,True,0.0,0.0,0.6185781341000893,0.2172974735456997,True,
509,Aromatic-C20-509,Aromatics,Aromatics,Diesel,20,274.472,603602425891.7164,8,5272218,0,1.0,1.0,0.0,0.0,0.0,CoherenceRegime.SUBCOHERENT,165.23128093548956,2.274472,WallProximity.SAFE,True,0.0,0.0,0.56399814184084,0.22180922696892566,True,
510,Aromatic-C6-510,Aromatics,Aromatics,Gasoline,6,78.108,1131493963139.39,8,1614464,0,1.0,1.0,0.0,0.0,0.0,CoherenceRegime.SUBCOHERENT,14.018708768303464,0.6781080000000002,WallProximity.BEYOND_WALL,False,1.0,0.0,0.6708107224695223,0.1146708013586009,True,
511,Aromatic-C7-511,Aromatics,Aromatics,Gasoline,7,92.134,1041813634251.3234,8,1876616,0,1.0,1.0,0.0,0.0,0.0,CoherenceRegime.SUBCOHERENT,19.316667706394227,0.7921340000000001,WallProximity.BEYOND_WALL,False,1.0,0.0,0.7281423462110928,0.12859322089560316,True,
512,Aromatic-C8-512,Aromatics,Aromatics,Gasoline,8,106.16,970553645244.2546,8,2134665,3,0.875,0.975,1.0,0.09999999999999998,0.0,CoherenceRegime.SUBCOHERENT,25.4612326558467,0.9061600000000001,WallProximity.WARNING,True,0.5061564204105282,0.0,0.7757067006443555,0.14058794253456602,True,
513,Aromatic-C9-513,Aromatics,Aromatics,Gasoline,9,120.186,912164275583.9396,8,2396809,0,1.0,1.0,0.0,0.0,0.0,CoherenceRegime.SUBCOHERENT,32.45240361666089,1.020186,WallProximity.WARNING,True,0.11453536092191186,0.0,0.8126274147250935,0.15112468687417382,True,
514,Aromatic-C10-514,Aromatics,Aromatics,Gasoline,10,134.212,863185876759.3774,8,2658953,2,0.9166666666666666,1.0,1.0,0.08333333333333337,0.0,CoherenceRegime.SUBCOHERENT,40.29018058883676,1.134212,WallProximity.CAUTION,True,0.0,0.0,0.8382937103202426,0.1605199213989508,True,
515,Aromatic-C11-515,Aromatics,Aromatics,Gasoline,11,148.238,821334804232.1232,8,2921097,3,0.875,0.975,1.0,0.09999999999999998,0.0,CoherenceRegime.SUBCOHERENT,48.97456357237437,1.2482380000000002,WallProximity.CAUTION,True,0.0,0.0,0.8524106468242886,0.1689970574550305,True,
516,Aromatic-C12-516,Aromatics,Aromatics,Gasoline,12,162.264,785034803719.447,8,3179145,3,0.875,0.975,1.0,0.09999999999999998,0.0,CoherenceRegime.SUBCOHERENT,58.50555256727368,1.3622640000000001,WallProximity.SAFE,True,0.0,0.0,0.8550239388005095,0.1767197085482051,True,
517,Aromatic-C13-517,Aromatics,Aromatics,Diesel,13,176.29,753158117252.3292,8,3441297,3,0.875,0.975,1.0,0.09999999999999998,0.0,CoherenceRegime.SUBCOHERENT,68.88314757353469,1.47629,WallProximity.SAFE,True,0.0,0.0,0.8465212890838342,0.183811298372123,True,
518,Aromatic-C14-518,Aromatics,Aromatics,Diesel,14,190.316,724873710818.0087,8,3703441,3,0.875,0.975,1.0,0.09999999999999998,0.0,CoherenceRegime.SUBCOHERENT,80.1073485911574,1.590316,WallProximity.SAFE,True,0.0,0.0,0.8276126144218086,0.19036723576098571,True,
519,Aromatic-C15-519,Aromatics,Aromatics,Diesel,15,204.342,699553896808.4861,8,3965585,0,1.0,1.0,0.0,0.0,0.0,CoherenceRegime.SUBCOHERENT,92.17815562014184,1.704342,WallProximity.SAFE,True,0.0,0.0,0.7992922316332497,0.19646280141377262,True,
520,Aromatic-C16-520,Aromatics,Aromatics,Diesel,16,218.368,676714530423.143,8,4227730,0,1.0,1.0,0.0,0.0,0.0,CoherenceRegime.SUBCOHERENT,105.09556866048797,1.818368,WallProximity.SAFE,True,0.0,0.0,0.7627867925383021,0.2021584404450029,True,
521,Aromatic-C17-521,Aromatics,Aromatics,Diesel,17,232.394,655975387005.7616,8,4489874,0,1.0,1.0,0.0,0.0,0.0,CoherenceRegime.SUBCOHERENT,118.85958771219583,1.9323940000000002,WallProximity.SAFE,True,0.0,0.0,0.7194933175068952,0.207503421948917,True,
522,Aromatic-C18-522,Aromatics,Aromatics,Diesel,18,246.42,637033136204.0968,8,4752018,0,1.0,1.0,0.0,0.0,0.0,CoherenceRegime.SUBCOHERENT,133.47021277526537,2.04642,WallProximity.SAFE,True,0.0,0.0,0.6709119647435305,0.21253843528109298,True,
523,Aromatic-C19-523,Aromatics,Aromatics,Diesel,19,260.446,619642438113.7518,8,5010074,0,1.0,1.0,0.0,0.0,0.0,CoherenceRegime.SUBCOHERENT,148.92744384969666,2.1604460000000003,WallProximity.SAFE,True,0.0,0.0,0.6185781341000893,0.2172974735456997,True,
524,Aromatic-C20-524,Aromatics,Aromatics,Diesel,20,274.472,603602425891.7164,8,5272218,0,1.0,1.0,0.0,0.0,0.0,CoherenceRegime.SUBCOHERENT,165.23128093548956,2.274472,WallProximity.SAFE,True,0.0,0.0,0.56399814184084,0.22180922696892566,True,
525,Aromatic-C6-525,Aromatics,Aromatics,Gasoline,6,78.108,1131493963139.39,8,1614464,0,1.0,1.0,0.0,0.0,0.0,CoherenceRegime.SUBCOHERENT,14.018708768303464,0.6781080000000002,WallProximity.BEYOND_WALL,False,1.0,0.0,0.6708107224695223,0.1146708013586009,True,
526,Aromatic-C7-526,Aromatics,Aromatics,Gasoline,7,92.134,1041813634251.3234,8,1876616,0,1.0,1.0,0.0,0.0,0.0,CoherenceRegime.SUBCOHERENT,19.316667706394227,0.7921340000000001,WallProximity.BEYOND_WALL,False,1.0,0.0,0.7281423462110928,0.12859322089560316,True,
527,Aromatic-C8-527,Aromatics,Aromatics,Gasoline,8,106.16,970553645244.2546,8,2134665,3,0.875,0.975,1.0,0.09999999999999998,0.0,CoherenceRegime.SUBCOHERENT,25.4612326558467,0.9061600000000001,WallProximity.WARNING,True,0.5061564204105282,0.0,0.7757067006443555,0.14058794253456602,True,
528,Aromatic-C9-528,Aromatics,Aromatics,Gasoline,9,120.186,912164275583.9396,8,2396809,0,1.0,1.0,0.0,0.0,0.0,CoherenceRegime.SUBCOHERENT,32.45240361666089,1.020186,WallProximity.WARNING,True,0.11453536092191186,0.0,0.8126274147250935,0.15112468687417382,True,
529,Aromatic-C10-529,Aromatics,Aromatics,Gasoline,10,134.212,863185876759.3774,8,2658953,2,0.9166666666666666,1.0,1.0,0.08333333333333337,0.0,CoherenceRegime.SUBCOHERENT,40.29018058883676,1.134212,WallProximity.CAUTION,True,0.0,0.0,0.8382937103202426,0.1605199213989508,True,
530,Aromatic-C11-530,Aromatics,Aromatics,Gasoline,11,148.238,821334804232.1232,8,2921097,3,0.875,0.975,1.0,0.09999999999999998,0.0,CoherenceRegime.SUBCOHERENT,48.97456357237437,1.2482380000000002,WallProximity.CAUTION,True,0.0,0.0,0.8524106468242886,0.1689970574550305,True,
531,Aromatic-C12-531,Aromatics,Aromatics,Gasoline,12,162.264,785034803719.447,8,3179145,3,0.875,0.975,1.0,0.09999999999999998,0.0,CoherenceRegime.SUBCOHERENT,58.50555256727368,1.3622640000000001,WallProximity.SAFE,True,0.0,0.0,0.8550239388005095,0.1767197085482051,True,
532,Aromatic-C13-532,Aromatics,Aromatics,Diesel,13,176.29,753158117252.3292,8,3441297,3,0.875,0.975,1.0,0.09999999999999998,0.0,CoherenceRegime.SUBCOHERENT,68.88314757353469,1.47629,WallProximity.SAFE,True,0.0,0.0,0.8465212890838342,0.183811298372123,True,
533,Aromatic-C14-533,Aromatics,Aromatics,Diesel,14,190.316,724873710818.0087,8,3703441,3,0.875,0.975,1.0,0.09999999999999998,0.0,CoherenceRegime.SUBCOHERENT,80.1073485911574,1.590316,WallProximity.SAFE,True,0.0,0.0,0.8276126144218086,0.19036723576098571,True,
534,Aromatic-C15-534,Aromatics,Aromatics,Diesel,15,204.342,699553896808.4861,8,3965585,0,1.0,1.0,0.0,0.0,0.0,CoherenceRegime.SUBCOHERENT,92.17815562014184,1.704342,WallProximity.SAFE,True,0.0,0.0,0.7992922316332497,0.19646280141377262,True,
535,Aromatic-C16-535,Aromatics,Aromatics,Diesel,16,218.368,676714530423.143,8,4227730,0,1.0,1.0,0.0,0.0,0.0,CoherenceRegime.SUBCOHERENT,105.09556866048797,1.818368,WallProximity.SAFE,True,0.0,0.0,0.7627867925383021,0.2021584404450029,True,
536,Aromatic-C17-536,Aromatics,Aromatics,Diesel,17,232.394,655975387005.7616,8,4489874,0,1.0,1.0,0.0,0.0,0.0,CoherenceRegime.SUBCOHERENT,118.85958771219583,1.9323940000000002,WallProximity.SAFE,True,0.0,0.0,0.7194933175068952,0.207503421948917,True,
537,Aromatic-C18-537,Aromatics,Aromatics,Diesel,18,246.42,637033136204.0968,8,4752018,0,1.0,1.0,0.0,0.0,0.0,CoherenceRegime.SUBCOHERENT,133.47021277526537,2.04642,WallProximity.SAFE,True,0.0,0.0,0.6709119647435305,0.21253843528109298,True,
538,Aromatic-C19-538,Aromatics,Aromatics,Diesel,19,260.446,619642438113.7518,8,5010074,0,1.0,1.0,0.0,0.0,0.0,CoherenceRegime.SUBCOHERENT,148.92744384969666,2.1604460000000003,WallProximity.SAFE,True,0.0,0.0,0.6185781341000893,0.2172974735456997,True,
539,Aromatic-C20-539,Aromatics,Aromatics,Diesel,20,274.472,603602425891.7164,8,5272218,0,1.0,1.0,0.0,0.0,0.0,CoherenceRegime.SUBCOHERENT,165.23128093548956,2.274472,WallProximity.SAFE,True,0.0,0.0,0.56399814184084,0.22180922696892566,True,
540,Aromatic-C6-540,Aromatics,Aromatics,Gasoline,6,78.108,1131493963139.39,8,1614464,0,1.0,1.0,0.0,0.0,0.0,CoherenceRegime.SUBCOHERENT,14.018708768303464,0.6781080000000002,WallProximity.BEYOND_WALL,False,1.0,0.0,0.6708107224695223,0.1146708013586009,True,
541,Aromatic-C7-541,Aromatics,Aromatics,Gasoline,7,92.134,1041813634251.3234,8,1876616,0,1.0,1.0,0.0,0.0,0.0,CoherenceRegime.SUBCOHERENT,19.316667706394227,0.7921340000000001,WallProximity.BEYOND_WALL,False,1.0,0.0,0.7281423462110928,0.12859322089560316,True,
542,Aromatic-C8-542,Aromatics,Aromatics,Gasoline,8,106.16,970553645244.2546,8,2134665,3,0.875,0.975,1.0,0.09999999999999998,0.0,CoherenceRegime.SUBCOHERENT,25.4612326558467,0.9061600000000001,WallProximity.WARNING,True,0.5061564204105282,0.0,0.7757067006443555,0.14058794253456602,True,
543,Aromatic-C9-543,Aromatics,Aromatics,Gasoline,9,120.186,912164275583.9396,8,2396809,0,1.0,1.0,0.0,0.0,0.0,CoherenceRegime.SUBCOHERENT,32.45240361666089,1.020186,WallProximity.WARNING,True,0.11453536092191186,0.0,0.8126274147250935,0.15112468687417382,True,
544,Aromatic-C10-544,Aromatics,Aromatics,Gasoline,10,134.212,863185876759.3774,8,2658953,2,0.9166666666666666,1.0,1.0,0.08333333333333337,0.0,CoherenceRegime.SUBCOHERENT,40.29018058883676,1.134212,WallProximity.CAUTION,True,0.0,0.0,0.8382937103202426,0.1605199213989508,True,
545,Aromatic-C11-545,Aromatics,Aromatics,Gasoline,11,148.238,821334804232.1232,8,2921097,3,0.875,0.975,1.0,0.09999999999999998,0.0,CoherenceRegime.SUBCOHERENT,48.97456357237437,1.2482380000000002,WallProximity.CAUTION,True,0.0,0.0,0.8524106468242886,0.1689970574550305,True,
546,Aromatic-C12-546,Aromatics,Aromatics,Gasoline,12,162.264,785034803719.447,8,3179145,3,0.875,0.975,1.0,0.09999999999999998,0.0,CoherenceRegime.SUBCOHERENT,58.50555256727368,1.3622640000000001,WallProximity.SAFE,True,0.0,0.0,0.8550239388005095,0.1767197085482051,True,
547,Aromatic-C13-547,Aromatics,Aromatics,Diesel,13,176.29,753158117252.3292,8,3441297,3,0.875,0.975,1.0,0.09999999999999998,0.0,CoherenceRegime.SUBCOHERENT,68.88314757353469,1.47629,WallProximity.SAFE,True,0.0,0.0,0.8465212890838342,0.183811298372123,True,
548,Aromatic-C14-548,Aromatics,Aromatics,Diesel,14,190.316,724873710818.0087,8,3703441,3,0.875,0.975,1.0,0.09999999999999998,0.0,CoherenceRegime.SUBCOHERENT,80.1073485911574,1.590316,WallProximity.SAFE,True,0.0,0.0,0.8276126144218086,0.19036723576098571,True,
549,Aromatic-C15-549,Aromatics,Aromatics,Diesel,15,204.342,699553896808.4861,8,3965585,0,1.0,1.0,0.0,0.0,0.0,CoherenceRegime.SUBCOHERENT,92.17815562014184,1.704342,WallProximity.SAFE,True,0.0,0.0,0.7992922316332497,0.19646280141377262,True,
550,Aromatic-C16-550,Aromatics,Aromatics,Diesel,16,218.368,676714530423.143,8,4227730,0,1.0,1.0,0.0,0.0,0.0,CoherenceRegime.SUBCOHERENT,105.09556866048797,1.818368,WallProximity.SAFE,True,0.0,0.0,0.7627867925383021,0.2021584404450029,True,
551,Aromatic-C17-551,Aromatics,Aromatics,Diesel,17,232.394,655975387005.7616,8,4489874,0,1.0,1.0,0.0,0.0,0.0,CoherenceRegime.SUBCOHERENT,118.85958771219583,1.9323940000000002,WallProximity.SAFE,True,0.0,0.0,0.7194933175068952,0.207503421948917,True,
552,Aromatic-C18-552,Aromatics,Aromatics,Diesel,18,246.42,637033136204.0968,8,4752018,0,1.0,1.0,0.0,0.0,0.0,CoherenceRegime.SUBCOHERENT,133.47021277526537,2.04642,WallProximity.SAFE,True,0.0,0.0,0.6709119647435305,0.21253843528109298,True,
553,Aromatic-C19-553,Aromatics,Aromatics,Diesel,19,260.446,619642438113.7518,8,5010074,0,1.0,1.0,0.0,0.0,0.0,CoherenceRegime.SUBCOHERENT,148.92744384969666,2.1604460000000003,WallProximity.SAFE,True,0.0,0.0,0.6185781341000893,0.2172974735456997,True,
554,Aromatic-C20-554,Aromatics,Aromatics,Diesel,20,274.472,603602425891.7164,8,5272218,0,1.0,1.0,0.0,0.0,0.0,CoherenceRegime.SUBCOHERENT,165.23128093548956,2.274472,WallProximity.SAFE,True,0.0,0.0,0.56399814184084,0.22180922696892566,True,
555,Aromatic-C6-555,Aromatics,Aromatics,Gasoline,6,78.108,1131493963139.39,8,1614464,0,1.0,1.0,0.0,0.0,0.0,CoherenceRegime.SUBCOHERENT,14.018708768303464,0.6781080000000002,WallProximity.BEYOND_WALL,False,1.0,0.0,0.6708107224695223,0.1146708013586009,True,
556,Aromatic-C7-556,Aromatics,Aromatics,Gasoline,7,92.134,1041813634251.3234,8,1876616,0,1.0,1.0,0.0,0.0,0.0,CoherenceRegime.SUBCOHERENT,19.316667706394227,0.7921340000000001,WallProximity.BEYOND_WALL,False,1.0,0.0,0.7281423462110928,0.12859322089560316,True,
557,Aromatic-C8-557,Aromatics,Aromatics,Gasoline,8,106.16,970553645244.2546,8,2134665,3,0.875,0.975,1.0,0.09999999999999998,0.0,CoherenceRegime.SUBCOHERENT,25.4612326558467,0.9061600000000001,WallProximity.WARNING,True,0.5061564204105282,0.0,0.7757067006443555,0.14058794253456602,True,
558,Aromatic-C9-558,Aromatics,Aromatics,Gasoline,9,120.186,912164275583.9396,8,2396809,0,1.0,1.0,0.0,0.0,0.0,CoherenceRegime.SUBCOHERENT,32.45240361666089,1.020186,WallProximity.WARNING,True,0.11453536092191186,0.0,0.8126274147250935,0.15112468687417382,True,
559,Aromatic-C10-559,Aromatics,Aromatics,Gasoline,10,134.212,863185876759.3774,8,2658953,2,0.9166666666666666,1.0,1.0,0.08333333333333337,0.0,CoherenceRegime.SUBCOHERENT,40.29018058883676,1.134212,WallProximity.CAUTION,True,0.0,0.0,0.8382937103202426,0.1605199213989508,True,
560,Aromatic-C11-560,Aromatics,Aromatics,Gasoline,11,148.238,821334804232.1232,8,2921097,3,0.875,0.975,1.0,0.09999999999999998,0.0,CoherenceRegime.SUBCOHERENT,48.97456357237437,1.2482380000000002,WallProximity.CAUTION,True,0.0,0.0,0.8524106468242886,0.1689970574550305,True,
561,Aromatic-C12-561,Aromatics,Aromatics,Gasoline,12,162.264,785034803719.447,8,3179145,3,0.875,0.975,1.0,0.09999999999999998,0.0,CoherenceRegime.SUBCOHERENT,58.50555256727368,1.3622640000000001,WallProximity.SAFE,True,0.0,0.0,0.8550239388005095,0.1767197085482051,True,
562,Aromatic-C13-562,Aromatics,Aromatics,Diesel,13,176.29,753158117252.3292,8,3441297,3,0.875,0.975,1.0,0.09999999999999998,0.0,CoherenceRegime.SUBCOHERENT,68.88314757353469,1.47629,WallProximity.SAFE,True,0.0,0.0,0.8465212890838342,0.183811298372123,True,
563,Aromatic-C14-563,Aromatics,Aromatics,Diesel,14,190.316,724873710818.0087,8,3703441,3,0.875,0.975,1.0,0.09999999999999998,0.0,CoherenceRegime.SUBCOHERENT,80.1073485911574,1.590316,WallProximity.SAFE,True,0.0,0.0,0.8276126144218086,0.19036723576098571,True,
564,Aromatic-C15-564,Aromatics,Aromatics,Diesel,15,204.342,699553896808.4861,8,3965585,0,1.0,1.0,0.0,0.0,0.0,CoherenceRegime.SUBCOHERENT,92.17815562014184,1.704342,WallProximity.SAFE,True,0.0,0.0,0.7992922316332497,0.19646280141377262,True,
565,Aromatic-C16-565,Aromatics,Aromatics,Diesel,16,218.368,676714530423.143,8,4227730,0,1.0,1.0,0.0,0.0,0.0,CoherenceRegime.SUBCOHERENT,105.09556866048797,1.818368,WallProximity.SAFE,True,0.0,0.0,0.7627867925383021,0.2021584404450029,True,
566,Aromatic-C17-566,Aromatics,Aromatics,Diesel,17,232.394,655975387005.7616,8,4489874,0,1.0,1.0,0.0,0.0,0.0,CoherenceRegime.SUBCOHERENT,118.85958771219583,1.9323940000000002,WallProximity.SAFE,True,0.0,0.0,0.7194933175068952,0.207503421948917,True,
567,Aromatic-C18-567,Aromatics,Aromatics,Diesel,18,246.42,637033136204.0968,8,4752018,0,1.0,1.0,0.0,0.0,0.0,CoherenceRegime.SUBCOHERENT,133.47021277526537,2.04642,WallProximity.SAFE,True,0.0,0.0,0.6709119647435305,0.21253843528109298,True,
568,Aromatic-C19-568,Aromatics,Aromatics,Diesel,19,260.446,619642438113.7518,8,5010074,0,1.0,1.0,0.0,0.0,0.0,CoherenceRegime.SUBCOHERENT,148.92744384969666,2.1604460000000003,WallProximity.SAFE,True,0.0,0.0,0.6185781341000893,0.2172974735456997,True,
569,Aromatic-C20-569,Aromatics,Aromatics,Diesel,20,274.472,603602425891.7164,8,5272218,0,1.0,1.0,0.0,0.0,0.0,CoherenceRegime.SUBCOHERENT,165.23128093548956,2.274472,WallProximity.SAFE,True,0.0,0.0,0.56399814184084,0.22180922696892566,True,
570,Aromatic-C6-570,Aromatics,Aromatics,Gasoline,6,78.108,1131493963139.39,8,1614464,0,1.0,1.0,0.0,0.0,0.0,CoherenceRegime.SUBCOHERENT,14.018708768303464,0.6781080000000002,WallProximity.BEYOND_WALL,False,1.0,0.0,0.6708107224695223,0.1146708013586009,True,
571,Aromatic-C7-571,Aromatics,Aromatics,Gasoline,7,92.134,1041813634251.3234,8,1876616,0,1.0,1.0,0.0,0.0,0.0,CoherenceRegime.SUBCOHERENT,19.316667706394227,0.7921340000000001,WallProximity.BEYOND_WALL,False,1.0,0.0,0.7281423462110928,0.12859322089560316,True,
572,Aromatic-C8-572,Aromatics,Aromatics,Gasoline,8,106.16,970553645244.2546,8,2134665,3,0.875,0.975,1.0,0.09999999999999998,0.0,CoherenceRegime.SUBCOHERENT,25.4612326558467,0.9061600000000001,WallProximity.WARNING,True,0.5061564204105282,0.0,0.7757067006443555,0.14058794253456602,True,
573,Aromatic-C9-573,Aromatics,Aromatics,Gasoline,9,120.186,912164275583.9396,8,2396809,0,1.0,1.0,0.0,0.0,0.0,CoherenceRegime.SUBCOHERENT,32.45240361666089,1.020186,WallProximity.WARNING,True,0.11453536092191186,0.0,0.8126274147250935,0.15112468687417382,True,
574,Aromatic-C10-574,Aromatics,Aromatics,Gasoline,10,134.212,863185876759.3774,8,2658953,2,0.9166666666666666,1.0,1.0,0.08333333333333337,0.0,CoherenceRegime.SUBCOHERENT,40.29018058883676,1.134212,WallProximity.CAUTION,True,0.0,0.0,0.8382937103202426,0.1605199213989508,True,
575,Aromatic-C11-575,Aromatics,Aromatics,Gasoline,11,148.238,821334804232.1232,8,2921097,3,0.875,0.975,1.0,0.09999999999999998,0.0,CoherenceRegime.SUBCOHERENT,48.97456357237437,1.2482380000000002,WallProximity.CAUTION,True,0.0,0.0,0.8524106468242886,0.1689970574550305,True,
576,Aromatic-C12-576,Aromatics,Aromatics,Gasoline,12,162.264,785034803719.447,8,3179145,3,0.875,0.975,1.0,0.09999999999999998,0.0,CoherenceRegime.SUBCOHERENT,58.50555256727368,1.3622640000000001,WallProximity.SAFE,True,0.0,0.0,0.8550239388005095,0.1767197085482051,True,
577,Aromatic-C13-577,Aromatics,Aromatics,Diesel,13,176.29,753158117252.3292,8,3441297,3,0.875,0.975,1.0,0.09999999999999998,0.0,CoherenceRegime.SUBCOHERENT,68.88314757353469,1.47629,WallProximity.SAFE,True,0.0,0.0,0.8465212890838342,0.183811298372123,True,
578,Aromatic-C14-578,Aromatics,Aromatics,Diesel,14,190.316,724873710818.0087,8,3703441,3,0.875,0.975,1.0,0.09999999999999998,0.0,CoherenceRegime.SUBCOHERENT,80.1073485911574,1.590316,WallProximity.SAFE,True,0.0,0.0,0.8276126144218086,0.19036723576098571,True,
579,Aromatic-C15-579,Aromatics,Aromatics,Diesel,15,204.342,699553896808.4861,8,3965585,0,1.0,1.0,0.0,0.0,0.0,CoherenceRegime.SUBCOHERENT,92.17815562014184,1.704342,WallProximity.SAFE,True,0.0,0.0,0.7992922316332497,0.19646280141377262,True,
580,Aromatic-C16-580,Aromatics,Aromatics,Diesel,16,218.368,676714530423.143,8,4227730,0,1.0,1.0,0.0,0.0,0.0,CoherenceRegime.SUBCOHERENT,105.09556866048797,1.818368,WallProximity.SAFE,True,0.0,0.0,0.7627867925383021,0.2021584404450029,True,
581,Aromatic-C17-581,Aromatics,Aromatics,Diesel,17,232.394,655975387005.7616,8,4489874,0,1.0,1.0,0.0,0.0,0.0,CoherenceRegime.SUBCOHERENT,118.85958771219583,1.9323940000000002,WallProximity.SAFE,True,0.0,0.0,0.7194933175068952,0.207503421948917,True,
582,Aromatic-C18-582,Aromatics,Aromatics,Diesel,18,246.42,637033136204.0968,8,4752018,0,1.0,1.0,0.0,0.0,0.0,CoherenceRegime.SUBCOHERENT,133.47021277526537,2.04642,WallProximity.SAFE,True,0.0,0.0,0.6709119647435305,0.21253843528109298,True,
583,Aromatic-C19-583,Aromatics,Aromatics,Diesel,19,260.446,619642438113.7518,8,5010074,0,1.0,1.0,0.0,0.0,0.0,CoherenceRegime.SUBCOHERENT,148.92744384969666,2.1604460000000003,WallProximity.SAFE,True,0.0,0.0,0.6185781341000893,0.2172974735456997,True,
584,Aromatic-C20-584,Aromatics,Aromatics,Diesel,20,274.472,603602425891.7164,8,5272218,0,1.0,1.0,0.0,0.0,0.0,CoherenceRegime.SUBCOHERENT,165.23128093548956,2.274472,WallProximity.SAFE,True,0.0,0.0,0.56399814184084,0.22180922696892566,True,
585,Aromatic-C6-585,Aromatics,Aromatics,Gasoline,6,78.108,1131493963139.39,8,1614464,0,1.0,1.0,0.0,0.0,0.0,CoherenceRegime.SUBCOHERENT,14.018708768303464,0.6781080000000002,WallProximity.BEYOND_WALL,False,1.0,0.0,0.6708107224695223,0.1146708013586009,True,
586,Aromatic-C7-586,Aromatics,Aromatics,Gasoline,7,92.134,1041813634251.3234,8,1876616,0,1.0,1.0,0.0,0.0,0.0,CoherenceRegime.SUBCOHERENT,19.316667706394227,0.7921340000000001,WallProximity.BEYOND_WALL,False,1.0,0.0,0.7281423462110928,0.12859322089560316,True,
587,Aromatic-C8-587,Aromatics,Aromatics,Gasoline,8,106.16,970553645244.2546,8,2134665,3,0.875,0.975,1.0,0.09999999999999998,0.0,CoherenceRegime.SUBCOHERENT,25.4612326558467,0.9061600000000001,WallProximity.WARNING,True,0.5061564204105282,0.0,0.7757067006443555,0.14058794253456602,True,
588,Aromatic-C9-588,Aromatics,Aromatics,Gasoline,9,120.186,912164275583.9396,8,2396809,0,1.0,1.0,0.0,0.0,0.0,CoherenceRegime.SUBCOHERENT,32.45240361666089,1.020186,WallProximity.WARNING,True,0.11453536092191186,0.0,0.8126274147250935,0.15112468687417382,True,
589,Aromatic-C10-589,Aromatics,Aromatics,Gasoline,10,134.212,863185876759.3774,8,2658953,2,0.9166666666666666,1.0,1.0,0.08333333333333337,0.0,CoherenceRegime.SUBCOHERENT,40.29018058883676,1.134212,WallProximity.CAUTION,True,0.0,0.0,0.8382937103202426,0.1605199213989508,True,
590,Aromatic-C11-590,Aromatics,Aromatics,Gasoline,11,148.238,821334804232.1232,8,2921097,3,0.875,0.975,1.0,0.09999999999999998,0.0,CoherenceRegime.SUBCOHERENT,48.97456357237437,1.2482380000000002,WallProximity.CAUTION,True,0.0,0.0,0.8524106468242886,0.1689970574550305,True,
591,Aromatic-C12-591,Aromatics,Aromatics,Gasoline,12,162.264,785034803719.447,8,3179145,3,0.875,0.975,1.0,0.09999999999999998,0.0,CoherenceRegime.SUBCOHERENT,58.50555256727368,1.3622640000000001,WallProximity.SAFE,True,0.0,0.0,0.8550239388005095,0.1767197085482051,True,
592,Aromatic-C13-592,Aromatics,Aromatics,Diesel,13,176.29,753158117252.3292,8,3441297,3,0.875,0.975,1.0,0.09999999999999998,0.0,CoherenceRegime.SUBCOHERENT,68.88314757353469,1.47629,WallProximity.SAFE,True,0.0,0.0,0.8465212890838342,0.183811298372123,True,
593,Aromatic-C14-593,Aromatics,Aromatics,Diesel,14,190.316,724873710818.0087,8,3703441,3,0.875,0.975,1.0,0.09999999999999998,0.0,CoherenceRegime.SUBCOHERENT,80.1073485911574,1.590316,WallProximity.SAFE,True,0.0,0.0,0.8276126144218086,0.19036723576098571,True,
594,Aromatic-C15-594,Aromatics,Aromatics,Diesel,15,204.342,699553896808.4861,8,3965585,0,1.0,1.0,0.0,0.0,0.0,CoherenceRegime.SUBCOHERENT,92.17815562014184,1.704342,WallProximity.SAFE,True,0.0,0.0,0.7992922316332497,0.19646280141377262,True,
595,Aromatic-C16-595,Aromatics,Aromatics,Diesel,16,218.368,676714530423.143,8,4227730,0,1.0,1.0,0.0,0.0,0.0,CoherenceRegime.SUBCOHERENT,105.09556866048797,1.818368,WallProximity.SAFE,True,0.0,0.0,0.7627867925383021,0.2021584404450029,True,
596,Aromatic-C17-596,Aromatics,Aromatics,Diesel,17,232.394,655975387005.7616,8,4489874,0,1.0,1.0,0.0,0.0,0.0,CoherenceRegime.SUBCOHERENT,118.85958771219583,1.9323940000000002,WallProximity.SAFE,True,0.0,0.0,0.7194933175068952,0.207503421948917,True,
597,Aromatic-C18-597,Aromatics,Aromatics,Diesel,18,246.42,637033136204.0968,8,4752018,0,1.0,1.0,0.0,0.0,0.0,CoherenceRegime.SUBCOHERENT,133.47021277526537,2.04642,WallProximity.SAFE,True,0.0,0.0,0.6709119647435305,0.21253843528109298,True,
598,Aromatic-C19-598,Aromatics,Aromatics,Diesel,19,260.446,619642438113.7518,8,5010074,0,1.0,1.0,0.0,0.0,0.0,CoherenceRegime.SUBCOHERENT,148.92744384969666,2.1604460000000003,WallProximity.SAFE,True,0.0,0.0,0.6185781341000893,0.2172974735456997,True,
599,Aromatic-C20-599,Aromatics,Aromatics,Diesel,20,274.472,603602425891.7164,8,5272218,0,1.0,1.0,0.0,0.0,0.0,CoherenceRegime.SUBCOHERENT,165.23128093548956,2.274472,WallProximity.SAFE,True,0.0,0.0,0.56399814184084,0.22180922696892566,True,
600,"1,3-C4diene",Dienes,Dienes,Gasoline,4,54.088,1359720165751.9434,6,1094208,3,0.875,0.975,1.0,0.09999999999999998,0.0,CoherenceRegime.SUBCOHERENT,6.500616951919297,0.45408800000000005,WallProximity.BEYOND_WALL,False,1.0,0.0,0.5159684765241142,0.08129545760427259,True,
601,"1,3-C5diene",Dienes,Dienes,Gasoline,5,68.114,1211662891905.0933,7,1352256,0,1.0,1.0,0.0,0.0,0.0,CoherenceRegime.SUBCOHERENT,10.242017291126873,0.568114,WallProximity.BEYOND_WALL,False,1.0,0.0,0.5906265251375589,0.10103855046984014,True,
602,"1,3-C6diene",Dienes,Dienes,Gasoline,6,82.14,1103373758010.441,8,1614464,0,1.0,1.0,0.0,0.0,0.0,CoherenceRegime.SUBCOHERENT,14.830023641696153,0.6821400000000001,WallProximity.BEYOND_WALL,False,1.0,0.0,0.6567659430495473,0.1171141843371605,True,
603,"1,4-C6diene",Dienes,Dienes,Gasoline,6,82.14,1103373758010.441,8,1614464,0,1.0,1.0,0.0,0.0,0.0,CoherenceRegime.SUBCOHERENT,14.830023641696153,0.6821400000000001,WallProximity.BEYOND_WALL,False,1.0,0.0,0.6567659430495473,0.1171141843371605,True,
604,"1,3,5-C6triene",Trienes,Trienes,Gasoline,6,80.124,1117168518388.0542,9,1614464,0,1.0,1.0,0.0,0.0,0.0,CoherenceRegime.SUBCOHERENT,14.423290496293726,0.6801240000000001,WallProximity.BEYOND_WALL,False,1.0,0.0,0.663713543817052,0.11590643506303758,True,
605,"1,3-C7diene",Dienes,Dienes,Gasoline,7,96.166,1019739457221.274,9,1876616,0,1.0,1.0,0.0,0.0,0.0,CoherenceRegime.SUBCOHERENT,20.26463600362714,0.796166,WallProximity.BEYOND_WALL,False,1.0,0.0,0.7135553481968472,0.13067388072864017,True,
606,"1,4-C7diene",Dienes,Dienes,Gasoline,7,96.166,1019739457221.274,9,1876616,0,1.0,1.0,0.0,0.0,0.0,CoherenceRegime.SUBCOHERENT,20.26463600362714,0.796166,WallProximity.BEYOND_WALL,False,1.0,0.0,0.7135553481968472,0.13067388072864017,True,
607,"1,3,5-C7triene",Trienes,Trienes,Gasoline,7,94.15,1030599287371.7572,10,1876616,0,1.0,1.0,0.0,0.0,0.0,CoherenceRegime.SUBCOHERENT,19.789576146304608,0.7941500000000001,WallProximity.BEYOND_WALL,False,1.0,0.0,0.7208025456479025,0.12964364925746472,True,
608,"1,3-C8diene",Dienes,Dienes,Gasoline,8,110.192,952631564169.7043,10,2134665,3,0.875,0.975,1.0,0.09999999999999998,0.0,CoherenceRegime.SUBCOHERENT,26.545854376919834,0.910192,WallProximity.WARNING,True,0.40922239879564504,0.0,0.7601286913435917,0.14239967076470592,True,
609,"1,4-C8diene",Dienes,Dienes,Gasoline,8,110.192,952631564169.7043,10,2134665,3,0.875,0.975,1.0,0.09999999999999998,0.0,CoherenceRegime.SUBCOHERENT,26.545854376919834,0.910192,WallProximity.WARNING,True,0.40922239879564504,0.0,0.7601286913435917,0.14239967076470592,True,
610,"1,3,5-C8triene",Trienes,Trienes,Gasoline,8,108.176,961467349719.2957,11,2134665,3,0.875,0.975,1.0,0.09999999999999998,0.0,CoherenceRegime.SUBCOHERENT,26.00246780767719,0.9081760000000001,WallProximity.WARNING,True,0.45918255510036265,0.0,0.7678895295639179,0.14150145673706885,True,
611,"1,3-C9diene",Dienes,Dienes,Gasoline,9,124.218,897238155194.8467,11,2396809,0,1.0,1.0,0.0,0.0,0.0016647597522464475,CoherenceRegime.SUBCOHERENT,33.67367876157424,1.024218,WallProximity.CAUTION,True,0.0,0.0019190169384261982,0.7957603120230345,0.15272905645193133,True,
612,"1,4-C9diene",Dienes,Dienes,Gasoline,9,124.218,897238155194.8467,11,2396809,0,1.0,1.0,0.0,0.0,0.0016647597522464475,CoherenceRegime.SUBCOHERENT,33.67367876157424,1.024218,WallProximity.CAUTION,True,0.0,0.0019190169384261982,0.7957603120230345,0.15272905645193133,True,
613,"1,3,5-C9triene",Trienes,Trienes,Gasoline,9,122.202,904608872653.9484,12,2396873,0,1.0,1.0,0.0,0.0,0.0,CoherenceRegime.SUBCOHERENT,33.06196548041149,1.022202,WallProximity.WARNING,True,0.04504277161852799,0.0,0.8041766263851722,0.15193286681079032,True,
614,"1,3-C10diene",Dienes,Dienes,Gasoline,10,138.244,850504967129.3611,12,2659017,3,0.875,0.975,1.0,0.09999999999999998,0.0,CoherenceRegime.SUBCOHERENT,41.648109157590355,1.138244,WallProximity.CAUTION,True,0.0,0.0,0.8199678758227772,0.1619595289030552,True,
615,"1,4-C10diene",Dienes,Dienes,Gasoline,10,138.244,850504967129.3611,12,2659017,3,0.875,0.975,1.0,0.09999999999999998,0.0,CoherenceRegime.SUBCOHERENT,41.648109157590355,1.138244,WallProximity.CAUTION,True,0.0,0.0,0.8199678758227772,0.1619595289030552,True,
616,"1,3,5-C10triene",Trienes,Trienes,Gasoline,10,136.228,856775047378.1942,13,2659017,3,0.875,0.975,1.0,0.09999999999999998,0.0,CoherenceRegime.SUBCOHERENT,40.96806916450749,1.136228,WallProximity.CAUTION,True,0.0,0.0,0.829119003974088,0.1612445496026364,True,
617,"1,3-C11diene",Dienes,Dienes,Gasoline,11,152.26999999999998,810387672787.6681,13,2921161,3,0.875,0.975,1.0,0.09999999999999998,0.0006783345908299987,CoherenceRegime.SUBCOHERENT,50.469145564968166,1.25227,WallProximity.CAUTION,True,0.0,0.0007938567320796271,0.8325714956720301,0.17030259522557664,True,
618,"1,4-C11diene",Dienes,Dienes,Gasoline,11,152.26999999999998,810387672787.6681,13,2921161,3,0.875,0.975,1.0,0.09999999999999998,0.0006783345908299987,CoherenceRegime.SUBCOHERENT,50.469145564968166,1.25227,WallProximity.CAUTION,True,0.0,0.0007938567320796271,0.8325714956720301,0.17030259522557664,True,
619,"1,3,5-C11triene",Trienes,Trienes,Gasoline,11,150.254,815806157203.7097,14,2921161,3,0.875,0.975,1.0,0.09999999999999998,0.002215570080117857,CoherenceRegime.SUBCOHERENT,49.72077885996518,1.250254,WallProximity.CAUTION,True,0.0,0.0025914499463397258,0.8424803522659028,0.16965379231058847,True,
620,"1,3-C12diene",Dienes,Dienes,Gasoline,12,166.296,775459460139.9153,14,3179209,2,0.9166666666666666,1.0,1.0,0.08333333333333337,0.0,CoherenceRegime.SUBCOHERENT,60.1367879837077,1.3662960000000002,WallProximity.SAFE,True,0.0,0.0,0.8337205480043967,0.1779140227918064,True,
621,"1,4-C12diene",Dienes,Dienes,Gasoline,12,166.296,775459460139.9153,14,3179209,2,0.9166666666666666,1.0,1.0,0.08333333333333337,0.0,CoherenceRegime.SUBCOHERENT,60.1367879837077,1.3662960000000002,WallProximity.SAFE,True,0.0,0.0,0.8337205480043967,0.1779140227918064,True,
622,"1,3,5-C12triene",Trienes,Trienes,Gasoline,12,164.28,780203066472.4673,15,3179209,2,0.9166666666666666,1.0,1.0,0.08333333333333337,0.0,CoherenceRegime.SUBCOHERENT,59.32009456678461,1.3642800000000002,WallProximity.SAFE,True,0.0,0.0,0.8443590545605798,0.17732018346995676,True,
623,"1,3-C13diene",Dienes,Dienes,Gasoline,13,180.322,744690206103.6765,15,3441361,2,0.9166666666666666,1.0,1.0,0.08333333333333337,0.0,CoherenceRegime.SUBCOHERENT,70.65103641380894,1.4803220000000001,WallProximity.SAFE,True,0.0,0.0,0.8238940763538177,0.18491185371045596,True,
624,"1,4-C13diene",Dienes,Dienes,Gasoline,13,180.322,744690206103.6765,15,3441361,2,0.9166666666666666,1.0,1.0,0.08333333333333337,0.0,CoherenceRegime.SUBCOHERENT,70.65103641380894,1.4803220000000001,WallProximity.SAFE,True,0.0,0.0,0.8238940763538177,0.18491185371045596,True,
625,"1,3,5-C13triene",Trienes,Trienes,Gasoline,13,178.30599999999998,748888258084.8574,16,3441425,3,0.875,0.975,1.0,0.09999999999999998,0.0007834950473447622,CoherenceRegime.SUBCOHERENT,69.76601628496573,1.4783060000000001,WallProximity.SAFE,True,0.0,0.0009279436357754104,0.8351892182130224,0.18436439250022002,True,
626,"1,3-C14diene",Dienes,Dienes,Gasoline,14,194.348,717315081805.2697,16,3703569,3,0.875,0.975,1.0,0.09999999999999998,0.0,CoherenceRegime.SUBCOHERENT,82.01189085527189,1.594348,WallProximity.SAFE,True,0.0,0.0,0.803879030057381,0.19138768250476107,True,
627,"1,4-C14diene",Dienes,Dienes,Gasoline,14,194.348,717315081805.2697,16,3703569,3,0.875,0.975,1.0,0.09999999999999998,0.0,CoherenceRegime.SUBCOHERENT,82.01189085527189,1.594348,WallProximity.SAFE,True,0.0,0.0,0.803879030057381,0.19138768250476107,True,
628,"1,3,5-C14triene",Trienes,Trienes,Gasoline,14,192.332,721064685244.6521,17,3703569,3,0.875,0.975,1.0,0.09999999999999998,0.0,CoherenceRegime.SUBCOHERENT,81.05854401450856,1.592332,WallProximity.SAFE,True,0.0,0.0,0.8157199767273252,0.1908798798614364,True,
629,"1,3-C15diene",Dienes,Dienes,Gasoline,15,208.374,692752713661.8737,17,3965713,0,1.0,1.0,0.0,0.0,0.0,CoherenceRegime.SUBCOHERENT,94.21935130809652,1.708374,WallProximity.SAFE,True,0.0,0.0,0.7747304110865919,0.19741401098333977,True,
630,"1,4-C15diene",Dienes,Dienes,Gasoline,15,208.374,692752713661.8737,17,3965713,0,1.0,1.0,0.0,0.0,0.0,CoherenceRegime.SUBCOHERENT,94.21935130809652,1.708374,WallProximity.SAFE,True,0.0,0.0,0.7747304110865919,0.19741401098333977,True,
631,"1,3,5-C15triene",Trienes,Trienes,Gasoline,15,206.358,696128388606.8986,18,3965713,0,1.0,1.0,0.0,0.0,0.0,CoherenceRegime.SUBCOHERENT,93.1976777554131,1.706358,WallProximity.SAFE,True,0.0,0.0,0.7869766778386972,0.19694050909958838,True,
632,"1,3-C16diene",Dienes,Dienes,Gasoline,16,222.4,670552225982.2751,18,4227858,3,0.875,0.975,1.0,0.09999999999999998,0.0,CoherenceRegime.SUBCOHERENT,107.27341777228288,1.8224,WallProximity.SAFE,True,0.0,0.0,0.737717691839365,0.2030492117631797,True,
633,"1,4-C16diene",Dienes,Dienes,Gasoline,16,222.4,670552225982.2751,18,4227858,3,0.875,0.975,1.0,0.09999999999999998,0.0,CoherenceRegime.SUBCOHERENT,107.27341777228288,1.8224,WallProximity.SAFE,True,0.0,0.0,0.737717691839365,0.2030492117631797,True,
634,"1,3-C17diene",Dienes,Dienes,Gasoline,17,236.426,650357844038.6736,19,4490002,3,0.875,0.975,1.0,0.09999999999999998,0.0,CoherenceRegime.SUBCOHERENT,121.17409024783095,1.9364260000000002,WallProximity.SAFE,True,0.0,0.0,0.6942621693854965,0.2083409767806143,True,
635,"1,4-C17diene",Dienes,Dienes,Gasoline,17,236.426,650357844038.6736,19,4490002,3,0.875,0.975,1.0,0.09999999999999998,0.0,CoherenceRegime.SUBCOHERENT,121.17409024783095,1.9364260000000002,WallProximity.SAFE,True,0.0,0.0,0.6942621693854965,0.2083409767806143,True,
636,"1,3-C18diene",Dienes,Dienes,Gasoline,18,250.452,631884566345.6451,20,4752210,3,0.875,0.975,1.0,0.09999999999999998,0.0,CoherenceRegime.SUBCOHERENT,135.9213687347407,2.050452,WallProximity.SAFE,True,0.0,0.0,0.6458700267636568,0.21332877392493949,True,
637,"1,4-C18diene",Dienes,Dienes,Gasoline,18,250.452,631884566345.6451,20,4752210,3,0.875,0.975,1.0,0.09999999999999998,0.0,CoherenceRegime.SUBCOHERENT,135.9213687347407,2.050452,WallProximity.SAFE,True,0.0,0.0,0.6458700267636568,0.21332877392493949,True,
638,"1,3-C19diene",Dienes,Dienes,Gasoline,19,264.478,614901034876.9144,21,5010266,3,0.875,0.975,1.0,0.09999999999999998,0.0,CoherenceRegime.SUBCOHERENT,151.51525323301217,2.164478,WallProximity.SAFE,True,0.0,0.0,0.5940656944893868,0.21804563560163706,True,
639,"1,4-C19diene",Dienes,Dienes,Gasoline,19,264.478,614901034876.9144,21,5010266,3,0.875,0.975,1.0,0.09999999999999998,0.0,CoherenceRegime.SUBCOHERENT,151.51525323301217,2.164478,WallProximity.SAFE,True,0.0,0.0,0.5940656944893868,0.21804563560163706,True,
640,Cyclo-C3ene,Cycloalkenes,Cycloalkenes,Gasoline,3,40.062,1579914870160.6426,6,832064,0,1.0,1.0,0.0,0.0,0.0,CoherenceRegime.SUBCOHERENT,3.6058226240734315,0.34006200000000003,WallProximity.BEYOND_WALL,False,1.0,0.0,0.4332605783189569,0.055700435930241335,True,
641,1-Methyl-cyclo-C3ene,Cycloalkenes,Cycloalkenes,Gasoline,4,54.088,1359720165751.9434,7,1094208,3,0.875,0.975,1.0,0.09999999999999998,0.0,CoherenceRegime.SUBCOHERENT,6.500616951919297,0.45408800000000005,WallProximity.BEYOND_WALL,False,1.0,0.0,0.5159684765241142,0.08129545760427259,True,
642,2-Methyl-cyclo-C3ene,Cycloalkenes,Cycloalkenes,Gasoline,5,68.114,1211662891905.0933,8,1352320,0,1.0,1.0,0.0,0.0,0.0,CoherenceRegime.SUBCOHERENT,10.242017291126873,0.568114,WallProximity.BEYOND_WALL,False,1.0,0.0,0.5906265251375589,0.10103855046984014,True,
643,3-Methyl-cyclo-C3ene,Cycloalkenes,Cycloalkenes,Gasoline,6,82.14,1103373758010.441,9,1614464,0,1.0,1.0,0.0,0.0,0.0,CoherenceRegime.SUBCOHERENT,14.830023641696153,0.6821400000000001,WallProximity.BEYOND_WALL,False,1.0,0.0,0.6567659430495473,0.1171141843371605,True,
644,4-Methyl-cyclo-C3ene,Cycloalkenes,Cycloalkenes,Gasoline,7,96.166,1019739457221.274,10,1876616,0,1.0,1.0,0.0,0.0,0.0,CoherenceRegime.SUBCOHERENT,20.26463600362714,0.796166,WallProximity.BEYOND_WALL,False,1.0,0.0,0.7135553481968472,0.13067388072864017,True,
645,Cyclo-C4ene,Cycloalkenes,Cycloalkenes,Gasoline,4,54.088,1359720165751.9434,7,1094208,3,0.875,0.975,1.0,0.09999999999999998,0.0,CoherenceRegime.SUBCOHERENT,6.500616951919297,0.45408800000000005,WallProximity.BEYOND_WALL,False,1.0,0.0,0.5159684765241142,0.08129545760427259,True,
646,1-Methyl-cyclo-C4ene,Cycloalkenes,Cycloalkenes,Gasoline,5,68.114,1211662891905.0933,8,1352320,0,1.0,1.0,0.0,0.0,0.0,CoherenceRegime.SUBCOHERENT,10.242017291126873,0.568114,WallProximity.BEYOND_WALL,False,1.0,0.0,0.5906265251375589,0.10103855046984014,True,
647,2-Methyl-cyclo-C4ene,Cycloalkenes,Cycloalkenes,Gasoline,6,82.14,1103373758010.441,9,1614464,0,1.0,1.0,0.0,0.0,0.0,CoherenceRegime.SUBCOHERENT,14.830023641696153,0.6821400000000001,WallProximity.BEYOND_WALL,False,1.0,0.0,0.6567659430495473,0.1171141843371605,True,
648,3-Methyl-cyclo-C4ene,Cycloalkenes,Cycloalkenes,Gasoline,7,96.166,1019739457221.274,10,1876616,0,1.0,1.0,0.0,0.0,0.0,CoherenceRegime.SUBCOHERENT,20.26463600362714,0.796166,WallProximity.BEYOND_WALL,False,1.0,0.0,0.7135553481968472,0.13067388072864017,True,
649,4-Methyl-cyclo-C4ene,Cycloalkenes,Cycloalkenes,Gasoline,8,110.192,952631564169.7043,11,2134665,3,0.875,0.975,1.0,0.09999999999999998,0.0,CoherenceRegime.SUBCOHERENT,26.545854376919834,0.910192,WallProximity.WARNING,True,0.40922239879564504,0.0,0.7601286913435917,0.14239967076470592,True,
650,Cyclo-C5ene,Cycloalkenes,Cycloalkenes,Gasoline,5,68.114,1211662891905.0933,8,1352320,0,1.0,1.0,0.0,0.0,0.0,CoherenceRegime.SUBCOHERENT,10.242017291126873,0.568114,WallProximity.BEYOND_WALL,False,1.0,0.0,0.5906265251375589,0.10103855046984014,True,
651,1-Methyl-cyclo-C5ene,Cycloalkenes,Cycloalkenes,Gasoline,6,82.14,1103373758010.441,9,1614464,0,1.0,1.0,0.0,0.0,0.0,CoherenceRegime.SUBCOHERENT,14.830023641696153,0.6821400000000001,WallProximity.BEYOND_WALL,False,1.0,0.0,0.6567659430495473,0.1171141843371605,True,
652,2-Methyl-cyclo-C5ene,Cycloalkenes,Cycloalkenes,Gasoline,7,96.166,1019739457221.274,10,1876616,0,1.0,1.0,0.0,0.0,0.0,CoherenceRegime.SUBCOHERENT,20.26463600362714,0.796166,WallProximity.BEYOND_WALL,False,1.0,0.0,0.7135553481968472,0.13067388072864017,True,
653,3-Methyl-cyclo-C5ene,Cycloalkenes,Cycloalkenes,Gasoline,8,110.192,952631564169.7043,11,2134665,3,0.875,0.975,1.0,0.09999999999999998,0.0,CoherenceRegime.SUBCOHERENT,26.545854376919834,0.910192,WallProximity.WARNING,True,0.40922239879564504,0.0,0.7601286913435917,0.14239967076470592,True,
654,4-Methyl-cyclo-C5ene,Cycloalkenes,Cycloalkenes,Gasoline,9,124.218,897238155194.8467,12,2396873,0,1.0,1.0,0.0,0.0,0.0016647597522464475,CoherenceRegime.SUBCOHERENT,33.67367876157424,1.024218,WallProximity.CAUTION,True,0.0,0.0019190169384261982,0.7957603120230345,0.15272905645193133,True,
655,Cyclo-C6ene,Cycloalkenes,Cycloalkenes,Gasoline,6,82.14,1103373758010.441,9,1614464,0,1.0,1.0,0.0,0.0,0.0,CoherenceRegime.SUBCOHERENT,14.830023641696153,0.6821400000000001,WallProximity.BEYOND_WALL,False,1.0,0.0,0.6567659430495473,0.1171141843371605,True,
656,1-Methyl-cyclo-C6ene,Cycloalkenes,Cycloalkenes,Gasoline,7,96.166,1019739457221.274,10,1876616,0,1.0,1.0,0.0,0.0,0.0,CoherenceRegime.SUBCOHERENT,20.26463600362714,0.796166,WallProximity.BEYOND_WALL,False,1.0,0.0,0.7135553481968472,0.13067388072864017,True,
657,2-Methyl-cyclo-C6ene,Cycloalkenes,Cycloalkenes,Gasoline,8,110.192,952631564169.7043,11,2134665,3,0.875,0.975,1.0,0.09999999999999998,0.0,CoherenceRegime.SUBCOHERENT,26.545854376919834,0.910192,WallProximity.WARNING,True,0.40922239879564504,0.0,0.7601286913435917,0.14239967076470592,True,
658,3-Methyl-cyclo-C6ene,Cycloalkenes,Cycloalkenes,Gasoline,9,124.218,897238155194.8467,12,2396873,0,1.0,1.0,0.0,0.0,0.0016647597522464475,CoherenceRegime.SUBCOHERENT,33.67367876157424,1.024218,WallProximity.CAUTION,True,0.0,0.0019190169384261982,0.7957603120230345,0.15272905645193133,True,
659,4-Methyl-cyclo-C6ene,Cycloalkenes,Cycloalkenes,Gasoline,10,138.244,850504967129.3611,13,2659017,3,0.875,0.975,1.0,0.09999999999999998,0.0,CoherenceRegime.SUBCOHERENT,41.648109157590355,1.138244,WallProximity.CAUTION,True,0.0,0.0,0.8199678758227772,0.1619595289030552,True,
660,Cyclo-C7ene,Cycloalkenes,Cycloalkenes,Gasoline,7,96.166,1019739457221.274,10,1876616,0,1.0,1.0,0.0,0.0,0.0,CoherenceRegime.SUBCOHERENT,20.26463600362714,0.796166,WallProximity.BEYOND_WALL,False,1.0,0.0,0.7135553481968472,0.13067388072864017,True,
661,1-Methyl-cyclo-C7ene,Cycloalkenes,Cycloalkenes,Gasoline,8,110.192,952631564169.7043,11,2134665,3,0.875,0.975,1.0,0.09999999999999998,0.0,CoherenceRegime.SUBCOHERENT,26.545854376919834,0.910192,WallProximity.WARNING,True,0.40922239879564504,0.0,0.7601286913435917,0.14239967076470592,True,
662,2-Methyl-cyclo-C7ene,Cycloalkenes,Cycloalkenes,Gasoline,9,124.218,897238155194.8467,12,2396873,0,1.0,1.0,0.0,0.0,0.0016647597522464475,CoherenceRegime.SUBCOHERENT,33.67367876157424,1.024218,WallProximity.CAUTION,True,0.0,0.0019190169384261982,0.7957603120230345,0.15272905645193133,True,
663,3-Methyl-cyclo-C7ene,Cycloalkenes,Cycloalkenes,Gasoline,10,138.244,850504967129.3611,13,2659017,3,0.875,0.975,1.0,0.09999999999999998,0.0,CoherenceRegime.SUBCOHERENT,41.648109157590355,1.138244,WallProximity.CAUTION,True,0.0,0.0,0.8199678758227772,0.1619595289030552,True,
664,4-Methyl-cyclo-C7ene,Cycloalkenes,Cycloalkenes,Gasoline,11,152.26999999999998,810387672787.6681,14,2921161,3,0.875,0.975,1.0,0.09999999999999998,0.0006783345908299987,CoherenceRegime.SUBCOHERENT,50.469145564968166,1.25227,WallProximity.CAUTION,True,0.0,0.0007938567320796271,0.8325714956720301,0.17030259522557664,True,
665,Cyclo-C8ene,Cycloalkenes,Cycloalkenes,Gasoline,8,110.192,952631564169.7043,11,2134665,3,0.875,0.975,1.0,0.09999999999999998,0.0,CoherenceRegime.SUBCOHERENT,26.545854376919834,0.910192,WallProximity.WARNING,True,0.40922239879564504,0.0,0.7601286913435917,0.14239967076470592,True,
666,1-Methyl-cyclo-C8ene,Cycloalkenes,Cycloalkenes,Gasoline,9,124.218,897238155194.8467,12,2396873,0,1.0,1.0,0.0,0.0,0.0016647597522464475,CoherenceRegime.SUBCOHERENT,33.67367876157424,1.024218,WallProximity.CAUTION,True,0.0,0.0019190169384261982,0.7957603120230345,0.15272905645193133,True,
667,2-Methyl-cyclo-C8ene,Cycloalkenes,Cycloalkenes,Gasoline,10,138.244,850504967129.3611,13,2659017,3,0.875,0.975,1.0,0.09999999999999998,0.0,CoherenceRegime.SUBCOHERENT,41.648109157590355,1.138244,WallProximity.CAUTION,True,0.0,0.0,0.8199678758227772,0.1619595289030552,True,
668,3-Methyl-cyclo-C8ene,Cycloalkenes,Cycloalkenes,Gasoline,11,152.26999999999998,810387672787.6681,14,2921161,3,0.875,0.975,1.0,0.09999999999999998,0.0006783345908299987,CoherenceRegime.SUBCOHERENT,50.469145564968166,1.25227,WallProximity.CAUTION,True,0.0,0.0007938567320796271,0.8325714956720301,0.17030259522557664,True,
669,4-Methyl-cyclo-C8ene,Cycloalkenes,Cycloalkenes,Gasoline,12,166.296,775459460139.9153,15,3179209,2,0.9166666666666666,1.0,1.0,0.08333333333333337,0.0,CoherenceRegime.SUBCOHERENT,60.1367879837077,1.3662960000000002,WallProximity.SAFE,True,0.0,0.0,0.8337205480043967,0.1779140227918064,True,
670,Cyclo-C9ene,Cycloalkenes,Cycloalkenes,Gasoline,9,124.218,897238155194.8467,12,2396873,0,1.0,1.0,0.0,0.0,0.0016647597522464475,CoherenceRegime.SUBCOHERENT,33.67367876157424,1.024218,WallProximity.CAUTION,True,0.0,0.0019190169384261982,0.7957603120230345,0.15272905645193133,True,
671,1-Methyl-cyclo-C9ene,Cycloalkenes,Cycloalkenes,Gasoline,10,138.244,850504967129.3611,13,2659017,3,0.875,0.975,1.0,0.09999999999999998,0.0,CoherenceRegime.SUBCOHERENT,41.648109157590355,1.138244,WallProximity.CAUTION,True,0.0,0.0,0.8199678758227772,0.1619595289030552,True,
672,2-Methyl-cyclo-C9ene,Cycloalkenes,Cycloalkenes,Gasoline,11,152.26999999999998,810387672787.6681,14,2921161,3,0.875,0.975,1.0,0.09999999999999998,0.0006783345908299987,CoherenceRegime.SUBCOHERENT,50.469145564968166,1.25227,WallProximity.CAUTION,True,0.0,0.0007938567320796271,0.8325714956720301,0.17030259522557664,True,
673,3-Methyl-cyclo-C9ene,Cycloalkenes,Cycloalkenes,Gasoline,12,166.296,775459460139.9153,15,3179209,2,0.9166666666666666,1.0,1.0,0.08333333333333337,0.0,CoherenceRegime.SUBCOHERENT,60.1367879837077,1.3662960000000002,WallProximity.SAFE,True,0.0,0.0,0.8337205480043967,0.1779140227918064,True,
674,Cyclo-C10ene,Cycloalkenes,Cycloalkenes,Gasoline,10,138.244,850504967129.3611,13,2659017,3,0.875,0.975,1.0,0.09999999999999998,0.0,CoherenceRegime.SUBCOHERENT,41.648109157590355,1.138244,WallProximity.CAUTION,True,0.0,0.0,0.8199678758227772,0.1619595289030552,True,
675,1-Methyl-cyclo-C10ene,Cycloalkenes,Cycloalkenes,Gasoline,11,152.26999999999998,810387672787.6681,14,2921161,3,0.875,0.975,1.0,0.09999999999999998,0.0006783345908299987,CoherenceRegime.SUBCOHERENT,50.469145564968166,1.25227,WallProximity.CAUTION,True,0.0,0.0007938567320796271,0.8325714956720301,0.17030259522557664,True,
676,2-Methyl-cyclo-C10ene,Cycloalkenes,Cycloalkenes,Gasoline,12,166.296,775459460139.9153,15,3179209,2,0.9166666666666666,1.0,1.0,0.08333333333333337,0.0,CoherenceRegime.SUBCOHERENT,60.1367879837077,1.3662960000000002,WallProximity.SAFE,True,0.0,0.0,0.8337205480043967,0.1779140227918064,True,
677,Cyclo-C11ene,Cycloalkenes,Cycloalkenes,Gasoline,11,152.26999999999998,810387672787.6681,14,2921161,3,0.875,0.975,1.0,0.09999999999999998,0.0006783345908299987,CoherenceRegime.SUBCOHERENT,50.469145564968166,1.25227,WallProximity.CAUTION,True,0.0,0.0007938567320796271,0.8325714956720301,0.17030259522557664,True,
678,1-Methyl-cyclo-C11ene,Cycloalkenes,Cycloalkenes,Gasoline,12,166.296,775459460139.9153,15,3179209,2,0.9166666666666666,1.0,1.0,0.08333333333333337,0.0,CoherenceRegime.SUBCOHERENT,60.1367879837077,1.3662960000000002,WallProximity.SAFE,True,0.0,0.0,0.8337205480043967,0.1779140227918064,True,
679,Thiophene,Thiophenes,Sulfur compounds,Diesel,4,82.116,1103534987463.776,7,1090112,0,1.0,1.0,0.0,0.0,0.0,CoherenceRegime.SUBCOHERENT,10.478351398195636,0.482116,WallProximity.BEYOND_WALL,False,1.0,0.0,0.43789855012228535,0.10202929586985228,True,
680,C1-Thiophene,Thiophenes,Sulfur compounds,Diesel,5,96.142,1019866728444.1212,7,1352264,0,1.0,1.0,0.0,0.0,0.0,CoherenceRegime.SUBCOHERENT,15.16968282951475,0.596142,WallProximity.BEYOND_WALL,False,1.0,0.0,0.5097436512251877,0.11809765005737075,True,
681,C2-Thiophene,Thiophenes,Sulfur compounds,Diesel,6,110.168,952735323485.0052,7,1610312,0,1.0,1.0,0.0,0.0,0.0,CoherenceRegime.SUBCOHERENT,20.70762027219558,0.7101680000000001,WallProximity.WARNING,True,0.4098350676841175,0.0,0.570165577733889,0.13161301924696533,True,
682,C3-Thiophene,Thiophenes,Sulfur compounds,Diesel,7,124.194,897324844871.8795,7,1872456,3,0.875,0.975,1.0,0.09999999999999998,0.0,CoherenceRegime.SUBCOHERENT,27.092163726238113,0.8241940000000001,WallProximity.CAUTION,True,0.0,0.0,0.6190024666431586,0.14328436915167428,True,
683,C4-Thiophene,Thiophenes,Sulfur compounds,Diesel,8,138.22,850578803163.2822,7,2134601,0,1.0,1.0,0.0,0.0,0.0,CoherenceRegime.SUBCOHERENT,34.32331319164235,0.93822,WallProximity.CAUTION,True,0.0,0.0,0.6560613469936937,0.15355892031684443,True,
684,C5-Thiophene,Thiophenes,Sulfur compounds,Diesel,9,152.246,810451544868.7478,7,2396745,0,1.0,1.0,0.0,0.0,0.0,CoherenceRegime.SUBCOHERENT,42.4010686684083,1.052246,WallProximity.CAUTION,True,0.0,0.0,0.6812912717889563,0.16273768026055607,True,
685,Benzothiophene,Thiophenes,Sulfur compounds,Diesel,8,134.188,863263065236.8192,13,2134729,0,1.0,1.0,0.0,0.0,0.0,CoherenceRegime.SUBCOHERENT,33.17887011419221,0.934188,WallProximity.CAUTION,True,0.0,0.0,0.6707224641819405,0.1520861592311407,True,
686,C1-Benzothiophene,Thiophenes,Sulfur compounds,Diesel,9,148.214,821401300100.8785,13,2396873,0,1.0,1.0,0.0,0.0,0.0,CoherenceRegime.SUBCOHERENT,41.11997216711793,1.048214,WallProximity.CAUTION,True,0.0,0.0,0.6975237224163535,0.1614052812026344,True,
687,C2-Benzothiophene,Thiophenes,Sulfur compounds,Diesel,10,162.24,785092866276.6595,13,2654921,0,1.0,1.0,0.0,0.0,0.0008068858933586442,CoherenceRegime.SUBCOHERENT,49.907680231405365,1.16224,WallProximity.SAFE,True,0.0,0.0009439086240143635,0.7126258811065046,0.16981673838089473,True,
688,C3-Benzothiophene,Thiophenes,Sulfur compounds,Diesel,11,176.266,753209389702.9595,13,2917073,3,0.875,0.975,1.0,0.09999999999999998,0.0,CoherenceRegime.SUBCOHERENT,59.54199430705451,1.2762660000000001,WallProximity.SAFE,True,0.0,0.0,0.7164015788305478,0.17748233768683802,True,
689,C4-Benzothiophene,Thiophenes,Sulfur compounds,Diesel,12,190.292,724919420623.3585,13,3179217,1,0.9583333333333334,1.0,1.0,0.04166666666666663,0.0,CoherenceRegime.SUBCOHERENT,70.02291439406535,1.390292,WallProximity.SAFE,True,0.0,0.0,0.7095038549395202,0.18452401823918904,True,
690,C5-Benzothiophene,Thiophenes,Sulfur compounds,Diesel,13,204.318,699594981785.1356,13,3441361,2,0.9166666666666666,1.0,1.0,0.08333333333333337,0.00016660779892052613,CoherenceRegime.SUBCOHERENT,81.35044049243791,1.504318,WallProximity.SAFE,True,0.0,0.0001984358848769115,0.6928473539861444,0.1910359908876039,True,
691,Dibenzothiophene,Thiophenes,Sulfur compounds,Diesel,12,186.26,732723635278.1754,21,3179345,1,0.9583333333333334,1.0,1.0,0.04166666666666663,0.0,CoherenceRegime.SUBCOHERENT,68.34046329090297,1.38626,WallProximity.SAFE,True,0.0,0.0,0.7300189299345253,0.18346779186242992,True,
692,C1-Dibenzothiophene,Thiophenes,Sulfur compounds,Diesel,13,200.286,706601741428.6383,21,3441489,2,0.9166666666666666,1.0,1.0,0.08333333333333337,0.0008917475168077615,CoherenceRegime.SUBCOHERENT,79.5313359654353,1.500286,WallProximity.SAFE,True,0.0,0.001061227545788791,0.7143688452992216,0.19005382777821087,True,
693,C2-Dibenzothiophene,Thiophenes,Sulfur compounds,Diesel,14,214.312,683088156275.1224,21,3703633,2,0.9166666666666666,1.0,1.0,0.08333333333333337,0.0,CoherenceRegime.SUBCOHERENT,91.56881465132936,1.6143120000000002,WallProximity.SAFE,True,0.0,0.0,0.6898093992135107,0.19617475923267985,True,
694,C3-Dibenzothiophene,Thiophenes,Sulfur compounds,Diesel,15,228.338,661775833370.162,21,3965777,3,0.875,0.975,1.0,0.09999999999999998,0.0,CoherenceRegime.SUBCOHERENT,104.45289934858508,1.728338,WallProximity.SAFE,True,0.0,0.0,0.6576191276076894,0.20189204994012075,True,
695,C4-Dibenzothiophene,Thiophenes,Sulfur compounds,Diesel,16,242.364,642341444816.6448,21,4227922,0,1.0,1.0,0.0,0.0,0.00018323237596373776,CoherenceRegime.SUBCOHERENT,118.18359005720255,1.8423640000000001,WallProximity.SAFE,True,0.0,0.00022120833357538384,0.619204707417333,0.20725571783865107,True,
696,C5-Dibenzothiophene,Thiophenes,Sulfur compounds,Diesel,17,256.39,624524469043.5934,21,4485970,3,0.875,0.975,1.0,0.09999999999999998,0.0,CoherenceRegime.SUBCOHERENT,132.76088677718172,1.9563900000000003,WallProximity.SAFE,True,0.0,0.0,0.5760376131522343,0.21230701446189895,True,
697,Petroleum-C11-697,Linear alkanes,Alkanes,Mixed,11,156.302,799866913217.5398,11,2921097,3,0.875,0.975,1.0,0.09999999999999998,0.001034128663257694,CoherenceRegime.SUBCOHERENT,51.97233322721061,1.256302,WallProximity.SAFE,True,0.0,0.001211561585902698,0.8128183517932119,0.17157722143205836,True,
698,Petroleum-C12-698,Linear alkanes,Alkanes,Mixed,12,170.328,766226162165.0073,12,3179209,2,0.9166666666666666,1.0,1.0,0.08333333333333337,0.0,CoherenceRegime.SUBCOHERENT,61.776629069790374,1.3703280000000002,WallProximity.SAFE,True,0.0,0.0,0.8125262685665692,0.1790824206711787,True,
699,Petroleum-C13-699,Linear alkanes,Alkanes,Mixed,13,184.354,736501638657.2075,13,3441361,2,0.9166666666666666,1.0,1.0,0.08333333333333337,0.0,CoherenceRegime.SUBCOHERENT,72.42753092373184,1.4843540000000002,WallProximity.SAFE,True,0.0,0.0,0.8014205114468184,0.18599036802238267,True,
700,Petroleum-C14-700,Linear alkanes,Alkanes,Mixed,14,198.38,709988079400.2195,14,3703505,2,0.9166666666666666,1.0,1.0,0.08333333333333337,0.0,CoherenceRegime.SUBCOHERENT,83.92503878903499,1.5983800000000001,WallProximity.SAFE,True,0.0,0.0,0.7803595749141533,0.1923891550645221,True,
701,Petroleum-C15-701,Linear alkanes,Alkanes,Mixed,15,212.406,686146116732.9568,15,3965649,3,0.875,0.975,1.0,0.09999999999999998,0.0,CoherenceRegime.SUBCOHERENT,96.26915266569986,1.712406,WallProximity.SAFE,True,0.0,0.0,0.7504537250958354,0.1983487149292778,True,
702,Petroleum-C16-702,Linear alkanes,Alkanes,Mixed,16,226.432,664555258312.6898,16,4227858,3,0.875,0.975,1.0,0.09999999999999998,0.0,CoherenceRegime.SUBCOHERENT,109.45987255372643,1.826432,WallProximity.SAFE,True,0.0,0.0,0.7130099647144913,0.20392549381492092,True,
703,Petroleum-C17-703,Linear alkanes,Alkanes,Mixed,17,240.458,644882192557.4109,17,4490002,3,0.875,0.975,1.0,0.09999999999999998,0.0007374461291984602,CoherenceRegime.SUBCOHERENT,123.49719845311473,1.9404580000000002,WallProximity.SAFE,True,0.0,0.0008916945728187334,0.6694688654569966,0.20916571056916083,True,
704,Petroleum-C18-704,Linear alkanes,Alkanes,Mixed,18,254.484,626858845913.6626,18,4748050,3,0.875,0.975,1.0,0.09999999999999998,0.0,CoherenceRegime.SUBCOHERENT,138.3811303638647,2.054484,WallProximity.SAFE,True,0.0,0.0,0.6213381120750965,0.2141076873808912,True,
705,Petroleum-C19-705,Linear alkanes,Alkanes,Mixed,19,268.51,610266833430.1029,19,5010202,0,1.0,1.0,0.0,0.0,0.0,CoherenceRegime.SUBCOHERENT,154.1116682859764,2.16851,WallProximity.SAFE,True,0.0,0.0,0.5701273044585125,0.21878355217837714,True,
706,Petroleum-C20-706,Linear alkanes,Alkanes,Mixed,20,282.536,594926211713.4329,20,5272410,3,0.875,0.975,1.0,0.09999999999999998,0.0,CoherenceRegime.SUBCOHERENT,170.6888122194498,2.282536,WallProximity.SAFE,True,0.0,0.0,0.5172880014063855,0.223220505626067,True,
707,Petroleum-C21-707,Linear alkanes,Alkanes,Mixed,21,296.562,580687194654.7695,21,5534554,2,0.9166666666666666,1.0,1.0,0.08333333333333337,0.0,CoherenceRegime.SUBCOHERENT,188.11256216428495,2.3965620000000003,WallProximity.SAFE,True,0.0,0.0,0.4641622042192316,0.2274417798721354,True,
708,Petroleum-C22-708,Linear alkanes,Alkanes,Mixed,22,310.588,567423951632.568,22,5796698,0,1.0,1.0,0.0,0.0,0.0,CoherenceRegime.SUBCOHERENT,206.38291812048178,2.5105880000000003,WallProximity.SAFE,True,0.0,0.0,0.411941542112675,0.23146737488029628,True,
709,Petroleum-C23-709,Linear alkanes,Alkanes,Mixed,23,324.61400000000003,555029896519.2572,23,6058842,3,0.875,0.975,1.0,0.09999999999999998,0.0,CoherenceRegime.SUBCOHERENT,225.49988008804033,2.6246140000000002,WallProximity.SAFE,True,0.0,0.0,0.36163842182956707,0.23531463152733306,True,
710,Petroleum-C24-710,Linear alkanes,Alkanes,Mixed,24,338.64,543414061677.224,24,6321051,3,0.875,0.975,1.0,0.09999999999999998,0.0,CoherenceRegime.SUBCOHERENT,245.46344806696052,2.73864,WallProximity.SAFE,True,0.0,0.0,0.3140694284635896,0.2389986830533596,True,
711,Petroleum-C25-711,Linear alkanes,Alkanes,Mixed,25,352.666,532498273476.99066,25,6583203,0,1.0,1.0,0.0,0.0,0.0,CoherenceRegime.SUBCOHERENT,266.2736220572425,2.852666,WallProximity.SAFE,True,0.0,0.0,0.2698503910645006,0.24253281459267773,True,
712,Petroleum-C26-712,Linear alkanes,Alkanes,Mixed,26,366.692,522214928026.6263,26,6845347,2,0.9166666666666666,1.0,1.0,0.08333333333333337,0.0,CoherenceRegime.SUBCOHERENT,287.93040205888616,2.966692,WallProximity.SAFE,True,0.0,0.0,0.22940181487957723,0.24592875236808748,True,
713,Petroleum-C27-713,Linear alkanes,Alkanes,Mixed,27,380.718,512505221974.3419,27,7107491,3,0.875,0.975,1.0,0.09999999999999998,0.0,CoherenceRegime.SUBCOHERENT,310.4337880718915,3.080718,WallProximity.SAFE,True,0.0,0.0,0.19296286963569234,0.24919689844114706,True,
714,Petroleum-C28-714,Linear alkanes,Alkanes,Mixed,28,394.744,503317732291.2979,28,7369699,3,0.875,0.975,1.0,0.09999999999999998,0.0,CoherenceRegime.SUBCOHERENT,333.7837800962586,3.1947440000000005,WallProximity.SAFE,True,0.0,0.0,0.16061182420574474,0.2523465228730758,True,
715,Petroleum-C29-715,Linear alkanes,Alkanes,Mixed,29,408.77,494607266493.9285,29,7627747,0,1.0,1.0,0.0,0.0,0.0,CoherenceRegime.SUBCOHERENT,357.9803781319874,3.3087700000000004,WallProximity.SAFE,True,0.0,0.0,0.13229072477329437,0.2553859222446818,True,
716,Petroleum-C30-716,Linear alkanes,Alkanes,Mixed,30,422.796,486333924479.0623,30,7889891,3,0.875,0.975,1.0,0.09999999999999998,0.0,CoherenceRegime.SUBCOHERENT,383.02358217907783,3.422796,WallProximity.SAFE,True,0.0,0.0,0.10783220091294515,0.2583225513642143,True,
717,Petroleum-C31-717,Linear alkanes,Alkanes,Mixed,31,436.822,478462327432.4112,31,8152043,0,1.0,1.0,0.0,0.0,0.0,CoherenceRegime.SUBCOHERENT,408.91339223753005,3.536822,WallProximity.SAFE,True,0.0,0.0,0.0869865141297069,0.2611631334275579,True,
718,Petroleum-C32-718,Linear alkanes,Alkanes,Mixed,32,450.848,470960979748.8765,32,8414188,0,1.0,1.0,0.0,0.0,0.0,CoherenceRegime.SUBCOHERENT,435.649808307344,3.6508480000000003,WallProximity.SAFE,True,0.0,0.0,0.06944729206159433,0.26391375272738443,True,
719,Petroleum-C33-719,Linear alkanes,Alkanes,Mixed,33,464.874,463801737672.2709,33,8675820,0,1.0,1.0,0.0,0.0,0.0,CoherenceRegime.SUBCOHERENT,463.23283038851963,3.7648740000000003,WallProximity.SAFE,True,0.0,0.0,0.054874773453956124,0.26657993312705675,True,
720,Petroleum-C34-720,Linear alkanes,Alkanes,Mixed,34,478.9,456959364182.06506,34,8937964,3,0.875,0.975,1.0,0.09999999999999998,0.0,CoherenceRegime.SUBCOHERENT,491.6624584810569,3.8789000000000002,WallProximity.SAFE,True,0.0,0.0,0.04291578255159558,0.26916670484427696,True,
721,Petroleum-C5-721,Linear alkanes,Alkanes,Mixed,5,72.146,1177318236610.3547,5,1352256,0,1.0,1.0,0.0,0.0,0.0,CoherenceRegime.SUBCOHERENT,10.925284410327981,0.572146,WallProximity.BEYOND_WALL,False,1.0,0.0,0.5773514250774086,0.10384327514757133,True,
722,Petroleum-C6-722,Linear alkanes,Alkanes,Mixed,6,86.172,1077251019102.8378,6,1614408,0,1.0,1.0,0.0,0.0,0.0,CoherenceRegime.SUBCOHERENT,15.649944184737485,0.6861720000000001,WallProximity.BEYOND_WALL,False,1.0,0.0,0.6432682093724612,0.11945127929812697,True,
723,Petroleum-C7-723,Linear alkanes,Alkanes,Mixed,7,100.198,999011467728.4476,7,1872456,3,0.875,0.975,1.0,0.09999999999999998,0.0,CoherenceRegime.SUBCOHERENT,21.221209970508696,0.8001980000000001,WallProximity.CRITICAL,True,0.6284659179406685,0.0,0.6993073420184516,0.13267701424557155,True,
724,Petroleum-C8-724,Linear alkanes,Alkanes,Mixed,8,114.224,935667010900.7026,8,2134665,3,0.875,0.975,1.0,0.09999999999999998,0.0,CoherenceRegime.SUBCOHERENT,27.639081767641613,0.914224,WallProximity.WARNING,True,0.29999661553962353,0.0,0.7447570440936945,0.1441523610703951,True,
725,Petroleum-C9-725,Linear alkanes,Alkanes,Mixed,9,128.25,883021571376.6958,9,2396809,0,1.0,1.0,0.0,0.0,0.0,CoherenceRegime.SUBCOHERENT,34.90355957613624,1.02825,WallProximity.CAUTION,True,0.0,0.0,0.7790206483870205,0.15428697199518185,True,
726,Petroleum-C10-726,Linear alkanes,Alkanes,Mixed,10,142.276,838367002781.6842,10,2658953,2,0.9166666666666666,1.0,1.0,0.08333333333333337,0.0,CoherenceRegime.SUBCOHERENT,43.01464339599258,1.142276,WallProximity.CAUTION,True,0.0,0.0,0.8017320509825592,0.16336163268230458,True,
727,Petroleum-C11-727,Linear alkanes,Alkanes,Mixed,11,156.302,799866913217.5398,11,2921097,3,0.875,0.975,1.0,0.09999999999999998,0.001034128663257694,CoherenceRegime.SUBCOHERENT,51.97233322721061,1.256302,WallProximity.SAFE,True,0.0,0.001211561585902698,0.8128183517932119,0.17157722143205836,True,
728,Petroleum-C12-728,Linear alkanes,Alkanes,Mixed,12,170.328,766226162165.0073,12,3179209,2,0.9166666666666666,1.0,1.0,0.08333333333333337,0.0,CoherenceRegime.SUBCOHERENT,61.776629069790374,1.3703280000000002,WallProximity.SAFE,True,0.0,0.0,0.8125262685665692,0.1790824206711787,True,
729,Petroleum-C13-729,Linear alkanes,Alkanes,Mixed,13,184.354,736501638657.2075,13,3441361,2,0.9166666666666666,1.0,1.0,0.08333333333333337,0.0,CoherenceRegime.SUBCOHERENT,72.42753092373184,1.4843540000000002,WallProximity.SAFE,True,0.0,0.0,0.8014205114468184,0.18599036802238267,True,
730,Petroleum-C14-730,Linear alkanes,Alkanes,Mixed,14,198.38,709988079400.2195,14,3703505,2,0.9166666666666666,1.0,1.0,0.08333333333333337,0.0,CoherenceRegime.SUBCOHERENT,83.92503878903499,1.5983800000000001,WallProximity.SAFE,True,0.0,0.0,0.7803595749141533,0.1923891550645221,True,
731,Petroleum-C15-731,Linear alkanes,Alkanes,Mixed,15,212.406,686146116732.9568,15,3965649,3,0.875,0.975,1.0,0.09999999999999998,0.0,CoherenceRegime.SUBCOHERENT,96.26915266569986,1.712406,WallProximity.SAFE,True,0.0,0.0,0.7504537250958354,0.1983487149292778,True,
732,Petroleum-C16-732,Linear alkanes,Alkanes,Mixed,16,226.432,664555258312.6898,16,4227858,3,0.875,0.975,1.0,0.09999999999999998,0.0,CoherenceRegime.SUBCOHERENT,109.45987255372643,1.826432,WallProximity.SAFE,True,0.0,0.0,0.7130099647144913,0.20392549381492092,True,
733,Petroleum-C17-733,Linear alkanes,Alkanes,Mixed,17,240.458,644882192557.4109,17,4490002,3,0.875,0.975,1.0,0.09999999999999998,0.0007374461291984602,CoherenceRegime.SUBCOHERENT,123.49719845311473,1.9404580000000002,WallProximity.SAFE,True,0.0,0.0008916945728187334,0.6694688654569966,0.20916571056916083,True,
734,Petroleum-C18-734,Linear alkanes,Alkanes,Mixed,18,254.484,626858845913.6626,18,4748050,3,0.875,0.975,1.0,0.09999999999999998,0.0,CoherenceRegime.SUBCOHERENT,138.3811303638647,2.054484,WallProximity.SAFE,True,0.0,0.0,0.6213381120750965,0.2141076873808912,True,
735,Petroleum-C19-735,Linear alkanes,Alkanes,Mixed,19,268.51,610266833430.1029,19,5010202,0,1.0,1.0,0.0,0.0,0.0,CoherenceRegime.SUBCOHERENT,154.1116682859764,2.16851,WallProximity.SAFE,True,0.0,0.0,0.5701273044585125,0.21878355217837714,True,
736,Petroleum-C20-736,Linear alkanes,Alkanes,Mixed,20,282.536,594926211713.4329,20,5272410,3,0.875,0.975,1.0,0.09999999999999998,0.0,CoherenceRegime.SUBCOHERENT,170.6888122194498,2.282536,WallProximity.SAFE,True,0.0,0.0,0.5172880014063855,0.223220505626067,True,
737,Petroleum-C21-737,Linear alkanes,Alkanes,Mixed,21,296.562,580687194654.7695,21,5534554,2,0.9166666666666666,1.0,1.0,0.08333333333333337,0.0,CoherenceRegime.SUBCOHERENT,188.11256216428495,2.3965620000000003,WallProximity.SAFE,True,0.0,0.0,0.4641622042192316,0.2274417798721354,True,
738,Petroleum-C22-738,Linear alkanes,Alkanes,Mixed,22,310.588,567423951632.568,22,5796698,0,1.0,1.0,0.0,0.0,0.0,CoherenceRegime.SUBCOHERENT,206.38291812048178,2.5105880000000003,WallProximity.SAFE,True,0.0,0.0,0.411941542112675,0.23146737488029628,True,
739,Petroleum-C23-739,Linear alkanes,Alkanes,Mixed,23,324.61400000000003,555029896519.2572,23,6058842,3,0.875,0.975,1.0,0.09999999999999998,0.0,CoherenceRegime.SUBCOHERENT,225.49988008804033,2.6246140000000002,WallProximity.SAFE,True,0.0,0.0,0.36163842182956707,0.23531463152733306,True,
740,Petroleum-C24-740,Linear alkanes,Alkanes,Mixed,24,338.64,543414061677.224,24,6321051,3,0.875,0.975,1.0,0.09999999999999998,0.0,CoherenceRegime.SUBCOHERENT,245.46344806696052,2.73864,WallProximity.SAFE,True,0.0,0.0,0.3140694284635896,0.2389986830533596,True,
741,Petroleum-C25-741,Linear alkanes,Alkanes,Mixed,25,352.666,532498273476.99066,25,6583203,0,1.0,1.0,0.0,0.0,0.0,CoherenceRegime.SUBCOHERENT,266.2736220572425,2.852666,WallProximity.SAFE,True,0.0,0.0,0.2698503910645006,0.24253281459267773,True,
742,Petroleum-C26-742,Linear alkanes,Alkanes,Mixed,26,366.692,522214928026.6263,26,6845347,2,0.9166666666666666,1.0,1.0,0.08333333333333337,0.0,CoherenceRegime.SUBCOHERENT,287.93040205888616,2.966692,WallProximity.SAFE,True,0.0,0.0,0.22940181487957723,0.24592875236808748,True,
743,Petroleum-C27-743,Linear alkanes,Alkanes,Mixed,27,380.718,512505221974.3419,27,7107491,3,0.875,0.975,1.0,0.09999999999999998,0.0,CoherenceRegime.SUBCOHERENT,310.4337880718915,3.080718,WallProximity.SAFE,True,0.0,0.0,0.19296286963569234,0.24919689844114706,True,
744,Petroleum-C28-744,Linear alkanes,Alkanes,Mixed,28,394.744,503317732291.2979,28,7369699,3,0.875,0.975,1.0,0.09999999999999998,0.0,CoherenceRegime.SUBCOHERENT,333.7837800962586,3.1947440000000005,WallProximity.SAFE,True,0.0,0.0,0.16061182420574474,0.2523465228730758,True,
745,Petroleum-C29-745,Linear alkanes,Alkanes,Mixed,29,408.77,494607266493.9285,29,7627747,0,1.0,1.0,0.0,0.0,0.0,CoherenceRegime.SUBCOHERENT,357.9803781319874,3.3087700000000004,WallProximity.SAFE,True,0.0,0.0,0.13229072477329437,0.2553859222446818,True,
746,Petroleum-C30-746,Linear alkanes,Alkanes,Mixed,30,422.796,486333924479.0623,30,7889891,3,0.875,0.975,1.0,0.09999999999999998,0.0,CoherenceRegime.SUBCOHERENT,383.02358217907783,3.422796,WallProximity.SAFE,True,0.0,0.0,0.10783220091294515,0.2583225513642143,True,
747,Petroleum-C31-747,Linear alkanes,Alkanes,Mixed,31,436.822,478462327432.4112,31,8152043,0,1.0,1.0,0.0,0.0,0.0,CoherenceRegime.SUBCOHERENT,408.91339223753005,3.536822,WallProximity.SAFE,True,0.0,0.0,0.0869865141297069,0.2611631334275579,True,
748,Petroleum-C32-748,Linear alkanes,Alkanes,Mixed,32,450.848,470960979748.8765,32,8414188,0,1.0,1.0,0.0,0.0,0.0,CoherenceRegime.SUBCOHERENT,435.649808307344,3.6508480000000003,WallProximity.SAFE,True,0.0,0.0,0.06944729206159433,0.26391375272738443,True,
749,Petroleum-C33-749,Linear alkanes,Alkanes,Mixed,33,464.874,463801737672.2709,33,8675820,0,1.0,1.0,0.0,0.0,0.0,CoherenceRegime.SUBCOHERENT,463.23283038851963,3.7648740000000003,WallProximity.SAFE,True,0.0,0.0,0.054874773453956124,0.26657993312705675,True,
750,Petroleum-C34-750,Linear alkanes,Alkanes,Mixed,34,478.9,456959364182.06506,34,8937964,3,0.875,0.975,1.0,0.09999999999999998,0.0,CoherenceRegime.SUBCOHERENT,491.6624584810569,3.8789000000000002,WallProximity.SAFE,True,0.0,0.0,0.04291578255159558,0.26916670484427696,True,
751,Petroleum-C5-751,Linear alkanes,Alkanes,Mixed,5,72.146,1177318236610.3547,5,1352256,0,1.0,1.0,0.0,0.0,0.0,CoherenceRegime.SUBCOHERENT,10.925284410327981,0.572146,WallProximity.BEYOND_WALL,False,1.0,0.0,0.5773514250774086,0.10384327514757133,True,
752,Petroleum-C6-752,Linear alkanes,Alkanes,Mixed,6,86.172,1077251019102.8378,6,1614408,0,1.0,1.0,0.0,0.0,0.0,CoherenceRegime.SUBCOHERENT,15.649944184737485,0.6861720000000001,WallProximity.BEYOND_WALL,False,1.0,0.0,0.6432682093724612,0.11945127929812697,True,
753,Petroleum-C7-753,Linear alkanes,Alkanes,Mixed,7,100.198,999011467728.4476,7,1872456,3,0.875,0.975,1.0,0.09999999999999998,0.0,CoherenceRegime.SUBCOHERENT,21.221209970508696,0.8001980000000001,WallProximity.CRITICAL,True,0.6284659179406685,0.0,0.6993073420184516,0.13267701424557155,True,
754,Petroleum-C8-754,Linear alkanes,Alkanes,Mixed,8,114.224,935667010900.7026,8,2134665,3,0.875,0.975,1.0,0.09999999999999998,0.0,CoherenceRegime.SUBCOHERENT,27.639081767641613,0.914224,WallProximity.WARNING,True,0.29999661553962353,0.0,0.7447570440936945,0.1441523610703951,True,
755,Petroleum-C9-755,Linear alkanes,Alkanes,Mixed,9,128.25,883021571376.6958,9,2396809,0,1.0,1.0,0.0,0.0,0.0,CoherenceRegime.SUBCOHERENT,34.90355957613624,1.02825,WallProximity.CAUTION,True,0.0,0.0,0.7790206483870205,0.15428697199518185,True,
756,Petroleum-C10-756,Linear alkanes,Alkanes,Mixed,10,142.276,838367002781.6842,10,2658953,2,0.9166666666666666,1.0,1.0,0.08333333333333337,0.0,CoherenceRegime.SUBCOHERENT,43.01464339599258,1.142276,WallProximity.CAUTION,True,0.0,0.0,0.8017320509825592,0.16336163268230458,True,
757,Petroleum-C11-757,Linear alkanes,Alkanes,Mixed,11,156.302,799866913217.5398,11,2921097,3,0.875,0.975,1.0,0.09999999999999998,0.001034128663257694,CoherenceRegime.SUBCOHERENT,51.97233322721061,1.256302,WallProximity.SAFE,True,0.0,0.001211561585902698,0.8128183517932119,0.17157722143205836,True,
758,Petroleum-C12-758,Linear alkanes,Alkanes,Mixed,12,170.328,766226162165.0073,12,3179209,2,0.9166666666666666,1.0,1.0,0.08333333333333337,0.0,CoherenceRegime.SUBCOHERENT,61.776629069790374,1.3703280000000002,WallProximity.SAFE,True,0.0,0.0,0.8125262685665692,0.1790824206711787,True,
759,Petroleum-C13-759,Linear alkanes,Alkanes,Mixed,13,184.354,736501638657.2075,13,3441361,2,0.9166666666666666,1.0,1.0,0.08333333333333337,0.0,CoherenceRegime.SUBCOHERENT,72.42753092373184,1.4843540000000002,WallProximity.SAFE,True,0.0,0.0,0.8014205114468184,0.18599036802238267,True,
760,Petroleum-C14-760,Linear alkanes,Alkanes,Mixed,14,198.38,709988079400.2195,14,3703505,2,0.9166666666666666,1.0,1.0,0.08333333333333337,0.0,CoherenceRegime.SUBCOHERENT,83.92503878903499,1.5983800000000001,WallProximity.SAFE,True,0.0,0.0,0.7803595749141533,0.1923891550645221,True,
761,Petroleum-C15-761,Linear alkanes,Alkanes,Mixed,15,212.406,686146116732.9568,15,3965649,3,0.875,0.975,1.0,0.09999999999999998,0.0,CoherenceRegime.SUBCOHERENT,96.26915266569986,1.712406,WallProximity.SAFE,True,0.0,0.0,0.7504537250958354,0.1983487149292778,True,
762,Petroleum-C16-762,Linear alkanes,Alkanes,Mixed,16,226.432,664555258312.6898,16,4227858,3,0.875,0.975,1.0,0.09999999999999998,0.0,CoherenceRegime.SUBCOHERENT,109.45987255372643,1.826432,WallProximity.SAFE,True,0.0,0.0,0.7130099647144913,0.20392549381492092,True,
763,Petroleum-C17-763,Linear alkanes,Alkanes,Mixed,17,240.458,644882192557.4109,17,4490002,3,0.875,0.975,1.0,0.09999999999999998,0.0007374461291984602,CoherenceRegime.SUBCOHERENT,123.49719845311473,1.9404580000000002,WallProximity.SAFE,True,0.0,0.0008916945728187334,0.6694688654569966,0.20916571056916083,True,
764,Petroleum-C18-764,Linear alkanes,Alkanes,Mixed,18,254.484,626858845913.6626,18,4748050,3,0.875,0.975,1.0,0.09999999999999998,0.0,CoherenceRegime.SUBCOHERENT,138.3811303638647,2.054484,WallProximity.SAFE,True,0.0,0.0,0.6213381120750965,0.2141076873808912,True,
765,Petroleum-C19-765,Linear alkanes,Alkanes,Mixed,19,268.51,610266833430.1029,19,5010202,0,1.0,1.0,0.0,0.0,0.0,CoherenceRegime.SUBCOHERENT,154.1116682859764,2.16851,WallProximity.SAFE,True,0.0,0.0,0.5701273044585125,0.21878355217837714,True,
766,Petroleum-C20-766,Linear alkanes,Alkanes,Mixed,20,282.536,594926211713.4329,20,5272410,3,0.875,0.975,1.0,0.09999999999999998,0.0,CoherenceRegime.SUBCOHERENT,170.6888122194498,2.282536,WallProximity.SAFE,True,0.0,0.0,0.5172880014063855,0.223220505626067,True,
767,Petroleum-C21-767,Linear alkanes,Alkanes,Mixed,21,296.562,580687194654.7695,21,5534554,2,0.9166666666666666,1.0,1.0,0.08333333333333337,0.0,CoherenceRegime.SUBCOHERENT,188.11256216428495,2.3965620000000003,WallProximity.SAFE,True,0.0,0.0,0.4641622042192316,0.2274417798721354,True,
768,Petroleum-C22-768,Linear alkanes,Alkanes,Mixed,22,310.588,567423951632.568,22,5796698,0,1.0,1.0,0.0,0.0,0.0,CoherenceRegime.SUBCOHERENT,206.38291812048178,2.5105880000000003,WallProximity.SAFE,True,0.0,0.0,0.411941542112675,0.23146737488029628,True,
769,Petroleum-C23-769,Linear alkanes,Alkanes,Mixed,23,324.61400000000003,555029896519.2572,23,6058842,3,0.875,0.975,1.0,0.09999999999999998,0.0,CoherenceRegime.SUBCOHERENT,225.49988008804033,2.6246140000000002,WallProximity.SAFE,True,0.0,0.0,0.36163842182956707,0.23531463152733306,True,
770,Petroleum-C24-770,Linear alkanes,Alkanes,Mixed,24,338.64,543414061677.224,24,6321051,3,0.875,0.975,1.0,0.09999999999999998,0.0,CoherenceRegime.SUBCOHERENT,245.46344806696052,2.73864,WallProximity.SAFE,True,0.0,0.0,0.3140694284635896,0.2389986830533596,True,
771,Petroleum-C25-771,Linear alkanes,Alkanes,Mixed,25,352.666,532498273476.99066,25,6583203,0,1.0,1.0,0.0,0.0,0.0,CoherenceRegime.SUBCOHERENT,266.2736220572425,2.852666,WallProximity.SAFE,True,0.0,0.0,0.2698503910645006,0.24253281459267773,True,
772,Petroleum-C26-772,Linear alkanes,Alkanes,Mixed,26,366.692,522214928026.6263,26,6845347,2,0.9166666666666666,1.0,1.0,0.08333333333333337,0.0,CoherenceRegime.SUBCOHERENT,287.93040205888616,2.966692,WallProximity.SAFE,True,0.0,0.0,0.22940181487957723,0.24592875236808748,True,
773,Petroleum-C27-773,Linear alkanes,Alkanes,Mixed,27,380.718,512505221974.3419,27,7107491,3,0.875,0.975,1.0,0.09999999999999998,0.0,CoherenceRegime.SUBCOHERENT,310.4337880718915,3.080718,WallProximity.SAFE,True,0.0,0.0,0.19296286963569234,0.24919689844114706,True,
774,Petroleum-C28-774,Linear alkanes,Alkanes,Mixed,28,394.744,503317732291.2979,28,7369699,3,0.875,0.975,1.0,0.09999999999999998,0.0,CoherenceRegime.SUBCOHERENT,333.7837800962586,3.1947440000000005,WallProximity.SAFE,True,0.0,0.0,0.16061182420574474,0.2523465228730758,True,
775,Petroleum-C29-775,Linear alkanes,Alkanes,Mixed,29,408.77,494607266493.9285,29,7627747,0,1.0,1.0,0.0,0.0,0.0,CoherenceRegime.SUBCOHERENT,357.9803781319874,3.3087700000000004,WallProximity.SAFE,True,0.0,0.0,0.13229072477329437,0.2553859222446818,True,
776,Petroleum-C30-776,Linear alkanes,Alkanes,Mixed,30,422.796,486333924479.0623,30,7889891,3,0.875,0.975,1.0,0.09999999999999998,0.0,CoherenceRegime.SUBCOHERENT,383.02358217907783,3.422796,WallProximity.SAFE,True,0.0,0.0,0.10783220091294515,0.2583225513642143,True,
777,Petroleum-C31-777,Linear alkanes,Alkanes,Mixed,31,436.822,478462327432.4112,31,8152043,0,1.0,1.0,0.0,0.0,0.0,CoherenceRegime.SUBCOHERENT,408.91339223753005,3.536822,WallProximity.SAFE,True,0.0,0.0,0.0869865141297069,0.2611631334275579,True,
778,Petroleum-C32-778,Linear alkanes,Alkanes,Mixed,32,450.848,470960979748.8765,32,8414188,0,1.0,1.0,0.0,0.0,0.0,CoherenceRegime.SUBCOHERENT,435.649808307344,3.6508480000000003,WallProximity.SAFE,True,0.0,0.0,0.06944729206159433,0.26391375272738443,True,
779,Petroleum-C33-779,Linear alkanes,Alkanes,Mixed,33,464.874,463801737672.2709,33,8675820,0,1.0,1.0,0.0,0.0,0.0,CoherenceRegime.SUBCOHERENT,463.23283038851963,3.7648740000000003,WallProximity.SAFE,True,0.0,0.0,0.054874773453956124,0.26657993312705675,True,
780,Petroleum-C34-780,Linear alkanes,Alkanes,Mixed,34,478.9,456959364182.06506,34,8937964,3,0.875,0.975,1.0,0.09999999999999998,0.0,CoherenceRegime.SUBCOHERENT,491.6624584810569,3.8789000000000002,WallProximity.SAFE,True,0.0,0.0,0.04291578255159558,0.26916670484427696,True,
781,Petroleum-C5-781,Linear alkanes,Alkanes,Mixed,5,72.146,1177318236610.3547,5,1352256,0,1.0,1.0,0.0,0.0,0.0,CoherenceRegime.SUBCOHERENT,10.925284410327981,0.572146,WallProximity.BEYOND_WALL,False,1.0,0.0,0.5773514250774086,0.10384327514757133,True,
782,Petroleum-C6-782,Linear alkanes,Alkanes,Mixed,6,86.172,1077251019102.8378,6,1614408,0,1.0,1.0,0.0,0.0,0.0,CoherenceRegime.SUBCOHERENT,15.649944184737485,0.6861720000000001,WallProximity.BEYOND_WALL,False,1.0,0.0,0.6432682093724612,0.11945127929812697,True,
783,Petroleum-C7-783,Linear alkanes,Alkanes,Mixed,7,100.198,999011467728.4476,7,1872456,3,0.875,0.975,1.0,0.09999999999999998,0.0,CoherenceRegime.SUBCOHERENT,21.221209970508696,0.8001980000000001,WallProximity.CRITICAL,True,0.6284659179406685,0.0,0.6993073420184516,0.13267701424557155,True,
784,Petroleum-C8-784,Linear alkanes,Alkanes,Mixed,8,114.224,935667010900.7026,8,2134665,3,0.875,0.975,1.0,0.09999999999999998,0.0,CoherenceRegime.SUBCOHERENT,27.639081767641613,0.914224,WallProximity.WARNING,True,0.29999661553962353,0.0,0.7447570440936945,0.1441523610703951,True,
785,Petroleum-C9-785,Linear alkanes,Alkanes,Mixed,9,128.25,883021571376.6958,9,2396809,0,1.0,1.0,0.0,0.0,0.0,CoherenceRegime.SUBCOHERENT,34.90355957613624,1.02825,WallProximity.CAUTION,True,0.0,0.0,0.7790206483870205,0.15428697199518185,True,
786,Petroleum-C10-786,Linear alkanes,Alkanes,Mixed,10,142.276,838367002781.6842,10,2658953,2,0.9166666666666666,1.0,1.0,0.08333333333333337,0.0,CoherenceRegime.SUBCOHERENT,43.01464339599258,1.142276,WallProximity.CAUTION,True,0.0,0.0,0.8017320509825592,0.16336163268230458,True,
787,Petroleum-C11-787,Linear alkanes,Alkanes,Mixed,11,156.302,799866913217.5398,11,2921097,3,0.875,0.975,1.0,0.09999999999999998,0.001034128663257694,CoherenceRegime.SUBCOHERENT,51.97233322721061,1.256302,WallProximity.SAFE,True,0.0,0.001211561585902698,0.8128183517932119,0.17157722143205836,True,
788,Petroleum-C12-788,Linear alkanes,Alkanes,Mixed,12,170.328,766226162165.0073,12,3179209,2,0.9166666666666666,1.0,1.0,0.08333333333333337,0.0,CoherenceRegime.SUBCOHERENT,61.776629069790374,1.3703280000000002,WallProximity.SAFE,True,0.0,0.0,0.8125262685665692,0.1790824206711787,True,
789,Petroleum-C13-789,Linear alkanes,Alkanes,Mixed,13,184.354,736501638657.2075,13,3441361,2,0.9166666666666666,1.0,1.0,0.08333333333333337,0.0,CoherenceRegime.SUBCOHERENT,72.42753092373184,1.4843540000000002,WallProximity.SAFE,True,0.0,0.0,0.8014205114468184,0.18599036802238267,True,
790,Petroleum-C14-790,Linear alkanes,Alkanes,Mixed,14,198.38,709988079400.2195,14,3703505,2,0.9166666666666666,1.0,1.0,0.08333333333333337,0.0,CoherenceRegime.SUBCOHERENT,83.92503878903499,1.5983800000000001,WallProximity.SAFE,True,0.0,0.0,0.7803595749141533,0.1923891550645221,True,
791,Petroleum-C15-791,Linear alkanes,Alkanes,Mixed,15,212.406,686146116732.9568,15,3965649,3,0.875,0.975,1.0,0.09999999999999998,0.0,CoherenceRegime.SUBCOHERENT,96.26915266569986,1.712406,WallProximity.SAFE,True,0.0,0.0,0.7504537250958354,0.1983487149292778,True,
792,Petroleum-C16-792,Linear alkanes,Alkanes,Mixed,16,226.432,664555258312.6898,16,4227858,3,0.875,0.975,1.0,0.09999999999999998,0.0,CoherenceRegime.SUBCOHERENT,109.45987255372643,1.826432,WallProximity.SAFE,True,0.0,0.0,0.7130099647144913,0.20392549381492092,True,
793,Petroleum-C17-793,Linear alkanes,Alkanes,Mixed,17,240.458,644882192557.4109,17,4490002,3,0.875,0.975,1.0,0.09999999999999998,0.0007374461291984602,CoherenceRegime.SUBCOHERENT,123.49719845311473,1.9404580000000002,WallProximity.SAFE,True,0.0,0.0008916945728187334,0.6694688654569966,0.20916571056916083,True,
794,Petroleum-C18-794,Linear alkanes,Alkanes,Mixed,18,254.484,626858845913.6626,18,4748050,3,0.875,0.975,1.0,0.09999999999999998,0.0,CoherenceRegime.SUBCOHERENT,138.3811303638647,2.054484,WallProximity.SAFE,True,0.0,0.0,0.6213381120750965,0.2141076873808912,True,
795,Petroleum-C19-795,Linear alkanes,Alkanes,Mixed,19,268.51,610266833430.1029,19,5010202,0,1.0,1.0,0.0,0.0,0.0,CoherenceRegime.SUBCOHERENT,154.1116682859764,2.16851,WallProximity.SAFE,True,0.0,0.0,0.5701273044585125,0.21878355217837714,True,
796,Petroleum-C20-796,Linear alkanes,Alkanes,Mixed,20,282.536,594926211713.4329,20,5272410,3,0.875,0.975,1.0,0.09999999999999998,0.0,CoherenceRegime.SUBCOHERENT,170.6888122194498,2.282536,WallProximity.SAFE,True,0.0,0.0,0.5172880014063855,0.223220505626067,True,
797,Petroleum-C21-797,Linear alkanes,Alkanes,Mixed,21,296.562,580687194654.7695,21,5534554,2,0.9166666666666666,1.0,1.0,0.08333333333333337,0.0,CoherenceRegime.SUBCOHERENT,188.11256216428495,2.3965620000000003,WallProximity.SAFE,True,0.0,0.0,0.4641622042192316,0.2274417798721354,True,
798,Petroleum-C22-798,Linear alkanes,Alkanes,Mixed,22,310.588,567423951632.568,22,5796698,0,1.0,1.0,0.0,0.0,0.0,CoherenceRegime.SUBCOHERENT,206.38291812048178,2.5105880000000003,WallProximity.SAFE,True,0.0,0.0,0.411941542112675,0.23146737488029628,True,
799,Petroleum-C23-799,Linear alkanes,Alkanes,Mixed,23,324.61400000000003,555029896519.2572,23,6058842,3,0.875,0.975,1.0,0.09999999999999998,0.0,CoherenceRegime.SUBCOHERENT,225.49988008804033,2.6246140000000002,WallProximity.SAFE,True,0.0,0.0,0.36163842182956707,0.23531463152733306,True,
800,Petroleum-C24-800,Linear alkanes,Alkanes,Mixed,24,338.64,543414061677.224,24,6321051,3,0.875,0.975,1.0,0.09999999999999998,0.0,CoherenceRegime.SUBCOHERENT,245.46344806696052,2.73864,WallProximity.SAFE,True,0.0,0.0,0.3140694284635896,0.2389986830533596,True,
801,Petroleum-C25-801,Linear alkanes,Alkanes,Mixed,25,352.666,532498273476.99066,25,6583203,0,1.0,1.0,0.0,0.0,0.0,CoherenceRegime.SUBCOHERENT,266.2736220572425,2.852666,WallProximity.SAFE,True,0.0,0.0,0.2698503910645006,0.24253281459267773,True,
802,Petroleum-C26-802,Linear alkanes,Alkanes,Mixed,26,366.692,522214928026.6263,26,6845347,2,0.9166666666666666,1.0,1.0,0.08333333333333337,0.0,CoherenceRegime.SUBCOHERENT,287.93040205888616,2.966692,WallProximity.SAFE,True,0.0,0.0,0.22940181487957723,0.24592875236808748,True,
803,Petroleum-C27-803,Linear alkanes,Alkanes,Mixed,27,380.718,512505221974.3419,27,7107491,3,0.875,0.975,1.0,0.09999999999999998,0.0,CoherenceRegime.SUBCOHERENT,310.4337880718915,3.080718,WallProximity.SAFE,True,0.0,0.0,0.19296286963569234,0.24919689844114706,True,
804,Petroleum-C28-804,Linear alkanes,Alkanes,Mixed,28,394.744,503317732291.2979,28,7369699,3,0.875,0.975,1.0,0.09999999999999998,0.0,CoherenceRegime.SUBCOHERENT,333.7837800962586,3.1947440000000005,WallProximity.SAFE,True,0.0,0.0,0.16061182420574474,0.2523465228730758,True,
805,Petroleum-C29-805,Linear alkanes,Alkanes,Mixed,29,408.77,494607266493.9285,29,7627747,0,1.0,1.0,0.0,0.0,0.0,CoherenceRegime.SUBCOHERENT,357.9803781319874,3.3087700000000004,WallProximity.SAFE,True,0.0,0.0,0.13229072477329437,0.2553859222446818,True,
806,Petroleum-C30-806,Linear alkanes,Alkanes,Mixed,30,422.796,486333924479.0623,30,7889891,3,0.875,0.975,1.0,0.09999999999999998,0.0,CoherenceRegime.SUBCOHERENT,383.02358217907783,3.422796,WallProximity.SAFE,True,0.0,0.0,0.10783220091294515,0.2583225513642143,True,
807,Petroleum-C31-807,Linear alkanes,Alkanes,Mixed,31,436.822,478462327432.4112,31,8152043,0,1.0,1.0,0.0,0.0,0.0,CoherenceRegime.SUBCOHERENT,408.91339223753005,3.536822,WallProximity.SAFE,True,0.0,0.0,0.0869865141297069,0.2611631334275579,True,
808,Petroleum-C32-808,Linear alkanes,Alkanes,Mixed,32,450.848,470960979748.8765,32,8414188,0,1.0,1.0,0.0,0.0,0.0,CoherenceRegime.SUBCOHERENT,435.649808307344,3.6508480000000003,WallProximity.SAFE,True,0.0,0.0,0.06944729206159433,0.26391375272738443,True,
809,Petroleum-C33-809,Linear alkanes,Alkanes,Mixed,33,464.874,463801737672.2709,33,8675820,0,1.0,1.0,0.0,0.0,0.0,CoherenceRegime.SUBCOHERENT,463.23283038851963,3.7648740000000003,WallProximity.SAFE,True,0.0,0.0,0.054874773453956124,0.26657993312705675,True,
810,Petroleum-C34-810,Linear alkanes,Alkanes,Mixed,34,478.9,456959364182.06506,34,8937964,3,0.875,0.975,1.0,0.09999999999999998,0.0,CoherenceRegime.SUBCOHERENT,491.6624584810569,3.8789000000000002,WallProximity.SAFE,True,0.0,0.0,0.04291578255159558,0.26916670484427696,True,
811,Petroleum-C5-811,Linear alkanes,Alkanes,Mixed,5,72.146,1177318236610.3547,5,1352256,0,1.0,1.0,0.0,0.0,0.0,CoherenceRegime.SUBCOHERENT,10.925284410327981,0.572146,WallProximity.BEYOND_WALL,False,1.0,0.0,0.5773514250774086,0.10384327514757133,True,
812,Petroleum-C6-812,Linear alkanes,Alkanes,Mixed,6,86.172,1077251019102.8378,6,1614408,0,1.0,1.0,0.0,0.0,0.0,CoherenceRegime.SUBCOHERENT,15.649944184737485,0.6861720000000001,WallProximity.BEYOND_WALL,False,1.0,0.0,0.6432682093724612,0.11945127929812697,True,
813,Petroleum-C7-813,Linear alkanes,Alkanes,Mixed,7,100.198,999011467728.4476,7,1872456,3,0.875,0.975,1.0,0.09999999999999998,0.0,CoherenceRegime.SUBCOHERENT,21.221209970508696,0.8001980000000001,WallProximity.CRITICAL,True,0.6284659179406685,0.0,0.6993073420184516,0.13267701424557155,True,
814,Petroleum-C8-814,Linear alkanes,Alkanes,Mixed,8,114.224,935667010900.7026,8,2134665,3,0.875,0.975,1.0,0.09999999999999998,0.0,CoherenceRegime.SUBCOHERENT,27.639081767641613,0.914224,WallProximity.WARNING,True,0.29999661553962353,0.0,0.7447570440936945,0.1441523610703951,True,
815,Petroleum-C9-815,Linear alkanes,Alkanes,Mixed,9,128.25,883021571376.6958,9,2396809,0,1.0,1.0,0.0,0.0,0.0,CoherenceRegime.SUBCOHERENT,34.90355957613624,1.02825,WallProximity.CAUTION,True,0.0,0.0,0.7790206483870205,0.15428697199518185,True,
816,Petroleum-C10-816,Linear alkanes,Alkanes,Mixed,10,142.276,838367002781.6842,10,2658953,2,0.9166666666666666,1.0,1.0,0.08333333333333337,0.0,CoherenceRegime.SUBCOHERENT,43.01464339599258,1.142276,WallProximity.CAUTION,True,0.0,0.0,0.8017320509825592,0.16336163268230458,True,
817,Petroleum-C11-817,Linear alkanes,Alkanes,Mixed,11,156.302,799866913217.5398,11,2921097,3,0.875,0.975,1.0,0.09999999999999998,0.001034128663257694,CoherenceRegime.SUBCOHERENT,51.97233322721061,1.256302,WallProximity.SAFE,True,0.0,0.001211561585902698,0.8128183517932119,0.17157722143205836,True,
818,Petroleum-C12-818,Linear alkanes,Alkanes,Mixed,12,170.328,766226162165.0073,12,3179209,2,0.9166666666666666,1.0,1.0,0.08333333333333337,0.0,CoherenceRegime.SUBCOHERENT,61.776629069790374,1.3703280000000002,WallProximity.SAFE,True,0.0,0.0,0.8125262685665692,0.1790824206711787,True,
819,Petroleum-C13-819,Linear alkanes,Alkanes,Mixed,13,184.354,736501638657.2075,13,3441361,2,0.9166666666666666,1.0,1.0,0.08333333333333337,0.0,CoherenceRegime.SUBCOHERENT,72.42753092373184,1.4843540000000002,WallProximity.SAFE,True,0.0,0.0,0.8014205114468184,0.18599036802238267,True,
820,Petroleum-C14-820,Linear alkanes,Alkanes,Mixed,14,198.38,709988079400.2195,14,3703505,2,0.9166666666666666,1.0,1.0,0.08333333333333337,0.0,CoherenceRegime.SUBCOHERENT,83.92503878903499,1.5983800000000001,WallProximity.SAFE,True,0.0,0.0,0.7803595749141533,0.1923891550645221,True,
821,Petroleum-C15-821,Linear alkanes,Alkanes,Mixed,15,212.406,686146116732.9568,15,3965649,3,0.875,0.975,1.0,0.09999999999999998,0.0,CoherenceRegime.SUBCOHERENT,96.26915266569986,1.712406,WallProximity.SAFE,True,0.0,0.0,0.7504537250958354,0.1983487149292778,True,
822,Petroleum-C16-822,Linear alkanes,Alkanes,Mixed,16,226.432,664555258312.6898,16,4227858,3,0.875,0.975,1.0,0.09999999999999998,0.0,CoherenceRegime.SUBCOHERENT,109.45987255372643,1.826432,WallProximity.SAFE,True,0.0,0.0,0.7130099647144913,0.20392549381492092,True,
823,Petroleum-C17-823,Linear alkanes,Alkanes,Mixed,17,240.458,644882192557.4109,17,4490002,3,0.875,0.975,1.0,0.09999999999999998,0.0007374461291984602,CoherenceRegime.SUBCOHERENT,123.49719845311473,1.9404580000000002,WallProximity.SAFE,True,0.0,0.0008916945728187334,0.6694688654569966,0.20916571056916083,True,
824,Petroleum-C18-824,Linear alkanes,Alkanes,Mixed,18,254.484,626858845913.6626,18,4748050,3,0.875,0.975,1.0,0.09999999999999998,0.0,CoherenceRegime.SUBCOHERENT,138.3811303638647,2.054484,WallProximity.SAFE,True,0.0,0.0,0.6213381120750965,0.2141076873808912,True,
825,Petroleum-C19-825,Linear alkanes,Alkanes,Mixed,19,268.51,610266833430.1029,19,5010202,0,1.0,1.0,0.0,0.0,0.0,CoherenceRegime.SUBCOHERENT,154.1116682859764,2.16851,WallProximity.SAFE,True,0.0,0.0,0.5701273044585125,0.21878355217837714,True,
826,Petroleum-C20-826,Linear alkanes,Alkanes,Mixed,20,282.536,594926211713.4329,20,5272410,3,0.875,0.975,1.0,0.09999999999999998,0.0,CoherenceRegime.SUBCOHERENT,170.6888122194498,2.282536,WallProximity.SAFE,True,0.0,0.0,0.5172880014063855,0.223220505626067,True,
827,Petroleum-C21-827,Linear alkanes,Alkanes,Mixed,21,296.562,580687194654.7695,21,5534554,2,0.9166666666666666,1.0,1.0,0.08333333333333337,0.0,CoherenceRegime.SUBCOHERENT,188.11256216428495,2.3965620000000003,WallProximity.SAFE,True,0.0,0.0,0.4641622042192316,0.2274417798721354,True,
828,Petroleum-C22-828,Linear alkanes,Alkanes,Mixed,22,310.588,567423951632.568,22,5796698,0,1.0,1.0,0.0,0.0,0.0,CoherenceRegime.SUBCOHERENT,206.38291812048178,2.5105880000000003,WallProximity.SAFE,True,0.0,0.0,0.411941542112675,0.23146737488029628,True,
829,Petroleum-C23-829,Linear alkanes,Alkanes,Mixed,23,324.61400000000003,555029896519.2572,23,6058842,3,0.875,0.975,1.0,0.09999999999999998,0.0,CoherenceRegime.SUBCOHERENT,225.49988008804033,2.6246140000000002,WallProximity.SAFE,True,0.0,0.0,0.36163842182956707,0.23531463152733306,True,
830,Petroleum-C24-830,Linear alkanes,Alkanes,Mixed,24,338.64,543414061677.224,24,6321051,3,0.875,0.975,1.0,0.09999999999999998,0.0,CoherenceRegime.SUBCOHERENT,245.46344806696052,2.73864,WallProximity.SAFE,True,0.0,0.0,0.3140694284635896,0.2389986830533596,True,
831,Petroleum-C25-831,Linear alkanes,Alkanes,Mixed,25,352.666,532498273476.99066,25,6583203,0,1.0,1.0,0.0,0.0,0.0,CoherenceRegime.SUBCOHERENT,266.2736220572425,2.852666,WallProximity.SAFE,True,0.0,0.0,0.2698503910645006,0.24253281459267773,True,
832,Petroleum-C26-832,Linear alkanes,Alkanes,Mixed,26,366.692,522214928026.6263,26,6845347,2,0.9166666666666666,1.0,1.0,0.08333333333333337,0.0,CoherenceRegime.SUBCOHERENT,287.93040205888616,2.966692,WallProximity.SAFE,True,0.0,0.0,0.22940181487957723,0.24592875236808748,True,
833,Petroleum-C27-833,Linear alkanes,Alkanes,Mixed,27,380.718,512505221974.3419,27,7107491,3,0.875,0.975,1.0,0.09999999999999998,0.0,CoherenceRegime.SUBCOHERENT,310.4337880718915,3.080718,WallProximity.SAFE,True,0.0,0.0,0.19296286963569234,0.24919689844114706,True,
834,Petroleum-C28-834,Linear alkanes,Alkanes,Mixed,28,394.744,503317732291.2979,28,7369699,3,0.875,0.975,1.0,0.09999999999999998,0.0,CoherenceRegime.SUBCOHERENT,333.7837800962586,3.1947440000000005,WallProximity.SAFE,True,0.0,0.0,0.16061182420574474,0.2523465228730758,True,
835,Petroleum-C29-835,Linear alkanes,Alkanes,Mixed,29,408.77,494607266493.9285,29,7627747,0,1.0,1.0,0.0,0.0,0.0,CoherenceRegime.SUBCOHERENT,357.9803781319874,3.3087700000000004,WallProximity.SAFE,True,0.0,0.0,0.13229072477329437,0.2553859222446818,True,
836,Petroleum-C30-836,Linear alkanes,Alkanes,Mixed,30,422.796,486333924479.0623,30,7889891,3,0.875,0.975,1.0,0.09999999999999998,0.0,CoherenceRegime.SUBCOHERENT,383.02358217907783,3.422796,WallProximity.SAFE,True,0.0,0.0,0.10783220091294515,0.2583225513642143,True,
837,Petroleum-C31-837,Linear alkanes,Alkanes,Mixed,31,436.822,478462327432.4112,31,8152043,0,1.0,1.0,0.0,0.0,0.0,CoherenceRegime.SUBCOHERENT,408.91339223753005,3.536822,WallProximity.SAFE,True,0.0,0.0,0.0869865141297069,0.2611631334275579,True,
838,Petroleum-C32-838,Linear alkanes,Alkanes,Mixed,32,450.848,470960979748.8765,32,8414188,0,1.0,1.0,0.0,0.0,0.0,CoherenceRegime.SUBCOHERENT,435.649808307344,3.6508480000000003,WallProximity.SAFE,True,0.0,0.0,0.06944729206159433,0.26391375272738443,True,
839,Petroleum-C33-839,Linear alkanes,Alkanes,Mixed,33,464.874,463801737672.2709,33,8675820,0,1.0,1.0,0.0,0.0,0.0,CoherenceRegime.SUBCOHERENT,463.23283038851963,3.7648740000000003,WallProximity.SAFE,True,0.0,0.0,0.054874773453956124,0.26657993312705675,True,
840,Petroleum-C34-840,Linear alkanes,Alkanes,Mixed,34,478.9,456959364182.06506,34,8937964,3,0.875,0.975,1.0,0.09999999999999998,0.0,CoherenceRegime.SUBCOHERENT,491.6624584810569,3.8789000000000002,WallProximity.SAFE,True,0.0,0.0,0.04291578255159558,0.26916670484427696,True,
841,Petroleum-C5-841,Linear alkanes,Alkanes,Mixed,5,72.146,1177318236610.3547,5,1352256,0,1.0,1.0,0.0,0.0,0.0,CoherenceRegime.SUBCOHERENT,10.925284410327981,0.572146,WallProximity.BEYOND_WALL,False,1.0,0.0,0.5773514250774086,0.10384327514757133,True,
842,Petroleum-C6-842,Linear alkanes,Alkanes,Mixed,6,86.172,1077251019102.8378,6,1614408,0,1.0,1.0,0.0,0.0,0.0,CoherenceRegime.SUBCOHERENT,15.649944184737485,0.6861720000000001,WallProximity.BEYOND_WALL,False,1.0,0.0,0.6432682093724612,0.11945127929812697,True,
843,Petroleum-C7-843,Linear alkanes,Alkanes,Mixed,7,100.198,999011467728.4476,7,1872456,3,0.875,0.975,1.0,0.09999999999999998,0.0,CoherenceRegime.SUBCOHERENT,21.221209970508696,0.8001980000000001,WallProximity.CRITICAL,True,0.6284659179406685,0.0,0.6993073420184516,0.13267701424557155,True,
844,Petroleum-C8-844,Linear alkanes,Alkanes,Mixed,8,114.224,935667010900.7026,8,2134665,3,0.875,0.975,1.0,0.09999999999999998,0.0,CoherenceRegime.SUBCOHERENT,27.639081767641613,0.914224,WallProximity.WARNING,True,0.29999661553962353,0.0,0.7447570440936945,0.1441523610703951,True,
845,Petroleum-C9-845,Linear alkanes,Alkanes,Mixed,9,128.25,883021571376.6958,9,2396809,0,1.0,1.0,0.0,0.0,0.0,CoherenceRegime.SUBCOHERENT,34.90355957613624,1.02825,WallProximity.CAUTION,True,0.0,0.0,0.7790206483870205,0.15428697199518185,True,
846,Petroleum-C10-846,Linear alkanes,Alkanes,Mixed,10,142.276,838367002781.6842,10,2658953,2,0.9166666666666666,1.0,1.0,0.08333333333333337,0.0,CoherenceRegime.SUBCOHERENT,43.01464339599258,1.142276,WallProximity.CAUTION,True,0.0,0.0,0.8017320509825592,0.16336163268230458,True,
847,Petroleum-C11-847,Linear alkanes,Alkanes,Mixed,11,156.302,799866913217.5398,11,2921097,3,0.875,0.975,1.0,0.09999999999999998,0.001034128663257694,CoherenceRegime.SUBCOHERENT,51.97233322721061,1.256302,WallProximity.SAFE,True,0.0,0.001211561585902698,0.8128183517932119,0.17157722143205836,True,
848,Petroleum-C12-848,Linear alkanes,Alkanes,Mixed,12,170.328,766226162165.0073,12,3179209,2,0.9166666666666666,1.0,1.0,0.08333333333333337,0.0,CoherenceRegime.SUBCOHERENT,61.776629069790374,1.3703280000000002,WallProximity.SAFE,True,0.0,0.0,0.8125262685665692,0.1790824206711787,True,
849,Petroleum-C13-849,Linear alkanes,Alkanes,Mixed,13,184.354,736501638657.2075,13,3441361,2,0.9166666666666666,1.0,1.0,0.08333333333333337,0.0,CoherenceRegime.SUBCOHERENT,72.42753092373184,1.4843540000000002,WallProximity.SAFE,True,0.0,0.0,0.8014205114468184,0.18599036802238267,True,
850,Petroleum-C14-850,Linear alkanes,Alkanes,Mixed,14,198.38,709988079400.2195,14,3703505,2,0.9166666666666666,1.0,1.0,0.08333333333333337,0.0,CoherenceRegime.SUBCOHERENT,83.92503878903499,1.5983800000000001,WallProximity.SAFE,True,0.0,0.0,0.7803595749141533,0.1923891550645221,True,
851,Petroleum-C15-851,Linear alkanes,Alkanes,Mixed,15,212.406,686146116732.9568,15,3965649,3,0.875,0.975,1.0,0.09999999999999998,0.0,CoherenceRegime.SUBCOHERENT,96.26915266569986,1.712406,WallProximity.SAFE,True,0.0,0.0,0.7504537250958354,0.1983487149292778,True,
852,Petroleum-C16-852,Linear alkanes,Alkanes,Mixed,16,226.432,664555258312.6898,16,4227858,3,0.875,0.975,1.0,0.09999999999999998,0.0,CoherenceRegime.SUBCOHERENT,109.45987255372643,1.826432,WallProximity.SAFE,True,0.0,0.0,0.7130099647144913,0.20392549381492092,True,
853,Petroleum-C17-853,Linear alkanes,Alkanes,Mixed,17,240.458,644882192557.4109,17,4490002,3,0.875,0.975,1.0,0.09999999999999998,0.0007374461291984602,CoherenceRegime.SUBCOHERENT,123.49719845311473,1.9404580000000002,WallProximity.SAFE,True,0.0,0.0008916945728187334,0.6694688654569966,0.20916571056916083,True,
854,Petroleum-C18-854,Linear alkanes,Alkanes,Mixed,18,254.484,626858845913.6626,18,4748050,3,0.875,0.975,1.0,0.09999999999999998,0.0,CoherenceRegime.SUBCOHERENT,138.3811303638647,2.054484,WallProximity.SAFE,True,0.0,0.0,0.6213381120750965,0.2141076873808912,True,
855,Petroleum-C19-855,Linear alkanes,Alkanes,Mixed,19,268.51,610266833430.1029,19,5010202,0,1.0,1.0,0.0,0.0,0.0,CoherenceRegime.SUBCOHERENT,154.1116682859764,2.16851,WallProximity.SAFE,True,0.0,0.0,0.5701273044585125,0.21878355217837714,True,
856,Petroleum-C20-856,Linear alkanes,Alkanes,Mixed,20,282.536,594926211713.4329,20,5272410,3,0.875,0.975,1.0,0.09999999999999998,0.0,CoherenceRegime.SUBCOHERENT,170.6888122194498,2.282536,WallProximity.SAFE,True,0.0,0.0,0.5172880014063855,0.223220505626067,True,
857,Petroleum-C21-857,Linear alkanes,Alkanes,Mixed,21,296.562,580687194654.7695,21,5534554,2,0.9166666666666666,1.0,1.0,0.08333333333333337,0.0,CoherenceRegime.SUBCOHERENT,188.11256216428495,2.3965620000000003,WallProximity.SAFE,True,0.0,0.0,0.4641622042192316,0.2274417798721354,True,
858,Petroleum-C22-858,Linear alkanes,Alkanes,Mixed,22,310.588,567423951632.568,22,5796698,0,1.0,1.0,0.0,0.0,0.0,CoherenceRegime.SUBCOHERENT,206.38291812048178,2.5105880000000003,WallProximity.SAFE,True,0.0,0.0,0.411941542112675,0.23146737488029628,True,
859,Petroleum-C23-859,Linear alkanes,Alkanes,Mixed,23,324.61400000000003,555029896519.2572,23,6058842,3,0.875,0.975,1.0,0.09999999999999998,0.0,CoherenceRegime.SUBCOHERENT,225.49988008804033,2.6246140000000002,WallProximity.SAFE,True,0.0,0.0,0.36163842182956707,0.23531463152733306,True,
860,Petroleum-C24-860,Linear alkanes,Alkanes,Mixed,24,338.64,543414061677.224,24,6321051,3,0.875,0.975,1.0,0.09999999999999998,0.0,CoherenceRegime.SUBCOHERENT,245.46344806696052,2.73864,WallProximity.SAFE,True,0.0,0.0,0.3140694284635896,0.2389986830533596,True,
861,Petroleum-C25-861,Linear alkanes,Alkanes,Mixed,25,352.666,532498273476.99066,25,6583203,0,1.0,1.0,0.0,0.0,0.0,CoherenceRegime.SUBCOHERENT,266.2736220572425,2.852666,WallProximity.SAFE,True,0.0,0.0,0.2698503910645006,0.24253281459267773,True,
862,Petroleum-C26-862,Linear alkanes,Alkanes,Mixed,26,366.692,522214928026.6263,26,6845347,2,0.9166666666666666,1.0,1.0,0.08333333333333337,0.0,CoherenceRegime.SUBCOHERENT,287.93040205888616,2.966692,WallProximity.SAFE,True,0.0,0.0,0.22940181487957723,0.24592875236808748,True,
863,Petroleum-C27-863,Linear alkanes,Alkanes,Mixed,27,380.718,512505221974.3419,27,7107491,3,0.875,0.975,1.0,0.09999999999999998,0.0,CoherenceRegime.SUBCOHERENT,310.4337880718915,3.080718,WallProximity.SAFE,True,0.0,0.0,0.19296286963569234,0.24919689844114706,True,
864,Petroleum-C28-864,Linear alkanes,Alkanes,Mixed,28,394.744,503317732291.2979,28,7369699,3,0.875,0.975,1.0,0.09999999999999998,0.0,CoherenceRegime.SUBCOHERENT,333.7837800962586,3.1947440000000005,WallProximity.SAFE,True,0.0,0.0,0.16061182420574474,0.2523465228730758,True,
865,Petroleum-C29-865,Linear alkanes,Alkanes,Mixed,29,408.77,494607266493.9285,29,7627747,0,1.0,1.0,0.0,0.0,0.0,CoherenceRegime.SUBCOHERENT,357.9803781319874,3.3087700000000004,WallProximity.SAFE,True,0.0,0.0,0.13229072477329437,0.2553859222446818,True,
866,Petroleum-C30-866,Linear alkanes,Alkanes,Mixed,30,422.796,486333924479.0623,30,7889891,3,0.875,0.975,1.0,0.09999999999999998,0.0,CoherenceRegime.SUBCOHERENT,383.02358217907783,3.422796,WallProximity.SAFE,True,0.0,0.0,0.10783220091294515,0.2583225513642143,True,
867,Petroleum-C31-867,Linear alkanes,Alkanes,Mixed,31,436.822,478462327432.4112,31,8152043,0,1.0,1.0,0.0,0.0,0.0,CoherenceRegime.SUBCOHERENT,408.91339223753005,3.536822,WallProximity.SAFE,True,0.0,0.0,0.0869865141297069,0.2611631334275579,True,
868,Petroleum-C32-868,Linear alkanes,Alkanes,Mixed,32,450.848,470960979748.8765,32,8414188,0,1.0,1.0,0.0,0.0,0.0,CoherenceRegime.SUBCOHERENT,435.649808307344,3.6508480000000003,WallProximity.SAFE,True,0.0,0.0,0.06944729206159433,0.26391375272738443,True,
869,Petroleum-C33-869,Linear alkanes,Alkanes,Mixed,33,464.874,463801737672.2709,33,8675820,0,1.0,1.0,0.0,0.0,0.0,CoherenceRegime.SUBCOHERENT,463.23283038851963,3.7648740000000003,WallProximity.SAFE,True,0.0,0.0,0.054874773453956124,0.26657993312705675,True,
870,Petroleum-C34-870,Linear alkanes,Alkanes,Mixed,34,478.9,456959364182.06506,34,8937964,3,0.875,0.975,1.0,0.09999999999999998,0.0,CoherenceRegime.SUBCOHERENT,491.6624584810569,3.8789000000000002,WallProximity.SAFE,True,0.0,0.0,0.04291578255159558,0.26916670484427696,True,
871,Petroleum-C5-871,Linear alkanes,Alkanes,Mixed,5,72.146,1177318236610.3547,5,1352256,0,1.0,1.0,0.0,0.0,0.0,CoherenceRegime.SUBCOHERENT,10.925284410327981,0.572146,WallProximity.BEYOND_WALL,False,1.0,0.0,0.5773514250774086,0.10384327514757133,True,
872,Petroleum-C6-872,Linear alkanes,Alkanes,Mixed,6,86.172,1077251019102.8378,6,1614408,0,1.0,1.0,0.0,0.0,0.0,CoherenceRegime.SUBCOHERENT,15.649944184737485,0.6861720000000001,WallProximity.BEYOND_WALL,False,1.0,0.0,0.6432682093724612,0.11945127929812697,True,
873,Petroleum-C7-873,Linear alkanes,Alkanes,Mixed,7,100.198,999011467728.4476,7,1872456,3,0.875,0.975,1.0,0.09999999999999998,0.0,CoherenceRegime.SUBCOHERENT,21.221209970508696,0.8001980000000001,WallProximity.CRITICAL,True,0.6284659179406685,0.0,0.6993073420184516,0.13267701424557155,True,
874,Petroleum-C8-874,Linear alkanes,Alkanes,Mixed,8,114.224,935667010900.7026,8,2134665,3,0.875,0.975,1.0,0.09999999999999998,0.0,CoherenceRegime.SUBCOHERENT,27.639081767641613,0.914224,WallProximity.WARNING,True,0.29999661553962353,0.0,0.7447570440936945,0.1441523610703951,True,
875,Petroleum-C9-875,Linear alkanes,Alkanes,Mixed,9,128.25,883021571376.6958,9,2396809,0,1.0,1.0,0.0,0.0,0.0,CoherenceRegime.SUBCOHERENT,34.90355957613624,1.02825,WallProximity.CAUTION,True,0.0,0.0,0.7790206483870205,0.15428697199518185,True,
876,Petroleum-C10-876,Linear alkanes,Alkanes,Mixed,10,142.276,838367002781.6842,10,2658953,2,0.9166666666666666,1.0,1.0,0.08333333333333337,0.0,CoherenceRegime.SUBCOHERENT,43.01464339599258,1.142276,WallProximity.CAUTION,True,0.0,0.0,0.8017320509825592,0.16336163268230458,True,
877,Petroleum-C11-877,Linear alkanes,Alkanes,Mixed,11,156.302,799866913217.5398,11,2921097,3,0.875,0.975,1.0,0.09999999999999998,0.001034128663257694,CoherenceRegime.SUBCOHERENT,51.97233322721061,1.256302,WallProximity.SAFE,True,0.0,0.001211561585902698,0.8128183517932119,0.17157722143205836,True,
878,Petroleum-C12-878,Linear alkanes,Alkanes,Mixed,12,170.328,766226162165.0073,12,3179209,2,0.9166666666666666,1.0,1.0,0.08333333333333337,0.0,CoherenceRegime.SUBCOHERENT,61.776629069790374,1.3703280000000002,WallProximity.SAFE,True,0.0,0.0,0.8125262685665692,0.1790824206711787,True,
879,Petroleum-C13-879,Linear alkanes,Alkanes,Mixed,13,184.354,736501638657.2075,13,3441361,2,0.9166666666666666,1.0,1.0,0.08333333333333337,0.0,CoherenceRegime.SUBCOHERENT,72.42753092373184,1.4843540000000002,WallProximity.SAFE,True,0.0,0.0,0.8014205114468184,0.18599036802238267,True,
880,Petroleum-C14-880,Linear alkanes,Alkanes,Mixed,14,198.38,709988079400.2195,14,3703505,2,0.9166666666666666,1.0,1.0,0.08333333333333337,0.0,CoherenceRegime.SUBCOHERENT,83.92503878903499,1.5983800000000001,WallProximity.SAFE,True,0.0,0.0,0.7803595749141533,0.1923891550645221,True,
881,Petroleum-C15-881,Linear alkanes,Alkanes,Mixed,15,212.406,686146116732.9568,15,3965649,3,0.875,0.975,1.0,0.09999999999999998,0.0,CoherenceRegime.SUBCOHERENT,96.26915266569986,1.712406,WallProximity.SAFE,True,0.0,0.0,0.7504537250958354,0.1983487149292778,True,
882,Petroleum-C16-882,Linear alkanes,Alkanes,Mixed,16,226.432,664555258312.6898,16,4227858,3,0.875,0.975,1.0,0.09999999999999998,0.0,CoherenceRegime.SUBCOHERENT,109.45987255372643,1.826432,WallProximity.SAFE,True,0.0,0.0,0.7130099647144913,0.20392549381492092,True,
883,Petroleum-C17-883,Linear alkanes,Alkanes,Mixed,17,240.458,644882192557.4109,17,4490002,3,0.875,0.975,1.0,0.09999999999999998,0.0007374461291984602,CoherenceRegime.SUBCOHERENT,123.49719845311473,1.9404580000000002,WallProximity.SAFE,True,0.0,0.0008916945728187334,0.6694688654569966,0.20916571056916083,True,
884,Petroleum-C18-884,Linear alkanes,Alkanes,Mixed,18,254.484,626858845913.6626,18,4748050,3,0.875,0.975,1.0,0.09999999999999998,0.0,CoherenceRegime.SUBCOHERENT,138.3811303638647,2.054484,WallProximity.SAFE,True,0.0,0.0,0.6213381120750965,0.2141076873808912,True,
885,Petroleum-C19-885,Linear alkanes,Alkanes,Mixed,19,268.51,610266833430.1029,19,5010202,0,1.0,1.0,0.0,0.0,0.0,CoherenceRegime.SUBCOHERENT,154.1116682859764,2.16851,WallProximity.SAFE,True,0.0,0.0,0.5701273044585125,0.21878355217837714,True,
886,Petroleum-C20-886,Linear alkanes,Alkanes,Mixed,20,282.536,594926211713.4329,20,5272410,3,0.875,0.975,1.0,0.09999999999999998,0.0,CoherenceRegime.SUBCOHERENT,170.6888122194498,2.282536,WallProximity.SAFE,True,0.0,0.0,0.5172880014063855,0.223220505626067,True,
887,Petroleum-C21-887,Linear alkanes,Alkanes,Mixed,21,296.562,580687194654.7695,21,5534554,2,0.9166666666666666,1.0,1.0,0.08333333333333337,0.0,CoherenceRegime.SUBCOHERENT,188.11256216428495,2.3965620000000003,WallProximity.SAFE,True,0.0,0.0,0.4641622042192316,0.2274417798721354,True,
888,Petroleum-C22-888,Linear alkanes,Alkanes,Mixed,22,310.588,567423951632.568,22,5796698,0,1.0,1.0,0.0,0.0,0.0,CoherenceRegime.SUBCOHERENT,206.38291812048178,2.5105880000000003,WallProximity.SAFE,True,0.0,0.0,0.411941542112675,0.23146737488029628,True,
889,Petroleum-C23-889,Linear alkanes,Alkanes,Mixed,23,324.61400000000003,555029896519.2572,23,6058842,3,0.875,0.975,1.0,0.09999999999999998,0.0,CoherenceRegime.SUBCOHERENT,225.49988008804033,2.6246140000000002,WallProximity.SAFE,True,0.0,0.0,0.36163842182956707,0.23531463152733306,True,
890,Petroleum-C24-890,Linear alkanes,Alkanes,Mixed,24,338.64,543414061677.224,24,6321051,3,0.875,0.975,1.0,0.09999999999999998,0.0,CoherenceRegime.SUBCOHERENT,245.46344806696052,2.73864,WallProximity.SAFE,True,0.0,0.0,0.3140694284635896,0.2389986830533596,True,
891,Petroleum-C25-891,Linear alkanes,Alkanes,Mixed,25,352.666,532498273476.99066,25,6583203,0,1.0,1.0,0.0,0.0,0.0,CoherenceRegime.SUBCOHERENT,266.2736220572425,2.852666,WallProximity.SAFE,True,0.0,0.0,0.2698503910645006,0.24253281459267773,True,
892,Petroleum-C26-892,Linear alkanes,Alkanes,Mixed,26,366.692,522214928026.6263,26,6845347,2,0.9166666666666666,1.0,1.0,0.08333333333333337,0.0,CoherenceRegime.SUBCOHERENT,287.93040205888616,2.966692,WallProximity.SAFE,True,0.0,0.0,0.22940181487957723,0.24592875236808748,True,
893,Petroleum-C27-893,Linear alkanes,Alkanes,Mixed,27,380.718,512505221974.3419,27,7107491,3,0.875,0.975,1.0,0.09999999999999998,0.0,CoherenceRegime.SUBCOHERENT,310.4337880718915,3.080718,WallProximity.SAFE,True,0.0,0.0,0.19296286963569234,0.24919689844114706,True,
894,Petroleum-C28-894,Linear alkanes,Alkanes,Mixed,28,394.744,503317732291.2979,28,7369699,3,0.875,0.975,1.0,0.09999999999999998,0.0,CoherenceRegime.SUBCOHERENT,333.7837800962586,3.1947440000000005,WallProximity.SAFE,True,0.0,0.0,0.16061182420574474,0.2523465228730758,True,
895,Petroleum-C29-895,Linear alkanes,Alkanes,Mixed,29,408.77,494607266493.9285,29,7627747,0,1.0,1.0,0.0,0.0,0.0,CoherenceRegime.SUBCOHERENT,357.9803781319874,3.3087700000000004,WallProximity.SAFE,True,0.0,0.0,0.13229072477329437,0.2553859222446818,True,
896,Petroleum-C30-896,Linear alkanes,Alkanes,Mixed,30,422.796,486333924479.0623,30,7889891,3,0.875,0.975,1.0,0.09999999999999998,0.0,CoherenceRegime.SUBCOHERENT,383.02358217907783,3.422796,WallProximity.SAFE,True,0.0,0.0,0.10783220091294515,0.2583225513642143,True,
897,Petroleum-C31-897,Linear alkanes,Alkanes,Mixed,31,436.822,478462327432.4112,31,8152043,0,1.0,1.0,0.0,0.0,0.0,CoherenceRegime.SUBCOHERENT,408.91339223753005,3.536822,WallProximity.SAFE,True,0.0,0.0,0.0869865141297069,0.2611631334275579,True,
898,Petroleum-C32-898,Linear alkanes,Alkanes,Mixed,32,450.848,470960979748.8765,32,8414188,0,1.0,1.0,0.0,0.0,0.0,CoherenceRegime.SUBCOHERENT,435.649808307344,3.6508480000000003,WallProximity.SAFE,True,0.0,0.0,0.06944729206159433,0.26391375272738443,True,
899,Petroleum-C33-899,Linear alkanes,Alkanes,Mixed,33,464.874,463801737672.2709,33,8675820,0,1.0,1.0,0.0,0.0,0.0,CoherenceRegime.SUBCOHERENT,463.23283038851963,3.7648740000000003,WallProximity.SAFE,True,0.0,0.0,0.054874773453956124,0.26657993312705675,True,
900,Petroleum-C34-900,Linear alkanes,Alkanes,Mixed,34,478.9,456959364182.06506,34,8937964,3,0.875,0.975,1.0,0.09999999999999998,0.0,CoherenceRegime.SUBCOHERENT,491.6624584810569,3.8789000000000002,WallProximity.SAFE,True,0.0,0.0,0.04291578255159558,0.26916670484427696,True,
901,Petroleum-C5-901,Linear alkanes,Alkanes,Mixed,5,72.146,1177318236610.3547,5,1352256,0,1.0,1.0,0.0,0.0,0.0,CoherenceRegime.SUBCOHERENT,10.925284410327981,0.572146,WallProximity.BEYOND_WALL,False,1.0,0.0,0.5773514250774086,0.10384327514757133,True,
902,Petroleum-C6-902,Linear alkanes,Alkanes,Mixed,6,86.172,1077251019102.8378,6,1614408,0,1.0,1.0,0.0,0.0,0.0,CoherenceRegime.SUBCOHERENT,15.649944184737485,0.6861720000000001,WallProximity.BEYOND_WALL,False,1.0,0.0,0.6432682093724612,0.11945127929812697,True,
903,Petroleum-C7-903,Linear alkanes,Alkanes,Mixed,7,100.198,999011467728.4476,7,1872456,3,0.875,0.975,1.0,0.09999999999999998,0.0,CoherenceRegime.SUBCOHERENT,21.221209970508696,0.8001980000000001,WallProximity.CRITICAL,True,0.6284659179406685,0.0,0.6993073420184516,0.13267701424557155,True,
904,Petroleum-C8-904,Linear alkanes,Alkanes,Mixed,8,114.224,935667010900.7026,8,2134665,3,0.875,0.975,1.0,0.09999999999999998,0.0,CoherenceRegime.SUBCOHERENT,27.639081767641613,0.914224,WallProximity.WARNING,True,0.29999661553962353,0.0,0.7447570440936945,0.1441523610703951,True,
905,Petroleum-C9-905,Linear alkanes,Alkanes,Mixed,9,128.25,883021571376.6958,9,2396809,0,1.0,1.0,0.0,0.0,0.0,CoherenceRegime.SUBCOHERENT,34.90355957613624,1.02825,WallProximity.CAUTION,True,0.0,0.0,0.7790206483870205,0.15428697199518185,True,
906,Petroleum-C10-906,Linear alkanes,Alkanes,Mixed,10,142.276,838367002781.6842,10,2658953,2,0.9166666666666666,1.0,1.0,0.08333333333333337,0.0,CoherenceRegime.SUBCOHERENT,43.01464339599258,1.142276,WallProximity.CAUTION,True,0.0,0.0,0.8017320509825592,0.16336163268230458,True,
907,Petroleum-C11-907,Linear alkanes,Alkanes,Mixed,11,156.302,799866913217.5398,11,2921097,3,0.875,0.975,1.0,0.09999999999999998,0.001034128663257694,CoherenceRegime.SUBCOHERENT,51.97233322721061,1.256302,WallProximity.SAFE,True,0.0,0.001211561585902698,0.8128183517932119,0.17157722143205836,True,
908,Petroleum-C12-908,Linear alkanes,Alkanes,Mixed,12,170.328,766226162165.0073,12,3179209,2,0.9166666666666666,1.0,1.0,0.08333333333333337,0.0,CoherenceRegime.SUBCOHERENT,61.776629069790374,1.3703280000000002,WallProximity.SAFE,True,0.0,0.0,0.8125262685665692,0.1790824206711787,True,
909,Petroleum-C13-909,Linear alkanes,Alkanes,Mixed,13,184.354,736501638657.2075,13,3441361,2,0.9166666666666666,1.0,1.0,0.08333333333333337,0.0,CoherenceRegime.SUBCOHERENT,72.42753092373184,1.4843540000000002,WallProximity.SAFE,True,0.0,0.0,0.8014205114468184,0.18599036802238267,True,
910,Petroleum-C14-910,Linear alkanes,Alkanes,Mixed,14,198.38,709988079400.2195,14,3703505,2,0.9166666666666666,1.0,1.0,0.08333333333333337,0.0,CoherenceRegime.SUBCOHERENT,83.92503878903499,1.5983800000000001,WallProximity.SAFE,True,0.0,0.0,0.7803595749141533,0.1923891550645221,True,
911,Petroleum-C15-911,Linear alkanes,Alkanes,Mixed,15,212.406,686146116732.9568,15,3965649,3,0.875,0.975,1.0,0.09999999999999998,0.0,CoherenceRegime.SUBCOHERENT,96.26915266569986,1.712406,WallProximity.SAFE,True,0.0,0.0,0.7504537250958354,0.1983487149292778,True,
912,Petroleum-C16-912,Linear alkanes,Alkanes,Mixed,16,226.432,664555258312.6898,16,4227858,3,0.875,0.975,1.0,0.09999999999999998,0.0,CoherenceRegime.SUBCOHERENT,109.45987255372643,1.826432,WallProximity.SAFE,True,0.0,0.0,0.7130099647144913,0.20392549381492092,True,
913,Petroleum-C17-913,Linear alkanes,Alkanes,Mixed,17,240.458,644882192557.4109,17,4490002,3,0.875,0.975,1.0,0.09999999999999998,0.0007374461291984602,CoherenceRegime.SUBCOHERENT,123.49719845311473,1.9404580000000002,WallProximity.SAFE,True,0.0,0.0008916945728187334,0.6694688654569966,0.20916571056916083,True,
914,Petroleum-C18-914,Linear alkanes,Alkanes,Mixed,18,254.484,626858845913.6626,18,4748050,3,0.875,0.975,1.0,0.09999999999999998,0.0,CoherenceRegime.SUBCOHERENT,138.3811303638647,2.054484,WallProximity.SAFE,True,0.0,0.0,0.6213381120750965,0.2141076873808912,True,
915,Petroleum-C19-915,Linear alkanes,Alkanes,Mixed,19,268.51,610266833430.1029,19,5010202,0,1.0,1.0,0.0,0.0,0.0,CoherenceRegime.SUBCOHERENT,154.1116682859764,2.16851,WallProximity.SAFE,True,0.0,0.0,0.5701273044585125,0.21878355217837714,True,
916,Petroleum-C20-916,Linear alkanes,Alkanes,Mixed,20,282.536,594926211713.4329,20,5272410,3,0.875,0.975,1.0,0.09999999999999998,0.0,CoherenceRegime.SUBCOHERENT,170.6888122194498,2.282536,WallProximity.SAFE,True,0.0,0.0,0.5172880014063855,0.223220505626067,True,
917,Petroleum-C21-917,Linear alkanes,Alkanes,Mixed,21,296.562,580687194654.7695,21,5534554,2,0.9166666666666666,1.0,1.0,0.08333333333333337,0.0,CoherenceRegime.SUBCOHERENT,188.11256216428495,2.3965620000000003,WallProximity.SAFE,True,0.0,0.0,0.4641622042192316,0.2274417798721354,True,
918,Petroleum-C22-918,Linear alkanes,Alkanes,Mixed,22,310.588,567423951632.568,22,5796698,0,1.0,1.0,0.0,0.0,0.0,CoherenceRegime.SUBCOHERENT,206.38291812048178,2.5105880000000003,WallProximity.SAFE,True,0.0,0.0,0.411941542112675,0.23146737488029628,True,
919,Petroleum-C23-919,Linear alkanes,Alkanes,Mixed,23,324.61400000000003,555029896519.2572,23,6058842,3,0.875,0.975,1.0,0.09999999999999998,0.0,CoherenceRegime.SUBCOHERENT,225.49988008804033,2.6246140000000002,WallProximity.SAFE,True,0.0,0.0,0.36163842182956707,0.23531463152733306,True,
920,Petroleum-C24-920,Linear alkanes,Alkanes,Mixed,24,338.64,543414061677.224,24,6321051,3,0.875,0.975,1.0,0.09999999999999998,0.0,CoherenceRegime.SUBCOHERENT,245.46344806696052,2.73864,WallProximity.SAFE,True,0.0,0.0,0.3140694284635896,0.2389986830533596,True,
921,Petroleum-C25-921,Linear alkanes,Alkanes,Mixed,25,352.666,532498273476.99066,25,6583203,0,1.0,1.0,0.0,0.0,0.0,CoherenceRegime.SUBCOHERENT,266.2736220572425,2.852666,WallProximity.SAFE,True,0.0,0.0,0.2698503910645006,0.24253281459267773,True,
922,Petroleum-C26-922,Linear alkanes,Alkanes,Mixed,26,366.692,522214928026.6263,26,6845347,2,0.9166666666666666,1.0,1.0,0.08333333333333337,0.0,CoherenceRegime.SUBCOHERENT,287.93040205888616,2.966692,WallProximity.SAFE,True,0.0,0.0,0.22940181487957723,0.24592875236808748,True,
923,Petroleum-C27-923,Linear alkanes,Alkanes,Mixed,27,380.718,512505221974.3419,27,7107491,3,0.875,0.975,1.0,0.09999999999999998,0.0,CoherenceRegime.SUBCOHERENT,310.4337880718915,3.080718,WallProximity.SAFE,True,0.0,0.0,0.19296286963569234,0.24919689844114706,True,
924,Petroleum-C28-924,Linear alkanes,Alkanes,Mixed,28,394.744,503317732291.2979,28,7369699,3,0.875,0.975,1.0,0.09999999999999998,0.0,CoherenceRegime.SUBCOHERENT,333.7837800962586,3.1947440000000005,WallProximity.SAFE,True,0.0,0.0,0.16061182420574474,0.2523465228730758,True,
925,Petroleum-C29-925,Linear alkanes,Alkanes,Mixed,29,408.77,494607266493.9285,29,7627747,0,1.0,1.0,0.0,0.0,0.0,CoherenceRegime.SUBCOHERENT,357.9803781319874,3.3087700000000004,WallProximity.SAFE,True,0.0,0.0,0.13229072477329437,0.2553859222446818,True,
926,Petroleum-C30-926,Linear alkanes,Alkanes,Mixed,30,422.796,486333924479.0623,30,7889891,3,0.875,0.975,1.0,0.09999999999999998,0.0,CoherenceRegime.SUBCOHERENT,383.02358217907783,3.422796,WallProximity.SAFE,True,0.0,0.0,0.10783220091294515,0.2583225513642143,True,
927,Petroleum-C31-927,Linear alkanes,Alkanes,Mixed,31,436.822,478462327432.4112,31,8152043,0,1.0,1.0,0.0,0.0,0.0,CoherenceRegime.SUBCOHERENT,408.91339223753005,3.536822,WallProximity.SAFE,True,0.0,0.0,0.0869865141297069,0.2611631334275579,True,
928,Petroleum-C32-928,Linear alkanes,Alkanes,Mixed,32,450.848,470960979748.8765,32,8414188,0,1.0,1.0,0.0,0.0,0.0,CoherenceRegime.SUBCOHERENT,435.649808307344,3.6508480000000003,WallProximity.SAFE,True,0.0,0.0,0.06944729206159433,0.26391375272738443,True,
929,Petroleum-C33-929,Linear alkanes,Alkanes,Mixed,33,464.874,463801737672.2709,33,8675820,0,1.0,1.0,0.0,0.0,0.0,CoherenceRegime.SUBCOHERENT,463.23283038851963,3.7648740000000003,WallProximity.SAFE,True,0.0,0.0,0.054874773453956124,0.26657993312705675,True,
930,Petroleum-C34-930,Linear alkanes,Alkanes,Mixed,34,478.9,456959364182.06506,34,8937964,3,0.875,0.975,1.0,0.09999999999999998,0.0,CoherenceRegime.SUBCOHERENT,491.6624584810569,3.8789000000000002,WallProximity.SAFE,True,0.0,0.0,0.04291578255159558,0.26916670484427696,True,
931,Petroleum-C5-931,Linear alkanes,Alkanes,Mixed,5,72.146,1177318236610.3547,5,1352256,0,1.0,1.0,0.0,0.0,0.0,CoherenceRegime.SUBCOHERENT,10.925284410327981,0.572146,WallProximity.BEYOND_WALL,False,1.0,0.0,0.5773514250774086,0.10384327514757133,True,
932,Petroleum-C6-932,Linear alkanes,Alkanes,Mixed,6,86.172,1077251019102.8378,6,1614408,0,1.0,1.0,0.0,0.0,0.0,CoherenceRegime.SUBCOHERENT,15.649944184737485,0.6861720000000001,WallProximity.BEYOND_WALL,False,1.0,0.0,0.6432682093724612,0.11945127929812697,True,
933,Petroleum-C7-933,Linear alkanes,Alkanes,Mixed,7,100.198,999011467728.4476,7,1872456,3,0.875,0.975,1.0,0.09999999999999998,0.0,CoherenceRegime.SUBCOHERENT,21.221209970508696,0.8001980000000001,WallProximity.CRITICAL,True,0.6284659179406685,0.0,0.6993073420184516,0.13267701424557155,True,
934,Petroleum-C8-934,Linear alkanes,Alkanes,Mixed,8,114.224,935667010900.7026,8,2134665,3,0.875,0.975,1.0,0.09999999999999998,0.0,CoherenceRegime.SUBCOHERENT,27.639081767641613,0.914224,WallProximity.WARNING,True,0.29999661553962353,0.0,0.7447570440936945,0.1441523610703951,True,
935,Petroleum-C9-935,Linear alkanes,Alkanes,Mixed,9,128.25,883021571376.6958,9,2396809,0,1.0,1.0,0.0,0.0,0.0,CoherenceRegime.SUBCOHERENT,34.90355957613624,1.02825,WallProximity.CAUTION,True,0.0,0.0,0.7790206483870205,0.15428697199518185,True,
936,Petroleum-C10-936,Linear alkanes,Alkanes,Mixed,10,142.276,838367002781.6842,10,2658953,2,0.9166666666666666,1.0,1.0,0.08333333333333337,0.0,CoherenceRegime.SUBCOHERENT,43.01464339599258,1.142276,WallProximity.CAUTION,True,0.0,0.0,0.8017320509825592,0.16336163268230458,True,
937,Petroleum-C11-937,Linear alkanes,Alkanes,Mixed,11,156.302,799866913217.5398,11,2921097,3,0.875,0.975,1.0,0.09999999999999998,0.001034128663257694,CoherenceRegime.SUBCOHERENT,51.97233322721061,1.256302,WallProximity.SAFE,True,0.0,0.001211561585902698,0.8128183517932119,0.17157722143205836,True,
938,Petroleum-C12-938,Linear alkanes,Alkanes,Mixed,12,170.328,766226162165.0073,12,3179209,2,0.9166666666666666,1.0,1.0,0.08333333333333337,0.0,CoherenceRegime.SUBCOHERENT,61.776629069790374,1.3703280000000002,WallProximity.SAFE,True,0.0,0.0,0.8125262685665692,0.1790824206711787,True,
939,Petroleum-C13-939,Linear alkanes,Alkanes,Mixed,13,184.354,736501638657.2075,13,3441361,2,0.9166666666666666,1.0,1.0,0.08333333333333337,0.0,CoherenceRegime.SUBCOHERENT,72.42753092373184,1.4843540000000002,WallProximity.SAFE,True,0.0,0.0,0.8014205114468184,0.18599036802238267,True,
940,Petroleum-C14-940,Linear alkanes,Alkanes,Mixed,14,198.38,709988079400.2195,14,3703505,2,0.9166666666666666,1.0,1.0,0.08333333333333337,0.0,CoherenceRegime.SUBCOHERENT,83.92503878903499,1.5983800000000001,WallProximity.SAFE,True,0.0,0.0,0.7803595749141533,0.1923891550645221,True,
941,Petroleum-C15-941,Linear alkanes,Alkanes,Mixed,15,212.406,686146116732.9568,15,3965649,3,0.875,0.975,1.0,0.09999999999999998,0.0,CoherenceRegime.SUBCOHERENT,96.26915266569986,1.712406,WallProximity.SAFE,True,0.0,0.0,0.7504537250958354,0.1983487149292778,True,
942,Petroleum-C16-942,Linear alkanes,Alkanes,Mixed,16,226.432,664555258312.6898,16,4227858,3,0.875,0.975,1.0,0.09999999999999998,0.0,CoherenceRegime.SUBCOHERENT,109.45987255372643,1.826432,WallProximity.SAFE,True,0.0,0.0,0.7130099647144913,0.20392549381492092,True,
943,Petroleum-C17-943,Linear alkanes,Alkanes,Mixed,17,240.458,644882192557.4109,17,4490002,3,0.875,0.975,1.0,0.09999999999999998,0.0007374461291984602,CoherenceRegime.SUBCOHERENT,123.49719845311473,1.9404580000000002,WallProximity.SAFE,True,0.0,0.0008916945728187334,0.6694688654569966,0.20916571056916083,True,
944,Petroleum-C18-944,Linear alkanes,Alkanes,Mixed,18,254.484,626858845913.6626,18,4748050,3,0.875,0.975,1.0,0.09999999999999998,0.0,CoherenceRegime.SUBCOHERENT,138.3811303638647,2.054484,WallProximity.SAFE,True,0.0,0.0,0.6213381120750965,0.2141076873808912,True,
945,Petroleum-C19-945,Linear alkanes,Alkanes,Mixed,19,268.51,610266833430.1029,19,5010202,0,1.0,1.0,0.0,0.0,0.0,CoherenceRegime.SUBCOHERENT,154.1116682859764,2.16851,WallProximity.SAFE,True,0.0,0.0,0.5701273044585125,0.21878355217837714,True,
946,Petroleum-C20-946,Linear alkanes,Alkanes,Mixed,20,282.536,594926211713.4329,20,5272410,3,0.875,0.975,1.0,0.09999999999999998,0.0,CoherenceRegime.SUBCOHERENT,170.6888122194498,2.282536,WallProximity.SAFE,True,0.0,0.0,0.5172880014063855,0.223220505626067,True,
947,Petroleum-C21-947,Linear alkanes,Alkanes,Mixed,21,296.562,580687194654.7695,21,5534554,2,0.9166666666666666,1.0,1.0,0.08333333333333337,0.0,CoherenceRegime.SUBCOHERENT,188.11256216428495,2.3965620000000003,WallProximity.SAFE,True,0.0,0.0,0.4641622042192316,0.2274417798721354,True,
948,Petroleum-C22-948,Linear alkanes,Alkanes,Mixed,22,310.588,567423951632.568,22,5796698,0,1.0,1.0,0.0,0.0,0.0,CoherenceRegime.SUBCOHERENT,206.38291812048178,2.5105880000000003,WallProximity.SAFE,True,0.0,0.0,0.411941542112675,0.23146737488029628,True,
949,Petroleum-C23-949,Linear alkanes,Alkanes,Mixed,23,324.61400000000003,555029896519.2572,23,6058842,3,0.875,0.975,1.0,0.09999999999999998,0.0,CoherenceRegime.SUBCOHERENT,225.49988008804033,2.6246140000000002,WallProximity.SAFE,True,0.0,0.0,0.36163842182956707,0.23531463152733306,True,
950,Petroleum-C24-950,Linear alkanes,Alkanes,Mixed,24,338.64,543414061677.224,24,6321051,3,0.875,0.975,1.0,0.09999999999999998,0.0,CoherenceRegime.SUBCOHERENT,245.46344806696052,2.73864,WallProximity.SAFE,True,0.0,0.0,0.3140694284635896,0.2389986830533596,True,
951,Petroleum-C25-951,Linear alkanes,Alkanes,Mixed,25,352.666,532498273476.99066,25,6583203,0,1.0,1.0,0.0,0.0,0.0,CoherenceRegime.SUBCOHERENT,266.2736220572425,2.852666,WallProximity.SAFE,True,0.0,0.0,0.2698503910645006,0.24253281459267773,True,
952,Petroleum-C26-952,Linear alkanes,Alkanes,Mixed,26,366.692,522214928026.6263,26,6845347,2,0.9166666666666666,1.0,1.0,0.08333333333333337,0.0,CoherenceRegime.SUBCOHERENT,287.93040205888616,2.966692,WallProximity.SAFE,True,0.0,0.0,0.22940181487957723,0.24592875236808748,True,
953,Petroleum-C27-953,Linear alkanes,Alkanes,Mixed,27,380.718,512505221974.3419,27,7107491,3,0.875,0.975,1.0,0.09999999999999998,0.0,CoherenceRegime.SUBCOHERENT,310.4337880718915,3.080718,WallProximity.SAFE,True,0.0,0.0,0.19296286963569234,0.24919689844114706,True,
954,Petroleum-C28-954,Linear alkanes,Alkanes,Mixed,28,394.744,503317732291.2979,28,7369699,3,0.875,0.975,1.0,0.09999999999999998,0.0,CoherenceRegime.SUBCOHERENT,333.7837800962586,3.1947440000000005,WallProximity.SAFE,True,0.0,0.0,0.16061182420574474,0.2523465228730758,True,
955,Petroleum-C29-955,Linear alkanes,Alkanes,Mixed,29,408.77,494607266493.9285,29,7627747,0,1.0,1.0,0.0,0.0,0.0,CoherenceRegime.SUBCOHERENT,357.9803781319874,3.3087700000000004,WallProximity.SAFE,True,0.0,0.0,0.13229072477329437,0.2553859222446818,True,
956,Petroleum-C30-956,Linear alkanes,Alkanes,Mixed,30,422.796,486333924479.0623,30,7889891,3,0.875,0.975,1.0,0.09999999999999998,0.0,CoherenceRegime.SUBCOHERENT,383.02358217907783,3.422796,WallProximity.SAFE,True,0.0,0.0,0.10783220091294515,0.2583225513642143,True,
957,Petroleum-C31-957,Linear alkanes,Alkanes,Mixed,31,436.822,478462327432.4112,31,8152043,0,1.0,1.0,0.0,0.0,0.0,CoherenceRegime.SUBCOHERENT,408.91339223753005,3.536822,WallProximity.SAFE,True,0.0,0.0,0.0869865141297069,0.2611631334275579,True,
958,Petroleum-C32-958,Linear alkanes,Alkanes,Mixed,32,450.848,470960979748.8765,32,8414188,0,1.0,1.0,0.0,0.0,0.0,CoherenceRegime.SUBCOHERENT,435.649808307344,3.6508480000000003,WallProximity.SAFE,True,0.0,0.0,0.06944729206159433,0.26391375272738443,True,
959,Petroleum-C33-959,Linear alkanes,Alkanes,Mixed,33,464.874,463801737672.2709,33,8675820,0,1.0,1.0,0.0,0.0,0.0,CoherenceRegime.SUBCOHERENT,463.23283038851963,3.7648740000000003,WallProximity.SAFE,True,0.0,0.0,0.054874773453956124,0.26657993312705675,True,
960,Petroleum-C34-960,Linear alkanes,Alkanes,Mixed,34,478.9,456959364182.06506,34,8937964,3,0.875,0.975,1.0,0.09999999999999998,0.0,CoherenceRegime.SUBCOHERENT,491.6624584810569,3.8789000000000002,WallProximity.SAFE,True,0.0,0.0,0.04291578255159558,0.26916670484427696,True,
961,Petroleum-C5-961,Linear alkanes,Alkanes,Mixed,5,72.146,1177318236610.3547,5,1352256,0,1.0,1.0,0.0,0.0,0.0,CoherenceRegime.SUBCOHERENT,10.925284410327981,0.572146,WallProximity.BEYOND_WALL,False,1.0,0.0,0.5773514250774086,0.10384327514757133,True,
962,Petroleum-C6-962,Linear alkanes,Alkanes,Mixed,6,86.172,1077251019102.8378,6,1614408,0,1.0,1.0,0.0,0.0,0.0,CoherenceRegime.SUBCOHERENT,15.649944184737485,0.6861720000000001,WallProximity.BEYOND_WALL,False,1.0,0.0,0.6432682093724612,0.11945127929812697,True,
963,Petroleum-C7-963,Linear alkanes,Alkanes,Mixed,7,100.198,999011467728.4476,7,1872456,3,0.875,0.975,1.0,0.09999999999999998,0.0,CoherenceRegime.SUBCOHERENT,21.221209970508696,0.8001980000000001,WallProximity.CRITICAL,True,0.6284659179406685,0.0,0.6993073420184516,0.13267701424557155,True,
964,Petroleum-C8-964,Linear alkanes,Alkanes,Mixed,8,114.224,935667010900.7026,8,2134665,3,0.875,0.975,1.0,0.09999999999999998,0.0,CoherenceRegime.SUBCOHERENT,27.639081767641613,0.914224,WallProximity.WARNING,True,0.29999661553962353,0.0,0.7447570440936945,0.1441523610703951,True,
965,Petroleum-C9-965,Linear alkanes,Alkanes,Mixed,9,128.25,883021571376.6958,9,2396809,0,1.0,1.0,0.0,0.0,0.0,CoherenceRegime.SUBCOHERENT,34.90355957613624,1.02825,WallProximity.CAUTION,True,0.0,0.0,0.7790206483870205,0.15428697199518185,True,
966,Petroleum-C10-966,Linear alkanes,Alkanes,Mixed,10,142.276,838367002781.6842,10,2658953,2,0.9166666666666666,1.0,1.0,0.08333333333333337,0.0,CoherenceRegime.SUBCOHERENT,43.01464339599258,1.142276,WallProximity.CAUTION,True,0.0,0.0,0.8017320509825592,0.16336163268230458,True,
967,Petroleum-C11-967,Linear alkanes,Alkanes,Mixed,11,156.302,799866913217.5398,11,2921097,3,0.875,0.975,1.0,0.09999999999999998,0.001034128663257694,CoherenceRegime.SUBCOHERENT,51.97233322721061,1.256302,WallProximity.SAFE,True,0.0,0.001211561585902698,0.8128183517932119,0.17157722143205836,True,
968,Petroleum-C12-968,Linear alkanes,Alkanes,Mixed,12,170.328,766226162165.0073,12,3179209,2,0.9166666666666666,1.0,1.0,0.08333333333333337,0.0,CoherenceRegime.SUBCOHERENT,61.776629069790374,1.3703280000000002,WallProximity.SAFE,True,0.0,0.0,0.8125262685665692,0.1790824206711787,True,
969,Petroleum-C13-969,Linear alkanes,Alkanes,Mixed,13,184.354,736501638657.2075,13,3441361,2,0.9166666666666666,1.0,1.0,0.08333333333333337,0.0,CoherenceRegime.SUBCOHERENT,72.42753092373184,1.4843540000000002,WallProximity.SAFE,True,0.0,0.0,0.8014205114468184,0.18599036802238267,True,
970,Petroleum-C14-970,Linear alkanes,Alkanes,Mixed,14,198.38,709988079400.2195,14,3703505,2,0.9166666666666666,1.0,1.0,0.08333333333333337,0.0,CoherenceRegime.SUBCOHERENT,83.92503878903499,1.5983800000000001,WallProximity.SAFE,True,0.0,0.0,0.7803595749141533,0.1923891550645221,True,
971,Petroleum-C15-971,Linear alkanes,Alkanes,Mixed,15,212.406,686146116732.9568,15,3965649,3,0.875,0.975,1.0,0.09999999999999998,0.0,CoherenceRegime.SUBCOHERENT,96.26915266569986,1.712406,WallProximity.SAFE,True,0.0,0.0,0.7504537250958354,0.1983487149292778,True,
972,Petroleum-C16-972,Linear alkanes,Alkanes,Mixed,16,226.432,664555258312.6898,16,4227858,3,0.875,0.975,1.0,0.09999999999999998,0.0,CoherenceRegime.SUBCOHERENT,109.45987255372643,1.826432,WallProximity.SAFE,True,0.0,0.0,0.7130099647144913,0.20392549381492092,True,
973,Petroleum-C17-973,Linear alkanes,Alkanes,Mixed,17,240.458,644882192557.4109,17,4490002,3,0.875,0.975,1.0,0.09999999999999998,0.0007374461291984602,CoherenceRegime.SUBCOHERENT,123.49719845311473,1.9404580000000002,WallProximity.SAFE,True,0.0,0.0008916945728187334,0.6694688654569966,0.20916571056916083,True,
974,Petroleum-C18-974,Linear alkanes,Alkanes,Mixed,18,254.484,626858845913.6626,18,4748050,3,0.875,0.975,1.0,0.09999999999999998,0.0,CoherenceRegime.SUBCOHERENT,138.3811303638647,2.054484,WallProximity.SAFE,True,0.0,0.0,0.6213381120750965,0.2141076873808912,True,
975,Petroleum-C19-975,Linear alkanes,Alkanes,Mixed,19,268.51,610266833430.1029,19,5010202,0,1.0,1.0,0.0,0.0,0.0,CoherenceRegime.SUBCOHERENT,154.1116682859764,2.16851,WallProximity.SAFE,True,0.0,0.0,0.5701273044585125,0.21878355217837714,True,
976,Petroleum-C20-976,Linear alkanes,Alkanes,Mixed,20,282.536,594926211713.4329,20,5272410,3,0.875,0.975,1.0,0.09999999999999998,0.0,CoherenceRegime.SUBCOHERENT,170.6888122194498,2.282536,WallProximity.SAFE,True,0.0,0.0,0.5172880014063855,0.223220505626067,True,
977,Petroleum-C21-977,Linear alkanes,Alkanes,Mixed,21,296.562,580687194654.7695,21,5534554,2,0.9166666666666666,1.0,1.0,0.08333333333333337,0.0,CoherenceRegime.SUBCOHERENT,188.11256216428495,2.3965620000000003,WallProximity.SAFE,True,0.0,0.0,0.4641622042192316,0.2274417798721354,True,
978,Petroleum-C22-978,Linear alkanes,Alkanes,Mixed,22,310.588,567423951632.568,22,5796698,0,1.0,1.0,0.0,0.0,0.0,CoherenceRegime.SUBCOHERENT,206.38291812048178,2.5105880000000003,WallProximity.SAFE,True,0.0,0.0,0.411941542112675,0.23146737488029628,True,
979,Petroleum-C23-979,Linear alkanes,Alkanes,Mixed,23,324.61400000000003,555029896519.2572,23,6058842,3,0.875,0.975,1.0,0.09999999999999998,0.0,CoherenceRegime.SUBCOHERENT,225.49988008804033,2.6246140000000002,WallProximity.SAFE,True,0.0,0.0,0.36163842182956707,0.23531463152733306,True,
980,Petroleum-C24-980,Linear alkanes,Alkanes,Mixed,24,338.64,543414061677.224,24,6321051,3,0.875,0.975,1.0,0.09999999999999998,0.0,CoherenceRegime.SUBCOHERENT,245.46344806696052,2.73864,WallProximity.SAFE,True,0.0,0.0,0.3140694284635896,0.2389986830533596,True,
981,Petroleum-C25-981,Linear alkanes,Alkanes,Mixed,25,352.666,532498273476.99066,25,6583203,0,1.0,1.0,0.0,0.0,0.0,CoherenceRegime.SUBCOHERENT,266.2736220572425,2.852666,WallProximity.SAFE,True,0.0,0.0,0.2698503910645006,0.24253281459267773,True,
982,Petroleum-C26-982,Linear alkanes,Alkanes,Mixed,26,366.692,522214928026.6263,26,6845347,2,0.9166666666666666,1.0,1.0,0.08333333333333337,0.0,CoherenceRegime.SUBCOHERENT,287.93040205888616,2.966692,WallProximity.SAFE,True,0.0,0.0,0.22940181487957723,0.24592875236808748,True,
983,Petroleum-C27-983,Linear alkanes,Alkanes,Mixed,27,380.718,512505221974.3419,27,7107491,3,0.875,0.975,1.0,0.09999999999999998,0.0,CoherenceRegime.SUBCOHERENT,310.4337880718915,3.080718,WallProximity.SAFE,True,0.0,0.0,0.19296286963569234,0.24919689844114706,True,
984,Petroleum-C28-984,Linear alkanes,Alkanes,Mixed,28,394.744,503317732291.2979,28,7369699,3,0.875,0.975,1.0,0.09999999999999998,0.0,CoherenceRegime.SUBCOHERENT,333.7837800962586,3.1947440000000005,WallProximity.SAFE,True,0.0,0.0,0.16061182420574474,0.2523465228730758,True,
985,Petroleum-C29-985,Linear alkanes,Alkanes,Mixed,29,408.77,494607266493.9285,29,7627747,0,1.0,1.0,0.0,0.0,0.0,CoherenceRegime.SUBCOHERENT,357.9803781319874,3.3087700000000004,WallProximity.SAFE,True,0.0,0.0,0.13229072477329437,0.2553859222446818,True,
986,Petroleum-C30-986,Linear alkanes,Alkanes,Mixed,30,422.796,486333924479.0623,30,7889891,3,0.875,0.975,1.0,0.09999999999999998,0.0,CoherenceRegime.SUBCOHERENT,383.02358217907783,3.422796,WallProximity.SAFE,True,0.0,0.0,0.10783220091294515,0.2583225513642143,True,
987,Petroleum-C31-987,Linear alkanes,Alkanes,Mixed,31,436.822,478462327432.4112,31,8152043,0,1.0,1.0,0.0,0.0,0.0,CoherenceRegime.SUBCOHERENT,408.91339223753005,3.536822,WallProximity.SAFE,True,0.0,0.0,0.0869865141297069,0.2611631334275579,True,
988,Petroleum-C32-988,Linear alkanes,Alkanes,Mixed,32,450.848,470960979748.8765,32,8414188,0,1.0,1.0,0.0,0.0,0.0,CoherenceRegime.SUBCOHERENT,435.649808307344,3.6508480000000003,WallProximity.SAFE,True,0.0,0.0,0.06944729206159433,0.26391375272738443,True,
989,Petroleum-C33-989,Linear alkanes,Alkanes,Mixed,33,464.874,463801737672.2709,33,8675820,0,1.0,1.0,0.0,0.0,0.0,CoherenceRegime.SUBCOHERENT,463.23283038851963,3.7648740000000003,WallProximity.SAFE,True,0.0,0.0,0.054874773453956124,0.26657993312705675,True,
990,Petroleum-C34-990,Linear alkanes,Alkanes,Mixed,34,478.9,456959364182.06506,34,8937964,3,0.875,0.975,1.0,0.09999999999999998,0.0,CoherenceRegime.SUBCOHERENT,491.6624584810569,3.8789000000000002,WallProximity.SAFE,True,0.0,0.0,0.04291578255159558,0.26916670484427696,True,
991,Petroleum-C5-991,Linear alkanes,Alkanes,Mixed,5,72.146,1177318236610.3547,5,1352256,0,1.0,1.0,0.0,0.0,0.0,CoherenceRegime.SUBCOHERENT,10.925284410327981,0.572146,WallProximity.BEYOND_WALL,False,1.0,0.0,0.5773514250774086,0.10384327514757133,True,
992,Petroleum-C6-992,Linear alkanes,Alkanes,Mixed,6,86.172,1077251019102.8378,6,1614408,0,1.0,1.0,0.0,0.0,0.0,CoherenceRegime.SUBCOHERENT,15.649944184737485,0.6861720000000001,WallProximity.BEYOND_WALL,False,1.0,0.0,0.6432682093724612,0.11945127929812697,True,
993,Petroleum-C7-993,Linear alkanes,Alkanes,Mixed,7,100.198,999011467728.4476,7,1872456,3,0.875,0.975,1.0,0.09999999999999998,0.0,CoherenceRegime.SUBCOHERENT,21.221209970508696,0.8001980000000001,WallProximity.CRITICAL,True,0.6284659179406685,0.0,0.6993073420184516,0.13267701424557155,True,
994,Petroleum-C8-994,Linear alkanes,Alkanes,Mixed,8,114.224,935667010900.7026,8,2134665,3,0.875,0.975,1.0,0.09999999999999998,0.0,CoherenceRegime.SUBCOHERENT,27.639081767641613,0.914224,WallProximity.WARNING,True,0.29999661553962353,0.0,0.7447570440936945,0.1441523610703951,True,
995,Petroleum-C9-995,Linear alkanes,Alkanes,Mixed,9,128.25,883021571376.6958,9,2396809,0,1.0,1.0,0.0,0.0,0.0,CoherenceRegime.SUBCOHERENT,34.90355957613624,1.02825,WallProximity.CAUTION,True,0.0,0.0,0.7790206483870205,0.15428697199518185,True,
996,Petroleum-C10-996,Linear alkanes,Alkanes,Mixed,10,142.276,838367002781.6842,10,2658953,2,0.9166666666666666,1.0,1.0,0.08333333333333337,0.0,CoherenceRegime.SUBCOHERENT,43.01464339599258,1.142276,WallProximity.CAUTION,True,0.0,0.0,0.8017320509825592,0.16336163268230458,True,
997,Petroleum-C11-997,Linear alkanes,Alkanes,Mixed,11,156.302,799866913217.5398,11,2921097,3,0.875,0.975,1.0,0.09999999999999998,0.001034128663257694,CoherenceRegime.SUBCOHERENT,51.97233322721061,1.256302,WallProximity.SAFE,True,0.0,0.001211561585902698,0.8128183517932119,0.17157722143205836,True,
998,Petroleum-C12-998,Linear alkanes,Alkanes,Mixed,12,170.328,766226162165.0073,12,3179209,2,0.9166666666666666,1.0,1.0,0.08333333333333337,0.0,CoherenceRegime.SUBCOHERENT,61.776629069790374,1.3703280000000002,WallProximity.SAFE,True,0.0,0.0,0.8125262685665692,0.1790824206711787,True,
999,Petroleum-C13-999,Linear alkanes,Alkanes,Mixed,13,184.354,736501638657.2075,13,3441361,2,0.9166666666666666,1.0,1.0,0.08333333333333337,0.0,CoherenceRegime.SUBCOHERENT,72.42753092373184,1.4843540000000002,WallProximity.SAFE,True,0.0,0.0,0.8014205114468184,0.18599036802238267,True,
1000,Petroleum-C14-1000,Linear alkanes,Alkanes,Mixed,14,198.38,709988079400.2195,14,3703505,2,0.9166666666666666,1.0,1.0,0.08333333333333337,0.0,CoherenceRegime.SUBCOHERENT,83.92503878903499,1.5983800000000001,WallProximity.SAFE,True,0.0,0.0,0.7803595749141533,0.1923891550645221,True,
