id,name,type,category,fraction,carbon_count,molecular_weight,frequency_hz,complexity,bit_state_decimal,glr_errors,glr_nrci_before,glr_nrci_after,glr_efficiency,glr_improvement,nrci,nrci_regime,soc_energy_cu,modal_sum,wall_proximity,wall_safe,nrci_risk,coherence_factor,resonance_strength,emergence_intensity,success,error
2,n-C2H6,Linear alkanes,Alkanes,Gasoline,2,30.068,1823676195209.2068,2,573952,3,0.875,0.975,1.0,0.0999999999999999,0.0,CoherenceRegime.SUBCOHERENT,1.8309411552697172,0.230068,WallProximity.BEYOND_WALL,False,1.0,0.0,0.3227601902038685,0.026267438670895,True,
3,n-C3H8,Linear alkanes,Alkanes,Gasoline,3,44.094,1505948953833.927,3,832000,3,0.875,0.975,1.0,0.0999999999999999,0.0,CoherenceRegime.SUBCOHERENT,4.015782895594097,0.344094,WallProximity.BEYOND_WALL,False,1.0,0.0,0.4178275081223668,0.0603770225602563,True,
4,n-C4H10,Linear alkanes,Alkanes,Gasoline,4,58.12,1311708090333.5112,4,1094208,3,0.875,0.975,1.0,0.0999999999999999,0.0,CoherenceRegime.SUBCOHERENT,7.047230647280185,0.45812,WallProximity.BEYOND_WALL,False,1.0,0.0,0.502173843105821,0.0848018485659582,True,
7,n-C7H16,Linear alkanes,Alkanes,Gasoline,7,100.198,999011467728.4476,7,1872456,3,0.875,0.975,1.0,0.0999999999999999,0.0,CoherenceRegime.SUBCOHERENT,21.221209970508696,0.8001980000000001,WallProximity.CRITICAL,True,0.6284659179406685,0.0,0.6993073420184516,0.1326770142455715,True,
8,n-C8H18,Linear alkanes,Alkanes,Gasoline,8,114.224,935667010900.7026,8,2134665,3,0.875,0.975,1.0,0.0999999999999999,0.0,CoherenceRegime.SUBCOHERENT,27.639081767641613,0.914224,WallProximity.WARNING,True,0.2999966155396235,0.0,0.7447570440936945,0.1441523610703951,True,
10,n-C10H22,Linear alkanes,Alkanes,Gasoline,10,142.276,838367002781.6842,10,2658953,2,0.9166666666666666,1.0,1.0,0.0833333333333333,0.0,CoherenceRegime.SUBCOHERENT,43.01464339599258,1.142276,WallProximity.CAUTION,True,0.0,0.0,0.8017320509825592,0.1633616326823045,True,
11,n-C11H24,Linear alkanes,Alkanes,Gasoline,11,156.302,799866913217.5398,11,2921097,3,0.875,0.975,1.0,0.0999999999999999,0.0010341286632576,CoherenceRegime.SUBCOHERENT,51.97233322721061,1.256302,WallProximity.SAFE,True,0.0,0.0012115615859026,0.8128183517932119,0.1715772214320583,True,
12,n-C12H26,Linear alkanes,Alkanes,Gasoline,12,170.328,766226162165.0073,12,3179209,2,0.9166666666666666,1.0,1.0,0.0833333333333333,0.0,CoherenceRegime.SUBCOHERENT,61.77662906979037,1.3703280000000002,WallProximity.SAFE,True,0.0,0.0,0.8125262685665692,0.1790824206711787,True,
13,n-C13H28,Linear alkanes,Alkanes,Diesel,13,184.354,736501638657.2075,13,3441361,2,0.9166666666666666,1.0,1.0,0.0833333333333333,0.0,CoherenceRegime.SUBCOHERENT,72.42753092373184,1.4843540000000002,WallProximity.SAFE,True,0.0,0.0,0.8014205114468184,0.1859903680223826,True,
14,n-C14H30,Linear alkanes,Alkanes,Diesel,14,198.38,709988079400.2195,14,3703505,2,0.9166666666666666,1.0,1.0,0.0833333333333333,0.0,CoherenceRegime.SUBCOHERENT,83.92503878903499,1.59838,WallProximity.SAFE,True,0.0,0.0,0.7803595749141533,0.1923891550645221,True,
15,n-C15H32,Linear alkanes,Alkanes,Diesel,15,212.406,686146116732.9568,15,3965649,3,0.875,0.975,1.0,0.0999999999999999,0.0,CoherenceRegime.SUBCOHERENT,96.26915266569986,1.712406,WallProximity.SAFE,True,0.0,0.0,0.7504537250958354,0.1983487149292778,True,
16,n-C16H34,Linear alkanes,Alkanes,Diesel,16,226.432,664555258312.6898,16,4227858,3,0.875,0.975,1.0,0.0999999999999999,0.0,CoherenceRegime.SUBCOHERENT,109.45987255372644,1.826432,WallProximity.SAFE,True,0.0,0.0,0.7130099647144913,0.2039254938149209,True,
17,n-C17H36,Linear alkanes,Alkanes,Diesel,17,240.458,644882192557.4109,17,4490002,3,0.875,0.975,1.0,0.0999999999999999,0.0007374461291984,CoherenceRegime.SUBCOHERENT,123.49719845311472,1.940458,WallProximity.SAFE,True,0.0,0.0008916945728187,0.6694688654569966,0.2091657105691608,True,
18,n-C18H38,Linear alkanes,Alkanes,Diesel,18,254.484,626858845913.6626,18,4748050,3,0.875,0.975,1.0,0.0999999999999999,0.0,CoherenceRegime.SUBCOHERENT,138.3811303638647,2.054484,WallProximity.SAFE,True,0.0,0.0,0.6213381120750965,0.2141076873808912,True,
20,n-C20H42,Linear alkanes,Alkanes,Diesel,20,282.536,594926211713.4329,20,5272410,3,0.875,0.975,1.0,0.0999999999999999,0.0,CoherenceRegime.SUBCOHERENT,170.6888122194498,2.282536,WallProximity.SAFE,True,0.0,0.0,0.5172880014063855,0.223220505626067,True,
21,n-C21H44,Linear alkanes,Alkanes,Heavy oil,21,296.562,580687194654.7695,21,5534554,2,0.9166666666666666,1.0,1.0,0.0833333333333333,0.0,CoherenceRegime.SUBCOHERENT,188.11256216428492,2.3965620000000003,WallProximity.SAFE,True,0.0,0.0,0.4641622042192316,0.2274417798721354,True,
23,n-C23H48,Linear alkanes,Alkanes,Heavy oil,23,324.61400000000003,555029896519.2572,23,6058842,3,0.875,0.975,1.0,0.0999999999999999,0.0,CoherenceRegime.SUBCOHERENT,225.49988008804036,2.624614,WallProximity.SAFE,True,0.0,0.0,0.361638421829567,0.235314631527333,True,
24,n-C24H50,Linear alkanes,Alkanes,Heavy oil,24,338.64,543414061677.224,24,6321051,3,0.875,0.975,1.0,0.0999999999999999,0.0,CoherenceRegime.SUBCOHERENT,245.46344806696047,2.73864,WallProximity.SAFE,True,0.0,0.0,0.3140694284635896,0.2389986830533596,True,
26,n-C26H54,Linear alkanes,Alkanes,Heavy oil,26,366.692,522214928026.6263,26,6845347,2,0.9166666666666666,1.0,1.0,0.0833333333333333,0.0,CoherenceRegime.SUBCOHERENT,287.93040205888616,2.966692,WallProximity.SAFE,True,0.0,0.0,0.2294018148795772,0.2459287523680874,True,
27,n-C27H56,Linear alkanes,Alkanes,Heavy oil,27,380.718,512505221974.3419,27,7107491,3,0.875,0.975,1.0,0.0999999999999999,0.0,CoherenceRegime.SUBCOHERENT,310.4337880718915,3.080718,WallProximity.SAFE,True,0.0,0.0,0.1929628696356923,0.249196898441147,True,
28,n-C28H58,Linear alkanes,Alkanes,Heavy oil,28,394.744,503317732291.2979,28,7369699,3,0.875,0.975,1.0,0.0999999999999999,0.0,CoherenceRegime.SUBCOHERENT,333.7837800962586,3.1947440000000005,WallProximity.SAFE,True,0.0,0.0,0.1606118242057447,0.2523465228730758,True,
30,n-C30H62,Linear alkanes,Alkanes,Heavy oil,30,422.796,486333924479.0623,30,7889891,3,0.875,0.975,1.0,0.0999999999999999,0.0,CoherenceRegime.SUBCOHERENT,383.0235821790778,3.422796,WallProximity.SAFE,True,0.0,0.0,0.1078322009129451,0.2583225513642143,True,
34,n-C34H70,Linear alkanes,Alkanes,Heavy oil,34,478.9,456959364182.06506,34,8937964,3,0.875,0.975,1.0,0.0999999999999999,0.0,CoherenceRegime.SUBCOHERENT,491.6624584810569,3.8789,WallProximity.SAFE,True,0.0,0.0,0.0429157825515955,0.2691667048442769,True,
36,n-C36H74,Linear alkanes,Alkanes,Heavy oil,36,506.952,444136616400.4935,36,9462252,3,0.875,0.975,1.0,0.0999999999999999,0.0,CoherenceRegime.SUBCOHERENT,551.0615327002166,4.106952,WallProximity.SAFE,True,0.0,0.0,0.0254525974212211,0.274120009580299,True,
39,n-C39H80,Linear alkanes,Alkanes,Heavy oil,39,549.03,426777939336.178,39,10248692,3,0.875,0.975,1.0,0.0999999999999999,0.0,CoherenceRegime.SUBCOHERENT,646.5096891141691,4.4490300000000005,WallProximity.SAFE,True,0.0,0.0,0.0107676025313474,0.2810575037951581,True,
40,n-C40H82,Linear alkanes,Alkanes,Heavy oil,40,563.056,421428793323.7904,40,10510837,3,0.875,0.975,1.0,0.0999999999999999,0.0,CoherenceRegime.SUBCOHERENT,680.0189532748766,4.563056,WallProximity.SAFE,True,0.0,0.0,0.0079202574335114,0.2832521017394445,True,
55,2-Methyl-C7,Branched alkanes,Alkanes,Gasoline,7,100.198,999011467728.4476,9,1872520,3,0.875,0.975,1.0,0.0999999999999999,0.0,CoherenceRegime.SUBCOHERENT,21.221209970508696,0.8001980000000001,WallProximity.CRITICAL,True,0.6284659179406685,0.0,0.6993073420184516,0.1326770142455715,True,
56,3-Methyl-C7,Branched alkanes,Alkanes,Gasoline,7,100.198,999011467728.4476,9,1872520,3,0.875,0.975,1.0,0.0999999999999999,0.0,CoherenceRegime.SUBCOHERENT,21.221209970508696,0.8001980000000001,WallProximity.CRITICAL,True,0.6284659179406685,0.0,0.6993073420184516,0.1326770142455715,True,
57,"2,2-Dimethyl-C7",Branched alkanes,Alkanes,Gasoline,7,100.198,999011467728.4476,12,1872584,2,0.9166666666666666,1.0,1.0,0.0833333333333333,0.0,CoherenceRegime.SUBCOHERENT,21.221209970508696,0.8001980000000001,WallProximity.CRITICAL,True,0.6284659179406685,0.0,0.6993073420184516,0.1326770142455715,True,
58,"2,3-Dimethyl-C7",Branched alkanes,Alkanes,Gasoline,7,100.198,999011467728.4476,13,1872584,2,0.9166666666666666,1.0,1.0,0.0833333333333333,0.0,CoherenceRegime.SUBCOHERENT,21.221209970508696,0.8001980000000001,WallProximity.CRITICAL,True,0.6284659179406685,0.0,0.6993073420184516,0.1326770142455715,True,
59,"2,4-Dimethyl-C7",Branched alkanes,Alkanes,Gasoline,7,100.198,999011467728.4476,14,1872584,2,0.9166666666666666,1.0,1.0,0.0833333333333333,0.0,CoherenceRegime.SUBCOHERENT,21.221209970508696,0.8001980000000001,WallProximity.CRITICAL,True,0.6284659179406685,0.0,0.6993073420184516,0.1326770142455715,True,
61,2-Ethyl-C7,Branched alkanes,Alkanes,Gasoline,7,100.198,999011467728.4476,13,1872584,2,0.9166666666666666,1.0,1.0,0.0833333333333333,0.0,CoherenceRegime.SUBCOHERENT,21.221209970508696,0.8001980000000001,WallProximity.CRITICAL,True,0.6284659179406685,0.0,0.6993073420184516,0.1326770142455715,True,
62,3-Ethyl-C7,Branched alkanes,Alkanes,Gasoline,7,100.198,999011467728.4476,13,1872584,2,0.9166666666666666,1.0,1.0,0.0833333333333333,0.0,CoherenceRegime.SUBCOHERENT,21.221209970508696,0.8001980000000001,WallProximity.CRITICAL,True,0.6284659179406685,0.0,0.6993073420184516,0.1326770142455715,True,
63,2-Methyl-C8,Branched alkanes,Alkanes,Gasoline,8,114.224,935667010900.7026,10,2134665,3,0.875,0.975,1.0,0.0999999999999999,0.0,CoherenceRegime.SUBCOHERENT,27.639081767641613,0.914224,WallProximity.WARNING,True,0.2999966155396235,0.0,0.7447570440936945,0.1441523610703951,True,
64,3-Methyl-C8,Branched alkanes,Alkanes,Gasoline,8,114.224,935667010900.7026,10,2134665,3,0.875,0.975,1.0,0.0999999999999999,0.0,CoherenceRegime.SUBCOHERENT,27.639081767641613,0.914224,WallProximity.WARNING,True,0.2999966155396235,0.0,0.7447570440936945,0.1441523610703951,True,
79,2-Methyl-C10,Branched alkanes,Alkanes,Gasoline,10,142.276,838367002781.6842,12,2659017,3,0.875,0.975,1.0,0.0999999999999999,0.0,CoherenceRegime.SUBCOHERENT,43.01464339599258,1.142276,WallProximity.CAUTION,True,0.0,0.0,0.8017320509825592,0.1633616326823045,True,
80,3-Methyl-C10,Branched alkanes,Alkanes,Gasoline,10,142.276,838367002781.6842,12,2659017,3,0.875,0.975,1.0,0.0999999999999999,0.0,CoherenceRegime.SUBCOHERENT,43.01464339599258,1.142276,WallProximity.CAUTION,True,0.0,0.0,0.8017320509825592,0.1633616326823045,True,
81,"2,2-Dimethyl-C10",Branched alkanes,Alkanes,Gasoline,10,142.276,838367002781.6842,15,2659017,3,0.875,0.975,1.0,0.0999999999999999,0.0,CoherenceRegime.SUBCOHERENT,43.01464339599258,1.142276,WallProximity.CAUTION,True,0.0,0.0,0.8017320509825592,0.1633616326823045,True,
87,2-Methyl-C11,Branched alkanes,Alkanes,Gasoline,11,156.302,799866913217.5398,13,2921161,3,0.875,0.975,1.0,0.0999999999999999,0.0010341286632576,CoherenceRegime.SUBCOHERENT,51.97233322721061,1.256302,WallProximity.SAFE,True,0.0,0.0012115615859026,0.8128183517932119,0.1715772214320583,True,
88,3-Methyl-C11,Branched alkanes,Alkanes,Gasoline,11,156.302,799866913217.5398,13,2921161,3,0.875,0.975,1.0,0.0999999999999999,0.0010341286632576,CoherenceRegime.SUBCOHERENT,51.97233322721061,1.256302,WallProximity.SAFE,True,0.0,0.0012115615859026,0.8128183517932119,0.1715772214320583,True,
95,2-Methyl-C12,Branched alkanes,Alkanes,Gasoline,12,170.328,766226162165.0073,14,3179209,2,0.9166666666666666,1.0,1.0,0.0833333333333333,0.0,CoherenceRegime.SUBCOHERENT,61.77662906979037,1.3703280000000002,WallProximity.SAFE,True,0.0,0.0,0.8125262685665692,0.1790824206711787,True,
96,3-Methyl-C12,Branched alkanes,Alkanes,Gasoline,12,170.328,766226162165.0073,14,3179209,2,0.9166666666666666,1.0,1.0,0.0833333333333333,0.0,CoherenceRegime.SUBCOHERENT,61.77662906979037,1.3703280000000002,WallProximity.SAFE,True,0.0,0.0,0.8125262685665692,0.1790824206711787,True,
97,"2,2-Dimethyl-C12",Branched alkanes,Alkanes,Gasoline,12,170.328,766226162165.0073,17,3179273,2,0.9166666666666666,1.0,1.0,0.0833333333333333,0.0,CoherenceRegime.SUBCOHERENT,61.77662906979037,1.3703280000000002,WallProximity.SAFE,True,0.0,0.0,0.8125262685665692,0.1790824206711787,True,
98,"2,3-Dimethyl-C12",Branched alkanes,Alkanes,Gasoline,12,170.328,766226162165.0073,18,3179273,2,0.9166666666666666,1.0,1.0,0.0833333333333333,0.0,CoherenceRegime.SUBCOHERENT,61.77662906979037,1.3703280000000002,WallProximity.SAFE,True,0.0,0.0,0.8125262685665692,0.1790824206711787,True,
99,"2,4-Dimethyl-C12",Branched alkanes,Alkanes,Gasoline,12,170.328,766226162165.0073,19,3179273,2,0.9166666666666666,1.0,1.0,0.0833333333333333,0.0,CoherenceRegime.SUBCOHERENT,61.77662906979037,1.3703280000000002,WallProximity.SAFE,True,0.0,0.0,0.8125262685665692,0.1790824206711787,True,
100,"2,2,3-Trimethyl-C12",Branched alkanes,Alkanes,Gasoline,12,170.328,766226162165.0073,21,3179337,3,0.875,0.975,1.0,0.0999999999999999,0.0,CoherenceRegime.SUBCOHERENT,61.77662906979037,1.3703280000000002,WallProximity.SAFE,True,0.0,0.0,0.8125262685665692,0.1790824206711787,True,
101,2-Ethyl-C12,Branched alkanes,Alkanes,Gasoline,12,170.328,766226162165.0073,18,3179273,2,0.9166666666666666,1.0,1.0,0.0833333333333333,0.0,CoherenceRegime.SUBCOHERENT,61.77662906979037,1.3703280000000002,WallProximity.SAFE,True,0.0,0.0,0.8125262685665692,0.1790824206711787,True,
102,3-Ethyl-C12,Branched alkanes,Alkanes,Gasoline,12,170.328,766226162165.0073,18,3179273,2,0.9166666666666666,1.0,1.0,0.0833333333333333,0.0,CoherenceRegime.SUBCOHERENT,61.77662906979037,1.3703280000000002,WallProximity.SAFE,True,0.0,0.0,0.8125262685665692,0.1790824206711787,True,
103,2-Methyl-C13,Branched alkanes,Alkanes,Diesel,13,184.354,736501638657.2075,15,3441361,2,0.9166666666666666,1.0,1.0,0.0833333333333333,0.0,CoherenceRegime.SUBCOHERENT,72.42753092373184,1.4843540000000002,WallProximity.SAFE,True,0.0,0.0,0.8014205114468184,0.1859903680223826,True,
104,3-Methyl-C13,Branched alkanes,Alkanes,Diesel,13,184.354,736501638657.2075,15,3441361,2,0.9166666666666666,1.0,1.0,0.0833333333333333,0.0,CoherenceRegime.SUBCOHERENT,72.42753092373184,1.4843540000000002,WallProximity.SAFE,True,0.0,0.0,0.8014205114468184,0.1859903680223826,True,
105,"2,2-Dimethyl-C13",Branched alkanes,Alkanes,Diesel,13,184.354,736501638657.2075,18,3441425,3,0.875,0.975,1.0,0.0999999999999999,0.0,CoherenceRegime.SUBCOHERENT,72.42753092373184,1.4843540000000002,WallProximity.SAFE,True,0.0,0.0,0.8014205114468184,0.1859903680223826,True,
106,"2,3-Dimethyl-C13",Branched alkanes,Alkanes,Diesel,13,184.354,736501638657.2075,19,3441425,3,0.875,0.975,1.0,0.0999999999999999,0.0,CoherenceRegime.SUBCOHERENT,72.42753092373184,1.4843540000000002,WallProximity.SAFE,True,0.0,0.0,0.8014205114468184,0.1859903680223826,True,
107,"2,4-Dimethyl-C13",Branched alkanes,Alkanes,Diesel,13,184.354,736501638657.2075,20,3441489,2,0.9166666666666666,1.0,1.0,0.0833333333333333,0.0,CoherenceRegime.SUBCOHERENT,72.42753092373184,1.4843540000000002,WallProximity.SAFE,True,0.0,0.0,0.8014205114468184,0.1859903680223826,True,
108,"2,2,3-Trimethyl-C13",Branched alkanes,Alkanes,Diesel,13,184.354,736501638657.2075,22,3441489,2,0.9166666666666666,1.0,1.0,0.0833333333333333,0.0,CoherenceRegime.SUBCOHERENT,72.42753092373184,1.4843540000000002,WallProximity.SAFE,True,0.0,0.0,0.8014205114468184,0.1859903680223826,True,
109,2-Ethyl-C13,Branched alkanes,Alkanes,Diesel,13,184.354,736501638657.2075,19,3441425,3,0.875,0.975,1.0,0.0999999999999999,0.0,CoherenceRegime.SUBCOHERENT,72.42753092373184,1.4843540000000002,WallProximity.SAFE,True,0.0,0.0,0.8014205114468184,0.1859903680223826,True,
110,3-Ethyl-C13,Branched alkanes,Alkanes,Diesel,13,184.354,736501638657.2075,19,3441425,3,0.875,0.975,1.0,0.0999999999999999,0.0,CoherenceRegime.SUBCOHERENT,72.42753092373184,1.4843540000000002,WallProximity.SAFE,True,0.0,0.0,0.8014205114468184,0.1859903680223826,True,
111,2-Methyl-C14,Branched alkanes,Alkanes,Diesel,14,198.38,709988079400.2195,16,3703569,3,0.875,0.975,1.0,0.0999999999999999,0.0,CoherenceRegime.SUBCOHERENT,83.92503878903499,1.59838,WallProximity.SAFE,True,0.0,0.0,0.7803595749141533,0.1923891550645221,True,
112,3-Methyl-C14,Branched alkanes,Alkanes,Diesel,14,198.38,709988079400.2195,16,3703569,3,0.875,0.975,1.0,0.0999999999999999,0.0,CoherenceRegime.SUBCOHERENT,83.92503878903499,1.59838,WallProximity.SAFE,True,0.0,0.0,0.7803595749141533,0.1923891550645221,True,
113,"2,2-Dimethyl-C14",Branched alkanes,Alkanes,Diesel,14,198.38,709988079400.2195,19,3703569,3,0.875,0.975,1.0,0.0999999999999999,0.0,CoherenceRegime.SUBCOHERENT,83.92503878903499,1.59838,WallProximity.SAFE,True,0.0,0.0,0.7803595749141533,0.1923891550645221,True,
114,"2,3-Dimethyl-C14",Branched alkanes,Alkanes,Diesel,14,198.38,709988079400.2195,20,3703633,2,0.9166666666666666,1.0,1.0,0.0833333333333333,0.0,CoherenceRegime.SUBCOHERENT,83.92503878903499,1.59838,WallProximity.SAFE,True,0.0,0.0,0.7803595749141533,0.1923891550645221,True,
115,"2,4-Dimethyl-C14",Branched alkanes,Alkanes,Diesel,14,198.38,709988079400.2195,21,3703633,2,0.9166666666666666,1.0,1.0,0.0833333333333333,0.0,CoherenceRegime.SUBCOHERENT,83.92503878903499,1.59838,WallProximity.SAFE,True,0.0,0.0,0.7803595749141533,0.1923891550645221,True,
116,"2,2,3-Trimethyl-C14",Branched alkanes,Alkanes,Diesel,14,198.38,709988079400.2195,23,3703633,2,0.9166666666666666,1.0,1.0,0.0833333333333333,0.0,CoherenceRegime.SUBCOHERENT,83.92503878903499,1.59838,WallProximity.SAFE,True,0.0,0.0,0.7803595749141533,0.1923891550645221,True,
117,2-Ethyl-C14,Branched alkanes,Alkanes,Diesel,14,198.38,709988079400.2195,20,3703633,2,0.9166666666666666,1.0,1.0,0.0833333333333333,0.0,CoherenceRegime.SUBCOHERENT,83.92503878903499,1.59838,WallProximity.SAFE,True,0.0,0.0,0.7803595749141533,0.1923891550645221,True,
118,3-Ethyl-C14,Branched alkanes,Alkanes,Diesel,14,198.38,709988079400.2195,20,3703633,2,0.9166666666666666,1.0,1.0,0.0833333333333333,0.0,CoherenceRegime.SUBCOHERENT,83.92503878903499,1.59838,WallProximity.SAFE,True,0.0,0.0,0.7803595749141533,0.1923891550645221,True,
121,"2,2-Dimethyl-C15",Branched alkanes,Alkanes,Diesel,15,212.406,686146116732.9568,20,3965777,3,0.875,0.975,1.0,0.0999999999999999,0.0,CoherenceRegime.SUBCOHERENT,96.26915266569986,1.712406,WallProximity.SAFE,True,0.0,0.0,0.7504537250958354,0.1983487149292778,True,
122,"2,3-Dimethyl-C15",Branched alkanes,Alkanes,Diesel,15,212.406,686146116732.9568,21,3965777,3,0.875,0.975,1.0,0.0999999999999999,0.0,CoherenceRegime.SUBCOHERENT,96.26915266569986,1.712406,WallProximity.SAFE,True,0.0,0.0,0.7504537250958354,0.1983487149292778,True,
123,"2,4-Dimethyl-C15",Branched alkanes,Alkanes,Diesel,15,212.406,686146116732.9568,22,3965777,3,0.875,0.975,1.0,0.0999999999999999,0.0,CoherenceRegime.SUBCOHERENT,96.26915266569986,1.712406,WallProximity.SAFE,True,0.0,0.0,0.7504537250958354,0.1983487149292778,True,
124,"2,2,3-Trimethyl-C15",Branched alkanes,Alkanes,Diesel,15,212.406,686146116732.9568,24,3965841,3,0.875,0.975,1.0,0.0999999999999999,0.0,CoherenceRegime.SUBCOHERENT,96.26915266569986,1.712406,WallProximity.SAFE,True,0.0,0.0,0.7504537250958354,0.1983487149292778,True,
125,2-Ethyl-C15,Branched alkanes,Alkanes,Diesel,15,212.406,686146116732.9568,21,3965777,3,0.875,0.975,1.0,0.0999999999999999,0.0,CoherenceRegime.SUBCOHERENT,96.26915266569986,1.712406,WallProximity.SAFE,True,0.0,0.0,0.7504537250958354,0.1983487149292778,True,
126,3-Ethyl-C15,Branched alkanes,Alkanes,Diesel,15,212.406,686146116732.9568,21,3965777,3,0.875,0.975,1.0,0.0999999999999999,0.0,CoherenceRegime.SUBCOHERENT,96.26915266569986,1.712406,WallProximity.SAFE,True,0.0,0.0,0.7504537250958354,0.1983487149292778,True,
127,2-Methyl-C16,Branched alkanes,Alkanes,Diesel,16,226.432,664555258312.6898,18,4227858,3,0.875,0.975,1.0,0.0999999999999999,0.0,CoherenceRegime.SUBCOHERENT,109.45987255372644,1.826432,WallProximity.SAFE,True,0.0,0.0,0.7130099647144913,0.2039254938149209,True,
128,3-Methyl-C16,Branched alkanes,Alkanes,Diesel,16,226.432,664555258312.6898,18,4227858,3,0.875,0.975,1.0,0.0999999999999999,0.0,CoherenceRegime.SUBCOHERENT,109.45987255372644,1.826432,WallProximity.SAFE,True,0.0,0.0,0.7130099647144913,0.2039254938149209,True,
135,2-Methyl-C17,Branched alkanes,Alkanes,Diesel,17,240.458,644882192557.4109,19,4490002,3,0.875,0.975,1.0,0.0999999999999999,0.0007374461291984,CoherenceRegime.SUBCOHERENT,123.49719845311472,1.940458,WallProximity.SAFE,True,0.0,0.0008916945728187,0.6694688654569966,0.2091657105691608,True,
136,3-Methyl-C17,Branched alkanes,Alkanes,Diesel,17,240.458,644882192557.4109,19,4490002,3,0.875,0.975,1.0,0.0999999999999999,0.0007374461291984,CoherenceRegime.SUBCOHERENT,123.49719845311472,1.940458,WallProximity.SAFE,True,0.0,0.0008916945728187,0.6694688654569966,0.2091657105691608,True,
137,"2,2-Dimethyl-C17",Branched alkanes,Alkanes,Diesel,17,240.458,644882192557.4109,22,4490066,3,0.875,0.975,1.0,0.0999999999999999,0.0007374461291984,CoherenceRegime.SUBCOHERENT,123.49719845311472,1.940458,WallProximity.SAFE,True,0.0,0.0008916945728187,0.6694688654569966,0.2091657105691608,True,
138,"2,3-Dimethyl-C17",Branched alkanes,Alkanes,Diesel,17,240.458,644882192557.4109,23,4490066,3,0.875,0.975,1.0,0.0999999999999999,0.0007374461291984,CoherenceRegime.SUBCOHERENT,123.49719845311472,1.940458,WallProximity.SAFE,True,0.0,0.0008916945728187,0.6694688654569966,0.2091657105691608,True,
139,"2,4-Dimethyl-C17",Branched alkanes,Alkanes,Diesel,17,240.458,644882192557.4109,24,4490130,3,0.875,0.975,1.0,0.0999999999999999,0.0007374461291984,CoherenceRegime.SUBCOHERENT,123.49719845311472,1.940458,WallProximity.SAFE,True,0.0,0.0008916945728187,0.6694688654569966,0.2091657105691608,True,
140,"2,2,3-Trimethyl-C17",Branched alkanes,Alkanes,Diesel,17,240.458,644882192557.4109,26,4490130,3,0.875,0.975,1.0,0.0999999999999999,0.0007374461291984,CoherenceRegime.SUBCOHERENT,123.49719845311472,1.940458,WallProximity.SAFE,True,0.0,0.0008916945728187,0.6694688654569966,0.2091657105691608,True,
141,2-Ethyl-C17,Branched alkanes,Alkanes,Diesel,17,240.458,644882192557.4109,23,4490066,3,0.875,0.975,1.0,0.0999999999999999,0.0007374461291984,CoherenceRegime.SUBCOHERENT,123.49719845311472,1.940458,WallProximity.SAFE,True,0.0,0.0008916945728187,0.6694688654569966,0.2091657105691608,True,
142,3-Ethyl-C17,Branched alkanes,Alkanes,Diesel,17,240.458,644882192557.4109,23,4490066,3,0.875,0.975,1.0,0.0999999999999999,0.0007374461291984,CoherenceRegime.SUBCOHERENT,123.49719845311472,1.940458,WallProximity.SAFE,True,0.0,0.0008916945728187,0.6694688654569966,0.2091657105691608,True,
151,2-Methyl-C19,Branched alkanes,Alkanes,Diesel,19,268.51,610266833430.1029,21,5010266,3,0.875,0.975,1.0,0.0999999999999999,0.0,CoherenceRegime.SUBCOHERENT,154.1116682859764,2.16851,WallProximity.SAFE,True,0.0,0.0,0.5701273044585125,0.2187835521783771,True,
152,3-Methyl-C19,Branched alkanes,Alkanes,Diesel,19,268.51,610266833430.1029,21,5010266,3,0.875,0.975,1.0,0.0999999999999999,0.0,CoherenceRegime.SUBCOHERENT,154.1116682859764,2.16851,WallProximity.SAFE,True,0.0,0.0,0.5701273044585125,0.2187835521783771,True,
159,2-Methyl-C20,Branched alkanes,Alkanes,Diesel,20,282.536,594926211713.4329,22,5272410,3,0.875,0.975,1.0,0.0999999999999999,0.0,CoherenceRegime.SUBCOHERENT,170.6888122194498,2.282536,WallProximity.SAFE,True,0.0,0.0,0.5172880014063855,0.223220505626067,True,
160,3-Methyl-C20,Branched alkanes,Alkanes,Diesel,20,282.536,594926211713.4329,22,5272410,3,0.875,0.975,1.0,0.0999999999999999,0.0,CoherenceRegime.SUBCOHERENT,170.6888122194498,2.282536,WallProximity.SAFE,True,0.0,0.0,0.5172880014063855,0.223220505626067,True,
161,"2,2-Dimethyl-C20",Branched alkanes,Alkanes,Diesel,20,282.536,594926211713.4329,25,5272474,3,0.875,0.975,1.0,0.0999999999999999,0.0,CoherenceRegime.SUBCOHERENT,170.6888122194498,2.282536,WallProximity.SAFE,True,0.0,0.0,0.5172880014063855,0.223220505626067,True,
162,"2,3-Dimethyl-C20",Branched alkanes,Alkanes,Diesel,20,282.536,594926211713.4329,26,5272474,3,0.875,0.975,1.0,0.0999999999999999,0.0,CoherenceRegime.SUBCOHERENT,170.6888122194498,2.282536,WallProximity.SAFE,True,0.0,0.0,0.5172880014063855,0.223220505626067,True,
163,"2,4-Dimethyl-C20",Branched alkanes,Alkanes,Diesel,20,282.536,594926211713.4329,27,5272474,3,0.875,0.975,1.0,0.0999999999999999,0.0,CoherenceRegime.SUBCOHERENT,170.6888122194498,2.282536,WallProximity.SAFE,True,0.0,0.0,0.5172880014063855,0.223220505626067,True,
165,2-Ethyl-C20,Branched alkanes,Alkanes,Diesel,20,282.536,594926211713.4329,26,5272474,3,0.875,0.975,1.0,0.0999999999999999,0.0,CoherenceRegime.SUBCOHERENT,170.6888122194498,2.282536,WallProximity.SAFE,True,0.0,0.0,0.5172880014063855,0.223220505626067,True,
166,3-Ethyl-C20,Branched alkanes,Alkanes,Diesel,20,282.536,594926211713.4329,26,5272474,3,0.875,0.975,1.0,0.0999999999999999,0.0,CoherenceRegime.SUBCOHERENT,170.6888122194498,2.282536,WallProximity.SAFE,True,0.0,0.0,0.5172880014063855,0.223220505626067,True,
167,2-Methyl-C21,Branched alkanes,Alkanes,Diesel,21,296.562,580687194654.7695,23,5534554,2,0.9166666666666666,1.0,1.0,0.0833333333333333,0.0,CoherenceRegime.SUBCOHERENT,188.11256216428492,2.3965620000000003,WallProximity.SAFE,True,0.0,0.0,0.4641622042192316,0.2274417798721354,True,
168,3-Methyl-C21,Branched alkanes,Alkanes,Diesel,21,296.562,580687194654.7695,23,5534554,2,0.9166666666666666,1.0,1.0,0.0833333333333333,0.0,CoherenceRegime.SUBCOHERENT,188.11256216428492,2.3965620000000003,WallProximity.SAFE,True,0.0,0.0,0.4641622042192316,0.2274417798721354,True,
169,"2,2-Dimethyl-C21",Branched alkanes,Alkanes,Diesel,21,296.562,580687194654.7695,26,5534618,2,0.9166666666666666,1.0,1.0,0.0833333333333333,0.0,CoherenceRegime.SUBCOHERENT,188.11256216428492,2.3965620000000003,WallProximity.SAFE,True,0.0,0.0,0.4641622042192316,0.2274417798721354,True,
170,"2,3-Dimethyl-C21",Branched alkanes,Alkanes,Diesel,21,296.562,580687194654.7695,27,5534618,2,0.9166666666666666,1.0,1.0,0.0833333333333333,0.0,CoherenceRegime.SUBCOHERENT,188.11256216428492,2.3965620000000003,WallProximity.SAFE,True,0.0,0.0,0.4641622042192316,0.2274417798721354,True,
171,"2,4-Dimethyl-C21",Branched alkanes,Alkanes,Diesel,21,296.562,580687194654.7695,28,5534682,3,0.875,0.975,1.0,0.0999999999999999,0.0,CoherenceRegime.SUBCOHERENT,188.11256216428492,2.3965620000000003,WallProximity.SAFE,True,0.0,0.0,0.4641622042192316,0.2274417798721354,True,
172,"2,2,3-Trimethyl-C21",Branched alkanes,Alkanes,Diesel,21,296.562,580687194654.7695,30,5534682,3,0.875,0.975,1.0,0.0999999999999999,0.0,CoherenceRegime.SUBCOHERENT,188.11256216428492,2.3965620000000003,WallProximity.SAFE,True,0.0,0.0,0.4641622042192316,0.2274417798721354,True,
173,2-Ethyl-C21,Branched alkanes,Alkanes,Diesel,21,296.562,580687194654.7695,27,5534618,2,0.9166666666666666,1.0,1.0,0.0833333333333333,0.0,CoherenceRegime.SUBCOHERENT,188.11256216428492,2.3965620000000003,WallProximity.SAFE,True,0.0,0.0,0.4641622042192316,0.2274417798721354,True,
174,3-Ethyl-C21,Branched alkanes,Alkanes,Diesel,21,296.562,580687194654.7695,27,5534618,2,0.9166666666666666,1.0,1.0,0.0833333333333333,0.0,CoherenceRegime.SUBCOHERENT,188.11256216428492,2.3965620000000003,WallProximity.SAFE,True,0.0,0.0,0.4641622042192316,0.2274417798721354,True,
183,2-Methyl-C23,Branched alkanes,Alkanes,Diesel,23,324.61400000000003,555029896519.2572,25,6058906,3,0.875,0.975,1.0,0.0999999999999999,0.0,CoherenceRegime.SUBCOHERENT,225.49988008804036,2.624614,WallProximity.SAFE,True,0.0,0.0,0.361638421829567,0.235314631527333,True,
184,3-Methyl-C23,Branched alkanes,Alkanes,Diesel,23,324.61400000000003,555029896519.2572,25,6058906,3,0.875,0.975,1.0,0.0999999999999999,0.0,CoherenceRegime.SUBCOHERENT,225.49988008804036,2.624614,WallProximity.SAFE,True,0.0,0.0,0.361638421829567,0.235314631527333,True,
191,2-Methyl-C24,Branched alkanes,Alkanes,Diesel,24,338.64,543414061677.224,26,6321051,3,0.875,0.975,1.0,0.0999999999999999,0.0,CoherenceRegime.SUBCOHERENT,245.46344806696047,2.73864,WallProximity.SAFE,True,0.0,0.0,0.3140694284635896,0.2389986830533596,True,
192,3-Methyl-C24,Branched alkanes,Alkanes,Diesel,24,338.64,543414061677.224,26,6321051,3,0.875,0.975,1.0,0.0999999999999999,0.0,CoherenceRegime.SUBCOHERENT,245.46344806696047,2.73864,WallProximity.SAFE,True,0.0,0.0,0.3140694284635896,0.2389986830533596,True,
201,"2,2-Dimethyl-C25",Branched alkanes,Alkanes,Diesel,25,352.666,532498273476.99066,30,6583267,3,0.875,0.975,1.0,0.0999999999999999,0.0,CoherenceRegime.SUBCOHERENT,266.2736220572425,2.852666,WallProximity.SAFE,True,0.0,0.0,0.2698503910645006,0.2425328145926777,True,
202,"2,3-Dimethyl-C25",Branched alkanes,Alkanes,Diesel,25,352.666,532498273476.99066,31,6583267,3,0.875,0.975,1.0,0.0999999999999999,0.0,CoherenceRegime.SUBCOHERENT,266.2736220572425,2.852666,WallProximity.SAFE,True,0.0,0.0,0.2698503910645006,0.2425328145926777,True,
203,"2,4-Dimethyl-C25",Branched alkanes,Alkanes,Diesel,25,352.666,532498273476.99066,32,6583267,3,0.875,0.975,1.0,0.0999999999999999,0.0,CoherenceRegime.SUBCOHERENT,266.2736220572425,2.852666,WallProximity.SAFE,True,0.0,0.0,0.2698503910645006,0.2425328145926777,True,
204,"2,2,3-Trimethyl-C25",Branched alkanes,Alkanes,Diesel,25,352.666,532498273476.99066,34,6583267,3,0.875,0.975,1.0,0.0999999999999999,0.0,CoherenceRegime.SUBCOHERENT,266.2736220572425,2.852666,WallProximity.SAFE,True,0.0,0.0,0.2698503910645006,0.2425328145926777,True,
205,2-Ethyl-C25,Branched alkanes,Alkanes,Diesel,25,352.666,532498273476.99066,31,6583267,3,0.875,0.975,1.0,0.0999999999999999,0.0,CoherenceRegime.SUBCOHERENT,266.2736220572425,2.852666,WallProximity.SAFE,True,0.0,0.0,0.2698503910645006,0.2425328145926777,True,
206,3-Ethyl-C25,Branched alkanes,Alkanes,Diesel,25,352.666,532498273476.99066,31,6583267,3,0.875,0.975,1.0,0.0999999999999999,0.0,CoherenceRegime.SUBCOHERENT,266.2736220572425,2.852666,WallProximity.SAFE,True,0.0,0.0,0.2698503910645006,0.2425328145926777,True,
207,2-Methyl-C26,Branched alkanes,Alkanes,Diesel,26,366.692,522214928026.6263,28,6845411,1,0.9583333333333334,1.0,1.0,0.0416666666666666,0.0,CoherenceRegime.SUBCOHERENT,287.93040205888616,2.966692,WallProximity.SAFE,True,0.0,0.0,0.2294018148795772,0.2459287523680874,True,
208,3-Methyl-C26,Branched alkanes,Alkanes,Diesel,26,366.692,522214928026.6263,28,6845411,1,0.9583333333333334,1.0,1.0,0.0416666666666666,0.0,CoherenceRegime.SUBCOHERENT,287.93040205888616,2.966692,WallProximity.SAFE,True,0.0,0.0,0.2294018148795772,0.2459287523680874,True,
209,"2,2-Dimethyl-C26",Branched alkanes,Alkanes,Diesel,26,366.692,522214928026.6263,31,6845411,1,0.9583333333333334,1.0,1.0,0.0416666666666666,0.0,CoherenceRegime.SUBCOHERENT,287.93040205888616,2.966692,WallProximity.SAFE,True,0.0,0.0,0.2294018148795772,0.2459287523680874,True,
210,"2,3-Dimethyl-C26",Branched alkanes,Alkanes,Diesel,26,366.692,522214928026.6263,32,6845411,1,0.9583333333333334,1.0,1.0,0.0416666666666666,0.0,CoherenceRegime.SUBCOHERENT,287.93040205888616,2.966692,WallProximity.SAFE,True,0.0,0.0,0.2294018148795772,0.2459287523680874,True,
211,"2,4-Dimethyl-C26",Branched alkanes,Alkanes,Diesel,26,366.692,522214928026.6263,33,6845411,1,0.9583333333333334,1.0,1.0,0.0416666666666666,0.0,CoherenceRegime.SUBCOHERENT,287.93040205888616,2.966692,WallProximity.SAFE,True,0.0,0.0,0.2294018148795772,0.2459287523680874,True,
212,"2,2,3-Trimethyl-C26",Branched alkanes,Alkanes,Diesel,26,366.692,522214928026.6263,35,6845411,1,0.9583333333333334,1.0,1.0,0.0416666666666666,0.0,CoherenceRegime.SUBCOHERENT,287.93040205888616,2.966692,WallProximity.SAFE,True,0.0,0.0,0.2294018148795772,0.2459287523680874,True,
213,2-Ethyl-C26,Branched alkanes,Alkanes,Diesel,26,366.692,522214928026.6263,32,6845411,1,0.9583333333333334,1.0,1.0,0.0416666666666666,0.0,CoherenceRegime.SUBCOHERENT,287.93040205888616,2.966692,WallProximity.SAFE,True,0.0,0.0,0.2294018148795772,0.2459287523680874,True,
214,3-Ethyl-C26,Branched alkanes,Alkanes,Diesel,26,366.692,522214928026.6263,32,6845411,1,0.9583333333333334,1.0,1.0,0.0416666666666666,0.0,CoherenceRegime.SUBCOHERENT,287.93040205888616,2.966692,WallProximity.SAFE,True,0.0,0.0,0.2294018148795772,0.2459287523680874,True,
215,2-Methyl-C27,Branched alkanes,Alkanes,Diesel,27,380.718,512505221974.3419,29,7107555,2,0.9166666666666666,1.0,1.0,0.0833333333333333,0.0,CoherenceRegime.SUBCOHERENT,310.4337880718915,3.080718,WallProximity.SAFE,True,0.0,0.0,0.1929628696356923,0.249196898441147,True,
216,3-Methyl-C27,Branched alkanes,Alkanes,Diesel,27,380.718,512505221974.3419,29,7107555,2,0.9166666666666666,1.0,1.0,0.0833333333333333,0.0,CoherenceRegime.SUBCOHERENT,310.4337880718915,3.080718,WallProximity.SAFE,True,0.0,0.0,0.1929628696356923,0.249196898441147,True,
217,"2,2-Dimethyl-C27",Branched alkanes,Alkanes,Diesel,27,380.718,512505221974.3419,32,7107555,2,0.9166666666666666,1.0,1.0,0.0833333333333333,0.0,CoherenceRegime.SUBCOHERENT,310.4337880718915,3.080718,WallProximity.SAFE,True,0.0,0.0,0.1929628696356923,0.249196898441147,True,
218,"2,3-Dimethyl-C27",Branched alkanes,Alkanes,Diesel,27,380.718,512505221974.3419,33,7107555,2,0.9166666666666666,1.0,1.0,0.0833333333333333,0.0,CoherenceRegime.SUBCOHERENT,310.4337880718915,3.080718,WallProximity.SAFE,True,0.0,0.0,0.1929628696356923,0.249196898441147,True,
219,"2,4-Dimethyl-C27",Branched alkanes,Alkanes,Diesel,27,380.718,512505221974.3419,34,7107555,2,0.9166666666666666,1.0,1.0,0.0833333333333333,0.0,CoherenceRegime.SUBCOHERENT,310.4337880718915,3.080718,WallProximity.SAFE,True,0.0,0.0,0.1929628696356923,0.249196898441147,True,
220,"2,2,3-Trimethyl-C27",Branched alkanes,Alkanes,Diesel,27,380.718,512505221974.3419,36,7107555,2,0.9166666666666666,1.0,1.0,0.0833333333333333,0.0,CoherenceRegime.SUBCOHERENT,310.4337880718915,3.080718,WallProximity.SAFE,True,0.0,0.0,0.1929628696356923,0.249196898441147,True,
221,2-Ethyl-C27,Branched alkanes,Alkanes,Diesel,27,380.718,512505221974.3419,33,7107555,2,0.9166666666666666,1.0,1.0,0.0833333333333333,0.0,CoherenceRegime.SUBCOHERENT,310.4337880718915,3.080718,WallProximity.SAFE,True,0.0,0.0,0.1929628696356923,0.249196898441147,True,
222,3-Ethyl-C27,Branched alkanes,Alkanes,Diesel,27,380.718,512505221974.3419,33,7107555,2,0.9166666666666666,1.0,1.0,0.0833333333333333,0.0,CoherenceRegime.SUBCOHERENT,310.4337880718915,3.080718,WallProximity.SAFE,True,0.0,0.0,0.1929628696356923,0.249196898441147,True,
223,2-Methyl-C28,Branched alkanes,Alkanes,Diesel,28,394.744,503317732291.2979,30,7369699,3,0.875,0.975,1.0,0.0999999999999999,0.0,CoherenceRegime.SUBCOHERENT,333.7837800962586,3.1947440000000005,WallProximity.SAFE,True,0.0,0.0,0.1606118242057447,0.2523465228730758,True,
224,3-Methyl-C28,Branched alkanes,Alkanes,Diesel,28,394.744,503317732291.2979,30,7369699,3,0.875,0.975,1.0,0.0999999999999999,0.0,CoherenceRegime.SUBCOHERENT,333.7837800962586,3.1947440000000005,WallProximity.SAFE,True,0.0,0.0,0.1606118242057447,0.2523465228730758,True,
225,"2,2-Dimethyl-C28",Branched alkanes,Alkanes,Diesel,28,394.744,503317732291.2979,33,7369699,3,0.875,0.975,1.0,0.0999999999999999,0.0,CoherenceRegime.SUBCOHERENT,333.7837800962586,3.1947440000000005,WallProximity.SAFE,True,0.0,0.0,0.1606118242057447,0.2523465228730758,True,
226,"2,3-Dimethyl-C28",Branched alkanes,Alkanes,Diesel,28,394.744,503317732291.2979,34,7369699,3,0.875,0.975,1.0,0.0999999999999999,0.0,CoherenceRegime.SUBCOHERENT,333.7837800962586,3.1947440000000005,WallProximity.SAFE,True,0.0,0.0,0.1606118242057447,0.2523465228730758,True,
227,"2,4-Dimethyl-C28",Branched alkanes,Alkanes,Diesel,28,394.744,503317732291.2979,35,7369699,3,0.875,0.975,1.0,0.0999999999999999,0.0,CoherenceRegime.SUBCOHERENT,333.7837800962586,3.1947440000000005,WallProximity.SAFE,True,0.0,0.0,0.1606118242057447,0.2523465228730758,True,
228,"2,2,3-Trimethyl-C28",Branched alkanes,Alkanes,Diesel,28,394.744,503317732291.2979,37,7369699,3,0.875,0.975,1.0,0.0999999999999999,0.0,CoherenceRegime.SUBCOHERENT,333.7837800962586,3.1947440000000005,WallProximity.SAFE,True,0.0,0.0,0.1606118242057447,0.2523465228730758,True,
229,2-Ethyl-C28,Branched alkanes,Alkanes,Diesel,28,394.744,503317732291.2979,34,7369699,3,0.875,0.975,1.0,0.0999999999999999,0.0,CoherenceRegime.SUBCOHERENT,333.7837800962586,3.1947440000000005,WallProximity.SAFE,True,0.0,0.0,0.1606118242057447,0.2523465228730758,True,
230,3-Ethyl-C28,Branched alkanes,Alkanes,Diesel,28,394.744,503317732291.2979,34,7369699,3,0.875,0.975,1.0,0.0999999999999999,0.0,CoherenceRegime.SUBCOHERENT,333.7837800962586,3.1947440000000005,WallProximity.SAFE,True,0.0,0.0,0.1606118242057447,0.2523465228730758,True,
240,1-Methyl-cyclo-C3,Cycloalkanes,Cycloalkanes,Gasoline,4,56.104,1335067079460.4524,6,1094208,3,0.875,0.975,1.0,0.0999999999999999,0.0,CoherenceRegime.SUBCOHERENT,6.77284809089366,0.456104,WallProximity.BEYOND_WALL,False,1.0,0.0,0.5089117457968774,0.0830771334867177,True,
244,Cyclo-C4H8,Cycloalkanes,Cycloalkanes,Gasoline,4,56.104,1335067079460.4524,6,1094208,3,0.875,0.975,1.0,0.0999999999999999,0.0,CoherenceRegime.SUBCOHERENT,6.77284809089366,0.456104,WallProximity.BEYOND_WALL,False,1.0,0.0,0.5089117457968774,0.0830771334867177,True,
248,4-Methyl-cyclo-C4,Cycloalkanes,Cycloalkanes,Gasoline,8,112.208,944034985225.4052,10,2134665,3,0.875,0.975,1.0,0.0999999999999999,0.0,CoherenceRegime.SUBCOHERENT,27.09139236357464,0.912208,WallProximity.WARNING,True,0.3561888571011279,0.0,0.7524193337215321,0.143283132619514,True,
252,3-Methyl-cyclo-C5,Cycloalkanes,Cycloalkanes,Gasoline,8,112.208,944034985225.4052,10,2134665,3,0.875,0.975,1.0,0.0999999999999999,0.0,CoherenceRegime.SUBCOHERENT,27.09139236357464,0.912208,WallProximity.WARNING,True,0.3561888571011279,0.0,0.7524193337215321,0.143283132619514,True,
256,2-Methyl-cyclo-C6,Cycloalkanes,Cycloalkanes,Gasoline,8,112.208,944034985225.4052,10,2134665,3,0.875,0.975,1.0,0.0999999999999999,0.0,CoherenceRegime.SUBCOHERENT,27.09139236357464,0.912208,WallProximity.WARNING,True,0.3561888571011279,0.0,0.7524193337215321,0.143283132619514,True,
258,4-Methyl-cyclo-C6,Cycloalkanes,Cycloalkanes,Gasoline,10,140.26,844370560040.8063,12,2659017,3,0.875,0.975,1.0,0.0999999999999999,0.0020964232055424,CoherenceRegime.SUBCOHERENT,42.33030056808538,1.14026,WallProximity.CAUTION,True,0.0,0.0024374381697527,0.8108391997578444,0.1626651352211253,True,
260,1-Methyl-cyclo-C7,Cycloalkanes,Cycloalkanes,Gasoline,8,112.208,944034985225.4052,10,2134665,3,0.875,0.975,1.0,0.0999999999999999,0.0,CoherenceRegime.SUBCOHERENT,27.09139236357464,0.912208,WallProximity.WARNING,True,0.3561888571011279,0.0,0.7524193337215321,0.143283132619514,True,
262,3-Methyl-cyclo-C7,Cycloalkanes,Cycloalkanes,Gasoline,10,140.26,844370560040.8063,12,2659017,3,0.875,0.975,1.0,0.0999999999999999,0.0020964232055424,CoherenceRegime.SUBCOHERENT,42.33030056808538,1.14026,WallProximity.CAUTION,True,0.0,0.0024374381697527,0.8108391997578444,0.1626651352211253,True,
263,4-Methyl-cyclo-C7,Cycloalkanes,Cycloalkanes,Gasoline,11,154.286,805075740459.2579,13,2921161,3,0.875,0.975,1.0,0.0999999999999999,0.0,CoherenceRegime.SUBCOHERENT,51.21966368738332,1.254286,WallProximity.CAUTION,True,0.0,0.0,0.8226841066171374,0.1709436722527703,True,
264,Cyclo-C8H16,Cycloalkanes,Cycloalkanes,Gasoline,8,112.208,944034985225.4052,10,2134665,3,0.875,0.975,1.0,0.0999999999999999,0.0,CoherenceRegime.SUBCOHERENT,27.09139236357464,0.912208,WallProximity.WARNING,True,0.3561888571011279,0.0,0.7524193337215321,0.143283132619514,True,
266,2-Methyl-cyclo-C8,Cycloalkanes,Cycloalkanes,Gasoline,10,140.26,844370560040.8063,12,2659017,3,0.875,0.975,1.0,0.0999999999999999,0.0020964232055424,CoherenceRegime.SUBCOHERENT,42.33030056808538,1.14026,WallProximity.CAUTION,True,0.0,0.0024374381697527,0.8108391997578444,0.1626651352211253,True,
267,3-Methyl-cyclo-C8,Cycloalkanes,Cycloalkanes,Gasoline,11,154.286,805075740459.2579,13,2921161,3,0.875,0.975,1.0,0.0999999999999999,0.0,CoherenceRegime.SUBCOHERENT,51.21966368738332,1.254286,WallProximity.CAUTION,True,0.0,0.0,0.8226841066171374,0.1709436722527703,True,
268,4-Methyl-cyclo-C8,Cycloalkanes,Cycloalkanes,Gasoline,12,168.312,770801337712.6996,14,3179209,2,0.9166666666666666,1.0,1.0,0.0833333333333333,0.0,CoherenceRegime.SUBCOHERENT,60.955632818042965,1.3683120000000002,WallProximity.SAFE,True,0.0,0.0,0.8231092971646984,0.1785013844306502,True,
270,1-Methyl-cyclo-C9,Cycloalkanes,Cycloalkanes,Gasoline,10,140.26,844370560040.8063,12,2659017,3,0.875,0.975,1.0,0.0999999999999999,0.0020964232055424,CoherenceRegime.SUBCOHERENT,42.33030056808538,1.14026,WallProximity.CAUTION,True,0.0,0.0024374381697527,0.8108391997578444,0.1626651352211253,True,
271,2-Methyl-cyclo-C9,Cycloalkanes,Cycloalkanes,Gasoline,11,154.286,805075740459.2579,13,2921161,3,0.875,0.975,1.0,0.0999999999999999,0.0,CoherenceRegime.SUBCOHERENT,51.21966368738332,1.254286,WallProximity.CAUTION,True,0.0,0.0,0.8226841066171374,0.1709436722527703,True,
272,3-Methyl-cyclo-C9,Cycloalkanes,Cycloalkanes,Gasoline,12,168.312,770801337712.6996,14,3179209,2,0.9166666666666666,1.0,1.0,0.0833333333333333,0.0,CoherenceRegime.SUBCOHERENT,60.955632818042965,1.3683120000000002,WallProximity.SAFE,True,0.0,0.0,0.8231092971646984,0.1785013844306502,True,
273,4-Methyl-cyclo-C9,Cycloalkanes,Cycloalkanes,Gasoline,13,182.338,740561970950.5564,15,3441361,2,0.9166666666666666,1.0,1.0,0.0833333333333333,0.0,CoherenceRegime.SUBCOHERENT,71.5382079600643,1.482338,WallProximity.SAFE,True,0.0,0.0,0.8126373341409747,0.1854538056824926,True,
274,Cyclo-C10H20,Cycloalkanes,Cycloalkanes,Diesel,10,140.26,844370560040.8063,12,2659017,3,0.875,0.975,1.0,0.0999999999999999,0.0020964232055424,CoherenceRegime.SUBCOHERENT,42.33030056808538,1.14026,WallProximity.CAUTION,True,0.0,0.0024374381697527,0.8108391997578444,0.1626651352211253,True,
275,1-Methyl-cyclo-C10,Cycloalkanes,Cycloalkanes,Gasoline,11,154.286,805075740459.2579,13,2921161,3,0.875,0.975,1.0,0.0999999999999999,0.0,CoherenceRegime.SUBCOHERENT,51.21966368738332,1.254286,WallProximity.CAUTION,True,0.0,0.0,0.8226841066171374,0.1709436722527703,True,
276,2-Methyl-cyclo-C10,Cycloalkanes,Cycloalkanes,Gasoline,12,168.312,770801337712.6996,14,3179209,2,0.9166666666666666,1.0,1.0,0.0833333333333333,0.0,CoherenceRegime.SUBCOHERENT,60.955632818042965,1.3683120000000002,WallProximity.SAFE,True,0.0,0.0,0.8231092971646984,0.1785013844306502,True,
277,3-Methyl-cyclo-C10,Cycloalkanes,Cycloalkanes,Gasoline,13,182.338,740561970950.5564,15,3441361,2,0.9166666666666666,1.0,1.0,0.0833333333333333,0.0,CoherenceRegime.SUBCOHERENT,71.5382079600643,1.482338,WallProximity.SAFE,True,0.0,0.0,0.8126373341409747,0.1854538056824926,True,
278,4-Methyl-cyclo-C10,Cycloalkanes,Cycloalkanes,Gasoline,14,196.364,713623371385.9878,16,3703569,3,0.875,0.975,1.0,0.0999999999999999,0.0,CoherenceRegime.SUBCOHERENT,82.96738911344735,1.596364,WallProximity.SAFE,True,0.0,0.0,0.7920916115962445,0.1918907423567729,True,
279,Cyclo-C11H22,Cycloalkanes,Cycloalkanes,Diesel,11,154.286,805075740459.2579,13,2921161,3,0.875,0.975,1.0,0.0999999999999999,0.0,CoherenceRegime.SUBCOHERENT,51.21966368738332,1.254286,WallProximity.CAUTION,True,0.0,0.0,0.8226841066171374,0.1709436722527703,True,
280,1-Methyl-cyclo-C11,Cycloalkanes,Cycloalkanes,Gasoline,12,168.312,770801337712.6996,14,3179209,2,0.9166666666666666,1.0,1.0,0.0833333333333333,0.0,CoherenceRegime.SUBCOHERENT,60.955632818042965,1.3683120000000002,WallProximity.SAFE,True,0.0,0.0,0.8231092971646984,0.1785013844306502,True,
281,2-Methyl-cyclo-C11,Cycloalkanes,Cycloalkanes,Gasoline,13,182.338,740561970950.5564,15,3441361,2,0.9166666666666666,1.0,1.0,0.0833333333333333,0.0,CoherenceRegime.SUBCOHERENT,71.5382079600643,1.482338,WallProximity.SAFE,True,0.0,0.0,0.8126373341409747,0.1854538056824926,True,
282,3-Methyl-cyclo-C11,Cycloalkanes,Cycloalkanes,Gasoline,14,196.364,713623371385.9878,16,3703569,3,0.875,0.975,1.0,0.0999999999999999,0.0,CoherenceRegime.SUBCOHERENT,82.96738911344735,1.596364,WallProximity.SAFE,True,0.0,0.0,0.7920916115962445,0.1918907423567729,True,
284,Cyclo-C12H24,Cycloalkanes,Cycloalkanes,Diesel,12,168.312,770801337712.6996,14,3179209,2,0.9166666666666666,1.0,1.0,0.0833333333333333,0.0,CoherenceRegime.SUBCOHERENT,60.955632818042965,1.3683120000000002,WallProximity.SAFE,True,0.0,0.0,0.8231092971646984,0.1785013844306502,True,
285,1-Methyl-cyclo-C12,Cycloalkanes,Cycloalkanes,Gasoline,13,182.338,740561970950.5564,15,3441361,2,0.9166666666666666,1.0,1.0,0.0833333333333333,0.0,CoherenceRegime.SUBCOHERENT,71.5382079600643,1.482338,WallProximity.SAFE,True,0.0,0.0,0.8126373341409747,0.1854538056824926,True,
286,2-Methyl-cyclo-C12,Cycloalkanes,Cycloalkanes,Gasoline,14,196.364,713623371385.9878,16,3703569,3,0.875,0.975,1.0,0.0999999999999999,0.0,CoherenceRegime.SUBCOHERENT,82.96738911344735,1.596364,WallProximity.SAFE,True,0.0,0.0,0.7920916115962445,0.1918907423567729,True,
288,Cyclo-C13H26,Cycloalkanes,Cycloalkanes,Diesel,13,182.338,740561970950.5564,15,3441361,2,0.9166666666666666,1.0,1.0,0.0833333333333333,0.0,CoherenceRegime.SUBCOHERENT,71.5382079600643,1.482338,WallProximity.SAFE,True,0.0,0.0,0.8126373341409747,0.1854538056824926,True,
289,1-Methyl-cyclo-C13,Cycloalkanes,Cycloalkanes,Gasoline,14,196.364,713623371385.9878,16,3703569,3,0.875,0.975,1.0,0.0999999999999999,0.0,CoherenceRegime.SUBCOHERENT,82.96738911344735,1.596364,WallProximity.SAFE,True,0.0,0.0,0.7920916115962445,0.1918907423567729,True,
291,Cyclo-C14H28,Cycloalkanes,Cycloalkanes,Diesel,14,196.364,713623371385.9878,16,3703569,3,0.875,0.975,1.0,0.0999999999999999,0.0,CoherenceRegime.SUBCOHERENT,82.96738911344735,1.596364,WallProximity.SAFE,True,0.0,0.0,0.7920916115962445,0.1918907423567729,True,
697,Petroleum-C11-697,Linear alkanes,Alkanes,Mixed,11,156.302,799866913217.5398,11,2921097,3,0.875,0.975,1.0,0.0999999999999999,0.0010341286632576,CoherenceRegime.SUBCOHERENT,51.97233322721061,1.256302,WallProximity.SAFE,True,0.0,0.0012115615859026,0.8128183517932119,0.1715772214320583,True,
698,Petroleum-C12-698,Linear alkanes,Alkanes,Mixed,12,170.328,766226162165.0073,12,3179209,2,0.9166666666666666,1.0,1.0,0.0833333333333333,0.0,CoherenceRegime.SUBCOHERENT,61.77662906979037,1.3703280000000002,WallProximity.SAFE,True,0.0,0.0,0.8125262685665692,0.1790824206711787,True,
699,Petroleum-C13-699,Linear alkanes,Alkanes,Mixed,13,184.354,736501638657.2075,13,3441361,2,0.9166666666666666,1.0,1.0,0.0833333333333333,0.0,CoherenceRegime.SUBCOHERENT,72.42753092373184,1.4843540000000002,WallProximity.SAFE,True,0.0,0.0,0.8014205114468184,0.1859903680223826,True,
700,Petroleum-C14-700,Linear alkanes,Alkanes,Mixed,14,198.38,709988079400.2195,14,3703505,2,0.9166666666666666,1.0,1.0,0.0833333333333333,0.0,CoherenceRegime.SUBCOHERENT,83.92503878903499,1.59838,WallProximity.SAFE,True,0.0,0.0,0.7803595749141533,0.1923891550645221,True,
701,Petroleum-C15-701,Linear alkanes,Alkanes,Mixed,15,212.406,686146116732.9568,15,3965649,3,0.875,0.975,1.0,0.0999999999999999,0.0,CoherenceRegime.SUBCOHERENT,96.26915266569986,1.712406,WallProximity.SAFE,True,0.0,0.0,0.7504537250958354,0.1983487149292778,True,
702,Petroleum-C16-702,Linear alkanes,Alkanes,Mixed,16,226.432,664555258312.6898,16,4227858,3,0.875,0.975,1.0,0.0999999999999999,0.0,CoherenceRegime.SUBCOHERENT,109.45987255372644,1.826432,WallProximity.SAFE,True,0.0,0.0,0.7130099647144913,0.2039254938149209,True,
703,Petroleum-C17-703,Linear alkanes,Alkanes,Mixed,17,240.458,644882192557.4109,17,4490002,3,0.875,0.975,1.0,0.0999999999999999,0.0007374461291984,CoherenceRegime.SUBCOHERENT,123.49719845311472,1.940458,WallProximity.SAFE,True,0.0,0.0008916945728187,0.6694688654569966,0.2091657105691608,True,
704,Petroleum-C18-704,Linear alkanes,Alkanes,Mixed,18,254.484,626858845913.6626,18,4748050,3,0.875,0.975,1.0,0.0999999999999999,0.0,CoherenceRegime.SUBCOHERENT,138.3811303638647,2.054484,WallProximity.SAFE,True,0.0,0.0,0.6213381120750965,0.2141076873808912,True,
706,Petroleum-C20-706,Linear alkanes,Alkanes,Mixed,20,282.536,594926211713.4329,20,5272410,3,0.875,0.975,1.0,0.0999999999999999,0.0,CoherenceRegime.SUBCOHERENT,170.6888122194498,2.282536,WallProximity.SAFE,True,0.0,0.0,0.5172880014063855,0.223220505626067,True,
707,Petroleum-C21-707,Linear alkanes,Alkanes,Mixed,21,296.562,580687194654.7695,21,5534554,2,0.9166666666666666,1.0,1.0,0.0833333333333333,0.0,CoherenceRegime.SUBCOHERENT,188.11256216428492,2.3965620000000003,WallProximity.SAFE,True,0.0,0.0,0.4641622042192316,0.2274417798721354,True,
709,Petroleum-C23-709,Linear alkanes,Alkanes,Mixed,23,324.61400000000003,555029896519.2572,23,6058842,3,0.875,0.975,1.0,0.0999999999999999,0.0,CoherenceRegime.SUBCOHERENT,225.49988008804036,2.624614,WallProximity.SAFE,True,0.0,0.0,0.361638421829567,0.235314631527333,True,
710,Petroleum-C24-710,Linear alkanes,Alkanes,Mixed,24,338.64,543414061677.224,24,6321051,3,0.875,0.975,1.0,0.0999999999999999,0.0,CoherenceRegime.SUBCOHERENT,245.46344806696047,2.73864,WallProximity.SAFE,True,0.0,0.0,0.3140694284635896,0.2389986830533596,True,
712,Petroleum-C26-712,Linear alkanes,Alkanes,Mixed,26,366.692,522214928026.6263,26,6845347,2,0.9166666666666666,1.0,1.0,0.0833333333333333,0.0,CoherenceRegime.SUBCOHERENT,287.93040205888616,2.966692,WallProximity.SAFE,True,0.0,0.0,0.2294018148795772,0.2459287523680874,True,
713,Petroleum-C27-713,Linear alkanes,Alkanes,Mixed,27,380.718,512505221974.3419,27,7107491,3,0.875,0.975,1.0,0.0999999999999999,0.0,CoherenceRegime.SUBCOHERENT,310.4337880718915,3.080718,WallProximity.SAFE,True,0.0,0.0,0.1929628696356923,0.249196898441147,True,
714,Petroleum-C28-714,Linear alkanes,Alkanes,Mixed,28,394.744,503317732291.2979,28,7369699,3,0.875,0.975,1.0,0.0999999999999999,0.0,CoherenceRegime.SUBCOHERENT,333.7837800962586,3.1947440000000005,WallProximity.SAFE,True,0.0,0.0,0.1606118242057447,0.2523465228730758,True,
716,Petroleum-C30-716,Linear alkanes,Alkanes,Mixed,30,422.796,486333924479.0623,30,7889891,3,0.875,0.975,1.0,0.0999999999999999,0.0,CoherenceRegime.SUBCOHERENT,383.0235821790778,3.422796,WallProximity.SAFE,True,0.0,0.0,0.1078322009129451,0.2583225513642143,True,
720,Petroleum-C34-720,Linear alkanes,Alkanes,Mixed,34,478.9,456959364182.06506,34,8937964,3,0.875,0.975,1.0,0.0999999999999999,0.0,CoherenceRegime.SUBCOHERENT,491.6624584810569,3.8789,WallProximity.SAFE,True,0.0,0.0,0.0429157825515955,0.2691667048442769,True,
723,Petroleum-C7-723,Linear alkanes,Alkanes,Mixed,7,100.198,999011467728.4476,7,1872456,3,0.875,0.975,1.0,0.0999999999999999,0.0,CoherenceRegime.SUBCOHERENT,21.221209970508696,0.8001980000000001,WallProximity.CRITICAL,True,0.6284659179406685,0.0,0.6993073420184516,0.1326770142455715,True,
724,Petroleum-C8-724,Linear alkanes,Alkanes,Mixed,8,114.224,935667010900.7026,8,2134665,3,0.875,0.975,1.0,0.0999999999999999,0.0,CoherenceRegime.SUBCOHERENT,27.639081767641613,0.914224,WallProximity.WARNING,True,0.2999966155396235,0.0,0.7447570440936945,0.1441523610703951,True,
726,Petroleum-C10-726,Linear alkanes,Alkanes,Mixed,10,142.276,838367002781.6842,10,2658953,2,0.9166666666666666,1.0,1.0,0.0833333333333333,0.0,CoherenceRegime.SUBCOHERENT,43.01464339599258,1.142276,WallProximity.CAUTION,True,0.0,0.0,0.8017320509825592,0.1633616326823045,True,
727,Petroleum-C11-727,Linear alkanes,Alkanes,Mixed,11,156.302,799866913217.5398,11,2921097,3,0.875,0.975,1.0,0.0999999999999999,0.0010341286632576,CoherenceRegime.SUBCOHERENT,51.97233322721061,1.256302,WallProximity.SAFE,True,0.0,0.0012115615859026,0.8128183517932119,0.1715772214320583,True,
728,Petroleum-C12-728,Linear alkanes,Alkanes,Mixed,12,170.328,766226162165.0073,12,3179209,2,0.9166666666666666,1.0,1.0,0.0833333333333333,0.0,CoherenceRegime.SUBCOHERENT,61.77662906979037,1.3703280000000002,WallProximity.SAFE,True,0.0,0.0,0.8125262685665692,0.1790824206711787,True,
729,Petroleum-C13-729,Linear alkanes,Alkanes,Mixed,13,184.354,736501638657.2075,13,3441361,2,0.9166666666666666,1.0,1.0,0.0833333333333333,0.0,CoherenceRegime.SUBCOHERENT,72.42753092373184,1.4843540000000002,WallProximity.SAFE,True,0.0,0.0,0.8014205114468184,0.1859903680223826,True,
730,Petroleum-C14-730,Linear alkanes,Alkanes,Mixed,14,198.38,709988079400.2195,14,3703505,2,0.9166666666666666,1.0,1.0,0.0833333333333333,0.0,CoherenceRegime.SUBCOHERENT,83.92503878903499,1.59838,WallProximity.SAFE,True,0.0,0.0,0.7803595749141533,0.1923891550645221,True,
731,Petroleum-C15-731,Linear alkanes,Alkanes,Mixed,15,212.406,686146116732.9568,15,3965649,3,0.875,0.975,1.0,0.0999999999999999,0.0,CoherenceRegime.SUBCOHERENT,96.26915266569986,1.712406,WallProximity.SAFE,True,0.0,0.0,0.7504537250958354,0.1983487149292778,True,
732,Petroleum-C16-732,Linear alkanes,Alkanes,Mixed,16,226.432,664555258312.6898,16,4227858,3,0.875,0.975,1.0,0.0999999999999999,0.0,CoherenceRegime.SUBCOHERENT,109.45987255372644,1.826432,WallProximity.SAFE,True,0.0,0.0,0.7130099647144913,0.2039254938149209,True,
733,Petroleum-C17-733,Linear alkanes,Alkanes,Mixed,17,240.458,644882192557.4109,17,4490002,3,0.875,0.975,1.0,0.0999999999999999,0.0007374461291984,CoherenceRegime.SUBCOHERENT,123.49719845311472,1.940458,WallProximity.SAFE,True,0.0,0.0008916945728187,0.6694688654569966,0.2091657105691608,True,
734,Petroleum-C18-734,Linear alkanes,Alkanes,Mixed,18,254.484,626858845913.6626,18,4748050,3,0.875,0.975,1.0,0.0999999999999999,0.0,CoherenceRegime.SUBCOHERENT,138.3811303638647,2.054484,WallProximity.SAFE,True,0.0,0.0,0.6213381120750965,0.2141076873808912,True,
736,Petroleum-C20-736,Linear alkanes,Alkanes,Mixed,20,282.536,594926211713.4329,20,5272410,3,0.875,0.975,1.0,0.0999999999999999,0.0,CoherenceRegime.SUBCOHERENT,170.6888122194498,2.282536,WallProximity.SAFE,True,0.0,0.0,0.5172880014063855,0.223220505626067,True,
737,Petroleum-C21-737,Linear alkanes,Alkanes,Mixed,21,296.562,580687194654.7695,21,5534554,2,0.9166666666666666,1.0,1.0,0.0833333333333333,0.0,CoherenceRegime.SUBCOHERENT,188.11256216428492,2.3965620000000003,WallProximity.SAFE,True,0.0,0.0,0.4641622042192316,0.2274417798721354,True,
739,Petroleum-C23-739,Linear alkanes,Alkanes,Mixed,23,324.61400000000003,555029896519.2572,23,6058842,3,0.875,0.975,1.0,0.0999999999999999,0.0,CoherenceRegime.SUBCOHERENT,225.49988008804036,2.624614,WallProximity.SAFE,True,0.0,0.0,0.361638421829567,0.235314631527333,True,
740,Petroleum-C24-740,Linear alkanes,Alkanes,Mixed,24,338.64,543414061677.224,24,6321051,3,0.875,0.975,1.0,0.0999999999999999,0.0,CoherenceRegime.SUBCOHERENT,245.46344806696047,2.73864,WallProximity.SAFE,True,0.0,0.0,0.3140694284635896,0.2389986830533596,True,
742,Petroleum-C26-742,Linear alkanes,Alkanes,Mixed,26,366.692,522214928026.6263,26,6845347,2,0.9166666666666666,1.0,1.0,0.0833333333333333,0.0,CoherenceRegime.SUBCOHERENT,287.93040205888616,2.966692,WallProximity.SAFE,True,0.0,0.0,0.2294018148795772,0.2459287523680874,True,
743,Petroleum-C27-743,Linear alkanes,Alkanes,Mixed,27,380.718,512505221974.3419,27,7107491,3,0.875,0.975,1.0,0.0999999999999999,0.0,CoherenceRegime.SUBCOHERENT,310.4337880718915,3.080718,WallProximity.SAFE,True,0.0,0.0,0.1929628696356923,0.249196898441147,True,
744,Petroleum-C28-744,Linear alkanes,Alkanes,Mixed,28,394.744,503317732291.2979,28,7369699,3,0.875,0.975,1.0,0.0999999999999999,0.0,CoherenceRegime.SUBCOHERENT,333.7837800962586,3.1947440000000005,WallProximity.SAFE,True,0.0,0.0,0.1606118242057447,0.2523465228730758,True,
746,Petroleum-C30-746,Linear alkanes,Alkanes,Mixed,30,422.796,486333924479.0623,30,7889891,3,0.875,0.975,1.0,0.0999999999999999,0.0,CoherenceRegime.SUBCOHERENT,383.0235821790778,3.422796,WallProximity.SAFE,True,0.0,0.0,0.1078322009129451,0.2583225513642143,True,
750,Petroleum-C34-750,Linear alkanes,Alkanes,Mixed,34,478.9,456959364182.06506,34,8937964,3,0.875,0.975,1.0,0.0999999999999999,0.0,CoherenceRegime.SUBCOHERENT,491.6624584810569,3.8789,WallProximity.SAFE,True,0.0,0.0,0.0429157825515955,0.2691667048442769,True,
753,Petroleum-C7-753,Linear alkanes,Alkanes,Mixed,7,100.198,999011467728.4476,7,1872456,3,0.875,0.975,1.0,0.0999999999999999,0.0,CoherenceRegime.SUBCOHERENT,21.221209970508696,0.8001980000000001,WallProximity.CRITICAL,True,0.6284659179406685,0.0,0.6993073420184516,0.1326770142455715,True,
754,Petroleum-C8-754,Linear alkanes,Alkanes,Mixed,8,114.224,935667010900.7026,8,2134665,3,0.875,0.975,1.0,0.0999999999999999,0.0,CoherenceRegime.SUBCOHERENT,27.639081767641613,0.914224,WallProximity.WARNING,True,0.2999966155396235,0.0,0.7447570440936945,0.1441523610703951,True,
756,Petroleum-C10-756,Linear alkanes,Alkanes,Mixed,10,142.276,838367002781.6842,10,2658953,2,0.9166666666666666,1.0,1.0,0.0833333333333333,0.0,CoherenceRegime.SUBCOHERENT,43.01464339599258,1.142276,WallProximity.CAUTION,True,0.0,0.0,0.8017320509825592,0.1633616326823045,True,
757,Petroleum-C11-757,Linear alkanes,Alkanes,Mixed,11,156.302,799866913217.5398,11,2921097,3,0.875,0.975,1.0,0.0999999999999999,0.0010341286632576,CoherenceRegime.SUBCOHERENT,51.97233322721061,1.256302,WallProximity.SAFE,True,0.0,0.0012115615859026,0.8128183517932119,0.1715772214320583,True,
758,Petroleum-C12-758,Linear alkanes,Alkanes,Mixed,12,170.328,766226162165.0073,12,3179209,2,0.9166666666666666,1.0,1.0,0.0833333333333333,0.0,CoherenceRegime.SUBCOHERENT,61.77662906979037,1.3703280000000002,WallProximity.SAFE,True,0.0,0.0,0.8125262685665692,0.1790824206711787,True,
759,Petroleum-C13-759,Linear alkanes,Alkanes,Mixed,13,184.354,736501638657.2075,13,3441361,2,0.9166666666666666,1.0,1.0,0.0833333333333333,0.0,CoherenceRegime.SUBCOHERENT,72.42753092373184,1.4843540000000002,WallProximity.SAFE,True,0.0,0.0,0.8014205114468184,0.1859903680223826,True,
760,Petroleum-C14-760,Linear alkanes,Alkanes,Mixed,14,198.38,709988079400.2195,14,3703505,2,0.9166666666666666,1.0,1.0,0.0833333333333333,0.0,CoherenceRegime.SUBCOHERENT,83.92503878903499,1.59838,WallProximity.SAFE,True,0.0,0.0,0.7803595749141533,0.1923891550645221,True,
761,Petroleum-C15-761,Linear alkanes,Alkanes,Mixed,15,212.406,686146116732.9568,15,3965649,3,0.875,0.975,1.0,0.0999999999999999,0.0,CoherenceRegime.SUBCOHERENT,96.26915266569986,1.712406,WallProximity.SAFE,True,0.0,0.0,0.7504537250958354,0.1983487149292778,True,
762,Petroleum-C16-762,Linear alkanes,Alkanes,Mixed,16,226.432,664555258312.6898,16,4227858,3,0.875,0.975,1.0,0.0999999999999999,0.0,CoherenceRegime.SUBCOHERENT,109.45987255372644,1.826432,WallProximity.SAFE,True,0.0,0.0,0.7130099647144913,0.2039254938149209,True,
763,Petroleum-C17-763,Linear alkanes,Alkanes,Mixed,17,240.458,644882192557.4109,17,4490002,3,0.875,0.975,1.0,0.0999999999999999,0.0007374461291984,CoherenceRegime.SUBCOHERENT,123.49719845311472,1.940458,WallProximity.SAFE,True,0.0,0.0008916945728187,0.6694688654569966,0.2091657105691608,True,
764,Petroleum-C18-764,Linear alkanes,Alkanes,Mixed,18,254.484,626858845913.6626,18,4748050,3,0.875,0.975,1.0,0.0999999999999999,0.0,CoherenceRegime.SUBCOHERENT,138.3811303638647,2.054484,WallProximity.SAFE,True,0.0,0.0,0.6213381120750965,0.2141076873808912,True,
766,Petroleum-C20-766,Linear alkanes,Alkanes,Mixed,20,282.536,594926211713.4329,20,5272410,3,0.875,0.975,1.0,0.0999999999999999,0.0,CoherenceRegime.SUBCOHERENT,170.6888122194498,2.282536,WallProximity.SAFE,True,0.0,0.0,0.5172880014063855,0.223220505626067,True,
767,Petroleum-C21-767,Linear alkanes,Alkanes,Mixed,21,296.562,580687194654.7695,21,5534554,2,0.9166666666666666,1.0,1.0,0.0833333333333333,0.0,CoherenceRegime.SUBCOHERENT,188.11256216428492,2.3965620000000003,WallProximity.SAFE,True,0.0,0.0,0.4641622042192316,0.2274417798721354,True,
769,Petroleum-C23-769,Linear alkanes,Alkanes,Mixed,23,324.61400000000003,555029896519.2572,23,6058842,3,0.875,0.975,1.0,0.0999999999999999,0.0,CoherenceRegime.SUBCOHERENT,225.49988008804036,2.624614,WallProximity.SAFE,True,0.0,0.0,0.361638421829567,0.235314631527333,True,
770,Petroleum-C24-770,Linear alkanes,Alkanes,Mixed,24,338.64,543414061677.224,24,6321051,3,0.875,0.975,1.0,0.0999999999999999,0.0,CoherenceRegime.SUBCOHERENT,245.46344806696047,2.73864,WallProximity.SAFE,True,0.0,0.0,0.3140694284635896,0.2389986830533596,True,
772,Petroleum-C26-772,Linear alkanes,Alkanes,Mixed,26,366.692,522214928026.6263,26,6845347,2,0.9166666666666666,1.0,1.0,0.0833333333333333,0.0,CoherenceRegime.SUBCOHERENT,287.93040205888616,2.966692,WallProximity.SAFE,True,0.0,0.0,0.2294018148795772,0.2459287523680874,True,
773,Petroleum-C27-773,Linear alkanes,Alkanes,Mixed,27,380.718,512505221974.3419,27,7107491,3,0.875,0.975,1.0,0.0999999999999999,0.0,CoherenceRegime.SUBCOHERENT,310.4337880718915,3.080718,WallProximity.SAFE,True,0.0,0.0,0.1929628696356923,0.249196898441147,True,
774,Petroleum-C28-774,Linear alkanes,Alkanes,Mixed,28,394.744,503317732291.2979,28,7369699,3,0.875,0.975,1.0,0.0999999999999999,0.0,CoherenceRegime.SUBCOHERENT,333.7837800962586,3.1947440000000005,WallProximity.SAFE,True,0.0,0.0,0.1606118242057447,0.2523465228730758,True,
776,Petroleum-C30-776,Linear alkanes,Alkanes,Mixed,30,422.796,486333924479.0623,30,7889891,3,0.875,0.975,1.0,0.0999999999999999,0.0,CoherenceRegime.SUBCOHERENT,383.0235821790778,3.422796,WallProximity.SAFE,True,0.0,0.0,0.1078322009129451,0.2583225513642143,True,
780,Petroleum-C34-780,Linear alkanes,Alkanes,Mixed,34,478.9,456959364182.06506,34,8937964,3,0.875,0.975,1.0,0.0999999999999999,0.0,CoherenceRegime.SUBCOHERENT,491.6624584810569,3.8789,WallProximity.SAFE,True,0.0,0.0,0.0429157825515955,0.2691667048442769,True,
783,Petroleum-C7-783,Linear alkanes,Alkanes,Mixed,7,100.198,999011467728.4476,7,1872456,3,0.875,0.975,1.0,0.0999999999999999,0.0,CoherenceRegime.SUBCOHERENT,21.221209970508696,0.8001980000000001,WallProximity.CRITICAL,True,0.6284659179406685,0.0,0.6993073420184516,0.1326770142455715,True,
784,Petroleum-C8-784,Linear alkanes,Alkanes,Mixed,8,114.224,935667010900.7026,8,2134665,3,0.875,0.975,1.0,0.0999999999999999,0.0,CoherenceRegime.SUBCOHERENT,27.639081767641613,0.914224,WallProximity.WARNING,True,0.2999966155396235,0.0,0.7447570440936945,0.1441523610703951,True,
786,Petroleum-C10-786,Linear alkanes,Alkanes,Mixed,10,142.276,838367002781.6842,10,2658953,2,0.9166666666666666,1.0,1.0,0.0833333333333333,0.0,CoherenceRegime.SUBCOHERENT,43.01464339599258,1.142276,WallProximity.CAUTION,True,0.0,0.0,0.8017320509825592,0.1633616326823045,True,
787,Petroleum-C11-787,Linear alkanes,Alkanes,Mixed,11,156.302,799866913217.5398,11,2921097,3,0.875,0.975,1.0,0.0999999999999999,0.0010341286632576,CoherenceRegime.SUBCOHERENT,51.97233322721061,1.256302,WallProximity.SAFE,True,0.0,0.0012115615859026,0.8128183517932119,0.1715772214320583,True,
788,Petroleum-C12-788,Linear alkanes,Alkanes,Mixed,12,170.328,766226162165.0073,12,3179209,2,0.9166666666666666,1.0,1.0,0.0833333333333333,0.0,CoherenceRegime.SUBCOHERENT,61.77662906979037,1.3703280000000002,WallProximity.SAFE,True,0.0,0.0,0.8125262685665692,0.1790824206711787,True,
789,Petroleum-C13-789,Linear alkanes,Alkanes,Mixed,13,184.354,736501638657.2075,13,3441361,2,0.9166666666666666,1.0,1.0,0.0833333333333333,0.0,CoherenceRegime.SUBCOHERENT,72.42753092373184,1.4843540000000002,WallProximity.SAFE,True,0.0,0.0,0.8014205114468184,0.1859903680223826,True,
790,Petroleum-C14-790,Linear alkanes,Alkanes,Mixed,14,198.38,709988079400.2195,14,3703505,2,0.9166666666666666,1.0,1.0,0.0833333333333333,0.0,CoherenceRegime.SUBCOHERENT,83.92503878903499,1.59838,WallProximity.SAFE,True,0.0,0.0,0.7803595749141533,0.1923891550645221,True,
791,Petroleum-C15-791,Linear alkanes,Alkanes,Mixed,15,212.406,686146116732.9568,15,3965649,3,0.875,0.975,1.0,0.0999999999999999,0.0,CoherenceRegime.SUBCOHERENT,96.26915266569986,1.712406,WallProximity.SAFE,True,0.0,0.0,0.7504537250958354,0.1983487149292778,True,
792,Petroleum-C16-792,Linear alkanes,Alkanes,Mixed,16,226.432,664555258312.6898,16,4227858,3,0.875,0.975,1.0,0.0999999999999999,0.0,CoherenceRegime.SUBCOHERENT,109.45987255372644,1.826432,WallProximity.SAFE,True,0.0,0.0,0.7130099647144913,0.2039254938149209,True,
793,Petroleum-C17-793,Linear alkanes,Alkanes,Mixed,17,240.458,644882192557.4109,17,4490002,3,0.875,0.975,1.0,0.0999999999999999,0.0007374461291984,CoherenceRegime.SUBCOHERENT,123.49719845311472,1.940458,WallProximity.SAFE,True,0.0,0.0008916945728187,0.6694688654569966,0.2091657105691608,True,
794,Petroleum-C18-794,Linear alkanes,Alkanes,Mixed,18,254.484,626858845913.6626,18,4748050,3,0.875,0.975,1.0,0.0999999999999999,0.0,CoherenceRegime.SUBCOHERENT,138.3811303638647,2.054484,WallProximity.SAFE,True,0.0,0.0,0.6213381120750965,0.2141076873808912,True,
796,Petroleum-C20-796,Linear alkanes,Alkanes,Mixed,20,282.536,594926211713.4329,20,5272410,3,0.875,0.975,1.0,0.0999999999999999,0.0,CoherenceRegime.SUBCOHERENT,170.6888122194498,2.282536,WallProximity.SAFE,True,0.0,0.0,0.5172880014063855,0.223220505626067,True,
797,Petroleum-C21-797,Linear alkanes,Alkanes,Mixed,21,296.562,580687194654.7695,21,5534554,2,0.9166666666666666,1.0,1.0,0.0833333333333333,0.0,CoherenceRegime.SUBCOHERENT,188.11256216428492,2.3965620000000003,WallProximity.SAFE,True,0.0,0.0,0.4641622042192316,0.2274417798721354,True,
799,Petroleum-C23-799,Linear alkanes,Alkanes,Mixed,23,324.61400000000003,555029896519.2572,23,6058842,3,0.875,0.975,1.0,0.0999999999999999,0.0,CoherenceRegime.SUBCOHERENT,225.49988008804036,2.624614,WallProximity.SAFE,True,0.0,0.0,0.361638421829567,0.235314631527333,True,
800,Petroleum-C24-800,Linear alkanes,Alkanes,Mixed,24,338.64,543414061677.224,24,6321051,3,0.875,0.975,1.0,0.0999999999999999,0.0,CoherenceRegime.SUBCOHERENT,245.46344806696047,2.73864,WallProximity.SAFE,True,0.0,0.0,0.3140694284635896,0.2389986830533596,True,
802,Petroleum-C26-802,Linear alkanes,Alkanes,Mixed,26,366.692,522214928026.6263,26,6845347,2,0.9166666666666666,1.0,1.0,0.0833333333333333,0.0,CoherenceRegime.SUBCOHERENT,287.93040205888616,2.966692,WallProximity.SAFE,True,0.0,0.0,0.2294018148795772,0.2459287523680874,True,
803,Petroleum-C27-803,Linear alkanes,Alkanes,Mixed,27,380.718,512505221974.3419,27,7107491,3,0.875,0.975,1.0,0.0999999999999999,0.0,CoherenceRegime.SUBCOHERENT,310.4337880718915,3.080718,WallProximity.SAFE,True,0.0,0.0,0.1929628696356923,0.249196898441147,True,
804,Petroleum-C28-804,Linear alkanes,Alkanes,Mixed,28,394.744,503317732291.2979,28,7369699,3,0.875,0.975,1.0,0.0999999999999999,0.0,CoherenceRegime.SUBCOHERENT,333.7837800962586,3.1947440000000005,WallProximity.SAFE,True,0.0,0.0,0.1606118242057447,0.2523465228730758,True,
806,Petroleum-C30-806,Linear alkanes,Alkanes,Mixed,30,422.796,486333924479.0623,30,7889891,3,0.875,0.975,1.0,0.0999999999999999,0.0,CoherenceRegime.SUBCOHERENT,383.0235821790778,3.422796,WallProximity.SAFE,True,0.0,0.0,0.1078322009129451,0.2583225513642143,True,
810,Petroleum-C34-810,Linear alkanes,Alkanes,Mixed,34,478.9,456959364182.06506,34,8937964,3,0.875,0.975,1.0,0.0999999999999999,0.0,CoherenceRegime.SUBCOHERENT,491.6624584810569,3.8789,WallProximity.SAFE,True,0.0,0.0,0.0429157825515955,0.2691667048442769,True,
813,Petroleum-C7-813,Linear alkanes,Alkanes,Mixed,7,100.198,999011467728.4476,7,1872456,3,0.875,0.975,1.0,0.0999999999999999,0.0,CoherenceRegime.SUBCOHERENT,21.221209970508696,0.8001980000000001,WallProximity.CRITICAL,True,0.6284659179406685,0.0,0.6993073420184516,0.1326770142455715,True,
814,Petroleum-C8-814,Linear alkanes,Alkanes,Mixed,8,114.224,935667010900.7026,8,2134665,3,0.875,0.975,1.0,0.0999999999999999,0.0,CoherenceRegime.SUBCOHERENT,27.639081767641613,0.914224,WallProximity.WARNING,True,0.2999966155396235,0.0,0.7447570440936945,0.1441523610703951,True,
816,Petroleum-C10-816,Linear alkanes,Alkanes,Mixed,10,142.276,838367002781.6842,10,2658953,2,0.9166666666666666,1.0,1.0,0.0833333333333333,0.0,CoherenceRegime.SUBCOHERENT,43.01464339599258,1.142276,WallProximity.CAUTION,True,0.0,0.0,0.8017320509825592,0.1633616326823045,True,
817,Petroleum-C11-817,Linear alkanes,Alkanes,Mixed,11,156.302,799866913217.5398,11,2921097,3,0.875,0.975,1.0,0.0999999999999999,0.0010341286632576,CoherenceRegime.SUBCOHERENT,51.97233322721061,1.256302,WallProximity.SAFE,True,0.0,0.0012115615859026,0.8128183517932119,0.1715772214320583,True,
818,Petroleum-C12-818,Linear alkanes,Alkanes,Mixed,12,170.328,766226162165.0073,12,3179209,2,0.9166666666666666,1.0,1.0,0.0833333333333333,0.0,CoherenceRegime.SUBCOHERENT,61.77662906979037,1.3703280000000002,WallProximity.SAFE,True,0.0,0.0,0.8125262685665692,0.1790824206711787,True,
819,Petroleum-C13-819,Linear alkanes,Alkanes,Mixed,13,184.354,736501638657.2075,13,3441361,2,0.9166666666666666,1.0,1.0,0.0833333333333333,0.0,CoherenceRegime.SUBCOHERENT,72.42753092373184,1.4843540000000002,WallProximity.SAFE,True,0.0,0.0,0.8014205114468184,0.1859903680223826,True,
820,Petroleum-C14-820,Linear alkanes,Alkanes,Mixed,14,198.38,709988079400.2195,14,3703505,2,0.9166666666666666,1.0,1.0,0.0833333333333333,0.0,CoherenceRegime.SUBCOHERENT,83.92503878903499,1.59838,WallProximity.SAFE,True,0.0,0.0,0.7803595749141533,0.1923891550645221,True,
821,Petroleum-C15-821,Linear alkanes,Alkanes,Mixed,15,212.406,686146116732.9568,15,3965649,3,0.875,0.975,1.0,0.0999999999999999,0.0,CoherenceRegime.SUBCOHERENT,96.26915266569986,1.712406,WallProximity.SAFE,True,0.0,0.0,0.7504537250958354,0.1983487149292778,True,
822,Petroleum-C16-822,Linear alkanes,Alkanes,Mixed,16,226.432,664555258312.6898,16,4227858,3,0.875,0.975,1.0,0.0999999999999999,0.0,CoherenceRegime.SUBCOHERENT,109.45987255372644,1.826432,WallProximity.SAFE,True,0.0,0.0,0.7130099647144913,0.2039254938149209,True,
823,Petroleum-C17-823,Linear alkanes,Alkanes,Mixed,17,240.458,644882192557.4109,17,4490002,3,0.875,0.975,1.0,0.0999999999999999,0.0007374461291984,CoherenceRegime.SUBCOHERENT,123.49719845311472,1.940458,WallProximity.SAFE,True,0.0,0.0008916945728187,0.6694688654569966,0.2091657105691608,True,
824,Petroleum-C18-824,Linear alkanes,Alkanes,Mixed,18,254.484,626858845913.6626,18,4748050,3,0.875,0.975,1.0,0.0999999999999999,0.0,CoherenceRegime.SUBCOHERENT,138.3811303638647,2.054484,WallProximity.SAFE,True,0.0,0.0,0.6213381120750965,0.2141076873808912,True,
826,Petroleum-C20-826,Linear alkanes,Alkanes,Mixed,20,282.536,594926211713.4329,20,5272410,3,0.875,0.975,1.0,0.0999999999999999,0.0,CoherenceRegime.SUBCOHERENT,170.6888122194498,2.282536,WallProximity.SAFE,True,0.0,0.0,0.5172880014063855,0.223220505626067,True,
827,Petroleum-C21-827,Linear alkanes,Alkanes,Mixed,21,296.562,580687194654.7695,21,5534554,2,0.9166666666666666,1.0,1.0,0.0833333333333333,0.0,CoherenceRegime.SUBCOHERENT,188.11256216428492,2.3965620000000003,WallProximity.SAFE,True,0.0,0.0,0.4641622042192316,0.2274417798721354,True,
829,Petroleum-C23-829,Linear alkanes,Alkanes,Mixed,23,324.61400000000003,555029896519.2572,23,6058842,3,0.875,0.975,1.0,0.0999999999999999,0.0,CoherenceRegime.SUBCOHERENT,225.49988008804036,2.624614,WallProximity.SAFE,True,0.0,0.0,0.361638421829567,0.235314631527333,True,
830,Petroleum-C24-830,Linear alkanes,Alkanes,Mixed,24,338.64,543414061677.224,24,6321051,3,0.875,0.975,1.0,0.0999999999999999,0.0,CoherenceRegime.SUBCOHERENT,245.46344806696047,2.73864,WallProximity.SAFE,True,0.0,0.0,0.3140694284635896,0.2389986830533596,True,
832,Petroleum-C26-832,Linear alkanes,Alkanes,Mixed,26,366.692,522214928026.6263,26,6845347,2,0.9166666666666666,1.0,1.0,0.0833333333333333,0.0,CoherenceRegime.SUBCOHERENT,287.93040205888616,2.966692,WallProximity.SAFE,True,0.0,0.0,0.2294018148795772,0.2459287523680874,True,
833,Petroleum-C27-833,Linear alkanes,Alkanes,Mixed,27,380.718,512505221974.3419,27,7107491,3,0.875,0.975,1.0,0.0999999999999999,0.0,CoherenceRegime.SUBCOHERENT,310.4337880718915,3.080718,WallProximity.SAFE,True,0.0,0.0,0.1929628696356923,0.249196898441147,True,
834,Petroleum-C28-834,Linear alkanes,Alkanes,Mixed,28,394.744,503317732291.2979,28,7369699,3,0.875,0.975,1.0,0.0999999999999999,0.0,CoherenceRegime.SUBCOHERENT,333.7837800962586,3.1947440000000005,WallProximity.SAFE,True,0.0,0.0,0.1606118242057447,0.2523465228730758,True,
836,Petroleum-C30-836,Linear alkanes,Alkanes,Mixed,30,422.796,486333924479.0623,30,7889891,3,0.875,0.975,1.0,0.0999999999999999,0.0,CoherenceRegime.SUBCOHERENT,383.0235821790778,3.422796,WallProximity.SAFE,True,0.0,0.0,0.1078322009129451,0.2583225513642143,True,
840,Petroleum-C34-840,Linear alkanes,Alkanes,Mixed,34,478.9,456959364182.06506,34,8937964,3,0.875,0.975,1.0,0.0999999999999999,0.0,CoherenceRegime.SUBCOHERENT,491.6624584810569,3.8789,WallProximity.SAFE,True,0.0,0.0,0.0429157825515955,0.2691667048442769,True,
843,Petroleum-C7-843,Linear alkanes,Alkanes,Mixed,7,100.198,999011467728.4476,7,1872456,3,0.875,0.975,1.0,0.0999999999999999,0.0,CoherenceRegime.SUBCOHERENT,21.221209970508696,0.8001980000000001,WallProximity.CRITICAL,True,0.6284659179406685,0.0,0.6993073420184516,0.1326770142455715,True,
844,Petroleum-C8-844,Linear alkanes,Alkanes,Mixed,8,114.224,935667010900.7026,8,2134665,3,0.875,0.975,1.0,0.0999999999999999,0.0,CoherenceRegime.SUBCOHERENT,27.639081767641613,0.914224,WallProximity.WARNING,True,0.2999966155396235,0.0,0.7447570440936945,0.1441523610703951,True,
846,Petroleum-C10-846,Linear alkanes,Alkanes,Mixed,10,142.276,838367002781.6842,10,2658953,2,0.9166666666666666,1.0,1.0,0.0833333333333333,0.0,CoherenceRegime.SUBCOHERENT,43.01464339599258,1.142276,WallProximity.CAUTION,True,0.0,0.0,0.8017320509825592,0.1633616326823045,True,
847,Petroleum-C11-847,Linear alkanes,Alkanes,Mixed,11,156.302,799866913217.5398,11,2921097,3,0.875,0.975,1.0,0.0999999999999999,0.0010341286632576,CoherenceRegime.SUBCOHERENT,51.97233322721061,1.256302,WallProximity.SAFE,True,0.0,0.0012115615859026,0.8128183517932119,0.1715772214320583,True,
848,Petroleum-C12-848,Linear alkanes,Alkanes,Mixed,12,170.328,766226162165.0073,12,3179209,2,0.9166666666666666,1.0,1.0,0.0833333333333333,0.0,CoherenceRegime.SUBCOHERENT,61.77662906979037,1.3703280000000002,WallProximity.SAFE,True,0.0,0.0,0.8125262685665692,0.1790824206711787,True,
849,Petroleum-C13-849,Linear alkanes,Alkanes,Mixed,13,184.354,736501638657.2075,13,3441361,2,0.9166666666666666,1.0,1.0,0.0833333333333333,0.0,CoherenceRegime.SUBCOHERENT,72.42753092373184,1.4843540000000002,WallProximity.SAFE,True,0.0,0.0,0.8014205114468184,0.1859903680223826,True,
850,Petroleum-C14-850,Linear alkanes,Alkanes,Mixed,14,198.38,709988079400.2195,14,3703505,2,0.9166666666666666,1.0,1.0,0.0833333333333333,0.0,CoherenceRegime.SUBCOHERENT,83.92503878903499,1.59838,WallProximity.SAFE,True,0.0,0.0,0.7803595749141533,0.1923891550645221,True,
851,Petroleum-C15-851,Linear alkanes,Alkanes,Mixed,15,212.406,686146116732.9568,15,3965649,3,0.875,0.975,1.0,0.0999999999999999,0.0,CoherenceRegime.SUBCOHERENT,96.26915266569986,1.712406,WallProximity.SAFE,True,0.0,0.0,0.7504537250958354,0.1983487149292778,True,
852,Petroleum-C16-852,Linear alkanes,Alkanes,Mixed,16,226.432,664555258312.6898,16,4227858,3,0.875,0.975,1.0,0.0999999999999999,0.0,CoherenceRegime.SUBCOHERENT,109.45987255372644,1.826432,WallProximity.SAFE,True,0.0,0.0,0.7130099647144913,0.2039254938149209,True,
853,Petroleum-C17-853,Linear alkanes,Alkanes,Mixed,17,240.458,644882192557.4109,17,4490002,3,0.875,0.975,1.0,0.0999999999999999,0.0007374461291984,CoherenceRegime.SUBCOHERENT,123.49719845311472,1.940458,WallProximity.SAFE,True,0.0,0.0008916945728187,0.6694688654569966,0.2091657105691608,True,
854,Petroleum-C18-854,Linear alkanes,Alkanes,Mixed,18,254.484,626858845913.6626,18,4748050,3,0.875,0.975,1.0,0.0999999999999999,0.0,CoherenceRegime.SUBCOHERENT,138.3811303638647,2.054484,WallProximity.SAFE,True,0.0,0.0,0.6213381120750965,0.2141076873808912,True,
856,Petroleum-C20-856,Linear alkanes,Alkanes,Mixed,20,282.536,594926211713.4329,20,5272410,3,0.875,0.975,1.0,0.0999999999999999,0.0,CoherenceRegime.SUBCOHERENT,170.6888122194498,2.282536,WallProximity.SAFE,True,0.0,0.0,0.5172880014063855,0.223220505626067,True,
857,Petroleum-C21-857,Linear alkanes,Alkanes,Mixed,21,296.562,580687194654.7695,21,5534554,2,0.9166666666666666,1.0,1.0,0.0833333333333333,0.0,CoherenceRegime.SUBCOHERENT,188.11256216428492,2.3965620000000003,WallProximity.SAFE,True,0.0,0.0,0.4641622042192316,0.2274417798721354,True,
859,Petroleum-C23-859,Linear alkanes,Alkanes,Mixed,23,324.61400000000003,555029896519.2572,23,6058842,3,0.875,0.975,1.0,0.0999999999999999,0.0,CoherenceRegime.SUBCOHERENT,225.49988008804036,2.624614,WallProximity.SAFE,True,0.0,0.0,0.361638421829567,0.235314631527333,True,
860,Petroleum-C24-860,Linear alkanes,Alkanes,Mixed,24,338.64,543414061677.224,24,6321051,3,0.875,0.975,1.0,0.0999999999999999,0.0,CoherenceRegime.SUBCOHERENT,245.46344806696047,2.73864,WallProximity.SAFE,True,0.0,0.0,0.3140694284635896,0.2389986830533596,True,
862,Petroleum-C26-862,Linear alkanes,Alkanes,Mixed,26,366.692,522214928026.6263,26,6845347,2,0.9166666666666666,1.0,1.0,0.0833333333333333,0.0,CoherenceRegime.SUBCOHERENT,287.93040205888616,2.966692,WallProximity.SAFE,True,0.0,0.0,0.2294018148795772,0.2459287523680874,True,
863,Petroleum-C27-863,Linear alkanes,Alkanes,Mixed,27,380.718,512505221974.3419,27,7107491,3,0.875,0.975,1.0,0.0999999999999999,0.0,CoherenceRegime.SUBCOHERENT,310.4337880718915,3.080718,WallProximity.SAFE,True,0.0,0.0,0.1929628696356923,0.249196898441147,True,
864,Petroleum-C28-864,Linear alkanes,Alkanes,Mixed,28,394.744,503317732291.2979,28,7369699,3,0.875,0.975,1.0,0.0999999999999999,0.0,CoherenceRegime.SUBCOHERENT,333.7837800962586,3.1947440000000005,WallProximity.SAFE,True,0.0,0.0,0.1606118242057447,0.2523465228730758,True,
866,Petroleum-C30-866,Linear alkanes,Alkanes,Mixed,30,422.796,486333924479.0623,30,7889891,3,0.875,0.975,1.0,0.0999999999999999,0.0,CoherenceRegime.SUBCOHERENT,383.0235821790778,3.422796,WallProximity.SAFE,True,0.0,0.0,0.1078322009129451,0.2583225513642143,True,
870,Petroleum-C34-870,Linear alkanes,Alkanes,Mixed,34,478.9,456959364182.06506,34,8937964,3,0.875,0.975,1.0,0.0999999999999999,0.0,CoherenceRegime.SUBCOHERENT,491.6624584810569,3.8789,WallProximity.SAFE,True,0.0,0.0,0.0429157825515955,0.2691667048442769,True,
873,Petroleum-C7-873,Linear alkanes,Alkanes,Mixed,7,100.198,999011467728.4476,7,1872456,3,0.875,0.975,1.0,0.0999999999999999,0.0,CoherenceRegime.SUBCOHERENT,21.221209970508696,0.8001980000000001,WallProximity.CRITICAL,True,0.6284659179406685,0.0,0.6993073420184516,0.1326770142455715,True,
874,Petroleum-C8-874,Linear alkanes,Alkanes,Mixed,8,114.224,935667010900.7026,8,2134665,3,0.875,0.975,1.0,0.0999999999999999,0.0,CoherenceRegime.SUBCOHERENT,27.639081767641613,0.914224,WallProximity.WARNING,True,0.2999966155396235,0.0,0.7447570440936945,0.1441523610703951,True,
876,Petroleum-C10-876,Linear alkanes,Alkanes,Mixed,10,142.276,838367002781.6842,10,2658953,2,0.9166666666666666,1.0,1.0,0.0833333333333333,0.0,CoherenceRegime.SUBCOHERENT,43.01464339599258,1.142276,WallProximity.CAUTION,True,0.0,0.0,0.8017320509825592,0.1633616326823045,True,
877,Petroleum-C11-877,Linear alkanes,Alkanes,Mixed,11,156.302,799866913217.5398,11,2921097,3,0.875,0.975,1.0,0.0999999999999999,0.0010341286632576,CoherenceRegime.SUBCOHERENT,51.97233322721061,1.256302,WallProximity.SAFE,True,0.0,0.0012115615859026,0.8128183517932119,0.1715772214320583,True,
878,Petroleum-C12-878,Linear alkanes,Alkanes,Mixed,12,170.328,766226162165.0073,12,3179209,2,0.9166666666666666,1.0,1.0,0.0833333333333333,0.0,CoherenceRegime.SUBCOHERENT,61.77662906979037,1.3703280000000002,WallProximity.SAFE,True,0.0,0.0,0.8125262685665692,0.1790824206711787,True,
879,Petroleum-C13-879,Linear alkanes,Alkanes,Mixed,13,184.354,736501638657.2075,13,3441361,2,0.9166666666666666,1.0,1.0,0.0833333333333333,0.0,CoherenceRegime.SUBCOHERENT,72.42753092373184,1.4843540000000002,WallProximity.SAFE,True,0.0,0.0,0.8014205114468184,0.1859903680223826,True,
880,Petroleum-C14-880,Linear alkanes,Alkanes,Mixed,14,198.38,709988079400.2195,14,3703505,2,0.9166666666666666,1.0,1.0,0.0833333333333333,0.0,CoherenceRegime.SUBCOHERENT,83.92503878903499,1.59838,WallProximity.SAFE,True,0.0,0.0,0.7803595749141533,0.1923891550645221,True,
881,Petroleum-C15-881,Linear alkanes,Alkanes,Mixed,15,212.406,686146116732.9568,15,3965649,3,0.875,0.975,1.0,0.0999999999999999,0.0,CoherenceRegime.SUBCOHERENT,96.26915266569986,1.712406,WallProximity.SAFE,True,0.0,0.0,0.7504537250958354,0.1983487149292778,True,
882,Petroleum-C16-882,Linear alkanes,Alkanes,Mixed,16,226.432,664555258312.6898,16,4227858,3,0.875,0.975,1.0,0.0999999999999999,0.0,CoherenceRegime.SUBCOHERENT,109.45987255372644,1.826432,WallProximity.SAFE,True,0.0,0.0,0.7130099647144913,0.2039254938149209,True,
883,Petroleum-C17-883,Linear alkanes,Alkanes,Mixed,17,240.458,644882192557.4109,17,4490002,3,0.875,0.975,1.0,0.0999999999999999,0.0007374461291984,CoherenceRegime.SUBCOHERENT,123.49719845311472,1.940458,WallProximity.SAFE,True,0.0,0.0008916945728187,0.6694688654569966,0.2091657105691608,True,
884,Petroleum-C18-884,Linear alkanes,Alkanes,Mixed,18,254.484,626858845913.6626,18,4748050,3,0.875,0.975,1.0,0.0999999999999999,0.0,CoherenceRegime.SUBCOHERENT,138.3811303638647,2.054484,WallProximity.SAFE,True,0.0,0.0,0.6213381120750965,0.2141076873808912,True,
886,Petroleum-C20-886,Linear alkanes,Alkanes,Mixed,20,282.536,594926211713.4329,20,5272410,3,0.875,0.975,1.0,0.0999999999999999,0.0,CoherenceRegime.SUBCOHERENT,170.6888122194498,2.282536,WallProximity.SAFE,True,0.0,0.0,0.5172880014063855,0.223220505626067,True,
887,Petroleum-C21-887,Linear alkanes,Alkanes,Mixed,21,296.562,580687194654.7695,21,5534554,2,0.9166666666666666,1.0,1.0,0.0833333333333333,0.0,CoherenceRegime.SUBCOHERENT,188.11256216428492,2.3965620000000003,WallProximity.SAFE,True,0.0,0.0,0.4641622042192316,0.2274417798721354,True,
889,Petroleum-C23-889,Linear alkanes,Alkanes,Mixed,23,324.61400000000003,555029896519.2572,23,6058842,3,0.875,0.975,1.0,0.0999999999999999,0.0,CoherenceRegime.SUBCOHERENT,225.49988008804036,2.624614,WallProximity.SAFE,True,0.0,0.0,0.361638421829567,0.235314631527333,True,
890,Petroleum-C24-890,Linear alkanes,Alkanes,Mixed,24,338.64,543414061677.224,24,6321051,3,0.875,0.975,1.0,0.0999999999999999,0.0,CoherenceRegime.SUBCOHERENT,245.46344806696047,2.73864,WallProximity.SAFE,True,0.0,0.0,0.3140694284635896,0.2389986830533596,True,
892,Petroleum-C26-892,Linear alkanes,Alkanes,Mixed,26,366.692,522214928026.6263,26,6845347,2,0.9166666666666666,1.0,1.0,0.0833333333333333,0.0,CoherenceRegime.SUBCOHERENT,287.93040205888616,2.966692,WallProximity.SAFE,True,0.0,0.0,0.2294018148795772,0.2459287523680874,True,
893,Petroleum-C27-893,Linear alkanes,Alkanes,Mixed,27,380.718,512505221974.3419,27,7107491,3,0.875,0.975,1.0,0.0999999999999999,0.0,CoherenceRegime.SUBCOHERENT,310.4337880718915,3.080718,WallProximity.SAFE,True,0.0,0.0,0.1929628696356923,0.249196898441147,True,
894,Petroleum-C28-894,Linear alkanes,Alkanes,Mixed,28,394.744,503317732291.2979,28,7369699,3,0.875,0.975,1.0,0.0999999999999999,0.0,CoherenceRegime.SUBCOHERENT,333.7837800962586,3.1947440000000005,WallProximity.SAFE,True,0.0,0.0,0.1606118242057447,0.2523465228730758,True,
896,Petroleum-C30-896,Linear alkanes,Alkanes,Mixed,30,422.796,486333924479.0623,30,7889891,3,0.875,0.975,1.0,0.0999999999999999,0.0,CoherenceRegime.SUBCOHERENT,383.0235821790778,3.422796,WallProximity.SAFE,True,0.0,0.0,0.1078322009129451,0.2583225513642143,True,
900,Petroleum-C34-900,Linear alkanes,Alkanes,Mixed,34,478.9,456959364182.06506,34,8937964,3,0.875,0.975,1.0,0.0999999999999999,0.0,CoherenceRegime.SUBCOHERENT,491.6624584810569,3.8789,WallProximity.SAFE,True,0.0,0.0,0.0429157825515955,0.2691667048442769,True,
903,Petroleum-C7-903,Linear alkanes,Alkanes,Mixed,7,100.198,999011467728.4476,7,1872456,3,0.875,0.975,1.0,0.0999999999999999,0.0,CoherenceRegime.SUBCOHERENT,21.221209970508696,0.8001980000000001,WallProximity.CRITICAL,True,0.6284659179406685,0.0,0.6993073420184516,0.1326770142455715,True,
904,Petroleum-C8-904,Linear alkanes,Alkanes,Mixed,8,114.224,935667010900.7026,8,2134665,3,0.875,0.975,1.0,0.0999999999999999,0.0,CoherenceRegime.SUBCOHERENT,27.639081767641613,0.914224,WallProximity.WARNING,True,0.2999966155396235,0.0,0.7447570440936945,0.1441523610703951,True,
906,Petroleum-C10-906,Linear alkanes,Alkanes,Mixed,10,142.276,838367002781.6842,10,2658953,2,0.9166666666666666,1.0,1.0,0.0833333333333333,0.0,CoherenceRegime.SUBCOHERENT,43.01464339599258,1.142276,WallProximity.CAUTION,True,0.0,0.0,0.8017320509825592,0.1633616326823045,True,
907,Petroleum-C11-907,Linear alkanes,Alkanes,Mixed,11,156.302,799866913217.5398,11,2921097,3,0.875,0.975,1.0,0.0999999999999999,0.0010341286632576,CoherenceRegime.SUBCOHERENT,51.97233322721061,1.256302,WallProximity.SAFE,True,0.0,0.0012115615859026,0.8128183517932119,0.1715772214320583,True,
908,Petroleum-C12-908,Linear alkanes,Alkanes,Mixed,12,170.328,766226162165.0073,12,3179209,2,0.9166666666666666,1.0,1.0,0.0833333333333333,0.0,CoherenceRegime.SUBCOHERENT,61.77662906979037,1.3703280000000002,WallProximity.SAFE,True,0.0,0.0,0.8125262685665692,0.1790824206711787,True,
909,Petroleum-C13-909,Linear alkanes,Alkanes,Mixed,13,184.354,736501638657.2075,13,3441361,2,0.9166666666666666,1.0,1.0,0.0833333333333333,0.0,CoherenceRegime.SUBCOHERENT,72.42753092373184,1.4843540000000002,WallProximity.SAFE,True,0.0,0.0,0.8014205114468184,0.1859903680223826,True,
910,Petroleum-C14-910,Linear alkanes,Alkanes,Mixed,14,198.38,709988079400.2195,14,3703505,2,0.9166666666666666,1.0,1.0,0.0833333333333333,0.0,CoherenceRegime.SUBCOHERENT,83.92503878903499,1.59838,WallProximity.SAFE,True,0.0,0.0,0.7803595749141533,0.1923891550645221,True,
911,Petroleum-C15-911,Linear alkanes,Alkanes,Mixed,15,212.406,686146116732.9568,15,3965649,3,0.875,0.975,1.0,0.0999999999999999,0.0,CoherenceRegime.SUBCOHERENT,96.26915266569986,1.712406,WallProximity.SAFE,True,0.0,0.0,0.7504537250958354,0.1983487149292778,True,
912,Petroleum-C16-912,Linear alkanes,Alkanes,Mixed,16,226.432,664555258312.6898,16,4227858,3,0.875,0.975,1.0,0.0999999999999999,0.0,CoherenceRegime.SUBCOHERENT,109.45987255372644,1.826432,WallProximity.SAFE,True,0.0,0.0,0.7130099647144913,0.2039254938149209,True,
913,Petroleum-C17-913,Linear alkanes,Alkanes,Mixed,17,240.458,644882192557.4109,17,4490002,3,0.875,0.975,1.0,0.0999999999999999,0.0007374461291984,CoherenceRegime.SUBCOHERENT,123.49719845311472,1.940458,WallProximity.SAFE,True,0.0,0.0008916945728187,0.6694688654569966,0.2091657105691608,True,
914,Petroleum-C18-914,Linear alkanes,Alkanes,Mixed,18,254.484,626858845913.6626,18,4748050,3,0.875,0.975,1.0,0.0999999999999999,0.0,CoherenceRegime.SUBCOHERENT,138.3811303638647,2.054484,WallProximity.SAFE,True,0.0,0.0,0.6213381120750965,0.2141076873808912,True,
916,Petroleum-C20-916,Linear alkanes,Alkanes,Mixed,20,282.536,594926211713.4329,20,5272410,3,0.875,0.975,1.0,0.0999999999999999,0.0,CoherenceRegime.SUBCOHERENT,170.6888122194498,2.282536,WallProximity.SAFE,True,0.0,0.0,0.5172880014063855,0.223220505626067,True,
917,Petroleum-C21-917,Linear alkanes,Alkanes,Mixed,21,296.562,580687194654.7695,21,5534554,2,0.9166666666666666,1.0,1.0,0.0833333333333333,0.0,CoherenceRegime.SUBCOHERENT,188.11256216428492,2.3965620000000003,WallProximity.SAFE,True,0.0,0.0,0.4641622042192316,0.2274417798721354,True,
919,Petroleum-C23-919,Linear alkanes,Alkanes,Mixed,23,324.61400000000003,555029896519.2572,23,6058842,3,0.875,0.975,1.0,0.0999999999999999,0.0,CoherenceRegime.SUBCOHERENT,225.49988008804036,2.624614,WallProximity.SAFE,True,0.0,0.0,0.361638421829567,0.235314631527333,True,
920,Petroleum-C24-920,Linear alkanes,Alkanes,Mixed,24,338.64,543414061677.224,24,6321051,3,0.875,0.975,1.0,0.0999999999999999,0.0,CoherenceRegime.SUBCOHERENT,245.46344806696047,2.73864,WallProximity.SAFE,True,0.0,0.0,0.3140694284635896,0.2389986830533596,True,
922,Petroleum-C26-922,Linear alkanes,Alkanes,Mixed,26,366.692,522214928026.6263,26,6845347,2,0.9166666666666666,1.0,1.0,0.0833333333333333,0.0,CoherenceRegime.SUBCOHERENT,287.93040205888616,2.966692,WallProximity.SAFE,True,0.0,0.0,0.2294018148795772,0.2459287523680874,True,
923,Petroleum-C27-923,Linear alkanes,Alkanes,Mixed,27,380.718,512505221974.3419,27,7107491,3,0.875,0.975,1.0,0.0999999999999999,0.0,CoherenceRegime.SUBCOHERENT,310.4337880718915,3.080718,WallProximity.SAFE,True,0.0,0.0,0.1929628696356923,0.249196898441147,True,
924,Petroleum-C28-924,Linear alkanes,Alkanes,Mixed,28,394.744,503317732291.2979,28,7369699,3,0.875,0.975,1.0,0.0999999999999999,0.0,CoherenceRegime.SUBCOHERENT,333.7837800962586,3.1947440000000005,WallProximity.SAFE,True,0.0,0.0,0.1606118242057447,0.2523465228730758,True,
926,Petroleum-C30-926,Linear alkanes,Alkanes,Mixed,30,422.796,486333924479.0623,30,7889891,3,0.875,0.975,1.0,0.0999999999999999,0.0,CoherenceRegime.SUBCOHERENT,383.0235821790778,3.422796,WallProximity.SAFE,True,0.0,0.0,0.1078322009129451,0.2583225513642143,True,
930,Petroleum-C34-930,Linear alkanes,Alkanes,Mixed,34,478.9,456959364182.06506,34,8937964,3,0.875,0.975,1.0,0.0999999999999999,0.0,CoherenceRegime.SUBCOHERENT,491.6624584810569,3.8789,WallProximity.SAFE,True,0.0,0.0,0.0429157825515955,0.2691667048442769,True,
933,Petroleum-C7-933,Linear alkanes,Alkanes,Mixed,7,100.198,999011467728.4476,7,1872456,3,0.875,0.975,1.0,0.0999999999999999,0.0,CoherenceRegime.SUBCOHERENT,21.221209970508696,0.8001980000000001,WallProximity.CRITICAL,True,0.6284659179406685,0.0,0.6993073420184516,0.1326770142455715,True,
934,Petroleum-C8-934,Linear alkanes,Alkanes,Mixed,8,114.224,935667010900.7026,8,2134665,3,0.875,0.975,1.0,0.0999999999999999,0.0,CoherenceRegime.SUBCOHERENT,27.639081767641613,0.914224,WallProximity.WARNING,True,0.2999966155396235,0.0,0.7447570440936945,0.1441523610703951,True,
936,Petroleum-C10-936,Linear alkanes,Alkanes,Mixed,10,142.276,838367002781.6842,10,2658953,2,0.9166666666666666,1.0,1.0,0.0833333333333333,0.0,CoherenceRegime.SUBCOHERENT,43.01464339599258,1.142276,WallProximity.CAUTION,True,0.0,0.0,0.8017320509825592,0.1633616326823045,True,
937,Petroleum-C11-937,Linear alkanes,Alkanes,Mixed,11,156.302,799866913217.5398,11,2921097,3,0.875,0.975,1.0,0.0999999999999999,0.0010341286632576,CoherenceRegime.SUBCOHERENT,51.97233322721061,1.256302,WallProximity.SAFE,True,0.0,0.0012115615859026,0.8128183517932119,0.1715772214320583,True,
938,Petroleum-C12-938,Linear alkanes,Alkanes,Mixed,12,170.328,766226162165.0073,12,3179209,2,0.9166666666666666,1.0,1.0,0.0833333333333333,0.0,CoherenceRegime.SUBCOHERENT,61.77662906979037,1.3703280000000002,WallProximity.SAFE,True,0.0,0.0,0.8125262685665692,0.1790824206711787,True,
939,Petroleum-C13-939,Linear alkanes,Alkanes,Mixed,13,184.354,736501638657.2075,13,3441361,2,0.9166666666666666,1.0,1.0,0.0833333333333333,0.0,CoherenceRegime.SUBCOHERENT,72.42753092373184,1.4843540000000002,WallProximity.SAFE,True,0.0,0.0,0.8014205114468184,0.1859903680223826,True,
940,Petroleum-C14-940,Linear alkanes,Alkanes,Mixed,14,198.38,709988079400.2195,14,3703505,2,0.9166666666666666,1.0,1.0,0.0833333333333333,0.0,CoherenceRegime.SUBCOHERENT,83.92503878903499,1.59838,WallProximity.SAFE,True,0.0,0.0,0.7803595749141533,0.1923891550645221,True,
941,Petroleum-C15-941,Linear alkanes,Alkanes,Mixed,15,212.406,686146116732.9568,15,3965649,3,0.875,0.975,1.0,0.0999999999999999,0.0,CoherenceRegime.SUBCOHERENT,96.26915266569986,1.712406,WallProximity.SAFE,True,0.0,0.0,0.7504537250958354,0.1983487149292778,True,
942,Petroleum-C16-942,Linear alkanes,Alkanes,Mixed,16,226.432,664555258312.6898,16,4227858,3,0.875,0.975,1.0,0.0999999999999999,0.0,CoherenceRegime.SUBCOHERENT,109.45987255372644,1.826432,WallProximity.SAFE,True,0.0,0.0,0.7130099647144913,0.2039254938149209,True,
943,Petroleum-C17-943,Linear alkanes,Alkanes,Mixed,17,240.458,644882192557.4109,17,4490002,3,0.875,0.975,1.0,0.0999999999999999,0.0007374461291984,CoherenceRegime.SUBCOHERENT,123.49719845311472,1.940458,WallProximity.SAFE,True,0.0,0.0008916945728187,0.6694688654569966,0.2091657105691608,True,
944,Petroleum-C18-944,Linear alkanes,Alkanes,Mixed,18,254.484,626858845913.6626,18,4748050,3,0.875,0.975,1.0,0.0999999999999999,0.0,CoherenceRegime.SUBCOHERENT,138.3811303638647,2.054484,WallProximity.SAFE,True,0.0,0.0,0.6213381120750965,0.2141076873808912,True,
946,Petroleum-C20-946,Linear alkanes,Alkanes,Mixed,20,282.536,594926211713.4329,20,5272410,3,0.875,0.975,1.0,0.0999999999999999,0.0,CoherenceRegime.SUBCOHERENT,170.6888122194498,2.282536,WallProximity.SAFE,True,0.0,0.0,0.5172880014063855,0.223220505626067,True,
947,Petroleum-C21-947,Linear alkanes,Alkanes,Mixed,21,296.562,580687194654.7695,21,5534554,2,0.9166666666666666,1.0,1.0,0.0833333333333333,0.0,CoherenceRegime.SUBCOHERENT,188.11256216428492,2.3965620000000003,WallProximity.SAFE,True,0.0,0.0,0.4641622042192316,0.2274417798721354,True,
949,Petroleum-C23-949,Linear alkanes,Alkanes,Mixed,23,324.61400000000003,555029896519.2572,23,6058842,3,0.875,0.975,1.0,0.0999999999999999,0.0,CoherenceRegime.SUBCOHERENT,225.49988008804036,2.624614,WallProximity.SAFE,True,0.0,0.0,0.361638421829567,0.235314631527333,True,
950,Petroleum-C24-950,Linear alkanes,Alkanes,Mixed,24,338.64,543414061677.224,24,6321051,3,0.875,0.975,1.0,0.0999999999999999,0.0,CoherenceRegime.SUBCOHERENT,245.46344806696047,2.73864,WallProximity.SAFE,True,0.0,0.0,0.3140694284635896,0.2389986830533596,True,
952,Petroleum-C26-952,Linear alkanes,Alkanes,Mixed,26,366.692,522214928026.6263,26,6845347,2,0.9166666666666666,1.0,1.0,0.0833333333333333,0.0,CoherenceRegime.SUBCOHERENT,287.93040205888616,2.966692,WallProximity.SAFE,True,0.0,0.0,0.2294018148795772,0.2459287523680874,True,
953,Petroleum-C27-953,Linear alkanes,Alkanes,Mixed,27,380.718,512505221974.3419,27,7107491,3,0.875,0.975,1.0,0.0999999999999999,0.0,CoherenceRegime.SUBCOHERENT,310.4337880718915,3.080718,WallProximity.SAFE,True,0.0,0.0,0.1929628696356923,0.249196898441147,True,
954,Petroleum-C28-954,Linear alkanes,Alkanes,Mixed,28,394.744,503317732291.2979,28,7369699,3,0.875,0.975,1.0,0.0999999999999999,0.0,CoherenceRegime.SUBCOHERENT,333.7837800962586,3.1947440000000005,WallProximity.SAFE,True,0.0,0.0,0.1606118242057447,0.2523465228730758,True,
956,Petroleum-C30-956,Linear alkanes,Alkanes,Mixed,30,422.796,486333924479.0623,30,7889891,3,0.875,0.975,1.0,0.0999999999999999,0.0,CoherenceRegime.SUBCOHERENT,383.0235821790778,3.422796,WallProximity.SAFE,True,0.0,0.0,0.1078322009129451,0.2583225513642143,True,
960,Petroleum-C34-960,Linear alkanes,Alkanes,Mixed,34,478.9,456959364182.06506,34,8937964,3,0.875,0.975,1.0,0.0999999999999999,0.0,CoherenceRegime.SUBCOHERENT,491.6624584810569,3.8789,WallProximity.SAFE,True,0.0,0.0,0.0429157825515955,0.2691667048442769,True,
963,Petroleum-C7-963,Linear alkanes,Alkanes,Mixed,7,100.198,999011467728.4476,7,1872456,3,0.875,0.975,1.0,0.0999999999999999,0.0,CoherenceRegime.SUBCOHERENT,21.221209970508696,0.8001980000000001,WallProximity.CRITICAL,True,0.6284659179406685,0.0,0.6993073420184516,0.1326770142455715,True,
964,Petroleum-C8-964,Linear alkanes,Alkanes,Mixed,8,114.224,935667010900.7026,8,2134665,3,0.875,0.975,1.0,0.0999999999999999,0.0,CoherenceRegime.SUBCOHERENT,27.639081767641613,0.914224,WallProximity.WARNING,True,0.2999966155396235,0.0,0.7447570440936945,0.1441523610703951,True,
966,Petroleum-C10-966,Linear alkanes,Alkanes,Mixed,10,142.276,838367002781.6842,10,2658953,2,0.9166666666666666,1.0,1.0,0.0833333333333333,0.0,CoherenceRegime.SUBCOHERENT,43.01464339599258,1.142276,WallProximity.CAUTION,True,0.0,0.0,0.8017320509825592,0.1633616326823045,True,
967,Petroleum-C11-967,Linear alkanes,Alkanes,Mixed,11,156.302,799866913217.5398,11,2921097,3,0.875,0.975,1.0,0.0999999999999999,0.0010341286632576,CoherenceRegime.SUBCOHERENT,51.97233322721061,1.256302,WallProximity.SAFE,True,0.0,0.0012115615859026,0.8128183517932119,0.1715772214320583,True,
968,Petroleum-C12-968,Linear alkanes,Alkanes,Mixed,12,170.328,766226162165.0073,12,3179209,2,0.9166666666666666,1.0,1.0,0.0833333333333333,0.0,CoherenceRegime.SUBCOHERENT,61.77662906979037,1.3703280000000002,WallProximity.SAFE,True,0.0,0.0,0.8125262685665692,0.1790824206711787,True,
969,Petroleum-C13-969,Linear alkanes,Alkanes,Mixed,13,184.354,736501638657.2075,13,3441361,2,0.9166666666666666,1.0,1.0,0.0833333333333333,0.0,CoherenceRegime.SUBCOHERENT,72.42753092373184,1.4843540000000002,WallProximity.SAFE,True,0.0,0.0,0.8014205114468184,0.1859903680223826,True,
970,Petroleum-C14-970,Linear alkanes,Alkanes,Mixed,14,198.38,709988079400.2195,14,3703505,2,0.9166666666666666,1.0,1.0,0.0833333333333333,0.0,CoherenceRegime.SUBCOHERENT,83.92503878903499,1.59838,WallProximity.SAFE,True,0.0,0.0,0.7803595749141533,0.1923891550645221,True,
971,Petroleum-C15-971,Linear alkanes,Alkanes,Mixed,15,212.406,686146116732.9568,15,3965649,3,0.875,0.975,1.0,0.0999999999999999,0.0,CoherenceRegime.SUBCOHERENT,96.26915266569986,1.712406,WallProximity.SAFE,True,0.0,0.0,0.7504537250958354,0.1983487149292778,True,
972,Petroleum-C16-972,Linear alkanes,Alkanes,Mixed,16,226.432,664555258312.6898,16,4227858,3,0.875,0.975,1.0,0.0999999999999999,0.0,CoherenceRegime.SUBCOHERENT,109.45987255372644,1.826432,WallProximity.SAFE,True,0.0,0.0,0.7130099647144913,0.2039254938149209,True,
973,Petroleum-C17-973,Linear alkanes,Alkanes,Mixed,17,240.458,644882192557.4109,17,4490002,3,0.875,0.975,1.0,0.0999999999999999,0.0007374461291984,CoherenceRegime.SUBCOHERENT,123.49719845311472,1.940458,WallProximity.SAFE,True,0.0,0.0008916945728187,0.6694688654569966,0.2091657105691608,True,
974,Petroleum-C18-974,Linear alkanes,Alkanes,Mixed,18,254.484,626858845913.6626,18,4748050,3,0.875,0.975,1.0,0.0999999999999999,0.0,CoherenceRegime.SUBCOHERENT,138.3811303638647,2.054484,WallProximity.SAFE,True,0.0,0.0,0.6213381120750965,0.2141076873808912,True,
976,Petroleum-C20-976,Linear alkanes,Alkanes,Mixed,20,282.536,594926211713.4329,20,5272410,3,0.875,0.975,1.0,0.0999999999999999,0.0,CoherenceRegime.SUBCOHERENT,170.6888122194498,2.282536,WallProximity.SAFE,True,0.0,0.0,0.5172880014063855,0.223220505626067,True,
977,Petroleum-C21-977,Linear alkanes,Alkanes,Mixed,21,296.562,580687194654.7695,21,5534554,2,0.9166666666666666,1.0,1.0,0.0833333333333333,0.0,CoherenceRegime.SUBCOHERENT,188.11256216428492,2.3965620000000003,WallProximity.SAFE,True,0.0,0.0,0.4641622042192316,0.2274417798721354,True,
979,Petroleum-C23-979,Linear alkanes,Alkanes,Mixed,23,324.61400000000003,555029896519.2572,23,6058842,3,0.875,0.975,1.0,0.0999999999999999,0.0,CoherenceRegime.SUBCOHERENT,225.49988008804036,2.624614,WallProximity.SAFE,True,0.0,0.0,0.361638421829567,0.235314631527333,True,
980,Petroleum-C24-980,Linear alkanes,Alkanes,Mixed,24,338.64,543414061677.224,24,6321051,3,0.875,0.975,1.0,0.0999999999999999,0.0,CoherenceRegime.SUBCOHERENT,245.46344806696047,2.73864,WallProximity.SAFE,True,0.0,0.0,0.3140694284635896,0.2389986830533596,True,
982,Petroleum-C26-982,Linear alkanes,Alkanes,Mixed,26,366.692,522214928026.6263,26,6845347,2,0.9166666666666666,1.0,1.0,0.0833333333333333,0.0,CoherenceRegime.SUBCOHERENT,287.93040205888616,2.966692,WallProximity.SAFE,True,0.0,0.0,0.2294018148795772,0.2459287523680874,True,
983,Petroleum-C27-983,Linear alkanes,Alkanes,Mixed,27,380.718,512505221974.3419,27,7107491,3,0.875,0.975,1.0,0.0999999999999999,0.0,CoherenceRegime.SUBCOHERENT,310.4337880718915,3.080718,WallProximity.SAFE,True,0.0,0.0,0.1929628696356923,0.249196898441147,True,
984,Petroleum-C28-984,Linear alkanes,Alkanes,Mixed,28,394.744,503317732291.2979,28,7369699,3,0.875,0.975,1.0,0.0999999999999999,0.0,CoherenceRegime.SUBCOHERENT,333.7837800962586,3.1947440000000005,WallProximity.SAFE,True,0.0,0.0,0.1606118242057447,0.2523465228730758,True,
986,Petroleum-C30-986,Linear alkanes,Alkanes,Mixed,30,422.796,486333924479.0623,30,7889891,3,0.875,0.975,1.0,0.0999999999999999,0.0,CoherenceRegime.SUBCOHERENT,383.0235821790778,3.422796,WallProximity.SAFE,True,0.0,0.0,0.1078322009129451,0.2583225513642143,True,
990,Petroleum-C34-990,Linear alkanes,Alkanes,Mixed,34,478.9,456959364182.06506,34,8937964,3,0.875,0.975,1.0,0.0999999999999999,0.0,CoherenceRegime.SUBCOHERENT,491.6624584810569,3.8789,WallProximity.SAFE,True,0.0,0.0,0.0429157825515955,0.2691667048442769,True,
993,Petroleum-C7-993,Linear alkanes,Alkanes,Mixed,7,100.198,999011467728.4476,7,1872456,3,0.875,0.975,1.0,0.0999999999999999,0.0,CoherenceRegime.SUBCOHERENT,21.221209970508696,0.8001980000000001,WallProximity.CRITICAL,True,0.6284659179406685,0.0,0.6993073420184516,0.1326770142455715,True,
994,Petroleum-C8-994,Linear alkanes,Alkanes,Mixed,8,114.224,935667010900.7026,8,2134665,3,0.875,0.975,1.0,0.0999999999999999,0.0,CoherenceRegime.SUBCOHERENT,27.639081767641613,0.914224,WallProximity.WARNING,True,0.2999966155396235,0.0,0.7447570440936945,0.1441523610703951,True,
996,Petroleum-C10-996,Linear alkanes,Alkanes,Mixed,10,142.276,838367002781.6842,10,2658953,2,0.9166666666666666,1.0,1.0,0.0833333333333333,0.0,CoherenceRegime.SUBCOHERENT,43.01464339599258,1.142276,WallProximity.CAUTION,True,0.0,0.0,0.8017320509825592,0.1633616326823045,True,
997,Petroleum-C11-997,Linear alkanes,Alkanes,Mixed,11,156.302,799866913217.5398,11,2921097,3,0.875,0.975,1.0,0.0999999999999999,0.0010341286632576,CoherenceRegime.SUBCOHERENT,51.97233322721061,1.256302,WallProximity.SAFE,True,0.0,0.0012115615859026,0.8128183517932119,0.1715772214320583,True,
998,Petroleum-C12-998,Linear alkanes,Alkanes,Mixed,12,170.328,766226162165.0073,12,3179209,2,0.9166666666666666,1.0,1.0,0.0833333333333333,0.0,CoherenceRegime.SUBCOHERENT,61.77662906979037,1.3703280000000002,WallProximity.SAFE,True,0.0,0.0,0.8125262685665692,0.1790824206711787,True,
999,Petroleum-C13-999,Linear alkanes,Alkanes,Mixed,13,184.354,736501638657.2075,13,3441361,2,0.9166666666666666,1.0,1.0,0.0833333333333333,0.0,CoherenceRegime.SUBCOHERENT,72.42753092373184,1.4843540000000002,WallProximity.SAFE,True,0.0,0.0,0.8014205114468184,0.1859903680223826,True,
1000,Petroleum-C14-1000,Linear alkanes,Alkanes,Mixed,14,198.38,709988079400.2195,14,3703505,2,0.9166666666666666,1.0,1.0,0.0833333333333333,0.0,CoherenceRegime.SUBCOHERENT,83.92503878903499,1.59838,WallProximity.SAFE,True,0.0,0.0,0.7803595749141533,0.1923891550645221,True,
