chembl_id,name,therapeutic_area,ubp_energy,ubp_nrci,ubp_crv,ubp_resonance,drug_likeness_score,molecular_weight,logp,complexity,heavy_atoms,aromatic_rings,ubp_therapeutic_potential,ubp_complexity_index,smiles,inchi_key
CHEMBL153534,Unknown,Anti-infective,156981686.69722718,0.9999966845732822,14.579180575558578,0.36444630086399993,1.0,235.316,1.36192,513.651823372169,16,2,0.36444630086399993,1.4579180575558577,Cc1cc(-c2csc(N=C(N)N)n2)cn1C,MFRNFCWYPYSFQQ-UHFFFAOYSA-N
CHEMBL405398,Unknown,CNS/Neurology,265401106.80933133,0.9999979013782923,22.176831896274994,0.6146360999999999,1.0,429.32200000000034,3.2750000000000004,910.3453932119412,27,3,0.6146360999999999,2.2176831896274996,Brc1cccc(Nc2ncnc3ccncc23)c1NCCN1CCOCC1,VDSXZXJEWIWBCG-UHFFFAOYSA-N
CHEMBL503634,Unknown,Pain/Inflammation,178323767.26817983,0.9999969830164789,15.400159562394498,0.3257306046,1.0,289.287,2.1281699999999995,679.4535993726834,21,2,0.3257306046,1.5400159562394498,COc1c(O)cc(O)c(C(=N)Cc2ccc(O)cc2)c1O,OPELSESCRGGKAM-UHFFFAOYSA-N
CHEMBL503643,Unknown,Pain/Inflammation,167100976.9179393,0.9999968133657525,14.36726676067007,0.49002547607999997,1.0,233.223,2.0428,585.2031958020821,17,2,0.49002547607999997,1.436726676067007,CCOC(=O)c1cc2cc(C(=O)O)ccc2[nH]1,CAVYPAYXEMVXMS-UHFFFAOYSA-N
CHEMBL503870,Unknown,Immunology,341686327.02324677,0.9999962345819945,31.14186148637363,0.16626357000000022,0.8,622.6350000000003,1.1223000000000047,1436.343336427435,45,3,0.13301085600000018,3.114186148637363,C[C@H](NC(=O)OCc1ccccc1)C(=O)N[C@@H](C)C(=O)NN(CC(N)=O)C(=O)/C=C/C(=O)N(Cc1ccco1)Cc1ccco1,QXUSQBUGZMVOOW-TVTVEFKISA-N
CHEMBL501671,Unknown,CNS/Neurology,388587764.2126054,0.99999585,34.47533771136245,0.18641987999999973,0.8,652.7950000000002,4.942800000000004,1962.682495558902,45,3,0.1491359039999998,3.447533771136245,COc1cccc(CNC2(CCC(C)(C)C)C(=O)C(C3=NS(=O)(=O)c4cc(NS(C)(=O)=O)ccc4N3)=C(O)c3ccccc32)c1,BWBRRJGLAOHIOF-UHFFFAOYSA-N
CHEMBL403325,Unknown,Other,248327441.15358356,0.9999973493051145,19.252547913507087,0.4766187095999998,1.0,438.56800000000027,3.5840000000000014,917.0527141677402,32,2,0.4766187095999998,1.9252547913507088,C[C@H]1CN(CCC(=O)N[C@@H](CCc2ccccc2)C(=O)O)CC[C@@]1(C)c1cccc(O)c1,YJYUIXQWAGWQFA-FPDDQMOCSA-N
CHEMBL155287,Unknown,Anti-infective,136524613.89971218,0.9999956837664237,12.529946472868659,0.26159941835999995,1.0,263.034,1.4102000000000003,257.6480131294878,11,1,0.26159941835999995,1.2529946472868658,O=C(NO)c1ccc(I)cc1,HXIKIQLHKIBCOH-UHFFFAOYSA-N
CHEMBL265174,Unknown,Pain/Inflammation,179291522.1814583,0.999996346374359,15.46574720791291,0.24311103249999969,1.0,326.43600000000004,4.545500000000004,625.7635327526165,24,1,0.24311103249999969,1.546574720791291,C=CCc1ccc(OC(=O)C23CC4CC(CC(C4)C2)C3)c(OC)c1,MBCSWBZTDLYPDX-UHFFFAOYSA-N
CHEMBL264472,Unknown,Pain/Inflammation,236124427.4428466,0.9999972717041322,17.266200624043904,0.6800045534639998,1.0,379.46000000000015,2.7349200000000016,839.8356289545894,28,2,0.6800045534639998,1.7266200624043904,Cc1cccc(N2CCN(CCCON3C(=O)c4ccccc4C3=O)CC2)c1,RHECIYJIUGOBHK-UHFFFAOYSA-N
CHEMBL405225,Unknown,CNS/Neurology,227366842.80856717,0.999997911745186,21.78439505836483,0.3051193670279997,1.0,355.482,4.200970000000003,904.5860077819768,25,3,0.3051193670279997,2.178439505836483,N=c1sc2ccccc2n1CCN1CCC(c2ccc(F)cc2)CC1,YIJMYOZUUPAERG-UHFFFAOYSA-N
CHEMBL409812,Unknown,Other,219908959.98660317,0.9999957917182027,18.208062199025743,0.1094625,0.8,474.68600000000015,6.233000000000006,717.6212237351854,34,1,0.08757000000000001,1.8208062199025743,CCCCCCCCCCCCCC(=O)NCc1ccc(C(=O)N[C@H](C(=O)O)[C@@H](C)CC)cc1,ITPYFRWLCXHEKA-NVQXNPDNSA-N
CHEMBL499520,Unknown,Other,252823865.14223552,0.9999972636797806,19.121814119912038,0.5186394127199997,1.0,438.54600000000016,3.7573000000000025,964.6223441724092,29,2,0.5186394127199997,1.9121814119912037,O=C(Nc1ncc(F)s1)[C@H](CC1CCOCC1)c1ccc(S(=O)(=O)C2CC2)cc1,DBMFNEZMJWKKPU-QGZVFWFLSA-N
CHEMBL1082532,Unknown,CNS/Neurology,234253377.29994276,0.9999978285685609,22.308012044651043,0.2943573837599995,1.0,369.80400000000014,4.5259000000000045,950.7952440014612,26,3,0.2943573837599995,2.2308012044651044,Oc1ccc(/N=C(/Cc2ccc(Cl)cc2)c2ccc(O)c(O)c2O)cc1,SIPOGQRDQZRLJC-XLNRJJMWSA-N
CHEMBL501922,Unknown,Metabolic,287760886.97448575,0.999995575452538,25.41204672841986,0.17901428999999983,0.8,528.5980000000003,3.793700000000003,1202.5263677907828,38,1,0.14321143199999986,2.541204672841986,COC(=O)C[C@H]1C(C)(C)[C@H](OC(C)=O)[C@H]2C(=O)[C@]1(C)[C@H]1CC[C@]3(C)[C@@H](CC(=O)O[C@H]3c3ccoc3)[C@]13O[C@H]23,OEAILFQKPDJEPG-KQOVNBMPSA-N
CHEMBL500195,Unknown,CNS/Neurology,347672506.68358684,0.9999961670885934,30.430835512192267,0.25233200999999994,0.8,628.7700000000002,3.0497000000000014,1473.839670341583,46,3,0.20186560799999997,3.043083551219227,CC(C)(C)OC(=O)[C@H](Cc1ccccc1)NC(=O)[C@H](Cc1ccccc1)NC(=O)[C@@H]1CCCN1C(=O)[C@@H](N)Cc1ccc(O)cc1,MUCJBMLSOAIPBH-ORYMTKCHSA-N
CHEMBL501101,Unknown,Anti-infective,164414586.67547974,0.9999969039766438,15.549701221145666,0.198927,1.0,270.266,-0.2590000000000003,635.5425798551978,18,2,0.198927,1.5549701221145666,O=S(=O)(CCO)c1no[n+]([O-])c1-c1ccccc1,OULNAFZTLMFEFR-UHFFFAOYSA-N
CHEMBL505943,Unknown,Pain/Inflammation,183200463.46479404,0.9999975589447567,15.00199193621876,0.50022539712,1.0,265.367,2.3416,699.4137537055799,17,3,0.50022539712,1.500199193621876,CNc1nc2sc(SC)nc2c2c1ncn2C,YFOQLWYTRVQHIZ-UHFFFAOYSA-N
CHEMBL506057,Unknown,CNS/Neurology,328389116.4356688,0.9999965543309429,30.106644568599652,0.17923994587799977,0.8,551.6430000000003,4.518300000000004,1558.705031749368,41,4,0.14339195670239982,3.010664456859965,O=C(NO)[C@H]1C[C@]1(Cc1ccc(OCc2cc(-c3ccccc3)nc3ccccc23)cc1)C(=O)N1CCC[C@H]1CO,PHCNKOHEKZYJCZ-OYRZRQNVSA-N
CHEMBL1203224,Unknown,Other,256339442.49596477,0.9999973662931794,19.190258342541128,0.4668498734999991,1.0,479.0900000000002,4.575700000000006,907.614900385019,32,2,0.4668498734999991,1.9190258342541129,CCCC1(C)CC(=O)N(CCCCN2CCN(c3nsc4ccccc34)CC2)C(=O)C1.Cl,QCOAOMADZDCMHQ-UHFFFAOYSA-N
CHEMBL441620,Unknown,Pain/Inflammation,183058614.42585194,0.9999956604421013,15.35084276447806,0.17939483099999992,1.0,379.4970000000001,3.6258000000000017,544.6900562748541,27,0,0.17939483099999992,1.5350842764478059,CCCCCC(O)/C=C/[C@@H]1[C@@H](C/C=C\CCCC(N)=O)[C@@H]2C[C@H]1OC(=O)O2,YZOCAKDGVCQOFA-OZPHKNKMSA-N
CHEMBL444524,Unknown,Metabolic,316123228.95929813,0.9999948698908144,27.278502253794155,0.12307889999999981,0.8,616.7480000000002,4.670600000000005,1294.5051031152364,44,0,0.09846311999999985,2.7278502253794157,C/C=C(\C)C(=O)O[C@@H]1[C@@H]2[C@H]([C@H](OC(=O)C(C)CC)[C@H](OC(C)=O)/C(C)=C/[C@@]34O[C@@]3(C[C@H](C)[C@@H]4OC(C)=O)C(=O)[C@@H]1C)C2(C)C,OYJIRPDIKPGGLA-JJCNZDQMSA-N
CHEMBL444987,Unknown,Pain/Inflammation,134319750.782438,0.9999953159278503,13.190208666977576,0.1678796774999999,1.0,247.38199999999995,3.857700000000003,353.29325012980814,18,0,0.1678796774999999,1.3190208666977576,CC(C)=CCC/C(C)=C/C=C/C(=O)N1CCCC1,YKCYPKYQYASXOV-HTYBMYLDSA-N
CHEMBL1203109,Unknown,Other,243002295.23003167,0.9999972824693766,18.355515265995034,0.5597985942,1.0,422.90900000000016,2.5466000000000006,845.8163203093077,29,2,0.5597985942,1.8355515265995035,CNC(=O)c1cc(C(O)CNC(C)CCc2ccc3c(c2)OCO3)ccc1O.Cl,PHGBOTFWVBUXCA-UHFFFAOYSA-N
CHEMBL263058,Unknown,Immunology,292782264.20491594,0.9999965964619764,24.399672123491467,0.38347425,0.8,569.3960000000002,2.3975,935.2989020741616,33,2,0.30677940000000004,2.4399672123491465,COc1ccccc1N1CCN(CCCNC(=O)c2ccccc2I)CC1.O=C(O)C(=O)O,AEAUTYCNVOCIMR-UHFFFAOYSA-N
CHEMBL263810,Unknown,CNS/Neurology,273854544.5791028,0.9999971859353955,24.828477799559224,0.23478629999999995,0.8,461.39500000000015,7.020620000000004,1207.813669193698,29,4,0.18782903999999997,2.4828477799559225,Cc1cc(NC(=O)c2cc(Cl)cc(Cl)c2O)ccc1Sc1nc2ccccc2s1,TXRBTOGSOZZLKW-UHFFFAOYSA-N
CHEMBL4116085,Unknown,Pain/Inflammation,192604947.6687071,0.9999970942090636,16.01562025185984,0.41276856179999993,1.0,304.3930000000001,3.6383800000000015,741.2272574856379,23,2,0.41276856179999993,1.601562025185984,CN(C/C=C/c1ccc(C#N)cc1)Cc1ccc2c(c1)CCO2,HQETUHHOSLHNIO-NSCUHMNNSA-N
CHEMBL266960,Unknown,CNS/Neurology,268190449.2463533,0.999997548095551,24.23158594591449,0.3991000859999999,1.0,423.9040000000001,3.7366800000000016,1106.6135828095505,30,3,0.3991000859999999,2.423158594591449,COc1ccc(CNc2nnc(N3CCC(O)CC3)c3ccc(C#N)cc23)cc1Cl,VDXZLVXFVYDBNH-UHFFFAOYSA-N
CHEMBL443992,Unknown,Pain/Inflammation,187988071.13658613,0.9999970703405239,15.678990089139987,0.3917405310719999,1.0,298.3670000000001,3.4743200000000014,727.96695765811,21,2,0.3917405310719999,1.5678990089139986,Cc1cccc(NC(=S)Nc2ccc3c(c2)C(=O)OC3)c1,AJJGEERXDGDQEB-UHFFFAOYSA-N
CHEMBL409297,Unknown,Anti-infective,233711839.29195058,0.9999973544380257,18.180533090095075,0.645801069,1.0,353.4220000000001,1.8677999999999997,885.7989031896941,26,2,0.645801069,1.8180533090095075,C=CCn1cc(C[C@@H]2NC(=O)[C@@H]3CCCN3C2=O)c2ccc(OC)cc21,REIZBZBLICQUFC-IRXDYDNUSA-N
CHEMBL405416,Unknown,CNS/Neurology,224982166.92712507,0.9999978669062609,21.528776086781384,0.38721355243199984,1.0,334.4230000000001,3.4823200000000023,870.5034782375175,25,3,0.38721355243199984,2.1528776086781383,Cc1ccc(Oc2nc3ccccc3nc2N2CCN(C)CC2)cc1,ZJERWVJNAYLTOX-UHFFFAOYSA-N
CHEMBL405667,Unknown,CNS/Neurology,233897747.92455107,0.9999973259019886,23.851014914783445,0.1278795,0.8,349.43300000000005,5.980900000000004,1130.054450758982,27,4,0.10230360000000001,2.3851014914783444,O=C1CC(c2ccc(-c3ccccc3)cc2)c2c(ccc3ccccc23)N1,FIXJFHRCFOCKFV-UHFFFAOYSA-N
CHEMBL411601,Unknown,Cardiovascular,185704500.146196,0.9999956882249461,17.600859169156273,0.10416666666666667,1.0,371.4630000000001,-1.1806999999999963,560.1249700590942,25,0,0.10416666666666667,1.7600859169156273,CC(=O)NC(C(=O)N1CCSCC1)[C@H]1CC(C(=O)O)C[C@@H]1N=C(N)N,BDSRBHWIGUHRNH-YECOWLKZSA-N
CHEMBL441131,Unknown,Pain/Inflammation,175131705.20467973,0.999996839361878,14.817979280076914,0.24462492515999978,1.0,324.13300000000004,4.5454000000000025,599.6454877327923,20,2,0.24462492515999978,1.4817979280076914,CCCc1cnnn1-c1c(Cl)cc(C(F)(F)F)cc1Cl,QSAXYXZBPFYFMV-UHFFFAOYSA-N
CHEMBL155374,Unknown,Anti-infective,165089976.9848963,0.9999968019159944,15.086226981615601,0.27041270592,1.0,273.657,1.4745999999999997,578.8422190795903,17,2,0.27041270592,1.50862269816156,O=C(O)C(=O)Nc1nc(-c2cc(Cl)no2)cs1,CXUAHUFXAFPMMD-UHFFFAOYSA-N
CHEMBL217730,Unknown,Pain/Inflammation,211577279.0310021,0.9999971374163825,16.4185609839056,0.5407765700999998,1.0,340.4270000000001,3.2898200000000024,765.2313236051539,25,2,0.5407765700999998,1.64185609839056,CCc1c(C)[nH]c2c1/C(=N/OC(=O)NCCc1cccnc1)CCC2,FRDHUVIJKSQWJP-HAVVHWLPSA-N
CHEMBL261894,Unknown,Immunology,291691630.12825465,0.9999963536805876,26.480280518215007,0.30568725,0.8,522.6900000000003,2.9713000000000003,1070.1774513872476,38,2,0.24454980000000004,2.648028051821501,CCC[C@@H]1NC(=O)[C@@H](C(C)C)NC(=O)[C@@H](Cc2ccc(O)cc2)NCc2ccccc2CCCCNC1=O,JYUPQDZMANQSKY-OYUWMTPXSA-N
CHEMBL262664,Unknown,Pain/Inflammation,240831283.28253004,0.9999972189277209,17.22143311612042,0.7149951971999998,1.0,397.5190000000002,2.590600000000001,810.5154004276487,29,2,0.7149951971999998,1.722143311612042,COc1cc2c(cc1OC)CC(=O)N(CCCN(C)CCc1ccccn1)CC2,BHVPBHGQPGCMCT-UHFFFAOYSA-N
CHEMBL438822,Unknown,CNS/Neurology,362914032.2540582,0.9999961463439684,30.9500364227663,0.33105502547999965,0.8,662.7530000000003,3.897000000000004,1485.3644620232317,48,3,0.26484402038399973,3.09500364227663,O=C(NC[C@@H]1CCCNC1)[C@H]1CCCN1C(=O)[C@@H]1C[C@@H](O)CN1C(=O)CC(c1ccc(F)cc1)(c1ccc(F)cc1)c1ccc(F)cc1,DKABYCZEFMBXSO-BMSWWXRLSA-N
CHEMBL500021,Unknown,Pain/Inflammation,209518854.46586236,0.9999970868960498,16.121898740841498,0.6145017948719999,1.0,322.41600000000005,3.1958800000000016,737.1644721292869,24,2,0.6145017948719999,1.6121898740841498,CCC(C)CNc1nc(C#N)nc2c1NCN2Cc1ccccc1,HDACYHCKZGLUJI-UHFFFAOYSA-N
CHEMBL265024,Unknown,Pain/Inflammation,186045854.88809067,0.9999956029740427,15.038888691620404,0.31973171156666663,1.0,366.4580000000002,2.1409,512.7633569958901,26,0,0.31973171156666663,1.5038888691620405,CCOC(=O)COC(=O)CCCNC(=O)NC12CC3CC(CC(C3)C1)C2,GUVIYXHDBVMZJB-UHFFFAOYSA-N
CHEMBL263956,Unknown,Immunology,290403611.45531964,0.9999964023489811,26.437274015021256,0.25381958039999963,0.8,537.6970000000002,4.883600000000005,1043.1394549664751,39,2,0.20305566431999972,2.6437274015021255,CCCCCCC[C@H]1OC(=O)C[C@@H](O)[C@H](Cc2ccccc2)N(C)C(=O)[C@H](Cc2ccccc2)OC(=O)[C@H]1C,SHKAVHLKQFRDQE-OANXNEKNSA-N
CHEMBL265282,Unknown,CNS/Neurology,235993809.08414692,0.9999970567345776,22.525714774117457,0.21408975,0.8,389.33000000000015,5.722120000000005,979.591901338288,26,3,0.1712718,2.252571477411746,CCCN1c2cc(C)nc3c(-c4ccc(Cl)cc4Cl)nn(c23)C[C@@H]1CC,UOLDHCLTONXNAU-AWEZNQCLSA-N
CHEMBL4116102,Unknown,Pain/Inflammation,218047193.48340133,0.9999972460327319,17.179488338551327,0.3771711972,1.0,387.4150000000001,2.38817,825.5737398933106,28,2,0.3771711972,1.7179488338551328,N=C(N)NC(=O)OCc1cccc(N2CCC(Oc3cccnc3)CC2)c1F,DCWSCSVWLWCSMR-UHFFFAOYSA-N
CHEMBL267740,Unknown,CNS/Neurology,279034659.7960188,0.9999976800364955,26.199840636733818,0.2936340568933329,1.0,418.49300000000017,4.9127000000000045,1333.3130581086286,31,4,0.2936340568933329,2.6199840636733818,CCCCc1oc2ccccc2c1Cc1cccc(/C(C)=C/Cn2oc(=O)[nH]c2=O)c1,QCEFMNARTINCQJ-GHRIWEEISA-N
CHEMBL1203199,Unknown,CNS/Neurology,229916261.88797206,0.9999978800280396,21.583450164756766,0.31512886775999965,1.0,372.921,4.214800000000004,877.7933553009022,25,3,0.31512886775999965,2.1583450164756766,C[C@H](NC(=O)[C@H]1Cc2c(sc3ccccc23)CN1)c1ccccc1.Cl,OLKLYYGNTKPDGX-OZIFAFRSSA-N
CHEMBL444024,Unknown,Pain/Inflammation,211849456.94348615,0.9999970088516189,15.738564212718023,0.7319723954399999,1.0,316.35300000000007,2.9812000000000016,693.8064548939703,23,2,0.7319723954399999,1.5738564212718023,COC(=O)c1cc(CCc2ccc(OC)cc2OC)ccc1O,OCROLQUDXVCBIY-UHFFFAOYSA-N
CHEMBL444145,Unknown,Pain/Inflammation,189936894.62369066,0.9999958996331961,15.898095611978958,0.2652992748,1.0,348.43900000000014,2.1692,677.5739978069821,25,0,0.2652992748,1.5898095611978957,C=C(CO)[C@]12C=C3C(=O)C[C@@H](C(C)C)[C@]3(C)C[C@@H](O)[C@@]1(C)CC(=O)O2,LAUXGJSHPLNZHD-LVQIXTDASA-N
CHEMBL444231,Unknown,Other,262469651.05977714,0.999995374822145,20.947214495979253,0.12489935150999977,0.8,546.7450000000003,4.7237000000000045,1013.9876972632017,39,0,0.09991948120799982,2.0947214495979254,C=C(CC(O)C(C)(O)[C@H]1CC[C@H]2C3=C[C@H](OC(C)=O)[C@H]4[C@@H](OC(C)=O)[C@@H](O)CC[C@]4(C)[C@H]3CC[C@]12C)C(C)C,VADVFHPNQHOFEA-QFFOTPQNSA-N
CHEMBL4116106,Unknown,Cardiovascular,227292761.36647928,0.9999973289764935,20.058500448202267,0.1725,1.0,426.2590000000001,-0.9507,871.6536074734815,27,2,0.1725,2.0058500448202268,O=c1[nH]cnc2c1ncn2C(COCCP(=O)(O)O)COCCP(=O)(O)O,QILJCTJTALGWKS-UHFFFAOYSA-N
CHEMBL444233,Unknown,Pain/Inflammation,173626772.89041093,0.9999968946352341,14.868069811344359,0.3754008907799999,1.0,274.707,3.316300000000002,630.3529078008598,19,2,0.3754008907799999,1.486806981134436,CC1(c2ccccn2)ON=C(c2ccccc2Cl)O1,NTRYLBQYVMCCRY-UHFFFAOYSA-N
CHEMBL441948,Unknown,Pain/Inflammation,148470779.87828705,0.9999967377268226,14.012930440382725,0.33066926640000005,1.0,210.28,2.3840000000000003,543.1815681275363,16,2,0.33066926640000005,1.4012930440382725,c1ccc2cc(CC3=NCCN3)ccc2c1,VIXRKFBKWOHVBR-UHFFFAOYSA-N
CHEMBL442894,Unknown,Anti-infective,186092047.48162177,0.9999972959160174,17.680279942279814,0.1664325,1.0,271.232,-0.4325999999999999,946.7133237133024,20,2,0.1664325,1.7680279942279813,Cn1c(=O)c2c3c(cnc2n(C)c1=O)C(=O)C=CC3=O,NIIGOLPNKWYMTF-UHFFFAOYSA-N
CHEMBL264812,Unknown,Pain/Inflammation,210328791.92392585,0.999996964065247,15.97351694618405,0.5799798223200001,1.0,352.4820000000001,2.6502,668.9251372070257,26,2,0.5799798223200001,1.597351694618405,CN(CCNC(=O)N1CCN(c2ccccc2)CC1)Cc1ccccc1,ZUYIQQYTENCMFY-UHFFFAOYSA-N
CHEMBL440981,Unknown,Immunology,269001664.26328635,0.9999970823300424,24.093649114485668,0.15525,0.8,526.316,-2.229959999999995,965.3721987059284,30,3,0.1242,2.409364911448567,Cc1ccc[n+](CCC#Cc2ccc(C#CCC[n+]3cccc(C)c3)cc2)c1.[Br-].[Br-],WHZCBTLRGGDXDM-UHFFFAOYSA-L
CHEMBL444368,Unknown,Pain/Inflammation,183664362.74296957,0.9999970621173587,15.652733066278405,0.3904045715999998,1.0,281.355,2.6366000000000023,723.3985326278217,21,2,0.3904045715999998,1.5652733066278404,CN1CCc2cccc3c2[C@H]1Cc1ccc(CO)c(O)c1-3,HATGKOHTAYTUSG-OAHLLOKOSA-N
CHEMBL445177,Unknown,Pain/Inflammation,171898948.3679522,0.9999954360065864,14.962521725651019,0.16516605,0.8,346.511,6.500100000000008,520.0036590570138,25,1,0.13213284,1.496252172565102,CCCCCC/C=C\CCCCCCCc1cccc(O)c1C(=O)O,YXHVCZZLWZYHSA-FPLPWBNLSA-N
CHEMBL442595,Unknown,Pain/Inflammation,189259244.81700552,0.999997074101473,15.950354364408934,0.2261257387199997,1.0,343.883,4.166700000000004,730.0563738825732,23,2,0.2261257387199997,1.5950354364408934,CN(Cc1ccccc1)C(=S)N1CCC(c2cccc(Cl)c2)=N1,LGCQUBQIDPGHHH-UHFFFAOYSA-N
CHEMBL265130,Unknown,CNS/Neurology,264892373.6205919,0.9999975226317235,24.529174807824017,0.3260553357599997,1.0,421.4530000000001,4.290200000000003,1120.7601536671775,31,3,0.3260553357599997,2.4529174807824017,CCOC(=O)c1ccc2ncc(C(=O)OCC)c(Nc3ccc(NC(C)=O)cc3)c2c1,QDRFZGBUDIQUSQ-UHFFFAOYSA-N
CHEMBL262924,Unknown,CNS/Neurology,329836731.01939154,0.9999970253174184,30.2151853809488,0.13421276693999984,0.8,560.0580000000003,4.634300000000003,1597.0458786843813,40,5,0.10737021355199988,3.02151853809488,COCCOc1ccc(N2CCN(Cc3cccc(-c4cc5nc(-c6ccco6)nn5c(N)n4)c3)CC2)c(Cl)c1,AXGPHCKLDUJMDG-UHFFFAOYSA-N
CHEMBL264478,Unknown,Immunology,324456604.39390147,0.9999970111907901,30.641599047051642,0.20864584260000002,0.8,507.8880000000002,1.2670000000000003,1604.8940055354876,36,5,0.16691667408000002,3.064159904705164,O=C([O-])c1cc(F)ccc1Cn1nnc(-c2cccc(/C=C/c3ccc4ccc(Cl)cc4n3)c2)n1.[Na+],ZWMVUYITFQYQRW-FCVRUTMISA-M
CHEMBL1205150,Unknown,Metabolic,260899032.04097342,0.9999957634117831,23.33647263578233,0.15225,0.8,475.4610000000002,-2.2465999999999964,1098.104564989357,31,1,0.1218,2.333647263578233,COC(=O)/C=C1/C(=O)N2C1S(=O)(=O)[C@@](C)(COC(=O)CSc1nnnn1C)[C@@H]2C(=O)O,WOEKVBCDFRSHHE-VSOFOQCTSA-N
CHEMBL153812,Unknown,Pain/Inflammation,179749822.84422177,0.999997614885826,15.304408363382771,0.50561987256,1.0,237.262,2.1244,730.4921254920199,18,3,0.50561987256,1.530440836338277,NC(=O)c1ccccc1-n1cnc2ccccc21,SPSMKSLIWNNIJD-UHFFFAOYSA-N
CHEMBL1203155,Unknown,Other,275928436.4446946,0.9999974194673195,21.451997552050923,0.35190749999999993,1.0,499.9990000000002,2.8079000000000014,1178.0737114149515,35,3,0.35190749999999993,2.145199755205092,CC1CC(=O)NN=C1c1ccc(NC(=O)CCNCC(O)COc2cccc3[nH]ccc23)cc1.Cl,PDRFHVLVHPUYTI-UHFFFAOYSA-N
CHEMBL443462,Unknown,Pain/Inflammation,144571646.5385164,0.9999960915532108,13.687921217438445,0.3053564831333332,1.0,218.252,2.7790000000000017,484.19622821024456,16,1,0.3053564831333332,1.3687921217438446,CC(=O)c1cc2c(cc1O)OC(C)(C)C=C2,SVUVYHFYZBCYRF-UHFFFAOYSA-N
CHEMBL443602,Unknown,Anti-infective,96887748.74015062,0.99999495,11.924847174102803,0.13254333333333332,1.0,159.18499999999997,-0.7277000000000002,148.6211124509551,11,0,0.13254333333333332,1.1924847174102804,COC(=O)[C@H]1C[C@H](O)CCN1,XYDFSCGFCFYWNY-PHDIDXHHSA-N
CHEMBL437851,Unknown,Other,208833443.33485335,0.9999952272445592,17.711362146189373,0.12781125000000002,0.8,432.6010000000003,5.427400000000006,704.0247551434156,31,0,0.10224900000000002,1.7711362146189373,C[C@H]1[C@@H](OCC23CC4CC(CC(C4)C2)C3)O[C@@H]2O[C@@]3(C)CC[C@H]4[C@H](C)CC[C@@H]1[C@@]24OO3,BGHFDCMFUPDVPZ-KLOIQOFNSA-N
CHEMBL263614,Unknown,Cardiovascular,181958705.60911885,0.9999955712781843,17.29142100939673,0.1,1.0,375.4180000000001,-0.4619999999999982,495.1545468104949,26,0,0.1,1.7291421009396728,CCCCCCO[C@H]1C=C(C(=O)O)O[C@@H]([C@H](O)[C@H](O)CO)[C@@H]1NC(C)=O,FANFLDXHKWDOKU-UDUPFKKZSA-N
CHEMBL263193,Unknown,CNS/Neurology,245398940.76616925,0.999996838504686,23.81438000672699,0.24187949999999997,0.8,375.4680000000001,5.377000000000005,1100.8307300425763,28,3,0.1935036,2.381438000672699,CC1(C)CCC(C)(C)c2cc3c(ccn3C(=O)c3ccc(C(=O)O)cc3)cc21,QNHDUDVKCSJIOJ-UHFFFAOYSA-N
CHEMBL438329,Unknown,CNS/Neurology,263413013.17547873,0.9999975737881616,24.305791694873836,0.3602998794599996,1.0,415.5370000000002,4.943300000000003,1092.3399102892918,31,3,0.3602998794599996,2.4305791694873835,C[C@H]1CC[C@@H](NCc2ccc3c(c2)Cc2c(-c4ccc(CC(=O)O)cc4)n[nH]c2-3)CC1,BTBLVKQZYNTQOX-NBEIKUQISA-N
CHEMBL443332,Unknown,Pain/Inflammation,168955509.7299267,0.999996983809559,15.020806987690069,0.36757433387999994,1.0,243.31,2.2398,679.8941994094682,18,2,0.36757433387999994,1.502080698769007,C=C(C)N1Cc2cccc3[nH]c(=O)n(c23)C(C)C1,OCSIKSHIPBGUCN-UHFFFAOYSA-N
CHEMBL443686,Unknown,Anti-infective,127779837.89369,0.9999964691171408,13.406142215798965,0.25444747436399995,1.0,183.19600000000003,0.4518199999999999,393.95396710695775,12,2,0.25444747436399995,1.3406142215798966,Cc1nonc1-c1nc(S)n[nH]1,ZVPLCLVGRZSNMJ-UHFFFAOYSA-N
CHEMBL1203252,Unknown,Pain/Inflammation,188927640.8680675,0.9999962305178286,15.086638894506498,0.3558506567,1.0,357.88600000000014,2.0531400000000004,561.3987936343799,24,1,0.3558506567,1.5086638894506499,Cc1ccc(OCCCON/C(N)=N/C(N)=N/C(C)C)cc1C.Cl,MCYZTMGMDFFISS-UHFFFAOYSA-N
CHEMBL155263,Unknown,Anti-infective,135849763.04143065,0.9999953541433453,13.77223966811923,0.15168237699999995,1.0,244.36,0.3654999999999999,374.5240807102118,16,0,0.15168237699999995,1.377223966811923,CC(C#CCN1CCCC1)N(C)S(C)(=O)=O,VFAVZVOJIJSRRA-UHFFFAOYSA-N
CHEMBL266873,Unknown,CNS/Neurology,272716646.7924722,0.9999974697321998,24.94917832094004,0.3621948281279995,1.0,432.47600000000017,4.699920000000004,1150.1487778964693,32,3,0.3621948281279995,2.494917832094004,C/C(=C\CC1OC(=O)NC1=O)c1cccc(OCCc2nc(-c3ccccc3)oc2C)c1,UVWOLJAZRBAHMZ-LFIBNONCSA-N
CHEMBL444434,Unknown,Pain/Inflammation,215531266.81938446,0.9999973633125575,17.27379538321713,0.4158636825599999,1.0,346.3350000000001,2.4999,909.2708013839376,25,2,0.4158636825599999,1.727379538321713,CC(=O)O[C@H]1c2c(ccc3ccc(=O)oc23)OC(C)(C)[C@H]1OC(C)=O,YJOWXMGENDGFDH-IRXDYDNUSA-N
CHEMBL6322,Unknown,Immunology,324834347.1220761,0.9999960355200596,29.019466371040757,0.24475121999999988,0.8,603.6690000000003,3.1834000000000024,1246.9333002563085,43,2,0.1958009759999999,2.901946637104076,CCN(CC)C(=O)OCC1CN(C(=O)c2cc(OC)c(OC)c(OC)c2)CCN1C(=O)c1cc(OC)c(OC)c(OC)c1,QKSXEJNMSRTCRE-UHFFFAOYSA-N
CHEMBL438132,Unknown,Pain/Inflammation,196746868.67411983,0.9999969490965861,15.29185146015699,0.6280478235,1.0,293.317,2.4851,660.6092144683761,21,2,0.6280478235,1.5291851460156989,CCN(CC)c1nc(Cc2c(F)cccc2F)cc(=O)[nH]1,SSAFINLTVJLGOE-UHFFFAOYSA-N
CHEMBL1205279,Unknown,Other,254471044.87658197,0.9999959398211221,20.400675761263834,0.12256334999999995,0.8,524.5070000000002,3.6091000000000015,1000.0993766564462,36,1,0.09805067999999996,2.0400675761263836,CCCCOP(=O)(OCCCC)OC1=C(C(=O)O)N2C(=O)[C@@H](NC(=O)COc3ccccc3)[C@H]2CC1,ZNIQMXJPFCYRAD-NQIIRXRSSA-N
CHEMBL263329,Unknown,CNS/Neurology,253576273.8653404,0.9999977842095864,23.208425125802137,0.39872344817999944,1.0,405.5420000000002,4.474100000000004,975.4391186925812,30,3,0.39872344817999944,2.3208425125802137,c1cc2c(c(N3CCN(CCCCCc4c[nH]c5ccccc45)CC3)c1)OCCO2,UIIYRSHAVQCSGP-UHFFFAOYSA-N
CHEMBL265564,Unknown,Pain/Inflammation,214846136.74681747,0.9999970964656304,16.80455174993384,0.3811174219199997,1.0,396.531,3.929800000000003,742.4809057419563,29,2,0.3811174219199997,1.680455174993384,CN(C)CCNC(=O)C(=O)CCCCCCOc1ccc(-c2ccccc2)cc1,VOSOZRNICIGOTL-UHFFFAOYSA-N
CHEMBL262819,Unknown,CNS/Neurology,270540622.94297636,0.9999971311512003,25.452639758948873,0.2433564,0.8,427.9350000000001,6.226800000000005,1238.2493331996016,31,4,0.19468512000000002,2.5452639758948874,Cc1ccccc1-c1cc(C(OCc2ccc(Cl)cc2)c2cncn2C)ccc1C#N,PQXNLUZAJJXKFM-UHFFFAOYSA-N
CHEMBL4116001,Unknown,Other,230915664.00504887,0.9999964286372661,17.36452346087575,0.5515194321466664,1.0,426.5040000000003,2.284299999999999,671.4651478270381,30,1,0.5515194321466664,1.736452346087575,CC(=O)N[C@@H](Cc1cc(F)cc(F)c1)[C@H](O)[C@H]1CO[C@@H](OCC2CCCCC2)CN1,XQHQHHREHKYCIG-CBPXPLCBSA-N
CHEMBL440085,Unknown,Anti-infective,121862248.72866018,0.9999957135085845,12.849068612272132,0.20950199900000002,1.0,204.657,1.0929,274.1714358003774,13,1,0.20950199900000002,1.2849068612272132,COc1noc2c1CN(C)CC2.Cl,TUTIKEIKWZZHKM-UHFFFAOYSA-N
CHEMBL443886,Unknown,Pain/Inflammation,228455939.39303336,0.9999981014172215,18.696000339738706,0.32666535495999993,1.0,362.3970000000001,2.3332,1099.2126547432586,27,4,0.32666535495999993,1.8696000339738705,CCNC(=O)Nc1nc2cc(-c3cccnc3)cc(-c3cnn(C)c3)n2n1,YVNQCZCIRMOCOR-UHFFFAOYSA-N
CHEMBL156037,Unknown,CNS/Neurology,313968160.9525897,0.9999965835219469,27.820545386622733,0.20113190999999989,0.8,588.7050000000003,3.952700000000002,1242.487807298687,43,3,0.1609055279999999,2.7820545386622735,CCOc1ccc(/C=C/C(=O)NCCCCN2CCN(C(c3ccccc3)c3ccccc3)CC2)cn1.O=C(O)C(=O)O,OJXXSIAWSKGSRI-INTLEYBYSA-N
CHEMBL268086,Unknown,CNS/Neurology,251676435.2380201,0.9999978300636325,22.47873062258994,0.5952041567999998,1.0,361.44900000000007,3.024000000000002,949.9646486338504,27,3,0.5952041567999998,2.2478730622589937,CCNc1cccnc1N1CCN(C(=O)c2cnc3ccccc3c2)CC1,SYQITLQHUPVPJU-UHFFFAOYSA-N
CHEMBL264521,Unknown,Pain/Inflammation,229101632.72509116,0.9999972928125828,18.06655049959386,0.38410553159999944,1.0,392.5430000000002,4.746200000000004,948.4374540340856,29,2,0.38410553159999944,1.8066550499593859,CCCCCn1cc(C(=O)NC2C3CC4CC(C3)CC2C4)c(=O)c2ccccc21,OZNIGHJFOUDOAH-UHFFFAOYSA-N
CHEMBL500790,Unknown,Pain/Inflammation,160048236.2467202,0.999996732888547,14.48081373204426,0.2908127917799997,1.0,264.368,4.249700000000003,540.4936372007475,20,2,0.2908127917799997,1.448081373204426,OC(/C=C/C=C/c1ccccc1)CCc1ccccc1,OVURIZIJDDTXJS-FNCQTZNRSA-N
CHEMBL500798,Unknown,Pain/Inflammation,162570697.74486357,0.999996756691305,14.556189132433044,0.22970627987999978,1.0,287.7900000000001,4.558600000000003,553.7173916549199,20,2,0.22970627987999978,1.4556189132433044,Cl.c1ccc(CCC2=NOC(c3ccccc3)C2)cc1,LBPDBJPGQXEYET-UHFFFAOYSA-N
CHEMBL502052,Unknown,Other,296931093.3561956,0.9999949529335379,23.38826584860719,0.1,0.8,612.8040000000003,4.501500000000005,1248.3702567509986,44,0,0.08000000000000002,2.338826584860719,CCCCCCCCC/C=C/C=C/C=C/C(=O)O[C@@]12C[C@@H](C)[C@@]3(O)[C@H]([C@@H]1C2(C)C)[C@@H]1O[C@]1(CO)[C@@H](O)[C@]1(O)C(=O)C(C)=C[C@H]13,NEZVVESVXBEHTR-YYHKZOSKSA-N
CHEMBL444736,Unknown,Anti-infective,137896128.7430808,0.9999951968592895,13.3797926906445,0.2927871786666666,1.0,240.34699999999995,1.5975999999999997,287.1440496828207,17,0,0.2927871786666666,1.33797926906445,CCCC(C)(C)C(=O)N[C@H]1CCCCNC1=O,BSKBSIQSUHKBFE-JTQLQIEISA-N
CHEMBL444924,Unknown,Anti-infective,156185078.44036055,0.9999960192981145,14.419921597555694,0.3580382399999999,1.0,251.257,1.19,444.0545080602875,18,1,0.3580382399999999,1.4419921597555694,O=C(CCc1ccc(F)cc1)N[C@H]1CCOC1=O,JWGPSBVZCVYNKJ-NSHDSACASA-N
CHEMBL267832,Unknown,CNS/Neurology,283025062.0917105,0.9999973520202933,25.66004336671664,0.38083205999999986,1.0,446.5070000000001,3.1226200000000013,1215.544281543438,33,3,0.38083205999999986,2.566004336671664,C#CCN(Cc1ccc2nc(C)nc(O)c2c1)c1ccc(C(=O)N[C@@H](C(=O)O)C(C)C)cc1,AXUMAJPONGIXCH-JOCHJYFZSA-N
CHEMBL268339,Unknown,CNS/Neurology,258906302.85134858,0.9999977604570479,22.23544420220187,0.52560781602,1.0,407.293,3.259100000000001,988.6349734142292,24,3,0.52560781602,2.223544420220187,CN(C)c1cccc2c(S(=O)(=O)Nc3cnc(Br)cn3)cccc12,DFVPVSOUYKGHAX-UHFFFAOYSA-N
CHEMBL438024,Unknown,CNS/Neurology,301281179.29601085,0.9999971785353848,26.627875281061225,0.4018421534399998,1.0,483.5460000000002,3.6608000000000023,1311.9247862016443,34,3,0.4018421534399998,2.6627875281061226,COC(=O)C1=C(C)NC(C)=C(C(=O)OC)C1c1c(-c2cc(OC)ccc2OC)nc2sccn12,XSPXMNKPLQUBTQ-UHFFFAOYSA-N
CHEMBL499809,Unknown,Pain/Inflammation,157683880.69236237,0.9999951223156169,13.482088337778354,0.17231130000000003,0.8,344.61500000000007,5.720900000000006,345.7308982650466,21,1,0.13784904000000003,1.3482088337778353,CC(C)CSc1cc(SCC(C)C)nc(SCC(C)C)n1,LFOJKMYMKNNMCC-UHFFFAOYSA-N
CHEMBL156224,Unknown,CNS/Neurology,358925219.91823316,0.9999964984860455,32.092185973793725,0.1,0.8,666.823,4.625020000000003,1589.729974697285,49,4,0.08000000000000002,3.2092185973793725,Cc1ccc(CNC(=O)NC(C(=O)N[C@@H](Cc2ccccc2)[C@@H](O)C[C@H](Cc2ccccc2)NC(=O)OCc2cccnc2)C(C)C)cn1,ZZZRLJNAYRXPIA-QPMRDEQLSA-N
CHEMBL4116086,Unknown,Immunology,351074757.698424,0.9999965916296948,31.39960358840502,0.39694280220000044,0.8,574.7500000000002,1.965400000000004,1537.983502918876,42,4,0.31755424176000036,3.139960358840502,CN1CCN(CCNC(=O)COc2ccc3oc4c(NCCN5CCN(C)CC5)c5ccccc5[n+](C)c4c3c2)CC1,DBBNBMUNWGJUOJ-UHFFFAOYSA-O
CHEMBL216546,Unknown,Other,235368883.1747578,0.99999682482184,18.2168764401446,0.4041797437999999,1.0,424.222,2.794600000000001,891.567688911841,26,1,0.4041797437999999,1.8216876440144598,COC[C@H]1OC(O)=C2C1=NC1=C(C(=O)COC1)[C@H]2c1ccc(F)c(Br)c1,AROMYTJMBCYGNX-ZIAGYGMSSA-N
CHEMBL262244,Unknown,CNS/Neurology,293104711.373221,0.9999973638764383,25.80001857567934,0.41343695999999974,1.0,480.6340000000002,4.032500000000002,1208.9575342884748,34,3,0.41343695999999974,2.5800018575679338,CC1CCN(C(=O)[C@H](CCCNc2ccccn2)NS(=O)(=O)c2ccc3ccccc3c2)CC1,XPJLGLZCFROROG-DEOSSOPVSA-N
CHEMBL262399,Unknown,CNS/Neurology,306676881.1450612,0.999997741582574,29.152878417052325,0.1921224689999998,1.0,460.5370000000002,4.233000000000002,1599.120792228682,35,5,0.1921224689999998,2.9152878417052324,O=C1NC(Cc2c[nH]c3ccccc23)C(=O)N2C(c3ccccc3)c3[nH]c4ccccc4c3C[C@@H]12,BUICXYYUEPTJQC-AYIJWJHJSA-N
CHEMBL262267,Unknown,CNS/Neurology,271207368.4174716,0.9999975712471912,24.131262171717736,0.4615377631199997,1.0,424.5220000000002,3.261400000000002,1093.751560476633,30,3,0.4615377631199997,2.4131262171717736,O=C(O)C(Cc1c[nH]c2ccccc12)NC(=O)C(CS)C1CCc2cc(O)ccc21,ZQUSUQSQDVHXNQ-UHFFFAOYSA-N
CHEMBL1205372,Unknown,Pain/Inflammation,184534993.02026042,0.999996883246025,14.956945745669458,0.4909314451199998,1.0,290.75,3.8408000000000015,624.0255694156942,20,2,0.4909314451199998,1.4956945745669459,CC(C)(C(=O)O)c1cccnc1Nc1ccc(Cl)cc1,GVIYRGJPLBCCCA-UHFFFAOYSA-N
CHEMBL438807,Unknown,CNS/Neurology,298220313.41521716,0.9999969088982015,26.221441127081697,0.1971840444713998,0.8,521.4870000000002,4.747370000000003,1361.72322142073,30,4,0.15774723557711987,2.6221441127081695,CSc1sc(C(=N)N)cc1S(=O)(=O)c1cc(Br)c2c(c1)ncn2Cc1ccccc1,CSMDKHNWKDQKAP-UHFFFAOYSA-N
CHEMBL498871,Unknown,CNS/Neurology,230062900.2602247,0.9999979042824437,21.291918062396817,0.5226302805479996,1.0,315.394,3.5206200000000027,908.7319757372702,22,3,0.5226302805479996,2.1291918062396817,CCS(=O)(=O)c1ccc2oc(Cc3ccc(C)cc3)nc2c1,QSJKXUIBIAXQST-UHFFFAOYSA-N
CHEMBL499906,Unknown,Anti-infective,149921301.98077697,0.9999960242267648,14.558416250345758,0.1878471,1.0,267.285,0.4817,446.7926471169343,19,1,0.1878471,1.4558416250345758,CCCNC(=O)[C@H](N)[C@@H](O)c1ccc([N+](=O)[O-])cc1,BWDAHVYSRZKKRS-MNOVXSKESA-N
CHEMBL503603,Unknown,Anti-infective,230217059.79305196,0.9999976777186991,19.269714589562703,0.2856071232,1.0,385.8470000000001,0.4903999999999997,1034.60072276578,27,3,0.2856071232,1.9269714589562703,CCOc1cc2cc3[n+](cc2cc1OC)CCc1cc2c(cc1-3)OCO2.[Cl-],OTUQSNFOPIHCDT-UHFFFAOYSA-M
CHEMBL503725,Unknown,Anti-infective,146496762.59399202,0.9999958690370828,13.691341711074427,0.36506152872,1.0,237.177,1.3277,360.5761570817977,16,1,0.36506152872,1.3691341711074427,CCOC(=O)C(O)(c1ccc[nH]1)C(F)(F)F,ZOQFCCWJBVOJKD-UHFFFAOYSA-N
CHEMBL504045,Unknown,Other,362820630.02208954,0.9999948176639034,27.176400402753124,0.17874401999999978,0.8,734.9859999999999,3.0202000000000053,1623.520053700417,50,1,0.14299521599999984,2.7176400402753123,C=CCNC(=O)C(=O)C(CCC)NC(=O)[C@@H]1[C@@H]2[C@H](CN1C(=O)[C@@H](NC(=O)N[C@H](CN1Cc3sccc3S1(=O)=O)C(C)(C)C)C(C)(C)C)C2(C)C,XRUFCCPNNXOMGW-YEMQHKNJSA-N
CHEMBL438139,Unknown,CNS/Neurology,310578491.72374505,0.9999964622963116,27.20684684413628,0.4366551282119999,0.8,505.5670000000002,3.050600000000001,1309.8353824983308,37,3,0.34932410256959995,2.720684684413628,COc1ccc([C@@]23Oc4cc(OC)cc(OC)c4[C@]2(O)[C@H](O)[C@H](C(=O)N(C)C)[C@H]3c2ccccc2)cc1,DAPAQENNNINUPW-IDAMAFBJSA-N
CHEMBL265732,Unknown,Immunology,315035298.2897936,0.9999959175757708,28.362920812899613,0.33326829,0.8,533.5820000000003,1.7562999999999998,1312.4579051561593,37,2,0.266614632,2.8362920812899612,CC(=O)NC[C@H]1CN(c2ccc(N3CCN(S(=O)(=O)c4cccc(NC(C)=O)c4)CC3)c(F)c2)C(=O)O1,BNUOGZNNEKVXOV-FQEVSTJZSA-N
CHEMBL1203132,Unknown,CNS/Neurology,242001143.78899053,0.9999970953671078,22.895921436613776,0.23307750000000008,0.8,408.92900000000014,5.129300000000005,958.1293845754224,29,3,0.18646200000000007,2.2895921436613778,COc1ccc(OCC2=NC(c3ccccc3)c3ccccc3CN2C)cc1.Cl,JMXKYLMNVACGOP-UHFFFAOYSA-N
CHEMBL385384,Unknown,CNS/Neurology,245268600.3800107,0.9999976978705858,23.038347853602918,0.40387769249999955,1.0,360.41300000000007,4.499980000000003,1023.4052301316168,27,3,0.40387769249999955,2.3038347853602916,CCc1c(C#N)c(-c2ccc(-c3ccc(OC)cc3)cc2)c(C(=O)O)n1C,LCLAOPHWWQRJEX-UHFFFAOYSA-N
CHEMBL383917,Unknown,Anti-infective,221295295.23434448,0.9999971900561373,18.93480351952358,0.275989773024,1.0,361.4210000000001,0.8329200000000004,1005.5243681783458,26,2,0.275989773024,1.893480351952358,Cc1c(N2CC[C@@H]([C@H](C)N)C2)c(F)cc2c(=O)n(N)c(=O)n(C3CC3)c12,SMONLCFJGCJROJ-WDEREUQCSA-N
CHEMBL527552,Unknown,Pain/Inflammation,128477994.38437869,0.9999959215626318,12.827020792172442,0.26671785111999996,1.0,193.227,2.0642000000000005,389.7570176380891,13,1,0.26671785111999996,1.2827020792172443,CC1=NOC(=O)/C1=C\c1cccs1,CYAUGHRTEGIPJE-YVMONPNESA-N
CHEMBL503559,Unknown,Anti-infective,141339708.91289824,0.9999959051962409,13.688821325174684,0.36571327915733326,1.0,210.277,1.2307199999999998,380.66457829124977,15,1,0.36571327915733326,1.3688821325174685,CCN(CC)Cc1c[nH]c(C)c(O)c1=O,BUZRUDXKSBGNGS-UHFFFAOYSA-N
CHEMBL500618,Unknown,CNS/Neurology,589690537.980666,0.99999693,52.17085551832053,0.1247372324999997,0.8,965.7499999999998,4.428600000000007,3301.9162112114354,64,11,0.09978978599999977,5.217085551832053,[Br-].[Br-].c1cc2nc(c1)C[n+]1ccn(c1)Cc1cc3ccccc3nc1Oc1ccc3ccccc3c1-c1c(ccc3ccccc13)Oc1nc3ccccc3cc1Cn1cc[n+](c1)C2,ZSEVYHPZOPFFPG-UHFFFAOYSA-L
CHEMBL265763,Unknown,Immunology,324109149.7529693,0.9999967280631701,30.294137367645426,0.21359393999999995,0.8,541.6040000000004,2.6566,1462.1871277309062,40,4,0.17087515199999997,3.0294137367645426,NC(=O)[C@H](Cc1ccccc1)NC(=O)[C@H](Cc1ccc2ccc(OCc3ccccc3)cc2c1)[C@H](O)C(=O)NO,GNWXHESPUNJCNK-PKTNWEFCSA-N
CHEMBL265830,Unknown,CNS/Neurology,262324118.30764267,0.9999978335637926,22.817675692113955,0.50319564876,1.0,427.5550000000002,3.417800000000001,948.0201152602008,29,3,0.50319564876,2.2817675692113957,Cn1c(CSCC(=O)Nc2ccccc2)nnc1SCC(=O)Nc1ccccc1,PIDDKWRAGUAFFL-UHFFFAOYSA-N
CHEMBL262299,Unknown,CNS/Neurology,332537400.2881896,0.9999960357730138,29.580251703036375,0.2763988919999999,0.8,554.4920000000003,3.708520000000002,1546.792770148246,39,3,0.22111911359999992,2.9580251703036375,Cc1cn(C2C=CC(COP3(=O)OCc4cc(CCC(=O)OCc5ccccc5)ccc4O3)O2)c(=O)[nH]c1=O,CNLZZPOCZLNCTG-UHFFFAOYSA-N
CHEMBL4116111,Unknown,Pain/Inflammation,196229546.6712476,0.9999957645297314,15.823300426016475,0.2679725499666666,1.0,392.5400000000002,3.247300000000001,602.5165174369201,28,0,0.2679725499666666,1.5823300426016476,CC(C)(N)CNC(=O)C[C@@H]1CCC[C@]2(C1)OOC1(O2)C2CC3CC(C2)CC1C3,GRWBNQGMJVDMFS-ZNSBFJAJSA-N
CHEMBL1203140,Unknown,Other,229858295.46115935,0.9999972176181304,17.982642241385978,0.45550601747999997,1.0,407.8980000000002,1.7771,809.7878502165594,28,2,0.45550601747999997,1.7982642241385978,COc1ccccc1N1CCN(CC(O)c2ccc(O)c(C(N)=O)c2)CC1.Cl,BWIWGOAPWLFLKA-UHFFFAOYSA-N
CHEMBL500627,Unknown,Anti-infective,169346367.44283772,0.9999961437570809,15.07919026946794,0.3890392396799999,1.0,274.364,1.8836,513.1983782446571,20,1,0.3890392396799999,1.507919026946794,CCCN1CCO[C@H]2c3cc(C(N)=O)ccc3CC[C@@H]21,XKTRZPQOQOCNJU-GJZGRUSLSA-N
CHEMBL501070,Unknown,CNS/Neurology,214999081.28391436,0.9999983186855895,21.98138908307474,0.1528395195599998,1.0,323.75800000000004,4.855800000000003,978.5080058366856,23,4,0.1528395195599998,2.198138908307474,Fc1ccc(-c2nn3cc(Cl)ccc3c2-c2ccncc2)cc1,LPZJIMZWMCUUIA-UHFFFAOYSA-N
CHEMBL1782891,Unknown,Other,265396418.95175043,0.9999971293049673,20.667070123537783,0.3682875000000001,1.0,492.6200000000002,2.4105000000000008,1039.2750181673214,36,2,0.3682875000000001,2.0667070123537785,CN1C(=O)[C@@H](N)CCCC/C=C/C[C@@H](C(=O)NCc2ccccc2)NC(=O)[C@@H]1Cc1ccc(O)cc1,OBPIVGRSZAQQJH-IYURWIEGSA-N
CHEMBL500056,Unknown,Other,326878986.50921756,0.999995239367669,24.910915351969848,0.21777020999999988,0.8,655.7930000000001,2.5619000000000023,1389.2401839414763,47,1,0.17421616799999992,2.491091535196985,CC(C)(C)[C@H](NC(=O)NC1(C(=O)OCc2ccco2)CCCCC1)C(=O)N1C[C@H]2[C@@H]([C@H]1C(=O)NC(CC1CC1)C(=O)C(N)=O)C2(C)C,JUEHCCQQWAHGOO-INBFWYNRSA-N
CHEMBL500064,Unknown,CNS/Neurology,248128674.78876922,0.9999978247058752,22.14705885385852,0.43819469567999975,1.0,393.2990000000001,3.973600000000002,952.9411805144692,25,3,0.43819469567999975,2.214705885385852,Cl.O=C(Nc1ccc(C2=NCCN2)cn1)c1sc2ccccc2c1Cl,VRZMRENAPPWRGN-UHFFFAOYSA-N
CHEMBL263879,Unknown,Pain/Inflammation,194148257.5040816,0.9999965800609683,16.230421723924955,0.3246175603253331,1.0,328.37200000000007,3.370580000000002,755.5894268123863,24,1,0.3246175603253331,1.6230421723924955,CCN(CC)/C(=N\C#N)C1=CC(C)(C)Oc2ccc([N+](=O)[O-])cc21,ZMLOBWHEHJLRDF-MNDPQUGUSA-N
CHEMBL264055,Unknown,Other,241790875.81978163,0.9999972089858687,19.467551029637374,0.3555951839999995,1.0,422.5540000000002,4.405500000000004,995.0078507134416,30,2,0.3555951839999995,1.9467551029637373,CC(C)(C)c1ccc(C(=O)NC(=O)Nc2cccc(C3CN4CCSC4=N3)c2)cc1,RFTUWUSCHKVPJN-UHFFFAOYSA-N
CHEMBL265362,Unknown,CNS/Neurology,262692899.89325774,0.9999976812733337,24.018397332169087,0.3507281240399995,1.0,432.6080000000002,4.784600000000005,1032.6259257789252,32,3,0.3507281240399995,2.401839733216909,COc1cccc(CN2CCC[C@@H]2[C@H](O)CNC(C)(C)Cc2ccc3ccccc3c2)c1,FSGXGDDEFDQJGN-KAYWLYCHSA-N
CHEMBL385868,Unknown,Pain/Inflammation,214566935.17605105,0.9999971740942265,16.671863303025045,0.5201830919999999,1.0,350.46600000000007,3.3188000000000013,785.6079035964988,26,2,0.5201830919999999,1.6671863303025045,CCN1C(N(C)C)=Nc2ccccc2C1CC(=O)NCc1ccccc1,VCUHJGXHOPADEP-UHFFFAOYSA-N
CHEMBL504192,Unknown,Pain/Inflammation,239172711.88273075,0.9999973255500746,17.815919748120624,0.6087163219199998,1.0,383.4920000000001,3.0606000000000018,930.2499585724712,28,2,0.6087163219199998,1.7815919748120623,COC(=O)[C@H](CC(C)C)N1C(=O)[C@@H]2Cc3c([nH]c4ccccc34)CN2C1(C)C,MEUZGENGYKTAKJ-OALUTQOASA-N
CHEMBL505806,Unknown,Pain/Inflammation,203027768.46542394,0.9999969288553527,15.353064871656892,0.72304638336,1.0,296.326,2.7559,649.3640848415686,22,2,0.72304638336,1.5353064871656892,O=C(/C=C/c1ccc(/C=N/OCc2ccccc2)cc1)NO,DHSYUAULSBHRPH-RJXLRZCOSA-N
CHEMBL505923,Unknown,Metabolic,277200626.8469823,0.9999954509131103,23.75143164813105,0.19755525,0.8,554.6770000000002,2.958500000000001,971.7149387714792,39,0,0.1580442,2.375143164813105,C=C[C@]1(C)CC[C@@H]2[C@@]3(C)CCC[C@](C)(CO[C@@H]4O[C@@H](C(O)OC(C)=O)[C@H](O)[C@]4(O)OC(C)=O)[C@@H]3CC[C@@]2(C)O1,AWXIPZFKVIDDNA-HIFGCTMYSA-N
CHEMBL505930,Unknown,Immunology,336047172.73086286,0.9999962680548586,30.759725707287878,0.1981457100000001,0.8,599.7320000000002,1.8169000000000024,1417.7473008097645,44,3,0.1585165680000001,3.075972570728788,CC(=O)NCC(=O)N(C)[C@@H](Cc1ccccc1)C(=O)N(C)[C@@H](Cc1ccccc1)C(=O)N(C)[C@@H](Cc1ccccc1)C(N)=O,WONBVFQHSPKPHB-DTXPUJKBSA-N
CHEMBL503623,Unknown,CNS/Neurology,224929015.93686917,0.9999977811099988,21.792819338406957,0.3777840063359999,1.0,309.346,3.566520000000001,977.1611118042292,22,3,0.3777840063359999,2.179281933840696,Cc1cc2c(c(=O)[nH]1)C(=O)O/C2=C\c1cc2ccccc2s1,ZHWHAEPCMQSHKU-JYRVWZFOSA-N
CHEMBL4116124,Unknown,Other,266105279.54573745,0.9999970406190166,20.538824188580303,0.4960504647599999,1.0,452.5070000000003,2.4477,1088.5449907639552,33,2,0.4960504647599999,2.0538824188580302,CCN1CCN(CCCCOC(=O)c2cc(O)c3c(c2)C(=O)c2cccc(O)c2C3=O)CC1,AIWZBPCLDOTORP-UHFFFAOYSA-N
CHEMBL269289,Unknown,Pain/Inflammation,204680370.34330586,0.9999965427628309,16.368186412425406,0.4020091979399998,1.0,355.4340000000002,3.766180000000002,734.8682393359077,26,1,0.4020091979399998,1.6368186412425405,COc1ccc([C@]2(C#N)C[C@H]3C[C@@H](C(=O)O)C[C@H]3C2)cc1OCC1CC1,GZVHGBGPVKLJDQ-DOOXAVABSA-N
CHEMBL386654,Unknown,Anti-infective,179417375.29833966,0.9999957519064949,16.092122371080404,0.22809341183999993,1.0,327.42800000000017,1.1760799999999991,595.5036082387749,24,0,0.22809341183999993,1.6092122371080404,C#C[C@H]1CC[C@@H](C#N)N1C(=O)CNC12CC3CC(CC(O)(C3)C1)C2,FLEJLFCEMOMGJU-JMHWRACVSA-N
CHEMBL402708,Unknown,Immunology,312110165.8652834,0.9999961235460433,27.782885416399086,0.3309347194847995,0.8,555.7200000000003,4.496520000000004,1198.0299759883833,39,2,0.26474777558783963,2.778288541639909,CC(=O)c1sc(NC(=O)N[C@@H]2CN(C(=O)C3CC3)CC[C@H]2CN2CCC[C@@H](Cc3ccc(F)cc3)C2)nc1C,QYZCRHUUDLMPAO-UMXIMWEHSA-N
CHEMBL439267,Unknown,Pain/Inflammation,223823739.86032826,0.9999980933750783,18.57552786472192,0.32252129910933325,1.0,344.3780000000001,2.966420000000001,1103.680512067155,26,4,0.32252129910933325,1.857552786472192,Cc1ccc(C(N)=O)cc1Nc1ncnc2c1cnn2-c1ccccc1,OWKREXHHHNVPNK-UHFFFAOYSA-N
CHEMBL439400,Unknown,Other,232817503.00474682,0.9999973472629613,18.443601639849096,0.4042359820799994,1.0,411.54800000000006,4.8056000000000045,881.812756226421,28,2,0.4042359820799994,1.8443601639849097,CC(C)C[C@@H](C(=O)O)N1C(=O)C(=C(c2ccccc2)c2ccccc2)SC1=S,HXLIPKYDERBHRB-KRWDZBQOSA-N
CHEMBL525996,Unknown,Other,273365204.03107226,0.9999971283293592,20.214783201234404,0.6189088872599997,1.0,466.60700000000014,3.316900000000002,1039.8170227420155,33,2,0.6189088872599997,2.0214783201234403,COc1ccccc1N1CCN(CCCN2C(=O)C3Sc4ccccc4C3N(C)C2=O)CC1,ASDTZHOGJXDOAQ-UHFFFAOYSA-N
CHEMBL4116125,Unknown,Other,244794045.9637068,0.9999971593314041,19.646858818715994,0.41938625999999984,1.0,409.43800000000016,2.906000000000002,1022.5936644178452,30,2,0.41938625999999984,1.9646858818715995,O=C(OCCCN1CCCCC1)c1cc(O)c2c(c1)C(=O)c1cccc(O)c1C2=O,YCIDMANWMQFMMG-UHFFFAOYSA-N
CHEMBL154392,Unknown,Anti-infective,134311760.5842502,0.9999952497997794,13.667677054643955,0.12083333333333333,1.0,260.29,-0.5076999999999983,316.5554329905009,18,0,0.12083333333333333,1.3667677054643954,CC(C)OC(=O)C(C)CNC(=O)[C@H](N)CC(=O)O,ASAUKESVWCIYIQ-BRFYHDHCSA-N
CHEMBL525428,Unknown,CNS/Neurology,322081356.3938449,0.9999965391978298,29.321663243981668,0.2330833574999998,0.8,520.5820000000002,4.205000000000003,1567.1123167860908,37,4,0.18646668599999985,2.9321663243981666,CC#CCOc1ccc(S(=O)(=O)N[C@H](Cc2cn(Cc3ccc(F)cc3)c3ccccc23)C(=O)O)cc1,OJBSWIIISXMJGA-AREMUKBSSA-N
CHEMBL527864,Unknown,Other,257776685.12239915,0.9999974746743558,20.77286069542912,0.3899194199999999,1.0,428.50000000000017,2.686180000000001,1147.403135671079,32,3,0.3899194199999999,2.077286069542912,CN1CCN(c2ccc(Nc3ncc(C#N)c(Nc4ccccc4C(N)=O)n3)cc2)CC1,CMHUUCSQZYWFET-UHFFFAOYSA-N
CHEMBL503330,Unknown,Pain/Inflammation,167033636.32590666,0.9999949597760982,15.051489565468009,0.10520775,0.8,332.4840000000001,5.126200000000005,555.4311656142627,24,0,0.08416620000000001,1.5051489565468008,COC(=O)C(C)/C1=C/C=C(\C)CC[C@H]2O[C@]2(C)CC/C=C(\C)CC1,RINNRXYTVAOICT-QLFNBJMJSA-N
CHEMBL503400,Unknown,Anti-infective,151813727.10494298,0.999996620444405,14.248641849101078,0.43372188287999996,1.0,207.185,1.7614,478.02466940888365,15,2,0.43372188287999996,1.4248641849101078,COc1cnc(-c2ccc(O)c(O)c2)o1,UQOHWJRYPOEITP-UHFFFAOYSA-N
CHEMBL500085,Unknown,CNS/Neurology,338117015.0977591,0.9999962666180636,29.536233294972657,0.31141128941999946,0.8,597.7600000000003,4.928200000000005,1418.545520251465,44,3,0.24912903153599958,2.953623329497266,C[C@H](C[C@@H]1CC[C@H]([C@@H](C)C(=O)N2CCN(CC3CCCO3)CC2)O1)n1cc(C#Cc2ccc(Oc3ccccc3)cc2)nn1,MMWHSYHXXOBSFX-HLVTXSBBSA-N
CHEMBL500090,Unknown,Pain/Inflammation,133407994.40924028,0.9999958850089594,13.05566631443914,0.20009639999999987,1.0,233.38,3.416400000000002,369.4494218582833,16,1,0.20009639999999987,1.305566631443914,c1csc(CNC23CC4CC(CC2C4)C3)c1,NDQGLSWMMRANBN-UHFFFAOYSA-N
CHEMBL500236,Unknown,Other,223585171.22194996,0.9999978941427126,18.035217751643536,0.5330031405600001,1.0,342.35900000000004,2.27884,885.6348402629657,25,3,0.5330031405600001,1.8035217751643535,Cc1cccc(OCc2cn(CCn3c([N+](=O)[O-])cnc3C)nn2)c1,XMVWTCNLIUUNBF-UHFFFAOYSA-N
CHEMBL501691,Unknown,Other,284598374.2866772,0.9999954561913447,22.55459984557819,0.18604483027199986,0.8,545.0280000000001,4.099700000000003,1268.7825863156793,38,1,0.1488358642175999,2.255459984557819,COC1=C[C@@H](C)[C@@H]2C[C@H]3OC(OC(=O)c4cccc(Cl)c4)[C@H](O)[C@H]4C(C)=C(OC)C(=O)[C@H]([C@@]2(C)C1=O)[C@]43C,AAHJCAZRAHBCTO-UFUVGSDTSA-N
CHEMBL501699,Unknown,CNS/Neurology,333662690.82274324,0.9999963120458015,28.910983206228913,0.3277146599999999,0.8,589.6150000000005,3.0046000000000017,1393.3078880550372,42,3,0.26217172799999994,2.8910983206228913,CC(=O)N[C@@H]1Cc2c([nH]c3ccccc23)CN([C@@H](CCCCN)C(=O)NCc2ccccc2)C1=O.O=C(O)C(F)(F)F,UORANSRNDKKBHI-BUDDBBPTSA-N
CHEMBL501701,Unknown,Anti-infective,166079126.94733503,0.9999962186077405,15.456431571928086,0.14257023666666663,1.0,311.777,0.7158699999999998,554.7820780046422,21,1,0.14257023666666663,1.5456431571928086,N=C(N)NC(=O)c1nc(Cl)c(N2CCCCCC2)nc1N,RQQJJXVETXFINY-UHFFFAOYSA-N
CHEMBL501770,Unknown,Anti-infective,180657710.91229448,0.9999964088395686,16.095821883340967,0.17228745333333334,1.0,333.7970000000001,0.0461200000000002,660.466426998507,21,1,0.17228745333333334,1.6095821883340968,Cc1ccc(Cl)c(S(=O)(=O)NC(CCC(N)=O)C(N)=O)c1,KBKSWZVPBQLGMZ-UHFFFAOYSA-N
CHEMBL501957,Unknown,CNS/Neurology,397125516.19423354,0.99999585,34.27929389374696,0.2655231299999998,0.8,693.8480000000002,4.108900000000003,1860.280843890424,48,3,0.21241850399999984,3.427929389374696,COc1ccc2c(O[C@@H]3C[C@H]4C(=O)N[C@]5(C(=O)NS(=O)(=O)C6CC6)C[C@H]5/C=C\CCCCCCC(=O)N4C3)cc(-c3cscn3)nc2c1,JQKCRTAXYXOUTE-NNKKGTMLSA-N
CHEMBL154463,Unknown,Anti-infective,137721183.5235947,0.9999952546348864,13.799487540922128,0.11369250000000004,1.0,274.317,0.026500000000001,319.2416035163237,19,0,0.11369250000000004,1.3799487540922128,CCC[C@@H](COC(=O)CC)NC(=O)[C@H](N)CC(=O)O,MCDJWDQJRCAKBT-DTWKUNHWSA-N
CHEMBL541498,Unknown,Anti-infective,120073398.51387306,0.9999957664159037,12.899960589309467,0.30739022509999997,1.0,163.176,1.5695,303.5643909481188,12,1,0.30739022509999997,1.2899960589309467,CC(=O)/C=C(\O)c1cccnc1,ZBEILIOSFDQFCJ-UITAMQMPSA-N
CHEMBL4116121,Unknown,CNS/Neurology,198782713.2762146,0.999997719730806,20.413571944172343,0.2470089509999998,1.0,294.373,4.452200000000003,788.7393366355656,22,3,0.2470089509999998,2.0413571944172344,CN(C/C=C/c1cccc(F)c1)Cc1cccc2cc[nH]c12,OBXMBBUJDPNURD-GQCTYLIASA-N
CHEMBL544585,Unknown,Other,217516164.50646356,0.9999970915512002,16.84946660057654,0.3326681080799998,1.0,421.11800000000005,3.9657000000000022,739.7506667604135,23,2,0.3326681080799998,1.6849466600576541,Br.Oc1cc(C2CNCCc3c2cc(O)c(O)c3Cl)ccc1Cl,NXLRGYKOVKHTLO-UHFFFAOYSA-N
CHEMBL1163234,Unknown,CNS/Neurology,344638886.8152636,0.9999962183135692,30.388263511180618,0.15898679999999996,0.8,647.7250000000001,3.5744000000000016,1445.3813504739935,47,3,0.12718943999999996,3.038826351118062,CC(C)(C)OC(=O)NC(CC(=O)OCc1ccccc1)C(=O)NC(COCc1ccccc1)C(=O)NCC(=O)OCc1ccccc1,IVTCHXBOFLVHPF-UHFFFAOYSA-N
CHEMBL538928,Unknown,CNS/Neurology,210431243.63158607,0.9999982264362813,21.99604033227549,0.13896590091999986,1.0,296.322,4.813800000000002,1029.7576215255497,21,4,0.13896590091999986,2.199604033227549,O=c1oc(-c2ccccc2F)cc2c1sc1ccccc12,LLXSZTFVUVLUAW-UHFFFAOYSA-N
CHEMBL539185,Unknown,Pain/Inflammation,177148261.84294602,0.9999970450776738,15.856147949584535,0.19979797229999985,1.0,303.4050000000001,3.9585000000000026,713.9320410071948,23,2,0.19979797229999985,1.5856147949584536,CC1CCN(C(=O)c2ccc(C#Cc3ccccc3)cc2)CC1,ZOOFBTWTCRPFRH-UHFFFAOYSA-N
CHEMBL539138,Unknown,Other,245356175.75742236,0.9999972324882525,19.08448621364486,0.44000932499999984,1.0,424.2400000000002,3.1054000000000013,981.9509708820092,28,2,0.44000932499999984,1.9084486213644858,COc1cc(C(=O)N/N=C2\C(=O)Nc3c(Cl)cc(Cl)cc32)cc(OC)c1OC,VZQFREZESZVIEL-UHFFFAOYSA-N
CHEMBL508166,Unknown,Pain/Inflammation,213882928.63779527,0.9999970487327765,15.480987125597757,0.6188487317999999,1.0,355.2130000000001,3.0111000000000017,715.9626536136418,20,2,0.6188487317999999,1.5480987125597756,CS/C=C(/C)n1c(C(=O)c2ccc(Br)cc2)noc1=O,DDTZWTBRUYDWQL-FPLPWBNLSA-N
CHEMBL508224,Unknown,Pain/Inflammation,172140823.29326823,0.9999955015656093,14.468345243767564,0.27206509000000006,1.0,340.4160000000001,2.0382,456.4253385004349,24,0,0.27206509000000006,1.4468345243767564,C/C=C/C=C/C(=O)O[C@H]1CCCC[C@H](O)[C@H](O)[C@@H](CCC)OC1=O,FMVRTWDUGYFHPQ-JVYGEWJVSA-N
CHEMBL503469,Unknown,CNS/Neurology,260948999.05945712,0.9999977283527669,25.195306620414808,0.3072268354866665,1.0,358.3530000000001,3.197300000000001,1306.4706850938064,27,4,0.3072268354866665,2.519530662041481,Cn1cc(C2=C(c3coc4ccccc34)C(=O)NC2=O)c2ccc(O)cc21,KDHJXFSAMCTHGR-UHFFFAOYSA-N
CHEMBL500079,Unknown,Pain/Inflammation,163021302.44560993,0.9999966649738594,14.265750554533797,0.35215787789999947,1.0,272.344,4.753500000000004,502.7632551813679,20,2,0.35215787789999947,1.4265750554533798,CCCCCOc1ccc(Oc2ccc(O)cc2)cc1,JYQOLNAVBLFGQA-UHFFFAOYSA-N
CHEMBL500207,Unknown,Pain/Inflammation,216534135.59442186,0.9999978747094083,17.09025571260819,0.5705560209599999,1.0,308.3370000000001,2.9406000000000008,925.161439898706,23,3,0.5705560209599999,1.709025571260819,COc1cc(-n2cc(C(C)=O)c3ccccc32)ccc1C(N)=O,QLXYWBUNZQYRJE-UHFFFAOYSA-N
CHEMBL500234,Unknown,CNS/Neurology,343396939.5407511,0.9999959366669247,30.471665454217305,0.3451067337599998,0.8,556.663,3.6970000000000023,1601.8517085363248,41,3,0.27608538700799984,3.0471665454217307,CC[C@@]1(C(=O)NCCN2CCOCC2)OC(=O)c2c1cc1n(c2=O)Cc2c-1nc1ccccc1c2C1CCCCC1,PLDOKYJHHKJTAU-JGCGQSQUSA-N
CHEMBL156735,Unknown,CNS/Neurology,432950291.3909237,0.99999693,38.90578822964072,0.1,0.8,754.9839999999998,4.813800000000007,2156.601306585546,56,6,0.08000000000000002,3.890578822964072,CN(C)CCNC(=O)c1cccc2c(NCCN3CCN(CCNc4c5ccccc5nc5c(C(=O)NCCN(C)C)cccc45)CC3)c3ccccc3nc12,NABPVYFXMQQNLF-UHFFFAOYSA-N
CHEMBL507116,Unknown,Anti-infective,119113720.15437089,0.9999951253963477,12.585677525971148,0.2596755738666667,1.0,189.195,1.6702,247.44241535199075,12,0,0.2596755738666667,1.2585677525971148,CC(C)P(=O)(O)C1=CCC(N)C1,GHMDNOGDVOJHGN-UHFFFAOYSA-N
CHEMBL507127,Unknown,Immunology,367119583.0471843,0.9999963900000001,33.40068531970317,0.29454894,0.8,607.7110000000001,2.6634,1685.592862863798,45,4,0.235639152,3.340068531970317,COc1ccc(C[C@@H]2NC(=O)[C@@H](Cc3c[nH]c4ccccc34)NC(=O)[C@H](Cc3ccccc3)NC(=O)[C@H]3CCCN3C2=O)cc1,OGVYQAXJPKYKOQ-XFBWMNOSSA-N
CHEMBL540488,Unknown,Anti-infective,167910819.06917384,0.9999970343320047,16.112375237685242,0.21154296,1.0,257.209,1.21128,707.9622248210488,19,2,0.21154296,1.6112375237685241,N#Cc1c(O)nc(N)nc1-c1ccccc1[N+](=O)[O-],BNTYCCXYIUAXNO-UHFFFAOYSA-N
CHEMBL1207940,Unknown,Other,235023564.7371033,0.9999955138194341,19.676338773257413,0.1,0.8,471.5940000000004,5.022500000000004,936.7669810831958,34,0,0.08000000000000002,1.9676338773257414,CC1=C(O)[C@@H](C/C(C)=C\CC[C@H](C)/C=C/C=C(\C)CCCC2=CCN(CC(=O)O)C2=O)OC1=O,CZBZSZPLMKKWSY-CNGQNWGCSA-N
CHEMBL1163216,Unknown,CNS/Neurology,385093435.4813185,0.99999693,34.960707696283635,0.15144974999999994,0.8,627.1050000000001,3.760500000000002,2018.4721489981189,45,5,0.12115979999999996,3.4960707696283633,CN(C)CC(=O)Nc1ccc(C(=O)Nc2cc(C(=O)NCCn3nc4c5c(cccc53)C(=O)c3c(Cl)cccc3-4)n(C)c2)n1C,SWPRFVHJYVRDFT-UHFFFAOYSA-N
CHEMBL547008,Unknown,CNS/Neurology,311541265.44346505,0.9999965125468486,26.78045428642042,0.40227106701599974,0.8,532.0410000000002,3.571600000000002,1281.918417453483,36,3,0.3218168536127998,2.678045428642042,COc1ccc2nccc([C@@H](O)CN3CCC(NCc4nc5c(cc4Cl)SCC(=O)N5)C(F)C3)c2c1,WJAKHOJSUXKJOB-ZNIKRAEXSA-N
CHEMBL547542,Unknown,CNS/Neurology,259404434.4325857,0.9999968903465549,23.961831595726654,0.26155710000000004,0.8,434.8490000000001,5.307400000000002,1072.0296917598273,30,3,0.20924568000000004,2.3961831595726655,O=C(Nc1ccc(C(F)(F)F)cc1)NC1CCN(c2ccnc3cc(Cl)ccc23)C1,QOAMUZZNCVGFBN-UHFFFAOYSA-N
CHEMBL549128,Unknown,Other,241419425.67165023,0.9999971965482921,17.627919022281116,0.4413819928799998,1.0,470.26700000000005,3.783800000000002,798.0823844890659,26,2,0.4413819928799998,1.7627919022281116,CN(C)CCOc1cc(NC(=O)Nc2cccc([N+](=O)[O-])c2)ccc1I,VPHXQYKZEWHKOD-UHFFFAOYSA-N
CHEMBL7892,Unknown,CNS/Neurology,331659739.7693329,0.9999960866538589,29.977838401455504,0.20522429999999972,0.8,569.6180000000004,4.879000000000004,1518.525633973651,42,3,0.1641794399999998,2.9977838401455505,CC(=O)Nc1ccc2c(c1)C(=O)N(C(C(=O)NC1CCCCC1)c1ccc([N+](=O)[O-])cc1)[C@@H](c1ccccc1)C(=O)N2,FTCVZLUSWALWFM-MBMZGMDYSA-N
CHEMBL503770,Unknown,Anti-infective,168765692.6749022,0.9999955168153827,14.912629480435543,0.35076234599999995,1.0,295.3790000000001,1.9715,464.8974347827345,21,0,0.35076234599999995,1.4912629480435542,C/C=C/CCCC(C)/C(O)=C1\C(=O)[C@H]([C@H](C)O)N(C)C1=O,DRDBTDHUTFJYHV-BDYOHYLASA-N
CHEMBL503802,Unknown,Anti-infective,174283205.10462743,0.9999969400687689,15.668003187064956,0.4340125944,1.0,243.218,1.944,655.5937605194844,18,2,0.4340125944,1.5668003187064956,O=C(O)/C(O)=C/C(=O)c1ccnc2ccccc12,KXUDPIJQOSBVNN-GHXNOFRVSA-N
CHEMBL503411,Unknown,Pain/Inflammation,167786364.6327025,0.9999969399285322,15.136440351834182,0.2763446909999997,1.0,266.34000000000003,4.494620000000004,655.5158511989791,20,2,0.2763446909999997,1.5136440351834182,C=CC[C@@H](OC(=O)C=C)c1ccc(C)c2ccccc12,STPSJOLCMFFEOB-QGZVFWFLSA-N
CHEMBL507207,Unknown,Pain/Inflammation,195310492.78525138,0.9999962190348687,14.684973837607885,0.6076010051999999,1.0,325.352,2.3907,555.0193714846255,21,1,0.6076010051999999,1.4684973837607884,CC[C@H](C)[C@@H](CO)NS(=O)(=O)c1ccc(C(F)(F)F)cc1,HILPOOWQEBWFGB-JOYOIKCWSA-N
CHEMBL503660,Unknown,Anti-infective,133001835.82007085,0.9999958115125684,13.273123133288108,0.2912890348199999,1.0,212.23,0.9679,328.61809355931683,14,1,0.2912890348199999,1.3273123133288107,O=C(O)CNC(=O)Sc1ccccn1,HQAGNYXSULTWKJ-UHFFFAOYSA-N
CHEMBL503664,Unknown,Metabolic,324381956.946975,0.9999948742623522,27.069098782941676,0.1,0.8,662.819,-0.6227999999999918,1292.0764710175345,43,0,0.08000000000000002,2.7069098782941676,CC(C)CC(=O)C[C@@H](C)[C@H]1CC[C@@]2(C)[C@@H]3CC[C@H]4[C@](C)(COS(=O)(=O)[O-])[C@@H](OS(=O)(=O)[O-])CC[C@@]45C[C@@]35CC[C@]12C.[Na+].[Na+],LVCDBUUZPQYJQK-JEBIPZLNSA-L
CHEMBL4116113,Unknown,Pain/Inflammation,179230864.90575254,0.9999967275197523,14.463812548978773,0.49717568015999974,1.0,292.766,3.621100000000003,537.5109735050478,20,2,0.49717568015999974,1.4463812548978772,CCCC(=O)OC(Cn1ccnc1)c1ccc(Cl)cc1,VKINWBBQPLPVDH-UHFFFAOYSA-N
CHEMBL522887,Unknown,Pain/Inflammation,199600759.25698692,0.9999972829818621,16.628345293854622,0.3858129273599998,1.0,309.41700000000003,3.6085600000000015,846.101034463778,23,2,0.3858129273599998,1.6628345293854623,CC1=CC(C)(C)N=C(Nc2nc(C)c3cc(C)cc(C)c3n2)N1,NXZXRPKKYIPBNO-UHFFFAOYSA-N
CHEMBL526377,Unknown,Cardiovascular,190605653.4409167,0.9999970912430112,18.53325498331521,0.1575,1.0,324.2850000000001,-1.0283000000000009,739.5794506009178,23,2,0.1575,1.853325498331521,O=c1ccc2ccc(O[C@@H]3O[C@H](CO)[C@@H](O)[C@H](O)[C@H]3O)cc2o1,VPAOSFFTKWUGAD-TVKJYDDYSA-N
CHEMBL503702,Unknown,Pain/Inflammation,142225367.35231423,0.9999954558354024,13.625865238962618,0.20294447599999998,1.0,248.32199999999995,2.5216000000000003,431.0196679683533,18,0,0.20294447599999998,1.3625865238962618,C=C1C(=O)O[C@H]2/C=C(\C)CC/C=C(\C)C[C@H](O)[C@@H]12,PDEJECFRCJOMEN-RZPRNJIHSA-N
CHEMBL503818,Unknown,Anti-infective,191781518.88799578,0.9999970997536238,16.465845412737945,0.3392802504,1.0,312.734,1.6016,744.3075687896576,20,2,0.3392802504,1.6465845412737945,NS(=O)(=O)c1ccc(C(=O)Oc2cncc(Cl)c2)cc1,VKCMFJMCSVRJME-UHFFFAOYSA-N
CHEMBL500467,Unknown,Immunology,429920630.7797723,0.9999953100000001,36.620626929457146,0.33644024999999955,0.8,812.0220000000002,2.515700000000007,1708.4179169070524,58,2,0.2691521999999997,3.6620626929457147,CC[C@H](C)[C@H]1NC(=O)[C@@H](Cc2ccoc2)N(C)C(=O)[C@H](C)N(C)C(=O)[C@H](CC(C)C)NC(=O)[C@H](Cc2ccoc2)N(C)C(=O)[C@H](C(C)C)NC(=O)[C@@H](C(C)C)NC1=O,MHYASXKHPXOUMD-ZVIUBLJRSA-N
CHEMBL501963,Unknown,CNS/Neurology,349756377.30063033,0.99999693,32.435867308907206,0.11399174999999988,0.8,564.6710000000003,4.879500000000003,1834.0268686651543,41,5,0.09119339999999991,3.2435867308907205,C/C(=C\c1ccncc1)c1ccc(C(=O)/N=c2\[nH]c3cc(N(C)C(=O)c4ccccc4)ccc3n2CCC(N)=O)s1,VQYXTTQACQASPG-CZIZESTLSA-N
CHEMBL501964,Unknown,Immunology,347705809.2142183,0.9999964167627332,32.03459911899658,0.2793483,0.8,560.5900000000001,2.9130000000000003,1635.1318149215983,41,4,0.22347864,3.203459911899658,COc1cc2c(cc1Nc1nc(Nc3cccc(F)c3C(N)=O)c3cc[nH]c3n1)N(C(=O)CN1CCOCC1)CC2,VMSXLNMNMRCQPD-UHFFFAOYSA-N
CHEMBL4116116,Unknown,CNS/Neurology,299797887.72325975,0.999997583646478,27.230379065544888,0.3853686722759997,1.0,455.5340000000003,4.046820000000003,1386.8630678538416,34,4,0.3853686722759997,2.723037906554489,COc1ccc(C(=O)C[n+]2c(C)n(Cc3c4c(cc5c3OCC5)OCC4)c3ccccc32)cc1,MDHYNPJMESSYFD-UHFFFAOYSA-N
CHEMBL502172,Unknown,CNS/Neurology,391474409.33640534,0.9999963900000001,34.747521220845364,0.1,0.8,711.9290000000002,4.529600000000004,1835.267242918914,51,4,0.08000000000000002,3.4747521220845363,C[C@@H](NC(=O)c1cc(C(=O)N[C@@H](Cc2ccccc2)[C@H](O)CNC2CCN(Cc3ccccc3)CC2)cc(N(C)S(C)(=O)=O)c1)c1ccccc1,NQGQLKZLDUJDEA-NOWQQFBNSA-N
CHEMBL502461,Unknown,Pain/Inflammation,178513262.911107,0.99999690218409,15.392339191991175,0.3092276138999997,1.0,304.437,4.176580000000004,634.5467166437611,23,2,0.3092276138999997,1.5392339191991176,N#CC1(c2ccccc2)CCN(CCCc2ccccc2)CC1,XYOLVZKHEFSPGO-UHFFFAOYSA-N
CHEMBL503030,Unknown,Anti-infective,109777285.15108934,0.9999957685969478,12.79150725570045,0.18113228951999996,1.0,154.12499999999997,0.0427999999999997,304.7760821081893,11,1,0.18113228951999996,1.279150725570045,O=C(O)c1n[nH]c2c1OCC2,OYBLGJJZUPBHEJ-UHFFFAOYSA-N
CHEMBL531595,Unknown,CNS/Neurology,225197529.0735184,0.9999978839349494,21.25413329201492,0.34113034917599994,1.0,350.253,3.472040000000002,879.9638607066288,23,3,0.34113034917599994,2.125413329201492,Cc1nc2nc(N)nc(N)c2c(C)c1Cc1ccccc1Cl.Cl,KEVPUAYSOOTRLF-UHFFFAOYSA-N
CHEMBL529327,Unknown,CNS/Neurology,252994074.49837393,0.9999973410537037,24.161469074049837,0.28208249999999996,0.8,387.4390000000002,5.066200000000004,1121.6368312725886,29,4,0.22566599999999998,2.4161469074049835,COc1cc(Nc2ccnc3cc(-c4ccncc4)ccc23)cc(OC)c1OC,FRCTWSOPAOZQTN-UHFFFAOYSA-N
CHEMBL154209,Unknown,Anti-infective,197682742.74859774,0.9999976350763997,16.587340121101573,0.5300310435,1.0,285.3070000000001,1.9219,741.7091109258797,21,3,0.5300310435,1.6587340121101573,COCCn1cnc2c(O)nc(Nc3ccccc3)nc21,GAGYIXNTGLUHEZ-UHFFFAOYSA-N
CHEMBL541754,Unknown,Pain/Inflammation,176786351.34638578,0.9999967708430855,14.479328078082252,0.5431244389199998,1.0,264.231,2.9353000000000007,561.5794919207875,19,2,0.5431244389199998,1.4479328078082252,O=C(Nc1cccc(OC(F)F)c1)c1ccccn1,DVMQKRGCWAAYQR-UHFFFAOYSA-N
CHEMBL539434,Unknown,CNS/Neurology,239055533.13843828,0.9999979072020261,22.04382191026274,0.46446870263999956,1.0,361.4410000000001,4.646900000000003,892.8900144701755,27,3,0.46446870263999956,2.2043821910262738,C[C@H](C(=O)NCCc1ccccc1O)c1cccc(Oc2ccccc2)c1,IWZTTYSBPBBIMY-KRWDZBQOSA-N
CHEMBL526908,Unknown,Anti-infective,166176238.84654516,0.9999967834855368,15.02632799444894,0.4378463322000001,1.0,236.223,1.9738000000000009,568.6030759741782,17,2,0.4378463322000001,1.502632799444894,COc1ccc2c(O)cc(OC)c(O)c2c1O,ZRXPLYVMTOLAPG-UHFFFAOYSA-N
CHEMBL525443,Unknown,CNS/Neurology,297447747.00043535,0.9999965222080425,26.736656874219552,0.3693019500000001,0.8,481.59600000000034,5.781700000000005,1276.551087526906,36,3,0.2954415600000001,2.673665687421955,CCOC(=O)c1ccc2c(c1)NC(=O)/C2=C(\Nc1ccc(CN2CCCCC2)cc1)c1ccccc1,SRSFGSQMDZJKHV-DQSJHHFOSA-N
CHEMBL1205831,Unknown,Pain/Inflammation,226552659.13291538,0.999997153195785,16.33884620728667,0.68635769604,1.0,365.47600000000006,2.3382000000000005,773.9976582829662,24,2,0.68635769604,1.6338846207286672,O=C(NCc1ccc(S(=O)(=O)O)cc1)C(CS)Cc1ccccc1,CZORFETWIUWXKI-UHFFFAOYSA-N
CHEMBL1163427,Unknown,Immunology,330333475.04976434,0.9999958684892981,30.26628651991104,0.1354522499999999,0.8,616.8030000000002,4.155500000000003,1339.7281677143214,45,2,0.10836179999999994,3.0266286519911043,CCCC1C(C(=O)NC(C)c2ccccc2)=CN(CC(=O)OC(C)C)C=C1C(=O)N[C@@H](Cc1ccccc1)[C@H](O)CNC1CC1,KKDBVMXUSPGZQN-ZFWQNNPVSA-N
CHEMBL154556,Unknown,Anti-infective,127664529.49614027,0.9999950962852165,12.94136347541916,0.23667999293333336,1.0,230.308,0.8734000000000004,231.26956472744175,16,0,0.23667999293333336,1.294136347541916,CCCC[C@H](CC)NC(=O)[C@H](N)CC(=O)O,OZZPTJBKPBBASH-DTWKUNHWSA-N
CHEMBL501130,Unknown,CNS/Neurology,371337049.3334548,0.99999585,33.41784217522443,0.27560033999999994,0.8,573.5830000000003,3.9802000000000017,1950.099547898869,41,3,0.22048027199999998,3.341784217522443,NS(=O)(=O)c1ccc(CCNC(=O)Nc2ccc(-c3c4ccc(=O)cc-4oc4cc(O)ccc34)c(C(=O)O)c2)cc1,IYBVEUKFGRJHGL-UHFFFAOYSA-N
CHEMBL501251,Unknown,Pain/Inflammation,187765049.83943504,0.9999970030056209,15.463986003273343,0.4756065989399998,1.0,286.283,2.812900000000001,690.5586782554752,21,2,0.4756065989399998,1.5463986003273342,COc1cc(O)cc2c1C(=O)CC(c1ccc(O)cc1)O2,CWZLMWSCLBFCBY-UHFFFAOYSA-N
CHEMBL501256,Unknown,Anti-infective,172460412.1826169,0.9999976253746314,16.28109947606851,0.26265240288,1.0,254.253,0.6864000000000001,736.3192396753799,19,3,0.26265240288,1.6281099476068508,Nc1ncnc2c1ncn2CC(=O)c1cccnc1,REGWEYNSZPBUMQ-UHFFFAOYSA-N
CHEMBL501507,Unknown,CNS/Neurology,413355379.35754955,0.9999963900000001,36.48174980882515,0.11797778999999985,0.8,743.9020000000003,4.195300000000004,1974.0468201334584,53,4,0.09438223199999989,3.648174980882515,C[C@@H](NC(=O)c1cc(C(=O)N[C@@H](Cc2ccccc2)C(O)C(=O)NC2CCN(Cc3ccccc3)CC2)cc(N(C)S(C)(=O)=O)c1)c1ccc(F)cc1,BWHZOEZGICUPSW-NNCGUGFRSA-N
CHEMBL507305,Unknown,Metabolic,326488972.4647157,0.999995315462779,27.71287121678977,0.1534201199999998,0.8,635.1540000000002,4.323600000000003,1346.9651228006978,44,1,0.12273609599999985,2.771287121678977,COc1cc2cc(c1Cl)N(C)C(=O)C[C@H](OC(=O)C(C)C)[C@]1(C)O[C@H]1[C@H](C)[C@@H]1C[C@@](O)(NC(=O)O1)[C@H](OC)/C=C/C=C(\C)C2,OPQNCARIZFLNLF-JBHFWYGFSA-N
CHEMBL507307,Unknown,Pain/Inflammation,178766149.6734233,0.9999967411081963,14.26506191106331,0.6781964294399997,1.0,243.314,2.5112000000000005,545.0601090211078,18,2,0.6781964294399997,1.426506191106331,C1=CC(CCNc2ncnc3[nH]cnc23)CCC1,QYEVCPHBAXJOAS-UHFFFAOYSA-N
CHEMBL507464,Unknown,CNS/Neurology,239189625.72130835,0.9999976475288954,23.06837863958104,0.21410360899199984,1.0,378.8440000000001,4.584360000000002,1051.372835923418,26,3,0.21410360899199984,2.306837863958104,N#Cc1c(N)nc(Sc2ccc(O)cc2)c(C#N)c1-c1ccc(Cl)cc1,FLPZPZARJKZSQN-UHFFFAOYSA-N
CHEMBL540947,Unknown,CNS/Neurology,435586344.81376445,0.99999693,38.88482342686513,0.12070619999999989,0.8,731.853,4.519600000000003,2291.923115548028,51,5,0.09656495999999992,3.888482342686513,CC(C)(C)OC(=O)N1CCN(C(=O)[C@H](Cc2ccc(OS(=O)(=O)c3cccc4cccnc34)cc2)NS(=O)(=O)c2cccc3cnccc23)CC1,MMAICZPNMGCPGM-PMERELPUSA-N
CHEMBL540951,Unknown,Pain/Inflammation,190644023.34468985,0.9999968697995658,15.411510801304459,0.34197266783999936,1.0,351.8740000000001,4.869700000000005,616.5553143131509,24,2,0.34197266783999936,1.541151080130446,COc1cc(CNc2ccc(C(C)C)cc2)cc(OC)c1OC.Cl,QFCQZCWNORKKER-UHFFFAOYSA-N
CHEMBL524505,Unknown,Other,238562835.1455557,0.9999965777337204,19.441643025413747,0.2284875,0.8,454.0540000000002,5.660800000000005,945.7034886990522,32,2,0.18279,1.9441643025413746,Cl.O[C@@]12CCCC[C@@]13CCN(CC1CCC1)[C@@H]2Cc1ccc(OCc2ccccc2)cc13,FZQROEGFKHSJGR-OEOXOAKSSA-N
CHEMBL537349,Unknown,Anti-infective,197522685.4703651,0.9999964372660798,16.86043127922415,0.26396586299999997,1.0,366.414,1.4266999999999994,676.2589332101829,26,1,0.26396586299999997,1.686043127922415,COc1ccc2c(c1)C(C)(CCCN(C)C)C(=O)N2C.O=C(O)C(=O)O,QDFKFRUQECOILZ-UHFFFAOYSA-N
CHEMBL154414,Unknown,Pain/Inflammation,135800354.47036305,0.9999951118077836,12.554601459304466,0.2872489418999998,1.0,256.386,3.585300000000003,239.89321307840652,18,0,0.2872489418999998,1.2554601459304466,CCCCCCCCCCC1(O)CCOC(=O)C1,HYUBWWJKWOLQAZ-UHFFFAOYSA-N
CHEMBL552528,Unknown,Other,207256986.229475,0.9999970603523511,17.015112330349037,0.44790319200000006,1.0,346.38700000000006,1.5882,722.4179728558455,25,2,0.44790319200000006,1.7015112330349038,COc1cc(-c2cc(N3CCOCC3)nc(N)n2)cc(OC)c1OC,RQQNUSTVSRKADP-UHFFFAOYSA-N
CHEMBL552542,Unknown,Pain/Inflammation,177548128.4240144,0.999996890522085,15.354486267431396,0.19239749999999958,1.0,333.903,4.934700000000006,628.0678249775602,23,2,0.19239749999999958,1.5354486267431395,COc1ccc2c(CCCN3CCC[C@@H](C)C3)cccc2c1.Cl,KFIZQAALWFUBHA-PKLMIRHRSA-N
CHEMBL503982,Unknown,Pain/Inflammation,104211026.93072687,0.9999950526792041,11.74147409190754,0.20306866083333328,1.0,162.23199999999997,2.820100000000001,207.0440022382591,12,0,0.20306866083333328,1.174147409190754,CC/C=C/C=C/C=C/C=C/C=O,WUGCJUPOLHRZFG-BYFNFPHLSA-N
CHEMBL503986,Unknown,CNS/Neurology,376000539.5394216,0.9999958856967075,33.1071366819587,0.12157694999999995,0.8,709.932,4.498100000000002,1630.168495828805,52,3,0.09726155999999997,3.31071366819587,CC(=O)N(C)[C@@H](CC1CCCCC1)C(=O)N(C)[C@@H](Cc1ccccc1)C(=O)N(C)[C@@H](Cc1ccccc1)C(=O)N(C)[C@@H](Cc1ccccc1)C(N)=O,DUCBOEVJYHUVRG-ZQWQDMLBSA-N
CHEMBL504142,Unknown,Pain/Inflammation,182147018.22062367,0.9999983586279271,16.570161371559244,0.29129049599999995,1.0,236.23,2.1442999999999994,956.317818297814,18,4,0.29129049599999995,1.6570161371559244,O=c1ccc2nccc3c4c(O)cccc4n1c23,KXFAUPPCQVBDBN-UHFFFAOYSA-N
CHEMBL503846,Unknown,Pain/Inflammation,192856693.2999142,0.9999970421642905,15.460186920037243,0.30265841759999984,1.0,350.599,3.8320000000000016,712.3134947433758,20,2,0.30265841759999984,1.5460186920037242,O=C1C(=O)N(Cc2ccc(Br)cc2)c2ccc(Cl)cc21,FBPBKOQLHLKLJW-UHFFFAOYSA-N
CHEMBL1204461,Unknown,Pain/Inflammation,223047221.00913817,0.9999971289277579,16.78393375988789,0.4963414319999995,1.0,397.393,4.240600000000003,760.5154210341921,28,2,0.4963414319999995,1.678393375988789,COc1ccc(C(CCN(C)CC(=O)O)Oc2ccc(C(F)(F)F)cc2)cc1,UWZVQOBARGQNJS-UHFFFAOYSA-N
CHEMBL507700,Unknown,Pain/Inflammation,208719435.39192322,0.9999971349899335,16.41055707198681,0.42986808749999983,1.0,358.4670000000001,2.990500000000001,763.8832963346204,25,2,0.42986808749999983,1.6410557071986809,NC(=O)Nc1sc(-c2ccc(CN3CCCCC3)cc2)cc1C(N)=O,JYHYTJMGGOSNTG-UHFFFAOYSA-N
CHEMBL503907,Unknown,Anti-infective,190051860.78213376,0.9999970709923874,16.50639107972329,0.41208239376000005,1.0,288.303,0.9922,728.329104086494,21,2,0.41208239376000005,1.650639107972329,O=C(O)CCCc1ccc(Cn2ccc(=O)[nH]c2=O)cc1,VVWRHEDGSKWKGM-UHFFFAOYSA-N
CHEMBL504237,Unknown,Anti-infective,163077005.2859859,0.9999953849251458,14.46933174002847,0.3335189613600001,1.0,298.406,1.0627800000000005,391.6250809964416,21,0,0.3335189613600001,1.4469331740028468,CC(C)CNCC(C)(C)NCC(=O)N1C[C@@H](F)C[C@H]1C#N,VUWZQJFITLFLHQ-STQMWFEESA-N
CHEMBL504249,Unknown,Metabolic,315285514.1600087,0.9999952077528806,26.260260431317402,0.12101624999999991,0.8,670.8810000000005,4.272900000000003,1106.8039551987465,47,0,0.09681299999999993,2.6260260431317404,CC[C@@]1([C@@H]2O[C@@H]([C@H]3O[C@@](O)(CO)[C@H](C)C[C@@H]3C)C[C@@H]2C)CC[C@H]([C@]2(C)CCC3(C[C@H](O)[C@@H](C)[C@@H]([C@@H](C)[C@@H](OC)[C@H](C)C(=O)O)O3)O2)O1,GAOZTHIDHYLHMS-ZHWDXKHISA-N
CHEMBL504254,Unknown,Anti-infective,165428304.8605951,0.9999967604165289,14.823564370621682,0.44436068459999994,1.0,237.28000000000003,1.7337,555.7869604520141,16,2,0.44436068459999994,1.4823564370621682,COc1ccc(S(=O)(=O)n2cccc2)cc1,PTOXNAYXGVJKDN-UHFFFAOYSA-N
CHEMBL524910,Unknown,Anti-infective,182294425.1888342,0.9999971167769371,16.522589790216884,0.3438624499199999,1.0,267.29200000000003,1.1415999999999993,753.7649650361477,20,2,0.3438624499199999,1.6522589790216884,O=C1NC(NC2CC2)=N/C1=C\c1c[nH]c2ncccc12,ZIXDURCOQNGZDY-WDZFZDKYSA-N
CHEMBL4116091,Unknown,Other,301737205.38086313,0.999995542681904,22.867199156283505,0.16641092999999996,0.8,630.1600000000005,3.329300000000001,1220.732275532888,42,1,0.13312874399999997,2.2867199156283506,CC(C)C(=O)OC([C@H](C[C@@H]1CCNC1=O)NC(=O)[C@H](CC1CCCCC1)NC(=O)OCc1cccc(Cl)c1)S(=O)(=O)O,YGFDVHKFCKBCPR-JXTXVVEESA-N
CHEMBL4116093,Unknown,CNS/Neurology,318005454.3512016,0.9999973269124788,28.80066342950354,0.3731459205599999,1.0,481.5520000000004,3.8946000000000014,1529.4930673411202,36,4,0.3731459205599999,2.880066342950354,O=C1c2cccc3c(-c4cc(=O)c5ccccc5o4)ccc(c23)C(=O)N1CCCCN1CCNCC1,PNGKWGCJYDHKCC-UHFFFAOYSA-N
CHEMBL552742,Unknown,Pain/Inflammation,168723185.75558987,0.9999960916643976,14.514277357091885,0.2658231737466665,1.0,320.47700000000003,3.8461000000000025,484.2579986464499,23,1,0.2658231737466665,1.4514277357091885,CCCCCCOc1ccc(C(=O)CCN(C)C)c(N(C)C)c1,YJUFQRISAJWTSK-UHFFFAOYSA-N
CHEMBL1208484,Unknown,Cardiovascular,175224111.68553406,0.9999955583142711,17.36516042152082,0.12074999999999998,0.8,319.226,-3.8125,587.9523728048915,22,1,0.09659999999999999,1.736516042152082,O=C(O)c1cn([C@]2(C(=O)O)O[C@H](CO)[C@@H](O)[C@H](O)[C@H]2O)nn1,TYFTYGYYYXOUKP-UTAYWCBXSA-N
CHEMBL553887,Unknown,Immunology,445208064.6055461,0.99999585,39.47560506418773,0.25161057000000026,0.8,786.883,1.5517000000000043,2022.9915988981136,57,3,0.20128845600000023,3.9475605064187733,COc1ccc(C[C@H]2C(=O)N[C@@H](C)C(=O)N(C)[C@H]3Cc4ccc(c(O)c4)Oc4cc(ccc4OC)C[C@@H](C(=O)N[C@H](C)C(=O)N[C@@H](C)C(=O)N2C)N(C)C3=O)cc1,ACJSHPYSQXBJLC-BRVKVQDUSA-N
CHEMBL1208034,Unknown,CNS/Neurology,276576185.2786091,0.999997166845192,25.489881155369467,0.300237,0.8,442.45100000000014,6.605500000000006,1218.4193377991753,32,4,0.2401896,2.5489881155369467,O=C(CP(=O)(O)OCc1ccc(-c2ccccc2)cc1)c1ccc(-c2ccccc2)cc1,UWZPGHXYLXEZCE-UHFFFAOYSA-N
CHEMBL504374,Unknown,Anti-infective,165069972.90249744,0.9999966964929424,14.869615755544812,0.43469758079999987,1.0,245.286,0.9879999999999995,520.2738568720023,18,2,0.43469758079999987,1.4869615755544812,CN(C)C(=O)n1nnc(CCc2ccccc2)n1,LTQAGBUYSHHPOW-UHFFFAOYSA-N
CHEMBL500758,Unknown,Pain/Inflammation,139902776.66863468,0.9999944813707132,13.268524046208826,0.1,0.8,302.5460000000001,7.603400000000007,289.65039623965936,22,0,0.08000000000000002,1.3268524046208827,C#C/C=C/CCCCCCCCCC/C=C\CCCCCC,JJKRBORDDAKFCT-TZXBVGHOSA-N
CHEMBL501136,Unknown,CNS/Neurology,199627568.33847293,0.9999976804193813,19.921677524831452,0.3854958168599999,1.0,273.263,3.651100000000002,766.8996562265904,20,3,0.3854958168599999,1.9921677524831451,COc1ccc(-c2nc3ccc(F)cc3o2)c(OC)c1,NXYWPSIXDZRKNY-UHFFFAOYSA-N
CHEMBL155439,Unknown,Anti-infective,165735109.6038488,0.9999961705711178,15.168570392304732,0.31016362776000006,1.0,275.35200000000003,1.0636,528.0950653841222,20,1,0.31016362776000006,1.5168570392304732,COc1cc2c(cc1OC)CN(CC1=NCCN1)CC2,VNHFMAABJYHKNE-UHFFFAOYSA-N
CHEMBL503237,Unknown,Pain/Inflammation,182801063.18897682,0.999997035647466,16.082864905142753,0.17006519999999975,1.0,333.4750000000001,4.516400000000004,708.6930366556213,25,2,0.17006519999999975,1.6082864905142753,CN1C2CCC1CC(OC1c3ccccc3CCc3ccccc31)C2,ZWPODSUQWXAZNC-UHFFFAOYSA-N
CHEMBL1204470,Unknown,Pain/Inflammation,204426257.31275508,0.9999970186432952,16.15498895618331,0.4024417672799996,1.0,365.395,4.438200000000004,699.2462750515136,26,2,0.4024417672799996,1.615498895618331,CN(CCC(Cc1ccc(C(F)(F)F)cc1)c1ccccc1)CC(=O)O,WQENIDXTBDSAHR-UHFFFAOYSA-N
CHEMBL503391,Unknown,Pain/Inflammation,162839726.23014098,0.9999957837542112,15.143475362966653,0.10448782499999985,1.0,300.44200000000006,4.4775000000000045,613.1967839459282,22,0,0.10448782499999985,1.5143475362966652,CC1(C)CCC[C@@]2(C)[C@H]1CCC1=CC(=O)[C@@]3(C)C[C@@]12CC3=O,HPMIXSLEZMNNIP-WBCYEJBOSA-N
CHEMBL503474,Unknown,Pain/Inflammation,201287531.31524637,0.9999965379633565,16.222448571860795,0.2369854851933331,1.0,388.329,4.399700000000003,732.2018647344498,25,1,0.2369854851933331,1.6222448571860795,O=C1CCCCCC1S(=O)(=O)c1cc(C(F)(F)F)cc(C(F)(F)F)c1,HGGPZWDJKUWJDH-UHFFFAOYSA-N
CHEMBL8532,Unknown,Immunology,442260452.1383952,0.9999963900000001,36.803821229987236,0.23643277056000025,0.8,864.7640000000004,1.6588000000000052,1823.7736342843875,54,4,0.18914621644800023,3.6803821229987235,CC(C)(CN1C(=O)c2cccc3cccc(c23)C1=O)C[N+](C)(C)CCCCCC[N+](C)(C)CC(C)(C)CN1C(=O)c2cccc3cccc(c23)C1=O.[Br-].[Br-],MJFPGENURPJQLI-UHFFFAOYSA-L
CHEMBL536204,Unknown,Other,228781410.84977576,0.9999965636677044,18.50213337688531,0.29977155000000005,0.8,429.0040000000001,5.340320000000006,846.4820579823554,30,2,0.23981724000000004,1.850213337688531,Cc1ccc(OC2CCN(CCCCC3(C)C(=O)Nc4ccccc43)CC2)cc1.Cl,OQMNXRKJBCRHHV-UHFFFAOYSA-N
CHEMBL536883,Unknown,CNS/Neurology,293057442.4407016,0.9999966805135343,26.01900531138557,0.2487236130359997,0.8,525.8900000000002,4.481300000000004,1188.6035920815657,36,3,0.1989788904287998,2.601900531138557,O=C(Nc1ccc(F)cc1)c1cnc(N2CCN(c3ccncc3)CC2)c(Cl)c1.O=C(O)C(F)(F)F,NSSSDIHQCPVIGN-UHFFFAOYSA-N
CHEMBL541537,Unknown,Pain/Inflammation,189181862.1886521,0.9999963004560849,15.315492410980527,0.31894029887999975,1.0,356.8500000000001,3.465600000000003,600.253380472076,24,1,0.31894029887999975,1.5315492410980527,CC1(C)Oc2ccc([N+](=O)[O-])cc2[C@@H](N2CCCCCC2)[C@@H]1O.Cl,DHMYJCWMXFKHHQ-RCPFAERMSA-N
CHEMBL526533,Unknown,CNS/Neurology,179971047.68209958,0.9999975122140542,18.767634811348767,0.3803717648999999,1.0,228.226,3.216100000000001,673.4522523288844,17,3,0.3803717648999999,1.8767634811348768,Nc1ccc2nc(-c3ccc(F)cc3)oc2c1,HVFPDOLMDLRRSY-UHFFFAOYSA-N
CHEMBL539191,Unknown,Anti-infective,207989875.59049875,0.9999972226276785,17.578568328261284,0.36482527818000005,1.0,343.38300000000004,0.9876999999999992,812.5709325218056,25,2,0.36482527818000005,1.7578568328261284,CC(C)(CO)NC(=O)Cn1cccc(NC(=O)c2ccccc2)c1=O,HFFHBACRJQDFIF-UHFFFAOYSA-N
CHEMBL539203,Unknown,Other,344186532.7602835,0.9999950555749854,26.185104227673026,0.20033810999999968,0.8,692.9020000000002,3.9667000000000057,1491.3472303564035,50,1,0.16027048799999977,2.6185104227673026,CCCN(NC(=O)[C@@H]1[C@@H]2[C@H](CN1C(=O)[C@@H](NC(=O)N[C@H](CN1C(=O)C3CCC(C3)C1=O)C(C)(C)C)C(C)(C)C)C2(C)C)C(=O)c1ccccc1,BDBPTLLQRDIVHP-YKMQXRHZSA-N
CHEMBL498970,Unknown,CNS/Neurology,437222227.1439308,0.99999585,37.926024807342564,0.14337404999999973,0.8,805.9950000000001,3.9599000000000073,2026.1172831573847,57,3,0.11469923999999979,3.7926024807342564,CC[C@H](C)[C@@H]1C(=O)O[C@H]1C(=O)N[C@H]1C[C@H]1C[C@H](NC(=O)[C@H](C)NC(=O)CCCCCNS(=O)(=O)c1cccc2c(N(C)C)cccc12)C(=O)OCc1ccccc1,JJLWKDNIDQRNSQ-UYWNJUBWSA-N
CHEMBL499087,Unknown,Anti-infective,195328365.14857295,0.9999970543931607,16.85846533089308,0.31679100000000004,1.0,333.3190000000001,1.4109999999999998,719.1073114343678,24,2,0.31679100000000004,1.685846533089308,N[C@@H](C(=O)NCc1ccc(F)cc1)[C@@H](O)c1ccc([N+](=O)[O-])cc1,NPHOMPMAGRLJOP-CABCVRRESA-N
CHEMBL499101,Unknown,Anti-infective,108982655.60236798,0.9999950605824219,12.494605935289455,0.14239749999999995,1.0,186.21099999999996,-0.5892000000000004,211.43467881229336,13,0,0.14239749999999995,1.2494605935289456,N[C@@H](CC(=O)O)C(=O)N1CCCC1,MGJPXVYXTDEHEJ-LURJTMIESA-N
CHEMBL504547,Unknown,CNS/Neurology,280302888.2988895,0.9999975535230523,23.835634976890006,0.3893735894999999,1.0,486.2650000000002,3.6575000000000015,1103.5983042825528,28,3,0.3893735894999999,2.3835634976890008,O=C1NC(=O)c2ccc(I)cc2/C1=C/NCc1ccc(-c2ccoc2)c(O)c1,CUISPPCDYZFGCY-ZDLGFXPLSA-N
CHEMBL504560,Unknown,Other,270490564.62143564,0.9999953876562772,21.19834624800472,0.14442389999999988,0.8,573.7789999999999,3.313800000000003,1006.8576238304572,41,0,0.11553911999999991,2.1198346248004722,CC1(NC(=O)N[C@H]2CCCCCCCCCC[C@@H](C(=O)C(N)=O)NC(=O)[C@@H]3[C@H]4[C@@H](CN3C2=O)C4(C)C)CCCCC1,HOSMWPIMMSIMTO-BAHGYDIPSA-N
CHEMBL501593,Unknown,Other,273389185.2567794,0.9999955499158009,22.195322763443706,0.13733620324199966,0.8,526.6260000000003,4.923300000000005,1216.7134439773497,38,1,0.10986896259359974,2.2195322763443706,CC(=O)OC1C=C[C@]2(C)[C@H]3CC[C@@]4(C)[C@@H](c5ccoc5)OC(=O)[C@H]5O[C@]54[C@]3(C)[C@H](OC(C)=O)C[C@H]2C1(C)C,DQDMCINGPLFPLI-AUPXFUGGSA-N
CHEMBL501513,Unknown,CNS/Neurology,353068981.6404837,0.9999959789016529,31.346678622888614,0.20033648999999978,0.8,628.7699999999999,4.751900000000004,1578.387970649385,46,3,0.16026919199999984,3.1346678622888615,CC(C)(C)OC(=O)N[C@@H](Cc1ccc(O)cc1)C(=O)N[C@H](Cc1c[nH]c2ccccc12)C(=O)NC(=O)C1C2CC3CC(C2)CC1C3,LSWRMAAUUGPACW-JFZXTBNCSA-N
CHEMBL501542,Unknown,Other,365527053.5968152,0.9999948641214111,27.522484003058782,0.2296721699999998,0.8,732.9229999999998,3.728700000000004,1597.710327197226,53,1,0.18373773599999985,2.752248400305878,C=CCNC(=O)C(=O)[C@@H]1CCCCCCCCC[C@H](NC(=O)N[C@H](CN2C(=O)c3ccccc3C2=O)C(C)(C)C)C(=O)N2C[C@@H]3[C@H]([C@H]2C(=O)N1)C3(C)C,IJIYLULZQBQFEU-UXKKAOFESA-N
CHEMBL501544,Unknown,Pain/Inflammation,212113288.06664392,0.999996561901207,16.4318215131425,0.3946239009999998,1.0,386.39900000000017,3.0382000000000016,745.5006705334159,26,1,0.3946239009999998,1.64318215131425,O=C1Nc2ccc(OC(F)(F)F)cc2/C1=N/NC(=S)NC1CCCCC1,KCYDKNMVGCRCOM-UHFFFAOYSA-N
CHEMBL498936,Unknown,CNS/Neurology,172358556.8876655,0.9999974565378741,18.391946446332096,0.36448642247999985,1.0,212.252,3.1148000000000007,642.521041139669,16,3,0.36448642247999985,1.8391946446332095,CCOc1cc2c(cn1)[nH]c1ccccc12,FNNPSIGQQWCKKB-UHFFFAOYSA-N
CHEMBL553153,Unknown,Other,239147209.3547928,0.999996521880578,18.35123542023693,0.33187455,0.8,472.8400000000001,5.934640000000006,823.2669877287587,30,2,0.26549964,1.8351235420236929,Cc1cc(Cl)ccc1C(OCCN1CCCC(C(=O)O)C1)c1ccc(Cl)cc1C.Cl,YVIKRRCGVRRLLO-UHFFFAOYSA-N
CHEMBL553669,Unknown,CNS/Neurology,178604711.02935812,0.9999975584314432,19.10983034307103,0.2987502604799999,1.0,233.27,3.465800000000001,699.1285795298066,18,3,0.2987502604799999,1.9109830343071033,O=C(c1ccccc1)c1nccc2ccccc12,MDWCIKACMBMJFA-UHFFFAOYSA-N
CHEMBL554586,Unknown,Pain/Inflammation,203095228.03604972,0.9999977514966792,16.26301291987646,0.5439132827999998,1.0,296.326,2.5516000000000005,806.3870439821332,22,3,0.5439132827999998,1.6263012919876458,O=C(NCCc1c[nH]c2ccc(O)cc12)c1ccc(O)cc1,ISSNDLXFBIARRB-UHFFFAOYSA-N
CHEMBL554708,Unknown,Cardiovascular,314338352.0471569,0.9999952432871902,24.958901703927207,0.1,0.8,697.8810000000002,-0.4701999999999952,1087.0626720998405,47,0,0.08000000000000002,2.4958901703927205,CCCCCCCCC[C@@H]1C[C@@H]2CC[C@H]3[C@H](C(=O)O[C@H](C)CCCCC[C@@H]4C[C@@H]5CC[C@@H]6C[C@H](C)NC(=[N+]65)N4)[C@H](C)NC(=[N+]23)N1.[Cl-].[Cl-],AWLOVFDTTPZPDQ-YKZBGKLUSA-N
CHEMBL506162,Unknown,Pain/Inflammation,152485404.4363713,0.9999959686786232,13.426545248798712,0.37545527053999994,1.0,252.697,2.1991,415.9325683848337,17,1,0.37545527053999994,1.3426545248798711,O=C1C=CC[C@H]([C@@H](O)[C@H](Cl)c2ccccc2)O1,MSNHEIXAOKHXKK-RAIGVLPGSA-N
CHEMBL504425,Unknown,Metabolic,352588815.4753408,0.999994918709501,30.153309968834787,0.1992689999999999,0.8,648.7490000000003,3.7044000000000015,1567.3836106281913,47,1,0.15941519999999992,3.0153309968834785,C=C(C)[C@@]12O[C@@]3(/C=C/C=C/CCCCC)O[C@@H]1[C@@H]1[C@@H]4O[C@]4(CO)[C@@H](O)[C@]4(O)C(=O)C(C)=C[C@H]4[C@@]1(O3)[C@H](C)[C@H]2OC(=O)c1ccccc1,CGSGRJNIABXQJQ-NSCQCFIPSA-N
CHEMBL504429,Unknown,Anti-infective,148205180.92431962,0.9999959438468007,13.932395246431565,0.15652583333333334,1.0,288.158,0.1832999999999999,402.1371114537182,16,1,0.15652583333333334,1.3932395246431564,O=P(O)(O)C(CSc1ncc[nH]1)P(=O)(O)O,KVMQBCIVXMEYRO-UHFFFAOYSA-N
CHEMBL508095,Unknown,Immunology,319781583.2537478,0.9999961013389758,28.291361264814135,0.3547658686320001,0.8,571.6690000000001,2.278200000000001,1210.3672357235898,41,2,0.28381269490560007,2.8291361264814134,CCCN1CC(C(=O)N[C@@H](Cc2cc(F)cc(F)c2)[C@H](O)[C@@H]2NCCN(Cc3ccccc3)C2=O)N(C(C)C)C1=O,IMUGWQKSXKEHDO-MBKURTIGSA-N
CHEMBL498849,Unknown,Anti-infective,124834966.75755987,0.9999957207079895,12.871666744666996,0.350190979222,1.0,178.23899999999998,1.42377,278.1711052507959,13,1,0.350190979222,1.2871666744666996,CCNc1ccc(NC(=N)N)cc1,GSWYYWRNPPQUIJ-UHFFFAOYSA-N
CHEMBL499523,Unknown,Anti-infective,122958430.09197652,0.9999951969394969,13.151334503790164,0.18142466549333333,1.0,209.29299999999995,0.8743799999999998,287.1886093548113,15,0,0.18142466549333333,1.3151334503790164,CC(C)(C)C(N)C(=O)N1CCCC1C#N,XGNBIYXILDDDQR-UHFFFAOYSA-N
CHEMBL509195,Unknown,Other,261779607.69670615,0.9999972047210567,19.183214020699968,0.47461961879999987,1.0,481.2940000000003,3.2382000000000017,997.3771907343696,28,2,0.47461961879999987,1.9183214020699968,Cn1nc(C(F)(F)F)c(Br)c1C(=O)Nc1ccc(S(=O)(=O)N2CCCC2)cc1,DJYUADQYYGUDCR-UHFFFAOYSA-N
CHEMBL509250,Unknown,Other,264598520.10772496,0.9999954675978923,20.73711930811981,0.15366353945999972,0.8,562.7880000000006,4.367800000000006,962.4456154456868,40,0,0.12293083156799978,2.0737119308119807,CO[C@H]1[C@H](O[C@H]2CC[C@]3(C)C4=CC[C@]5(C)[C@@H]([C@H](C)CC[C@H](O)C(C)C)C[C@@H](O)[C@H]5C4=CC[C@H]3C2)OC[C@@H](O)[C@@H]1O,PHYFGEXYXFHDRU-YCXGSMKBSA-N
CHEMBL509252,Unknown,Anti-infective,97805510.97931623,0.99999495,11.716882003931545,0.175,1.0,163.17299999999997,-2.2080999999999986,111.14991061829625,11,0,0.175,1.1716882003931546,O=C(CO)N(CCO)CCO,AFRFYMZFIJPPDD-UHFFFAOYSA-N
CHEMBL509348,Unknown,Anti-infective,173224026.1521206,0.9999954698100183,15.613517562496401,0.16217163900000003,0.8,338.43300000000005,0.3601700000000007,538.7833434953498,23,1,0.12973731120000004,1.5613517562496402,N=C(N)NCCC[C@H](NC(=O)[C@@H](S)Cc1ccccc1)C(=O)O,IQKPVZJOBCBRGC-RYUDHWBXSA-N
CHEMBL505127,Unknown,CNS/Neurology,381200922.3016618,0.99999693,35.06303779926514,0.14868156449999986,0.8,606.727,4.349800000000003,2030.2342298005915,45,5,0.1189452515999999,3.506303779926514,CCN1CCN(C(=O)C(CC(C)C)NC(=O)Cn2c3ccccc3c3c4c(c5c6ccccc6[nH]c5c32)C(=O)N(C)C4=O)CC1,VMNKEJUNJNLOJR-UHFFFAOYSA-N
CHEMBL500007,Unknown,Anti-infective,163145520.11934865,0.99999624546268,15.418208933099262,0.1763125,1.0,287.277938,-0.9206000000000004,569.7014888498774,20,1,0.1763125,1.5418208933099262,O=c1[nH]c(=O)n([C@H]2C[C@H](O)[C@@H](CO)O2)cc1CCC[18F],DDPVNKWPESRRDM-DJNSKVIRSA-N
CHEMBL500109,Unknown,Immunology,367034810.2960609,0.9999956211976553,32.380609352916466,0.20290094999999983,0.8,693.911,3.079500000000004,1477.1124137359966,49,2,0.16232075999999987,3.2380609352916467,CCC(=O)N[C@H](C(=O)N[C@H](C(=O)N[C@@H](Cc1ccccc1)[C@H](O)C(=O)N1CSC(C)(C)[C@H]1C(=O)NCC1CC1)C(C)(C)C)c1ccccc1,MNSYLBXUOBLFIQ-WABYMJCHSA-N
CHEMBL468771,Unknown,Pain/Inflammation,206476295.44129738,0.9999964033582296,16.2412110954009,0.30510000000000004,0.8,386.662,5.465900000000003,757.4212386079628,24,2,0.24408000000000005,1.62412110954009,CCCOC(=O)c1ccc(Cl)cc1NC(=O)c1c(Cl)cccc1Cl,QACMLYZDFWUNRH-UHFFFAOYSA-N
CHEMBL470546,Unknown,Cardiovascular,216178797.16203368,0.9999961622977221,20.032723521289473,0.1,1.0,408.4470000000002,-0.6779999999999999,823.4987345016874,29,0,0.1,2.0032723521289473,CC1=CC(=O)[C@@H](O)[C@]2(C)[C@H]3[C@@H](O)[C@@H]4OC(=O)[C@@H](O)C[C@H]5[C@]4(C)OC[C@@]35[C@H](O)C[C@@H]12,JQRXDXNJURQDRN-JBAAVECLSA-N
CHEMBL525765,Unknown,Metabolic,314923445.33640045,0.9999949522509569,27.086448692662668,0.1,0.8,630.8190000000005,4.094100000000003,1248.7494683853276,45,0,0.08000000000000002,2.7086448692662666,C=C(C)[C@@]12C[C@@H](C)[C@@]34O[C@@]5(/C=C/CCCCCCCCCCCC(C)(O)[C@H]6[C@H](C)C(=O)[C@@](O)([C@H](O)[C@@]7(CO)O[C@H]7[C@H]3[C@H]1O5)[C@@H]64)O2,MWTHSQSNLZBUIN-DPEISZEJSA-N
CHEMBL1207990,Unknown,Anti-infective,104341731.91337961,0.9999951051234983,12.18717948082689,0.1,1.0,177.159,-1.8184,236.17972125264012,9,0,0.1,1.218717948082689,O=S(=O)(O)NS(=O)(=O)O,VKHQYTLHHOQKSC-UHFFFAOYSA-N
CHEMBL2310848,Unknown,Anti-infective,213278514.82676622,0.9999964385020788,16.998604555501892,0.47451556394666666,1.0,375.46900000000016,1.6820999999999997,676.9455992916368,27,1,0.47451556394666666,1.6998604555501893,CCCC[C@H](CN(O)C=O)C(=O)N1Cc2ccccc2C[C@H]1C(=O)N(C)C,JIRNYLOGFFOWSZ-MSOLQXFVSA-N
CHEMBL501925,Unknown,Pain/Inflammation,155350287.44511604,0.9999967494149804,14.290928313854293,0.3083202877919999,1.0,240.30600000000004,3.947440000000002,549.6749890908637,18,2,0.3083202877919999,1.4290928313854292,Cc1ccc(NC(=O)Nc2ccccc2)c(C)c1,JGKIBRQNDVAOOU-UHFFFAOYSA-N
CHEMBL502411,Unknown,Immunology,351754854.81648904,0.9999964447621897,32.34996551646571,0.27472283999999997,0.8,577.6850000000004,2.6548000000000007,1619.576561282877,43,4,0.219778272,3.234996551646571,O=C1N[C@H](Cc2c[nH]c3ccccc23)C(=O)N[C@@H](Cc2ccccc2)C(=O)N2CCC[C@@H]2C(=O)N[C@H]1Cc1ccccc1,GIZJWWQFOGQPRY-RRGQHJHPSA-N
CHEMBL502429,Unknown,Metabolic,299777678.16491735,0.9999954006566113,26.562063488772573,0.12156770303999981,0.8,556.6520000000003,4.524600000000004,1299.635215996593,40,1,0.09725416243199986,2.6562063488772574,CC(=O)O[C@@H]1C[C@H]2C(C)(C)C(=O)C3OC(C)(C)OC3[C@]2(C)[C@H]2CC[C@@]3(C)[C@@H](c4ccoc4)OC(=O)[C@H]4O[C@]43[C@@]21C,PAAPNDHNFMDORQ-BMQDYCMHSA-N
CHEMBL502983,Unknown,Metabolic,314033424.26052845,0.9999949782500774,26.780049643787727,0.15272459999999993,0.8,620.7800000000002,3.0732000000000017,1234.30551253475,44,0,0.12217967999999996,2.678004964378773,C=C1C[C@H](C(=O)OC)[C@]2(C)CC[C@]3(C)[C@H]4[C@H](O)[C@@H](O)[C@]5(COC(C)=O)[C@@H](C)[C@@H](OC(C)=O)CC[C@H]5[C@]4(C)CC[C@@]3(O)[C@]2(O)C1,LEPHNIMCHVHFLZ-SMDOXGPFSA-N
CHEMBL502985,Unknown,Immunology,355544006.871108,0.999996117368313,31.51315843537441,0.32494500000000004,0.8,619.7400000000002,2.3140000000000005,1501.4620483749347,44,3,0.259956,3.151315843537441,CC1(C)SCN(C(=O)[C@@H](O)[C@H](Cc2ccccc2)NC(=O)COc2ccccc2O)[C@@H]1C(=O)N[C@H]1c2ccccc2C[C@H]1O,ZHDZQXHOQVYYCG-OIRZSGMBSA-N
CHEMBL501499,Unknown,Other,190356928.83625543,0.9999971405607696,16.74021814229752,0.21678929999999996,1.0,330.34700000000004,0.9410999999999996,766.9782053384328,21,2,0.21678929999999996,1.6740218142297518,O=[N+]([O-])c1ccc(-c2nnc(N3CCS(=O)(=O)CC3)s2)o1,SUNUMAWCUIYWTC-UHFFFAOYSA-N
CHEMBL501597,Unknown,Anti-infective,158689323.21001276,0.9999967672803085,14.845680994105713,0.3303333291000001,1.0,237.69,1.9285,559.6001713975364,16,2,0.3303333291000001,1.4845680994105712,CN(C)C(=O)c1nc2ccc(Cl)cc2n1C,XNRNRBVNCHTIBY-UHFFFAOYSA-N
CHEMBL501606,Unknown,Metabolic,298724285.8127303,0.999995196531592,25.059955936239312,0.1,0.8,622.7540000000001,-1.6910999999999925,1113.0380045017785,40,0,0.08000000000000002,2.5059955936239313,CC(C)CCC[C@@H](COS(=O)(=O)[O-])[C@H]1CC[C@H]2[C@@H]3CC=C4[C@@H](O)[C@H](OS(=O)(=O)[O-])CC[C@]4(C)[C@H]3CC[C@]12C.[Na+].[Na+],KURJUQGKEGKWDS-MFXHLVCKSA-L
CHEMBL501276,Unknown,CNS/Neurology,341083938.5073563,0.9999960912771064,29.955955029821183,0.2821297499999999,0.8,590.6580000000004,3.320300000000002,1515.9571631245526,42,3,0.22570379999999993,2.9955955029821184,COc1cc(/C=C2\S/C(=N\c3ccccc3)N([C@@H](C)C(=O)N[C@@H](Cc3ccc(O)cc3)C(N)=O)C2=O)cc(OC)c1O,LDGVEPWDMYVAGW-ALYXFNGMSA-N
CHEMBL501650,Unknown,Pain/Inflammation,146602049.2897923,0.999996109799715,13.980737445611311,0.22703261629999985,1.0,241.334,3.3115000000000023,494.3331749529548,18,1,0.22703261629999985,1.398073744561131,CC1=CC=C(C=O)C(c2ccc(N(C)C)cc2)C1,SZFYGFSGVSVCAV-UHFFFAOYSA-N
CHEMBL502237,Unknown,Other,253563120.71372616,0.9999959492449036,20.89033161163516,0.15019302799999995,1.0,484.58900000000034,3.264000000000001,1094.8639424644675,35,0,0.15019302799999995,2.089033161163516,CC1=C(C)C(=O)O[C@@H]([C@]2(C)OC(=O)[C@]34CC[C@H]5[C@@H](C[C@H]6O[C@]67[C@@H](O)CCC(=O)[C@]57C)[C@@H]3CC[C@H]24)C1,PGJRQHKPPYIVQE-BGDMQGTOSA-N
CHEMBL476536,Unknown,CNS/Neurology,258938285.64465433,0.9999976456595412,23.44251929127335,0.42405391055999936,1.0,401.5030000000001,4.574320000000005,1052.411366051217,28,3,0.42405391055999936,2.344251929127335,CCOCCc1cc(-c2ccc(S(C)(=O)=O)cc2)n(-c2ccc(F)cc2)c1C,DXYIALDWAIZLFY-UHFFFAOYSA-N
CHEMBL153717,Unknown,CNS/Neurology,263485031.74454945,0.9999976322854732,24.050353433668526,0.4138722831599993,1.0,412.5330000000003,4.783800000000005,1059.8414037746213,31,3,0.4138722831599993,2.4050353433668525,O=C(NCC/C=C/c1ccccc1)c1ccccc1CN1CCc2ccc(O)cc2C1,LKEWOJMGTPDGIX-UXBLZVDNSA-N
CHEMBL503814,Unknown,Anti-infective,144056234.29882443,0.9999958959246739,13.65920381900979,0.37455637631999994,1.0,221.28500000000005,1.0784,375.5137076538768,15,1,0.37455637631999994,1.3659203819009789,NC(=S)N/N=C/CC(=O)c1ccccc1,QBNWHVLIBMFFSA-KPKJPENVSA-N
CHEMBL504349,Unknown,Immunology,347766302.47415715,0.9999961559438908,31.320280546412476,0.28793934351,0.8,603.7390000000003,2.8109,1480.0311718236085,44,3,0.230351474808,3.1320280546412476,CCC[C@H]1C(=O)N([C@@H](Cc2ccc3ccccc3c2)C(=O)NC)CCN1C(=O)[C@@H](Cc1ccc(F)cc1)NC(=O)[C@H](C)NC,AHYGIWNTGDKMRR-SUAIOLNFSA-N
CHEMBL526183,Unknown,Cardiovascular,149071623.27896938,0.9999952861017692,15.42237315357734,0.13267499999999993,1.0,288.34399999999994,-1.3921999999999983,336.72320508747623,20,0,0.13267499999999993,1.542237315357734,CC(=O)N[C@H]1CN(CCCCCCO)C(=O)[C@H](O)[C@@H]1O,IDBGAAOAJFHYIS-QJPTWQEYSA-N
CHEMBL536166,Unknown,Pain/Inflammation,180995939.61432752,0.999996227161385,14.832500125654429,0.21027971336399975,1.0,367.3750000000003,4.883370000000003,559.5341027876498,22,1,0.21027971336399975,1.4832500125654429,Br.CCCCCCCn1c2c(c(=N)c3c1CCC3)CCCC2,OOJPLVZRYCGZCN-UHFFFAOYSA-N
CHEMBL537860,Unknown,CNS/Neurology,230062644.50199577,0.9999978205062452,20.99407560490809,0.5237633231999997,1.0,333.7939999999999,3.642900000000002,844.7256917219638,23,3,0.5237633231999997,2.099407560490809,COc1ccccc1C/N=C(\N)c1cc2cc(F)ccc2[nH]1.Cl,RZBZEJPPOPUDGK-UHFFFAOYSA-N
CHEMBL538195,Unknown,Anti-infective,225835392.7839127,0.999997769943004,18.944367735850122,0.354962484,1.0,364.40900000000016,1.4414,983.364997771672,27,3,0.354962484,1.8944367735850123,Cn1nc(C(=O)NCCO)c2c1-c1nc(Nc3ccccc3)ncc1CC2,NXZVLIWBXMLTSL-UHFFFAOYSA-N
CHEMBL501618,Unknown,CNS/Neurology,245405917.7338536,0.9999978771766446,21.75300320243533,0.4785757829999996,1.0,383.249,4.218600000000003,923.7907530155017,24,3,0.4785757829999996,2.175300320243533,C/C=C/C(=O)Cc1cc2c(Nc3cccc(Br)c3)ncnc2cn1,HHNDBIRJOUXEKG-DUXPYHPUSA-N
CHEMBL506172,Unknown,Anti-infective,175245773.90055975,0.9999968686106757,15.826163659882472,0.23127,1.0,308.342,0.5835999999999997,615.8948198152844,21,2,0.23127,1.582616365988247,Nc1nc(N)nc(SCC(=O)NCc2ccc(F)cc2)n1,KRGHQSAXKPXGBM-UHFFFAOYSA-N
CHEMBL506304,Unknown,Immunology,410464200.6135875,0.9999953100000001,37.096159900686764,0.20965388241599978,0.8,705.9120000000003,4.134700000000004,1930.7189298740943,51,2,0.16772310593279982,3.7096159900686763,CC(C)=CCc1c2c(cc3c4c([nH]c13)[C@@]1(C)[C@@H](CC[C@@H]3[C@]1(C)CC[C@]1(O)O[C@H](/C=C(\C)C(=O)[O-])C[C@@]31C)C4)C1=CC(C)(C)OC(C)(C)[C@H]1[C@@H]2O.[Na+],UMNWUNUUHHQQKU-SKVHFMDOSA-M
CHEMBL506308,Unknown,Immunology,331443914.3812614,0.9999958825565008,29.778972930036442,0.2997745516871999,0.8,586.7370000000002,3.4350200000000024,1331.913055108973,43,2,0.23981964134975994,2.977897293003644,Cc1cccc(N/C(=N\C(=O)C2CCN(C(=O)c3ccccc3)CC2)N[C@H]2CCCCN(CC(=O)N3CCCC3)C2=O)c1,HNKHWIMDPOUBTP-NDEPHWFRSA-N
CHEMBL506415,Unknown,Metabolic,322070779.4240394,0.9999949519062918,27.088045162111467,0.2145724499999999,0.8,630.7830000000001,2.567300000000003,1248.940948978887,45,0,0.17165795999999992,2.7088045162111465,CO[C@H]1[C@@H](OC)C[C@H](C)CC2=C(NCCN(C)C)C(=O)C=C(NC(=O)/C(C)=C/C=C\[C@H](OC)[C@@H](OC(N)=O)/C(C)=C/[C@@H]1C)C2=O,XASSVJXRYGMCHN-BAVALTNYSA-N
CHEMBL500308,Unknown,Pain/Inflammation,206592418.8887447,0.999997192919225,16.46883013053372,0.488883438,1.0,325.32,2.577,796.0662360838236,24,2,0.488883438,1.646883013053372,O=C(Cc1ccccc1)Nc1cccc(C(=O)/C=C(\O)C(=O)O)c1,YVNMZKAPRJHYGQ-WJDWOHSUSA-N
CHEMBL500548,Unknown,Pain/Inflammation,166173427.15005505,0.9999960534743682,14.974568886554833,0.18225000000000002,0.8,307.481,5.104900000000005,563.041315627699,23,2,0.1458,1.4974568886554833,CN1[C@@H](CCCc2ccccc2)CCC[C@H]1Cc1ccccc1,ULFMUIZKXZLCGU-VXKWHMMOSA-N
CHEMBL500816,Unknown,Other,275858983.21587616,0.9999953589520361,21.008490749889436,0.1,0.8,608.7710000000002,-0.5819999999999927,1022.8044244445229,39,0,0.08000000000000002,2.1008490749889437,CC(C)CCC[C@@H](COS(=O)(=O)[O-])[C@H]1CC[C@H]2[C@@H]3CC[C@H]4C[C@H](OS(=O)(=O)[O-])CC[C@]4(C)[C@H]3CC[C@]12C.[Na+].[Na+],VEQCVGZRHVVXNW-QCSXHGAMSA-L
CHEMBL4116099,Unknown,CNS/Neurology,269342495.88104993,0.9999967495787444,25.13886756658411,0.24464835000000007,0.8,446.5470000000002,5.077840000000005,1150.2340309002643,33,3,0.19571868000000006,2.513886756658411,Cc1ccc(-c2c(CN)c(CC(C)C)nc(C)c2C(=O)OCc2ccc(C(=O)O)cc2)cc1,NJYKWCPERDRYQC-UHFFFAOYSA-N
CHEMBL502212,Unknown,Anti-infective,135597982.535459,0.999995404476484,13.93442422625054,0.2008479227,1.0,221.25599999999997,1.3859,402.4869355604381,16,0,0.2008479227,1.393442422625054,CC(C)=C1C=C(CN2CCCC2=O)C(=O)O1,HREXWSQKOMIFNV-UHFFFAOYSA-N
CHEMBL502494,Unknown,Pain/Inflammation,213171428.91246894,0.9999978982246641,17.013929111249386,0.5316129536399998,1.0,308.341,2.919420000000001,912.0974088574044,23,3,0.5316129536399998,1.7013929111249386,CCn1ncc2c(-c3cncc(C)c3)c(/C=C/C(=O)O)cnc21,LSLDDOLVNBLFBY-SNAWJCMRSA-N
CHEMBL538457,Unknown,CNS/Neurology,368675593.5437951,0.9999963900000001,33.01717600172847,0.18157116599999992,0.8,638.7690000000002,3.382740000000002,1743.4439911256773,47,4,0.14525693279999993,3.3017176001728474,CC(=O)NCCCC[C@H](NC(=O)[C@@H]1Cc2ccccc2CN1C(=O)[C@@H](N)Cc1c(C)cc(O)cc1C)C(=O)c1nc2ccccc2[nH]1,NCZYIAFSLYVJAE-MHDHXZMLSA-N
CHEMBL538460,Unknown,Anti-infective,164671888.02301157,0.9999968784369757,15.334920170806928,0.3144652721280001,1.0,246.657,1.95648,621.3538753516117,17,2,0.3144652721280001,1.5334920170806927,N#Cc1c(O)nc(N)nc1-c1cccc(Cl)c1,MSPBCOCUYLPSAA-UHFFFAOYSA-N
CHEMBL541764,Unknown,Anti-infective,173271625.11459267,0.9999960511991554,14.770663851065041,0.32516047666666664,1.0,324.878,1.846,461.7773085108403,20,1,0.32516047666666664,1.4770663851065042,CCCCCCS(=O)(=O)NCCCc1c[nH]c(N)n1.Cl,DJKUIGJETKAHAQ-UHFFFAOYSA-N
CHEMBL541771,Unknown,Anti-infective,140278737.68672153,0.9999957619690831,13.116235429680911,0.1,1.0,304.17499999999995,-1.7181999999999966,301.0939350317387,14,1,0.1,1.3116235429680911,CN1CCC[C@H]1c1ccc[n+](C)c1.[I-],DYAGPCQOMOCCFX-MERQFXBCSA-M
CHEMBL539442,Unknown,Anti-infective,157318540.2123656,0.9999961704353739,14.915315947647343,0.268401077,1.0,254.217,1.4407,528.0196521436176,18,1,0.268401077,1.4915315947647343,CC(=O)Nc1cc(F)c(C(=O)O)cc1NC(C)=O,JVNCPOAINVIGSX-UHFFFAOYSA-N
CHEMBL541185,Unknown,Anti-infective,171470681.58452374,0.9999978361037817,16.692337290140056,0.21715048799999997,1.0,230.227,0.1134999999999997,853.3909897675312,17,3,0.21715048799999997,1.6692337290140056,Cn1c(=O)c2[nH]c3cccnc3c2n(C)c1=O,DTSCLFDGIVWOGR-UHFFFAOYSA-N
CHEMBL504419,Unknown,Other,259247163.83525816,0.9999970901316065,20.355902675998713,0.3931744952639998,1.0,459.4970000000002,3.551680000000002,1061.0379963907842,33,2,0.3931744952639998,2.035590267599871,COc1ccc(CC(=O)NC(N/C(=N/C#N)Nc2ccc(F)c(F)c2)C(C)(C)C)cc1OC,AMOWZZLRWWFKJM-UHFFFAOYSA-N
CHEMBL507542,Unknown,Pain/Inflammation,121833158.95732556,0.999995247713954,12.757835492272955,0.12356368569999991,1.0,220.356,3.551900000000003,315.39664106587225,16,0,0.12356368569999991,1.2757835492272955,C=C(C)[C@H]1[C@@H]2C[C@@H](C)CC[C@H]2C(C)=C[C@H]1O,VSKFQHOVPUQNSE-MQFWEAQZSA-N
CHEMBL499823,Unknown,CNS/Neurology,247198336.92132488,0.9999975698832085,23.208819964409948,0.30713317865999995,1.0,376.82500000000016,3.2699000000000007,1094.5093285879927,25,3,0.30713317865999995,2.3208819964409946,COc1cccc(N2c3ccc(Cl)cc3S(=O)(=O)c3c(N)n[nH]c32)c1,YDLSYJWBFUYFOK-UHFFFAOYSA-N
CHEMBL4116114,Unknown,Other,244201041.7249274,0.9999974966699198,20.0651736186032,0.316935,1.0,403.41600000000017,1.7258,1135.18337790675,28,3,0.316935,2.00651736186032,O=C(N[C@@H]1CCOC1)c1cccc(-n2ncc3cc(OS(=O)(=O)O)ccc32)c1,DXTCUBINDLCSAM-CQSZACIVSA-N
CHEMBL500377,Unknown,Pain/Inflammation,157348661.0759766,0.9999961211284223,14.134793559293747,0.31122258551999993,1.0,261.369,2.7612000000000005,500.62690124613,19,1,0.31122258551999993,1.4134793559293748,CN(C)c1ccc(C2=NC(C)(C)C(C)(C)N2O)cc1,VEQUMYANWOECJX-UHFFFAOYSA-N
CHEMBL505285,Unknown,CNS/Neurology,256607432.04292,0.9999979837553741,24.30397707099981,0.28960731734666634,1.0,389.484,4.671100000000003,1164.580347786433,28,4,0.28960731734666634,2.430397707099981,CN(C)c1ccc(/C=N/NC(=O)Nc2nc3c(ccc4ccccc43)s2)cc1,JJYSKSKFMCNHGU-LPYMAVHISA-N
CHEMBL505397,Unknown,CNS/Neurology,344138437.6559435,0.9999962053687792,30.03738423429427,0.29895010199999955,0.8,611.7870000000004,4.833600000000004,1452.5729004935945,45,3,0.23916008159999966,3.003738423429427,C[C@H](C[C@@H]1CC[C@H]([C@@H](C)C(=O)N2CCN(CC3CCCO3)CC2)O1)n1cc(C#CCOc2cccc(-c3ccccc3)c2)nn1,JLULSQWEXLKVJD-DDFZGCTMSA-N
CHEMBL505400,Unknown,Metabolic,329200743.05486065,0.9999948715321629,27.649715273496497,0.21521190000000007,0.8,642.7940000000003,2.447400000000002,1293.5932428226918,46,0,0.17216952000000008,2.76497152734965,CO[C@H]1/C=C\C=C(/C)C(=O)NC2=CC(=O)C(NCCN3CCCC3)=C(C[C@@H](C)C[C@H](OC)[C@H](O)[C@@H](C)/C=C(\C)[C@@H]1OC(N)=O)C2=O,MNMYYWFEPBLDKF-JEVRCCDFSA-N
CHEMBL500257,Unknown,Pain/Inflammation,200013998.0809022,0.9999964518377932,16.66436066229442,0.2954259,0.8,348.48600000000005,6.503400000000008,784.3543295395856,26,2,0.23634072000000003,1.666436066229442,CC(C)=CCC/C(C)=C/Cc1c(O)cc(/C=C/c2ccccc2)cc1O,YPGQBVBJFQCVKA-ORSZPIRQSA-N
CHEMBL500269,Unknown,Anti-infective,179890609.95505154,0.9999961552962118,14.865693138361316,0.43872436649999985,1.0,308.812,1.6908999999999998,519.6090065019179,18,1,0.43872436649999985,1.4865693138361316,CSCCNC(=O)NS(=O)(=O)c1cccc(Cl)c1,ZRUSREPCVJDDDR-UHFFFAOYSA-N
CHEMBL500286,Unknown,CNS/Neurology,191134135.62874678,0.9999977172847189,20.069138875318107,0.2531553887519999,1.0,265.36,3.791220000000002,787.3803993497374,20,3,0.2531553887519999,2.0069138875318107,Cc1ncc(C2CCCN2C)c2c1[nH]c1ccccc12,DIZAFWUMCZPYGF-UHFFFAOYSA-N
CHEMBL494682,Unknown,Pain/Inflammation,195923446.92722806,0.9999961998794189,14.986383209530223,0.43073826515999974,1.0,373.3240000000002,3.5962000000000023,544.3774549287305,24,1,0.43073826515999974,1.4986383209530223,CC(C)(O)CCN1CCC(CNC(=O)c2cc(Cl)cc(Cl)c2)CC1,AYUNNFKIGORBHC-UHFFFAOYSA-N
CHEMBL490449,Unknown,Pain/Inflammation,220782727.98996502,0.9999972585523804,16.952686664801593,0.40731460837199973,1.0,393.31800000000015,3.666660000000003,832.5291002174757,26,2,0.40731460837199973,1.6952686664801593,Cc1nc(C)c(CN2CCN(C(=O)c3ccc(Cl)cc3Cl)CC2)nc1C,JKJKRAGIRKARKE-UHFFFAOYSA-N
CHEMBL525206,Unknown,Anti-infective,174723987.29936957,0.9999962993364705,15.857751372105493,0.2045225,1.0,316.32900000000006,-0.1404000000000005,599.6313724763108,22,1,0.2045225,1.5857751372105493,O=c1[nH]c(=O)n([C@H]2C[C@H](O)[C@@H](CO)O2)cc1CCCCCF,SJGXIZJRNOMSAZ-QJPTWQEYSA-N
CHEMBL503204,Unknown,Pain/Inflammation,186070805.973656,0.9999970194205687,15.516399843737538,0.3288869060399997,1.0,315.82900000000006,3.734700000000003,699.6780937342392,21,2,0.3288869060399997,1.5516399843737538,NC(=S)N1N=C(c2ccccc2)CC1c1ccccc1Cl,UKUZMFDTYIIYMM-UHFFFAOYSA-N
CHEMBL503221,Unknown,Other,279033411.62357205,0.9999950233778706,22.30417988879736,0.17175479999999996,0.8,541.6850000000002,2.5216000000000003,1209.2345163737214,39,0,0.13740383999999997,2.230417988879736,C=C1C[C@@]23C[C@H](O)[C@]4(O)[C@@]5(C)C[C@H](O)C[C@@]46[C@@H]2[C@H](OC(=O)/C(C)=C/C)[C@H](OC(=O)/C(C)=C/C)[C@@H]1[C@H]3[C@H]6N(C)C5,PISLVTVZMHAKFK-LHBKFWKVSA-N
CHEMBL501801,Unknown,CNS/Neurology,338052717.8918273,0.9999961390851078,29.939027652996547,0.17081555399999984,0.8,613.6620000000004,4.487380000000003,1489.3971623539103,43,3,0.1366524431999999,2.9939027652996546,C[C@@H](S[C@H]1CO[C@H](/C=C/C=C/c2ccc(C#N)cc2F)OC1)[C@@](Cn1cncn1)(OC(=O)CCN)c1ccc(F)cc1F,XHXAOHKENJZSQE-NGKIKDOMSA-N
CHEMBL4116117,Unknown,Pain/Inflammation,156126658.48374802,0.999996045985619,13.782027441042505,0.3540856473,1.0,259.227,2.2355,458.8808993831408,18,1,0.3540856473,1.3782027441042506,O=C(O)[C@H]1NCC[C@@H]1c1cccc(C(F)(F)F)c1,QHAURQAMKRYSBP-ZJUUUORDSA-N
CHEMBL501968,Unknown,Other,326380203.95056796,0.9999952328164774,24.937666050668962,0.21253112999999976,0.8,653.8210000000004,2.680700000000005,1392.8797347848931,47,1,0.1700249039999998,2.493766605066896,CC(C)(C)[C@H](NC(=O)N[C@H](C(=O)N1C[C@H]2[C@@H]([C@H]1C(=O)NC(CC1CC1)C(=O)C(N)=O)C2(C)C)C(C)(C)C)C(=O)OCc1ccccc1,NQHDPDIXUQHQPW-SFSBKCBNSA-N
CHEMBL501969,Unknown,Metabolic,314196122.24277085,0.9999948521485628,27.170115801734998,0.15742349999999994,0.8,598.6970000000002,2.937000000000001,1304.3619096059597,43,0,0.12593879999999996,2.7170115801734998,CO[C@H]1C[C@H](C)CC2=C(N3CCC3)C(=O)C=C(NC(=O)/C(C)=C/C=C\[C@H](OC)[C@@H](OC(N)=O)/C(C)=C/[C@H](C)/C1=N\O)C2=O,CTLKMQDBMKOTAF-UEWHUCHOSA-N
CHEMBL505405,Unknown,CNS/Neurology,332511820.1921759,0.9999966748252694,29.74982705822634,0.11299994999999988,0.8,607.8020000000002,3.912700000000004,1491.7637392284437,42,4,0.0903999599999999,2.974982705822634,Nc1ccc(S(=O)(=O)N(CCCNCCN(Cc2ccccc2)S(=O)(=O)c2ccc(N)cc2)Cc2ccccc2)cc1,CCBNADHUJZAKOY-UHFFFAOYSA-N
CHEMBL505408,Unknown,Immunology,382838090.5585126,0.9999966645652156,32.351539864500786,0.1,0.8,786.5220000000005,0.4116000000000031,1497.4637691352202,48,4,0.08000000000000002,3.2351539864500785,O=C(Nc1ccc([N+](=O)[O-])cc1)c1cc[n+](CCCCCCCCCC[n+]2ccc(C(=O)Nc3ccc([N+](=O)[O-])cc3)cc2)cc1.[Br-].[Br-],LRBQMTRFUBKWRB-UHFFFAOYSA-N
CHEMBL499563,Unknown,Other,253144501.99631387,0.9999954172960708,20.484178841912765,0.12567079295999983,0.8,518.6470000000004,4.284400000000004,990.3910718120824,37,0,0.10053663436799987,2.0484178841912764,CC(=O)OC[C@@]1(C)CCC[C@]2(C)[C@H]3CC[C@@H]4[C@H](OC(C)=O)O[C@@H](C5=CC(=O)OC5O)C[C@H]4[C@]3(C)CC[C@@H]12,ZSDRTHXMHGHLMW-VEIQJVNDSA-N
CHEMBL503452,Unknown,CNS/Neurology,330043568.32814276,0.9999967748872506,29.070029922638458,0.28660287801599976,0.8,573.149,4.192800000000003,1436.1737497208578,41,4,0.22928230241279982,2.9070029922638456,CCN1CCN(c2nc(Nc3ccccc3)nc(N3CCN(CCNc4ccnc5cc(Cl)ccc45)CC3)n2)CC1,OUFMBXOXIZRVJC-UHFFFAOYSA-N
CHEMBL503606,Unknown,Anti-infective,127613652.06505488,0.9999964219992797,13.259553314762085,0.36651434886,1.0,160.17600000000002,1.7822999999999998,367.7773776360867,12,2,0.36651434886,1.3259553314762085,Oc1ccccc1-c1cc[nH]n1,LKTJPAUDNOBJAZ-UHFFFAOYSA-N
CHEMBL4116118,Unknown,Pain/Inflammation,253608338.9143232,0.999997677229214,18.596182217702626,0.6803654520000001,1.0,391.47500000000014,2.3919,1034.8726589477965,29,3,0.6803654520000001,1.8596182217702626,CCOc1ccccc1C1CN(c2nc(-c3ccncc3)cc(=O)n2C)CCN1,SPBOCAARPDADTI-UHFFFAOYSA-N
CHEMBL504052,Unknown,Metabolic,292847495.62189543,0.9999947981389236,26.45820424538905,0.1,0.8,526.5380000000004,0.5277999999999998,1334.3672646993136,38,0,0.08000000000000002,2.645820424538905,C[C@]12C(=O)C[C@@H](O)C=C1C=C[C@@H]1[C@@H]2CC[C@]2(O)C(=O)O[C@@]3(C)[C@H]4C[C@]5(C)[C@@H](CO[C@@]16O[C@@]32[C@H]5C6=O)C(=O)O4,JMNMXSXLYDOMTI-INTHQURXSA-N
CHEMBL152893,Unknown,Other,259321655.60176805,0.9999973525173868,19.03923041804898,0.5955620142600001,1.0,464.6030000000002,1.8553000000000004,884.7318815225727,32,2,0.5955620142600001,1.903923041804898,CC(C)c1sc(-c2ccccc2)c(C2CCCCC2)c1/C=C/[C@@H](O)C[C@@H](O)CC(=O)[O-].[Na+],QJULSGJSKKBLLH-PHPBIHJASA-M
CHEMBL505036,Unknown,Immunology,373396822.8905439,0.999995417081609,32.31459195523283,0.3481631099999999,0.8,658.7210000000001,2.7241000000000017,1590.5102172480922,44,2,0.2785304879999999,3.231459195523283,O=C([C@@H]1CCCN1C(=O)N1CCOCC1)N1CCC(NS(=O)(=O)c2cc(S(=O)(=O)c3ccccc3)ccc2C(F)(F)F)CC1,RIBOGOWWMKNBLE-DEOSSOPVSA-N
CHEMBL4115984,Unknown,CNS/Neurology,278284937.2642364,0.9999974667735158,25.34041162997132,0.25141619285999967,1.0,479.96400000000017,4.329900000000004,1151.7924912899646,34,3,0.25141619285999967,2.534041162997132,O=C(CC(=O)Nc1cccc(C(=O)O)c1)NCCCNCc1ccc(-c2ccccc2)c(Cl)c1,SLEBNFGMRDINFV-UHFFFAOYSA-N
CHEMBL1207979,Unknown,Pain/Inflammation,204626378.04453227,0.9999970946481003,16.27748505264651,0.38498603075999943,1.0,359.85300000000024,4.983100000000004,741.4711667615173,25,2,0.38498603075999943,1.6277485052646512,O=C(O)c1cccc(Cc2cc(Cl)ccc2OCC2CCCCC2)n1,UGRHPRLUCLRQPR-UHFFFAOYSA-N
CHEMBL538627,Unknown,Cardiovascular,209392213.5000812,0.9999971466303513,19.04615759167474,0.1725,1.0,386.8650000000001,-0.2238000000000005,770.350195152689,25,2,0.1725,1.904615759167474,Nc1nc(Cl)nc2c1ncn2[C@@H]1O[C@H](CS[C@H]2CCNC2)[C@@H](O)[C@H]1O,CCGNITMZESBAEB-WFMPWKQPSA-N
CHEMBL538639,Unknown,Other,153645022.63500842,0.9999967889493636,15.172667358313431,0.170088,1.0,251.246,-0.8814000000000006,571.6385353073613,18,2,0.170088,1.5172667358313432,CNc1ncnc2c1ncn2[C@@H]1OC[C@@H](O)[C@H]1O,ZLRVTHOKQKAERD-VISXPRAWSA-N
CHEMBL506642,Unknown,Anti-infective,163224101.4062219,0.999996189982182,14.979386040736332,0.320646761232,1.0,262.338,1.13522,538.8789899553105,18,1,0.320646761232,1.497938604073633,CCNC(=S)N/N=C1\C(=O)Nc2ccc(C)cc21,PYAJZBODSWSFMY-UHFFFAOYSA-N
CHEMBL506649,Unknown,Pain/Inflammation,216871889.03023624,0.9999970687388147,16.321556558663495,0.5919291453599999,1.0,359.42600000000004,3.145300000000001,727.0771192420214,26,2,0.5919291453599999,1.6321556558663495,CCCC[C@H](CN(O)C=O)C(=O)N1CCC[C@H]1c1nc2ccccc2o1,QDDZLTVSNABZIK-ZBFHGGJFSA-N
CHEMBL498905,Unknown,CNS/Neurology,255225160.4330383,0.9999976444343966,23.630932094720098,0.3568429000079997,1.0,400.36000000000007,4.308420000000003,1053.092001901821,29,3,0.3568429000079997,2.3630932094720096,Cc1ccc(NC(=O)c2cccc(C(F)(F)F)c2)cc1NC(=O)c1cncnc1,RPPNHDGTMFGCPL-UHFFFAOYSA-N
CHEMBL498921,Unknown,Anti-infective,155358776.14812595,0.9999960226120115,14.430783815148825,0.33537331043999996,1.0,253.229,0.6361999999999999,445.8955618896313,18,1,0.33537331043999996,1.4430783815148824,O=C(COc1ccc(F)cc1)N[C@H]1CCOC1=O,KZWSMVUFGPEHFD-JTQLQIEISA-N
CHEMBL499583,Unknown,Anti-infective,141626554.82808313,0.9999972935873817,14.546360041898694,0.2707814196,1.0,186.17800000000005,0.7429999999999999,551.9929898067885,14,3,0.2707814196,1.4546360041898694,c1cc(-c2nnn[nH]2)c2[nH]ncc2c1,ALKJXNLKWJSZDV-UHFFFAOYSA-N
CHEMBL501326,Unknown,CNS/Neurology,332337563.16830635,0.9999961738513663,29.56510353304807,0.26837999999999995,0.8,572.6620000000004,3.524000000000001,1470.0825743014168,42,3,0.21470399999999998,2.956510353304807,CC(C)[C@H](N)C(=O)Nc1cc(Cc2ccc(O)cc2)cc(C(=O)N2CCC[C@H]2C(=O)NCc2ccccc2C(=O)O)c1,YBYTVJPRGHOHDZ-NSOVKSMOSA-N
CHEMBL501328,Unknown,Pain/Inflammation,168748447.06450504,0.9999968112812834,14.483573107406615,0.3906013805999998,1.0,265.671,3.437000000000001,584.0451574320454,18,2,0.3906013805999998,1.4483573107406615,O=C(Nc1cc(Cl)ccc1O)c1ccc(F)cc1,PXBIMOHSXYTDEU-UHFFFAOYSA-N
CHEMBL501858,Unknown,Pain/Inflammation,201217685.30259636,0.999997241812814,16.628820819073777,0.36402750000000006,1.0,327.29200000000003,2.353700000000001,823.2293410991135,24,2,0.36402750000000006,1.6628820819073777,O=C(O)/C(O)=C/C(=O)c1cccc(NC(=O)c2ccc(O)cc2)c1,VASYKLFKKQPIGD-DHDCSXOGSA-N
CHEMBL501571,Unknown,CNS/Neurology,233981414.68733683,0.9999978225667581,21.34402815841498,0.3263236597379996,1.0,398.3630000000001,4.910290000000003,845.8704211219972,25,3,0.3263236597379996,2.134402815841498,Cc1ccc(Nc2nc3ccc(C(=N)NC(C)C)cc3s2)nc1.Cl.Cl,ZPKMVBSUANWBBS-UHFFFAOYSA-N
CHEMBL505038,Unknown,Pain/Inflammation,196623145.05209687,0.9999972251420428,16.440606880541687,0.32394682319999973,1.0,323.245,3.5740000000000025,813.9678015475712,23,2,0.32394682319999973,1.6440606880541686,O=C1C(=O)N(Cc2ccccc2C(F)(F)F)c2c(F)cccc21,ZSCLWXDPEMLRQW-UHFFFAOYSA-N
CHEMBL502582,Unknown,Pain/Inflammation,171679329.37250033,0.9999974804674605,14.885844508876106,0.4608109699199999,1.0,237.30599999999995,2.861200000000001,655.8152558208935,18,3,0.4608109699199999,1.4885844508876107,Nc1nc2ccccc2n1CCc1ccccc1,PVVMFRWPQHLCJY-UHFFFAOYSA-N
CHEMBL503422,Unknown,Anti-infective,125825312.58648841,0.9999964271793927,13.275669221890121,0.31990144536,1.0,164.14300000000003,1.0057999999999998,370.65521819466426,12,2,0.31990144536,1.327566922189012,Fc1cccc(-c2nnn[nH]2)c1,SEYSTLGMSOLFBD-UHFFFAOYSA-N
CHEMBL503430,Unknown,Immunology,330478290.0459824,0.9999959187164796,29.392439579627766,0.26821368000000007,0.8,601.7220000000001,2.2304000000000013,1311.8241779862271,42,2,0.21457094400000007,2.9392439579627765,COc1ccc(S(=O)(=O)N(C[C@@H]2CCC(=O)N2)C[C@@H](O)[C@H](Cc2ccccc2)NC(=O)O[C@@H]2C[C@@H]3CCO[C@@H]3C2)cc1,RPIALZPTIFOQGC-DENFLSRESA-N
CHEMBL503508,Unknown,Anti-infective,117851882.9138708,0.9999958555824597,13.177367652314251,0.21911700719999996,1.0,162.18799999999996,1.82952,353.1013664846874,12,1,0.21911700719999996,1.3177367652314251,Cc1ccc(O)c2c1C(=O)CC2,LQCJCAYSGRFFCU-UHFFFAOYSA-N
CHEMBL538692,Unknown,Cardiovascular,220672076.56597567,0.9999965478167036,19.821166485635484,0.19575,0.8,402.4080000000001,-1.2979999999999985,837.675946404507,27,2,0.15660000000000002,1.9821166485635484,Nc1nc(F)nc2c1ncn2[C@@H]1O[C@H](CSCCC(N)C(=O)O)[C@@H](O)[C@H]1O,QELQPHOLOJTLJX-NRJACJQQSA-N
CHEMBL538765,Unknown,Immunology,296064157.9130441,0.9999960454591593,26.53905729615493,0.2821365,0.8,510.01500000000016,1.6798,1241.411578156327,31,2,0.22570920000000003,2.653905729615493,CCN(C(=O)c1cccc(C(=O)O)n1)C1CC(C)S(=O)(=O)c2sc(S(N)(=O)=O)cc21.Cl,AHNZRIFOIBXRRK-UHFFFAOYSA-N
CHEMBL547873,Unknown,Immunology,301608104.57095903,0.9999966952343697,27.431168645373152,0.27209763,0.8,535.5440000000003,2.7011000000000003,1180.425350188192,38,3,0.21767810399999998,2.743116864537315,COc1ccc2nccc([C@@H](O)CNCCCN(C)CCOc3cc(F)cc(F)c3)c2c1.O=C(O)C(=O)O,WMSHRWLEABERKL-JIDHJSLPSA-N
CHEMBL548334,Unknown,Pain/Inflammation,189666154.71694463,0.999997032491005,15.558134472847723,0.4242055940639997,1.0,303.38700000000006,3.9149600000000015,706.9394472114352,21,2,0.4242055940639997,1.5558134472847722,CC(=O)c1sc(NC(=O)Nc2ccc(C)cc2C)nc1C,YEZKDQMRCWMZNO-UHFFFAOYSA-N
CHEMBL546744,Unknown,Pain/Inflammation,183713866.61740002,0.9999962422916664,14.759234084611085,0.30368078384,1.0,353.26000000000005,2.1716,567.9398146343779,21,1,0.30368078384,1.4759234084611086,CC12CN3CC(C)(CN(C1)C3c1cc(Br)ccc1O)C2O,SUBBLAPVQXFTRZ-UHFFFAOYSA-N
CHEMBL1205641,Unknown,Anti-infective,152551199.3738044,0.9999965982715412,14.177811867640045,0.48546186816,1.0,200.197,1.8418,465.7064117634864,15,2,0.48546186816,1.4177811867640044,O=C(O)c1ccc(-c2ccccn2)nc1,LWMHPOLRJIRLPN-UHFFFAOYSA-N
CHEMBL507756,Unknown,Pain/Inflammation,163708647.2198751,0.9999969345817222,14.741521067218049,0.37019118527999995,1.0,230.26299999999992,2.6858200000000005,652.5454012088256,17,2,0.37019118527999995,1.4741521067218049,Cc1c(O)ccc2c3c(c(=O)oc12)CCCC3,OLCPVIMTGKFYJC-UHFFFAOYSA-N
CHEMBL507764,Unknown,Pain/Inflammation,216216961.7791968,0.9999973163955629,16.872872147248437,0.4243364954399999,1.0,363.2000000000001,3.672100000000001,864.664201570193,24,2,0.4243364954399999,1.6872872147248437,CC(=O)OC1N=C(c2ccccc2Cl)c2cc(Cl)ccc2NC1=O,CYDZMDOLVUBPNL-UHFFFAOYSA-N
CHEMBL507884,Unknown,Pain/Inflammation,183028368.34696248,0.9999962537805271,15.49769897474658,0.1746873,0.8,350.16700000000003,5.523900000000002,674.3225150554923,22,2,0.13974984,1.549769897474658,CNCc1cc(C(F)(F)F)ccc1Oc1ccc(Cl)c(Cl)c1,VXVOMNFSZSXTSE-UHFFFAOYSA-N
CHEMBL503315,Unknown,Pain/Inflammation,181104567.28866997,0.9999971044256465,15.65734788037887,0.367138499508,1.0,271.36400000000003,2.7658200000000006,746.9031369085736,20,2,0.367138499508,1.565734788037887,CC(C)=CN1Cc2c(C)ccc3[nH]c(=O)n(c23)C[C@@H]1C,QFUOAWQRTMGCIM-LBPRGKRZSA-N
CHEMBL501589,Unknown,Anti-infective,188636514.98868304,0.9999968593777245,16.056207225354836,0.41410105401,1.0,314.393,1.5716699999999997,610.7654024967212,23,2,0.41410105401,1.6056207225354835,CC(CC(=O)NC(=N)NCCCc1c[nH]cn1)c1ccccn1,YCBUFCVYAPXWON-UHFFFAOYSA-N
CHEMBL499568,Unknown,CNS/Neurology,260765594.1902399,0.9999975634835155,23.60725311792123,0.461205144,1.0,386.814,3.7180800000000014,1098.0647136379564,27,3,0.461205144,2.3607253117921227,CCc1ccc(Cc2n[nH]c(=O)n2C)c(F)c1Oc1cc(Cl)cc(C#N)c1,WXBKPTUEPVVHBN-UHFFFAOYSA-N
CHEMBL154357,Unknown,Pain/Inflammation,126774975.94875531,0.9999958322547288,12.560709586987029,0.22829006806666663,1.0,211.31099999999995,2.1943,340.1415159733637,13,1,0.22829006806666663,1.2560709586987029,[O-][S+]1c2ccccc2SN1C1CC1,PAGJYUKMTFEAPK-UHFFFAOYSA-N
CHEMBL541483,Unknown,Pain/Inflammation,219200551.20684087,0.9999972390731126,17.155980291283058,0.41831493155999977,1.0,382.50400000000025,3.5638000000000023,821.7072847505032,28,2,0.41831493155999977,1.7155980291283057,CC(C)N1CCC(Oc2ccc3cc(C(=O)N4CCOCC4)ccc3c2)CC1,WPBLHQJDLOPHGT-UHFFFAOYSA-N
CHEMBL547407,Unknown,CNS/Neurology,215254537.63626868,0.9999977479036998,20.696405169048084,0.44118510796799976,1.0,305.381,3.5974200000000023,804.3909443154583,23,3,0.44118510796799976,2.0696405169048084,CCNC(=O)c1ccc(-n2nc(C)cc2-c2ccccc2)cc1,UYHSAGGOBAGMEV-UHFFFAOYSA-N
CHEMBL526157,Unknown,Metabolic,262327329.50905168,0.999996062688273,23.53465682301663,0.16057999999999997,1.0,490.5490000000004,2.087999999999999,1031.8398483757333,35,0,0.16057999999999997,2.353465682301663,C=C1[C@@H]2C[C@@H](OC(C)=O)[C@H]3[C@@]45CO[C@@](O)(C(=O)[C@@H]4C(C)(C)CC[C@@H]5OC(C)=O)[C@]3(C2)[C@@H]1OC(C)=O,KMFANKOEKKLUCM-RNYBVCNRSA-N
CHEMBL4116100,Unknown,Pain/Inflammation,229630048.83351862,0.9999970834431554,18.05139989703109,0.5633588671199999,1.0,321.33600000000007,2.8358000000000008,1064.7538025519673,24,2,0.5633588671199999,1.8051399897031088,COc1ccc2c3nn(-c4ccccc4OC)c(=O)c-3c[nH]c2c1,NYNKYUIQVVIZFN-UHFFFAOYSA-N
CHEMBL503357,Unknown,Cardiovascular,172800358.4150356,0.9999962367241246,16.927988456792185,0.16916666666666666,1.0,307.69,-1.9587999999999988,564.8467358776039,20,1,0.16916666666666666,1.6927988456792185,O=C(CCl)Nc1cn(COC(CO)CO)c(=O)[nH]c1=O,JOJMNRCIARIAPR-UHFFFAOYSA-N
CHEMBL503376,Unknown,Pain/Inflammation,202521903.33117703,0.9999975737346537,15.304880627656418,0.59052256956,1.0,318.17799999999994,2.4137000000000004,707.6303631413394,19,3,0.59052256956,1.5304880627656419,Nc1ncnc2c1nc(Br)n2CCc1ccccc1,LQIMXMMBTNEKMZ-UHFFFAOYSA-N
CHEMBL503463,Unknown,Other,255409246.94355404,0.9999952922863579,20.806918203928383,0.15360438239999982,0.8,500.6320000000004,3.6120000000000023,1059.8409123424094,36,0,0.12288350591999986,2.0806918203928384,CC1=C[C@@H]([C@@H](O)[C@@H](C)[C@H]2CC=C3[C@@H]4CC[C@H]5C(C)(C)O[C@@H]6CC(=O)O[C@@]65C[C@@]4(O)CC[C@@]32C)OC1=O,NBZDXWQJHKPYOE-HNBWECBUSA-N
CHEMBL1204471,Unknown,Pain/Inflammation,206792389.6337758,0.9999969206847559,15.57801845085543,0.6514842959999998,1.0,329.396,3.2218000000000018,644.8248643218047,24,2,0.6514842959999998,1.5578018450855429,COc1ccccc1OC(CCN(C)CC(=O)O)c1ccccc1,VEYFJRLIRRUIHU-UHFFFAOYSA-N
CHEMBL504067,Unknown,Other,331758268.25891703,0.9999947431300316,25.23695820211153,0.1256742000000001,0.8,701.9099999999999,2.4284000000000043,1364.9277602815375,50,0,0.10053936000000008,2.5236958202111532,C=CCNC(=O)C(=O)C(CCCC)NC(=O)[C@@H]1[C@@H]2[C@H](CN1C(=O)[C@@H](NC(=O)N[C@@H](CN1C(=O)CCN(C)C1=O)C(C)(C)C)C(C)(C)C)C2(C)C,YTFCSSVQWPIYSC-UJJWWUJUSA-N
CHEMBL506982,Unknown,Pain/Inflammation,204822324.6253923,0.9999970054835955,15.72763217010428,0.613892286,1.0,318.3770000000002,2.2188,691.9353307837879,23,2,0.613892286,1.572763217010428,CCOC(=O)c1cnc2c(cnn2CC)c1NC1CCOCC1,YRTXLWSNMNSSQR-UHFFFAOYSA-N
CHEMBL4116107,Unknown,CNS/Neurology,278753568.4605177,0.9999977943190235,26.09318566294994,0.17998028999999982,1.0,463.54200000000014,4.643170000000003,1269.8227647806946,33,4,0.17998028999999982,2.609318566294994,N=C(N)N1CCC[C@H]1Cc1nc(-c2ccc(Nc3nc(-c4cccc(F)c4)cs3)cc2)no1,PJADCWQZWHSKDD-SFHVURJKSA-N
CHEMBL502072,Unknown,Anti-infective,168421664.68848208,0.999996758678954,14.945706600346186,0.35712670032,1.0,272.139,1.4233999999999998,554.8216410848188,17,2,0.35712670032,1.4945706600346187,Cl.Clc1cccc2nn(N=C3NCCN3)cc12,WHBYLFKTQXDVTO-UHFFFAOYSA-N
CHEMBL502296,Unknown,Anti-infective,197177140.1508709,0.99999720298517,17.23019933068012,0.33924683519999993,1.0,311.345,1.158199999999999,801.6584277528651,23,2,0.33924683519999993,1.7230199330680118,O=C1NC(NCC2CCCO2)=N/C1=C\c1c[nH]c2ncccc12,VHEWCQUGMUYUSP-QPEQYQDCSA-N
CHEMBL539383,Unknown,Pain/Inflammation,188723087.3021894,0.9999969916961117,15.68288029578086,0.2715468436799997,1.0,343.51700000000017,4.439600000000003,684.2756175919317,23,2,0.2715468436799997,1.568288029578086,C/N=C(\S)[C@]1(c2ccc(-c3ccccc3)cc2)CCCC[S+]1[O-],RMRSWOBFCHZIDB-HWYAHNCWSA-N
CHEMBL540696,Unknown,Pain/Inflammation,134075721.42151229,0.9999950774291776,12.236574871232285,0.39387189599999994,1.0,229.32,2.658900000000001,220.7939875194712,16,0,0.39387189599999994,1.2236574871232286,CCCCC[C@@H](C=O)NC(=O)OC(C)(C)C,XLWMVICOJYHICO-JTQLQIEISA-N
CHEMBL540902,Unknown,Other,224737611.67324594,0.9999970493577538,16.976936644932216,0.26746200000000003,1.0,473.169,-5.571399999999996,716.309863189155,25,2,0.26746200000000003,1.6976936644932217,N/C(=N\O)c1cc[n+](C/C=C/C[n+]2ccc(/C=N\O)cc2)cc1.[Br-].[Br-],NONZBSVXXROULB-SEPHDYHBSA-N
CHEMBL525627,Unknown,Pain/Inflammation,217913202.9529301,0.9999970500135172,15.743126851191043,0.6300850207199997,1.0,365.2710000000001,3.470200000000001,716.6741762193345,22,2,0.6300850207199997,1.5743126851191043,CCCCCCc1ccc(Cn2cc(Br)c(=O)[nH]c2=O)cc1,VUZIBIVENWGRBZ-UHFFFAOYSA-N
CHEMBL603409,Unknown,Pain/Inflammation,192995427.97495872,0.9999970038593724,15.211063945787986,0.5337560944799997,1.0,297.272,2.5367200000000016,691.0329846595289,19,2,0.5337560944799997,1.5211063945787986,Cc1nc2c(s1)Cc1cccc(OCP(=O)(O)O)c1-2,DLAWXUQOWZHAQZ-UHFFFAOYSA-N
CHEMBL601469,Unknown,Immunology,401188788.1964188,0.9999963900000001,35.710089874842645,0.24043529999999988,0.8,683.5340000000002,2.9202800000000018,1913.4345068320704,46,4,0.19234823999999992,3.5710089874842645,N#Cc1cccc(S(=O)(=O)N2C[C@H](n3cncn3)C[C@H]2C(=O)N[C@@H](Cc2ccc(NC(=O)c3c(Cl)cncc3Cl)cc2)C(=O)O)c1,SRARTUKACIVLMP-YNJKOYDBSA-N
CHEMBL558352,Unknown,CNS/Neurology,269231769.316749,0.9999975544471659,24.01787718683485,0.5035139939999999,1.0,404.3880000000001,3.9788000000000014,1103.0849078597994,29,3,0.5035139939999999,2.401787718683485,CCn1cc(C(=O)NCc2ccc(OC)cc2)c(=O)c2cc(C(F)(F)F)ccc21,STBOJOLARVYICG-UHFFFAOYSA-N
CHEMBL557192,Unknown,CNS/Neurology,284796109.568627,0.9999967915003183,25.328248567822598,0.32455080000000003,0.8,494.03500000000025,5.727100000000007,1126.944267632419,35,3,0.25964064000000003,2.53282485678226,COc1cc(CN2CCC(N3C(=O)Nc4ccccc4C3c3ccccc3)CC2)cc(OC)c1.Cl,REDCOMHUPQCYMM-UHFFFAOYSA-N
CHEMBL559340,Unknown,Immunology,306614195.2921891,0.999996150489344,28.249670595728016,0.12710114999999983,0.8,582.6980000000001,4.361700000000004,1183.0614755749878,42,2,0.10168091999999987,2.824967059572802,CCCCCOC(=O)N1CCN(C(=O)[C@H](CCC(=O)O)NC(=O)c2cc(OCCCC)cc(-c3ccccc3)n2)CC1,MSIKIHIZSXJBEF-VWLOTQADSA-N
CHEMBL196395,Unknown,CNS/Neurology,293157276.05686826,0.9999968127947162,27.25261009189887,0.20573595,0.8,468.8430000000001,5.705400000000002,1415.1140466038682,33,4,0.16458876,2.725261009189887,O=C(O)Cc1ccc2oc(-c3ccc(NC(=O)/C=C/c4cccc(Cl)c4F)c(F)c3)nc2c1,JVUXTSUDSGXBII-RMKNXTFCSA-N
CHEMBL574221,Unknown,CNS/Neurology,251233798.0214305,0.9999978905699507,21.454355795963146,0.47765073599999974,1.0,422.37700000000007,3.910800000000002,883.6499725756919,24,3,0.47765073599999974,2.1454355795963145,CCNC1NN=C(Cc2csc3nc(-c4ccc(Br)cc4)cn23)S1,JQJAXXDGYABEDK-UHFFFAOYSA-N
CHEMBL157042,Unknown,CNS/Neurology,352145677.0579451,0.9999965757870954,31.49545032962999,0.10588409999999993,0.8,654.7680000000001,4.138600000000002,1546.7849470304045,48,4,0.08470727999999994,3.149545032962999,CC(C)C(NC(=O)OCc1cnccn1)C(=O)N[C@@H](Cc1ccccc1)C[C@H](O)[C@H](Cc1ccccc1)NC(=O)OCc1cccnc1,QYMRDXRVBUCQAP-STGRIPECSA-N
CHEMBL583947,Unknown,CNS/Neurology,258594396.47266474,0.9999980052300194,23.83403391869838,0.37255352283333326,1.0,385.87600000000015,3.829100000000001,1152.6499892458176,26,4,0.37255352283333326,2.3834033918698383,O=c1[nH]c(CNCCc2cccc(O)c2)nc2c1sc1ccc(Cl)cc12,HETRNUQWOLKNPR-UHFFFAOYSA-N
CHEMBL585377,Unknown,Pain/Inflammation,167891292.9792247,0.9999959831985333,14.866355200428465,0.19575,0.8,321.508,5.495000000000005,523.999185132167,24,2,0.15660000000000002,1.4866355200428465,CN1[C@H](CCCc2ccccc2)CC[C@@H]1CCCc1ccccc1,FPNHERGNPFELRS-ZRZAMGCNSA-N
CHEMBL584574,Unknown,Pain/Inflammation,197080016.0055063,0.9999975944020723,15.498939895449027,0.6664474599599999,1.0,268.324,2.5387000000000004,719.1122623594786,20,3,0.6664474599599999,1.5498939895449027,CCNc1nc(Nc2ccccc2)c2cnn(C)c2n1,BKVUDQDKUYNPPB-UHFFFAOYSA-N
CHEMBL553908,Unknown,CNS/Neurology,227937157.45902017,0.9999978450451573,21.266186650150217,0.3425940417599994,1.0,366.2480000000001,4.490100000000004,858.3584207191153,24,3,0.3425940417599994,2.126618665015022,COc1cc2ncnc(N(C)c3cccc(Cl)c3)c2cc1OC.Cl,HJAAVYKVKNFYNJ-UHFFFAOYSA-N
CHEMBL542914,Unknown,Pain/Inflammation,195290606.95254642,0.9999962540649058,15.530553635593698,0.28386435709333285,1.0,394.98700000000025,4.405400000000005,574.4805032065805,27,1,0.28386435709333285,1.5530553635593698,CCN(CC)CCOC(=O)C1(c2ccc(N3CCCC3)cc2)CCCC1.Cl,BPQIIXPQYBFACP-UHFFFAOYSA-N
CHEMBL539611,Unknown,Other,255380067.60523856,0.9999973541264747,19.08915088393544,0.5377095299999994,1.0,455.9080000000001,3.855500000000003,914.3741807535024,31,2,0.5377095299999994,1.908915088393544,Cl.N[C@@H](CC(=O)N1CCCCCN1C(=O)c1ccccc1)Cc1cc(F)c(F)cc1F,YWYAWJIMMUVLHJ-UNTBIKODSA-N
CHEMBL260906,Unknown,CNS/Neurology,342419161.36369437,0.9999965126525762,30.302532891983294,0.3152235570119995,0.8,567.5870000000003,4.762200000000004,1581.8596799034628,41,4,0.25217884560959963,3.0302532891983294,O=C(CCCN1CCN(c2cccc(C(F)(F)F)c2)CC1)NCc1nc2ccc(F)cc2c(=O)n1-c1ccccc1,AIOWACZADLHDLR-UHFFFAOYSA-N
CHEMBL576313,Unknown,Pain/Inflammation,190038465.38788235,0.999997044759612,15.597308816601883,0.35444555821199974,1.0,321.785,4.670380000000002,713.755339991628,21,2,0.35444555821199974,1.5597308816601883,CC(C)Sc1oc(C(=O)O)c(-c2ccc(Cl)cc2)c1C#N,KPCULYSZIGMOGW-UHFFFAOYSA-N
CHEMBL4115992,Unknown,Other,245945917.06112143,0.9999973637112168,18.908820605992712,0.4837072499999997,1.0,433.61800000000017,3.7500000000000018,909.0493239988784,30,2,0.4837072499999997,1.8908820605992713,CCCCc1cc(OC2CCN(CCCCNS(C)(=O)=O)CC2)c2ncccc2c1,WCNMMPUKVKKLKP-UHFFFAOYSA-N
CHEMBL573919,Unknown,Pain/Inflammation,211858057.6886681,0.9999966153419599,16.609512016786116,0.4079444151999997,1.0,372.362,4.2657000000000025,775.189977742041,26,1,0.4079444151999997,1.6609512016786117,CCCCNC1=C(F)C(=O)c2c(F)c(NCCCC)c(F)c(F)c2C1=O,XREJXEZWNDEMHJ-UHFFFAOYSA-N
CHEMBL155979,Unknown,Pain/Inflammation,131285102.30822062,0.999995891396639,13.075219711640294,0.2139038999999999,1.0,219.328,2.6751000000000014,372.9981327840821,16,1,0.2139038999999999,1.3075219711640294,COc1cccc2c1CC[C@@H](N(C)C)[C@H]2C,ZCNTYKAJYPYMNL-GXFFZTMASA-N
CHEMBL595330,Unknown,CNS/Neurology,280262867.96193206,0.9999974895523546,25.05031789486084,0.33649719299999964,1.0,472.9730000000002,4.210200000000003,1139.1375808096286,33,3,0.33649719299999964,2.505031789486084,CCC(=O)N(CC)c1cc2c(NCc3ccc(OC)c(Cl)c3)ncnc2c(CCO)c1OC,SVKBWJJZTHYIAB-UHFFFAOYSA-N
CHEMBL594331,Unknown,CNS/Neurology,196969980.86527961,0.9999977718136396,20.287254557982823,0.29476710950399965,1.0,269.344,4.164640000000004,817.6742441642808,20,3,0.29476710950399965,2.0287254557982823,CCCCn1c(C)cc2cc(=O)cc3oc(C)cc1c23,VNABPUBBADDZQE-UHFFFAOYSA-N
CHEMBL1208039,Unknown,Other,235656324.16605604,0.9999971828642323,19.260927174232815,0.22893180000000002,1.0,430.412,0.1314000000000001,1009.5198709738776,28,2,0.22893180000000002,1.9260927174232816,O=C(c1ccc(-c2ccc(C(=O)C(O)S(=O)(=O)O)cc2)cc1)C(O)S(=O)(=O)O,MFQYILXBRZFYLI-UHFFFAOYSA-N
CHEMBL530730,Unknown,Other,223304469.2361784,0.9999964590394413,17.984891331500066,0.34483320000000006,0.8,413.997,5.496120000000005,788.3552451938087,29,2,0.27586656000000004,1.7984891331500066,Cc1cc(NCC2CCN(CC3CCCCC3)C2)nc(Nc2ccc(Cl)cc2)n1,KXVXOJOAPADAIC-UHFFFAOYSA-N
CHEMBL260909,Unknown,Pain/Inflammation,220568718.81865963,0.9999978806330149,17.071028672756274,0.48962538827999996,1.0,348.81500000000005,2.2862,921.8705473267052,23,3,0.48962538827999996,1.7071028672756274,Nn1c(CS(=O)(=O)c2ccc(Cl)cc2)nnc1-c1ccccc1,LHKPVQKUCRYDKJ-UHFFFAOYSA-N
CHEMBL4116005,Unknown,CNS/Neurology,232720820.92864442,0.9999971207430579,22.786804851278866,0.19575,0.8,383.5350000000002,6.213900000000005,944.031634532153,29,3,0.15660000000000002,2.278680485127887,CN(CC/C=C/c1ccc(-c2ccccc2)cc1)Cc1ccc2c(c1)OCCC2,AYFFXHIGDSLFGU-VMPITWQZSA-N
CHEMBL575155,Unknown,Pain/Inflammation,222966341.01182103,0.9999965892443753,16.65387038550017,0.5132521349199997,1.0,394.53700000000015,3.252600000000002,760.6913196021835,27,1,0.5132521349199997,1.665387038550017,CCCS(=O)(=O)N1C[C@H]2CC[C@H]1[C@H](C(=O)Nc1ccc(OC(C)C)cc1)C2,UJDMCPUQOYKAOH-IPELMVKDSA-N
CHEMBL174668,Unknown,CNS/Neurology,359496934.65204966,0.99999693,32.75777487577808,0.1799253940499999,0.8,575.6700000000001,3.994220000000003,1872.077408484407,41,5,0.14394031523999992,3.275777487577808,Cc1nc2cnccc2n1CN1CCN(S(=O)(=O)c2cn(C(=O)N(C)C)c3cc(-c4ccc(F)cc4)ccc23)CC1,ZUWVHCOUMRXECJ-UHFFFAOYSA-N
CHEMBL4116075,Unknown,CNS/Neurology,303007308.1571002,0.99999693,29.57728179091024,0.11415000000000002,0.8,441.55400000000014,6.474820000000006,1678.7663919042584,34,6,0.09132000000000001,2.957728179091024,Cc1c2c(cc[n+]1CC(=O)c1ccc3ccccc3c1)c1ccccc1n2Cc1ccccc1,RRANOOSONUOPSI-UHFFFAOYSA-N
CHEMBL583071,Unknown,Pain/Inflammation,196031578.83675304,0.999996533129645,16.93465606956058,0.18297090000000002,0.8,347.4580000000001,5.419800000000006,829.5164694336811,26,2,0.14637672000000002,1.693465606956058,CC1=C(C(=O)OC(C)(C)C)C(c2ccccc2)C=CN1c1ccccc1,LIJDRNAIBIRCOF-UHFFFAOYSA-N
CHEMBL258525,Unknown,CNS/Neurology,314908009.2359975,0.999996844682332,27.722773428424272,0.41822560029599976,0.8,502.0180000000002,3.867600000000002,1397.3987044637593,36,4,0.3345804802367998,2.772277342842427,O=C(CCN1CCN(c2ccc(Cl)cc2)CC1)NCc1nc2ccccc2c(=O)n1-c1ccccc1,LNEWMIODYAFAIT-UHFFFAOYSA-N
CHEMBL595064,Unknown,Other,285199800.47473806,0.999996880490129,21.60703729043189,0.5376122265599996,1.0,487.6000000000003,4.197600000000003,1177.505483887043,36,2,0.5376122265599996,2.160703729043189,COc1ccc(C2=NN(Cc3ccc(CN4CCC(=O)CC4)cc3)C(=O)[C@@H]3CC=CC[C@H]23)cc1OC,ZQJQVLFFFPAOBV-LOSJGSFVSA-N
CHEMBL154228,Unknown,CNS/Neurology,190571124.1047821,0.9999975881996285,19.71573850124988,0.2709043439999997,1.0,279.387,4.278400000000004,715.6664602272571,21,3,0.2709043439999997,1.971573850124988,CCCN(c1ccncc1)n1cc(CC)c2ccccc21,KHGNFQVPPCBUSI-UHFFFAOYSA-N
CHEMBL153086,Unknown,CNS/Neurology,217748886.27300453,0.9999971226126906,21.77039372331542,0.18225000000000002,0.8,357.497,5.563520000000006,857.0070503038605,27,3,0.1458,2.1770393723315418,Cc1ccc(OC(CCN2CCc3ccccc3C2)c2ccccc2)cc1,UBADXEPQIYZMTN-UHFFFAOYSA-N
CHEMBL541956,Unknown,Anti-infective,160737799.24982995,0.9999962202745691,15.206463158876977,0.16515449999999998,1.0,286.309,-0.4458000000000002,555.7080939289041,19,1,0.16515449999999998,1.5206463158876977,CC(=O)NC[C@@H](NS(=O)(=O)c1ccccc1)C(=O)O,OPIJWCWSWGPAKY-SNVBAGLBSA-N
CHEMBL541969,Unknown,Anti-infective,165085808.4434094,0.9999960717623185,14.715547663885669,0.33979991976,1.0,283.75900000000007,1.4126,473.2012880480115,19,1,0.33979991976,1.4715547663885669,COc1cc(N)c(Cl)cc1C(=O)NC1CCNCC1,RUQHFNWNPDBISK-UHFFFAOYSA-N
CHEMBL540050,Unknown,Pain/Inflammation,172507554.79979816,0.999996057746599,14.287078633996451,0.3353053934533331,1.0,325.87999999999994,3.6611000000000034,465.41477722113046,22,1,0.3353053934533331,1.428707863399645,CCCCN(C)CC1C[C@@]1(C(=O)OCC)c1ccccc1.Cl,GRCHBMOCWOXXEW-KWNHMLIUSA-N
CHEMBL525924,Unknown,CNS/Neurology,249815335.2841646,0.9999973036363607,24.32236364875265,0.15868965000000002,0.8,399.9250000000002,6.272500000000004,1142.4242440248902,29,4,0.12695172000000002,2.4322363648752647,Cn1c(-c2cccc(-c3ccccc3)c2)nnc1C1(c2ccc(Cl)cc2)CCC1,FXLJWOWLNCXDCJ-UHFFFAOYSA-N
CHEMBL531135,Unknown,CNS/Neurology,248864514.89656293,0.9999981871743985,22.88677333969997,0.26031018425999985,1.0,411.2840000000001,4.768100000000001,1051.5697786266628,25,4,0.26031018425999985,2.2886773339699973,O=C(Nc1nccs1)c1cc(-c2cccnc2)nc2ccc(Br)cc12,OYWNAGWAVOHNGV-UHFFFAOYSA-N
CHEMBL531989,Unknown,Immunology,269630148.25089484,0.9999966535237881,24.619417887750572,0.21542775281999954,0.8,519.1490000000003,4.709720000000006,896.4021044412442,36,2,0.17234220225599964,2.461941788775057,Cc1ccccc1OCCCN1CCN(CC(c2ccc(F)cc2)N2CCN(C(C)C)CC2)CC1.Cl,OOYXFUPDYLCODI-UHFFFAOYSA-N
CHEMBL528112,Unknown,CNS/Neurology,255963743.15287814,0.9999980792393258,24.08327089926275,0.2683710384599997,1.0,407.51800000000014,4.011300000000003,1111.5337079150836,29,4,0.2683710384599997,2.408327089926275,CN1CCN(Cc2cn3c(-c4ccncc4)c(-c4ccc(F)cc4)nc3s2)CC1,UTWJMSRNZUWNLW-UHFFFAOYSA-N
CHEMBL582854,Unknown,Pain/Inflammation,189349027.8319764,0.999996494412813,15.95016192694269,0.3023560709399997,1.0,328.40800000000013,4.335300000000003,708.0071183264329,24,1,0.3023560709399997,1.595016192694269,CC1(C)CCC[C@]2(C)[C@@H](/C=C/c3ccoc3)C(C=O)=C(O)C(=O)[C@@H]12,KUZVESKWERRMKK-PIOJPPRKSA-N
CHEMBL590853,Unknown,Other,239362671.80346918,0.9999965255410067,19.33554636487436,0.28432485,0.8,437.84900000000016,5.077780000000004,974.6994407499016,30,2,0.22745988000000003,1.933554636487436,COC(=O)N1CC[C@H](N(Cc2ccccc2C(F)(F)F)c2ccc(C#N)c(Cl)c2)C1,JKKYDDVIHYJRRB-KRWDZBQOSA-N
CHEMBL592162,Unknown,Anti-infective,184403594.8869792,0.9999975159753437,15.651919866979283,0.15535125606,1.0,358.61,0.2858999999999996,675.5418576032964,17,3,0.15535125606,1.5651919866979283,CC[n+]1ccc2c(c1)[nH]c1ccc(Cl)cc12.[I-],SAJFWDYOOHGTKO-UHFFFAOYSA-N
CHEMBL159567,Unknown,CNS/Neurology,333748479.74373174,0.9999966016678034,30.09610573103524,0.19474529528999973,0.8,576.604,4.334500000000003,1532.4067759431036,42,4,0.15579623623199979,3.009610573103524,C[C@]1(C(=O)N2CCOCC2)CO[C@H](c2nc(-c3ccc(F)cc3)c(-c3ccnc(NCc4ccc(F)cc4)n3)[nH]2)OC1,XUQWOOPGLOCUOQ-CCURTVBJSA-N
CHEMBL1210578,Unknown,CNS/Neurology,287210138.069289,0.999997370745358,25.38472042524396,0.5024743391999997,1.0,438.4780000000002,3.368000000000002,1205.1414678338333,32,3,0.5024743391999997,2.538472042524396,O=C(Cn1nc(C2CCC(F)(F)CC2)c2cnccc2c1=O)NC1Cc2ccccc2C1,HTQKPVVITWAUOK-UHFFFAOYSA-N
CHEMBL576723,Unknown,Pain/Inflammation,232947761.43597808,0.9999972493784539,17.932013598178177,0.4646084275679998,1.0,384.4130000000002,3.488170000000002,972.567525599366,27,2,0.4646084275679998,1.7932013598178176,COc1ccc(C=C2SC(=N)N(c3ccc4c(c3)OCO4)C2=O)cc1OC,FGACEBVWLBEPJX-UHFFFAOYSA-N
CHEMBL554554,Unknown,Pain/Inflammation,163510816.39279044,0.9999958195525457,13.076940010227935,0.5544125583733331,1.0,275.77599999999995,2.7209000000000017,333.08474758750003,18,1,0.5544125583733331,1.3076940010227935,CCCCNCc1cc(OC)c(O)c(OC)c1.Cl,OIPQNIZXEWVFDQ-UHFFFAOYSA-N
CHEMBL552967,Unknown,CNS/Neurology,198580906.36236978,0.9999975740357494,19.333675139211067,0.44593083827999996,1.0,274.70700000000005,3.053400000000001,707.7976385449673,19,3,0.44593083827999996,1.9333675139211066,Cl.[O-][n+]1onc2cc(/C=C/c3ccccc3)ccc21,PUQNSQXQQANICP-UHDJGPCESA-N
CHEMBL553918,Unknown,Pain/Inflammation,227951725.22321948,0.9999976153108169,18.223801125183936,0.37082250000000005,1.0,362.4070000000001,2.5557,1069.2717684520312,25,3,0.37082250000000005,1.8223801125183936,CC(C)[C@H](NS(=O)(=O)c1ccc2c(c1)oc1cc(N)ccc12)C(=O)O,SMJNKVQJVSTDHQ-INIZCTEOSA-N
CHEMBL554192,Unknown,Pain/Inflammation,118176352.39787364,0.9999956848775396,12.013971394869685,0.27235317259733327,1.0,188.633,2.6565700000000008,258.2652997875347,12,1,0.27235317259733327,1.2013971394869685,CC(=N)Nc1ccc(F)cc1.Cl,QPLKSNAJOVQICV-UHFFFAOYSA-N
CHEMBL552980,Unknown,Pain/Inflammation,190990955.50995785,0.9999970365077692,15.828331467421307,0.31139904599999974,1.0,334.82199999999995,3.9260000000000033,709.1709828705706,23,2,0.31139904599999974,1.5828331467421308,COc1cccc(-c2cc(C3CC4CCC3N4)cnc2F)c1.Cl,JKWWXGQYJKTLCV-UHFFFAOYSA-N
CHEMBL539748,Unknown,Pain/Inflammation,212156247.9441627,0.9999966725870097,16.933183964483707,0.3030260757066664,1.0,389.9230000000002,3.468400000000003,806.9927831717706,27,1,0.3030260757066664,1.6933183964483707,C[C@H]1CC2C3Cc4ccc(O)c5c4C2(CCN3CC2CCC2)C(O5)C1=O.Cl,SFKCBTWXHGDPHR-AOINKIPWSA-N
CHEMBL540674,Unknown,Anti-infective,188156184.6534317,0.9999961795474096,15.451799554667959,0.4201552063799998,1.0,337.3190000000001,1.7549,533.0818942078622,22,1,0.4201552063799998,1.545179955466796,O=C(CC(S)C(F)(F)F)NC(Cc1ccc(O)cc1)C(=O)O,WNSYCMPKITTXAY-UHFFFAOYSA-N
CHEMBL541695,Unknown,Pain/Inflammation,122445319.81619257,0.999996471155033,12.741858208414069,0.23348302553999994,1.0,176.23999999999998,3.103900000000001,395.0861294011406,12,2,0.23348302553999994,1.274185820841407,CC(=O)c1cc2ccccc2s1,SGSGCQGCVKWRNM-UHFFFAOYSA-N
CHEMBL559362,Unknown,Other,256998354.0634893,0.999997277796228,17.770125791611974,0.5531904873600001,1.0,495.59900000000016,2.4624000000000006,843.2201266579158,25,2,0.5531904873600001,1.7770125791611975,Br.O=C(CC1NCCCC1O)Cn1cnc2cc(Br)c(Cl)cc2c1=O,SJUWEPZBTXEUMU-UHFFFAOYSA-N
CHEMBL573427,Unknown,Other,310674771.60363966,0.9999951558700266,23.20364544616848,0.1,0.8,699.9599999999999,0.8755000000000095,1135.6277629957406,48,0,0.08000000000000002,2.320364544616848,CC[C@H](C)[C@@H](C(=O)N(C)CC(=O)N(C)[C@@H](CC(C)C)C(=O)N[C@@H](CCSC)C(=O)N(C)[C@H](C(=O)N(C)CC(N)=O)C(C)C)N(C)C(C)=O,KMTYEUKZZOUFRN-WLBUNQKXSA-N
CHEMBL577782,Unknown,Other,249439665.52559346,0.9999971118070808,19.666024627316087,0.4455881806799996,1.0,416.4990000000002,3.4669000000000025,1048.9960662505562,29,2,0.4455881806799996,1.9666024627316088,CC1(C)CC2(CN(Cc3ccc(NS(C)(=O)=O)cc3)C(=O)O2)c2ccccc2O1,REPFAAVENGCKIA-UHFFFAOYSA-N
CHEMBL573674,Unknown,CNS/Neurology,284952860.91156125,0.9999974439919384,24.872568536012906,0.5256262852799998,1.0,439.53700000000015,3.546020000000002,1164.4489231568582,31,3,0.5256262852799998,2.4872568536012905,Cc1cccc(COc2cc(NC(=O)Cc3ccncc3)ccc2N(C)S(C)(=O)=O)c1,GAOBIYHZWVCVER-UHFFFAOYSA-N
CHEMBL584146,Unknown,CNS/Neurology,226907484.5175167,0.9999982816845864,22.313037043048634,0.2572115030519996,1.0,337.4000000000001,4.800620000000004,999.0641186893328,24,4,0.2572115030519996,2.2313037043048634,Cc1ccc(-c2cnc3occ(-c4ccc([S+](C)[O-])cc4)c3c2)o1,BAXUSOFHDHFTKV-UHFFFAOYSA-N
CHEMBL584766,Unknown,CNS/Neurology,260648573.6210008,0.9999975768177632,24.107123026247255,0.30702398705999945,1.0,421.5450000000001,4.823780000000005,1090.656798236828,30,3,0.30702398705999945,2.4107123026247255,N#Cc1cc(-c2cnc3nc(N4CCC(N5CCCCC5)CC4)sc3c2)ccc1F,KPJNSSGIUKWMPK-UHFFFAOYSA-N
CHEMBL182355,Unknown,Immunology,385183187.2949633,0.9999954861958332,33.96708463649349,0.18012780000000023,0.8,736.919,1.947600000000005,1552.1134260385345,53,2,0.1441022400000002,3.396708463649349,CCCC(NC(=O)[C@@H]1C2CCCC2CN1C(=O)[C@@H](NC(=O)[C@@H](NC(=O)CCCCc1nnn[nH]1)C(C)C)C(C)C)C(=O)C(=O)N[C@@H](C)c1ccncc1,BKDGCMAGCCQTOD-XXHRZFBVSA-N
CHEMBL553647,Unknown,Immunology,325999177.58703965,0.9999959895221104,28.83879800116713,0.3076876799999998,0.8,589.0850000000005,3.570400000000003,1272.4877164444972,41,2,0.24615014399999985,2.883879800116713,COc1cc([C@@H]2c3cc4c(cc3[C@@H](CC(=O)NCCN3CCCCC3)C3COC(=O)[C@@H]32)OCO4)cc(OC)c1O.Cl,UWQVAXGVQDHEOE-KHRSSVALSA-N
CHEMBL553649,Unknown,Pain/Inflammation,179172757.72233203,0.9999968109888882,14.7281314788684,0.45071563319999985,1.0,290.754,2.6660700000000013,583.8827155909477,20,2,0.45071563319999985,1.47281314788684,Cl.N=C(N)Nc1ccc(C(=O)Nc2ccccc2)cc1,OGPZAAJYDSBBDH-UHFFFAOYSA-N
CHEMBL525228,Unknown,Anti-infective,207182438.07789162,0.9999978821767384,17.964229477337906,0.37515688055999996,1.0,307.31300000000005,1.7723999999999998,921.0129231443748,23,3,0.37515688055999996,1.7964229477337905,O=C1NC(NCc2ccco2)=N/C1=C\c1c[nH]c2ncccc12,LQRRIKFZOZBYKH-QPEQYQDCSA-N
CHEMBL1207998,Unknown,Anti-infective,135660664.93928182,0.9999951394680018,12.74221900552697,0.27721202,1.0,252.119,0.8889000000000005,255.2600009782247,13,0,0.27721202,1.274221900552697,COCC(C)(CS(=O)(=O)O)N(Cl)Cl,IAIZJYMOAXGPAD-UHFFFAOYSA-N
CHEMBL540227,Unknown,Pain/Inflammation,188617444.90727875,0.9999962193609986,15.765253293866309,0.22768965000000002,0.8,359.89700000000005,5.984000000000005,655.2005547564311,25,2,0.18215172000000002,1.5765253293866308,CCCCCCOc1ccc(C(=O)CCNc2cccc(Cl)c2)cc1,KNPWKYPFGSHIOM-UHFFFAOYSA-N
CHEMBL590751,Unknown,Other,239463651.13893676,0.9999978056506852,19.11475171176085,0.30429,1.0,438.889,1.5572,963.5273971722244,29,3,0.30429,1.911475171176085,OC[C@H]1O[C@@H](c2ccc(Cl)c(Cc3nnc(-c4ccoc4)s3)c2)[C@H](O)[C@@H](O)[C@@H]1O,SVMIUKZUEKHGQI-LHKMKVQPSA-N
CHEMBL593658,Unknown,Pain/Inflammation,157734318.3150066,0.9999960366226089,13.985971594984884,0.26457538379999984,1.0,288.26900000000006,3.6030000000000015,453.67922719033066,20,1,0.26457538379999984,1.3985971594984883,O=C(Nc1ccc(OC(F)(F)F)cc1)N1CCCCC1,OQTHPYIGRUJMPJ-UHFFFAOYSA-N
CHEMBL557764,Unknown,Anti-infective,190156169.24236226,0.9999970928830973,16.854017249247516,0.28338107094,1.0,315.32900000000006,0.2090999999999999,740.4906096337426,23,2,0.28338107094,1.6854017249247515,O=C(Cn1cccc(NC(=O)c2ccccc2)c1=O)NCCO,GUPYVMXFUNKTMY-UHFFFAOYSA-N
CHEMBL572517,Unknown,Pain/Inflammation,233459509.3377597,0.9999978133643355,17.711063584671045,0.6184320407999997,1.0,351.45400000000006,2.9360000000000017,959.2420358681778,26,3,0.6184320407999997,1.7711063584671045,CC(C)n1ncc2c(=O)[nH]c([C@@H]3CN(Cc4ccccc4)C[C@H]3C)nc21,PUGMRQMXTZPAIZ-RHSMWYFYSA-N
CHEMBL573437,Unknown,Cardiovascular,300392453.25345385,0.9999955791987226,25.17150113732128,0.12074999999999998,0.8,603.6330000000003,-0.9919999999999922,1200.4451541412946,43,1,0.09659999999999999,2.5171501137321277,CCOC(=O)/C=C/C(=O)N(CC(N)=O)NC(=O)[C@H](C)NC(=O)[C@@H](C)NC(=O)N1CCN(C(=O)OCc2ccccc2)CC1,VHCWDLOUNVJIHA-ONNQBUSKSA-N
CHEMBL573444,Unknown,Anti-infective,153668447.16710308,0.9999961324994942,14.79097056401247,0.25968390713999995,1.0,247.302,1.1171,506.9441633919442,18,1,0.25968390713999995,1.4790970564012471,COc1ccccc1NC1=NC(N)=NC(C)(C)N1,FGYZNLXWFDNKDG-UHFFFAOYSA-N
CHEMBL154940,Unknown,Anti-infective,163385493.10841736,0.9999960033759088,14.489492587239189,0.4355109248,1.0,262.35299999999995,1.8535999999999997,435.2088381914604,19,1,0.4355109248,1.448949258723919,CC(NC(=O)C(C)(C)C)C(=O)NCc1ccccc1,PUUZXXABNDXBHV-UHFFFAOYSA-N
CHEMBL583100,Unknown,Pain/Inflammation,195773420.47613263,0.9999967152232467,16.403788174890956,0.27870007012400005,1.0,328.784,2.4416600000000006,830.6795815169899,22,1,0.27870007012400005,1.6403788174890956,N#CC1=C(N)N2C(=O)CSC2=C(C#N)C1c1ccccc1Cl,FXFMCJVUGANXGK-UHFFFAOYSA-N
CHEMBL595526,Unknown,Other,249343416.1279092,0.9999975409462638,19.752217347317917,0.42870944483999973,1.0,405.9070000000001,2.762900000000002,1110.5854090264431,27,3,0.42870944483999973,1.9752217347317917,NCCS(=O)(=O)N1CCc2c([nH]c3ccc(Cl)cc23)C1c1cccc(O)c1,HXGBCGAQILBVFM-UHFFFAOYSA-N
CHEMBL596211,Unknown,CNS/Neurology,275328248.5784407,0.9999977470442686,25.709474836227756,0.34540967299999975,1.0,404.3970000000001,3.957700000000002,1296.0865174650964,30,4,0.34540967299999975,2.5709474836227755,COc1ccc(-c2ccc(Cn3cc(C(=O)O)c(=O)c4cccc(F)c43)cc2)cn1,ANLCRMHUAHFDNE-UHFFFAOYSA-N
CHEMBL595765,Unknown,Pain/Inflammation,208361252.01996726,0.9999972769283584,16.8787567374801,0.28337185382399965,1.0,371.8930000000001,4.800480000000003,842.737976838754,25,2,0.28337185382399965,1.6878756737480098,CC1(C)CC(NC(=S)Nc2ccc(C#N)cc2)c2cc(Cl)ccc2O1,MYSINLZROQQGJK-UHFFFAOYSA-N
CHEMBL564205,Unknown,Anti-infective,169260768.3300252,0.9999962821121476,15.540373825404883,0.27667455528533325,1.0,280.276,1.72992,590.0623042341472,20,1,0.27667455528533325,1.5540373825404883,Cc1c(O)c(CC[C@H](C)C(=O)O)c(O)c2c1COC2=O,LSZUJXDQMUMSLJ-LURJTMIESA-N
CHEMBL563935,Unknown,Pain/Inflammation,212910354.46733436,0.999997017931715,15.76803669149261,0.6208731899999997,1.0,349.4810000000001,3.2871200000000016,698.8509527586835,23,2,0.6208731899999997,1.5768036691492608,CCc1c(C)sc(NC(=S)NCc2ccccn2)c1C(=O)OC,ZZDOENFKIOJDJR-UHFFFAOYSA-N
CHEMBL529450,Unknown,CNS/Neurology,288531132.439564,0.9999967452225598,25.536498481195203,0.35348535000000003,0.8,493.47600000000017,5.692600000000004,1152.6541334808894,35,3,0.28278828000000006,2.5536498481195204,O=C(COc1ccc(F)c(F)c1)N[C@H]1CC[C@@H](Nc2ccn(-c3ccc(C(F)(F)F)cc3)c2)CC1,IMLJSXYNDXYBTJ-HDICACEKSA-N
CHEMBL155537,Unknown,Pain/Inflammation,156354206.96585238,0.9999952143583484,13.63764038516992,0.1328667959999998,1.0,357.57900000000006,4.715700000000004,296.8657490812498,25,0,0.1328667959999998,1.363764038516992,CCCCCCCCCCCCCCC[C@@H](O)[C@H](CCO)NC(C)=O,GDNDCQWPSOIIQT-LEWJYISDSA-N
CHEMBL4116120,Unknown,Pain/Inflammation,186719497.06459525,0.9999967954333302,15.168167952727517,0.4167651365999995,1.0,327.468,4.231100000000005,575.2407390029739,24,2,0.4167651365999995,1.5168167952727516,CC(C)CCN(CCc1cccc(O)c1)CCc1cccc(O)c1,XQNYRKPKGAELJY-UHFFFAOYSA-N
CHEMBL558744,Unknown,Other,240843890.5389178,0.9999970365536859,19.935682625757813,0.26943396000000003,1.0,413.4110000000002,1.4048400000000003,1090.8035078694284,29,2,0.26943396000000003,1.9935682625757813,Cc1cc(C=C2C(=O)NC(=S)NC2=O)c(C)n1-c1cc(C(=O)O)cc(C(=O)O)c1,BKWHPZHBDAHKRZ-UHFFFAOYSA-N
CHEMBL558759,Unknown,Immunology,445208064.6055461,0.99999585,39.475605064187725,0.25161057000000026,0.8,786.883,1.5517000000000043,2022.991598898113,57,3,0.20128845600000023,3.9475605064187724,COc1ccc(C[C@H]2C(=O)N[C@@H](C)C(=O)N(C)[C@H]3Cc4ccc(cc4)Oc4cc(ccc4OC)C[C@@H](C(=O)N[C@H](C)C(=O)N[C@@H](C)C(=O)N2C)N(C)C3=O)cc1O,FULXMSLXESMSGU-BRVKVQDUSA-N
CHEMBL154192,Unknown,Pain/Inflammation,211830211.27845746,0.9999972576157325,16.680531480323307,0.5387411476799999,1.0,323.35200000000015,3.522900000000001,832.0087402925815,24,2,0.5387411476799999,1.6680531480323306,CC1=NN(CCOc2ccc3c(c2)Nc2ccccc2O3)C(=O)C1,YEAURUZVMZWHDM-UHFFFAOYSA-N
CHEMBL583284,Unknown,CNS/Neurology,243004268.4565292,0.9999977868428022,21.947944511271213,0.5761059186599998,1.0,332.35600000000005,3.183300000000001,973.97622103946,23,3,0.5761059186599998,2.1947944511271213,COc1ccc(F)cc1S(=O)(=O)Nc1cnc2ccccc2c1,OTPRETHMSRRHTI-UHFFFAOYSA-N
CHEMBL4116122,Unknown,Anti-infective,221016594.86529288,0.9999972641416749,18.148059288482905,0.388014054246,1.0,379.464,1.96107,835.6342638254539,28,2,0.388014054246,1.8148059288482905,N=C(N)c1ccc(CNC(=O)[C@@H]2CCCN2C(=O)NCc2ccccc2)cc1,MANUMRXRFULKLA-SFHVURJKSA-N
CHEMBL588522,Unknown,Other,241650658.2424133,0.9999966153387911,19.59623894438769,0.25726410000000005,0.8,461.6940000000004,6.324400000000007,924.8117827444312,34,2,0.20581128000000004,1.959623894438769,CC(C)(C)c1ccc(NC(=O)c2cccc(CN3CCCN(CC4CCCCC4)CC3)c2)cc1,AQOOYYDOMGEFAF-UHFFFAOYSA-N
CHEMBL589524,Unknown,Pain/Inflammation,168268471.93962988,0.9999967656649125,14.584605556146046,0.3797392463999997,1.0,270.376,3.3058400000000026,558.7027291484295,20,2,0.3797392463999997,1.4584605556146046,Cc1cccc(C)c1-c1cccc(OCCN(C)C)n1,JHBWHUYJOTVNEB-UHFFFAOYSA-N
CHEMBL590003,Unknown,Immunology,349307757.636607,0.9999957805330456,31.132695913446586,0.2234012399999998,0.8,650.777,3.1452000000000035,1388.5927524839817,47,2,0.17872099199999986,3.1132695913446584,CCCCCOC(=O)N1CCN(C(=O)[C@H](CCC(=O)O)NC(=O)c2cc(N3CCC(C(=O)NC)CC3)cc(-c3ccccc3)n2)CC1,HBBKRUIVEKQEGQ-MHZLTWQESA-N
CHEMBL564427,Unknown,CNS/Neurology,241560930.1435196,0.9999978904469535,21.873137693654712,0.3452550584999995,1.0,402.2920000000002,4.832500000000004,916.418359153962,25,3,0.3452550584999995,2.1873137693654714,COc1cc(-c2nc3ccc(Br)cn3c2NC2CCCC2)ccc1O,GUTZGHYMLUPIPL-UHFFFAOYSA-N
CHEMBL157232,Unknown,Pain/Inflammation,142626793.25732458,0.9999950693569425,12.211864862697606,0.3002871941999999,1.0,293.2009999999999,3.242600000000002,216.3094124678053,16,0,0.3002871941999999,1.2211864862697606,CCCCCC[C@H](C)OC(=O)CC(=O)CBr,XYVHUTVZCCRZPW-JTQLQIEISA-N
CHEMBL573664,Unknown,CNS/Neurology,273413747.6424419,0.9999974015735071,24.866514802776965,0.44783613388799964,1.0,405.4500000000003,3.930720000000002,1188.0147183047388,30,3,0.44783613388799964,2.4866514802776964,COC(=O)c1c(C(=O)OC)c2cc(C)ccn2c1C(=O)c1ccc2c(c1)CCCC2,RLHQYGWIERCVAQ-UHFFFAOYSA-N
CHEMBL577685,Unknown,Other,185002936.22817066,0.9999969388280165,16.062171944376008,0.3532905928439999,1.0,305.4110000000001,0.3947899999999996,654.9044536158691,21,2,0.3532905928439999,1.6062171944376007,CN1CCN(Cn2nc(-c3ccncc3)n(N)c2=S)CC1,MPSGANTVLCGSPB-UHFFFAOYSA-N
CHEMBL577777,Unknown,Immunology,354820018.372267,0.9999957222856896,31.216190601856717,0.25128035999999965,0.8,658.8140000000002,4.290800000000004,1420.9523947240236,46,2,0.20102428799999972,3.1216190601856715,COc1ccc2c(c1)OCCC/C=C\CC[C@@H](C)CN(C[C@@H](O)[C@H](Cc1ccccc1)NC(=O)O[C@H]1CO[C@H]3OCC[C@H]31)S2(=O)=O,ZQTXOGGDJIFYFB-GITDXEGASA-N
CHEMBL259626,Unknown,CNS/Neurology,321882235.5083421,0.9999975083597523,28.18382379815431,0.49375711653333293,1.0,497.5990000000002,3.222800000000002,1428.6890265394534,37,4,0.49375711653333293,2.8183823798154313,COc1ccccc1N1CCN(CCC(=O)NCc2nc3ccccc3c(=O)n2-c2ccccc2)CC1,QPKHVVGQRZCCJZ-UHFFFAOYSA-N
CHEMBL570399,Unknown,CNS/Neurology,212995561.89291638,0.9999970514661456,20.454913453791015,0.20491379999999998,0.8,360.64200000000005,5.096700000000002,817.4811919822338,21,3,0.16393104,2.0454913453791015,Clc1ccc2c(N/N=C/c3ccccc3Br)ccnc2c1,FEIPKKUNQNPRSR-KEBDBYFISA-N
CHEMBL570855,Unknown,CNS/Neurology,241586426.9413312,0.9999977674875866,22.206384642213504,0.3524251210199996,1.0,380.245,4.470950000000003,984.729118577084,24,3,0.3524251210199996,2.2206384642213504,COc1ccccc1-c1cc(-c2ccc(Br)cc2)[nH]c(=N)c1C#N,UUEBSYLPTHXYIP-UHFFFAOYSA-N
CHEMBL572203,Unknown,Pain/Inflammation,133690076.72264852,0.9999964663681012,12.954990704521204,0.37371386519999983,1.0,184.242,3.0124000000000013,392.4267229032693,14,2,0.37371386519999983,1.2954990704521205,Nc1ccc(Nc2ccccc2)cc1,ATGUVEKSASEFFO-UHFFFAOYSA-N
CHEMBL579584,Unknown,Pain/Inflammation,200875564.57763642,0.9999979025206676,16.999985000016302,0.32215325184000004,1.0,312.377,2.6104000000000003,909.7107402680876,23,3,0.32215325184000004,1.6999985000016302,CCC(C)(CC)C(=O)n1ncc2c3c(N)nc(N)nc3ccc21,POASCSYGWGHSKP-UHFFFAOYSA-N
CHEMBL559228,Unknown,Other,240649564.2186455,0.9999972710758211,18.456662687364265,0.5190986978999993,1.0,423.435,4.450500000000004,839.48656728681,30,2,0.5190986978999993,1.8456662687364265,O=C(Nc1cccc(OCCCN2CCOCC2)c1)Nc1cccc(C(F)(F)F)c1,AXUWIQCNRVQDRS-UHFFFAOYSA-N
CHEMBL557380,Unknown,Pain/Inflammation,156534971.18096808,0.9999959926077806,13.96197956606351,0.17909009999999967,1.0,311.897,4.6573000000000055,429.22654476964095,21,1,0.17909009999999967,1.396197956606351,CCCN(CCC)[C@@H]1CCc2c(OC)cccc2[C@@H]1C.Cl,ADVQBNGWEGSMGY-SQQLFYIASA-N
CHEMBL157446,Unknown,Pain/Inflammation,127323450.54743198,0.9999957697579895,12.374347782433647,0.2686054434,1.0,213.327,2.4419000000000004,305.4211052507959,13,1,0.2686054434,1.2374347782433648,CCCN1Sc2ccccc2[S+]1[O-],DPEHBAVAXRKEGX-UHFFFAOYSA-N
CHEMBL1619760,Unknown,Anti-infective,120218675.53360377,0.9999957783403488,13.052568317016618,0.22120116666666662,1.0,183.235,-0.5003999999999993,310.1890826578088,13,1,0.22120116666666662,1.3052568317016617,CC(C)(C)C(=O)Cn1c[n+](N)cn1,ZRCDJBULSSJIKK-UHFFFAOYSA-N
CHEMBL1620719,Unknown,CNS/Neurology,216045937.77618575,0.99999703372348,21.05718116654537,0.25185195000000005,0.8,353.535,6.103900000000006,807.6241555393827,25,3,0.20148156000000006,2.105718116654537,CCCCNc1c(-c2ccc(SC(C)CC)cc2)nc2ccccn12,HJVVKXSDFNVOSO-UHFFFAOYSA-N
CHEMBL159389,Unknown,Immunology,343029961.4071994,0.9999962406306259,31.111408307289576,0.19566252000000015,0.8,621.7350000000004,1.7628000000000026,1432.9829856319534,45,3,0.15653001600000013,3.1111408307289574,COC(=O)C(O)C(CC(C)C)NC(=O)C(Cc1c[nH]cn1)NC(=O)C(CC(=O)N1CCOCC1)Cc1cccc2ccccc12,HZGNFWNTVQBRHK-UHFFFAOYSA-N
CHEMBL595085,Unknown,CNS/Neurology,217310858.1718529,0.9999975698968782,19.479587512438837,0.36493138079999976,1.0,376.1696302,4.016800000000003,705.4982656165051,20,3,0.36493138079999976,1.9479587512438836,COc1ccc(-c2nnc(-c3ccc([125I])cc3)o2)cc1,PDYUNYPXHQJKKO-RFLHHMENSA-N
CHEMBL554578,Unknown,Immunology,385012987.7100188,0.9999955563887336,33.37461501702833,0.15000632999999985,0.8,762.4140000000001,3.7961400000000034,1513.1173702135088,52,2,0.12000506399999988,3.3374615017028333,Cc1cccc(C)c1OCC(=O)N[C@@H](Cc1ccccc1)[C@H](OC(=O)CCC(=O)NCCN(C)C)C(=O)N1CSC(C)(C)[C@H]1C(=O)NC(C)(C)C.Cl,YNJLMHOBPGYHPQ-VRFRBENJSA-N
CHEMBL555219,Unknown,Other,218015766.1863727,0.9999970264756969,17.0326649387863,0.39219330059999963,1.0,412.02400000000017,3.7726000000000033,703.5976093311585,26,2,0.39219330059999963,1.7032664938786302,Cl.OCCN1CCN(CCCN2c3ccccc3Sc3cscc32)CC1,AFCXADCYKWBJRA-UHFFFAOYSA-N
CHEMBL555454,Unknown,Pain/Inflammation,174501080.04776788,0.9999968868241866,14.968276590955066,0.3517941025199999,1.0,284.212,3.4918000000000013,626.0134370096607,20,2,0.3517941025199999,1.4968276590955065,O=C(Nc1ccc(F)c(C(F)(F)F)c1)c1ccccn1,OBQCRMSWBKGCBP-UHFFFAOYSA-N
CHEMBL1076131,Unknown,CNS/Neurology,358717174.06924444,0.9999960913380473,30.79948817001219,0.13424129999999992,0.8,693.6430000000003,4.185400000000002,1515.9233070790171,46,3,0.10739303999999994,3.079948817001219,CC[C@H](C)[C@H](NC(=O)c1ccc(-c2ccccc2)cc1)C(=O)N[C@@H](C(=O)N[C@@H](CCC(N)=O)C(=O)Nc1cccc(Br)n1)C(C)C,OVSNSIGGJWBQAX-ZCUKIOCLSA-N
CHEMBL580660,Unknown,CNS/Neurology,214773194.44390514,0.9999976099354209,19.639741683445134,0.3171539528999999,1.0,370.659,4.826100000000001,727.7419004784912,20,3,0.3171539528999999,1.9639741683445133,Clc1ccccc1CNc1noc(-c2sccc2Br)n1,PRXVKNGAZHJAPY-UHFFFAOYSA-N
CHEMBL582894,Unknown,Pain/Inflammation,209633768.04359668,0.9999977069618601,16.251763703997977,0.61734663216,1.0,310.397,2.819600000000001,781.6454777916953,23,3,0.61734663216,1.6251763703997977,CNC[C@@H](O)[C@H](c1cccc(OC)c1)n1ccc2ccccc21,FQEQHKRYLKAFDD-MOPGFXCFSA-N
CHEMBL591773,Unknown,Pain/Inflammation,196993732.10094,0.9999973466061373,16.971727860078698,0.2473097291999998,1.0,322.36,4.186100000000002,881.4478540031743,24,2,0.2473097291999998,1.6971727860078698,CC1(C)C=Cc2c(ccc3c2OC[C@H]2c4ccc(O)cc4O[C@@H]32)O1,QGPHRCQDTPCIQI-KXBFYZLASA-N
CHEMBL572530,Unknown,CNS/Neurology,211542967.7964442,0.999997906799313,21.000757228776212,0.3413705644799999,1.0,292.212,3.5829000000000004,892.6662849554008,21,3,0.3413705644799999,2.1000757228776212,O=c1c(-c2cc(F)c(F)c(F)c2)coc2cc(O)ccc12,KXNYZTBSABEQJP-UHFFFAOYSA-N
CHEMBL573078,Unknown,Other,227113737.71845263,0.9999966169804513,17.76704160428241,0.44889321250666614,1.0,408.5640000000002,3.7852000000000032,776.1002506691267,28,1,0.44889321250666614,1.7767041604282412,CCCCS(=O)(=O)N1[C@H]2CC[C@@H]1[C@H](C(=O)Nc1ccc(OC(C)C)cc1)CC2,DVRXEBSQTHPYMD-MISYRCLQSA-N
CHEMBL573461,Unknown,Pain/Inflammation,202017019.88483864,0.9999964357217455,16.393519441733407,0.2459771445599996,1.0,398.5910000000002,4.619800000000004,675.4009696831345,29,1,0.2459771445599996,1.6393519441733406,COc1cccc2c1CCCC2CCCN1CCN(C(=O)C2CCCCC2)CC1,XEPILBQRDLHXAR-UHFFFAOYSA-N
CHEMBL154360,Unknown,Pain/Inflammation,223647776.83363244,0.9999977192596121,16.424132841627998,0.7154399487599999,1.0,340.45200000000006,2.7002000000000006,788.47756224584,24,3,0.7154399487599999,1.6424132841627999,CN(C)c1ccccc1C[S+]([O-])c1nccn1Cc1ccccn1,RRRUZGZEXUTDNJ-UHFFFAOYSA-N
CHEMBL538385,Unknown,Pain/Inflammation,218860979.75077286,0.9999970827415852,16.368115770607417,0.5725380522959996,1.0,370.88,3.6370800000000023,734.8564361917156,26,2,0.5725380522959996,1.6368115770607417,N#CC1(c2ccccc2)CCN(C[C@@H](O)COc2ccc(Cl)cc2)CC1,FUFZKRJXJWHOHC-LJQANCHMSA-N
CHEMBL538901,Unknown,Pain/Inflammation,197226295.4651911,0.9999957565689132,16.14809163597404,0.25809000000000004,0.8,373.56200000000007,6.478300000000006,698.0938405971661,26,1,0.20647200000000004,1.614809163597404,CC(C)=CCC/C(C)=C/CC/C(C)=C/CSc1ccc(N)cc1C(=O)O,FKEMAUMWEMJROF-IJUJUXHTSA-N
CHEMBL553896,Unknown,Other,197369869.2719174,0.9999961910877506,15.490908487885523,0.21186085711933308,1.0,431.7490000000003,4.618070000000003,539.4931947353317,22,1,0.21186085711933308,1.5490908487885524,Cl.N=C(Nc1ccccc1I)NC12CC3CC(CC(C3)C1)C2,GENLXORCJWOREW-UHFFFAOYSA-N
CHEMBL526882,Unknown,CNS/Neurology,236728397.750331,0.9999978018705723,22.420143596555075,0.38342457593999935,1.0,351.4020000000001,4.945420000000005,965.6274598617824,26,3,0.38342457593999935,2.2420143596555073,CCC(=O)c1cc(C)ccc1Oc1ccnc2cc(OC)c(OC)cc12,YHKFXBORWYMXRL-UHFFFAOYSA-N
CHEMBL592393,Unknown,CNS/Neurology,205630567.8753864,0.9999978085435446,20.604458962787152,0.2765090873159996,1.0,302.351,4.747910000000004,838.0797469403792,21,3,0.2765090873159996,2.0604458962787153,COc1cc(OC)cc(-c2cc3occ(C)c3c(=S)o2)c1,GLDGJWDMIBQPRB-UHFFFAOYSA-N
CHEMBL592411,Unknown,CNS/Neurology,248012459.20237753,0.9999973150505541,23.896952654579696,0.24701250000000002,0.8,376.456,5.570470000000003,1136.0830255353928,27,4,0.19761000000000004,2.3896952654579695,N=C(N)c1cc2cc(-c3cccc(OCc4cccc(F)c4)c3)ccc2s1,KIRYGGISEMCYKS-UHFFFAOYSA-N
CHEMBL4116094,Unknown,CNS/Neurology,279475736.6157183,0.9999964816301983,25.930881467591764,0.2403675,0.8,446.6210000000002,5.121900000000005,1299.0943342992068,31,3,0.19229400000000002,2.593088146759176,CCN1/C(=C/C2=C(NC)/C(=C/c3sc4ccccc4[n+]3CC)C2=O)Sc2ccccc21,ZINBGOAVOUKUBV-UHFFFAOYSA-O
CHEMBL1076419,Unknown,Immunology,357066073.29310024,0.9999953100000001,32.20136817160961,0.2957714999999999,0.8,578.6190000000004,3.1182000000000016,1706.632307523408,39,2,0.23661719999999994,3.220136817160961,CS(=O)(=O)Nc1ccc2c(c1)S(=O)(=O)N=C(C1=C(O)[C@@H]3[C@H]4CC[C@H](C4)[C@@H]3N(Cc3cc(F)ccc3F)C1=O)N2,FHVHFBIAKSCACU-UICDGQQBSA-N
CHEMBL583154,Unknown,CNS/Neurology,278247876.8892646,0.9999975758678948,24.667652333318916,0.33765002999999993,1.0,480.5120000000001,3.5124000000000013,1091.18450292217,33,3,0.33765002999999993,2.4667652333318917,NC(Cc1ccccc1)C(=O)N1CCC(Nc2nsc3ccccc23)C1.O=C(O)C(F)(F)F,XSFCQCRDZOZAHB-UHFFFAOYSA-N
CHEMBL583519,Unknown,CNS/Neurology,188691932.62893093,0.999997599035701,19.596142803468428,0.2321179180319997,1.0,282.364,4.801720000000004,721.6865004817263,20,3,0.2321179180319997,1.9596142803468428,Cc1cc(O)cc(-c2ccc(-c3ccc(O)cc3)s2)c1,NWLAWEHHCISQCM-UHFFFAOYSA-N
CHEMBL4116101,Unknown,Pain/Inflammation,186662338.6095588,0.9999970098261295,15.22980122027368,0.50049372114,1.0,277.735,2.0937,694.3478496724778,19,2,0.50049372114,1.522980122027368,O=c1[nH]ccc2c([N+]3=NN(CCCl)CC3)cccc12,XWRPJKPJIZLLOA-UHFFFAOYSA-O
CHEMBL579790,Unknown,CNS/Neurology,203649263.18420464,0.9999976943171192,19.97726847638634,0.45495764999999994,1.0,269.352,3.1100000000000003,774.6206217203248,20,3,0.45495764999999994,1.9977268476386338,CCCC(C)n1ccc2c3c(N)nc(N)nc3ccc21,WDVKKTICTPYCKR-UHFFFAOYSA-N
CHEMBL554397,Unknown,CNS/Neurology,255136483.08769512,0.9999971083708683,23.37116817955089,0.2619297,0.8,452.0420000000001,6.796400000000006,950.9050731756172,32,3,0.20954376,2.337116817955089,CC(C)N(CCOc1ccccc1/N=C(/Nc1ccccc1)c1ccccc1)C(C)C.Cl,OUHXLOUDQGFPJX-UHFFFAOYSA-N
CHEMBL154658,Unknown,Other,214143776.13855898,0.9999970314633313,16.373529530116357,0.3504900722399998,1.0,416.60200000000015,4.286800000000001,706.3685173746051,21,2,0.3504900722399998,1.6373529530116357,O=C(Nc1cccc(I)c1)Nc1cc(Cl)ccc1C(=O)O,HDVLBTNZJJUZTI-UHFFFAOYSA-N
CHEMBL539714,Unknown,Other,239212516.13447532,0.9999972669302803,19.258307321278227,0.40079548439999957,1.0,409.48200000000014,4.293200000000003,962.8165109658815,30,2,0.40079548439999957,1.9258307321278227,CC(C)OC(=O)CC1C(C(=O)OC(C)C)=C(N)Oc2ccc(-c3ccccc3)cc21,MMJDKOIXEGPBMY-UHFFFAOYSA-N
CHEMBL540183,Unknown,Anti-infective,204636665.46664125,0.999997156415948,17.071087822296906,0.306501,1.0,360.8230000000001,1.023,775.7866377718544,23,2,0.306501,1.7071087822296906,Cl.Nc1nc(CCCNS(=O)(=O)c2cccc(C(=O)O)c2)c[nH]1,ZBOCYNZWVUZLPI-UHFFFAOYSA-N
CHEMBL540396,Unknown,CNS/Neurology,454760044.6284753,0.99999693,38.196897990852655,0.11702330999999988,0.8,849.8170000000001,4.108020000000003,2188.256358646124,52,6,0.09361864799999992,3.8196897990852654,Cc1cn2cc(CNC(=O)[C@H](Cc3ccc(O)cc3)NC(=O)Nc3ccc(C(=O)OC4CCCCC4)s3)[n+](Cc3ccc4ccccc4c3)c2s1.[I-],UEQNXYHNQAZVTO-WAQYZQTGSA-N
CHEMBL557422,Unknown,Other,268257948.51375163,0.999996581813554,21.397996252501443,0.25210399680000006,1.0,458.7430000000003,0.7212000000000003,1343.4369144533505,28,2,0.25210399680000006,2.139799625250144,Cn1ccc2c3nc4cc(Br)ccc4c4c3c(c(=O)c-2c1)[N+](C)(C)CC4=O.[Cl-],YWXZSQALRCVSLY-UHFFFAOYSA-M
CHEMBL570872,Unknown,CNS/Neurology,288711634.18809795,0.9999975741112674,27.272969672269326,0.21909888847466627,1.0,450.54600000000016,4.765880000000005,1392.1604069986722,34,4,0.21909888847466627,2.7272969672269327,CCN1C2CCC1CC(c1ccnc3c(-c4ccc(C#N)c(O)c4)c(-c4ccncc4)nn13)C2,GKXHNUKICSBSSP-UHFFFAOYSA-N
CHEMBL570602,Unknown,Pain/Inflammation,172648285.4360894,0.9999961432206173,14.323531954596158,0.4547023795999999,1.0,283.27399999999994,2.7943000000000007,512.9003429116069,20,1,0.4547023795999999,1.4323531954596158,O=C(Nc1cc(F)cc(F)c1)[C@H]1CCCC[C@H]1C(=O)O,JTXMZKFFDFDQKF-NWDGAFQWSA-N
CHEMBL573234,Unknown,Pain/Inflammation,197322222.13314646,0.9999964090242657,16.176259741502157,0.24733599799999967,1.0,384.56400000000025,4.372200000000004,660.5690364312754,28,1,0.24733599799999967,1.6176259741502157,COc1cccc2c1CCCC2CCC(=O)N1CCN(C2CCCCC2)CC1,HFJOSVHIASIIRD-UHFFFAOYSA-N
CHEMBL581928,Unknown,Other,222528869.55160907,0.999996963645853,17.479933520447812,0.39715265087999996,1.0,430.58900000000017,2.7528,668.6921405263834,31,2,0.39715265087999996,1.7479933520447812,CC(C)NCC(O)COc1ccc(Cc2ccc(OCC(O)CNC(C)C)cc2)cc1,MNVJIHMQUQYNOM-UHFFFAOYSA-N
CHEMBL592870,Unknown,Pain/Inflammation,195174944.30435362,0.9999970276785167,15.799673185318081,0.4670984879999997,1.0,312.36500000000007,3.8850000000000025,704.265842587605,23,2,0.4670984879999997,1.5799673185318082,COc1ccc(/C=C/Cc2ccccc2OC(C)=O)cc1OC,GIPPHAQOXZVEJZ-VOTSOKGWSA-N
CHEMBL592623,Unknown,Anti-infective,221441129.4695166,0.9999971656432112,17.519751238999394,0.5762674334999999,1.0,352.39000000000004,1.4552999999999994,780.912895079269,26,2,0.5762674334999999,1.7519751238999395,O=C(NCc1ccccc1)[C@@H]1O[C@H]2CN(Cc3ccccc3)C(=O)[C@@H]1O2,FBHDKOZUHLXHLT-KZNAEPCWSA-N
CHEMBL593625,Unknown,Other,246829833.58871675,0.9999968266769762,18.898110919320253,0.39353547212933315,1.0,462.41200000000026,3.393740000000002,907.4016798954234,30,1,0.39353547212933315,1.8898110919320252,Cc1cc(NC(=O)C(C)(C(F)(F)F)C(F)(F)F)cc(S(=O)(=O)N2CCOCC2)c1C,GOJRXPJKDWGTKN-UHFFFAOYSA-N
CHEMBL1207983,Unknown,Cardiovascular,142096535.91769204,0.9999952909818147,15.054259987592904,0.1,1.0,272.27500000000003,-2.2816999999999976,339.4343415062789,17,0,0.1,1.5054259987592904,CO[C@H]1O[C@H](CCS(=O)(=O)O)[C@@H](O)[C@H](O)[C@@H]1O,PHCQZDKMGAYCIF-HEIBUPTGSA-N
CHEMBL526134,Unknown,Other,267548944.3562457,0.9999979686154296,22.748093853572943,0.2271564433,1.0,412.40900000000016,2.6893,1472.991428026403,31,5,0.2271564433,2.2748093853572944,COc1ccc(-n2nc3c(NC(=O)c4ccncc4)nc4ccccc4n3c2=O)cc1,OTBVDTOGBXZBSN-UHFFFAOYSA-N
CHEMBL526313,Unknown,CNS/Neurology,202896648.54307643,0.999997704119641,20.18328255152959,0.31522065119999965,1.0,299.39900000000006,4.084640000000003,780.0664671528367,21,3,0.31522065119999965,2.018328255152959,COc1ccc(N(C)c2nc(C)nc3scc(C)c23)cc1,CGJODQVPKIBUIQ-UHFFFAOYSA-N
CHEMBL541435,Unknown,Pain/Inflammation,202125979.02204245,0.9999963750571091,15.810564887865269,0.3860033587199999,1.0,377.9160000000001,3.1864000000000017,641.698393962451,26,1,0.3860033587199999,1.5810564887865268,COCC1[C@@H]2CC[C@H]1CN(CCN1CCN(c3cccc(Cl)c3)C1=O)C2,JATQVZAOCJUHTI-MCPYQZEQSA-N
CHEMBL552652,Unknown,CNS/Neurology,313545267.5305873,0.9999971604694251,28.739205272977255,0.23935560668999972,0.8,501.0340000000002,4.345300000000004,1521.9614305119185,36,5,0.1914844853519998,2.8739205272977255,Cl.O=c1n(CCCN2CCN(c3cc(-c4ccccc4)c4ccccc4n3)CC2)nc2ccccn12,RFOBHYFJMODJIV-UHFFFAOYSA-N
CHEMBL1208485,Unknown,CNS/Neurology,272292348.5082151,0.999997197854377,25.55122617880381,0.27256319999999984,1.0,412.3980000000002,3.173600000000002,1301.1920127653502,29,3,0.27256319999999984,2.555122617880381,Nc1c(S(=O)(=O)O)cc(Nc2ccc(F)cc2)c2c1C(=O)c1ccccc1C2=O,HCTWKQCCDOTHIE-UHFFFAOYSA-N
CHEMBL583126,Unknown,Cardiovascular,256119270.4722354,0.999996439269352,21.94428028033288,0.18225000000000002,0.8,485.5400000000001,-1.2757999999999998,1022.6281377868972,32,2,0.1458,2.194428028033288,O=C1CSC([C@H](O)[C@H](O)[C@@H](O)[C@@H](O)CO)N1c1ccc(S(=O)(=O)Nc2ccccn2)cc1,VMOVEXFBNSNHME-GTMGAUHXSA-N
CHEMBL583305,Unknown,CNS/Neurology,188384845.85248464,0.9999975274609955,19.148928614975528,0.2658550847399998,1.0,287.775,4.602100000000002,681.922775206657,19,3,0.2658550847399998,1.914892861497553,Clc1cccc(Nc2nc(-c3ccncc3)cs2)c1,SOPMCVVZQSETBN-UHFFFAOYSA-N
CHEMBL4116123,Unknown,Pain/Inflammation,137224627.86086217,0.9999958332692276,13.119652233639167,0.2324292098333332,1.0,246.39799999999988,3.536900000000002,340.7051264298247,18,1,0.2324292098333332,1.3119652233639167,CCc1ccccc1NCCN1CCCCCC1,SHFGVTLUJDZISY-UHFFFAOYSA-N
CHEMBL579595,Unknown,Pain/Inflammation,190093095.57570082,0.9999963224787604,15.26346230962852,0.3895878866179998,1.0,339.87100000000004,2.8625900000000004,612.4882001931574,23,1,0.3895878866179998,1.5263462309628522,Cc1ccc(C(C)C)cc1CON1C(=N)N=C(N)NC1(C)C.Cl,JMENVXJKPWHWKW-UHFFFAOYSA-N
CHEMBL558162,Unknown,Anti-infective,214217834.23228785,0.9999971187549814,17.080156046919125,0.5258519027999999,1.0,347.44000000000017,1.7659999999999998,754.8638785353427,24,2,0.5258519027999999,1.7080156046919126,COc1ccc2sc3c(c2c1)NC[C@@H](CN1CCOCC1)NC3=O,WYNKVGUYVKMILG-NSHDSACASA-N
CHEMBL563918,Unknown,Other,234771712.01593262,0.9999967633692827,18.28753522708648,0.46439254345866643,1.0,411.56800000000027,3.0585400000000016,857.427379232262,28,1,0.46439254345866643,1.828753522708648,CCOCCN1CCc2c(C)c(NS(C)(=O)=O)c(C)c(NC(=O)C(C)(C)C)c21,KNEHLMHPIRXMHL-UHFFFAOYSA-N
CHEMBL360291,Unknown,Immunology,386047671.13330823,0.9999954897625603,33.94813639885949,0.2003696999999998,0.8,735.931,2.552600000000006,1550.131910991842,53,2,0.16029575999999984,3.3948136398859488,CCCC(NC(=O)[C@@H]1C2CCCC2CN1C(=O)[C@@H](NC(=O)[C@@H](NC(=O)CCCCc1nnn[nH]1)C(C)C)C(C)C)C(=O)C(=O)N[C@@H](C)c1ccccc1,WRKKDKVSSULHSU-VMJLQIJZSA-N
CHEMBL539151,Unknown,CNS/Neurology,240359345.71914017,0.9999978489847756,21.28247040547822,0.39873755999999977,1.0,404.289,4.471000000000002,860.5470975105139,24,3,0.39873755999999977,2.128247040547822,COc1ccc(Nc2nc(N)c(C(=O)c3ccc(Br)cc3)s2)cc1,KUZFXGGVFBBRGF-UHFFFAOYSA-N
CHEMBL536726,Unknown,CNS/Neurology,255623818.30216387,0.9999970908573994,23.27058935589164,0.29052000000000006,0.8,445.94300000000015,5.193700000000006,960.634778103262,31,3,0.23241600000000007,2.327058935589164,COc1ccc(/C=C\c2cc(OC)c(OC)c(OC)c2)cc1OCCn1cccc1.Cl,ZBGWEBJAOFIORT-CFYXSCKTSA-N
CHEMBL535264,Unknown,CNS/Neurology,262716802.0606266,0.9999968526159285,24.31091044563025,0.3631878,0.8,411.5050000000002,5.081980000000005,1092.991150843543,31,3,0.29055024,2.4310910445630247,COc1ccc(-c2ccc(NC(=O)c3ccc(C#N)cc3)cc2)cc1CN1CCCC1,VDXTYYRBWQXILY-UHFFFAOYSA-N
CHEMBL538188,Unknown,Pain/Inflammation,177116489.65100443,0.9999963325496058,15.296150595651186,0.2543157203999999,1.0,318.3690000000001,2.8428000000000018,618.0831143604938,23,1,0.2543157203999999,1.5296150595651186,C[C@@H]1C/C=C/CC/C=C/[C@H](O)Cc2cc(O)cc(O)c2C(=O)O1,DRIZFYXNZQASTN-XUOOWUFRSA-N
CHEMBL552993,Unknown,Other,376883454.5553848,0.99999477,28.12434461081495,0.2235456299999999,0.8,751.869,3.8293000000000017,1700.5716593177565,52,1,0.17883650399999995,2.8124344610814953,C=C[C@@H]1C[C@]1(NC(=O)[C@@H]1C[C@@H]2CN1C(=O)[C@H](C(C)C)N[C@H](C(F)(F)F)CCCCCCc1cccc3c1CN(C3)C(=O)O2)C(=O)NS(=O)(=O)C1CC1,NTGLPLGRYULJMB-MPOJOYOMSA-N
CHEMBL578346,Unknown,Pain/Inflammation,185661929.08493036,0.9999970228958771,15.784149534133896,0.3320542133999998,1.0,308.42500000000007,3.586500000000002,701.6088205620706,23,2,0.3320542133999998,1.5784149534133896,O=C(c1ccc2ccccc2c1)N(C1CCC1)C1CCNCC1,AZTPZTRJVCAAMX-UHFFFAOYSA-N
CHEMBL591703,Unknown,Pain/Inflammation,157252176.7983012,0.9999961443729638,13.849608350043178,0.2693444088066666,1.0,274.128,3.3173000000000004,513.5405353980361,16,1,0.2693444088066666,1.3849608350043179,O=C1NC(=O)/C(=C\c2ccc(Cl)c(Cl)c2)S1,DKZRDZSTKOFPLQ-XBXARRHUSA-N
CHEMBL593201,Unknown,CNS/Neurology,251888638.36773163,0.9999975868085753,23.50851036447466,0.37320642361199974,1.0,376.4810000000001,3.6216200000000023,1085.1063470439185,27,3,0.37320642361199974,2.350851036447466,Cc1c(CC(=O)N2CCc3cccc4c3C2CNC4=O)sc2ccccc12,APLPMDTYLNNONS-UHFFFAOYSA-N
CHEMBL592975,Unknown,Immunology,320809734.57345414,0.999996410086155,29.42353653266143,0.230114871,0.8,563.6630000000005,1.98567,1338.8410249828576,41,3,0.18409189680000002,2.942353653266143,N=C(N)NCCC[C@H](NC(=O)CN(c1ncnc2c1ncn2C1CCCCO1)C1CC1)C(=O)OCc1ccccc1,TWZOVBGZHBHICO-BBQAJUCSSA-N
CHEMBL592978,Unknown,CNS/Neurology,249470403.34241566,0.9999973206033711,23.873445729120768,0.14374394999999995,0.8,411.811,5.525700000000003,1132.9981271812032,27,4,0.11499515999999997,2.3873445729120766,Cl.Fc1ccc(Sc2ccc3nnc(-c4ccc(F)cc4F)n3c2)c(F)c1,GLCCWLGLKDXCJY-UHFFFAOYSA-N
CHEMBL154687,Unknown,Anti-infective,156996064.99688733,0.9999959427267038,14.168937528942626,0.4309645666666666,1.0,248.326,1.4634999999999994,401.5148354140042,18,1,0.4309645666666666,1.4168937528942627,CC(=O)NC(C(=O)NCc1ccccc1)C(C)C,FHPYYONXWDZUGV-UHFFFAOYSA-N
CHEMBL574027,Unknown,Immunology,285744879.22087884,0.9999964363923064,25.89493937578416,0.34501383000000024,0.8,505.6630000000002,2.232700000000003,1024.226496441945,37,2,0.2760110640000002,2.589493937578416,CC[C@H](N)C(=O)N[C@@H]1C(=O)N2[C@@H](CC[C@@H]1CCN)CC[C@H]2C(=O)NC(c1ccccc1)c1ccccc1,KQHWCFZCUNTTCW-VEGWMBEDSA-N
CHEMBL576264,Unknown,Other,259506035.38138863,0.9999970426032999,20.37712123387581,0.4049168786399997,1.0,451.376,3.702200000000002,1087.4426111933042,32,2,0.4049168786399997,2.037712123387581,O=C1Nc2ccc(N3CCCC3=O)cc2C(CNC(=O)c2ccc(F)cc2)(C(F)(F)F)O1,YVGGYHZIJCVOIE-UHFFFAOYSA-N
CHEMBL572999,Unknown,CNS/Neurology,218997594.13402444,0.9999977652413022,20.598647962080214,0.4809420308399999,1.0,310.38200000000006,3.356020000000001,814.0229456393735,22,3,0.4809420308399999,2.0598647962080214,Cc1cccc(Nc2nc(-c3ccncc3)c(C(N)=O)s2)c1,UAKBVWBWKNQSBL-UHFFFAOYSA-N
CHEMBL554494,Unknown,CNS/Neurology,281852870.66701084,0.9999970570092205,26.169925789332503,0.20873475,0.8,465.8930000000003,5.201100000000004,1279.4393219714912,33,4,0.16698780000000002,2.6169925789332504,CCOC(=O)c1onc(-c2cn(-c3ccccc3)nc2-c2ccc(Cl)cc2)c1C(=O)OCC,DXNJRNYANMUFIG-UHFFFAOYSA-N
CHEMBL552187,Unknown,Other,249271196.31617385,0.9999971994018326,19.202126817585626,0.4328718559199996,1.0,437.2930000000002,4.012900000000003,1000.332315247754,28,2,0.4328718559199996,1.9202126817585625,O=C(Nc1cccc(Br)c1)c1ccc(N2C(=O)[C@@H]3[C@H](C2=O)[C@@H]2C=C[C@H]3C2)cc1,UMDVPCGDZKFDPK-SLDRDFCHSA-N
CHEMBL260023,Unknown,CNS/Neurology,320492030.7654643,0.9999975394097522,28.042028798154305,0.4937571165333331,1.0,497.5990000000002,3.222800000000001,1411.4390265394532,37,4,0.4937571165333331,2.8042028798154304,COc1ccc(N2CCN(CCC(=O)NCc3nc4ccccc4c(=O)n3-c3ccccc3)CC2)cc1,DYEKEPVWORAHNG-UHFFFAOYSA-N
CHEMBL531267,Unknown,CNS/Neurology,237969208.17408156,0.9999981325960223,23.29909670655473,0.2096458795199999,1.0,364.3860000000001,4.451900000000001,1081.8910987506258,26,4,0.2096458795199999,2.329909670655473,O=C(Nc1ccc(-c2nc3ccccc3[nH]2)cc1)c1ccc([N+](=O)[O-])s1,MRMSCLWRFKJFCZ-UHFFFAOYSA-N
CHEMBL532920,Unknown,CNS/Neurology,250784963.5110493,0.999998083255808,23.879441886207132,0.26935807600799955,1.0,388.5400000000001,4.799820000000004,1109.3023289332205,28,4,0.26935807600799955,2.3879441886207133,Cc1cccc2nc(-c3ccc(-c4ccc(CN5CCC(N)C5)cc4)s3)[nH]c12,QFJSOSYOSVUPQX-UHFFFAOYSA-N
CHEMBL1208314,Unknown,Other,227950918.22648594,0.9999965989081827,18.772693664521626,0.27088019999999996,0.8,424.5810000000002,5.515900000000005,866.0601014536833,31,2,0.21670415999999998,1.8772693664521625,CCC(CC)(c1ccccc1)c1ccc(/C=C/[C@@H](O)C[C@@H](O)CC(=O)O)c(C(C)C)c1,KXGCCVVMZLNEPZ-ZUYUJVNMSA-N
CHEMBL593933,Unknown,Pain/Inflammation,243466439.5194755,0.9999970316192033,18.9556962957209,0.4527795621599996,1.0,390.4830000000002,4.175100000000003,1093.5448871025542,29,2,0.4527795621599996,1.89556962957209,C/C=C1\[C@H]2C=C(C)C[C@]1(/N=C/c1ccc(OC)cc1OC)c1ccc(=O)[nH]c1C2,QWYGFYWIRGDLOI-TWDZHTALSA-N
CHEMBL154314,Unknown,Pain/Inflammation,148956987.29178503,0.9999959821675934,13.813530712497494,0.20566349999999975,1.0,275.436,4.235500000000004,423.4264407890343,20,1,0.20566349999999975,1.3813530712497495,CCCN(CCC)[C@@H]1CCc2c(OC)cccc2[C@H]1C,BTOJYCTUJJHANF-RHSMWYFYSA-N
CHEMBL581501,Unknown,Pain/Inflammation,212791477.39382294,0.9999971123344195,16.466511944691845,0.5203717230599997,1.0,353.47000000000014,4.113420000000002,751.2968996978854,26,2,0.5203717230599997,1.6466511944691846,Cc1cc(N2CCCC2)nc(Nc2ccc(NC(=O)CC(C)C)cc2)n1,NPUPEXCWJPVHMU-UHFFFAOYSA-N
CHEMBL582221,Unknown,CNS/Neurology,277135067.75461215,0.9999973175475906,27.202790601864532,0.1,0.8,424.41600000000017,5.650400000000003,1434.6957830637034,32,5,0.08000000000000002,2.7202790601864533,O=C(Nc1cccc(-c2nc3ccccc3[nH]2)c1)c1ccc(-c2cccc([N+](=O)[O-])c2)o1,WFFOKMJIJCTCBD-UHFFFAOYSA-N
CHEMBL584990,Unknown,Other,258177725.88091335,0.9999962872715136,20.662024686221592,0.294435,0.8,466.6430000000003,7.288500000000007,1107.0713813867053,33,2,0.235548,2.0662024686221594,CC1=CCC[C@H]2[C@](C)(Cc3cc(O)cc(Sc4cccc(C(=O)O)c4)c3O)[C@@H](C)CC[C@]12C,ZHNWIBRFILHVBA-JWNPUDRZSA-N
CHEMBL526346,Unknown,Other,240586055.20847768,0.9999972545315327,18.396919423368544,0.32627999999999996,1.0,478.3430000000001,3.1496000000000013,830.2952959028531,30,2,0.32627999999999996,1.8396919423368545,O=C(NCCCC[C@H](NC(=O)c1ccc(Br)cc1)C(=O)NO)OCc1ccccc1,ZOARFGHSZGZXEA-SFHVURJKSA-N
CHEMBL526362,Unknown,Other,260824755.53628024,0.9999963489603415,20.587758728920093,0.300915,0.8,485.02400000000046,5.782300000000006,1072.7998102865813,34,2,0.240732,2.058775872892009,Cl.O=[N+]([O-])c1ccc(Oc2ccc3c(c2)[C@@]24CCCC[C@@]2(O)[C@@H](C3)N(CC2CCC2)CC4)cc1,FVRPJACGQRLSAJ-QGNMAPLWSA-N
CHEMBL540195,Unknown,Pain/Inflammation,177147224.42023054,0.9999969613025947,15.45752696459496,0.29418860195999996,1.0,294.3980000000001,2.826200000000001,667.3903303873963,22,2,0.29418860195999996,1.545752696459496,CN1CCN2CC(c3ccc(O)cc3)c3ccccc3C2C1,KNYDPQMSVNKMHO-UHFFFAOYSA-N
CHEMBL540647,Unknown,Anti-infective,155750191.79401803,0.999996698461386,14.749999504047965,0.24569999999999997,1.0,257.677,-0.1517000000000004,521.367436589396,17,2,0.24569999999999997,1.4749999504047966,Cl.[O-][n+]1nc(CCCO)[n+]([O-])c2ccccc21,AFMOHKQVQAGPOS-UHFFFAOYSA-N
CHEMBL540427,Unknown,Pain/Inflammation,180344917.01551065,0.9999967689070389,14.351624418431944,0.61076874474,1.0,263.684,2.3909,560.5039105141742,18,2,0.61076874474,1.4351624418431945,COc1nc(NC(=O)c2ccccn2)ccc1Cl,UYSNCZHSYFZFQK-UHFFFAOYSA-N
CHEMBL557954,Unknown,Other,366955777.63916314,0.999994815912037,27.908598508565262,0.15240224999999963,0.8,747.982,4.597100000000007,1624.4933128006833,54,1,0.1219217999999997,2.7908598508565263,C[C@@H](NC(=O)N(CC1CC1)NC(=O)[C@@H]1[C@@H]2[C@H](CN1C(=O)[C@@H](NC(=O)N[C@H](CN1C(=O)C3CCC(C3)C1=O)C(C)(C)C)C(C)(C)C)C2(C)C)c1ccccc1,CFGQHOYXHMEVGV-YWALTVCDSA-N
CHEMBL574347,Unknown,Pain/Inflammation,165398650.8236466,0.9999968456077798,14.961405952398897,0.22021800040799977,1.0,285.362,4.393420000000003,603.1154332142492,21,2,0.22021800040799977,1.4961405952398896,Cc1ccc(C2CCNCC2)c(Oc2ccc(F)cc2)c1,MUPPOMFFBLBAKT-UHFFFAOYSA-N
CHEMBL574797,Unknown,Immunology,347180740.8770198,0.9999959518694898,29.846490416271685,0.1952580599999999,0.8,690.6799999999998,3.693800000000002,1293.4058390368752,45,2,0.15620644799999994,2.9846490416271685,CNC(=O)[C@@H](NC(=O)[C@@](O)(CCN(Cc1ccc(Br)cc1)NC(=O)[C@@H](NC(=O)OC)C(C)(C)C)Cc1ccccc1)C(C)(C)C,AOSANDQFJSELGC-AHYUKCMYSA-N
CHEMBL575370,Unknown,CNS/Neurology,323188220.792625,0.9999964245719964,28.778054417333905,0.19483253999999978,0.8,595.7880000000002,4.063800000000004,1330.7933353395722,44,3,0.15586603199999982,2.8778054417333907,CC[C@H](N)C(=O)N[C@@H]1C(=O)N2[C@@H](CC[C@@H]1CCNCc1ccccc1)CC[C@H]2C(=O)NC(c1ccccc1)c1ccccc1,ABHODCSECYTOLV-PIXGQMGXSA-N
CHEMBL575372,Unknown,Other,292654596.4356395,0.999995752511202,22.194747169870695,0.26630855999999986,0.8,599.8170000000001,2.803200000000003,1104.1604433385587,43,1,0.2130468479999999,2.2194747169870697,CC(C)C[C@@H]1NC(=O)[C@@H](CC(C)C)N(C)C(=O)[C@H](Cc2ccccc2)NC(=O)[C@H](CC(C)C)NC(=O)[C@@H](C(C)C)NC1=O,PLPPAFQUTLZGQM-APNLASKRSA-N
CHEMBL575374,Unknown,CNS/Neurology,394061316.0997598,0.99999585,34.02279836281327,0.2114629199999997,0.8,737.942,4.094800000000005,1682.1210349365008,54,3,0.16917033599999975,3.402279836281327,CC(C)[C@@H]1NC(=O)[C@H](CC2CCCCC2)NC(=O)[C@H](COCc2ccccc2)NC(=O)[C@H](Cc2ccccc2)NC(=O)[C@@H](Cc2ccccc2)N(C)C1=O,LBIVPJSBMOUYJP-AKHKZFQHSA-N
CHEMBL595990,Unknown,CNS/Neurology,283872357.25577694,0.9999974686508953,24.57584612032524,0.5184381127679994,1.0,444.5780000000002,3.953640000000004,1150.7495026058002,30,3,0.5184381127679994,2.457584612032524,Cc1ccc(S(=O)(=O)N(C)c2ccccc2N(C)S(=O)(=O)c2ccc(C)cc2)cc1,WOBGBOUAUABUFZ-UHFFFAOYSA-N
CHEMBL595820,Unknown,Other,254493279.6752053,0.9999973693455035,18.88847457064117,0.71732196,1.0,408.5020000000001,2.452,905.919164714026,30,2,0.71732196,1.888847457064117,CCC(=O)Nc1ccc(NC(=O)CN2CCN(C)CC2)c(C(=O)c2ccccc2)c1,UOEQOMBTCNBZKF-UHFFFAOYSA-N
CHEMBL594149,Unknown,Pain/Inflammation,215774167.7250939,0.999997134292852,16.276991609975504,0.5190313334399999,1.0,367.2320000000001,3.6436000000000015,763.4960288583198,24,2,0.5190313334399999,1.6276991609975504,O=C(NCCC/N=C/c1cc(Cl)cc(Cl)c1O)c1ccccc1O,NQMJKSAKJQAVFR-KEBDBYFISA-N
CHEMBL1207937,Unknown,Pain/Inflammation,150191250.68669814,0.9999945263171292,13.41322653525429,0.11092500000000001,0.8,336.53799999999995,5.677200000000005,314.6206273087648,22,0,0.08874000000000001,1.341322653525429,CCCCCCCCCCCCCCCCCOS(=O)(=O)O,KGIBGHABTNQVJX-UHFFFAOYSA-N
CHEMBL4116096,Unknown,Anti-infective,164426542.13309538,0.999996089673258,14.898910860097132,0.34493335834999994,1.0,274.368,1.07117,483.1518100161886,20,1,0.34493335834999994,1.4898910860097132,CCN1CCC[C@H]1C(=O)NCc1ccc(C(=N)N)cc1,UVNNRAWXQKAIGY-ZDUSSCGKSA-N
CHEMBL155478,Unknown,Anti-infective,180262204.8575837,0.9999983937652618,17.47394260701733,0.15605185904000002,1.0,254.20900000000003,0.6207999999999999,936.7970768096354,19,4,0.15605185904000002,1.7473942607017332,O=c1cc(-c2nn[nH]n2)nc2oc3ccccc3n12,PMBQOXDYTBYYKO-UHFFFAOYSA-N
CHEMBL541947,Unknown,Anti-infective,213118669.966841,0.9999971867813878,17.314469224607556,0.5454181866,1.0,325.36799999999994,1.7229999999999994,792.6563265496063,24,2,0.5454181866,1.7314469224607556,O=C(Nc1cccn(CC(=O)N2CCCC2)c1=O)c1ccccc1,SQCLEZAQARBINE-UHFFFAOYSA-N
CHEMBL539921,Unknown,Pain/Inflammation,219462086.37467483,0.9999978201747056,16.619233731694234,0.688205106,1.0,314.32000000000005,2.1269,844.5415030713278,23,3,0.688205106,1.6619233731694234,CN(Cc1ccccc1F)Cn1nc(-c2ccncc2)oc1=O,QUCHFKYVVBHHHT-UHFFFAOYSA-N
CHEMBL524317,Unknown,Pain/Inflammation,205301031.40875113,0.9999964959311903,16.598482427078018,0.25614515975999974,1.0,399.5310000000002,4.032600000000002,708.8506612938421,29,1,0.25614515975999974,1.6598482427078018,CCC[C@@H](C)[C@H](OC(=O)/C=C/c1ccccc1)[C@H](C)[C@H](O)C/C=C/C=C\C(N)=O,OJAGQZQYWOJBHT-PKJHRQCFSA-N
CHEMBL523218,Unknown,Anti-infective,166495303.78376788,0.9999962924500344,15.445043169169931,0.22224021049999995,1.0,283.305,0.1916999999999997,595.8055746504086,19,1,0.22224021049999995,1.5445043169169932,COC(=O)[C@@H]1CC(=O)CN1S(=O)(=O)c1ccccc1,LDLLYKAZPLGUFZ-NSHDSACASA-N
CHEMBL575375,Unknown,Other,257188286.72206715,0.9999971856049621,19.8527818057808,0.4434239618999995,1.0,456.6080000000002,4.434500000000003,1007.9972433001208,32,2,0.4434239618999995,1.9852781805780801,CCCCS(=O)(=O)N1C[C@H]2CC[C@H]1[C@H](C(=O)Nc1ccc(OCc3ccccc3)cc1)C2,CSIUYIIJGBLFLW-ZTCOLXNVSA-N
CHEMBL578763,Unknown,Pain/Inflammation,184038720.59463876,0.9999971059065224,16.053588253599862,0.26420184755999965,1.0,305.37700000000007,4.251100000000004,747.7258457167076,23,2,0.26420184755999965,1.6053588253599862,COC(=O)C1=C(C)N(c2ccccc2)C=CC1c1ccccc1,DWYYDKOEDVBPGW-UHFFFAOYSA-N
CHEMBL579880,Unknown,CNS/Neurology,270851483.9667992,0.999997958153545,25.176124402398518,0.3249976137333328,1.0,424.5480000000001,4.999000000000004,1178.8035861614287,32,4,0.3249976137333328,2.517612440239852,O=C1CCCN1CCCNCc1ccc(-c2cccc(-c3nc4ccccc4[nH]3)c2)cc1,VRBWGUNBVJOAGF-UHFFFAOYSA-N
CHEMBL582140,Unknown,Pain/Inflammation,192020715.16471636,0.9999961353772208,14.41785032016004,0.4272601455500001,1.0,374.3080000000001,2.1789700000000005,508.5429004193197,21,1,0.4272601455500001,1.441785032016004,Br.CC1(C)NC(N)=NC(=N)N1OCCSc1ccccc1,JLMPLIGWNJYLKL-UHFFFAOYSA-N
CHEMBL582239,Unknown,CNS/Neurology,287589872.2088207,0.9999969129085223,23.313353922548142,0.2076868146959999,0.8,585.1829999999998,4.8629000000000016,1059.4952654262654,27,3,0.16614945175679993,2.331335392254814,Nc1c2c(nc3ccc(C(=O)Nc4cc(I)c(O)c(I)c4)cc13)CCCC2,VCRVVXCZBHTXQG-UHFFFAOYSA-N
CHEMBL564260,Unknown,Pain/Inflammation,182995490.68112457,0.9999965512358335,15.875839808187278,0.22021772975999981,1.0,317.4100000000001,3.645120000000003,739.5754630176497,22,1,0.22021772975999981,1.5875839808187278,Cc1cc2c(s1)[C@@]13C[C@@H]1CN(C(=O)OC(C)(C)C)C3=CC2=O,UXKGJSAWUAORNC-QGHHPUGFSA-N
CHEMBL562776,Unknown,Other,232581226.82512528,0.9999965816457841,18.691416261931195,0.20465999999999998,0.8,447.174,0.5319999999999996,943.5301199891647,27,2,0.16372799999999998,1.8691416261931195,Nc1ncnc2c1ncn2CCCCOP(=O)(O)OP(=O)(O)OP(=O)(O)O,NZUSGYFYFSDAPX-UHFFFAOYSA-N
CHEMBL574570,Unknown,CNS/Neurology,217231908.41306692,0.9999978206506956,20.653291138761254,0.44565439463999973,1.0,304.708,3.575300000000002,844.8059419781343,21,3,0.44565439463999973,2.0653291138761256,O=C(O)c1cc2ccn(Cc3cccc(Cl)c3F)c2cn1,LAVMVEIMEUTRHG-UHFFFAOYSA-N
CHEMBL540147,Unknown,Other,400049310.93034023,0.9999948302625566,28.93216641506591,0.17763171048000032,0.8,870.0639999999995,2.3396000000000083,1616.5208018832384,60,1,0.14210536838400026,2.893216641506591,CCCCCCCCC[C@H]1C[C@H]2CC[C@H]3C(C(=O)OCc4ccc(COC(=O)C5=C(C)NC6=[N+]7[C@H](CC[C@@H]57)C[C@H](CCCCCCCCC)N6)cc4)=C(C)NC(=[N+]23)N1.[Cl-].[Cl-],RLQUUNGFNXUPPJ-UEYRRZJZSA-N
CHEMBL540148,Unknown,Immunology,364528700.8703216,0.9999963329858595,30.22371604506888,0.2623522500000001,0.8,722.6460000000003,1.3867000000000005,1381.6745225251898,43,3,0.20988180000000012,3.022371604506888,CC(C)OC(=O)c1ccc(NC(=O)N[C@@H](Cc2ccc(O)cc2)C(=O)N[C@H]2CCC[N+](C)(Cc3ccc(O)cc3)C2)s1.[I-],ASIDMQKXUIKLCY-ZIIGJBQBSA-N
CHEMBL540153,Unknown,Anti-infective,164386102.28453255,0.999996087171419,14.89057139625712,0.34226351366666663,1.0,275.35200000000003,1.4474999999999996,481.7618993761863,20,1,0.34226351366666663,1.489057139625712,Nc1ccccc1C(=O)NCC(=O)NC1CCCCC1,SZPHLAOUIWWQSU-UHFFFAOYSA-N
CHEMBL552955,Unknown,Anti-infective,164684534.96010646,0.9999962131726389,15.055399205175089,0.25002846399999995,1.0,283.78399999999993,1.9815999999999996,551.7625771483205,18,1,0.25002846399999995,1.5055399205175088,Cl.O=C1CN2Cc3c(sc4c3CCCC4)N=C2N1,XXLYIUKAFIEFHW-UHFFFAOYSA-N
CHEMBL553616,Unknown,Pain/Inflammation,138102395.5878299,0.999995822026935,12.862871339813864,0.2876683645079999,1.0,240.778,2.987220000000001,334.4594083146761,16,1,0.2876683645079999,1.2862871339813864,CC/N=C(/Cc1cccc(C)c1)NCC.Cl,XKCWRSUHFKGZGC-UHFFFAOYSA-N
CHEMBL540662,Unknown,Other,274638381.2445032,0.9999971556500207,19.962616591070198,0.6980438295,1.0,458.09400000000016,2.3673,1024.6388774348784,32,2,0.6980438295,1.9962616591070197,C=C1CC[C@]2(C)[C@@H](C)CCC[C@]2(C)[C@H]1CC/C(C)=C/Cn1c[n+](C)c2ncnc(N)c21.[Cl-],HTTYWXVKTMOEPN-MLMVQAAISA-M
CHEMBL589985,Unknown,Other,255177445.10103837,0.9999964909038959,19.46062482060276,0.33046515,0.8,487.8800000000002,6.076400000000005,993.9422800927324,30,2,0.26437212,1.946062482060276,O=S(=O)(NCCC1CCC(c2ccc(Cl)cc2Cl)N(c2ccc(Cl)cc2)C1)C1CC1,HFBYNEWDVVKUEL-UHFFFAOYSA-N
CHEMBL602107,Unknown,Pain/Inflammation,174816724.5283762,0.9999957577681914,15.306697026126198,0.1728406211999998,1.0,334.4560000000001,4.493100000000004,598.7601063032595,24,0,0.1728406211999998,1.5306697026126197,CC(C)[C@@]12C=C3CC[C@H]4[C@](C)(C(=O)O)CCC[C@]4(C)[C@]3(CC1)OO2,OOHFJWCHEFCJDC-AXDKOMKPSA-N
CHEMBL602115,Unknown,CNS/Neurology,258674673.3244826,0.9999976074384581,23.79001463035509,0.23887689268799966,1.0,440.2620000000001,4.644520000000004,1073.6453010794692,29,3,0.23887689268799966,2.3790014630355087,Cc1nc(-c2c(Cl)cc(Cl)cc2-c2cnc([C@@H](C)NC(=O)N(C)O)c(F)c2)no1,WDZNDOBQLLBTGU-MRVPVSSYSA-N
CHEMBL603312,Unknown,CNS/Neurology,234151699.4531598,0.9999974112167584,23.304889614734726,0.21761564999999994,0.8,345.377,5.050370000000003,1082.6573564463924,26,4,0.17409251999999997,2.3304889614734727,N=C(N)c1ccc2cc(-c3ccc(Oc4ccc(F)cc4)cc3)[nH]c2c1,YYNSIEASJNIEFN-UHFFFAOYSA-N
CHEMBL1089598,Unknown,Anti-infective,194744022.63170573,0.9999963557382603,16.180439055847195,0.42570620605333337,1.0,331.397,1.1916,630.9657001377556,23,1,0.42570620605333337,1.6180439055847196,C#CCOC[C@@H](NC(C)=O)C(=O)NCc1ccc(N=C=S)cc1,MVTYKCOOBXZMAH-OAHLLOKOSA-N
CHEMBL1091501,Unknown,Other,261116287.38596562,0.9999969466658077,20.728892038656504,0.25195811471999996,1.0,482.5360000000003,0.9242,1140.7412179782584,32,2,0.25195811471999996,2.0728892038656506,O=S(=O)(c1ccc2c(c1)OCCO2)N1CCN(S(=O)(=O)c2ccc3c(c2)OCCO3)CC1,URVWBJYKWNSVGT-UHFFFAOYSA-N
CHEMBL1089470,Unknown,CNS/Neurology,215671802.73558366,0.9999974240983056,22.69719694726627,0.12568500000000002,0.8,301.389,5.108000000000005,1075.5009413639934,23,4,0.10054800000000003,2.269719694726627,CCCCn1c(=O)c2ccc3ccccc3c2c2ccccc21,ZPSKISUXEAHVFQ-UHFFFAOYSA-N
CHEMBL1090597,Unknown,CNS/Neurology,229906841.26937374,0.9999978663254295,21.18193426073851,0.2920448638799997,1.0,387.30600000000027,4.778600000000003,870.18079413801,23,3,0.2920448638799997,2.118193426073851,Brc1ccc(/C=N/Nc2ncnc3sc4c(c23)CCCC4)cc1,GQXCMDHJAJBGPP-ZVBGSRNCSA-N
CHEMBL1082631,Unknown,Immunology,320231091.3099804,0.9999958203788092,29.035684872760942,0.37742925823199985,0.8,521.5700000000004,2.922320000000001,1366.4562171317043,38,2,0.3019434065855999,2.903568487276094,COC1=C[C@H]2C3=C([C@@H](ON2c2cccc(C)n2)C1=O)[C@@H](NC(C)=O)CCc1cc(OC)c(OC)c(OC)c13,IJMJTIWUHBXFOP-SORZYCEUSA-N
CHEMBL1082636,Unknown,CNS/Neurology,232486247.12754437,0.9999978571746229,21.316321774142832,0.4235777229599997,1.0,361.81,3.870800000000002,865.0970126536064,24,3,0.4235777229599997,2.131632177414283,O=C(c1ccco1)N1CSCC1c1nc(-c2cccc(Cl)c2)no1,BDHPBNDYZSJFEG-UHFFFAOYSA-N
CHEMBL1089238,Unknown,Immunology,367444171.91688967,0.99999585,33.0527525095372,0.34023887999999997,0.8,564.5750000000003,2.1672,1860.175475566388,37,3,0.27219110399999996,3.30527525095372,Nc1c(S(=O)(=O)O)cc(Nc2cccc(S(=O)(=O)/C=C/S(=O)(=O)O)c2)c2c1C(=O)c1ccccc1C2=O,MFAKEALTBQSBRB-CMDGGOBGSA-N
CHEMBL570151,Unknown,Immunology,375086082.41627425,0.9999955725555246,33.07028179801493,0.2213389800000002,0.8,706.8449999999998,2.322200000000005,1504.1358196572114,51,2,0.1770711840000002,3.307028179801493,CCCCCOC(=O)N1CCN(C(=O)[C@H](CCC(=O)O)NC(=O)c2cc(N3CCN(CC(=O)N4CCCC4)CC3)nc(-c3ccccc3)n2)CC1,YYMWYDNBNYHNJD-NDEPHWFRSA-N
CHEMBL570152,Unknown,Immunology,351381425.81949085,0.9999957833026065,31.33025049436747,0.19789487999999977,0.8,663.82,3.6424000000000047,1387.054107499186,48,2,0.15831590399999984,3.133025049436747,CCCCCOC(=O)N1CCN(C(=O)[C@H](CCC(=O)O)NC(=O)c2cc(N3CCC(N4CCCC4)CC3)nc(-c3ccccc3)n2)CC1,GLCCBGAUWUPRKN-NDEPHWFRSA-N
CHEMBL570155,Unknown,Immunology,331113174.1448357,0.9999959804496031,29.49775198444244,0.26632556999999984,0.8,610.7120000000002,2.802900000000002,1277.527998271382,44,2,0.2130604559999999,2.949775198444244,CCCCOC(=O)N1CCN(C(=O)[C@H](CCC(=O)O)NC(=O)c2cc(N3CCC(OC)CC3)nc(-c3ccccc3)n2)CC1,ZTMYBEABVWIVAC-DEOSSOPVSA-N
CHEMBL568776,Unknown,CNS/Neurology,230006562.54360756,0.999997142509296,22.341377313378807,0.26634825,0.8,362.4770000000001,5.430640000000004,931.939279970972,27,3,0.2130786,2.2341377313378805,Cc1ccc(NC(=O)Nc2cc(C(C)(C)C)nn2-c2ccc(C)cc2)cc1,FWZRHQBGQFAXCP-UHFFFAOYSA-N
CHEMBL608687,Unknown,Other,263268171.97955537,0.9999970859651965,19.911792346118506,0.5893915049999996,1.0,430.5450000000001,3.7250000000000014,1063.3526686336163,30,2,0.5893915049999996,1.9911792346118506,C#Cc1cc(CNC(=O)CCc2ccc(C(C)(C)C)cc2)cc(F)c1NS(C)(=O)=O,FVAUGZWKAVTTDW-UHFFFAOYSA-N
CHEMBL608826,Unknown,CNS/Neurology,269670391.14621764,0.9999976253670995,23.71292147245223,0.37947601223999955,1.0,453.3800000000001,4.526600000000004,1063.68494476127,29,3,0.37947601223999955,2.371292147245223,CCN(CC)CCN1C(=O)[C@@](O)(c2ccc3ccccc3c2)c2c(Br)cccc21,LUHZBXZMFRLZLL-XMMPIXPASA-N
CHEMBL609992,Unknown,CNS/Neurology,265623054.4477934,0.9999976000044947,23.452647639362176,0.5621983499999997,1.0,387.4800000000001,3.744500000000002,1077.7752807561917,27,3,0.5621983499999997,2.3452647639362176,CN1CCC[C@@H]1Cc1c[nH]c2ccc(NS(=O)(=O)c3ccccc3F)cc12,HOSRSHIDGRXHBP-MRXNPFEDSA-N
CHEMBL159633,Unknown,CNS/Neurology,354991161.80583334,0.99999693,32.70513887197858,0.1,0.8,591.6530000000002,4.895700000000004,1811.7877473168517,43,5,0.08000000000000002,3.2705138871978585,C#CCN(Cc1ccc2nc(CSc3ncccn3)nc(O)c2c1)c1ccc(C(=O)NCc2cccc([N+](=O)[O-])c2)cc1,KEONTDPDLYEZNG-UHFFFAOYSA-N
CHEMBL154789,Unknown,Anti-infective,149886227.01740417,0.9999960350523579,14.471560506225764,0.2760448564999999,1.0,243.35399999999996,1.9975,452.806865461994,18,1,0.2760448564999999,1.4471560506225765,CCC1c2ccccc2CCN1CC1=NCCN1,YCOLEDIRVVMMDC-UHFFFAOYSA-N
CHEMBL1089276,Unknown,CNS/Neurology,415980380.97413844,0.99999585,35.38774101126516,0.2232845999999999,0.8,764.8929999999995,3.562000000000002,1880.2347600071448,52,3,0.17862767999999993,3.538774101126516,CS(=O)(=O)N1CCc2c(c(-c3ccc(C(F)(F)F)c(SCCNC(=O)c4ccc(O)cc4)c3)nn2CC(O)CN2CCC(N3CCCC3=O)CC2)C1,AFLBBHCOTSQFQV-UHFFFAOYSA-N
CHEMBL4116000,Unknown,Other,258362226.56948525,0.9999971285675862,20.213903084443253,0.34871250000000004,1.0,474.6270000000002,2.1495,1039.6846743523688,33,2,0.34871250000000004,2.0213903084443254,CC[C@H](C)Nc1cc(C(=O)N[C@@H](Cc2ccccc2)[C@H](O)[C@@H]2CCCN2)cc(S(C)(=O)=O)n1,CNZLAHITQXPOEJ-VHTOSUDKSA-N
CHEMBL1090248,Unknown,Pain/Inflammation,171306734.25436735,0.9999967790946849,14.62713316853546,0.4088948408999995,1.0,273.37600000000003,4.461900000000004,566.1637137781513,20,2,0.4088948408999995,1.462713316853546,CCCCOc1c(CCCC)c(O)nc2ccccc12,GPPAZACCCLWBRL-UHFFFAOYSA-N
CHEMBL609016,Unknown,Pain/Inflammation,203115103.54695323,0.9999971641212264,16.242543480406177,0.34922036999999995,1.0,355.1770000000001,3.5230000000000024,780.067347951421,23,2,0.34922036999999995,1.6242543480406177,NC(Cc1cc(Cl)c(Cl)c(-c2cccc([N+](=O)[O-])c2)c1)C(=O)O,JQRAIGBULJUZQZ-UHFFFAOYSA-N
CHEMBL610191,Unknown,Other,179878899.53982937,0.9999961661305862,15.28005002546678,0.32522530068,1.0,331.4630000000001,0.9586,525.6281033829391,21,1,0.32522530068,1.528005002546678,CCS[C@@H]1[C@H](SCC)[C@@H](CO)O[C@H]1n1ccc(N)nc1=O,XIARVEWKVABOOV-HJQYOEGKSA-N
CHEMBL572762,Unknown,Cardiovascular,215789985.90177503,0.9999972482821246,19.589886179503864,0.2175,1.0,381.4100000000001,-0.3403000000000002,826.8234025258099,26,2,0.2175,1.9589886179503864,O=S(=O)(Nc1ccccn1)c1ccc(/N=C/[C@H](O)[C@@H](O)[C@H](O)CO)cc1,MSERKJTZPHKVII-KQAKWNKOSA-N
CHEMBL573208,Unknown,Anti-infective,214473592.99121526,0.9999969882307889,16.764690239100034,0.6364367996400001,1.0,339.4390000000001,1.8262,682.3504382560053,25,2,0.6364367996400001,1.6764690239100033,O=C(CN1CCN(Cc2ccccc2)CC1)NCc1ccccc1O,UCCVUGOGTFONCL-UHFFFAOYSA-N
CHEMBL574253,Unknown,Pain/Inflammation,179162094.36633375,0.9999968338546136,14.677201779553112,0.47813806127999997,1.0,281.356,2.3499,596.5858964269106,19,2,0.47813806127999997,1.4677201779553113,CC(=O)N(CCN(C)C)c1nc2c(F)cccc2s1,XOMLMYDMIUVZMW-UHFFFAOYSA-N
CHEMBL584384,Unknown,CNS/Neurology,230306692.1298934,0.9999977821847321,21.006363559201567,0.5180391449999999,1.0,340.81800000000004,3.3062000000000005,823.4359622582753,24,3,0.5180391449999999,2.1006363559201566,NCCNc1cc(-c2ccnc(Nc3cccc(Cl)c3)n2)ccn1,OGZKVNUWPYUXNL-UHFFFAOYSA-N
CHEMBL584972,Unknown,Anti-infective,128052263.552484,0.9999950901712626,12.810269311054025,0.31636836,1.0,213.277,1.3884999999999998,227.8729236615696,15,0,0.31636836,1.2810269311054026,CCCCCCC(=O)N[C@H]1CCOC1=O,FTMZLSDESAOPSZ-VIFPVBQESA-N
CHEMBL584397,Unknown,Immunology,310737308.34060913,0.9999962026038823,27.79558515946467,0.3174525000000001,0.8,562.715,2.203000000000001,1154.1089542654947,41,2,0.2539620000000001,2.779558515946467,CCNC(=O)NC[C@H]1CC[C@H]2CC[C@@H](C(=O)NC(c3ccccc3)c3ccccc3)N2C(=O)[C@H]1NC(=O)[C@@H](N)CC,ZOBWRGLXMKGVBQ-HOIWYFOJSA-N
CHEMBL584399,Unknown,Other,287346999.86654687,0.9999958098339213,21.813432865944428,0.28128870000000017,0.8,585.7900000000001,2.461000000000003,1072.3144881611877,42,1,0.22503096000000014,2.181343286594443,CC(C)C[C@@H]1NC(=O)[C@H](CC(C)C)NC(=O)[C@@H](Cc2ccccc2)NC(=O)[C@H](CC(C)C)NC(=O)[C@@H](C(C)C)NC1=O,GZKGGHUTCBGDES-AFTJIJFZSA-N
CHEMBL584401,Unknown,Other,287346999.86654687,0.9999958098339213,21.813432865944428,0.28128870000000017,0.8,585.7900000000002,2.461000000000003,1072.3144881611877,42,1,0.22503096000000014,2.181343286594443,CC(C)C[C@@H]1NC(=O)[C@H](Cc2ccccc2)NC(=O)[C@H](CC(C)C)NC(=O)[C@@H](C(C)C)NC(=O)[C@@H](CC(C)C)NC1=O,GZKGGHUTCBGDES-UIPNDDLNSA-N
CHEMBL584402,Unknown,Immunology,360297475.7276742,0.9999957430760468,31.750057952507017,0.26068310999999983,0.8,673.8989999999998,3.924100000000003,1409.4021962423642,49,2,0.20854648799999986,3.175005795250702,CC(C)C[C@@H]1NC(=O)[C@H](Cc2ccccc2)NC(=O)[C@@H](Cc2ccccc2)N(C)C(=O)[C@H](C(C)C)NC(=O)[C@H](CC2CCCCC2)NC1=O,LDNWHLXMRBXCGL-ALJNDBQTSA-N
CHEMBL1076814,Unknown,CNS/Neurology,228870950.21221966,0.9999978475900623,21.27670559045304,0.44759178449999987,1.0,341.39200000000005,3.675900000000001,859.7722567813229,24,3,0.44759178449999987,2.127670559045304,COc1ccc(-c2csc(N/N=C/c3ccc(O)cc3O)n2)cc1,OPHSBZIWFGRMFT-GIJQJNRQSA-N
CHEMBL1076925,Unknown,Metabolic,309891869.3627081,0.999995317395215,26.934426955683524,0.22467899999999993,0.8,556.6080000000004,3.220400000000001,1345.891547289879,40,1,0.17974319999999996,2.6934426955683524,COC(=O)C[C@H]1[C@]2(C)C[C@@]3(O)[C@]1(C)[C@H]1CC[C@]4(C)C(=C1C(=O)[C@@]3(OC)[C@H]2OC(C)=O)CC(=O)O[C@H]4c1ccoc1,DXAWUJPEJQPCGT-IQXSIFHKSA-N
CHEMBL1077125,Unknown,CNS/Neurology,307077858.5369723,0.9999968072864936,28.075029878239743,0.2985464999999999,1.0,468.51000000000016,3.5193800000000017,1518.174170205481,33,3,0.2985464999999999,2.807502987823974,CC(C)CCn1c(=O)c(C2=NS(=O)(=O)c3cc(CC#N)ccc3N2)c(O)c2cc(F)ccc21,RLLLFWUEOOAYRC-UHFFFAOYSA-N
CHEMBL161838,Unknown,Immunology,349507366.5076576,0.9999960183323374,32.008338313046664,0.21731355,0.8,602.6880000000003,2.7655000000000003,1556.4820347829632,44,3,0.17385084,3.2008338313046663,CNC(=O)[C@H](Cc1ccccc1)NC(=O)[C@H](CC(C)C)N[C@H](CCN1C(=O)c2cc3ccc(OC)cc3cc2C1=O)C(=O)O,RKPZBJWTTSNTOI-PKTNWEFCSA-N
CHEMBL1076408,Unknown,CNS/Neurology,247101730.0365562,0.9999977608429967,22.771764647462394,0.4626427904999997,1.0,364.3760000000001,4.338900000000002,988.4205574097632,27,3,0.4626427904999997,2.2771764647462396,COc1ccccc1C(=O)Nc1cccc(NC(=O)c2cccc(F)c2)c1,PXIXFRQOZKDTCC-UHFFFAOYSA-N
CHEMBL158232,Unknown,Pain/Inflammation,114926731.06862246,0.999995687682964,12.23694624977693,0.20311316666666657,1.0,189.302,2.9185000000000016,259.8238688415376,14,1,0.20311316666666657,1.223694624977693,CC1CCN(Cc2ccccc2)CC1,PWZKIZAHIAGUMK-UHFFFAOYSA-N
CHEMBL1076255,Unknown,CNS/Neurology,191544304.3687232,0.9999975292986937,18.99524152810309,0.2792317379399998,1.0,300.15900000000005,4.135900000000002,682.9437186586284,18,3,0.2792317379399998,1.899524152810309,Brc1ccc2ncnc(Nc3ccccc3)c2c1,RQFAJYPCPZEVHO-UHFFFAOYSA-N
CHEMBL610879,Unknown,CNS/Neurology,274361491.25882846,0.9999972472999937,25.731456694315177,0.31642886998799974,1.0,412.5330000000003,4.175420000000003,1273.7222257398448,31,3,0.31642886998799974,2.5731456694315176,Cc1ccc2c3c1O[C@@H]1c4[nH]c5ccccc5c4C[C@@]4(O)[C@@H](C2)N(CC2CC2)CC[C@]314,HNCUVZVXDCZORK-ORZNUPDKSA-N
CHEMBL1076286,Unknown,Immunology,358332530.5739922,0.9999953100000001,32.4794148815959,0.25801064999999984,0.8,588.6830000000002,3.6776200000000023,1711.9331293252458,40,2,0.20640851999999987,3.24794148815959,Cc1cc(CN2C(=O)C(C3=NS(=O)(=O)c4cc(NS(C)(=O)=O)ccc4N3)=C(O)[C@@H]3C4CCC(CC4)[C@@H]32)ccc1F,ULYSPASSQFVOSE-UGSPWLTQSA-N
CHEMBL1076290,Unknown,Immunology,362089111.1180573,0.9999953100000001,32.53340701810492,0.23472449999999975,0.8,609.1010000000003,4.022600000000003,1718.103659211991,40,2,0.18777959999999982,3.2533407018104916,CS(=O)(=O)Nc1ccc2c(c1)S(=O)(=O)N=C(C1=C(O)[C@@H]3C4CCC(CC4)[C@@H]3N(Cc3ccc(F)cc3Cl)C1=O)N2,HRPIWJMERIOSPC-OAKDCAPRSA-N
CHEMBL584554,Unknown,CNS/Neurology,277488796.7148058,0.9999973925692628,25.28869524381508,0.3986524017599996,1.0,428.5360000000002,4.508300000000003,1193.0170762392777,32,3,0.3986524017599996,2.5288695243815082,CCN(CC)C(=O)[C@@H]1C=C2c3cccc4[nH]cc(c34)C[C@H]2N(C(=O)Nc2ccccc2)C1,QIPWTYSOANVUKJ-WZONZLPQSA-N
CHEMBL583920,Unknown,Pain/Inflammation,196901495.53113988,0.9999971991836305,16.35635020059453,0.32433627239999974,1.0,328.8430000000002,4.288400000000003,799.5464613768984,23,2,0.32433627239999974,1.635635020059453,CC1=CC2Cc3nc4cc(Cl)ccc4c(NCCO)c3C(C1)C2,DYEVLJICQPJCQW-UHFFFAOYSA-N
CHEMBL601070,Unknown,CNS/Neurology,252213878.4127343,0.9999978314701535,22.649727345118226,0.4424765421599994,1.0,402.539,4.292700000000004,949.183248062269,28,3,0.4424765421599994,2.2649727345118227,CCCCN(CC)CCNC(=O)c1cc2c(-c3ccccc3F)nn(C)c2s1,WMLOTKXEGKCROL-UHFFFAOYSA-N
CHEMBL601272,Unknown,Immunology,349688504.2660726,0.9999957733138396,31.381581658036318,0.16685837999999978,0.8,662.8320000000001,4.247400000000004,1392.6034224904126,48,2,0.13348670399999982,3.138158165803632,CCCCCOC(=O)N1CCN(C(=O)[C@H](CCC(=O)O)NC(=O)c2cc(N3CCCC(N4CCCC4)C3)cc(-c3ccccc3)n2)CC1,ZRYINXBOWQYSAX-TXDWVUBVSA-N
CHEMBL601080,Unknown,CNS/Neurology,343056153.4864196,0.9999963900000001,31.050763233383776,0.18589622309999987,0.8,574.06,4.316900000000003,1670.3029826694772,41,4,0.1487169784799999,3.105076323338378,C[C@@H]1CN(c2cc(C(=O)Nc3ccc4c(c3)-c3c(c(C(N)=O)nn3-c3ccc(F)cc3)CC4)c(Cl)cn2)CCN1C,MDIQKDWHUZTIRP-QGZVFWFLSA-N
CHEMBL1077303,Unknown,Pain/Inflammation,176814045.44413376,0.9999969899327253,15.67715663754179,0.2111480069999998,1.0,308.42499999999995,4.387100000000003,683.2959585009484,23,2,0.2111480069999998,1.567715663754179,CN(C)c1ccc2c(c1)[C@H]1OCCC[C@H]1[C@H](c1ccccc1)N2,VXLNQNLWDHJAKM-VDGAXYAQSA-N
CHEMBL162297,Unknown,CNS/Neurology,339874416.9674709,0.9999964265555121,30.924970575932164,0.20235599999999987,0.8,566.6180000000002,3.6456000000000026,1629.6913821516623,42,4,0.1618847999999999,3.0924970575932162,C#CCN(Cc1ccc2nc(CN3CCOCC3)nc(O)c2c1)c1ccc(C(=O)NCc2cccc([N+](=O)[O-])c2)cc1,JBNHEQDMWYFYLD-UHFFFAOYSA-N
CHEMBL1091285,Unknown,Other,210314194.94831043,0.999996525115778,17.656652006814465,0.13355954999999997,0.8,412.143,7.5202000000000035,825.0643210903145,25,2,0.10684763999999998,1.7656652006814464,O=C1/C(=C/c2cccc(Cl)c2Cl)CCC/C1=C\c1cccc(Cl)c1Cl,HUNYAVDCZBRPHW-WFYKWJGLSA-N
CHEMBL1092995,Unknown,Other,239613359.13254544,0.999997214529658,18.998742595724348,0.4219098218999998,1.0,403.4160000000001,3.280100000000002,991.9279678306063,27,2,0.4219098218999998,1.8998742595724347,O=C(NN1C(=O)/C(=C\c2ccc(F)cc2)SC1=S)c1cccc([N+](=O)[O-])c1,OIBKSLFUDDTYPO-RIYZIHGNSA-N
CHEMBL533010,Unknown,CNS/Neurology,288505095.09456205,0.9999970393453925,26.445590580073375,0.2722167,0.8,471.00400000000025,5.677300000000005,1289.2525597106185,34,4,0.21777336,2.6445590580073377,O=C(/C=C/c1ccc(-c2nc3ccc(Cl)cc3[nH]2)cc1)NC1CCN(Cc2ccccc2)CC1,LJDURJDXTXJFCV-MDWZMJQESA-N
CHEMBL601082,Unknown,Pain/Inflammation,226823262.21438545,0.9999973349362581,17.479784693963065,0.4860114959999999,1.0,380.49600000000015,2.4832,874.9645878228725,28,2,0.4860114959999999,1.7479784693963065,CCN1C(N(C)C)=Nc2cc(N)ccc2C1CC(=O)NCc1ccc(N)cc1,CJXVSJOYOPIRCV-UHFFFAOYSA-N
CHEMBL603059,Unknown,CNS/Neurology,273906165.50589585,0.9999978913629818,25.277048313102085,0.37915148525333303,1.0,413.47700000000015,4.031800000000003,1215.9094545931405,31,4,0.37915148525333303,2.5277048313102086,O=C(O)CCc1ccc(Cn2cccn2)cc1C(=O)NCc1ccc2ccccc2c1,PHRWNJZNMCODSA-UHFFFAOYSA-N
CHEMBL569690,Unknown,CNS/Neurology,199861331.5669,0.9999975963450091,19.748591536201,0.3464409014999998,1.0,297.78900000000004,4.327900000000002,720.1916716530304,21,3,0.3464409014999998,1.9748591536201001,Clc1ccc(CCCNc2ncnc3ccccc23)cc1,DASIVXVGLBCVGL-UHFFFAOYSA-N
CHEMBL570178,Unknown,CNS/Neurology,251204871.65869528,0.9999975440405178,23.87609379108221,0.2438729999999999,1.0,397.4160000000001,3.629000000000001,1108.8663790471626,28,3,0.2438729999999999,2.3876093791082207,CC(=O)N1N=C(Nc2nc3ccc([N+](=O)[O-])cc3s2)CC1c1ccc(O)cc1,RYUSKHAVBCFJDB-UHFFFAOYSA-N
CHEMBL568607,Unknown,CNS/Neurology,269576419.94602984,0.999997895187778,25.26034670261867,0.27908710666666653,1.0,422.49300000000017,3.375560000000002,1213.7845677631888,31,4,0.27908710666666653,2.526034670261867,CCCNCc1nnc(Nc2nc(C)nc3c2c(C)nn3-c2ccc(OC)cc2C)o1,RDQVUXUNGQMXTP-UHFFFAOYSA-N
CHEMBL1078134,Unknown,Pain/Inflammation,204901123.05411655,0.9999961030364602,16.966700932340242,0.19585133189999995,1.0,390.4320000000002,2.1557,790.5758112401714,28,0,0.19585133189999995,1.6966700932340242,CC1(C)CCC[C@@]2(C)[C@H]1[C@H](OC(=O)/C=C/C=C/C(=O)O)C=C1COC(=O)[C@@]12O,WWELYLJKFRXUQW-BHEWPMNNSA-N
CHEMBL4116103,Unknown,Pain/Inflammation,220356791.4012815,0.9999972348187331,16.873772287414578,0.4172621249999998,1.0,392.91200000000015,3.9125000000000014,819.343740587231,26,2,0.4172621249999998,1.687377228741458,CCCN1CCc2c(sc(NC(=O)Nc3ccc(Cl)cc3)c2C(N)=O)C1,SJQDTBPLWVKPFZ-UHFFFAOYSA-N
CHEMBL608190,Unknown,Other,222724191.32258525,0.9999981174568879,19.623415978665875,0.16419899999999996,1.0,368.3490000000001,0.8509999999999998,1090.3017289237598,27,4,0.16419899999999996,1.9623415978665875,OC[C@H]1OC(n2cnc3c(-c4cc5ccccc5o4)ncnc32)[C@H](O)[C@@H]1O,FUVIYHOYZQXQIX-CAXZQUKHSA-N
CHEMBL162495,Unknown,CNS/Neurology,346681884.7311613,0.9999965184151675,31.349046185243527,0.12329036999999994,0.8,621.782,3.5860200000000013,1578.6582403246034,46,4,0.09863229599999995,3.1349046185243528,Cc1ccc(-c2cccc(C[C@H](NC[C@H](O)[C@H](Cc3ccccc3)NC(=O)[C@@H](NC(=O)c3ccccn3)C(C)C)C(N)=O)c2)cc1,GCBWBVFGRKXUJF-CUPIEXAXSA-N
CHEMBL78310,Unknown,Pain/Inflammation,171867836.37164417,0.9999971030882759,15.653112873497921,0.18508579319999977,1.0,280.758,3.913900000000005,746.1601532452496,20,2,0.18508579319999977,1.565311287349792,Clc1cccc(C2=Cc3ccccc3C3=NCCN23)c1,ONPNIDSLTDIICC-UHFFFAOYSA-N
CHEMBL4116109,Unknown,CNS/Neurology,233090865.05308646,0.9999976627867538,24.321721859263363,0.1,0.8,321.3790000000001,5.913800000000004,1242.8962479017816,25,5,0.08000000000000002,2.432172185926336,Oc1ccc2cc3nc4ccccc4c(-c4ccccc4)c3cc2c1,WRMFUZWOYCTBQL-UHFFFAOYSA-N
CHEMBL607213,Unknown,Other,219345461.86590087,0.9999964124110116,17.17280612448738,0.46563206741333313,1.0,404.5510000000003,3.5104000000000024,662.4505619360278,29,1,0.46563206741333313,1.717280612448738,COc1cc(CCC(=O)N(C)[C@@H]2CCCC[C@@H]2N2CCCC2)cc(OC)c1OC,ZLRXOWWEHKSJGC-MOPGFXCFSA-N
CHEMBL460994,Unknown,Pain/Inflammation,229961472.8120276,0.9999973427694736,17.48029150042739,0.5147607787199999,1.0,376.4340000000001,2.6676,920.6836258024044,26,2,0.5147607787199999,1.7480291500427392,CCN(CC)S(=O)(=O)c1cccc(C(=O)Nc2ccccc2C(=O)O)c1,QHHBTRNZFJQIHP-UHFFFAOYSA-N
CHEMBL1092016,Unknown,Pain/Inflammation,194805003.28918442,0.9999970848695333,15.72538202354575,0.4660698163799998,1.0,305.359,3.4147000000000016,736.0386295860372,21,2,0.4660698163799998,1.572538202354575,CN(C)c1ccc(N=Nc2ccc(S(=O)(=O)O)cc2)cc1,IETWCRRCPURZOC-UHFFFAOYSA-N
CHEMBL1086439,Unknown,CNS/Neurology,240260693.10528165,0.9999976597742736,23.01694805116242,0.3302283792599997,1.0,354.3580000000001,3.0579000000000023,1044.569848037357,26,3,0.3302283792599997,2.301694805116242,C/C(=C\Cc1c(O)cc2occ(-c3ccc(O)cc3)c(=O)c2c1O)CO,AROTXIUFXQZGLT-BIIKFXOESA-N
CHEMBL577336,Unknown,Other,199049586.98516014,0.9999947619770669,16.140582578467516,0.10528875000000001,0.8,477.7110000000002,7.626000000000008,445.5428149193207,32,0,0.08423100000000001,1.6140582578467515,CCCCCCCCCCCCCCCCCC[N+](C)(C)CCOP(=O)([O-])OCCCC,NOVHMWJNOBPEHE-UHFFFAOYSA-N
CHEMBL577349,Unknown,Immunology,342194165.6399255,0.9999958422925481,29.978894639611198,0.33163181999999986,0.8,616.7330000000002,3.2646000000000024,1354.2819177187357,43,2,0.2653054559999999,2.99788946396112,COc1ccc2c(c1)OC/C=C\CCCCN(C[C@@H](O)[C@H](Cc1ccccc1)NC(=O)O[C@H]1CO[C@H]3OCC[C@H]31)S2(=O)=O,SHDXBRHKJBXVOE-ZMHNVDSDSA-N
CHEMBL577467,Unknown,Pain/Inflammation,197411913.5343062,0.9999971757605078,16.545043341581632,0.2925063839999996,1.0,339.43500000000006,4.890200000000004,786.5336154242744,25,2,0.2925063839999996,1.6545043341581631,COc1cc(COc2ccc3c(c2)C(C)=CC(C)(C)N3)cc(OC)c1,BMRGQLLFZGCQMO-UHFFFAOYSA-N
CHEMBL610275,Unknown,Anti-infective,220473415.79976764,0.9999967830081848,18.35736243464676,0.32207128659999995,1.0,384.4760000000002,1.4609999999999996,868.3378804135561,28,1,0.32207128659999995,1.835736243464676,CC(=O)N[C@H]1CC[C@@]2(O)[C@H]3Cc4ccc(O)c5c4[C@@]2(CCN3CC2CC2)[C@H]1O5,QNVKCXXNTZQSAE-JVRYAFQOSA-N
CHEMBL1084170,Unknown,Anti-infective,154991407.63664448,0.9999960893456802,14.773670442581398,0.2310094528,1.0,266.293,1.7304000000000002,482.96982228258815,19,1,0.2310094528,1.47736704425814,C[C@@H]1C[C@H](O)CCCc2cc(O)cc(O)c2C(=O)O1,MQAGIKOTEWULFX-PSASIEDQSA-N
CHEMBL1085285,Unknown,CNS/Neurology,216037821.87329328,0.999997690406201,20.627012297156064,0.4278695249999999,1.0,320.44000000000017,3.887000000000002,772.4478894026971,24,3,0.4278695249999999,2.062701229715606,c1ccc(CN2CCC(CNc3n[nH]c4ccccc34)CC2)cc1,YAQNHPBYWUEFCO-UHFFFAOYSA-N
CHEMBL1076905,Unknown,CNS/Neurology,455914547.14962375,0.9999963900000001,39.82478502690176,0.1,0.8,835.971,4.873300000000004,2174.5057680190525,59,4,0.08000000000000002,3.9824785026901757,CC(C)[C@H](NC(=O)[C@H](C)C[C@H](O)[C@H](COc1cc(F)cc(F)c1)NC(=O)c1cc(C(=O)N[C@H](C)c2ccccc2)cc(N(C)S(C)(=O)=O)c1)C(=O)NCc1ccccc1,YSJJYNYCVZLWDI-UEYNGWECSA-N
CHEMBL610892,Unknown,Pain/Inflammation,201939298.3017253,0.9999965341756567,16.33963405824053,0.3633922494999998,1.0,355.47800000000007,3.277700000000002,730.0975870076077,26,1,0.3633922494999998,1.633963405824053,C=CCN1CC[C@]23CC(=O)CC[C@@]2(OCC)[C@H]1Cc1cccc(OC)c13,ZGOGDOMNDGHROQ-CEMLEFRQSA-N
CHEMBL609157,Unknown,CNS/Neurology,324108052.3136281,0.9999966742543628,28.914429931573608,0.2528080799999999,0.8,546.9220000000003,3.3488000000000016,1492.0809096103392,38,4,0.2022464639999999,2.891442993157361,CCN(NC(=O)c1cc(OC)no1)C(=O)NCc1ccc(-c2cc(Cl)cc(F)c2-c2nnn(C)n2)cc1F,BSTTUUBZUYRDAK-UHFFFAOYSA-N
CHEMBL1076656,Unknown,Immunology,313590223.90642244,0.9999960971283504,28.11118163064612,0.3492243407339994,0.8,548.6840000000001,4.589100000000005,1212.7064720738422,40,2,0.27937947258719953,2.811118163064612,CC(Cc1ccc2c(c1)OCO2)CN1C[C@H]2CCCC[C@H]2[C@H](C(=O)N2CCN(c3ccc([N+](=O)[O-])cc3)CC2)C1,MQUYWWKLAOXOOD-HJQQVZQISA-N
CHEMBL154818,Unknown,Pain/Inflammation,194620124.48645362,0.9999963565363721,15.873975369003686,0.26048843053333326,1.0,380.4890000000001,3.191320000000001,631.4090955662969,27,1,0.26048843053333326,1.5873975369003686,CCCC[C@H](NC(=O)OC(C(C)C)C(C)C)C(=O)C(=O)Nc1cc(C)[nH]n1,VIFOYOOWJOFKQM-AWEZNQCLSA-N
CHEMBL589825,Unknown,Pain/Inflammation,194473564.6480217,0.9999969179338013,15.443460129866187,0.3676844807999997,1.0,355.24,4.362000000000003,643.2965562458172,23,2,0.3676844807999997,1.5443460129866187,O=C(Nc1ccccc1F)c1ccc(N(CCCl)CCCl)cc1,DBHPUQBVYOYNRL-UHFFFAOYSA-N
CHEMBL591201,Unknown,Anti-infective,159528721.2339334,0.9999962744310168,15.385480305422156,0.19607249550000005,1.0,263.253,0.6335000000000002,585.7950093146484,19,1,0.19607249550000005,1.5385480305422157,COC(=O)NCCc1n[nH]c2c1C(=O)C=C(C)C2=O,LTOUTZOZVKZEER-UHFFFAOYSA-N
CHEMBL1091763,Unknown,Other,259260323.2309278,0.9999972600427204,19.87650765199303,0.44588072400000006,1.0,473.5220000000002,2.4304,966.642933133288,34,2,0.44588072400000006,1.987650765199303,COCO[C@H]([C@@H]1OC(C)(C)O[C@H]1CO)[C@H](CNC(=O)c1ccccc1)c1ccc2c(c1)OCO2,CLZGVQMOEWULAZ-HGSOSGBHSA-N
CHEMBL1209153,Unknown,Other,260400299.42862633,0.9999965182803208,20.106448797117615,0.3777583500000001,0.8,490.5700000000005,7.2834000000000065,978.7331551285354,35,2,0.30220668000000006,2.0106448797117613,O=C(Nc1cccc(C(F)(F)F)c1)O/N=C(\C1CCCCC1)C(Cn1ccnc1)C1CCCCC1,RWULXYMVZBULMY-FEZSWGLMSA-N
CHEMBL1076906,Unknown,CNS/Neurology,455914547.14962375,0.9999963900000001,39.82478502690176,0.1,0.8,835.971,4.873300000000004,2174.5057680190525,59,4,0.08000000000000002,3.9824785026901757,CC(C)[C@H](NC(=O)[C@@H](C)C[C@H](O)[C@H](COc1cc(F)cc(F)c1)NC(=O)c1cc(C(=O)N[C@H](C)c2ccccc2)cc(N(C)S(C)(=O)=O)c1)C(=O)NCc1ccccc1,YSJJYNYCVZLWDI-DEMBXUMDSA-N
CHEMBL1076712,Unknown,Anti-infective,161038380.4498153,0.9999960553146598,14.414772644537964,0.46447350716666647,1.0,239.271,1.6208999999999998,464.06369992101946,17,1,0.46447350716666647,1.4414772644537963,CCC(C)C(=O)c1c[nH]c(OC)c(OC)c1=O,FSOQXWGMTKOLCP-UHFFFAOYSA-N
CHEMBL1078817,Unknown,Other,198390194.54600295,0.9999952520846531,14.506948843510886,0.12074999999999998,0.8,503.21,-4.211299999999994,417.8248072518145,20,1,0.09659999999999999,1.4506948843510885,C[N+](C)(C)CCN[N+]1(C)CCCc2ccccc21.[I-].[I-],NMYMMZMFXBMVLK-UHFFFAOYSA-L
CHEMBL532261,Unknown,CNS/Neurology,259926774.86443192,0.9999978193833639,25.00529764780201,0.2943612004106662,1.0,371.4400000000001,4.581520000000004,1255.8981312242202,28,4,0.2943612004106662,2.500529764780201,COc1ccc2c(=NN=Cc3ccc(OC)c4ccccc34)cc(C)[nH]c2c1,QNEJPRMHDIKCQZ-UHFFFAOYSA-N
CHEMBL1084953,Unknown,Pain/Inflammation,139878347.64295197,0.9999959024636362,13.448125390698312,0.1689624999999997,1.0,261.453,4.603500000000005,379.1464645198251,19,1,0.1689624999999997,1.3448125390698311,CN(C)CCCC(C)(C)c1ccc(C(C)(C)C)cc1,ZRTRUGYLYVVKRW-UHFFFAOYSA-N
CHEMBL549249,Unknown,CNS/Neurology,278546376.83087015,0.9999966193470681,25.716227998291803,0.32545395,0.8,439.6030000000002,6.043800000000006,1222.5849621919554,33,3,0.26036316,2.5716227998291803,O=C1Nc2cccc3c2C1(CCCCCN1CC=C(c2c[nH]c4ccccc24)CC1)CCC3,YITRFDKXVGYFEH-UHFFFAOYSA-N
CHEMBL591912,Unknown,CNS/Neurology,253877367.30302018,0.9999977632017981,23.29945887501133,0.3170145437999995,1.0,424.9720000000001,4.741500000000005,987.1101121809396,30,3,0.3170145437999995,2.329945887501133,COc1ccc2cc([C@H](O)[C@H](C)N3CCN(Cc4ccccc4)CC3)ccc2c1Cl,ZCAQYJBALMKXDC-AVRWGWEMSA-N
CHEMBL590250,Unknown,Anti-infective,172879709.18393102,0.9999960231753594,14.554940771063697,0.5825753105479999,1.0,260.337,1.83378,446.2085329518815,19,1,0.5825753105479999,1.4554940771063696,CC(C)N(CCO)CCC(=O)c1ccc(C#N)cc1,XPAYSNVEQQMHCB-UHFFFAOYSA-N
CHEMBL590259,Unknown,Immunology,331128044.08588314,0.9999959407097371,29.902676671244013,0.1764625499999999,0.8,623.7510000000001,3.655500000000002,1299.6057016545117,45,2,0.14117003999999994,2.9902676671244013,CCCCCOC(=O)N1CCN(C(=O)C(CCC(=O)O)NC(=O)c2cc(N3CCC(COC)C3)cc(-c3ccccc3)n2)CC1,CWDIMLKYILDHMH-UHFFFAOYSA-N
CHEMBL555862,Unknown,Other,186783404.7640255,0.9999954967030641,15.4584607240932,0.1929273333333333,1.0,409.9800000000001,1.4915999999999994,453.7239244592382,26,0,0.1929273333333333,1.54584607240932,Cl.NCCCC[C@@H](NC(=O)C1CCCCCCC(CS)C(=O)N1)C(=O)O,UWCHZBLBKKUVFU-YLIRPONSSA-N
CHEMBL553689,Unknown,Pain/Inflammation,174410725.32037684,0.9999969800397467,15.136263704301443,0.41676445403999995,1.0,252.273,2.8516200000000005,677.7998592306848,19,2,0.41676445403999995,1.5136263704301443,Cc1ccc2c(c1)/C(=N/O)C(=O)N2c1ccccc1,PNLHUNUUQFPDCB-PEZBUJJGSA-N
CHEMBL261102,Unknown,CNS/Neurology,330123186.14219266,0.9999966099815768,29.421752027619384,0.3615042425903996,0.8,527.6440000000002,4.360240000000004,1527.7880129040022,39,4,0.2892033940723197,2.9421752027619386,Cc1cccc(N2CCN(CCCC(=O)NCc3nc4cc(F)ccc4c(=O)n3-c3ccccc3)CC2)c1C,JLBUARJMJJDHRK-UHFFFAOYSA-N
CHEMBL33423,Unknown,CNS/Neurology,290682328.6985669,0.9999966720352308,25.482643810407964,0.2947237682399995,0.8,510.8050000000004,4.400500000000005,1193.3137607027522,33,3,0.23577901459199962,2.5482643810407963,CC(=O)c1c(-c2ccc(Cl)cc2)c(-c2ccc(Cl)cc2)nn(CCOC(=O)CCN)c1=O.Cl,BOODMZDEYVHUHY-UHFFFAOYSA-N
CHEMBL609524,Unknown,Cardiovascular,213884207.0438589,0.9999973145960875,19.530191842594274,0.1725,1.0,378.303,-0.7722100000000003,863.6644930490135,24,2,0.1725,1.9530191842594273,Cn1cnc2c(ncn2C2O[C@H](COP(=O)(O)O)[C@@H](O)[C@H]2O)c1=S,HCARGLJVVIPUHU-NCYAXNGYSA-N
CHEMBL1091391,Unknown,CNS/Neurology,259317539.96935827,0.9999978406261413,22.787307592614276,0.44364738239999935,1.0,431.96000000000015,4.912000000000004,944.0965881930588,29,3,0.44364738239999935,2.2787307592614274,NC(CO)(CO)CCc1ccc(-c2ccc(Sc3ccc(Cl)cc3)cc2F)cc1,ROTMQVKHHRIZRI-UHFFFAOYSA-N
CHEMBL1091854,Unknown,Metabolic,305396831.86422175,0.9999971881712039,25.857389547621423,0.48142024026,1.0,493.56000000000046,2.6773000000000007,1306.5715534042745,36,3,0.48142024026,2.5857389547621423,COc1ccc2c(c1)c(/C=C1\Oc3cc(O)cc(O)c3C1=O)cn2CCCN1CCN(CCO)CC1,XZLMDULFAHJEDT-MXAYSNPKSA-N
CHEMBL610050,Unknown,Cardiovascular,213372753.01553273,0.9999978626559929,19.87622557263735,0.2025,1.0,361.3620000000001,-1.1845,868.1422182737878,26,3,0.2025,1.987622557263735,OC[C@H]1OC(n2cnc3c(NCCc4c[nH]cn4)ncnc32)[C@H](O)[C@@H]1O,FSHTYAMZKGATIU-FJFSNTMWSA-N
CHEMBL610765,Unknown,CNS/Neurology,181117769.19390622,0.9999975509039214,19.080222090619543,0.26651153699999985,1.0,254.31,4.2665000000000015,694.9466229688621,18,3,0.26651153699999985,1.9080222090619543,O=C(O)c1ccccc1-c1cc2ccccc2s1,YAZHSSSQPLDAAX-UHFFFAOYSA-N
CHEMBL1075841,Unknown,Immunology,367678898.9840361,0.9999963900000001,33.5529927382874,0.21650013000000004,0.8,630.6580000000002,2.590699999999999,1677.0403000862902,46,4,0.17320010400000005,3.35529927382874,CC(C)(C)OC(=O)n1cnc(C[C@H](NC(=O)[C@H](Cc2ccccc2)NC(=O)CNC(=O)c2coc(-c3ccccc3)n2)C(=O)O)c1,GFMNJNBHPXDZNG-ZEQRLZLVSA-N
CHEMBL556060,Unknown,CNS/Neurology,271983794.444486,0.9999971906400461,25.385183797115495,0.2079756,0.8,452.04600000000016,6.654060000000008,1205.1999743832698,32,4,0.16638048000000003,2.5385183797115496,CCCCN(CCCC)Cc1c(C)nc2n(-c3c(C)cc(C)cc3Cl)c3ncccc3n12,QVRMPSNMXGPZHS-UHFFFAOYSA-N
CHEMBL1209059,Unknown,CNS/Neurology,250996417.91017994,0.999996995225942,23.145702647481066,0.26867295,0.8,422.2680000000002,5.962420000000004,1013.7633655574303,28,3,0.21493836000000002,2.314570264748107,Cc1cc(OCc2c(-c3c(Cl)cccc3Cl)noc2C(C)C)ncc1[N+](=O)[O-],GCUIBYDUKQGFPK-UHFFFAOYSA-N
CHEMBL568973,Unknown,CNS/Neurology,236303497.0923326,0.9999973421033662,23.5951658622911,0.23353049999999997,0.8,337.382,5.397280000000003,1121.0536854882407,26,4,0.1868244,2.35951658622911,N#Cc1cncc(/C=C/c2ccccc2)c1Oc1ccc2[nH]ccc2c1,IMMBFBPNPIRCBR-VOTSOKGWSA-N
CHEMBL4116084,Unknown,CNS/Neurology,282286865.4510227,0.9999977965246784,26.279523103645392,0.22237094599999954,1.0,464.6540000000004,4.792500000000005,1268.5974009509196,34,4,0.22237094599999954,2.627952310364539,CCN(CC)CCNc1c2ccccc2[n+](C)c2c1oc1ccc(OCCC[N+](C)(C)C)cc12,NHVKJHNFIRJYDA-UHFFFAOYSA-O
CHEMBL569907,Unknown,Anti-infective,194335740.46072698,0.9999973020334707,17.42578009505838,0.29333643847199997,1.0,296.3300000000001,0.3498799999999996,856.6852614849803,22,2,0.29333643847199997,1.7425780095058379,N#Cc1c2n(c(=O)n(-c3ccccc3)/c1=N\CCO)CCC2,PEJOLPAPHXVPPB-SDXDJHTJSA-N
CHEMBL1076357,Unknown,CNS/Neurology,295587467.55152357,0.9999976566999118,27.10485039720598,0.24364059999999993,1.0,486.4540000000002,3.899400000000001,1346.2778268155523,35,4,0.24364059999999993,2.7104850397205977,COc1ccccc1CNC(=O)c1cc(C(F)(F)F)nn1-c1cccc(-c2noc([C@H](C)N)n2)c1,VVKWJYOJWNFLGY-ZDUSSCGKSA-N
CHEMBL158670,Unknown,Anti-infective,96035473.99639225,0.99999495,11.693895516483622,0.15493795480000003,1.0,162.185,0.4503,107.00820116821994,11,0,0.15493795480000003,1.1693895516483621,COC1CC[C@@H]([C@H](C)O)OO1,CKMHGCHTOSNQKN-WABBHOIFSA-N
CHEMBL611047,Unknown,Anti-infective,139017650.30114523,0.999996026366152,14.198290934061447,0.21821831266666666,1.0,217.268,1.5630000000000002,447.9811955278355,16,1,0.21821831266666666,1.4198290934061446,C#CC1c2cc(O)c(OC)cc2CCN1C,JQQBLCREULHWLC-UHFFFAOYSA-N
CHEMBL1077257,Unknown,Other,229876290.80139372,0.9999952491819434,17.24794741110917,0.1970848584,0.8,510.17900000000026,1.6796,716.2121907258532,27,0,0.15766788672,1.724794741110917,CC[C@H](C)[C@@H](NC1=C(Br)C(=O)C(N[C@@H](C)C(=O)OC)=C(Br)C1=O)C(=O)OC,XVTYIBHYWWGOOY-DKCNOQQISA-N
CHEMBL156901,Unknown,Anti-infective,150790021.3620848,0.9999958107519773,13.619943926044211,0.4562468144266666,1.0,239.315,1.4328999999999998,328.1955429135403,17,1,0.4562468144266666,1.3619943926044211,COc1ccccc1OCC(O)CNC(C)C,LFTFGCDECFPSQD-UHFFFAOYSA-N
CHEMBL595793,Unknown,Pain/Inflammation,187518364.44314754,0.9999970873261459,15.603199461969872,0.49604726519999987,1.0,267.263,2.601000000000001,737.4034143806796,20,2,0.49604726519999987,1.5603199461969872,O=C1Nc2ccccc2/C1=N/N=C/c1ccccc1F,UWJOKOSIZJNUJI-RQZCQDPDSA-N
CHEMBL569926,Unknown,Other,199049586.98516026,0.9999947619770669,16.14058257846752,0.10528875000000001,0.8,477.71100000000047,7.626000000000009,445.5428149193208,32,0,0.08423100000000001,1.614058257846752,CCCCCCCCCCCCCCOP(=O)([O-])OCC[N+](C)(C)CCCCCCCC,WOGOTDVDKZZNLM-UHFFFAOYSA-N
CHEMBL578823,Unknown,Anti-infective,208107395.05230972,0.9999973473222135,17.57925861219828,0.4997088512639999,1.0,292.3420000000001,1.54358,881.8456741308659,22,2,0.4997088512639999,1.757925861219828,C=CC/N=c1/c(C#N)c2n(c(=O)n1-c1ccccc1)CCC2,CJZPXJAEELQJCH-MNDPQUGUSA-N
CHEMBL581077,Unknown,CNS/Neurology,259183000.36882833,0.9999982369608433,23.04219909656346,0.37208393063333317,1.0,429.3220000000001,3.802100000000001,1023.9106425936302,27,4,0.37208393063333317,2.304219909656346,COc1cc(CNCCCNc2nc3ncccc3[nH]2)c2[nH]cc(Br)c2c1,NTTWATCHDBYZFE-UHFFFAOYSA-N
CHEMBL1091683,Unknown,Anti-infective,167943082.8764355,0.9999961635021264,15.145007087986514,0.28370230686000003,1.0,293.348,0.5341000000000001,524.1678479977523,20,1,0.28370230686000003,1.5145007087986513,CC(=O)N[C@H](CO)C(=O)NCc1ccc(N=C=S)cc1,RTDHMSQIVRLNHO-GFCCVEGCSA-N
CHEMBL605173,Unknown,Cardiovascular,187489771.60470676,0.9999969545791558,18.01962666048795,0.2025,1.0,323.353,-0.3502000000000005,663.6550865466301,23,2,0.2025,1.801962666048795,CCCCNc1ncnc2c1cnn2C1O[C@H](CO)[C@@H](O)[C@H]1O,BCHWIDRHPBDXBA-POGOCJABSA-N
CHEMBL1090695,Unknown,Other,263993677.2889674,0.9999972948978909,19.5994050144851,0.5720544129599996,1.0,468.6190000000003,3.917100000000003,947.2789495466316,33,2,0.5720544129599996,1.95994050144851,CCOC(=O)C1=C(O)CC(c2ccccc2)N(C(O)CN2CCSCC2)C1c1ccccc1,YYNBDMKKPFKBPI-UHFFFAOYSA-N
CHEMBL534251,Unknown,Other,262433174.71312976,0.9999971789771066,20.47941981962258,0.35027810999999953,1.0,493.6480000000004,4.348600000000004,1011.679385238615,36,2,0.35027810999999953,2.047941981962258,COc1ccc(-c2cc(C(=O)N[C@@H](CC3CCCCC3)C(=O)NCCN3CCCC3)ccc2O)cc1,QNARLBYVRFFRHW-SANMLTNESA-N
CHEMBL1076341,Unknown,Immunology,366983052.4251174,0.9999953100000001,33.0832223972426,0.24578099999999992,0.8,610.6360000000004,3.858800000000002,1754.1245273466784,41,2,0.19662479999999993,3.30832223972426,CS(=O)(=O)Nc1ccc2c(c1)S(=O)(=O)N=C(C1=C(O)[C@@H]3[C@@H]4CC[C@@H](C4)[C@@H]3N(Cc3cccc(C(F)(F)F)c3)C1=O)N2,WNXHPKPWYIJUEI-ZUVUYASXSA-N
CHEMBL1077282,Unknown,CNS/Neurology,226019757.654441,0.9999979165177999,21.735490832859487,0.32171706227999963,1.0,347.34000000000003,4.987300000000003,898.0654443812651,25,3,0.32171706227999963,2.1735490832859488,CCCC(=O)Nc1n[nH]c2cc(-c3ccc(C(F)(F)F)cc3)ccc12,HDHMULFUGUOVIM-UHFFFAOYSA-N
CHEMBL600373,Unknown,Other,270871348.5344426,0.9999961329459994,21.55145250242393,0.34314975,0.8,475.5850000000003,6.104900000000006,1192.8077781368786,35,2,0.2745198,2.155145250242393,COc1ccc(C2C3=C(O)CC(c4ccccc4)CC3=NC(C)=C2C(=O)OCC(C)C)cc1OC,WRVWMYCOZDLSHX-UHFFFAOYSA-N
CHEMBL563301,Unknown,Other,204918345.44596824,0.9999971805001585,17.292833879281318,0.381284064,1.0,335.29100000000005,1.8856,789.1667547227935,24,2,0.381284064,1.7292833879281317,COC(=O)CCc1nc(C2CC(c3ccc(O)c(F)c3)=NO2)no1,QVOODYQAHMMUQF-UHFFFAOYSA-N
CHEMBL562953,Unknown,CNS/Neurology,270091634.3093892,0.9999974841730364,24.6971110748948,0.29403241425599985,1.0,445.3630000000001,4.062520000000002,1142.1260909535365,31,3,0.29403241425599985,2.4697111074894798,Cc1ccc2c(c1)nc1n2C[C@H](N)[C@@H](c2cc(F)c(F)cc2F)C1.O=C(O)C(F)(F)F,PQGKRUNQFUMZQM-BTAXJDQBSA-N
CHEMBL577321,Unknown,CNS/Neurology,194534728.4992135,0.9999976572389874,19.82895594930967,0.2883182702399998,1.0,281.74600000000004,4.334200000000003,754.0216596263433,20,3,0.2883182702399998,1.982895594930967,Clc1ccc2c(N/N=C/c3ccccc3)ccnc2c1,NWLRNZBSRSGYDK-YBFXNURJSA-N
CHEMBL576493,Unknown,Anti-infective,181653451.0680377,0.9999969952290908,16.117430302574537,0.40066866432,1.0,270.336,1.7047999999999996,686.238383762423,20,2,0.40066866432,1.6117430302574536,CC(=O)/N=C1\NCCC(c2cn(C)c3ccccc23)N1,VCUFDBIRNUBVLL-UHFFFAOYSA-N
CHEMBL578483,Unknown,Other,272159178.71100014,0.9999970443296491,20.06214293408764,0.6563381568000001,1.0,443.5980000000002,2.4460000000000006,1086.4835283211753,30,2,0.6563381568000001,2.006214293408764,CCN1CCN(c2nc3ccccn3c(=O)c2/C=C2\SC(=S)N(C(C)C)C2=O)CC1,MKAZVHXVFNDIMU-SSZFMOIBSA-N
CHEMBL591228,Unknown,CNS/Neurology,208448917.11329934,0.999998404227804,21.278947857486763,0.24380383925333324,1.0,292.367,4.291520000000001,930.9845533728324,21,4,0.24380383925333324,2.1278947857486763,Cc1nc2ccc3cnc(Nc4ccccc4)nc3c2s1,DZTKJPVNRWPJLO-UHFFFAOYSA-N
CHEMBL589736,Unknown,Other,232485211.9770396,0.9999967938820907,19.016536894668207,0.32238477683999966,1.0,413.4700000000002,4.237300000000003,925.6210607181852,30,1,0.32238477683999966,1.9016536894668206,C=CCOC(=O)C1=C(C)N=C(C)/C(=C(\O)OCC=C)C1c1ccc(OC)c(OC)c1,AIMGUYPTZIWYHL-QOCHGBHMSA-N
CHEMBL1089152,Unknown,CNS/Neurology,249035564.24733326,0.9999979497229828,24.067163472063566,0.33011670047999986,1.0,345.35800000000006,3.337200000000001,1183.4872317544396,26,4,0.33011670047999986,2.4067163472063564,COc1cccc2c(=O)c3cccc(C(=O)Nc4ccccn4)c3[nH]c12,CCCLPBXTXWVQIT-UHFFFAOYSA-N
CHEMBL605451,Unknown,Metabolic,287226408.15669864,0.9999977945836818,25.568864227299322,0.24774166666666664,1.0,490.5640000000002,1.7469999999999994,1269.6757323912177,36,4,0.24774166666666664,2.5568864227299324,OC[C@H]1OC(n2cnc3c(NCCc4ccccc4)nc(NCCc4ccccc4)nc32)[C@H](O)[C@@H]1O,ZQMZXBHWVOHWIF-ODZZBHCRSA-N
CHEMBL1078833,Unknown,Cardiovascular,174680433.050602,0.9999947840233194,16.76213279892833,0.1,0.8,360.4840000000001,-1.3195299999999968,457.7907329806938,24,0,0.08000000000000002,1.676213279892833,CC(C)C[C@H](NC(=O)CS)C(=O)N[C@@H](CCCNC(=N)N)C(N)=O,WQYGFSLSGTWCQM-UWVGGRQHSA-N
CHEMBL1077360,Unknown,Other,287300643.4581738,0.9999957401996036,22.08810156374266,0.24784109305199958,0.8,581.802,4.853940000000004,1111.0002202454457,42,1,0.1982728744415997,2.208810156374266,CCCC[C@H]1CN(CC2CCOCC2)C(=O)OC12CCN(C1(C)C[C@H]3CN(C(=O)c4c(C)ncnc4C)C[C@H]3C1)CC2,FKZHYKLECQCSAZ-MQFZPSJKSA-N
CHEMBL1075834,Unknown,Pain/Inflammation,227781088.55737332,0.9999973440189832,17.236863118905845,0.6195060817199999,1.0,351.3580000000001,3.057300000000001,880.0105461830983,26,2,0.6195060817199999,1.7236863118905845,C#CCOc1ccc(/C=C/C(=O)Nc2ccccc2C(=O)O)cc1OC,UIWZIDIJCUEOMT-PKNBQFBNSA-N
CHEMBL574932,Unknown,Pain/Inflammation,127764912.512303,0.9999958536296923,12.959610891473226,0.2033082333333333,1.0,213.32399999999996,2.914100000000001,352.016495730168,16,1,0.2033082333333333,1.2959610891473226,C(#Cc1ccccc1)CCN1CCCCC1,PBQQXALDAWSWMT-UHFFFAOYSA-N
CHEMBL157834,Unknown,CNS/Neurology,365280629.17652816,0.9999964630884612,32.48455769387273,0.1,0.8,683.8059999999999,4.752200000000003,1609.3952993191924,50,4,0.08000000000000002,3.248455769387273,COc1ccc(COC(=O)NC(C(=O)N[C@@H](Cc2ccccc2)C[C@H](O)[C@H](Cc2ccccc2)NC(=O)OCc2cccnc2)C(C)C)cn1,NGQKDHYHLZRDDS-OKCSSABNSA-N
CHEMBL585178,Unknown,Pain/Inflammation,212164307.04136875,0.9999971754891355,16.27944181866315,0.514299051,1.0,347.827,3.3645000000000005,786.3828530018236,23,2,0.514299051,1.6279441818663152,CC1=C(C(=O)Nc2ccccc2Cl)C(c2ccco2)NC(=S)N1,UHLNRIOBYGLKHX-UHFFFAOYSA-N
CHEMBL584341,Unknown,Cardiovascular,203319989.5282707,0.9999965545274913,18.99793084098102,0.16916666666666666,1.0,368.43400000000014,-1.146979999999998,741.404161757723,26,1,0.16916666666666666,1.899793084098102,Cc1cn(C[C@H]2C[C@H](NC(=O)C(N)CC(C)C)[C@@H](CO)O2)c(=O)[nH]c1=O,ARYNKGQECODZEH-NIWMIYJQSA-N
CHEMBL591437,Unknown,Pain/Inflammation,185317303.91545835,0.9999969175310433,15.442152844467683,0.3198199787999995,1.0,328.48100000000005,4.699720000000005,643.0728017916449,23,2,0.3198199787999995,1.5442152844467683,CCCCN(Cc1cccc(C)c1O)C(=S)Nc1ccccc1,MSQALUIPMRXAFL-UHFFFAOYSA-N
CHEMBL592890,Unknown,Anti-infective,235888002.99919337,0.9999978232477716,19.05169548500591,0.4337477933400001,1.0,391.431,1.9096999999999995,953.7512379854128,29,3,0.4337477933400001,1.905169548500591,COc1ccc(C(=O)N[C@@H](Cc2c[nH]cn2)C(=O)N/N=C/c2ccccc2)cc1,WNHZDTLNANKVCV-OGBFJMLUSA-N
CHEMBL1084615,Unknown,Pain/Inflammation,211332626.3961019,0.9999969343223407,15.748632721002833,0.6709585881599999,1.0,339.439,3.1896000000000013,652.4013003794247,25,2,0.6709585881599999,1.5748632721002833,O=C(CCCCN1CCOCC1)Nc1ccc(-c2cccnc2)cc1,XCHIZTUBUXZESJ-UHFFFAOYSA-N
CHEMBL1077095,Unknown,Other,232510556.59583807,0.9999963921829386,19.664677803742176,0.24109082999999998,0.8,398.3790000000001,1.3822999999999994,1048.7872563941355,29,2,0.192872664,1.9664677803742177,CC1=C(C(=O)Nc2cccc([N+](=O)[O-])c2)C(c2ccc(O)cc2O)NC(NN)=N1,OGASXTFKHUDJSL-UHFFFAOYSA-N
CHEMBL1082252,Unknown,Pain/Inflammation,181766792.6127252,0.9999972092038341,16.255631232106442,0.21025104551999974,1.0,294.398,4.227600000000003,805.113241088256,22,2,0.21025104551999974,1.6255631232106442,CC[C@@]12C=Cn3c4c(c5ccccc53)CC[N+]([O-])(CCC1)[C@H]42,ZEQJZDNETKHVAA-QSJYAPKHSA-N
CHEMBL611662,Unknown,Pain/Inflammation,238644079.03753775,0.9999977800443843,17.821852422136583,0.6803464168799999,1.0,351.40600000000006,2.924200000000001,977.7531198223194,26,3,0.6803464168799999,1.7821852422136584,CCCCNC(=O)c1nn(-c2ccc(OC)cc2)c(=O)c2ccccc12,SPQOSCRGWNSFGO-UHFFFAOYSA-N
CHEMBL612129,Unknown,Pain/Inflammation,154567644.87202114,0.9999958871066521,13.174691788292883,0.45028596564,1.0,255.391,2.2169,370.6148067103703,17,1,0.45028596564,1.3174691788292883,CCN(CC)c1nc(S)nc(NC(C)(C)C)n1,KRFDMAVFWPYSDG-UHFFFAOYSA-N
CHEMBL534280,Unknown,CNS/Neurology,227180835.02652153,0.9999971635643182,21.551386295356394,0.19773585,0.8,384.1510000000001,5.101700000000002,920.242045441246,23,3,0.15818868,2.1551386295356396,O=c1c(Br)c(C(F)(F)F)[nH]c2ccc(Oc3ccccc3)cc12,QWHRFEGNVCBEOD-UHFFFAOYSA-N
CHEMBL610179,Unknown,Pain/Inflammation,210976728.33247262,0.9999973395912742,17.352042671992464,0.34257750000000003,1.0,342.2630000000001,2.0677,922.4492921250468,25,2,0.34257750000000003,1.7352042671992465,O=C(O)CN1C(=O)c2ccc(Oc3cccc([N+](=O)[O-])c3)cc2C1=O,XMGPSFDLTPNHOU-UHFFFAOYSA-N
CHEMBL1084042,Unknown,Pain/Inflammation,221572717.5026114,0.9999972742216116,16.734869606461523,0.5881402649999997,1.0,349.4310000000001,3.026600000000002,841.2342286012771,24,2,0.5881402649999997,1.6734869606461522,CNCCC(C)N1c2ccccc2N(c2ccccc2F)S1(=O)=O,OIHGHECQZMOUEI-UHFFFAOYSA-N
CHEMBL584773,Unknown,CNS/Neurology,194234883.9775868,0.9999976302627319,19.556708836302263,0.19570068825599982,1.0,313.19800000000004,4.804220000000003,739.0348510227261,19,3,0.19570068825599982,1.9556708836302263,Cc1ccc(/C=C/c2nc3cc(Br)ccc3[nH]2)cc1,HBFUZKJGDYSNIQ-RMKNXTFCSA-N
CHEMBL600867,Unknown,CNS/Neurology,255201689.3505786,0.9999968988923708,23.7407628061323,0.33798195,0.8,400.5070000000001,5.088020000000005,1067.282016296162,29,3,0.27038555999999997,2.37407628061323,Cc1cc(C)nc(N/C=C(\C#N)C(=O)c2cccc(CSc3ccccc3)c2)n1,FTWQHCULAXXMTB-XSFVSMFZSA-N
CHEMBL568755,Unknown,CNS/Neurology,234299510.94700098,0.999997783364272,22.49787005783393,0.3386652479999995,1.0,349.47800000000007,4.482400000000005,975.9087378087208,26,3,0.3386652479999995,2.249787005783393,Cn1ccnc1CCn1cc(C(=O)C2C(C)(C)C2(C)C)c2ccccc21,BYPMRDDODQUEJN-UHFFFAOYSA-N
CHEMBL1076587,Unknown,CNS/Neurology,229464838.4499959,0.9999978781784243,21.92425656528315,0.3971333419199997,1.0,333.3660000000001,4.298200000000002,923.2342087044208,25,3,0.3971333419199997,2.1924256565283153,O=C(Nc1ccc(-c2ccncc2)c(-c2cccc(F)c2)n1)C1CC1,XTKWYENKGIRGAI-UHFFFAOYSA-N
CHEMBL1083884,Unknown,Anti-infective,183068686.81857097,0.9999954122968349,15.918380500608576,0.14634122999999996,0.8,387.47300000000007,1.1677,506.8315748989879,27,1,0.11707298399999998,1.5918380500608575,CC(=O)O.OCCOCCCCCCNC[C@H](O)c1ccc(O)c(CO)c1,CVXARJMJYXZVSG-LMOVPXPDSA-N
CHEMBL160341,Unknown,Anti-infective,125071427.5333017,0.9999958821442975,13.378397377990048,0.23348855006399996,1.0,183.207,0.54572,367.8579430070881,13,1,0.23348855006399996,1.3378397377990048,COCc1c(O)c(=O)cc(C)n1C,MUWFNDJYVFXETN-UHFFFAOYSA-N
CHEMBL1077381,Unknown,Pain/Inflammation,183816289.65966877,0.9999977151330763,15.748910952126097,0.3724509146400001,1.0,271.711,2.454320000000001,786.1850423929408,19,3,0.3724509146400001,1.5748910952126098,Cc1ncn2c1Cn1ncnc1-c1cc(Cl)ccc1-2,FVIWEOUHYRAQKY-UHFFFAOYSA-N
CHEMBL601490,Unknown,CNS/Neurology,215380264.1481208,0.9999977300479244,20.120191697338978,0.31873773455999993,1.0,350.603,4.494900000000001,794.4710690748586,20,3,0.31873773455999993,2.0120191697338976,Oc1ccc(Cl)cc1Nc1ncnc2ccc(Br)cc12,OJIHBKDQWIXZKW-UHFFFAOYSA-N
CHEMBL600052,Unknown,CNS/Neurology,298718956.8685309,0.9999966339065705,26.423159994949923,0.33664730300999973,0.8,514.5040000000002,3.9379000000000026,1214.496349750599,37,3,0.2693178424079998,2.6423159994949925,O=C(NCC(O)c1ccccc1)c1ccc(N2CCC(C(=O)c3ccccc3OC(F)(F)F)CC2)nn1,GTAOGLKFEWOPTJ-UHFFFAOYSA-N
CHEMBL571967,Unknown,CNS/Neurology,241818068.79031435,0.9999978778664655,22.100960844723545,0.48875678639999953,1.0,359.32800000000003,4.375500000000003,923.407519143326,26,3,0.48875678639999953,2.2100960844723545,CCOC(=O)c1cc(-c2cccc(OCc3cc(F)ccc3F)c2)on1,HLPPJRJNQVCNQS-UHFFFAOYSA-N
CHEMBL571523,Unknown,Anti-infective,197183308.7298669,0.9999969208390294,16.133954488335267,0.5674382910000001,1.0,301.346,1.7686999999999995,644.91057185824,22,2,0.5674382910000001,1.6133954488335267,COc1ccc(CC(=O)Nc2cn([C@H]3C[C@H](O)C3)cn2)cc1,SVPUOZWGAJVQMQ-JOCQHMNTSA-N
CHEMBL571980,Unknown,Pain/Inflammation,149277957.83601198,0.9999966658464381,13.911800877322339,0.3113235370799997,1.0,229.323,4.145900000000003,503.2480211106323,17,2,0.3113235370799997,1.3911800877322338,CCC(CC)Nc1ccc(O)c2ccccc12,LZQSUKJAJXHQLF-UHFFFAOYSA-N
CHEMBL583567,Unknown,Immunology,354918816.5573138,0.999995932444571,30.357314169459634,0.16927784999999984,0.8,720.7059999999998,3.320300000000004,1304.197460621457,47,2,0.13542227999999987,3.0357314169459633,COCCNC(=O)[C@@H](NC(=O)[C@](O)(CCN(Cc1ccc(Br)cc1)NC(=O)[C@@H](NC(=O)OC)C(C)(C)C)Cc1ccccc1)C(C)C,ZLRZAKQLKHYLOI-FPQPQGOJSA-N
CHEMBL1209155,Unknown,Other,240393544.60059723,0.9999966367920321,19.054904117397722,0.3777583500000001,0.8,440.5630000000003,6.403700000000005,887.1066844542,32,2,0.30220668000000006,1.9054904117397722,O=C(Nc1cccc(F)c1)O/N=C(\C1CCCCC1)C(Cn1ccnc1)C1CCCCC1,DGKSMPSIDQRZQC-RMLRFSFXSA-N
CHEMBL156703,Unknown,Pain/Inflammation,171435276.46104857,0.9999968325350262,14.54975490118473,0.4511547298439998,1.0,257.314,3.1350200000000017,595.8527923612363,18,2,0.4511547298439998,1.454975490118473,Cc1ccccc1SC(=O)c1cccc(C=O)n1,ZGECIVBSEKGROL-UHFFFAOYSA-N
CHEMBL572573,Unknown,CNS/Neurology,264052468.6519085,0.9999973038426461,24.51001520035696,0.2552634,0.8,432.61800000000034,5.166600000000004,1142.3096410714052,30,4,0.20421071999999998,2.451001520035696,Nc1nc(SCCc2ccccc2)nc2sc3c(c12)CCN(Cc1ccccc1)C3,RUVWHRYGBDXLEG-UHFFFAOYSA-N
CHEMBL4116087,Unknown,CNS/Neurology,281488167.5800374,0.9999973547568086,25.262228602350994,0.49950549959999946,1.0,414.4810000000003,3.859820000000004,1214.02399521005,31,3,0.49950549959999946,2.5262228602350993,CC(=O)c1c[n+](Cc2ccccc2C)ccc1CC1Cc2cc3c(cc2C1=O)OCO3,PFASLSOBNPNVOU-UHFFFAOYSA-N
CHEMBL572743,Unknown,Pain/Inflammation,203419755.85297334,0.9999978073345498,16.173226074262676,0.4873034287799999,1.0,307.80600000000004,2.8953000000000007,837.4080832039788,20,3,0.4873034287799999,1.6173226074262677,CN(C)CCc1nc2c(sc3ccc(Cl)cc32)c(=O)[nH]1,RKJBOGXNNPWZEW-UHFFFAOYSA-N
CHEMBL577964,Unknown,CNS/Neurology,339062794.45379174,0.9999961052051389,29.89002900928726,0.318994362,0.8,574.6380000000004,3.124220000000001,1508.2193672872374,42,3,0.2551954896,2.989002900928726,COC(=O)c1ccc(C(=O)/N=C(\Nc2ccc3oc(C)cc3c2)N[C@H]2CCCCN(CC(=O)N3CCCC3)C2=O)nc1,OXNNNLQIYQFBKE-DEOSSOPVSA-N
CHEMBL583568,Unknown,Immunology,327734525.20116556,0.999996038324602,29.208376989786533,0.24758919000000018,0.8,612.7720000000002,2.326300000000004,1245.3752210873931,44,2,0.19807135200000014,2.9208376989786533,CNC(=O)[C@@H](NC(=O)[C@@](O)(CCN(Cc1ccccn1)NC(=O)[C@@H](NC(=O)OC)C(C)(C)C)Cc1ccccc1)C(C)(C)C,WKIYIQRNNAPZIQ-NCLPYWGKSA-N
CHEMBL581297,Unknown,Pain/Inflammation,180492050.4838841,0.9999967442002573,14.637606099289147,0.3042672904799999,1.0,345.66100000000006,3.5318000000000023,546.7779207114653,21,2,0.3042672904799999,1.4637606099289147,Cl.Clc1cccnc1N1CCN(c2ncccc2Cl)CC1,PXOVUOWWCSTRHD-UHFFFAOYSA-N
CHEMBL580443,Unknown,Anti-infective,232770736.37577325,0.9999976266464446,19.296737443745744,0.35917367472,1.0,370.4340000000002,1.7808000000000002,1062.9741974199596,26,3,0.35917367472,1.9296737443745744,NS(=O)(=O)c1cccc(-c2ccc3ncc(N4CCOCC4)nc3c2)c1,OOSAFBWVRUMCBZ-UHFFFAOYSA-N
CHEMBL589268,Unknown,Pain/Inflammation,179780816.49624437,0.9999962776468228,14.872125063218503,0.457924108824,1.0,288.30300000000005,2.24578,587.5815681980866,21,1,0.457924108824,1.4872125063218502,CCOC(=O)/C(C#N)=C\Nc1cccc(C(=O)OCC)c1,GEAQITMBUIAHPI-BENRWUELSA-N
CHEMBL589753,Unknown,CNS/Neurology,243388119.2475978,0.9999974236573224,23.437184002371037,0.23995439999999998,0.8,378.8150000000001,5.896900000000004,1075.7459320696898,27,4,0.19196352,2.343718400237104,O=C(Nc1ccc(-c2nc3cc(Cl)ccc3o2)cc1)OCc1ccccc1,WWVYLROJZFEZHZ-UHFFFAOYSA-N
CHEMBL606119,Unknown,Anti-infective,197356819.6862692,0.9999976495265197,18.606604572278613,0.12006,1.0,295.258,0.1679999999999998,1050.263044635838,22,3,0.12006,1.8606604572278613,O=C1Cc2cc3c(=O)[nH]c(=O)[nH]c3nc2-c2cnccc2N1,RFPRGIADDZBQOK-UHFFFAOYSA-N
CHEMBL544338,Unknown,Other,234421958.43200883,0.9999971595075714,17.776026920445066,0.39898208249999995,1.0,453.392,1.8455000000000004,777.5042063195414,28,2,0.39898208249999995,1.7776026920445065,CN(C)S(=O)(=O)Nc1ccc(OCCNC[C@H](O)c2cccnc2)cc1.Cl.Cl,LBCOPDUNMLFFHN-RMRYJAPISA-N
CHEMBL454492,Unknown,Anti-infective,124169460.9883798,0.9999959006758925,13.555473659317357,0.16685352314399998,1.0,192.226,0.0381799999999999,378.15327356444834,14,1,0.16685352314399998,1.3555473659317356,CNc1nc(C#N)nc(N(C)C)c1N,GRBYZMIFUISEDW-UHFFFAOYSA-N
CHEMBL1079305,Unknown,Pain/Inflammation,224662017.55970946,0.9999968394998224,17.633689488817986,0.41459503287999994,1.0,382.4600000000001,2.0179000000000005,900.2778764503264,28,1,0.41459503287999994,1.7633689488817985,COC(C)[C@H]1C2C[C@H]3C4=Nc5ccccc5[C@]45C[C@@H](C2C5OC(C)=O)N3[C@@H]1O,XHABFDBTVXEZFH-YNQCBNRXSA-N
CHEMBL611871,Unknown,Immunology,281109079.7379412,0.9999968852443438,24.98327205916233,0.20501775,0.8,527.2750000000001,0.5372999999999994,1074.8642534353642,30,3,0.1640142,2.498327205916233,CC(=O)Nc1nc(OCc2ccc(I)cc2)c2ncn(C3O[C@H](O)[C@@H](O)[C@H]3O)c2n1,ZEZOERKSUDXKBW-AQVVYNMDSA-N
CHEMBL576512,Unknown,Pain/Inflammation,158121521.97258905,0.9999966672575269,14.15404065019553,0.34572415499999987,1.0,254.33299999999997,2.8885000000000014,504.0319593446315,19,2,0.34572415499999987,1.415404065019553,c1ccc(Oc2ccc(N3CCNCC3)cc2)cc1,CEDIEUVYUSGIDQ-UHFFFAOYSA-N
CHEMBL584356,Unknown,CNS/Neurology,283731174.3257362,0.9999972828094097,25.96687828398632,0.3575545731839995,1.0,442.5630000000002,4.816720000000004,1253.994772429363,33,3,0.3575545731839995,2.5966878283986317,CCN(CC)C(=O)[C@@H]1C=C2c3cccc4[nH]cc(c34)C[C@H]2N(C(=O)Nc2cccc(C)c2)C1,XQFSXHZCPXWBLA-NTKDMRAZSA-N
CHEMBL584197,Unknown,Pain/Inflammation,221115501.19520003,0.9999971279312048,16.518371255777943,0.61828846128,1.0,360.4060000000001,2.4812000000000007,759.9617804140255,26,2,0.61828846128,1.6518371255777944,COc1cc(C[C@H]2CO[C@H](O)[C@@H]2Cc2ccc(O)c(OC)c2)ccc1O,AQTZWMJGAOIWFV-MDOVXXIYSA-N
CHEMBL583726,Unknown,Other,299885385.5677653,0.9999954709387463,23.313215535673418,0.10591875000000012,0.8,622.6120000000005,0.8625000000000036,1260.5895854088703,43,1,0.0847350000000001,2.3313215535673417,CC(=O)OC[C@H](CCC(N)=O)NC(=O)[C@@H]1[C@@H]2C[C@@H]2CN1C(=O)[C@H](CC(C)C)NC(=O)/C=C/c1ccc(OP(=O)(O)O)cc1,PXYHGCNIHUICCB-FYJRAYEDSA-N
CHEMBL583727,Unknown,Immunology,360135425.9465766,0.9999956183633029,31.96043730826291,0.20184389999999997,0.8,670.7,2.5162000000000013,1478.6870539605889,47,2,0.16147511999999997,3.196043730826291,CC(C)C[C@H](NC(=O)/C=C/c1ccc(OP(=O)(O)O)cc1)C(=O)N1C[C@H]2C[C@H]2[C@H]1C(=O)N[C@@H](CCC(N)=O)COCc1ccccc1,IFSGXKBOZIROKK-JLEXZSOGSA-N
CHEMBL590981,Unknown,Cardiovascular,224335613.0085205,0.9999960807370023,19.945837458639616,0.14175,0.8,422.151,-2.4788,878.1872234689203,26,1,0.1134,1.9945837458639617,O=c1[nH]c(=O)n([C@@H]2O[C@H](COP(=O)(O)OP(=O)(O)O)[C@@H](O)[C@H]2O)cc1F,FOZCNVFQOJRHFF-UAKXSSHOSA-N
CHEMBL590067,Unknown,Anti-infective,216409585.3390813,0.9999973263719795,18.082301927937994,0.37941225876,1.0,355.35,1.7878999999999998,870.2066552282529,26,2,0.37941225876,1.8082301927937994,COC1=CC(=O)c2c(CCNC(=O)OCc3ccccc3)n[nH]c2C1=O,IMIXXYDASULQSE-UHFFFAOYSA-N
CHEMBL590478,Unknown,CNS/Neurology,368330045.00535345,0.99999585,31.502108935666374,0.3247179299999999,0.8,638.6900000000002,3.3529000000000018,1671.5744680263845,43,3,0.25977434399999993,3.1502108935666375,O=C(c1ccc(N2CCOCC2)nc1)N1CCC(NS(=O)(=O)c2cc(S(=O)(=O)c3ccccc3)ccc2C(F)(F)F)CC1,AERQFFVIPCVLOX-UHFFFAOYSA-N
CHEMBL1077343,Unknown,CNS/Neurology,355086896.17849183,0.9999963900000001,31.428707297424204,0.23623597199999988,0.8,608.1469999999999,3.6209200000000017,1663.0194985342894,43,4,0.1889887775999999,3.1428707297424205,COC(=O)N1CCN(C2CCN(c3cc(C)c4nc(-c5c(NCCc6ncn(C)c6Cl)cc[nH]c5=O)[nH]c4c3)CC2)CC1,CAFSWHHZBLDQKZ-UHFFFAOYSA-N
CHEMBL1077410,Unknown,Cardiovascular,149623063.76391518,0.9999952622815776,15.079448576905689,0.15396583333333333,1.0,293.41400000000004,-1.0430999999999986,323.48976531674737,18,0,0.15396583333333333,1.507944857690569,CC(C)[C@H](NC(=O)[C@H](CS)NC(=O)CS)C(N)=O,OQDWBAJEGQAHMZ-XPUUQOCRSA-N
CHEMBL1077476,Unknown,Pain/Inflammation,173669109.2367471,0.9999975390125453,15.06814739772864,0.4559438663999999,1.0,237.262,2.5866000000000007,688.3403028953866,18,3,0.4559438663999999,1.5068147397728642,O=C(Nc1ccccc1)c1cnn2ccccc12,MLZWLESPXMPQRM-UHFFFAOYSA-N
CHEMBL1093647,Unknown,Other,312603692.26503223,0.9999953751157536,24.025228214782867,0.2239574399999998,0.8,622.8110000000003,2.8632000000000035,1313.824581349361,45,1,0.17916595199999985,2.4025228214782866,CC(C)(C)[C@H](NC(=O)NC1(Cc2ccccn2)CCCCC1)C(=O)N1C[C@H]2[C@@H]([C@H]1C(=O)NC(CC1CC1)C(=O)C(N)=O)C2(C)C,GLAOPGCIMOWNCD-VJFXSFEUSA-N
CHEMBL1082938,Unknown,Anti-infective,163136524.53688085,0.9999966257724857,14.389711342844466,0.50816920176,1.0,233.296,1.9484,480.9847142835287,16,2,0.50816920176,1.4389711342844467,CC(=O)CSc1cnnn1-c1ccccc1,ZEWXXPJFFAXSFB-UHFFFAOYSA-N
CHEMBL1085225,Unknown,Immunology,335599857.12006396,0.9999958285547039,30.257226480791243,0.2692554314975995,0.8,598.7920000000001,4.934720000000005,1361.914053421249,44,2,0.2154043451980796,3.025722648079124,Cc1cc(C#N)nc(C)c1C(=O)N1CCC(C)(N2CCC(N3C(=O)N(CC4CCOCC4)C[C@H]3c3ccccc3)CC2)CC1,VCDAYNSEVSLHGF-HKBQPEDESA-N
CHEMBL1076265,Unknown,Immunology,346849914.95934016,0.9999953351160894,31.360902071752527,0.30516075,0.8,560.6290000000004,2.9791000000000007,1636.046617014786,38,2,0.2441286,3.1360902071752528,CS(=O)(=O)Nc1ccc2c(c1)S(=O)(=O)N=C(C1=C(O)[C@@H]3[C@@H]4CC[C@@H](C4)[C@@H]3N(Cc3ccc(F)cc3)C1=O)N2,DEKOYVOWOVJMPM-ZUVUYASXSA-N
CHEMBL1076268,Unknown,CNS/Neurology,248292318.99917576,0.9999971446497383,22.332316107732193,0.28454625,0.8,437.42100000000016,6.162500000000003,930.7501453716789,27,3,0.227637,2.2332316107732195,Clc1cc2nc(NCCc3ccc(NC4=NCCCS4)cc3)sc2cc1Cl,HJQIGEHRHUFSHR-UHFFFAOYSA-N
CHEMBL1077444,Unknown,Cardiovascular,187783286.98266703,0.9999963157525772,17.791684764642685,0.1575,1.0,352.41600000000005,-1.5107999999999973,608.7514317657897,24,1,0.1575,1.7791684764642686,NC(=O)C[C@H](NC(=O)CS)C(=O)N[C@@H](Cc1ccccc1)C(N)=O,FWIAKJCGLTYNRM-QWRGUYRKSA-N
CHEMBL157397,Unknown,Anti-infective,122985727.81594555,0.9999957461363728,12.951483614383132,0.30080848868,1.0,179.219,1.9911,292.2979848465724,13,1,0.30080848868,1.2951483614383132,CCc1ccc(N(O)C(C)=O)cc1,RQTIYOGWDGRMRI-UHFFFAOYSA-N
CHEMBL602507,Unknown,CNS/Neurology,300312416.1669334,0.9999968047768709,27.493329976961462,0.2340618,0.8,487.3900000000002,6.110680000000005,1419.5684050947093,34,4,0.18724944,2.749332997696146,N#CCc1c(C(=O)N2CCc3ccccc3C2)nn(-c2ccccc2Cl)c1-c1ccc(Cl)cc1,UMSRMGGHAQPYRQ-UHFFFAOYSA-N
CHEMBL602514,Unknown,CNS/Neurology,266574019.11551017,0.9999974350292005,24.341208744792077,0.43617081503999966,1.0,391.448,4.000600000000003,1169.4282219781348,28,3,0.43617081503999966,2.4341208744792078,O=C(C1=C(O)c2ccccc2S(=O)(=O)N1Cc1ccccc1)c1ccccc1,DNFJTXYJHUNVRO-UHFFFAOYSA-N
CHEMBL602709,Unknown,CNS/Neurology,330484025.4279246,0.9999962423809589,29.034809493356825,0.3523798056779993,0.8,558.7230000000004,4.910300000000005,1432.0105784109724,41,3,0.2819038445423995,2.9034809493356826,CC(C)OC(=O)C1=CN(C(=O)c2cccc(OCCCN3CCN(C)CC3)c2)CC(C)(C)c2c1[nH]c1ccccc21,GTZQUGPSEGPLGG-UHFFFAOYSA-N
CHEMBL603735,Unknown,Pain/Inflammation,120232045.27946761,0.9999958053659984,12.480528886854794,0.27327988799999997,1.0,175.23099999999997,2.9400000000000004,325.2033324368505,13,1,0.27327988799999997,1.2480528886854794,CC(=C\c1ccccc1)/C(C)=N/O,RPCAQDVUXPFSNA-CDKJVOIVSA-N
CHEMBL1076624,Unknown,Immunology,343826375.39242345,0.9999958501666895,30.56790497728665,0.2299411799999998,0.8,642.7440000000004,4.345800000000003,1349.9073947711397,46,2,0.18395294399999984,3.056790497728665,COc1ccc(C[C@H](C)CN2C[C@@H]3CCCC[C@@H]3[C@H](C(=O)N3CCN(c4ccc(F)c(F)c4)CC3)C2)cn1.O=C(O)/C=C/C(=O)O,SCJCAKLZCWCCCO-HTCZGZADSA-N
CHEMBL1077287,Unknown,Pain/Inflammation,162947456.5851763,0.9999960432793307,13.540149506614366,0.4761151444,1.0,260.076,2.5727,457.3774059191229,16,1,0.4761151444,1.3540149506614365,O=C(O)/C=C/C(=O)Nc1ccc(Cl)c(Cl)c1,YMYKNYVBUCMJOG-ONEGZZNKSA-N
CHEMBL1076555,Unknown,CNS/Neurology,194119672.18643638,0.9999975734968781,19.49398751243884,0.26128883969999983,1.0,302.78600000000006,4.912700000000002,707.4982656165051,20,3,0.26128883969999983,1.949398751243884,Oc1ccc(Nc2nc(-c3ccc(Cl)cc3)cs2)cc1,ZFGXZJKLOFCECI-UHFFFAOYSA-N
CHEMBL606769,Unknown,Anti-infective,163273728.17033523,0.999996271393798,15.504645993283505,0.2204325186,1.0,271.36,1.6686999999999996,584.1076655472509,20,1,0.2204325186,1.5504645993283506,CN1CC[C@]23CC(=O)CC[C@@]2(O)[C@H]1Cc1ccccc13,VSIVJZKTOMWULO-BRWVUGGUSA-N
CHEMBL588329,Unknown,Other,248811020.8476013,0.9999973578355477,18.914346020463295,0.5687013855599995,1.0,427.5890000000002,3.727700000000003,887.6864153379078,31,2,0.5687013855599995,1.8914346020463295,CC[C@H]1CN2CC[C@H]1C[C@H]2[C@@H](O)c1cc(OCCCN(C)C)nc2ccc(OC)cc12,COJCEYDQKYMDMY-DWYHVSQESA-N
CHEMBL1160429,Unknown,Anti-infective,159536784.6713458,0.9999960969727576,14.92324252526204,0.24721886699999995,1.0,278.308,0.3230999999999999,487.20708754367337,20,1,0.24721886699999995,1.492324252526204,C[C@H](NC(=O)Cc1ccccc1)C(=O)N[C@H](C)C(=O)O,ITMCYDJDPJXDON-VHSXEESVSA-N
CHEMBL156263,Unknown,Pain/Inflammation,205107601.82393435,0.9999971396700029,16.031770925916923,0.6294459256799998,1.0,294.31,2.1747999999999994,766.4833349295814,22,2,0.6294459256799998,1.6031770925916924,COc1ccccc1C1=C(Nc2ccccc2)C(=O)NC1=O,XCYIIVRZXLZJER-UHFFFAOYSA-N
CHEMBL1091719,Unknown,Other,221341945.09555948,0.9999976373446592,19.41214523038516,0.17385377999999999,1.0,370.36900000000014,0.0196199999999996,1057.030744942545,27,3,0.17385377999999999,1.941214523038516,Cc1cn([C@H]2C[C@H](n3cc(-c4ccccn4)nn3)[C@@H](CO)O2)c(=O)[nH]c1=O,KEBQIHFEQIBHOQ-RRFJBIMHSA-N
CHEMBL1085980,Unknown,Immunology,312182337.56835353,0.9999960884309911,28.55565275275611,0.17430471000000003,0.8,581.6700000000002,1.8038200000000009,1217.5383383387168,42,2,0.13944376800000002,2.855565275275611,CCOC(=O)CNC(=O)C(=O)C(COCc1ccccc1)NC(=O)[C@H](CC1CCCCC1)NC(=O)c1cncc(C)n1,PMWXSEXZWBCQSY-LFQPHHBNSA-N
CHEMBL1159866,Unknown,Pain/Inflammation,205827186.33260787,0.9999971267895046,16.514575102599558,0.37368749999999995,1.0,360.4100000000002,2.517500000000001,759.3275025229003,26,2,0.37368749999999995,1.6514575102599558,O=C(O)/C=C/C(=O)O.Oc1ccc2[nH]cc(CCC3CCNCC3)c2c1,GFALBLFYNPKAAO-WLHGVMLRSA-N
CHEMBL1160112,Unknown,Other,205156261.62514585,0.9999965632935851,17.164213836895883,0.19407476666666665,1.0,398.41100000000006,0.3681,746.2742139033409,25,1,0.19407476666666665,1.7164213836895883,O=S(=O)(O)OC[C@H]1OCC[C@@H](OCc2ccccc2)C1OS(=O)(=O)O,SZCKLTLLAMSYBL-ZNRZSNADSA-N
CHEMBL3347280,Unknown,CNS/Neurology,278954243.72722346,0.9999967643546197,24.130753622834643,0.33453000000000005,0.8,482.1360000000001,6.032480000000002,1142.0252113065935,28,3,0.26762400000000003,2.413075362283464,N#Cc1cc(Cl)cc(Oc2c(F)c(CCc3cccc(Cl)c3)[nH]c(=O)c2Br)c1,HMMZCXPNFXLGBT-UHFFFAOYSA-N
CHEMBL3347285,Unknown,Anti-infective,205151854.7527008,0.9999970663428945,16.62705092031457,0.5380887708,1.0,318.398,1.5829999999999995,725.7460525105852,22,2,0.5380887708,1.662705092031457,NC(=O)CCc1ccc(S(=O)(=O)NCc2ccccc2)cc1,IMXIQBIYZMWUFB-UHFFFAOYSA-N
CHEMBL609468,Unknown,Pain/Inflammation,179230358.3932852,0.9999970206633313,15.520368053610541,0.3237625313999999,1.0,287.27500000000003,3.252820000000001,700.3685173746051,21,2,0.3237625313999999,1.552036805361054,Cc1ccccc1NC(=O)Nc1ccc([N+](=O)[O-])cc1O,JDKDJPABXADLJT-UHFFFAOYSA-N
CHEMBL611733,Unknown,CNS/Neurology,304969664.9062619,0.9999975543676767,27.156969966981286,0.35843525499599976,1.0,482.9730000000001,3.7075400000000025,1403.129068544021,33,4,0.35843525499599976,2.715696996698129,COC(=O)c1ccc2c(=O)n(Nc3nc(C)cc(C)n3)[n+](SCc3cccc(Cl)c3)cc2c1,YLBVEDBKVYZZNS-UHFFFAOYSA-O
CHEMBL305803,Unknown,CNS/Neurology,225541994.32928184,0.9999978846295596,21.897376834978502,0.3496506485759995,1.0,330.3910000000001,4.809440000000004,919.6502446638008,25,3,0.3496506485759995,2.1897376834978504,Cc1cc(C)c(Oc2ccnc(Nc3ccc(C#N)cc3)n2)c(C)c1,FOAAECKTFHPTHX-UHFFFAOYSA-N
CHEMBL1088996,Unknown,CNS/Neurology,249952615.4470525,0.9999977307740211,22.718749111788505,0.5388287699999998,1.0,353.37400000000014,3.389000000000001,1005.1255438873684,26,3,0.5388287699999998,2.2718749111788505,CCOC(=O)c1c(-c2ccc(OC)cc2)[nH]c2cc(OC)ccc2c1=O,ROQHPRGMOPCLDC-UHFFFAOYSA-N
CHEMBL1089958,Unknown,Anti-infective,137236723.2162862,0.9999959396724354,13.678962712065701,0.31148138699999994,1.0,203.144,0.8705,399.8180196606487,14,1,0.31148138699999994,1.36789627120657,O=C(O)Cc1cccn(C(F)F)c1=O,WNXIBYZHUWWEDD-UHFFFAOYSA-N
CHEMBL1090670,Unknown,CNS/Neurology,233814755.82955325,0.9999982342130581,22.690778924930402,0.3463538474666665,1.0,331.423,3.692000000000002,1025.43718999072,25,4,0.3463538474666665,2.26907789249304,CN(C)Cc1cccc(-c2cc3c(-c4cnn(C)c4)ccnc3[nH]2)c1,MENIKIFJGYYVNI-UHFFFAOYSA-N
CHEMBL1086503,Unknown,Pain/Inflammation,202038745.39094824,0.999996990249321,15.678184254377388,0.5366720253599998,1.0,329.831,3.131400000000002,683.4718449939902,23,2,0.5366720253599998,1.5678184254377387,O=C(NCC1CCNCC1)c1ccncc1-c1cccc(Cl)c1,MINMSEZPEBMBHT-UHFFFAOYSA-N
CHEMBL1094708,Unknown,CNS/Neurology,256142924.64757234,0.9999977110280496,23.706510850153737,0.31492499999999995,1.0,422.48900000000015,3.301000000000001,1016.0955280093816,31,3,0.31492499999999995,2.370651085015374,Nc1ccc(-n2cc(-c3cccc(NC(=O)CCCCCCC(=O)NO)c3)nn2)cc1,ZRAKMWBAXYBNOF-UHFFFAOYSA-N
CHEMBL1093605,Unknown,Pain/Inflammation,185553782.79477614,0.9999964188401783,15.322963291566184,0.47184778535999994,1.0,285.299,2.683300000000001,666.0223212816327,21,1,0.47184778535999994,1.5322963291566185,COc1ccc(C(=O)O/N=C2/C=C(C)C(=O)C=C2C)cc1,KQNBSUTUFMUULE-VKAVYKQESA-N
CHEMBL1094912,Unknown,Pain/Inflammation,210346907.67270717,0.9999973003019659,16.955857178847815,0.4018692696479998,1.0,344.36300000000006,2.862840000000002,855.7233143322636,25,2,0.4018692696479998,1.6955857178847815,COc1ccc(CC2COc3c(C)c(O)c(C)c(O)c3C2=O)c(O)c1,YVHOGEZRSOFSOD-UHFFFAOYSA-N
CHEMBL154714,Unknown,Metabolic,286936348.73564124,0.9999972960776051,25.20191532796856,0.31698,1.0,481.5090000000004,1.7263999999999995,1246.6235527173667,35,3,0.31698,2.520191532796856,COc1cc2nc(N3CCN(C(=O)C4COc5cccc(OC)c5O4)CC3)nc(N)c2cc1OC,NVZBKRGBGINCDK-UHFFFAOYSA-N
CHEMBL1161051,Unknown,Immunology,320256623.4815719,0.9999960983018754,28.707737216156946,0.2360979899999999,0.8,598.7410000000004,3.698100000000002,1212.0545136958824,43,2,0.18887839199999992,2.8707737216156946,CC(C)Oc1ccccc1N1CCN(CCc2ccc(C(=O)C(=O)N3CCCCCC3)n2C)CC1.O=C(O)CCC(=O)O,PXZPBPKYRSLIMG-UHFFFAOYSA-N
CHEMBL610630,Unknown,CNS/Neurology,286230239.63301766,0.9999973660076389,25.982965625432115,0.3044141999999999,1.0,477.5690000000002,3.0882000000000014,1207.773534003965,35,3,0.3044141999999999,2.5982965625432115,CNC(=O)Nc1ccc(-c2nc(N3CC4CCC(C3)O4)c3cnn([C@H]4CC[C@H](O)CC4)c3n2)cc1,LQBQQAXIISEIGM-RTWGARKQSA-N
CHEMBL1077368,Unknown,Anti-infective,202198644.99403659,0.9999965716960973,17.46848345419398,0.2058781595266666,1.0,376.40500000000014,1.9903,750.94227625102,27,1,0.2058781595266666,1.746848345419398,CC[C@@H]1C/C=C\C(=O)[C@@H](O)[C@@H](O)C/C=C/c2cc(OC)cc(O)c2C(=O)O1,DEIDRRFLHDKLCQ-BMELMTPLSA-N
CHEMBL160738,Unknown,Anti-infective,135265798.37718406,0.9999958965312832,13.661141598726534,0.292281785796,1.0,205.261,1.15902,375.850712822006,15,1,0.292281785796,1.3661141598726534,Cc1ncccc1OC(C)C1=NCCN1,OCIJHICNVUUHJR-UHFFFAOYSA-N
CHEMBL1160711,Unknown,Anti-infective,166124689.37830225,0.9999961713557329,15.044759227974422,0.27543213684,1.0,288.369,0.7951000000000001,528.530962684777,19,1,0.27543213684,1.5044759227974422,CC(C)NC[C@H](O)c1ccc(NS(C)(=O)=O)c(O)c1,WBYKOYHCMBYVTF-LBPRGKRZSA-N
CHEMBL1171716,Unknown,CNS/Neurology,283567894.45429134,0.9999975683089111,23.77254864622185,0.5403530152799998,1.0,462.36900000000026,3.2094000000000014,1095.3839383101367,28,3,0.5403530152799998,2.377254864622185,O=S(=O)(c1ccc(Br)cc1)N1CCN(Cc2ccc3cccnc3c2O)CC1,KBRSBKUMPXLEGJ-UHFFFAOYSA-N
CHEMBL1162462,Unknown,Cardiovascular,137465846.90805623,0.9999952474215693,14.643856347669466,0.1,1.0,264.063,-1.0276,315.23420516513323,15,0,0.1,1.4643856347669466,O=P1(O)OC[C@@H](O)[C@H](CO)OP(=O)(O)O1,YFHHHCXTKBYOFV-DMTCNVIQSA-N
CHEMBL154609,Unknown,Pain/Inflammation,205013033.8090708,0.9999968072327428,14.961507635638252,0.8248444335,1.0,298.386,2.2715,581.7959681860658,22,2,0.8248444335,1.4961507635638251,C[C@@H](NCc1ccc(OCCc2ccccc2)cc1)C(N)=O,JZXUSMCVOSHXHD-CQSZACIVSA-N
CHEMBL1095997,Unknown,Pain/Inflammation,183400823.22252816,0.9999967424171007,14.148212798101415,0.58232192256,1.0,291.163,2.1664000000000003,545.7872781109157,17,2,0.58232192256,1.4148212798101416,Nn1c(S)nnc1COc1ccc(Cl)cc1Cl,QESGKBGZPADFHW-UHFFFAOYSA-N
CHEMBL1088980,Unknown,CNS/Neurology,251339433.7875495,0.999997969706788,24.363917704479828,0.2654922479999995,1.0,370.456,4.893600000000005,1172.3851177708111,28,4,0.2654922479999995,2.4363917704479827,CC(C)=CCOc1ccc(C2CC2c2nnc3c4ccccc4cnn23)cc1,KBTQEIXHEKZRPX-UHFFFAOYSA-N
CHEMBL1086312,Unknown,CNS/Neurology,222859805.29746184,0.9999981500606803,22.85708252186009,0.18997429102399976,1.0,313.335,4.703280000000003,1072.1885110027004,24,4,0.18997429102399976,2.285708252186009,N#Cc1cccc(-c2ccc3c(cnn3-c3ccc(F)cc3)c2)c1,IUMAGUPBPGESDT-UHFFFAOYSA-N
CHEMBL1086063,Unknown,CNS/Neurology,264244197.1240178,0.9999979885032839,24.47343587914144,0.42273450258666606,1.0,384.435,4.055300000000004,1161.942620044114,29,4,0.42273450258666606,2.447343587914144,NC(=O)c1ccc2c(ccn2CC(=O)COc2ccc(-c3ccccc3)cc2)c1,JQDZRMMBCWRYHU-UHFFFAOYSA-N
CHEMBL1094237,Unknown,Other,227417595.8967512,0.9999966263776621,17.939519955603245,0.32908377889333307,1.0,438.3990000000001,3.6121000000000025,781.3209233493402,29,1,0.32908377889333307,1.7939519955603245,CCC(=O)N1C[C@H]2[C@H](N3CCCC3)CC[C@@H]1CN2C(=O)Cc1ccc(Cl)c(Cl)c1,OVUUJSWTQQWBBJ-AHRSYUTCSA-N
CHEMBL1096596,Unknown,CNS/Neurology,264685794.86514935,0.9999978680074484,24.991567972091485,0.18992479085999983,1.0,426.48300000000006,4.713790000000002,1228.8847509162122,29,4,0.18992479085999983,2.4991567972091486,COc1ccccc1-n1c(Nc2nc(-c3ccc([N+](=O)[O-])cc3)cs2)n[nH]c1=S,ZLCQWPGXXYMHNQ-UHFFFAOYSA-N
CHEMBL1098265,Unknown,Pain/Inflammation,206142638.57334432,0.9999972634946372,16.699768562873672,0.36958631404799963,1.0,343.4270000000002,4.348480000000003,835.2747984505389,24,2,0.36958631404799963,1.6699768562873671,CC1(C)OC(=S)Nc2ccc(-c3ccc(C#N)n3CCCF)cc21,NWQAZIJIOJNVLS-UHFFFAOYSA-N
CHEMBL1077276,Unknown,Pain/Inflammation,216672924.84763104,0.9999971853308605,16.84183800875545,0.49062518693999996,1.0,363.50900000000007,3.1053000000000006,791.8504780365436,27,2,0.49062518693999996,1.684183800875545,Nc1nc2c(c(N3CC4CCCNC4C3)n1)CCCCC2c1ccccc1,KMYVBYYBQAUEAL-UHFFFAOYSA-N
CHEMBL1076799,Unknown,CNS/Neurology,348304894.8081314,0.9999959689222515,31.180209118088776,0.18489802251599974,0.8,613.7510000000003,4.698120000000004,1583.9320825389402,45,3,0.14791841801279978,3.1180209118088777,C=c1cccc/c1=C(\C=C\C(=O)OCCCN(C)CCCOC(=O)/C=C/c1cc(OC)c(OC)c(OC)c1)c1ccccc1C,SQJKFEJATHQHJA-IBKIWLNNSA-N
CHEMBL1093316,Unknown,Pain/Inflammation,157748976.37036848,0.9999967900296648,14.539579266552987,0.2546194805999996,1.0,256.345,4.490100000000004,572.2387026188394,19,2,0.2546194805999996,1.4539579266552987,CC(C)CC(=O)OC(C)c1ccc2ccccc2c1,MBFIYSQXKXRGSJ-UHFFFAOYSA-N
CHEMBL1207397,Unknown,CNS/Neurology,334389598.7435141,0.9999961802463533,29.534833927912945,0.19859741999999983,0.8,601.7410000000002,3.9974000000000034,1466.5298037456512,42,3,0.1588779359999999,2.9534833927912945,CC(C)c1c(S(=O)(=O)N2CCN(C)CC2)c(-c2ccccc2)c(-c2ccc(F)cc2)n1CC[C@@H](O)C[C@@H](O)CC(=O)O,NQPKWFHCRRXCBX-CLJLJLNGSA-N
CHEMBL1092024,Unknown,Immunology,374563126.9802282,0.9999956439366676,33.12908645371421,0.1188917999999998,0.8,739.955,4.564400000000005,1464.4796291465834,53,2,0.09511343999999984,3.312908645371421,CC[C@H](C)[C@H](NC(=O)N(Cc1ccccc1)C[C@@H](O)[C@H](Cc1ccccc1)NC(=O)[C@@H](NC(=O)OC(C)(C)C)C(C)C)C(=O)N[C@H](C(=O)OC)C(C)C,GGICIAROEPHQAM-MSYXEPFBSA-N
CHEMBL1077098,Unknown,Pain/Inflammation,175975434.5052677,0.9999950971500048,15.501007515471064,0.1,0.8,348.91400000000016,5.4561000000000055,631.7500026266664,24,0,0.08000000000000002,1.5501007515471064,CC1CCC[C@H]2[C@](C)(CC3=CC(=O)C(Cl)=CC3=O)[C@@H](C)CC[C@]12C,YFAHQVBMZWNQOJ-MXFAOPPESA-N
CHEMBL1076911,Unknown,Pain/Inflammation,169482002.96079218,0.9999955748074577,14.589395873008623,0.2557777751666665,1.0,322.4890000000001,3.2795000000000023,497.1152542590712,23,0,0.2557777751666665,1.4589395873008624,CC1(C)[C@H](O)CC[C@@]2(C)[C@@H]3CC[C@](C)([C@@H](O)CO)C=C3CC[C@H]12,NCAZLDCEJHFJDT-KHKZNYETSA-N
CHEMBL163579,Unknown,CNS/Neurology,331779237.0870309,0.999996596902721,30.118660454281013,0.1,0.8,592.7660000000003,4.456000000000003,1535.0540439296967,42,4,0.08000000000000002,3.011866045428101,CCCCCCCCn1cnn(-c2ccc(S(=O)(=O)Nc3ccc(CCNC[C@H](O)c4cccnc4)cc3)cc2)c1=O,ZWLKZIOYRNEGOR-PMERELPUSA-N
CHEMBL1161924,Unknown,Anti-infective,179759565.7182119,0.9999962845217648,16.196256127607946,0.1420951,1.0,351.4030000000001,0.3999000000000006,591.4009804172716,25,1,0.1420951,1.6196256127607946,CC(=O)N[C@@H](CCCCNCc1cccc(OCC(=O)O)c1)C(N)=O,NETOXVSFTPVMAD-HNNXBMFYSA-N
CHEMBL1161220,Unknown,Anti-infective,182265316.04044646,0.9999969260969416,16.019381386831054,0.23345459999999996,1.0,328.19699999999995,0.8833999999999997,647.8316341869511,21,2,0.23345459999999996,1.6019381386831053,O=P(O)(O)c1ccc(Cc2ccc(P(=O)(O)O)cc2)cc1,QYMVOFZDTFZKID-UHFFFAOYSA-N
CHEMBL1160771,Unknown,Pain/Inflammation,247616163.30522722,0.9999972112336046,20.182508937622817,0.2933558177759999,1.0,388.3790000000001,2.864880000000001,1293.759108547175,29,3,0.2933558177759999,2.0182508937622816,C[C@@H](O)[C@H]1C(=O)N2C(C(=O)O)=C(c3cc(C#N)c4oc5ccccc5c4c3)C[C@H]12,YLVNMCCCLPZFNF-QOJFYFMMSA-N
CHEMBL260970,Unknown,CNS/Neurology,327149229.6033174,0.9999966855032902,28.862684864945145,0.3572948141279996,0.8,534.0350000000003,4.396800000000003,1485.8315054281577,38,4,0.2858358513023997,2.8862684864945143,O=C(CCCN1CCN(c2cccc(Cl)c2)CC1)NCc1nc2ccc(F)cc2c(=O)n1-c1ccccc1,DQSLXRAKKGKMEU-UHFFFAOYSA-N
CHEMBL1099299,Unknown,Pain/Inflammation,181796136.14856428,0.9999967704134111,14.47797878115909,0.5160213437999999,1.0,293.41700000000003,3.299500000000001,561.3407839290741,19,2,0.5160213437999999,1.4477978781159089,CCCCC(=O)NC(=S)Nc1nc2ccccc2s1,MXHOSESYUIGTMK-UHFFFAOYSA-N
CHEMBL1084425,Unknown,Pain/Inflammation,206984600.7224797,0.9999970473548314,15.992511087260798,0.5953777741799999,1.0,323.444,2.3251,715.1971285671987,24,2,0.5953777741799999,1.59925110872608,CN[C@@H]1CCN(c2nc(N)nc3c2CCCC3c2ccccc2)C1,AWTCYYOBPHDYEC-GICMACPYSA-N
CHEMBL1088145,Unknown,Pain/Inflammation,223337629.47627395,0.9999973665177724,17.311671593098882,0.5226104188799999,1.0,354.3660000000001,2.0144,892.5098735336477,26,2,0.5226104188799999,1.7311671593098883,COc1cccc(N/N=C2\C(=O)NN=C2c2ccc(OC)c(OC)c2)c1,SHLUZSIEQVFXNS-UHFFFAOYSA-N
CHEMBL1091561,Unknown,Pain/Inflammation,159874599.25778106,0.9999959231259644,13.39945612805503,0.52095789312,1.0,251.32599999999996,2.1626000000000003,390.6255357814508,18,1,0.52095789312,1.339945612805503,CCOc1ccc(OC)cc1CCCNC(C)=O,GTXCCVOUHCBPES-UHFFFAOYSA-N
CHEMBL1096781,Unknown,Pain/Inflammation,183285605.2100407,0.999995743709402,15.506833761473706,0.19939124906666653,1.0,362.5100000000001,4.031200000000003,590.9496677483216,26,0,0.19939124906666653,1.5506833761473706,C=C1CC[C@H](C(C)C)[C@@H]2[C@H]1[C@H]1CC(=C)[C@@H](OC(C)=O)CC[C@@](C)(O)[C@@H]2O1,CDRWIAOABOJFQY-CZIVXSDSSA-N
CHEMBL606709,Unknown,Other,255093966.39284614,0.9999964257497097,20.815424683822265,0.2694882410733333,1.0,452.5070000000003,1.2102999999999993,1130.1390501988365,33,1,0.2694882410733333,2.0815424683822266,COC(=O)/C=C/C(=O)N[C@H]1C[C@@]23C=C[C@]1(OC)[C@@H]1Oc4c(O)ccc5c4C12CCN(C)[C@@H]3C5,WJWYCYGMXCHSSR-YFBNHLGJSA-N
CHEMBL406648,Unknown,CNS/Neurology,282923105.02412045,0.9999972634143498,25.465204484487014,0.3388635104999995,1.0,449.93100000000027,4.951100000000004,1264.769805703463,30,3,0.3388635104999995,2.5465204484487014,CC(c1ccc(Cl)cc1)c1c2n(c3cc(F)cc(S(C)(=O)=O)c13)CCC2CC(=O)O,UVIUTKCWXFOQKN-UHFFFAOYSA-N
CHEMBL611115,Unknown,Other,194179675.23951268,0.9999971245135325,17.237894209973202,0.18508559999999993,1.0,349.3910000000001,0.1823999999999988,758.0630735957122,25,2,0.18508559999999993,1.7237894209973201,C[C@@]1(O)[C@@H](CO)OC(n2cnc3c(NC4CCCC4)ncnc32)[C@@H]1O,BSUJYKOQGOFUAN-HVDRINOTSA-N
CHEMBL4116115,Unknown,CNS/Neurology,250992452.50795463,0.9999974911531999,25.437451453885636,0.1,0.8,360.38700000000006,5.320600000000003,1338.2482222947033,27,5,0.08000000000000002,2.5437451453885638,C[n+]1c2ccccc2c(Nc2ccc(F)cc2F)c2[nH]c3ccccc3c21,AEDRLFWZWQYSSC-UHFFFAOYSA-O
CHEMBL608409,Unknown,Pain/Inflammation,176419441.01914993,0.9999968575288922,15.123433294584474,0.34139642399999953,1.0,296.37,4.588800000000004,609.7382734399439,22,2,0.34139642399999953,1.5123433294584474,COc1ccc(/N=C(C)\C(C)=N\c2ccc(OC)cc2)cc1,LMEYMDPIGMZWSV-LRVMPXQBSA-N
CHEMBL1094634,Unknown,Other,227833412.10721442,0.999996234443124,18.61326683665527,0.24339657599999956,1.0,434.64200000000017,4.508400000000005,863.5795133315803,30,0,0.24339657599999956,1.8613266836655271,C=C1/C(=C\C=C2/CCC[C@]3(C)C([C@H](C)CCCS(C)(=O)=O)=CC[C@@H]23)C[C@@H](O)C[C@@H]1O,WZXBCMVUGHHMMF-JSCZLARVSA-N
CHEMBL1088591,Unknown,CNS/Neurology,275793250.59318817,0.999996999206976,26.814796204938027,0.1793370599999998,1.0,408.41700000000014,4.653380000000003,1411.5516800175603,31,3,0.1793370599999998,2.6814796204938025,CC1=C(C#N)c2nc(N)c(C#N)c(C)c2/C1=C/c1ccc(-c2ccccc2C(=O)O)o1,YAMTZUZWURNHAX-RQZCQDPDSA-N
CHEMBL612143,Unknown,Other,204115160.52721554,0.9999978974024978,18.203463549444308,0.18896543265599994,1.0,342.3550000000001,0.4132199999999991,912.5541679110896,25,3,0.18896543265599994,1.8203463549444308,Cc1ccccc1-c1ncnc2c1ncn2C1O[C@H](CO)[C@@H](O)[C@H]1O,QBLGNGUSNFIKPR-DMUYAFOSSA-N
CHEMBL1078513,Unknown,CNS/Neurology,242350132.02454078,0.9999969135455987,23.494205445770877,0.2032128,0.8,386.9260000000001,6.942880000000006,1059.1413340847494,28,3,0.16257024,2.3494205445770877,CC(C)c1ccc(-c2cc(-c3ccc4c(c3)CCCC4)nc(Cl)c2C#N)cc1,SZEYNHBVJGPALN-UHFFFAOYSA-N
CHEMBL1213309,Unknown,Pain/Inflammation,156639424.7128341,0.9999968104662106,14.60375569722366,0.24968358863999987,1.0,249.357,3.4884000000000013,583.5923391815412,19,2,0.24968358863999987,1.460375569722366,CC1C2c3ccccc3C(c3ccccc32)C1CN,JSVCWJJGZXDXLC-UHFFFAOYSA-N
CHEMBL1075761,Unknown,CNS/Neurology,341263516.10834944,0.9999965718833592,30.875897097408448,0.13318598999999992,0.8,609.6790000000001,3.769300000000002,1548.953689357293,45,4,0.10654879199999995,3.0875897097408447,O=C(N[C@@H](Cc1ccccc1)C(=O)N[C@@H](Cc1ccccc1)C(=O)N[C@@H](Cc1ccc(O)cc1)C(=O)O)OCc1ccccc1,ZPMHCFVOZAPTDP-CHQNGUEUSA-N
CHEMBL1092426,Unknown,Other,355180639.7350895,0.9999944227260412,26.926267826024066,0.1023035999999999,0.8,744.0119999999997,3.910400000000004,1542.9299771084295,52,0,0.08184287999999992,2.6926267826024066,CC1([C@H](NC(=O)NC2([C@H]3CCCS3(=O)=O)CCCCC2)C(=O)N2C[C@@H]3[C@H]([C@H]2C(=O)N[C@@H](CCC2CC2)C(=O)C(=O)NC2CC2)C3(C)C)CCCCC1,NFVARQXRHCXXTB-IPUCTRETSA-N
CHEMBL1092443,Unknown,CNS/Neurology,319710506.71806604,0.99999711,29.512421536263222,0.19345759999999992,1.0,489.4870000000002,3.895200000000001,1698.298438128223,33,4,0.19345759999999992,2.951242153626322,Nc1ccc2c(O)c(/N=N/c3ccc4c(O)cc(S(=O)(=O)O)cc4c3)c(S(=O)(=O)O)cc2c1,ZSHNSNDVNDUHIM-GHVJWSGMSA-N
CHEMBL1089317,Unknown,CNS/Neurology,251725248.78988627,0.9999970640516656,22.85204622727596,0.35191935,0.8,415.94600000000014,5.659200000000004,975.5268525098904,28,3,0.28153548,2.285204622727596,CC(C)CCNc1cc(Cl)nc(SC(C(=O)O)c2cccc3ccccc23)n1,COUZGLSEBNURHL-UHFFFAOYSA-N
CHEMBL1088309,Unknown,CNS/Neurology,254081850.90309033,0.9999970747702364,23.875359611112323,0.19760625,0.8,452.64200000000034,6.236500000000007,969.5720909343678,34,3,0.15808500000000003,2.387535961111232,O=C(CCCCC(c1ccccc1)c1ccccc1)N1CCN(C/C=C/c2ccccc2)CC1,YBINNPIWNMGBFX-NTCAYCPXSA-N
CHEMBL1160322,Unknown,Other,238582993.55654737,0.9999973652172321,18.90338221733427,0.2918189739599994,1.0,453.859,4.700600000000006,908.2126488206566,30,2,0.2918189739599994,1.8903382217334268,O=C(NCc1ccc(OCC2CCCCC2)c(Cl)c1)c1ccc(OP(=O)(O)O)cc1,YNRQCFBHWAZNDB-UHFFFAOYSA-N
CHEMBL532645,Unknown,CNS/Neurology,260769727.79502812,0.9999970386739703,23.677834531193653,0.20522565,0.8,478.5080000000001,7.564500000000009,989.6255721204102,32,3,0.16418052000000002,2.3677834531193653,CCCN(CCC)CCCCC(C)Nc1c2ccc(Cl)cc2nc2ccc(OC)cc12.Cl,PFAVEFCRPZTKSU-UHFFFAOYSA-N
CHEMBL1209204,Unknown,Pain/Inflammation,175468967.48842576,0.9999968757815478,14.684419763948164,0.5479856305439998,1.0,241.225,2.3446799999999994,619.8786376357117,18,2,0.5479856305439998,1.4684419763948164,N#Cc1cc(F)cc(C(=O)Nc2ccccn2)c1,QSQNDNOCUDDTAZ-UHFFFAOYSA-N
CHEMBL1098866,Unknown,Other,270835537.7413798,0.9999974635980841,21.444185016012536,0.3102171000000001,1.0,494.5960000000003,1.995900000000001,1153.5566200018438,36,3,0.3102171000000001,2.144418501601254,CC1(C)O[C@@H]2[C@H](O1)[C@H](CNCCNc1ncccn1)O[C@@H]2CC(=O)NCCc1c[nH]c2ccccc12,XPJUUVBYNXLXMZ-AWAHEQQVSA-N
CHEMBL1084510,Unknown,Immunology,306466367.02485204,0.9999961815236602,26.90947160465345,0.47019554341200004,0.8,514.6480000000005,2.2979000000000003,1165.8201887827593,36,2,0.37615643472960003,2.690947160465345,COc1ccc(N2CCN(c3ccc(S(=O)(=O)C4(C(=O)NO)CCN(C5CC5)CC4)cc3)CC2)cc1,HMVRHAWMVBUIKM-UHFFFAOYSA-N
CHEMBL1088782,Unknown,Other,223054639.28367937,0.9999972295742175,18.30679578551557,0.28255263875999986,1.0,418.465,1.4265999999999994,816.430120848549,30,2,0.28255263875999986,1.8306795785515568,O=C(COc1cccc(F)c1C(=O)NCCCCO)N[C@H](CO)Cc1ccccc1,REUDBRNTFFOXCJ-KRWDZBQOSA-N
CHEMBL1077878,Unknown,Pain/Inflammation,179267766.67028904,0.9999962988176414,15.063193462158486,0.1444809448133331,1.0,365.31100000000015,4.674700000000005,599.343134108453,22,1,0.1444809448133331,1.5063193462158486,COc1cc2c(cc1Br)CC[C@@H]1[C@@H]2CC[C@]2(C)[C@@H](O)CC[C@@H]12,SZPRQVJSLFYHPW-SSTWWWIQSA-N
CHEMBL1077021,Unknown,Pain/Inflammation,125324833.72762486,0.9999953039601078,12.930011218672155,0.14442586499999996,1.0,220.31199999999995,2.7879000000000014,346.6445042962167,16,0,0.14442586499999996,1.2930011218672155,C[C@H]1CC[C@H]2[C@@H](C=C[C@@H]3COC(=O)[C@@]32C)C1,ZSRQNNNSHRCNQE-HNRZYHPDSA-N
CHEMBL1091359,Unknown,CNS/Neurology,318881413.30288506,0.9999964252890274,28.374965270411636,0.2317911807959997,0.8,573.6980000000004,4.384600000000004,1330.3949847900983,42,3,0.18543294463679977,2.8374965270411634,CN(C)CCOc1ccc(NC(=O)Nc2ccc(-c3nc(C4CCOCC4)nc(N4C5CCC4COC5)n3)cc2)cc1,SZQLHKIRUFFCBS-UHFFFAOYSA-N
CHEMBL1092041,Unknown,CNS/Neurology,323721214.3822349,0.999996405955876,28.46647552059597,0.2953543499999999,0.8,573.7020000000002,3.448500000000002,1341.1356244830947,42,3,0.2362834799999999,2.846647552059597,C[C@@H]1COCCN1c1nc(-c2ccc(NC(=O)Nc3ccc(N4CCN(C)CC4)nc3)cc2)nc(C2CCOCC2)n1,DZZPVIOERIZDNA-OAQYLSRUSA-N
CHEMBL1161178,Unknown,Pain/Inflammation,218671095.45261282,0.999997909691044,17.047266804726494,0.59504000472,1.0,318.384,2.2741,894.2728021606952,24,3,0.59504000472,1.7047266804726493,C(=NNC1=NCCCN1)c1ccc2nc(-c3ccccc3)cn2c1,HXHFKPJUWGMHPG-UHFFFAOYSA-N
CHEMBL1075896,Unknown,Pain/Inflammation,170904098.6138471,0.9999975218996943,14.887615305853085,0.48543846119999995,1.0,222.251,2.274,678.8331634463493,17,3,0.48543846119999995,1.4887615305853086,Nc1nccc(-c2cnc3ccccc3c2)n1,LIRFQZJUPJPPCX-UHFFFAOYSA-N
CHEMBL1098309,Unknown,CNS/Neurology,283830015.0984292,0.9999977941156681,25.70169491601669,0.4547909363199996,1.0,417.51300000000015,3.400800000000002,1269.9357399512332,31,4,0.4547909363199996,2.570169491601669,CCN(CC)CC(=O)Nc1ccc2ncn(CCc3c[nH]c4ccccc34)c(=O)c2c1,PTYLWPUYSLRQAR-UHFFFAOYSA-N
CHEMBL1099322,Unknown,CNS/Neurology,275770588.4243561,0.9999967296406684,25.227259703599078,0.15340184999999998,0.8,495.3590000000005,6.051000000000003,1161.310739799383,33,3,0.12272148,2.522725970359908,COc1ccc2c(Nc3c(Cl)cncc3Cl)cc(=O)oc2c1OCCCCCCCC(=O)O,BPKJJWYSOQRMSH-UHFFFAOYSA-N
CHEMBL1096298,Unknown,Anti-infective,122766046.46277194,0.9999952504822958,13.322374000340119,0.12609749999999997,1.0,214.217,-0.7363,316.93460875480366,15,0,0.12609749999999997,1.3322374000340118,C[C@]12O[C@@H]3OC(=O)[C@H]1[C@H](C[C@@H]2O)[C@H]3CO,ATFJUGCMEQBNLH-DMJNSNJUSA-N
CHEMBL1096330,Unknown,CNS/Neurology,370307042.3596723,0.9999963900000001,33.031550328790104,0.15790949999999981,0.8,646.123,4.715000000000003,1770.724923377866,46,4,0.12632759999999985,3.3031550328790105,COc1cc(Cc2cnc(/N=C3\C(=O)N(CN4CCN(c5ccc(F)cc5)CC4)c4ccc(Cl)cc43)nc2N)cc(OC)c1OC,FLYPQZBUDJSMFZ-ZDNCSJAVSA-N
CHEMBL612215,Unknown,Other,234979193.7147931,0.9999977437425628,19.486485190120412,0.26905619999999997,1.0,415.4500000000001,0.5925999999999998,997.9207984800636,30,3,0.26905619999999997,1.9486485190120413,CC[C@H](COc1nc(N)c2ncn(C3O[C@H](CO)[C@@H](O)[C@H]3O)c2n1)c1ccccc1,USLJMXLGCOTUAZ-OTWPHILTSA-N
CHEMBL1161839,Unknown,Pain/Inflammation,189806024.25453395,0.9999961966551505,15.815878375212574,0.28117967399999994,0.8,352.48599999999993,3.642940000000001,642.5861946888177,26,2,0.22494373919999996,1.5815878375212573,N=C(N)Nc1ccc(CCCCCCc2ccc(NC(=N)N)cc2)cc1,CQYKPKIXCMJVAT-UHFFFAOYSA-N
CHEMBL1093690,Unknown,Anti-infective,193388372.39952964,0.999996358800137,16.059267130969374,0.17780093333333333,1.0,394.24700000000007,0.1276000000000005,632.6667427818645,22,1,0.17780093333333333,1.6059267130969375,CC(=O)NCC[C@@H](NS(=O)(=O)c1ccc(Br)cc1)C(=O)NO,XXZNXULRAJJTRV-LLVKDONJSA-N
CHEMBL1092134,Unknown,CNS/Neurology,236017698.76178885,0.9999974496129195,23.143625738389915,0.20989394999999997,0.8,362.8200000000001,5.527300000000003,1061.326155871682,26,4,0.16791515999999998,2.3143625738389915,O=C(Nc1ccccc1)Nc1n[nH]c2cc(Cl)c(-c3ccccc3)cc12,NZOKOFZKUJDFLL-UHFFFAOYSA-N
CHEMBL604773,Unknown,Cardiovascular,175355416.25901663,0.9999970144081305,17.799496478243547,0.1425,1.0,283.2440000000001,-2.6867,696.8934057944767,20,2,0.1425,1.7799496478243548,Nc1nn(C2O[C@H](CO)[C@@H](O)[C@H]2O)c2nc[nH]c(=O)c12,QEODASJMDIFTCX-RMXRYUSWSA-N
CHEMBL4116089,Unknown,Pain/Inflammation,197553854.506063,0.9999969880031463,16.053110461102662,0.3445243955999996,1.0,356.5580000000001,4.415600000000004,682.2239701090497,26,2,0.3445243955999996,1.6053110461102662,CN(C)CCCc1cn(Cc2cc(C(C)(C)C)cc(C(C)(C)C)c2)nn1,MVLYUKDAZJYROJ-UHFFFAOYSA-N
CHEMBL1093624,Unknown,Pain/Inflammation,201234050.7436567,0.9999972349674454,16.338575747836604,0.32022781373999987,1.0,344.766,3.915700000000002,819.4263585567909,22,2,0.32022781373999987,1.6338575747836603,O=S(=O)(c1ccc(Cl)cc1)C1CCOc2c(F)ccc(F)c21,QBQLGDHXUVCYJA-UHFFFAOYSA-N
CHEMBL1097899,Unknown,CNS/Neurology,349293622.7291185,0.9999965326068939,31.06573334630963,0.23282415424799974,0.8,609.779,4.382700000000003,1570.773947851682,45,4,0.1862593233983998,3.106573334630963,CN1CCC(NC(=O)Nc2ccc(-c3nc(N4CCOCC4)c4cnn(C5CCN(Cc6ccccc6)CC5)c4n3)cc2)CC1,AAHPRKDUIDQODH-UHFFFAOYSA-N
CHEMBL1097906,Unknown,Anti-infective,153315180.173599,0.9999955806732765,14.877225552821278,0.19125690099999998,1.0,264.3209999999999,1.5666999999999998,500.3740424909709,19,0,0.19125690099999998,1.4877225552821278,C=C1C(=O)O[C@@H]2C[C@]34O[C@H]3CC[C@H](C)[C@@]4(C)C[C@]12O,MTWJZPQSLLTADW-CVMXMQRSSA-N
CHEMBL1200681,Unknown,CNS/Neurology,347166056.3489182,0.9999965190459427,30.48718253805131,0.2332781734499996,0.8,608.1790000000002,4.617300000000005,1578.3078096304357,42,4,0.18662253875999968,3.048718253805131,CC(C)(O)c1ccccc1CC[C@@H](SCC1(CC(=O)[O-])CC1)c1cccc(/C=C/c2ccc3ccc(Cl)cc3n2)c1.[Na+],LBFBRXGCXUHRJY-HKHDRNBDSA-M
CHEMBL1088958,Unknown,CNS/Neurology,351856175.7532415,0.9999963900000001,31.75212672945287,0.1537237799999999,0.8,603.0310000000002,4.014200000000002,1700.714071031803,43,4,0.12297902399999992,3.1752126729452868,COc1ccc(C(=O)/C=C/c2ccc(OCc3cn(CC(O)CN4C(=O)C(=O)c5cc(Cl)ccc54)nn3)cc2)c(OC)c1,DQKAIRZJTZFHIO-LFYBBSHMSA-N
CHEMBL1088966,Unknown,CNS/Neurology,337235866.15242463,0.9999964530936387,30.582459898020637,0.16877951999999982,0.8,573.0050000000002,4.005600000000003,1614.9479784894374,41,4,0.13502361599999987,3.0582459898020637,COc1ccc(/C=C/C(=O)c2ccc(OCc3cn(CC(O)CN4C(=O)C(=O)c5cc(Cl)ccc54)nn3)cc2)cc1,NTTIXRBYZKLWBN-YIXHJXPBSA-N
CHEMBL1094936,Unknown,Cardiovascular,174521171.0061581,0.9999955705617911,16.877028064938365,0.10416666666666667,1.0,348.7870000000001,-1.7940999999999958,494.75655061912255,23,0,0.10416666666666667,1.6877028064938364,Cl.N[C@H](C(=O)N[C@H]1CCC(=O)N(CC(=O)O)C1=O)C1CCCN1,NQVADOJNTDAZOB-KLUZNBEGSA-N
CHEMBL1088204,Unknown,Anti-infective,176590184.05616295,0.999996847310672,15.103556609327345,0.49762902924,1.0,256.35200000000003,1.7554000000000003,604.0614843667837,16,2,0.49762902924,1.5103556609327344,CC(NS(N)(=O)=O)c1csc2ccccc12,HEBFRCMBRXEWNP-UHFFFAOYSA-N
CHEMBL1078223,Unknown,Pain/Inflammation,215943785.92076826,0.9999972392028378,17.156418474204617,0.366282,1.0,382.4200000000001,2.022,821.7793543099697,28,2,0.366282,1.7156418474204618,NC(=O)c1cccc(NC(=O)CCCCC(=O)Nc2cccc(C(N)=O)c2)c1,DYGRKKGUJBXSKW-UHFFFAOYSA-N
CHEMBL1086957,Unknown,Pain/Inflammation,203835657.07029703,0.9999971473941346,16.18825012843211,0.36751632839999954,1.0,356.2490000000001,4.763500000000003,770.7745192010455,23,2,0.36751632839999954,1.618825012843211,CCC(C)C1(CC(=O)O)OCCc2c1[nH]c1c(Cl)ccc(Cl)c21,UJPKDQKXBREQBZ-UHFFFAOYSA-N
CHEMBL1090397,Unknown,Pain/Inflammation,201874208.6777455,0.9999970464669378,15.989605701644047,0.42393628241999975,1.0,347.8210000000002,3.260900000000002,714.7038542689386,24,2,0.42393628241999975,1.5989605701644047,O=C(NCc1ccc(-c2ccc(Cl)cc2)cc1F)N1CCNCC1,OFDICSWOZIVFQA-UHFFFAOYSA-N
CHEMBL1080664,Unknown,CNS/Neurology,268988324.2762895,0.9999969606281959,24.3851940585913,0.3409182,0.8,456.5860000000002,6.078500000000006,1032.9843356456838,34,3,0.27273456,2.4385194058591297,COc1ccc(C2NC(c3ccc(OC)cc3)C3CCCC2C3=NOCc2ccccc2)cc1,CWGIEAIFCKLWGX-UHFFFAOYSA-N
CHEMBL163319,Unknown,Immunology,336392071.6318454,0.9999971630023425,28.582419005962404,0.1492344000000005,0.8,692.5840000000001,0.132000000000009,1220.5542541929472,42,4,0.1193875200000004,2.8582419005962403,[Br-].[Br-].c1cc(C[n+]2ccc(N3CCCCC3)cc2)ccc1CCc1ccc(C[n+]2ccc(N3CCCCC3)cc2)cc1,CZXMIQXSDFBRTL-UHFFFAOYSA-L
CHEMBL1096286,Unknown,CNS/Neurology,220286360.60217866,0.9999978685994517,21.61274224825117,0.3752361298199996,1.0,303.317,4.6441000000000034,928.5558601966356,23,3,0.3752361298199996,2.161274224825117,O=C(/C=C/c1cccc([N+](=O)[O-])c1)c1ccc2ccccc2c1,IXRSRSAIQNFEBQ-DHZHZOJOSA-N
CHEMBL1096337,Unknown,Pain/Inflammation,194399966.0818188,0.9999968907367776,14.855827574831563,0.675829331724,1.0,284.287,2.40762,628.1870985991269,19,2,0.675829331724,1.4855827574831564,Cc1csc(COc2ccc(F)c(C(N)=O)c2F)n1,MKNSFNOQWWXTDX-UHFFFAOYSA-N
CHEMBL1086694,Unknown,Other,235872163.53373292,0.9999971821854495,17.8566593758877,0.5938340039999999,1.0,402.8820000000003,3.046000000000001,790.1030274824531,28,2,0.5938340039999999,1.7856659375887698,O=C(Nc1ccc(Cl)cc1)Nc1ccc(C(=O)NCCN2CCOCC2)cc1,AOOCBUVEVHODAI-UHFFFAOYSA-N
CHEMBL1095378,Unknown,Anti-infective,215491349.96286017,0.9999973777092275,17.972109561100236,0.2950083,1.0,369.8300000000001,0.8908999999999998,898.7273485645543,24,2,0.2950083,1.7972109561100236,NC(=O)CCC(NS(=O)(=O)c1ccc(Cl)c2ccccc12)C(N)=O,BIBAVPZMJKTTFF-UHFFFAOYSA-N
CHEMBL611932,Unknown,Immunology,340615616.3588032,0.999995669133412,30.838677850600014,0.26653319999999997,0.8,592.6890000000004,3.208000000000001,1450.4814378293722,43,2,0.21322655999999998,3.0838677850600016,CC(C)(C)c1ccc(C(=O)N[C@@H]2CC[C@@]3(O)[C@H]4Cc5ccc(O)c6c5[C@@]3(CCN4CC3CC3)[C@H]2O6)cc1.O=C(O)C(=O)O,KQHULCCZMBRQPP-SWXPLBCQSA-N
CHEMBL611935,Unknown,Anti-infective,126765817.1268865,0.9999959404932844,13.681562067101805,0.1980080396,1.0,188.23,1.2155999999999998,400.2740468599653,14,1,0.1980080396,1.3681562067101805,O=C1CC2NCCc3cccc(c32)N1,SKYLMEGKRGVXTM-UHFFFAOYSA-N
CHEMBL1097293,Unknown,Anti-infective,149954675.3903545,0.9999960542297209,14.288073545055564,0.31313313938666665,1.0,234.28,1.2546,463.46095604406304,16,1,0.31313313938666665,1.4288073545055564,CNC1=C(SC)C(=O)c2ncccc2C1=O,WDACWBAHRVXGTB-UHFFFAOYSA-N
CHEMBL1096640,Unknown,Other,247892871.8878125,0.9999972158395509,19.14368159675721,0.4450317784799997,1.0,430.93800000000016,4.0561000000000025,991.2002494933142,28,2,0.4450317784799997,1.9143681596757212,O=C1NC(=S)S/C1=C\CC1Oc2ccccc2N(Cc2ccc(Cl)cc2)C1=O,UNRRDTILQNAVCH-YVLHZVERSA-N
CHEMBL1097356,Unknown,CNS/Neurology,331706801.1844159,0.9999963400935236,29.183551087082723,0.22914414387719967,0.8,606.7580000000002,4.711420000000004,1377.7258202642045,44,3,0.18331531510175975,2.918355108708272,CCCN(CCC)C(=O)c1cc(C)cc(C(=O)N[C@@H](Cc2cc(F)cc(F)c2)[C@H](O)[C@H]2CN(Cc3ccccc3)CCN2)c1,ZHZSBUKNHGZRTJ-DSPMFFIESA-N
CHEMBL1097360,Unknown,Pain/Inflammation,181919150.5334902,0.9999971357986811,16.150613219057387,0.19238576159999976,1.0,310.4410000000001,4.279400000000004,764.3326006088809,23,2,0.19238576159999976,1.6150613219057388,CC[C@]12CCCN3CCc4c(n(c5ccccc45)[C@H](OC)C1)[C@@H]32,BVWWUWXMEWKEMC-RLLQIKCJSA-N
CHEMBL1209184,Unknown,Pain/Inflammation,201385503.9348679,0.9999969818781661,15.651012880581742,0.5240970025199999,1.0,331.8470000000001,3.1294000000000004,678.8212033516032,23,2,0.5240970025199999,1.5651012880581743,Cl.Nc1ccncc1-c1ccccc1O[C@H]1C[C@@H]2CNC[C@H]1C2,ANWZUPZAOLLIMX-QLBUYTCSSA-N
CHEMBL1214513,Unknown,Metabolic,313767127.6353106,0.9999950457459109,26.653385260189207,0.1342574999999999,0.8,634.807,4.185000000000003,1196.8078273090505,45,0,0.10740599999999992,2.6653385260189206,CC[C@@H](C(=O)C[C@@H](C)C1=C(O)C(=O)[C@@H]2[C@@H]3CC[C@H]4C[C@@H](O[C@@H]5O[C@H](C(=O)O)[C@@H](O)[C@H](O)[C@H]5O)CC[C@]4(C)[C@H]3CC[C@]12C)C(C)C,NRXAOKUYKSNYAW-HDRDTERVSA-N
CHEMBL1083881,Unknown,Pain/Inflammation,191519063.91105556,0.9999970098071521,15.22974162611146,0.4293023603399999,1.0,318.12600000000003,2.955300000000001,694.3373066981798,19,2,0.4293023603399999,1.522974162611146,O=C1c2ccc(Br)cc2C(=O)N1c1ccc(O)cc1,PISTWGFIBBAFDE-UHFFFAOYSA-N
CHEMBL1091334,Unknown,Immunology,352958191.97874177,0.9999957995957174,30.613146561996658,0.3178601138159998,0.8,651.796,4.031800000000003,1378.0023792548036,45,2,0.25428809105279987,3.0613146561996656,CC(=O)N1CCc2c(c(-c3ccc(C(F)(F)F)c(SCC(=O)N4CCCC4)c3)nn2CC(O)CN2CCC(C(C)(C)O)CC2)C1,QMRXULKWYQUBRF-UHFFFAOYSA-N
CHEMBL1091340,Unknown,Immunology,381384694.7341822,0.9999954297437686,32.92318284748842,0.3046230179999998,0.8,696.8619999999997,4.078000000000003,1583.4756840803716,47,2,0.24369841439999984,3.292318284748842,CS(=O)(=O)N1CCc2c(c(-c3ccc(C(F)(F)F)c(SCC(=O)N4CCCC4)c3)nn2CCCN2CCC(N3CCCC3=O)CC2)C1,PXBISOJLYDVHAZ-UHFFFAOYSA-N
CHEMBL1164952,Unknown,Pain/Inflammation,198320850.311313,0.9999965809375132,16.23328997363801,0.39467347037999984,1.0,327.38000000000005,2.9937000000000014,756.0763962033968,24,1,0.39467347037999984,1.6233289973638008,COc1ccc(C2C=C(C(=O)O)NC3=C2C(=O)CC(C)(C)C3)cc1,PNIVEJQHRBNMFQ-UHFFFAOYSA-N
CHEMBL1086527,Unknown,CNS/Neurology,295225455.71901464,0.9999977183765254,26.827305635776508,0.34051889629333304,1.0,470.5770000000003,3.844400000000003,1312.0130414538896,35,4,0.34051889629333304,2.6827305635776506,Cn1cnc2c(NCCCO)nc(-c3cccc(C(=O)N4CCC(c5ccccc5)CC4)c3)nc21,MTPCDPYUJHQZCZ-UHFFFAOYSA-N
CHEMBL1095192,Unknown,CNS/Neurology,259331084.6054339,0.999997551775668,25.77563877218439,0.11472975,0.8,394.4380000000001,5.264000000000002,1304.5690733569727,30,5,0.09178380000000001,2.577563877218439,O=C(Nc1ccccc1)Nc1ccc(-c2n[nH]cc2-c2ccnc3[nH]ccc23)cc1,JAYJZBXLNHGEKI-UHFFFAOYSA-N
CHEMBL1159483,Unknown,Metabolic,247042272.9685688,0.9999965802509435,22.00312973303593,0.19246653,0.8,478.5380000000002,0.5992999999999997,855.6949685964865,34,2,0.15397322400000002,2.200312973303593,OC[C@H]1O[C@@H](O[C@@H](CCc2ccc(O)cc2)C[C@@H](O)CCc2ccc(O)cc2)[C@H](O)[C@H](O)[C@H]1O,WRUJLWFLDOUUHV-RZHUWFTBSA-N
CHEMBL606771,Unknown,Anti-infective,172696658.84386158,0.9999964295983957,16.165594607670723,0.21003632439999997,1.0,285.343,1.0396,671.9991087059051,21,1,0.21003632439999997,1.6165594607670724,CN1CC[C@]23c4c5cccc4O[C@H]2C(=O)CC[C@@]3(O)[C@H]1C5,FZMIRDYCNXDMGZ-BSWAZPDLSA-N
CHEMBL611973,Unknown,Pain/Inflammation,191607212.35754004,0.9999972925408118,16.930256150010518,0.14635319999999974,1.0,333.47500000000014,4.932400000000005,851.4115621070343,25,2,0.14635319999999974,1.6930256150010519,CCCN1CCc2cccc3c2[C@H]1Cc1ccc2c(c1-3)OC(C)(C)C2,CGBZFQGLUFWQAF-LJQANCHMSA-N
CHEMBL609427,Unknown,CNS/Neurology,236723765.63239354,0.9999981194265414,22.798351180589055,0.2736570362399998,1.0,348.189,3.911300000000002,1089.207477044588,23,4,0.2736570362399998,2.2798351180589056,C[n+]1c2ccc(Cl)cc2cc2[n-]c3c([N+](=O)[O-])cccc3c21.Cl,XUBASELICLQTKP-UHFFFAOYSA-N
CHEMBL609688,Unknown,CNS/Neurology,246588507.32578012,0.9999981158265414,22.813111180589058,0.26533759391999984,1.0,392.63999999999993,4.020400000000002,1091.207477044588,23,4,0.26533759391999984,2.281311118058906,C[n+]1c2ccccc2cc2[n-]c3cc([N+](=O)[O-])c(Br)cc3c21.Cl,DDTJJPQSSJQQBU-UHFFFAOYSA-N
CHEMBL1076741,Unknown,CNS/Neurology,275584902.5123503,0.9999977983487084,25.487155597341808,0.25677436516666646,1.0,439.30600000000015,4.758100000000002,1267.5840509412571,30,4,0.25677436516666646,2.548715559734181,O=C(NC1CC1)c1ccc(Cl)c(Nc2nncc3c2cnn3-c2ccccc2Cl)c1,UPQPUHQJXSUQIV-UHFFFAOYSA-N
CHEMBL548124,Unknown,CNS/Neurology,266079875.54775208,0.9999972677438257,24.666443422183193,0.2872044,0.8,425.8910000000001,5.766900000000004,1162.3645413055372,30,4,0.22976352000000003,2.466644342218319,COCCNCc1ccc(-c2ccc3c(Nc4ccc(Cl)cc4F)ccnc3c2)o1,WWBHQURSNYIFFB-UHFFFAOYSA-N
CHEMBL1078741,Unknown,Pain/Inflammation,166450923.27737877,0.999996056121419,14.047717826444261,0.2924740060666665,1.0,315.2440000000001,3.453500000000002,464.5118993761863,20,1,0.2924740060666665,1.4047717826444261,CC(C)CN(C(=O)c1cc(Cl)cc(Cl)c1)[C@H]1CCNC1,IECZTWNGAWLQAQ-AWEZNQCLSA-N
CHEMBL1078396,Unknown,Anti-infective,182197214.66732302,0.9999972109699745,16.976871303157818,0.188307,1.0,290.27900000000005,-0.0636999999999999,806.09443027402,21,2,0.188307,1.697687130315782,COc1ccc2[nH]n(CC3(C)NC(=O)NC3=O)c(=O)c2c1,PIEMRKVLYXWKFP-UHFFFAOYSA-N
CHEMBL1086530,Unknown,Metabolic,287757598.9874907,0.9999976519361118,24.840646606256463,0.29281552570666664,1.0,475.3280000000001,1.9583999999999997,1348.9243823736383,29,4,0.29281552570666664,2.4840646606256462,Cn1c(=O)c2c(ncn2CC(=O)Nc2nc(-c3ccc(Br)cc3)cs2)n(C)c1=O,PJTIUFKDAKIUEV-UHFFFAOYSA-N
CHEMBL1086372,Unknown,CNS/Neurology,244339938.33749673,0.9999974406538029,23.54921044125092,0.27931785,0.8,372.5160000000001,5.727900000000005,1066.3034428712135,28,4,0.22345428,2.354921044125092,CCCCCCCc1nc2c(N)nc3ccccc3c2n1Cc1ccccc1,HTAZDMCWIPXKAA-UHFFFAOYSA-N
CHEMBL154170,Unknown,Pain/Inflammation,185067333.17917067,0.9999969009820711,15.013109891593986,0.5783207016359999,1.0,266.348,2.47062,633.878928349822,20,2,0.5783207016359999,1.5013109891593985,Cc1cccnc1-c1ccccc1NCC1=NCCN1,RPXGGOSHABXVKK-UHFFFAOYSA-N
CHEMBL1092064,Unknown,Pain/Inflammation,200467366.1436655,0.9999977686111056,16.18435684936598,0.4750839134999998,1.0,302.76500000000004,2.827500000000001,815.8950586108705,21,3,0.4750839134999998,1.618435684936598,CN[C@@H]1CCN(c2ncnc3c2oc2cc(Cl)ccc23)C1,CWIMPSCSFQAHOE-SNVBAGLBSA-N
CHEMBL1094324,Unknown,Anti-infective,114247065.52760085,0.9999957369973348,12.808436152380944,0.13639149999999997,1.0,189.196,-0.8019000000000001,287.2207414965969,12,1,0.13639149999999997,1.2808436152380944,NC(Cc1nsnc1O)C(=O)O,SEVVPWOEIHLQGH-UHFFFAOYSA-N
CHEMBL1094354,Unknown,Immunology,378655313.4945915,0.9999954178471135,33.43266597528759,0.26953991999999977,0.8,684.7910000000003,4.057600000000003,1590.0849369436337,49,2,0.21563193599999983,3.343266597528759,CC(C)(C)OC(=O)/N=C(/NC(=O)OC(C)(C)C)N1CCN(C[C@@H]2O[C@H](CC(=O)NCCc3c[nH]c4ccccc34)[C@@H]3OC(C)(C)O[C@@H]32)C1=O,VWLDGCPGJRGTIV-CFBHAYGYSA-N
CHEMBL1161558,Unknown,Anti-infective,181319688.89194867,0.9999962158848291,15.830269966781419,0.20098093400000003,1.0,356.444,0.6830999999999996,553.2693494808738,24,1,0.20098093400000003,1.5830269966781418,COc1cc(CC(=O)NCCOC(=O)[C@@H](N)CCSC)ccc1O,DWSRIDOONJGVLA-LBPRGKRZSA-N
CHEMBL160417,Unknown,CNS/Neurology,404760052.7876218,0.99999585,34.74517458177897,0.20722715999999974,0.8,735.1810000000002,3.845200000000004,1860.574953530996,50,3,0.1657817279999998,3.474517458177897,CC(NC(=O)CN(C(=O)[C@@H](NC(=O)c1ccc(C(=O)NS(=O)(=O)c2ccc(Cl)cc2)cc1)C(C)C)C1Cc2ccccc2C1)C(=O)C(F)(F)F,KCYYUBDDVODPFF-PRTIIRGTSA-N
CHEMBL1076217,Unknown,CNS/Neurology,347344231.70864767,0.9999962972552091,29.593266489571246,0.4253204729159994,0.8,609.7709999999998,4.049400000000005,1401.524883858764,45,3,0.34025637833279954,2.9593266489571244,COCC(=O)N1CCC(C(=O)N2CCC(N3CCN(C(=O)c4cc(-c5ccccc5)nc(-c5ccccc5)c4)CC3)CC2)CC1,GYBGOEDLUVVYCY-UHFFFAOYSA-N
CHEMBL1095900,Unknown,CNS/Neurology,295970165.2724246,0.9999968752011841,27.178768044670225,0.21457274999999998,0.8,487.3860000000002,7.949500000000004,1380.4437866505252,34,4,0.17165819999999998,2.7178768044670223,Oc1ccc(C2=Nc3ccccc3OC(c3ccccc3Cl)/C2=C/Nc2ccc(Cl)cc2)cc1,SOADPLQSUQBMGM-HAVVHWLPSA-N
CHEMBL1093296,Unknown,Pain/Inflammation,220844135.94144577,0.9999966106293727,18.4067630076515,0.19122997700799976,1.0,386.2510000000001,4.385140000000003,1027.4281262584698,28,1,0.19122997700799976,1.8406763007651499,COC(=O)C1=CCCCC1C1=C(C)C2=Cc3c(C)cc(C)n3[B-](F)(F)[N+]2=C1C,GGATZAVACGXIRQ-UHFFFAOYSA-N
CHEMBL1093989,Unknown,Pain/Inflammation,184564673.66349822,0.999996900063562,15.510541322324922,0.3338412006599996,1.0,322.404,4.779700000000004,633.3686455560139,24,2,0.3338412006599996,1.5510541322324922,CCOc1ccc(/C=C/C(=O)/C=C/c2ccc(OCC)cc2)cc1,HNLBEOUOQMIQHF-YDWXAUTNSA-N
CHEMBL1092099,Unknown,Immunology,320779285.7782256,0.9999967250558817,29.875773900438034,0.28002307199999993,0.8,515.5780000000002,2.9019200000000005,1463.8578435290476,38,4,0.22401845759999994,2.9875773900438034,Cc1cc2c(NCCCN3CCN(C(=O)c4cnccn4)CC3)nnc(-c3cccc([N+](=O)[O-])c3)c2n1C,UMUUWNFRPISCHD-UHFFFAOYSA-N
CHEMBL1088217,Unknown,Other,280586883.14514583,0.9999971993779414,19.95229816105553,0.7599479580000001,1.0,472.61100000000033,2.6820000000000004,1000.3455881286512,33,2,0.7599479580000001,1.995229816105553,CCOC(=O)c1c(NC(=O)CN2CCN(c3ccccc3OC)CC2)sc2c1CCN(C)C2,OHSCGXOTSRTSAK-UHFFFAOYSA-N
CHEMBL1077270,Unknown,CNS/Neurology,215048551.83643636,0.9999977728534871,20.798699297036297,0.4132096469999994,1.0,307.397,4.530900000000004,818.2519372677914,23,3,0.4132096469999994,2.0798699297036296,CCCC(=O)Nc1n[nH]c2cc(-c3ccc(CC)cc3)ccc12,QRQNNGSYNOKPBH-UHFFFAOYSA-N
CHEMBL1165220,Unknown,Other,264069808.6304086,0.9999958802206722,20.929154090180912,0.20287546334999956,0.8,528.7090000000003,4.6535000000000055,1033.210737707379,38,1,0.16230037067999967,2.092915409018091,C[C@H](CCC(=O)N/N=C/c1ccc(F)cc1)[C@H]1CC[C@H]2[C@@H]3[C@H](O)C[C@@H]4C[C@H](O)CC[C@]4(C)[C@H]3C[C@H](O)[C@]12C,PWRKYJDJAHYPKB-PETHVLMXSA-N
CHEMBL612001,Unknown,Anti-infective,159205477.853374,0.9999968421741982,15.347126538407451,0.25084401312,1.0,244.29800000000003,0.0996999999999999,601.2078878656698,18,2,0.25084401312,1.5347126538407452,O=c1cc(CN2CCNCC2)nc2ccccn12,RQXHRIPUYWEVNQ-UHFFFAOYSA-N
CHEMBL1091345,Unknown,CNS/Neurology,317447887.9160769,0.9999964348689377,28.130115993055362,0.2867955080039997,0.8,557.7030000000003,4.122300000000004,1325.0728124178916,41,3,0.2294364064031998,2.8130115993055362,CC(C)Nc1nc(-c2ccc(NC(=O)Nc3ccc(N4CCN(C)CC4)cc3)cc2)nc(N2C3CCC2COC3)n1,ZQNIPFMWTKDZHF-UHFFFAOYSA-N
CHEMBL1077248,Unknown,CNS/Neurology,229331510.22406676,0.9999979141872218,21.774219909016928,0.4052898539999996,1.0,337.3500000000001,4.306000000000003,903.2293212022572,25,3,0.4052898539999996,2.177421990901693,Oc1ccc(/N=C(/Cc2ccc(F)cc2)c2ccc(O)c(O)c2)cc1,VNODVEUMLOSDSX-PYCFMQQDSA-N
CHEMBL1076614,Unknown,CNS/Neurology,276673517.59660435,0.9999977976510267,25.098022286322763,0.38368056299999975,1.0,415.9060000000001,3.6099000000000014,1267.9716518649432,28,4,0.38368056299999975,2.5098022286322763,CCN(CC)c1nc2c(S(=O)(=O)c3ccccc3)nnn2c2cccc(Cl)c12,HJWBGQMLRPSPCX-UHFFFAOYSA-N
CHEMBL3347288,Unknown,CNS/Neurology,265446264.6634781,0.9999976530583715,23.228052894082232,0.37780253279999965,1.0,446.6880000000001,4.471280000000003,1048.3009047352004,27,3,0.37780253279999965,2.3228052894082234,N#Cc1cc(Cl)cc(Oc2c(CCOc3cccnc3)c[nH]c(=O)c2Br)c1,ZEMGQXMMRIHYBT-UHFFFAOYSA-N
CHEMBL1077261,Unknown,Metabolic,357495467.0334721,0.9999947476535553,29.194165559130923,0.12187739999999986,0.8,751.0289999999999,3.2236000000000047,1362.4146915209817,51,0,0.0975019199999999,2.9194165559130925,C=CCNC(=O)C(=O)C(CCC)NC(=O)[C@@H]1CC2(CN1C(=O)[C@@H](NC(=O)N[C@@H](CN1C(=O)CC(C)(C)CC1=O)C(C)(C)C)C(C)(C)C)SCCS2,PDUIAVOGYZSUGW-PILZJMABSA-N
CHEMBL1077272,Unknown,Anti-infective,145906709.70674896,0.9999959521985621,13.95930647766985,0.3687836902399999,1.0,219.24,1.6627199999999998,406.77697890859474,16,1,0.3687836902399999,1.395930647766985,COC(=O)/C=C\C(=O)Nc1ccc(C)cc1,HMLIQUWSWQTYPI-FPLPWBNLSA-N
CHEMBL1076637,Unknown,Anti-infective,118990749.2202124,0.999995749619496,12.962416751033702,0.22721845859999998,1.0,181.191,0.3466,294.23305328030176,13,1,0.22721845859999998,1.2962416751033703,N[C@H](Cc1ccc(O)cc1)C(=O)O,OUYCCCASQSFEME-MRVPVSSYSA-N
CHEMBL1214515,Unknown,Metabolic,304388101.62128764,0.9999951326908877,25.88858287595115,0.17187284999999997,0.8,606.753,3.548900000000001,1148.505062444652,43,0,0.13749827999999997,2.588858287595115,CC(C)CC(=O)C[C@@H](C)C1=C(O)C(=O)[C@@H]2[C@@H]3CC[C@H]4C[C@@H](O[C@@H]5O[C@H](C(=O)O)[C@@H](O)[C@H](O)[C@H]5O)CC[C@]4(C)[C@H]3CC[C@]12C,CFFDFUDCYHFINU-HSSSCCAZSA-N
CHEMBL609497,Unknown,Other,244741233.7630341,0.999997665280648,19.465668807116504,0.3483686545200001,1.0,427.2880000000001,2.323100000000001,1041.5107511119534,28,3,0.3483686545200001,1.9465668807116505,CC(C)Nc1nc2cc3cc(Cl)c(Cl)cc3nc2n1C1O[C@H](CO)[C@@H](O)[C@H]1O,MQDATEGLBLQFRP-BOEXNKMNSA-N
CHEMBL1095821,Unknown,Pain/Inflammation,219042374.97223356,0.9999972403072144,16.623894162552034,0.5875349990999998,1.0,344.4840000000001,3.052010000000002,822.3928968679173,24,2,0.5875349990999998,1.6623894162552033,CCCN1CNc2c(c(=O)[nH]c(=S)n2CCc2ccc(C)cc2)C1,IRLSRHULGMDHPH-UHFFFAOYSA-N
CHEMBL1088207,Unknown,Other,203643435.4114763,0.9999952985642462,17.559339541979103,0.1400085,0.8,400.62800000000016,6.670700000000006,743.6468034342346,28,0,0.11200680000000002,1.7559339541979102,CCCCSC1=CC(=O)C(C[C@]2(C)[C@@H](C)CC[C@]3(C)C(C)=CCC[C@@H]23)=CC1=O,GUALCSGBYKIGMP-CMRTURKBSA-N
CHEMBL1095336,Unknown,CNS/Neurology,221403760.48013288,0.9999978178381046,20.98313622854532,0.4286105024999996,1.0,322.43300000000005,3.961420000000003,843.2433914018054,23,3,0.4286105024999996,2.098313622854532,Cc1cccc(CSc2nc(Cc3ccccc3)cc(=O)[nH]2)c1,CXVBLHMXRCDEGP-UHFFFAOYSA-N
CHEMBL1090111,Unknown,Cardiovascular,174259420.6253202,0.9999954496415199,16.556086202928057,0.10416666666666667,1.0,367.4200000000001,-2.214399999999998,427.5786221302138,24,0,0.10416666666666667,1.6556086202928058,CO[C@H]1OCC(S[C@H]2O[C@H](CO)[C@@H](O)[C@H](O)[C@H]2NC(C)=O)C[C@H]1O,VBXQITOZJXATPS-FCVNPXHESA-N
CHEMBL1213533,Unknown,Anti-infective,185728292.88002402,0.9999956939403866,16.27695636365775,0.12975750000000008,1.0,385.4610000000001,0.3835000000000015,563.3002147492522,27,0,0.12975750000000008,1.6276956363657749,CCOC(=O)[C@H]1O[C@@H]1C(=O)N(CC(C)C)NC(=O)[C@H](CC(C)C)NC(C)=O,LTADUMNYSBGUFU-KKUMJFAQSA-N
CHEMBL1091702,Unknown,CNS/Neurology,370936633.8948801,0.9999963900000001,33.68573842240054,0.15920225999999985,0.8,621.698,4.692200000000003,1845.4039294977788,46,4,0.12736180799999988,3.368573842240054,COC1CCN(C(=O)C2CCN(c3ccnc4c3c(/C=C3\Oc5ccc(NC(=O)Nc6cccnc6)cc5C3=O)cn4C)CC2)C1,QEZWCJGAMDEIKI-MWLSYYOVSA-N
CHEMBL1084477,Unknown,Pain/Inflammation,205399448.98764622,0.9999970187111487,15.770566603091202,0.5576666470199999,1.0,333.82300000000004,3.025300000000001,699.2839714319562,23,2,0.5576666470199999,1.5770566603091203,CC(C)C(=O)N1CCCCC1c1nnn(-c2cccc(Cl)c2)n1,MPRKVMRKGPBMQN-UHFFFAOYSA-N
CHEMBL609701,Unknown,Other,285417847.74862134,0.999995887416686,20.75010872310126,0.18708983756400008,0.8,629.5360000000003,1.5966000000000018,1029.2129522775556,37,1,0.14967187005120006,2.075010872310126,COC(=O)C1=C(C)NC(C)=C(C(=O)OCCCCCCCC[N+](C)(C)C)C1c1cccc([N+](=O)[O-])c1.[I-],XKIUNKMRICVREO-UHFFFAOYSA-N
CHEMBL610479,Unknown,CNS/Neurology,349850154.9264319,0.99999585,31.363163116461088,0.21369661639199966,0.8,588.6360000000001,4.777200000000004,1681.1224315095176,42,3,0.17095729311359975,3.136316311646109,CN1C/C(=C\c2ccc(F)cc2)C(=O)[C@]2(C1)[C@H](c1ccc(F)cc1)[C@@H]1CSCN1[C@@]21C(=O)Nc2ccc([N+](=O)[O-])cc21,WFUODJWSPXHZER-KMEUWFIYSA-N
CHEMBL610484,Unknown,Pain/Inflammation,221783635.65251237,0.9999977800564779,17.96325516514986,0.34983749999999997,1.0,365.3490000000001,2.1644999999999994,977.7464011852232,27,3,0.34983749999999997,1.796325516514986,CC(=O)Nc1ccc(/C=N/NC(=O)c2nc(-c3ccc(O)cc3)no2)cc1,XYINERKDHZSLPE-VXLYETTFSA-N
CHEMBL3347290,Unknown,CNS/Neurology,264705427.3423911,0.9999976530583715,23.228052894082232,0.36591481079999966,1.0,446.6880000000001,4.566580000000003,1048.3009047352004,27,3,0.36591481079999966,2.3228052894082234,N#Cc1cc(Cl)cc(Oc2c(COCc3ccncc3)c[nH]c(=O)c2Br)c1,SRCLNNQHLDDRMC-UHFFFAOYSA-N
CHEMBL1093640,Unknown,Other,320495396.834815,0.9999952642249427,24.64064328835325,0.2089554599999999,0.8,637.8220000000002,3.1738000000000017,1375.430587445651,46,1,0.16716436799999992,2.464064328835325,CC(C)(C)[C@H](NC(=O)NC1(Cc2ccccc2O)CCCCC1)C(=O)N1C[C@H]2[C@@H]([C@H]1C(=O)NC(CC1CC1)C(=O)C(N)=O)C2(C)C,RCPBYNLDEINXKA-LIFJXQIBSA-N
CHEMBL1163158,Unknown,Metabolic,267482829.97410703,0.9999954881025492,23.24692898243173,0.20322765000000004,0.8,523.5830000000004,2.828099999999999,951.0541393121836,37,0,0.16258212000000005,2.324692898243173,C[C@]12CC/C(=N\OCCN)C[C@@H]1[C@@H](O[N+](=O)[O-])C[C@@H]1[C@@H]2CC[C@]2(C)C(=O)CC[C@@H]12.O=C(O)/C=C/C(=O)O,ALFLWYDYMGRQRZ-NLJWCQFRSA-N
CHEMBL1093521,Unknown,Anti-infective,221969932.51573262,0.9999977792367897,18.315940968701153,0.4553260430399999,1.0,331.759,1.7365999999999997,978.2017835286426,23,3,0.4553260430399999,1.8315940968701152,O=c1[nH]c2cc(NCCO)ccc2c(=O)n1-c1cccc(Cl)c1,VPLYHFYREVBJOL-UHFFFAOYSA-N
CHEMBL1165401,Unknown,Anti-infective,181710279.02062866,0.9999958096368947,16.422350328786493,0.13439168213333333,1.0,350.455,1.0391999999999997,627.5760526058391,25,0,0.13439168213333333,1.6422350328786492,C=C1C(=O)[C@@]23[C@H](O)C[C@@H]4C(C)(C)CCC[C@@]4(CO)[C@@H]2[C@@H](O)C[C@@H]1[C@H]3O,BCIUAQVTZYTSHZ-XUHSIGFGSA-N
CHEMBL1165404,Unknown,CNS/Neurology,251022216.76820406,0.9999974255431987,23.7981642459243,0.25790625,0.8,401.491,6.554820000000004,1074.6982229876355,29,4,0.206325,2.37981642459243,Cc1ccc(NC(=O)Nc2ccc(Oc3ccc(-c4nccs4)cc3)cc2)cc1,PXDFVKOGGDGWAF-UHFFFAOYSA-N
CHEMBL1165423,Unknown,Pain/Inflammation,247941683.63073814,0.9999970713412165,18.820475942437593,0.5505059429999999,1.0,390.4430000000001,2.2917999999999994,1071.4771019889993,29,2,0.5505059429999999,1.8820475942437593,CN(C)CCN(C)C(=O)c1ccc2c(c1)/C(=C1/Nc3ccccc3C1=O)C(=O)N2,GRTHWVPIRDIHOY-HNENSFHCSA-N
CHEMBL1091275,Unknown,Pain/Inflammation,171829957.45257923,0.99999678693547,14.52986263564373,0.478863012816,1.0,257.337,2.5628200000000003,570.5197055539547,19,2,0.478863012816,1.4529862635643729,Cc1cccc(-c2nn(O)cc2C2CCNCC2)c1,SMALKIPNDRHPDW-UHFFFAOYSA-N
CHEMBL1165348,Unknown,Pain/Inflammation,222526561.5876965,0.999997135178973,16.41118064013989,0.5041693169399997,1.0,398.31500000000005,3.7511000000000023,763.9883183393499,25,2,0.5041693169399997,1.6411180640139889,N/C(=N\O)c1cccc(CSCCNC(=O)c2c(Cl)cccc2Cl)c1,RFISCLQSJROTKL-UHFFFAOYSA-N
CHEMBL4116104,Unknown,Pain/Inflammation,181109248.2443492,0.9999967685764556,14.958671078712323,0.3993914303999995,1.0,314.42900000000003,4.384000000000004,560.320253095819,23,2,0.3993914303999995,1.4958671078712322,CCCC(CCC)C(=O)OC(Cn1ccnc1)c1ccccc1,ICZRUDHFNIAWIX-UHFFFAOYSA-N
CHEMBL154997,Unknown,Pain/Inflammation,225628441.362179,0.9999983654300287,17.53069955798709,0.5164701173333333,1.0,349.41900000000004,2.7608000000000006,952.5388729241416,25,4,0.5164701173333333,1.753069955798709,[O-][S+](Cc1ccccc1-n1cccn1)c1nccn1-c1ccccn1,KYISGLTYEZIYJP-UHFFFAOYSA-N
CHEMBL2094221,Unknown,Pain/Inflammation,180477440.4284352,0.9999967825467939,14.516080973679053,0.616767593544,1.0,258.321,2.4587600000000007,568.0815521767456,19,2,0.616767593544,1.4516080973679053,Cc1ccccc1CNC(=O)Cc1c(C)noc1C,FBYSMDXDBCZLFV-UHFFFAOYSA-N
CHEMBL1085658,Unknown,Pain/Inflammation,235575671.14373523,0.9999973396735571,17.49058542271336,0.6064323211799999,1.0,375.4650000000002,2.754900000000001,922.4035794007286,26,2,0.6064323211799999,1.7490585422713358,O=S(=O)(c1cccc(F)c1)c1ccc2c(c1)CCC[C@H]2CN1CC(O)C1,FWFLTFAOXVWWON-HNNXBMFYSA-N
